id,insert_latency,update_latency,delete_latency
0,0.004348278045654297,0.0023529529571533203,0.004114866256713867
1,0.003314971923828125,0.002326488494873047,0.0035212039947509766
2,0.0027959346771240234,0.002572774887084961,0.003988742828369141
3,0.002824068069458008,0.0022377967834472656,0.003199338912963867
4,0.002597808837890625,0.002399921417236328,0.004357337951660156
5,0.0029535293579101562,0.002251863479614258,0.004338979721069336
6,0.0026433467864990234,0.0024328231811523438,0.0046007633209228516
7,0.0026824474334716797,0.0023043155670166016,0.005298137664794922
8,0.0025796890258789062,0.0022275447845458984,0.004578828811645508
9,0.002844572067260742,0.0020961761474609375,0.0030105113983154297
10,0.002660036087036133,0.002246856689453125,0.0030705928802490234
11,0.0030946731567382812,0.0022916793823242188,0.0030045509338378906
12,0.002724170684814453,0.0026559829711914062,0.0030362606048583984
13,0.003489255905151367,0.0024101734161376953,0.0029439926147460938
14,0.0024156570434570312,0.0023832321166992188,0.0037381649017333984
15,0.002698183059692383,0.0025184154510498047,0.0033690929412841797
16,0.002646923065185547,0.002401590347290039,0.0037500858306884766
17,0.002815723419189453,0.002421140670776367,0.0031850337982177734
18,0.002492189407348633,0.0021893978118896484,0.003573179244995117
19,0.0026628971099853516,0.002330303192138672,0.002985715866088867
20,0.002445697784423828,0.002123117446899414,0.0030257701873779297
21,0.0030608177185058594,0.002347707748413086,0.0033440589904785156
22,0.0023679733276367188,0.0025548934936523438,0.0032987594604492188
23,0.0024900436401367188,0.0024518966674804688,0.003189563751220703
24,0.0022859573364257812,0.002238750457763672,0.0031995773315429688
25,0.0027709007263183594,0.0024635791778564453,0.0039937496185302734
26,0.002475738525390625,0.0021615028381347656,0.003979921340942383
27,0.002471446990966797,0.0023293495178222656,0.0030608177185058594
28,0.002359151840209961,0.0023164749145507812,0.0033731460571289062
29,0.0023899078369140625,0.0023055076599121094,0.0031571388244628906
30,0.002209901809692383,0.0020003318786621094,0.002994060516357422
31,0.0027849674224853516,0.002197742462158203,0.0030503273010253906
32,0.0022554397583007812,0.002518892288208008,0.0029108524322509766
33,0.0025262832641601562,0.002399444580078125,0.002911090850830078
34,0.0023212432861328125,0.0023016929626464844,0.0028803348541259766
35,0.0026187896728515625,0.0024008750915527344,0.003875255584716797
36,0.002351045608520508,0.0022962093353271484,0.003053903579711914
37,0.0023932456970214844,0.0025169849395751953,0.003023386001586914
38,0.002263784408569336,0.0023758411407470703,0.0032868385314941406
39,0.002444744110107422,0.002410888671875,0.0035049915313720703
40,0.002422332763671875,0.0022296905517578125,0.0030984878540039062
41,0.0026824474334716797,0.0023529529571533203,0.0029861927032470703
42,0.0023651123046875,0.0023398399353027344,0.003902912139892578
43,0.0025200843811035156,0.002470731735229492,0.0039408206939697266
44,0.002267122268676758,0.002327442169189453,0.002910614013671875
45,0.002444028854370117,0.002476215362548828,0.0041866302490234375
46,0.002224445343017578,0.003325939178466797,0.0032875537872314453
47,0.0023932456970214844,0.004350423812866211,0.003294229507446289
48,0.0023179054260253906,0.0026366710662841797,0.0033283233642578125
49,0.0024552345275878906,0.002858400344848633,0.00455474853515625
50,0.002147674560546875,0.002518892288208008,0.003107786178588867
51,0.002576589584350586,0.0024449825286865234,0.003656148910522461
52,0.0022962093353271484,0.0024094581604003906,0.004302024841308594
53,0.002420663833618164,0.002277374267578125,0.0034377574920654297
54,0.0023527145385742188,0.002199411392211914,0.003670930862426758
55,0.002187013626098633,0.002568483352661133,0.003407716751098633
56,0.0025920867919921875,0.002275705337524414,0.003401517868041992
57,0.00229644775390625,0.0022897720336914062,0.0029082298278808594
58,0.0025174617767333984,0.002034425735473633,0.002809286117553711
59,0.0020296573638916016,0.002361774444580078,0.0042231082916259766
60,0.0022966861724853516,0.0021734237670898438,0.003448009490966797
61,0.0023398399353027344,0.002321004867553711,0.0031480789184570312
62,0.0026280879974365234,0.0023293495178222656,0.0033719539642333984
63,0.002345561981201172,0.0024383068084716797,0.0034017562866210938
64,0.002483367919921875,0.002241373062133789,0.003229856491088867
65,0.002404451370239258,0.0024144649505615234,0.0032584667205810547
66,0.002410411834716797,0.0022690296173095703,0.0054111480712890625
67,0.0022170543670654297,0.0023581981658935547,0.004855155944824219
68,0.0023479461669921875,0.0021944046020507812,0.003640413284301758
69,0.0022363662719726562,0.002444744110107422,0.00351715087890625
70,0.0023200511932373047,0.0023775100708007812,0.003442049026489258
71,0.0024652481079101562,0.0024976730346679688,0.0031206607818603516
72,0.002486705780029297,0.0025391578674316406,0.0042574405670166016
73,0.0022187232971191406,0.0024259090423583984,0.003571748733520508
74,0.0024819374084472656,0.002061605453491211,0.003495454788208008
75,0.002279520034790039,0.002286672592163086,0.003230571746826172
76,0.002245664596557617,0.002131938934326172,0.003006458282470703
77,0.0021042823791503906,0.002414226531982422,0.002983570098876953
78,0.0023221969604492188,0.0024046897888183594,0.0039196014404296875
79,0.002231597900390625,0.0022695064544677734,0.004000425338745117
80,0.002406597137451172,0.0022864341735839844,0.004455089569091797
81,0.0023162364959716797,0.0021915435791015625,0.005032777786254883
82,0.002353191375732422,0.0026268959045410156,0.004614830017089844
83,0.0023810863494873047,0.0023169517517089844,0.0040247440338134766
84,0.002401113510131836,0.002332925796508789,0.004404306411743164
85,0.0021927356719970703,0.0021469593048095703,0.005350351333618164
86,0.002350330352783203,0.002499818801879883,0.0034401416778564453
87,0.002170085906982422,0.0022733211517333984,0.003141641616821289
88,0.0023484230041503906,0.0024499893188476562,0.002924680709838867
89,0.002117633819580078,0.0022194385528564453,0.0032262802124023438
90,0.002459287643432617,0.0022559165954589844,0.0031173229217529297
91,0.0024373531341552734,0.0022270679473876953,0.0046880245208740234
92,0.0024983882904052734,0.002583742141723633,0.003911733627319336
93,0.002428770065307617,0.0022292137145996094,0.004579305648803711
94,0.002377033233642578,0.0022122859954833984,0.0032880306243896484
95,0.0020563602447509766,0.0022819042205810547,0.003670215606689453
96,0.002495288848876953,0.0023810863494873047,0.003602266311645508
97,0.0023505687713623047,0.0023064613342285156,0.0034859180450439453
98,0.0025587081909179688,0.002459287643432617,0.0035390853881835938
99,0.002283811569213867,0.0021822452545166016,0.003196239471435547
100,0.002347707748413086,0.0022847652435302734,0.0033941268920898438
101,0.0024580955505371094,0.0022499561309814453,0.003267049789428711
102,0.0024650096893310547,0.0023729801177978516,0.004268169403076172
103,0.002122640609741211,0.0019941329956054688,0.003307819366455078
104,0.0023729801177978516,0.0023353099822998047,0.0032660961151123047
105,0.0021457672119140625,0.0022125244140625,0.003168344497680664
106,0.0027604103088378906,0.0024259090423583984,0.002887725830078125
107,0.002421140670776367,0.00209808349609375,0.002764463424682617
108,0.0023512840270996094,0.0023610591888427734,0.002940654754638672
109,0.002195596694946289,0.0022072792053222656,0.0035092830657958984
110,0.002421855926513672,0.0023407936096191406,0.005487203598022461
111,0.002543926239013672,0.0022606849670410156,0.004354000091552734
112,0.00251007080078125,0.002632617950439453,0.0032532215118408203
113,0.0022308826446533203,0.0023179054260253906,0.0030515193939208984
114,0.0024633407592773438,0.0023021697998046875,0.0028426647186279297
115,0.0022118091583251953,0.0023059844970703125,0.004353761672973633
116,0.002317667007446289,0.002135753631591797,0.005305767059326172
117,0.002317190170288086,0.002272367477416992,0.004505157470703125
118,0.0024840831756591797,0.0024194717407226562,0.0037932395935058594
119,0.0024809837341308594,0.0023772716522216797,0.0031325817108154297
120,0.002346038818359375,0.0024902820587158203,0.003062009811401367
121,0.0027081966400146484,0.0021407604217529297,0.003083467483520508
122,0.002190828323364258,0.002501964569091797,0.0028753280639648438
123,0.0023775100708007812,0.0021867752075195312,0.004353523254394531
124,0.0022094249725341797,0.002378225326538086,0.004577159881591797
125,0.0024118423461914062,0.0023038387298583984,0.004260540008544922
126,0.0022411346435546875,0.0023610591888427734,0.004170417785644531
127,0.002310037612915039,0.002306699752807617,0.0033385753631591797
128,0.002294301986694336,0.00231170654296875,0.0029354095458984375
129,0.0024209022521972656,0.0021131038665771484,0.0033714771270751953
130,0.0022580623626708984,0.002287149429321289,0.0034270286560058594
131,0.0026159286499023438,0.0022542476654052734,0.0031731128692626953
132,0.0022575855255126953,0.0026137828826904297,0.00318145751953125
133,0.0025038719177246094,0.002223968505859375,0.0036704540252685547
134,0.0023729801177978516,0.002372264862060547,0.00457000732421875
135,0.002406597137451172,0.0021262168884277344,0.0045506954193115234
136,0.0021593570709228516,0.0023670196533203125,0.004326343536376953
137,0.0023474693298339844,0.0022475719451904297,0.0041620731353759766
138,0.002199411392211914,0.00240325927734375,0.0033245086669921875
139,0.002300262451171875,0.0022356510162353516,0.004042148590087891
140,0.0023512840270996094,0.002385854721069336,0.0035538673400878906
141,0.0027093887329101562,0.0023915767669677734,0.003545999526977539
142,0.0024492740631103516,0.002864360809326172,0.0030591487884521484
143,0.0028731822967529297,0.0020227432250976562,0.0029230117797851562
144,0.002271890640258789,0.0022912025451660156,0.003182649612426758
145,0.002355813980102539,0.002383708953857422,0.0039272308349609375
146,0.002253293991088867,0.0023412704467773438,0.002936840057373047
147,0.002618074417114258,0.0025625228881835938,0.003021717071533203
148,0.0023598670959472656,0.002248525619506836,0.004388570785522461
149,0.002485036849975586,0.0024175643920898438,0.003348827362060547
150,0.0022873878479003906,0.0022430419921875,0.0036749839782714844
151,0.002677440643310547,0.0023941993713378906,0.003397226333618164
152,0.002157449722290039,0.002393484115600586,0.0033011436462402344
153,0.002386331558227539,0.002422332763671875,0.004167318344116211
154,0.0022013187408447266,0.0021719932556152344,0.0041046142578125
155,0.0024662017822265625,0.0023488998413085938,0.0039997100830078125
156,0.0021734237670898438,0.0021648406982421875,0.004309415817260742
157,0.0024139881134033203,0.0025854110717773438,0.0032193660736083984
158,0.002237558364868164,0.002279043197631836,0.003333568572998047
159,0.0024318695068359375,0.002468585968017578,0.004149913787841797
160,0.0022826194763183594,0.002251148223876953,0.0038771629333496094
161,0.0027229785919189453,0.002376556396484375,0.0031888484954833984
162,0.0021588802337646484,0.0025949478149414062,0.003033161163330078
163,0.0023064613342285156,0.0024695396423339844,0.0030107498168945312
164,0.0022580623626708984,0.0021932125091552734,0.0030438899993896484
165,0.0025472640991210938,0.002313375473022461,0.003212451934814453
166,0.002197742462158203,0.002172708511352539,0.0030450820922851562
167,0.0024018287658691406,0.0023365020751953125,0.0037717819213867188
168,0.0022270679473876953,0.002192258834838867,0.0031044483184814453
169,0.0024514198303222656,0.0023164749145507812,0.0031745433807373047
170,0.002233266830444336,0.0020380020141601562,0.003236055374145508
171,0.0027740001678466797,0.002422332763671875,0.004205942153930664
172,0.0022695064544677734,0.0022821426391601562,0.004121065139770508
173,0.0022821426391601562,0.002303600311279297,0.004042387008666992
174,0.002156496047973633,0.002207040786743164,0.0029821395874023438
175,0.002341747283935547,0.0023801326751708984,0.003259897232055664
176,0.002231597900390625,0.0022454261779785156,0.0028777122497558594
177,0.0024149417877197266,0.0023887157440185547,0.0040895938873291016
178,0.0022580623626708984,0.0023202896118164062,0.0032019615173339844
179,0.0025458335876464844,0.0024552345275878906,0.0033180713653564453
180,0.002332448959350586,0.0022263526916503906,0.004367351531982422
181,0.0025835037231445312,0.0023746490478515625,0.003284454345703125
182,0.0022563934326171875,0.0025496482849121094,0.0029599666595458984
183,0.0024683475494384766,0.0023636817932128906,0.003078460693359375
184,0.0023686885833740234,0.0023932456970214844,0.003116607666015625
185,0.0022780895233154297,0.0023584365844726562,0.0032033920288085938
186,0.0023250579833984375,0.002185344696044922,0.004331827163696289
187,0.002334117889404297,0.0023956298828125,0.0037665367126464844
188,0.0024781227111816406,0.002225160598754883,0.003464221954345703
189,0.002155780792236328,0.002329587936401367,0.004128456115722656
190,0.002332925796508789,0.0020875930786132812,0.0029726028442382812
191,0.0023183822631835938,0.002223968505859375,0.004293680191040039
192,0.002597808837890625,0.002282857894897461,0.004535675048828125
193,0.002235889434814453,0.002212047576904297,0.0029151439666748047
194,0.0024394989013671875,0.002260923385620117,0.0028934478759765625
195,0.0022063255310058594,0.0023233890533447266,0.002765178680419922
196,0.0024328231811523438,0.0022187232971191406,0.0032033920288085938
197,0.0022101402282714844,0.002162933349609375,0.002817392349243164
198,0.0024514198303222656,0.0021762847900390625,0.0030257701873779297
199,0.0021381378173828125,0.0023593902587890625,0.004149436950683594
200,0.00252532958984375,0.002223968505859375,0.004501819610595703
201,0.002522706985473633,0.0023920536041259766,0.003254413604736328
202,0.0024030208587646484,0.0024161338806152344,0.003667116165161133
203,0.002115488052368164,0.0023696422576904297,0.00323486328125
204,0.0025091171264648438,0.0023412704467773438,0.003257274627685547
205,0.002223491668701172,0.002420186996459961,0.0033261775970458984
206,0.0024480819702148438,0.0022475719451904297,0.0029184818267822266
207,0.002237081527709961,0.002403736114501953,0.003209829330444336
208,0.002387523651123047,0.0022504329681396484,0.0028297901153564453
209,0.0023026466369628906,0.002254486083984375,0.00295257568359375
210,0.0024292469024658203,0.002254962921142578,0.0029876232147216797
211,0.002307891845703125,0.002316713333129883,0.003021240234375
212,0.0024628639221191406,0.002634763717651367,0.0030701160430908203
213,0.0021522045135498047,0.0023627281188964844,0.003060579299926758
214,0.0024442672729492188,0.0024039745330810547,0.003861665725708008
215,0.0022873878479003906,0.002184152603149414,0.003275632858276367
216,0.0033791065216064453,0.0023505687713623047,0.0032472610473632812
217,0.004868268966674805,0.0023193359375,0.005384922027587891
218,0.0041387081146240234,0.0024518966674804688,0.005032539367675781
219,0.0021393299102783203,0.002115964889526367,0.003919839859008789
220,0.0023005008697509766,0.002222776412963867,0.004326820373535156
221,0.0023946762084960938,0.002302408218383789,0.0030303001403808594
222,0.002350330352783203,0.0026111602783203125,0.004736185073852539
223,0.002253293991088867,0.0022008419036865234,0.004316568374633789
224,0.002440929412841797,0.0022726058959960938,0.0028128623962402344
225,0.002241849899291992,0.002276182174682617,0.002652406692504883
226,0.0024712085723876953,0.002162456512451172,0.0036106109619140625
227,0.0030698776245117188,0.002129793167114258,0.0036177635192871094
228,0.004422903060913086,0.002235889434814453,0.003788471221923828
229,0.0031096935272216797,0.0020055770874023438,0.0028417110443115234
230,0.002177000045776367,0.0024383068084716797,0.004326820373535156
231,0.0023860931396484375,0.0023026466369628906,0.0040283203125
232,0.0023620128631591797,0.0026373863220214844,0.003500699996948242
233,0.0022780895233154297,0.0023584365844726562,0.0034627914428710938
234,0.0024046897888183594,0.0023450851440429688,0.0033426284790039062
235,0.0022513866424560547,0.002275705337524414,0.00305938720703125
236,0.0024802684783935547,0.002384185791015625,0.003045320510864258
237,0.002206563949584961,0.0020313262939453125,0.002867460250854492
238,0.002285480499267578,0.002442598342895508,0.00434422492980957
239,0.0021409988403320312,0.002223968505859375,0.00335693359375
240,0.002264738082885742,0.002254009246826172,0.003291606903076172
241,0.0023581981658935547,0.0020661354064941406,0.0030825138092041016
242,0.002400636672973633,0.0025353431701660156,0.0031616687774658203
243,0.0021560192108154297,0.0022072792053222656,0.0031309127807617188
244,0.0022742748260498047,0.002403736114501953,0.004094362258911133
245,0.002198934555053711,0.002188444137573242,0.004647970199584961
246,0.002299785614013672,0.0023107528686523438,0.0030698776245117188
247,0.001957416534423828,0.001947641372680664,0.0034716129302978516
248,0.00238800048828125,0.0023326873779296875,0.003454923629760742
249,0.0022912025451660156,0.002172708511352539,0.0035715103149414062
250,0.0021533966064453125,0.0023114681243896484,0.0027022361755371094
251,0.002370595932006836,0.002186298370361328,0.002900362014770508
252,0.0022635459899902344,0.0025920867919921875,0.0029473304748535156
253,0.0024034976959228516,0.0021669864654541016,0.004521846771240234
254,0.00223541259765625,0.002426624298095703,0.004079580307006836
255,0.002442598342895508,0.002383708953857422,0.0039539337158203125
256,0.002197265625,0.0024840831756591797,0.0031480789184570312
257,0.0022742748260498047,0.0022859573364257812,0.0020895004272460938
258,0.0022780895233154297,0.0024645328521728516,0.0021347999572753906
259,0.0024361610412597656,0.0023386478424072266,0.002213716506958008
260,0.0022783279418945312,0.0023348331451416016,0.001434326171875
261,0.0026330947875976562,0.0022079944610595703,0.0015423297882080078
262,0.0022521018981933594,0.0028412342071533203,0.003143787384033203
263,0.002451658248901367,0.002146482467651367,0.0014314651489257812
264,0.0021779537200927734,0.0023038387298583984,0.004018068313598633
265,0.0023431777954101562,0.002326488494873047,0.003938436508178711
266,0.0021636486053466797,0.0023996829986572266,0.0033903121948242188
267,0.0023345947265625,0.0022737979888916016,0.0034017562866210938
268,0.002217531204223633,0.002367258071899414,0.0035114288330078125
269,0.0024237632751464844,0.002271413803100586,0.0034253597259521484
270,0.0022873878479003906,0.0023069381713867188,0.0034935474395751953
271,0.0026345252990722656,0.002181529998779297,0.003038644790649414
272,0.0022890567779541016,0.0025277137756347656,0.0028047561645507812
273,0.0023717880249023438,0.0021355152130126953,0.002638101577758789
274,0.0020291805267333984,0.0021758079528808594,0.0037102699279785156
275,0.0023224353790283203,0.0021483898162841797,0.003465414047241211
276,0.002143383026123047,0.0024802684783935547,0.0035359859466552734
277,0.002240896224975586,0.0024530887603759766,0.0030722618103027344
278,0.002112865447998047,0.002093076705932617,0.004186391830444336
279,0.0024542808532714844,0.0023729801177978516,0.0043065547943115234
280,0.0022661685943603516,0.00212860107421875,0.0031092166900634766
281,0.0025887489318847656,0.0024046897888183594,0.0028486251831054688
282,0.002220630645751953,0.002432107925415039,0.0027954578399658203
283,0.0023970603942871094,0.0024025440216064453,0.002826690673828125
284,0.002117156982421875,0.002304553985595703,0.0028231143951416016
285,0.0023298263549804688,0.0025186538696289062,0.002972126007080078
286,0.0021398067474365234,0.00228118896484375,0.003939151763916016
287,0.002399921417236328,0.002386808395385742,0.003637552261352539
288,0.002222776412963867,0.0022797584533691406,0.002981901168823242
289,0.002339601516723633,0.002457857131958008,0.004350900650024414
290,0.0022852420806884766,0.0022094249725341797,0.004472494125366211
291,0.0026276111602783203,0.002283811569213867,0.003962993621826172
292,0.0021860599517822266,0.0024340152740478516,0.0034694671630859375
293,0.0023398399353027344,0.002384185791015625,0.0030651092529296875
294,0.0020437240600585938,0.002091646194458008,0.0028727054595947266
295,0.002331256866455078,0.0022842884063720703,0.0029714107513427734
296,0.002157926559448242,0.0021996498107910156,0.003016233444213867
297,0.0023093223571777344,0.002393484115600586,0.003192424774169922
298,0.002017498016357422,0.002126932144165039,0.003110170364379883
299,0.0022881031036376953,0.002231121063232422,0.003860950469970703
300,0.0022094249725341797,0.0023016929626464844,0.0035941600799560547
301,0.002336740493774414,0.002214670181274414,0.004164218902587891
302,0.00217437744140625,0.0024132728576660156,0.0032165050506591797
303,0.002398252487182617,0.002532482147216797,0.0029430389404296875
304,0.002204418182373047,0.0022878646850585938,0.0034210681915283203
305,0.002412557601928711,0.0022125244140625,0.003739595413208008
306,0.0021538734436035156,0.002246379852294922,0.0030586719512939453
307,0.0024051666259765625,0.002409219741821289,0.003033876419067383
308,0.002127408981323242,0.0022170543670654297,0.0027790069580078125
309,0.002440929412841797,0.002282857894897461,0.004019498825073242
310,0.0021708011627197266,0.002366781234741211,0.0029244422912597656
311,0.002582073211669922,0.002373218536376953,0.003094196319580078
312,0.002402782440185547,0.0023627281188964844,0.003810882568359375
313,0.002244234085083008,0.0023140907287597656,0.00426793098449707
314,0.0025026798248291016,0.002148151397705078,0.005139350891113281
315,0.0022895336151123047,0.002290487289428711,0.004163980484008789
316,0.002382993698120117,0.002315521240234375,0.002924680709838867
317,0.0022788047790527344,0.002285480499267578,0.0027658939361572266
318,0.002368450164794922,0.002154827117919922,0.002711772918701172
319,0.0021071434020996094,0.002509593963623047,0.0029211044311523438
320,0.002195596694946289,0.0022394657135009766,0.002969980239868164
321,0.002420186996459961,0.0022172927856445312,0.0036268234252929688
322,0.0023615360260009766,0.0022635459899902344,0.003949880599975586
323,0.0022089481353759766,0.002286672592163086,0.003665924072265625
324,0.0023107528686523438,0.0021970272064208984,0.003276348114013672
325,0.002115011215209961,0.002240896224975586,0.0031926631927490234
326,0.0023720264434814453,0.0021920204162597656,0.002742290496826172
327,0.0021932125091552734,0.002321004867553711,0.004196643829345703
328,0.0021293163299560547,0.0021507740020751953,0.0032634735107421875
329,0.002207517623901367,0.0023345947265625,0.004194498062133789
330,0.002424001693725586,0.0021867752075195312,0.004403114318847656
331,0.0023593902587890625,0.0024323463439941406,0.005411863327026367
332,0.0024144649505615234,0.0024101734161376953,0.004766225814819336
333,0.0021677017211914062,0.00244903564453125,0.003679513931274414
334,0.002330780029296875,0.0022919178009033203,0.0033288002014160156
335,0.00215911865234375,0.002462148666381836,0.003229379653930664
336,0.002332925796508789,0.002314329147338867,0.005287885665893555
337,0.0021893978118896484,0.0025670528411865234,0.0032584667205810547
338,0.0022377967834472656,0.002309083938598633,0.003309488296508789
339,0.0021889209747314453,0.0023736953735351562,0.003644704818725586
340,0.0023996829986572266,0.002244234085083008,0.003143310546875
341,0.0024483203887939453,0.002435445785522461,0.002915620803833008
342,0.0023403167724609375,0.0027713775634765625,0.002941131591796875
343,0.002097606658935547,0.002338886260986328,0.004593849182128906
344,0.002391815185546875,0.0024034976959228516,0.00540471076965332
345,0.0021276473999023438,0.00222015380859375,0.004205226898193359
346,0.002208709716796875,0.0023241043090820312,0.0029647350311279297
347,0.0020589828491210938,0.0021266937255859375,0.0030422210693359375
348,0.0023212432861328125,0.0022432804107666016,0.0031652450561523438
349,0.00215911865234375,0.0020780563354492188,0.0031821727752685547
350,0.002344369888305664,0.0023088455200195312,0.003322601318359375
351,0.0023729801177978516,0.002085447311401367,0.003198385238647461
352,0.0023109912872314453,0.0026204586029052734,0.003178834915161133
353,0.002118825912475586,0.0021944046020507812,0.0030879974365234375
354,0.002422332763671875,0.0023238658905029297,0.0032300949096679688
355,0.0020380020141601562,0.0019953250885009766,0.0039327144622802734
356,0.0023317337036132812,0.002371549606323242,0.0034186840057373047
357,0.002153158187866211,0.0022802352905273438,0.003038644790649414
358,0.0022995471954345703,0.0024938583374023438,0.0030188560485839844
359,0.0021016597747802734,0.002235889434814453,0.0033311843872070312
360,0.0023365020751953125,0.0023305416107177734,0.0031490325927734375
361,0.002370119094848633,0.0021820068359375,0.002984762191772461
362,0.002368450164794922,0.002611875534057617,0.002843618392944336
363,0.0022182464599609375,0.0020971298217773438,0.004029273986816406
364,0.0023963451385498047,0.002402782440185547,0.00370025634765625
365,0.002171754837036133,0.0021924972534179688,0.0035736560821533203
366,0.0023467540740966797,0.0023887157440185547,0.0037267208099365234
367,0.0021653175354003906,0.0021409988403320312,0.0029952526092529297
368,0.002322673797607422,0.0023567676544189453,0.0040433406829833984
369,0.0021343231201171875,0.0023345947265625,0.004082918167114258
370,0.0023763179779052734,0.0024442672729492188,0.003934383392333984
371,0.002444744110107422,0.002103567123413086,0.003849029541015625
372,0.002465963363647461,0.0025434494018554688,0.003690481185913086
373,0.0020329952239990234,0.0022220611572265625,0.003603696823120117
374,0.0022623538970947266,0.002408742904663086,0.0034034252166748047
375,0.002077817916870117,0.002166271209716797,0.004545450210571289
376,0.0023152828216552734,0.0023338794708251953,0.003618478775024414
377,0.002243518829345703,0.002179384231567383,0.0035970211029052734
378,0.002154111862182617,0.002288818359375,0.0032889842987060547
379,0.002207040786743164,0.0022656917572021484,0.002964496612548828
380,0.002141714096069336,0.002203702926635742,0.0028905868530273438
381,0.002638101577758789,0.0021638870239257812,0.0034215450286865234
382,0.0021104812622070312,0.0026178359985351562,0.0030777454376220703
383,0.002361297607421875,0.002173185348510742,0.003155946731567383
384,0.00211334228515625,0.0023996829986572266,0.0042345523834228516
385,0.0023429393768310547,0.0022144317626953125,0.004656791687011719
386,0.0020568370819091797,0.0023393630981445312,0.004370450973510742
387,0.002367258071899414,0.002084016799926758,0.004349470138549805
388,0.0021507740020751953,0.002362966537475586,0.0037708282470703125
389,0.0022382736206054688,0.002313852310180664,0.0028488636016845703
390,0.002152681350708008,0.0024449825286865234,0.004190206527709961
391,0.00269317626953125,0.002386808395385742,0.0031507015228271484
392,0.0022454261779785156,0.002699613571166992,0.0032541751861572266
393,0.002377033233642578,0.002290487289428711,0.003273487091064453
394,0.002198934555053711,0.0024001598358154297,0.0033447742462158203
395,0.0023446083068847656,0.002332448959350586,0.0029392242431640625
396,0.0021317005157470703,0.002511739730834961,0.003130674362182617
397,0.0023605823516845703,0.002374410629272461,0.003990888595581055
398,0.0021915435791015625,0.0022809505462646484,0.0028803348541259766
399,0.002329587936401367,0.0021860599517822266,0.003214120864868164
400,0.0021784305572509766,0.0025038719177246094,0.003110647201538086
401,0.002543210983276367,0.002243518829345703,0.004471540451049805
402,0.002111673355102539,0.002490997314453125,0.0032341480255126953
403,0.002313375473022461,0.00226593017578125,0.0031876564025878906
404,0.002174854278564453,0.0023436546325683594,0.003284931182861328
405,0.002332448959350586,0.0020897388458251953,0.002985715866088867
406,0.002024412155151367,0.002402067184448242,0.003966093063354492
407,0.0021963119506835938,0.0020704269409179688,0.0038957595825195312
408,0.0022432804107666016,0.0023469924926757812,0.003034830093383789
409,0.002294301986694336,0.002260923385620117,0.003968954086303711
410,0.002162456512451172,0.0021750926971435547,0.0034029483795166016
411,0.0026051998138427734,0.0025031566619873047,0.004016399383544922
412,0.002122163772583008,0.0025920867919921875,0.0034646987915039062
413,0.0023775100708007812,0.0024161338806152344,0.003511667251586914
414,0.0021758079528808594,0.0020275115966796875,0.0034437179565429688
415,0.0021364688873291016,0.0022592544555664062,0.002844572067260742
416,0.0022721290588378906,0.002198457717895508,0.004435539245605469
417,0.002477884292602539,0.002573728561401367,0.004791736602783203
418,0.0022385120391845703,0.002328157424926758,0.003186941146850586
419,0.002259492874145508,0.002455472946166992,0.0035369396209716797
420,0.0022013187408447266,0.0023751258850097656,0.007070064544677734
421,0.0025207996368408203,0.0023331642150878906,0.005583524703979492
422,0.0022373199462890625,0.0024633407592773438,0.0037126541137695312
423,0.002405881881713867,0.0025081634521484375,0.0033271312713623047
424,0.002197742462158203,0.0020630359649658203,0.002841949462890625
425,0.002440929412841797,0.0021979808807373047,0.0026891231536865234
426,0.002156972885131836,0.002149343490600586,0.003684520721435547
427,0.0022895336151123047,0.0033364295959472656,0.003325223922729492
428,0.002048969268798828,0.004492521286010742,0.00345611572265625
429,0.002379894256591797,0.0029692649841308594,0.0029981136322021484
430,0.0021944046020507812,0.00237274169921875,0.00405430793762207
431,0.0025174617767333984,0.0023970603942871094,0.0029120445251464844
432,0.002199411392211914,0.0024950504302978516,0.0031158924102783203
433,0.0021867752075195312,0.002378225326538086,0.003262042999267578
434,0.002196788787841797,0.002157926559448242,0.0031490325927734375
435,0.002338886260986328,0.002521991729736328,0.0031499862670898438
436,0.0020186901092529297,0.002161264419555664,0.0032410621643066406
437,0.0023984909057617188,0.0022132396697998047,0.0029985904693603516
438,0.0021355152130126953,0.0022919178009033203,0.0032248497009277344
439,0.0022602081298828125,0.003487110137939453,0.003000497817993164
440,0.002140045166015625,0.0035398006439208984,0.002743244171142578
441,0.0026078224182128906,0.003342151641845703,0.0030105113983154297
442,0.0021278858184814453,0.004115581512451172,0.004113435745239258
443,0.002104043960571289,0.004066944122314453,0.0036411285400390625
444,0.002354860305786133,0.003248453140258789,0.00357818603515625
445,0.00223541259765625,0.002494335174560547,0.00304412841796875
446,0.0023751258850097656,0.0021772384643554688,0.0029129981994628906
447,0.0022132396697998047,0.0023109912872314453,0.002956867218017578
448,0.0023088455200195312,0.0021944046020507812,0.003337383270263672
449,0.002146005630493164,0.0024809837341308594,0.002950906753540039
450,0.0023975372314453125,0.0023758411407470703,0.002894878387451172
451,0.0023870468139648438,0.0024073123931884766,0.002993345260620117
452,0.0023336410522460938,0.0025110244750976562,0.0029206275939941406
453,0.0022220611572265625,0.0021905899047851562,0.0030431747436523438
454,0.002402782440185547,0.002366781234741211,0.004076719284057617
455,0.0021224021911621094,0.002523660659790039,0.0042591094970703125
456,0.0023300647735595703,0.0022127628326416016,0.004160881042480469
457,0.002198457717895508,0.002170085906982422,0.002999544143676758
458,0.002410411834716797,0.001993417739868164,0.002978801727294922
459,0.0021102428436279297,0.0022056102752685547,0.003237485885620117
460,0.002197742462158203,0.002202272415161133,0.0030994415283203125
461,0.002391815185546875,0.002461671829223633,0.00290679931640625
462,0.0023908615112304688,0.0025458335876464844,0.0028808116912841797
463,0.0019636154174804688,0.002435445785522461,0.002995014190673828
464,0.0024313926696777344,0.002264738082885742,0.0029227733612060547
465,0.0021266937255859375,0.002480745315551758,0.0030684471130371094
466,0.00231170654296875,0.00234222412109375,0.0031249523162841797
467,0.0020983219146728516,0.0023577213287353516,0.003887653350830078
468,0.002343416213989258,0.0021860599517822266,0.003316164016723633
469,0.0020983219146728516,0.0023088455200195312,0.0035545825958251953
470,0.0023391246795654297,0.0023620128631591797,0.004660606384277344
471,0.0024542808532714844,0.0024213790893554688,0.0032205581665039062
472,0.0024018287658691406,0.0024771690368652344,0.0032503604888916016
473,0.0021796226501464844,0.002428770065307617,0.003595590591430664
474,0.0024144649505615234,0.002465963363647461,0.003553152084350586
475,0.0021915435791015625,0.0023419857025146484,0.003493785858154297
476,0.002409219741821289,0.0023844242095947266,0.0033206939697265625
477,0.0022428035736083984,0.0022759437561035156,0.003561735153198242
478,0.0023832321166992188,0.0023605823516845703,0.0033419132232666016
479,0.002167940139770508,0.002103567123413086,0.002973794937133789
480,0.0023584365844726562,0.002149820327758789,0.003076791763305664
481,0.002387523651123047,0.002286672592163086,0.003905773162841797
482,0.0022821426391601562,0.002680540084838867,0.004045248031616211
483,0.002184629440307617,0.0023567676544189453,0.003050565719604492
484,0.0023009777069091797,0.0024399757385253906,0.002892732620239258
485,0.0021865367889404297,0.0021758079528808594,0.004002571105957031
486,0.0022535324096679688,0.0023882389068603516,0.0043451786041259766
487,0.002084016799926758,0.002171754837036133,0.003513813018798828
488,0.002247333526611328,0.002418041229248047,0.0034537315368652344
489,0.0022699832916259766,0.0021533966064453125,0.0035359859466552734
490,0.002240419387817383,0.002237081527709961,0.003558635711669922
491,0.002368927001953125,0.0022344589233398438,0.0029747486114501953
492,0.0023412704467773438,0.0024802684783935547,0.0041735172271728516
493,0.002272367477416992,0.0023534297943115234,0.0033223628997802734
494,0.0024034976959228516,0.0023424625396728516,0.003371715545654297
495,0.002289295196533203,0.0022614002227783203,0.003573894500732422
496,0.0021927356719970703,0.002386331558227539,0.0042400360107421875
497,0.00220489501953125,0.0023665428161621094,0.0037078857421875
498,0.0023424625396728516,0.002505064010620117,0.0031147003173828125
499,0.002223968505859375,0.0022809505462646484,0.003233671188354492
500,0.0023126602172851562,0.0022325515747070312,0.003268718719482422
501,0.002439737319946289,0.0021576881408691406,0.0034880638122558594
502,0.0023958683013916016,0.002643585205078125,0.0030181407928466797
503,0.002222776412963867,0.0021195411682128906,0.0027992725372314453
504,0.0024204254150390625,0.0023233890533447266,0.002884387969970703
505,0.002130746841430664,0.0022470951080322266,0.004449367523193359
506,0.002256155014038086,0.002307891845703125,0.004469394683837891
507,0.002329587936401367,0.002108335494995117,0.0034761428833007812
508,0.0020749568939208984,0.002445220947265625,0.0033044815063476562
509,0.002256631851196289,0.002269268035888672,0.004190206527709961
510,0.0021398067474365234,0.0024268627166748047,0.003347635269165039
511,0.0027091503143310547,0.002228975296020508,0.0036215782165527344
512,0.0022058486938476562,0.0024390220642089844,0.0032668113708496094
513,0.0023279190063476562,0.0020885467529296875,0.003192901611328125
514,0.0020601749420166016,0.0023584365844726562,0.003164052963256836
515,0.0022575855255126953,0.0021893978118896484,0.0030775070190429688
516,0.0022153854370117188,0.002358675003051758,0.0029556751251220703
517,0.002176523208618164,0.0020575523376464844,0.004019260406494141
518,0.002176523208618164,0.0025033950805664062,0.003663778305053711
519,0.002315044403076172,0.00226593017578125,0.003782033920288086
520,0.0021414756774902344,0.0025787353515625,0.0033512115478515625
521,0.0025162696838378906,0.0020904541015625,0.002929210662841797
522,0.002193450927734375,0.002565145492553711,0.0031304359436035156
523,0.002125263214111328,0.0022058486938476562,0.006270647048950195
524,0.002034425735473633,0.0024433135986328125,0.004828691482543945
525,0.0023920536041259766,0.002321004867553711,0.0046007633209228516
526,0.0022461414337158203,0.0026099681854248047,0.00411677360534668
527,0.0023429393768310547,0.0023145675659179688,0.003993988037109375
528,0.0021619796752929688,0.0024564266204833984,0.0042972564697265625
529,0.0023026466369628906,0.0021181106567382812,0.003425121307373047
530,0.002208709716796875,0.002249479293823242,0.003503561019897461
531,0.0025343894958496094,0.0021779537200927734,0.0037848949432373047
532,0.0021626949310302734,0.002609729766845703,0.003950595855712891
533,0.0023348331451416016,0.0022439956665039062,0.0033652782440185547
534,0.002162456512451172,0.0023050308227539062,0.0033965110778808594
535,0.0021109580993652344,0.002274036407470703,0.003130197525024414
536,0.0022013187408447266,0.002388477325439453,0.0027968883514404297
537,0.002365589141845703,0.0021669864654541016,0.004485368728637695
538,0.002187967300415039,0.0023708343505859375,0.004348039627075195
539,0.0023162364959716797,0.0019659996032714844,0.0033965110778808594
540,0.0022063255310058594,0.002223968505859375,0.0036284923553466797
541,0.0024945735931396484,0.0022563934326171875,0.003246307373046875
542,0.002167940139770508,0.0025787353515625,0.0029799938201904297
543,0.0024423599243164062,0.002382993698120117,0.004451274871826172
544,0.0019414424896240234,0.002192974090576172,0.0034105777740478516
545,0.002329587936401367,0.002492189407348633,0.003320455551147461
546,0.0021042823791503906,0.002410411834716797,0.0032279491424560547
547,0.002336740493774414,0.002374410629272461,0.002978801727294922
548,0.0021910667419433594,0.002018451690673828,0.0030715465545654297
549,0.0023822784423828125,0.0022537708282470703,0.0031964778900146484
550,0.002034902572631836,0.002131223678588867,0.003065347671508789
551,0.002560853958129883,0.003171205520629883,0.0029976367950439453
552,0.002266407012939453,0.0054361820220947266,0.0029764175415039062
553,0.0023643970489501953,0.0033769607543945312,0.003288745880126953
554,0.002254009246826172,0.0021190643310546875,0.0029723644256591797
555,0.0024847984313964844,0.002338886260986328,0.004055500030517578
556,0.0022330284118652344,0.002026796340942383,0.0031518936157226562
557,0.002385377883911133,0.0024499893188476562,0.0031518936157226562
558,0.0021185874938964844,0.002222776412963867,0.00334930419921875
559,0.002368927001953125,0.002354145050048828,0.003078937530517578
560,0.002193450927734375,0.0022478103637695312,0.002726316452026367
561,0.0024988651275634766,0.002336263656616211,0.004140615463256836
562,0.0020225048065185547,0.0025196075439453125,0.003164529800415039
563,0.0023255348205566406,0.002374887466430664,0.004277706146240234
564,0.0021882057189941406,0.003167390823364258,0.0039403438568115234
565,0.0022821426391601562,0.004728555679321289,0.0034084320068359375
566,0.0021584033966064453,0.003621816635131836,0.003627777099609375
567,0.0022873878479003906,0.0022385120391845703,0.002946615219116211
568,0.002153158187866211,0.0020902156829833984,0.00450897216796875
569,0.0023419857025146484,0.0022041797637939453,0.003047943115234375
570,0.0022013187408447266,0.002215147018432617,0.0033059120178222656
571,0.0023190975189208984,0.002233743667602539,0.003258228302001953
572,0.002317667007446289,0.0024938583374023438,0.002936840057373047
573,0.002170085906982422,0.0024633407592773438,0.003737211227416992
574,0.0022649765014648438,0.0023767948150634766,0.0036716461181640625
575,0.0021698474884033203,0.0032761096954345703,0.003539562225341797
576,0.0023527145385742188,0.004205942153930664,0.003163576126098633
577,0.002198934555053711,0.0025119781494140625,0.0029993057250976562
578,0.0023484230041503906,0.0032808780670166016,0.004118919372558594
579,0.0022077560424804688,0.005059719085693359,0.0032186508178710938
580,0.0023577213287353516,0.0038619041442871094,0.003354787826538086
581,0.002351045608520508,0.002282857894897461,0.003329038619995117
582,0.002401590347290039,0.002339601516723633,0.0029642581939697266
583,0.0020422935485839844,0.0022716522216796875,0.002867460250854492
584,0.0023136138916015625,0.002347230911254883,0.002811431884765625
585,0.0022017955780029297,0.002410411834716797,0.0030853748321533203
586,0.002317190170288086,0.0022187232971191406,0.0029404163360595703
587,0.0021619796752929688,0.0022847652435302734,0.003985166549682617
588,0.0023365020751953125,0.0021054744720458984,0.003966331481933594
589,0.0020220279693603516,0.0024712085723876953,0.0039017200469970703
590,0.002402067184448242,0.0022056102752685547,0.0028536319732666016
591,0.0024025440216064453,0.002361774444580078,0.002848386764526367
592,0.002379894256591797,0.002383708953857422,0.0028553009033203125
593,0.002172708511352539,0.0023365020751953125,0.004263639450073242
594,0.002345561981201172,0.0021975040435791016,0.004627704620361328
595,0.0021784305572509766,0.002321958541870117,0.00377655029296875
596,0.002272367477416992,0.002200603485107422,0.0034978389739990234
597,0.002256631851196289,0.0024394989013671875,0.003090381622314453
598,0.0022809505462646484,0.0021576881408691406,0.0028634071350097656
599,0.002232074737548828,0.002336263656616211,0.003814220428466797
600,0.002369403839111328,0.002123594284057617,0.0036427974700927734
601,0.0024025440216064453,0.0024480819702148438,0.0033321380615234375
602,0.002318859100341797,0.002401590347290039,0.006363630294799805
603,0.004132747650146484,0.002393484115600586,0.0038900375366210938
604,0.005137920379638672,0.0021696090698242188,0.0036253929138183594
605,0.0039806365966796875,0.0024292469024658203,0.0035767555236816406
606,0.0025184154510498047,0.002168893814086914,0.00449681282043457
607,0.002119779586791992,0.0023581981658935547,0.004132270812988281
608,0.0023145675659179688,0.0021584033966064453,0.0033016204833984375
609,0.0024347305297851562,0.002399444580078125,0.003237485885620117
610,0.0025060176849365234,0.0023124217987060547,0.003296375274658203
611,0.0024161338806152344,0.002351999282836914,0.00284576416015625
612,0.002490997314453125,0.0025551319122314453,0.002971649169921875
613,0.0021877288818359375,0.0023131370544433594,0.002948760986328125
614,0.0022728443145751953,0.002309560775756836,0.0040874481201171875
615,0.0021889209747314453,0.002187490463256836,0.0029566287994384766
616,0.0023889541625976562,0.0023550987243652344,0.003818988800048828
617,0.002105236053466797,0.0021674633026123047,0.0035293102264404297
618,0.0023047924041748047,0.0024187564849853516,0.003429889678955078
619,0.002105712890625,0.002289295196533203,0.0029082298278808594
620,0.002314329147338867,0.0023314952850341797,0.0030565261840820312
621,0.002473592758178711,0.0021638870239257812,0.004256248474121094
622,0.002460002899169922,0.0026655197143554688,0.0032770633697509766
623,0.0021719932556152344,0.0022726058959960938,0.0030641555786132812
624,0.0024437904357910156,0.002386808395385742,0.002902507781982422
625,0.0020105838775634766,0.0021588802337646484,0.0029850006103515625
626,0.0024557113647460938,0.0023076534271240234,0.0039920806884765625
627,0.002060413360595703,0.002228975296020508,0.003660917282104492
628,0.0023789405822753906,0.002344369888305664,0.0033884048461914062
629,0.002291440963745117,0.0020418167114257812,0.003022432327270508
630,0.002425670623779297,0.0023813247680664062,0.004308223724365234
631,0.0026319026947021484,0.002115011215209961,0.0030736923217773438
632,0.0024003982543945312,0.0026459693908691406,0.0033283233642578125
633,0.002232789993286133,0.0023238658905029297,0.003143310546875
634,0.0024743080139160156,0.0023534297943115234,0.0035080909729003906
635,0.0021817684173583984,0.002155780792236328,0.0042574405670166016
636,0.0024499893188476562,0.002338409423828125,0.004183292388916016
637,0.0021584033966064453,0.002304553985595703,0.004296779632568359
638,0.0023343563079833984,0.0025568008422851562,0.0031299591064453125
639,0.002367734909057617,0.0022792816162109375,0.0029320716857910156
640,0.0022919178009033203,0.0025594234466552734,0.004138469696044922
641,0.002610445022583008,0.0021047592163085938,0.0029180049896240234
642,0.0022482872009277344,0.0025844573974609375,0.003412485122680664
643,0.002530336380004883,0.0022830963134765625,0.0033261775970458984
644,0.002083301544189453,0.0023877620697021484,0.004119396209716797
645,0.002515554428100586,0.0023202896118164062,0.003397226333618164
646,0.0021953582763671875,0.002325296401977539,0.0036287307739257812
647,0.0023610591888427734,0.0021829605102539062,0.003122091293334961
648,0.002167224884033203,0.0023941993713378906,0.004651069641113281
649,0.0022814273834228516,0.0022420883178710938,0.004529476165771484
650,0.0022041797637939453,0.002489328384399414,0.004584312438964844
651,0.002660512924194336,0.002209901809692383,0.0033333301544189453
652,0.002025127410888672,0.002584695816040039,0.003331422805786133
653,0.0030760765075683594,0.0022859573364257812,0.003234386444091797
654,0.0037925243377685547,0.0024690628051757812,0.0029511451721191406
655,0.0028417110443115234,0.002345561981201172,0.010627031326293945
656,0.002603769302368164,0.0023658275604248047,0.004627704620361328
657,0.0027010440826416016,0.0022263526916503906,0.00452733039855957
658,0.002235889434814453,0.0024204254150390625,0.004797935485839844
659,0.0023322105407714844,0.002287626266479492,0.002902984619140625
660,0.002125978469848633,0.0023336410522460938,0.003210783004760742
661,0.00273895263671875,0.0021753311157226562,0.0033953189849853516
662,0.002234935760498047,0.0024156570434570312,0.003663778305053711
663,0.0025255680084228516,0.0021889209747314453,0.0033147335052490234
664,0.002335071563720703,0.0023987293243408203,0.003238677978515625
665,0.0023937225341796875,0.0022721290588378906,0.0032320022583007812
666,0.0022275447845458984,0.0023992061614990234,0.002946615219116211
667,0.0023469924926757812,0.002369403839111328,0.004282712936401367
668,0.002045869827270508,0.002198457717895508,0.004388093948364258
669,0.0024824142456054688,0.0020809173583984375,0.0036001205444335938
670,0.002091646194458008,0.0023856163024902344,0.003116607666015625
671,0.0025398731231689453,0.0022225379943847656,0.0033304691314697266
672,0.0022041797637939453,0.002562999725341797,0.004761219024658203
673,0.00240325927734375,0.002184152603149414,0.0033533573150634766
674,0.0023267269134521484,0.0022826194763183594,0.003387928009033203
675,0.002294778823852539,0.002053976058959961,0.0032210350036621094
676,0.0022125244140625,0.0022284984588623047,0.0033445358276367188
677,0.002344846725463867,0.0023963451385498047,0.003531217575073242
678,0.002270936965942383,0.002173900604248047,0.003690958023071289
679,0.0022051334381103516,0.0023126602172851562,0.0034456253051757812
680,0.0022492408752441406,0.002195119857788086,0.003007173538208008
681,0.0026645660400390625,0.002425670623779297,0.0038483142852783203
682,0.0022275447845458984,0.0024862289428710938,0.0043430328369140625
683,0.0023331642150878906,0.0023696422576904297,0.0032329559326171875
684,0.002103567123413086,0.0021135807037353516,0.003380298614501953
685,0.002404451370239258,0.0022513866424560547,0.0031919479370117188
686,0.002125263214111328,0.002250194549560547,0.0044896602630615234
687,0.002372264862060547,0.0023734569549560547,0.003198385238647461
688,0.0022170543670654297,0.0023016929626464844,0.0035419464111328125
689,0.0023305416107177734,0.0022974014282226562,0.003511667251586914
690,0.002279520034790039,0.002192258834838867,0.0046977996826171875
691,0.002559661865234375,0.0025141239166259766,0.0031270980834960938
692,0.002306699752807617,0.0025908946990966797,0.003123044967651367
693,0.0024404525756835938,0.0023801326751708984,0.0033588409423828125
694,0.0021610260009765625,0.0021436214447021484,0.0031595230102539062
695,0.00229644775390625,0.0022232532501220703,0.002824068069458008
696,0.002180337905883789,0.0020418167114257812,0.0027153491973876953
697,0.0021767616271972656,0.0023040771484375,0.002694845199584961
698,0.002226591110229492,0.0022072792053222656,0.003763914108276367
699,0.002365589141845703,0.0023751258850097656,0.004576921463012695
700,0.002165555953979492,0.0022916793823242188,0.0035936832427978516
701,0.0026674270629882812,0.0022399425506591797,0.0033447742462158203
702,0.002364635467529297,0.0023941993713378906,0.003225088119506836
703,0.0021669864654541016,0.002329111099243164,0.003392457962036133
704,0.0022661685943603516,0.002282381057739258,0.0032339096069335938
705,0.0022258758544921875,0.002354860305786133,0.0038640499114990234
706,0.002399921417236328,0.0020220279693603516,0.0037848949432373047
707,0.002225160598754883,0.002328157424926758,0.00377655029296875
708,0.0024280548095703125,0.00225067138671875,0.0027222633361816406
709,0.002229452133178711,0.0023856163024902344,0.002705812454223633
710,0.0022797584533691406,0.002261638641357422,0.004505634307861328
711,0.002406597137451172,0.002240896224975586,0.0036504268646240234
712,0.0024123191833496094,0.00241851806640625,0.0033648014068603516
713,0.0022449493408203125,0.0024487972259521484,0.0030024051666259766
714,0.0024690628051757812,0.002271413803100586,0.003003835678100586
715,0.002165555953979492,0.0025491714477539062,0.004304647445678711
716,0.0023598670959472656,0.0021941661834716797,0.003168344497680664
717,0.002262115478515625,0.002298593521118164,0.0033948421478271484
718,0.0024101734161376953,0.002139568328857422,0.0030889511108398438
719,0.0023040771484375,0.002388477325439453,0.0029129981994628906
720,0.0025124549865722656,0.0021200180053710938,0.002956390380859375
721,0.0024025440216064453,0.0024309158325195312,0.004317283630371094
722,0.002343416213989258,0.0023453235626220703,0.0028841495513916016
723,0.002176046371459961,0.0023660659790039062,0.003112316131591797
724,0.0022072792053222656,0.0022280216217041016,0.003008604049682617
725,0.0021944046020507812,0.0023224353790283203,0.0031473636627197266
726,0.0023543834686279297,0.002208709716796875,0.0031397342681884766
727,0.0021936893463134766,0.0023720264434814453,0.0031218528747558594
728,0.002368927001953125,0.0021085739135742188,0.0029294490814208984
729,0.0021848678588867188,0.002330780029296875,0.00458073616027832
730,0.0024199485778808594,0.0022001266479492188,0.0033254623413085938
731,0.002434253692626953,0.0023720264434814453,0.003281831741333008
732,0.0035266876220703125,0.002424001693725586,0.0034935474395751953
733,0.004523038864135742,0.002168416976928711,0.003763437271118164
734,0.0038912296295166016,0.0021114349365234375,0.0035715103149414062
735,0.00214385986328125,0.002338409423828125,0.003634929656982422
736,0.0023441314697265625,0.0022230148315429688,0.0029082298278808594
737,0.0020699501037597656,0.0023298263549804688,0.002627849578857422
738,0.0023162364959716797,0.0021216869354248047,0.0030553340911865234
739,0.0021986961364746094,0.0022199153900146484,0.004984617233276367
740,0.00246429443359375,0.002305269241333008,0.005315542221069336
741,0.0025260448455810547,0.0024156570434570312,0.0031380653381347656
742,0.002462625503540039,0.002824068069458008,0.0034875869750976562
743,0.0022606849670410156,0.002153635025024414,0.003088712692260742
744,0.002493143081665039,0.0023195743560791016,0.0030171871185302734
745,0.002312183380126953,0.002321958541870117,0.0030100345611572266
746,0.0023148059844970703,0.0024356842041015625,0.002948760986328125
747,0.0022172927856445312,0.0022554397583007812,0.004229068756103516
748,0.0022974014282226562,0.0025200843811035156,0.0044171810150146484
749,0.0022072792053222656,0.002221822738647461,0.003087759017944336
750,0.002418041229248047,0.002331972122192383,0.0031728744506835938
751,0.0026094913482666016,0.0021109580993652344,0.00336456298828125
752,0.0023970603942871094,0.002520322799682617,0.003135204315185547
753,0.0030357837677001953,0.0021059513092041016,0.003257274627685547
754,0.004825115203857422,0.0022988319396972656,0.002893209457397461
755,0.00486445426940918,0.002086162567138672,0.0029649734497070312
756,0.00409388542175293,0.0022072792053222656,0.003107786178588867
757,0.0021669864654541016,0.0020821094512939453,0.004109382629394531
758,0.002271413803100586,0.002295255661010742,0.00402522087097168
759,0.002151966094970703,0.002211332321166992,0.004417896270751953
760,0.0023527145385742188,0.0022993087768554688,0.0028142929077148438
761,0.0024051666259765625,0.0021626949310302734,0.0029392242431640625
762,0.0024001598358154297,0.002607583999633789,0.0032739639282226562
763,0.002202749252319336,0.002322673797607422,0.0036652088165283203
764,0.0024149417877197266,0.002333402633666992,0.002985715866088867
765,0.002223968505859375,0.0022051334381103516,0.003131866455078125
766,0.002293825149536133,0.0023887157440185547,0.004308223724365234
767,0.002432584762573242,0.0023496150970458984,0.003179311752319336
768,0.002355337142944336,0.0023572444915771484,0.00324249267578125
769,0.002553701400756836,0.0022525787353515625,0.003141164779663086
770,0.002274751663208008,0.00225830078125,0.0029573440551757812
771,0.002643585205078125,0.0021355152130126953,0.002985239028930664
772,0.002189159393310547,0.0025663375854492188,0.0032274723052978516
773,0.0023174285888671875,0.002310037612915039,0.0029168128967285156
774,0.002342700958251953,0.0023775100708007812,0.003177165985107422
775,0.00234222412109375,0.0022668838500976562,0.002819061279296875
776,0.0021817684173583984,0.0023293495178222656,0.004019737243652344
777,0.002349376678466797,0.0021386146545410156,0.0029897689819335938
778,0.002106904983520508,0.002354860305786133,0.002977132797241211
779,0.0023505687713623047,0.0021839141845703125,0.003083467483520508
780,0.0021576881408691406,0.0023097991943359375,0.0029478073120117188
781,0.0025031566619873047,0.0022895336151123047,0.002889394760131836
782,0.002244710922241211,0.002507448196411133,0.004187583923339844
783,0.0024411678314208984,0.002165079116821289,0.003438234329223633
784,0.0022308826446533203,0.0022814273834228516,0.003827333450317383
785,0.002252340316772461,0.0021605491638183594,0.0041294097900390625
786,0.0023076534271240234,0.002353668212890625,0.0029785633087158203
787,0.0024123191833496094,0.002080678939819336,0.003197193145751953
788,0.0022401809692382812,0.002345561981201172,0.0034863948822021484
789,0.0023479461669921875,0.0021414756774902344,0.003402233123779297
790,0.002148866653442383,0.002393960952758789,0.0038073062896728516
791,0.00249481201171875,0.002085447311401367,0.003744840621948242
792,0.0021469593048095703,0.0026159286499023438,0.002794027328491211
793,0.0021920204162597656,0.0022115707397460938,0.0030095577239990234
794,0.0022830963134765625,0.0024945735931396484,0.004324436187744141
795,0.0025322437286376953,0.0023288726806640625,0.003652811050415039
796,0.0022590160369873047,0.002299785614013672,0.003139019012451172
797,0.0023746490478515625,0.0020813941955566406,0.0028257369995117188
798,0.0023467540740966797,0.002264738082885742,0.0029060840606689453
799,0.0023736953735351562,0.00226593017578125,0.0041310787200927734
800,0.002164125442504883,0.002339601516723633,0.0033533573150634766
801,0.0025894641876220703,0.0020918846130371094,0.003426790237426758
802,0.002367734909057617,0.002560853958129883,0.0035910606384277344
803,0.002460479736328125,0.0021393299102783203,0.0030901432037353516
804,0.002245187759399414,0.002391815185546875,0.003031015396118164
805,0.0024154186248779297,0.002267122268676758,0.0048291683197021484
806,0.0021219253540039062,0.0024094581604003906,0.004610300064086914
807,0.002161264419555664,0.002244234085083008,0.004235982894897461
808,0.002025604248046875,0.002359151840209961,0.0037810802459716797
809,0.0023391246795654297,0.002174854278564453,0.0036242008209228516
810,0.002168416976928711,0.002289295196533203,0.0036067962646484375
811,0.002492666244506836,0.002290487289428711,0.0029296875
812,0.002203702926635742,0.002406597137451172,0.002727031707763672
813,0.0023860931396484375,0.0024154186248779297,0.0037658214569091797
814,0.0022482872009277344,0.0020935535430908203,0.003173351287841797
815,0.002338886260986328,0.0023221969604492188,0.0031585693359375
816,0.002277374267578125,0.0022668838500976562,0.004051685333251953
817,0.0023708343505859375,0.002306699752807617,0.005047321319580078
818,0.0022344589233398438,0.0020704269409179688,0.004594087600708008
819,0.002363443374633789,0.0022361278533935547,0.0039997100830078125
820,0.002132415771484375,0.002117156982421875,0.0032966136932373047
821,0.002710103988647461,0.0024068355560302734,0.004140138626098633
822,0.0022516250610351562,0.002447843551635742,0.004094839096069336
823,0.0022945404052734375,0.0024595260620117188,0.002780914306640625
824,0.002222776412963867,0.0023255348205566406,0.0027277469635009766
825,0.0023610591888427734,0.002448558807373047,0.0030145645141601562
826,0.0022568702697753906,0.002346515655517578,0.0035462379455566406
827,0.002451658248901367,0.002520322799682617,0.0038220882415771484
828,0.0022497177124023438,0.002252340316772461,0.00295257568359375
829,0.002248525619506836,0.0024166107177734375,0.00403285026550293
830,0.002178192138671875,0.0020380020141601562,0.0033309459686279297
831,0.002483844757080078,0.0021996498107910156,0.0034360885620117188
832,0.002286195755004883,0.002362966537475586,0.003109455108642578
833,0.0021026134490966797,0.0023555755615234375,0.0029976367950439453
834,0.0023021697998046875,0.0022597312927246094,0.002972126007080078
835,0.0022230148315429688,0.002353668212890625,0.0030126571655273438
836,0.002406597137451172,0.002279043197631836,0.0031805038452148438
837,0.0021822452545166016,0.0023927688598632812,0.0032308101654052734
838,0.002302885055541992,0.0022923946380615234,0.0029401779174804688
839,0.002036571502685547,0.0023508071899414062,0.0030329227447509766
840,0.0024483203887939453,0.002325773239135742,0.003946065902709961
841,0.0024085044860839844,0.002233743667602539,0.0032308101654052734
842,0.0024046897888183594,0.0022504329681396484,0.003229379653930664
843,0.0022194385528564453,0.0022766590118408203,0.003246307373046875
844,0.0024175643920898438,0.002162456512451172,0.002804994583129883
845,0.002330780029296875,0.002264261245727539,0.0016698837280273438
846,0.002373218536376953,0.00206756591796875,0.0017538070678710938
847,0.002226591110229492,0.002267599105834961,0.0020148754119873047
848,0.0023572444915771484,0.002248525619506836,0.00154876708984375
849,0.0021827220916748047,0.002330780029296875,0.0016219615936279297
850,0.0023984909057617188,0.0022077560424804688,0.0014920234680175781
851,0.002476215362548828,0.0024733543395996094,0.0015451908111572266
852,0.0024666786193847656,0.002485036849975586,0.0015292167663574219
853,0.0023140907287597656,0.0024454593658447266,0.001524209976196289
854,0.002402782440185547,0.0023005008697509766,0.0013949871063232422
855,0.002105712890625,0.0023376941680908203,0.0014312267303466797
856,0.0022618770599365234,0.0023353099822998047,0.0015363693237304688
857,0.002350330352783203,0.0023517608642578125,0.0014259815216064453
858,0.0023941993713378906,0.0021810531616210938,0.0018258094787597656
859,0.0021255016326904297,0.002417325973510742,0.0014469623565673828
860,0.0022950172424316406,0.002115964889526367,0.00150299072265625
861,0.002398252487182617,0.0023102760314941406,0.0015137195587158203
862,0.002437114715576172,0.0025076866149902344,0.001352071762084961
863,0.0021653175354003906,0.0022726058959960938,0.0015702247619628906
864,0.0023033618927001953,0.002184629440307617,0.0015063285827636719
865,0.0021178722381591797,0.002323627471923828,0.0014998912811279297
866,0.0022554397583007812,0.002167940139770508,0.0014150142669677734
867,0.0022232532501220703,0.0023963451385498047,0.0013446807861328125
868,0.002366781234741211,0.002065896987915039,0.0016613006591796875
869,0.0030498504638671875,0.0024657249450683594,0.0014986991882324219
870,0.004681110382080078,0.0023005008697509766,0.00142669677734375
871,0.00408625602722168,0.0024323463439941406,0.0014750957489013672
872,0.002237558364868164,0.0024602413177490234,0.0013842582702636719
873,0.0021538734436035156,0.002391815185546875,0.0015277862548828125
874,0.0022945404052734375,0.0021750926971435547,0.0015034675598144531
875,0.0021758079528808594,0.002429962158203125,0.0016596317291259766
876,0.0023419857025146484,0.002371549606323242,0.0014920234680175781
877,0.002053499221801758,0.002249479293823242,0.0013327598571777344
878,0.002415895462036133,0.0025124549865722656,0.0014925003051757812
879,0.0022034645080566406,0.0022766590118408203,0.0016987323760986328
880,0.0023229122161865234,0.0024063587188720703,0.0014331340789794922
881,0.002383708953857422,0.0023603439331054688,0.0014879703521728516
882,0.002308368682861328,0.0025162696838378906,0.0014827251434326172
883,0.0022203922271728516,0.002183198928833008,0.001459360122680664
884,0.00250244140625,0.002286195755004883,0.0014047622680664062
885,0.0023479461669921875,0.0021064281463623047,0.0015869140625
886,0.0024573802947998047,0.0023279190063476562,0.0013420581817626953
887,0.0021872520446777344,0.0024290084838867188,0.001508951187133789
888,0.002404928207397461,0.008167505264282227,0.0014178752899169922
889,0.002274751663208008,0.0025072097778320312,0.0016777515411376953
890,0.002444744110107422,0.002716064453125,0.001514434814453125
891,0.0022885799407958984,0.002557039260864258,0.0014545917510986328
892,0.002303600311279297,0.0029172897338867188,0.001501321792602539
893,0.002236604690551758,0.002351045608520508,0.0014383792877197266
894,0.0023832321166992188,0.002197742462158203,0.0015490055084228516
895,0.0021991729736328125,0.002218008041381836,0.001489400863647461
896,0.002343893051147461,0.0024459362030029297,0.00151824951171875
897,0.0023860931396484375,0.002327442169189453,0.0014696121215820312
898,0.0022122859954833984,0.0024919509887695312,0.0014483928680419922
899,0.0025038719177246094,0.0022125244140625,0.0013782978057861328
900,0.0022690296173095703,0.002382993698120117,0.0017566680908203125
901,0.0025670528411865234,0.0021448135375976562,0.0015141963958740234
902,0.0023698806762695312,0.002620697021484375,0.0014009475708007812
903,0.002524137496948242,0.0022530555725097656,0.0015034675598144531
904,0.0022439956665039062,0.002506732940673828,0.0013735294342041016
905,0.002360105514526367,0.0023665428161621094,0.0015094280242919922
906,0.0022504329681396484,0.0024347305297851562,0.001512765884399414
907,0.0023887157440185547,0.0023522377014160156,0.0013985633850097656
908,0.0021636486053466797,0.0025076866149902344,0.0013899803161621094
909,0.0025107860565185547,0.002135038375854492,0.0016689300537109375
910,0.002310037612915039,0.0023097991943359375,0.0017306804656982422
911,0.0027458667755126953,0.0020732879638671875,0.0015201568603515625
912,0.002373933792114258,0.0024776458740234375,0.0015246868133544922
913,0.002361774444580078,0.002262115478515625,0.0014579296112060547
914,0.002206563949584961,0.0023958683013916016,0.0015194416046142578
915,0.0023162364959716797,0.002235889434814453,0.0015399456024169922
916,0.002254009246826172,0.0024204254150390625,0.0014498233795166016
917,0.0024580955505371094,0.0022814273834228516,0.0015816688537597656
918,0.0021653175354003906,0.0024809837341308594,0.0015764236450195312
919,0.002419710159301758,0.0022592544555664062,0.0015583038330078125
920,0.0021920204162597656,0.00240325927734375,0.0014224052429199219
921,0.002669811248779297,0.002139568328857422,0.0016074180603027344
922,0.002176046371459961,0.002763509750366211,0.001415252685546875
923,0.0022933483123779297,0.0022857189178466797,0.0014383792877197266
924,0.0023910999298095703,0.002454519271850586,0.0014488697052001953
925,0.0023908615112304688,0.0023403167724609375,0.001338958740234375
926,0.0023157596588134766,0.002228975296020508,0.0015187263488769531
927,0.002406597137451172,0.002084970474243164,0.001554727554321289
928,0.002319812774658203,0.0022301673889160156,0.0014743804931640625
929,0.002445220947265625,0.0022728443145751953,0.0015811920166015625
930,0.0023345947265625,0.0023584365844726562,0.001544952392578125
931,0.0027348995208740234,0.0022661685943603516,0.0016624927520751953
932,0.0022993087768554688,0.002668619155883789,0.0014352798461914062
933,0.0025453567504882812,0.0022563934326171875,0.0015759468078613281
934,0.0023212432861328125,0.0025060176849365234,0.0014832019805908203
935,0.002305269241333008,0.002428293228149414,0.0015048980712890625
936,0.0022628307342529297,0.002462148666381836,0.0014519691467285156
937,0.002359628677368164,0.00231170654296875,0.0015397071838378906
938,0.0023200511932373047,0.0021703243255615234,0.0014028549194335938
939,0.0024030208587646484,0.0020537376403808594,0.0015175342559814453
940,0.0021834373474121094,0.0022614002227783203,0.0013966560363769531
941,0.0025730133056640625,0.0022706985473632812,0.0015249252319335938
942,0.0021467208862304688,0.002603769302368164,0.0017752647399902344
943,0.0023527145385742188,0.0022771358489990234,0.0014743804931640625
944,0.002330303192138672,0.0022063255310058594,0.0016467571258544922
945,0.0023822784423828125,0.0023651123046875,0.0014810562133789062
946,0.0022466182708740234,0.002204418182373047,0.0013706684112548828
947,0.0024251937866210938,0.0023152828216552734,0.0013439655303955078
948,0.002313375473022461,0.002155780792236328,0.0016291141510009766
949,0.002427339553833008,0.0024247169494628906,0.0014553070068359375
950,0.0021712779998779297,0.0022249221801757812,0.0015120506286621094
951,0.0025801658630371094,0.002316713333129883,0.0014190673828125
952,0.002199888229370117,0.0024819374084472656,0.0016505718231201172
953,0.002360820770263672,0.002469778060913086,0.0015370845794677734
954,0.00211334228515625,0.0021486282348632812,0.001508951187133789
955,0.002292156219482422,0.002329111099243164,0.0015134811401367188
956,0.0023119449615478516,0.0023856163024902344,0.0014503002166748047
957,0.002376079559326172,0.0024042129516601562,0.0014600753784179688
958,0.0022735595703125,0.002333402633666992,0.0014033317565917969
959,0.002430438995361328,0.002521514892578125,0.0014040470123291016
960,0.002325296401977539,0.0022139549255371094,0.0015475749969482422
961,0.0026886463165283203,0.002496957778930664,0.0015263557434082031
962,0.0023970603942871094,0.002589702606201172,0.0014684200286865234
963,0.0023598670959472656,0.002360820770263672,0.001750946044921875
964,0.002450704574584961,0.002184152603149414,0.0015740394592285156
965,0.0023658275604248047,0.002249002456665039,0.001470327377319336
966,0.0024738311767578125,0.002257108688354492,0.0015006065368652344
967,0.002159595489501953,0.0024671554565429688,0.0013933181762695312
968,0.002329111099243164,0.002254962921142578,0.0014233589172363281
969,0.00193023681640625,0.002338409423828125,0.001409292221069336
970,0.0023462772369384766,0.002245187759399414,0.0013680458068847656
971,0.002420186996459961,0.0023069381713867188,0.0014612674713134766
972,0.0022804737091064453,0.002346038818359375,0.0014591217041015625
973,0.002211332321166992,0.002218484878540039,0.0017240047454833984
974,0.0023720264434814453,0.0020554065704345703,0.0013666152954101562
975,0.002239704132080078,0.0023343563079833984,0.0014522075653076172
976,0.0023927688598632812,0.002071857452392578,0.0014193058013916016
977,0.0022611618041992188,0.002382993698120117,0.0015444755554199219
978,0.002506732940673828,0.0020842552185058594,0.0015931129455566406
979,0.0022881031036376953,0.002323627471923828,0.0014045238494873047
980,0.0024852752685546875,0.002303600311279297,0.0015702247619628906
981,0.002438068389892578,0.0023148059844970703,0.0015416145324707031
982,0.002413511276245117,0.002729654312133789,0.001476287841796875
983,0.0023124217987060547,0.0025038719177246094,0.0014688968658447266
984,0.002565145492553711,0.002268075942993164,0.0017399787902832031
985,0.002349376678466797,0.002445220947265625,0.0013620853424072266
986,0.0024118423461914062,0.0022792816162109375,0.001374959945678711
987,0.0022416114807128906,0.002391338348388672,0.0014684200286865234
988,0.0027093887329101562,0.0022153854370117188,0.0014715194702148438
989,0.002521514892578125,0.0024170875549316406,0.0015685558319091797
990,0.0024492740631103516,0.002166748046875,0.0014827251434326172
991,0.002334117889404297,0.002316713333129883,0.0014901161193847656
992,0.00234222412109375,0.002268552780151367,0.001367807388305664
993,0.0021550655364990234,0.0023097991943359375,0.0015168190002441406
994,0.0023376941680908203,0.002271413803100586,0.0016260147094726562
995,0.0022125244140625,0.002371549606323242,0.0013997554779052734
996,0.0022683143615722656,0.002209901809692383,0.001440286636352539
997,0.002198457717895508,0.0023431777954101562,0.0013887882232666016
998,0.002462625503540039,0.0020418167114257812,0.0015041828155517578
999,0.002259969711303711,0.002454996109008789,0.0015134811401367188
1000,0.0024309158325195312,0.002205371856689453,0.0013954639434814453
1001,0.0022950172424316406,0.002392292022705078,0.0013539791107177734
1002,0.0026645660400390625,0.0023593902587890625,0.0015251636505126953
1003,0.0022139549255371094,0.002434253692626953,0.001407623291015625
1004,0.002367258071899414,0.0022923946380615234,0.0015163421630859375
1005,0.0023360252380371094,0.0023419857025146484,0.0016033649444580078
1006,0.0025577545166015625,0.002310514450073242,0.0013921260833740234
1007,0.0022656917572021484,0.0024530887603759766,0.0015053749084472656
1008,0.002399921417236328,0.002108335494995117,0.0014770030975341797
1009,0.002249002456665039,0.0022115707397460938,0.00147247314453125
1010,0.002381563186645508,0.002318143844604492,0.001434326171875
1011,0.002406597137451172,0.002154827117919922,0.001512289047241211
1012,0.0023276805877685547,0.002548694610595703,0.0013957023620605469
1013,0.0022678375244140625,0.002174854278564453,0.0015947818756103516
1014,0.0023894309997558594,0.002328634262084961,0.0014667510986328125
1015,0.0022020339965820312,0.0022754669189453125,0.0018439292907714844
1016,0.002234935760498047,0.0024421215057373047,0.001401662826538086
1017,0.002279043197631836,0.00223541259765625,0.0014874935150146484
1018,0.002295255661010742,0.002336263656616211,0.0015139579772949219
1019,0.0022809505462646484,0.0022161006927490234,0.00144195556640625
1020,0.002393007278442383,0.0024538040161132812,0.0014472007751464844
1021,0.002574443817138672,0.0022842884063720703,0.0014281272888183594
1022,0.0024633407592773438,0.0026493072509765625,0.001438140869140625
1023,0.0021941661834716797,0.0022940635681152344,0.0014603137969970703
1024,0.00243377685546875,0.002349376678466797,0.001329183578491211
1025,0.0021944046020507812,0.0022344589233398438,0.0014450550079345703
1026,0.002315044403076172,0.0023262500762939453,0.0017313957214355469
1027,0.0022728443145751953,0.0020868778228759766,0.0014069080352783203
1028,0.0020685195922851562,0.002346515655517578,0.0013184547424316406
1029,0.0024111270904541016,0.002113819122314453,0.0015227794647216797
1030,0.002255678176879883,0.0024657249450683594,0.0014023780822753906
1031,0.0025975704193115234,0.0021915435791015625,0.0015056133270263672
1032,0.0022804737091064453,0.0025260448455810547,0.0014455318450927734
1033,0.0023288726806640625,0.0024013519287109375,0.0013797283172607422
1034,0.002250194549560547,0.0034203529357910156,0.001512765884399414
1035,0.002280712127685547,0.004657745361328125,0.0014679431915283203
1036,0.002225160598754883,0.004155874252319336,0.0017061233520507812
1037,0.002446413040161133,0.002792835235595703,0.0015337467193603516
1038,0.0024137496948242188,0.0029227733612060547,0.001497030258178711
1039,0.002440214157104492,0.00264739990234375,0.0014586448669433594
1040,0.002380847930908203,0.002370119094848633,0.0014925003051757812
1041,0.0027577877044677734,0.002246379852294922,0.001491546630859375
1042,0.0022897720336914062,0.0026416778564453125,0.0014498233795166016
1043,0.0024271011352539062,0.002266407012939453,0.0015101432800292969
1044,0.002260446548461914,0.0024819374084472656,0.0014986991882324219
1045,0.002252817153930664,0.002294778823852539,0.0015294551849365234
1046,0.002287149429321289,0.002475261688232422,0.0013554096221923828
1047,0.002454996109008789,0.002277851104736328,0.0018842220306396484
1048,0.002230405807495117,0.002476215362548828,0.0013074874877929688
1049,0.0024106502532958984,0.0023555755615234375,0.0013163089752197266
1050,0.0021533966064453125,0.0023064613342285156,0.0014338493347167969
1051,0.002521991729736328,0.0020132064819335938,0.0014545917510986328
1052,0.002226114273071289,0.0024912357330322266,0.0014357566833496094
1053,0.0023040771484375,0.002170562744140625,0.0015461444854736328
1054,0.0022706985473632812,0.002351999282836914,0.0014133453369140625
1055,0.0024709701538085938,0.0022232532501220703,0.0013992786407470703
1056,0.0021975040435791016,0.0024907588958740234,0.00142669677734375
1057,0.0023903846740722656,0.002177000045776367,0.00160980224609375
1058,0.002256631851196289,0.0025582313537597656,0.0014767646789550781
1059,0.0023696422576904297,0.002249479293823242,0.0013887882232666016
1060,0.002179384231567383,0.0025222301483154297,0.001447439193725586
1061,0.002652406692504883,0.0023109912872314453,0.0015482902526855469
1062,0.002087116241455078,0.0025811195373535156,0.0015134811401367188
1063,0.002283811569213867,0.002140045166015625,0.0015308856964111328
1064,0.002190113067626953,0.0025207996368408203,0.0015039443969726562
1065,0.0023975372314453125,0.0022406578063964844,0.0015056133270263672
1066,0.002324819564819336,0.0024843215942382812,0.00147247314453125
1067,0.0023386478424072266,0.002291440963745117,0.001394033432006836
1068,0.002359628677368164,0.0024573802947998047,0.0016703605651855469
1069,0.0024764537811279297,0.002296924591064453,0.0015149116516113281
1070,0.0023398399353027344,0.002420663833618164,0.0014753341674804688
1071,0.0027289390563964844,0.0022382736206054688,0.0014498233795166016
1072,0.0021648406982421875,0.002561807632446289,0.0014867782592773438
1073,0.0023965835571289062,0.002269744873046875,0.0014126300811767578
1074,0.0022716522216796875,0.002363920211791992,0.0014731884002685547
1075,0.002470254898071289,0.0024394989013671875,0.001407623291015625
1076,0.0021927356719970703,0.0022852420806884766,0.0013840198516845703
1077,0.002301931381225586,0.0023775100708007812,0.0015408992767333984
1078,0.0021963119506835938,0.0023314952850341797,0.0017325878143310547
1079,0.002477407455444336,0.002390623092651367,0.0015139579772949219
1080,0.002117156982421875,0.00223541259765625,0.0014896392822265625
1081,0.0024220943450927734,0.002438783645629883,0.0015566349029541016
1082,0.0024416446685791016,0.0037314891815185547,0.0013897418975830078
1083,0.002309560775756836,0.004467487335205078,0.0014374256134033203
1084,0.0021791458129882812,0.002696990966796875,0.0014243125915527344
1085,0.0024039745330810547,0.002851247787475586,0.0014379024505615234
1086,0.002190828323364258,0.002460479736328125,0.0014541149139404297
1087,0.002396821975708008,0.0024111270904541016,0.0013976097106933594
1088,0.0023055076599121094,0.0022170543670654297,0.0015490055084228516
1089,0.0024275779724121094,0.0022678375244140625,0.0017004013061523438
1090,0.002169370651245117,0.002170562744140625,0.0015401840209960938
1091,0.0027399063110351562,0.002484560012817383,0.0014560222625732422
1092,0.002483367919921875,0.002481698989868164,0.0014066696166992188
1093,0.0023550987243652344,0.0025632381439208984,0.0014338493347167969
1094,0.002403736114501953,0.002123117446899414,0.0015149116516113281
1095,0.0022630691528320312,0.0022509098052978516,0.001466989517211914
1096,0.002382516860961914,0.0022177696228027344,0.00147247314453125
1097,0.002223491668701172,0.002218008041381836,0.0014798641204833984
1098,0.0023775100708007812,0.0022966861724853516,0.0014486312866210938
1099,0.0022509098052978516,0.0022776126861572266,0.001730203628540039
1100,0.002369403839111328,0.002157926559448242,0.0014183521270751953
1101,0.0024671554565429688,0.0022423267364501953,0.0015566349029541016
1102,0.0023539066314697266,0.002571582794189453,0.001409769058227539
1103,0.0022513866424560547,0.002427816390991211,0.001341104507446289
1104,0.0023050308227539062,0.002204418182373047,0.0014998912811279297
1105,0.002081632614135742,0.002402782440185547,0.0014567375183105469
1106,0.00247955322265625,0.0022084712982177734,0.0014712810516357422
1107,0.0021169185638427734,0.002371072769165039,0.0015037059783935547
1108,0.002239704132080078,0.0021514892578125,0.0014667510986328125
1109,0.0023431777954101562,0.0023064613342285156,0.0014066696166992188
1110,0.0026390552520751953,0.00228118896484375,0.001638650894165039
1111,0.0027599334716796875,0.002298116683959961,0.0013642311096191406
1112,0.0025327205657958984,0.0024721622467041016,0.0014622211456298828
1113,0.0022869110107421875,0.0024862289428710938,0.0013804435729980469
1114,0.0024521350860595703,0.0021572113037109375,0.0013794898986816406
1115,0.0021970272064208984,0.003509521484375,0.0016911029815673828
1116,0.002195596694946289,0.0048749446868896484,0.0014781951904296875
1117,0.002135753631591797,0.0027370452880859375,0.0015163421630859375
1118,0.0024542808532714844,0.002178192138671875,0.0015015602111816406
1119,0.002277374267578125,0.0022995471954345703,0.0015101432800292969
1120,0.002506732940673828,0.0022115707397460938,0.0017924308776855469
1121,0.002472400665283203,0.002434968948364258,0.0015652179718017578
1122,0.002522706985473633,0.002497434616088867,0.0016012191772460938
1123,0.0022749900817871094,0.002659320831298828,0.0015158653259277344
1124,0.0024726390838623047,0.0021860599517822266,0.001451253890991211
1125,0.0022804737091064453,0.0023233890533447266,0.0014774799346923828
1126,0.002396821975708008,0.0020737648010253906,0.0015060901641845703
1127,0.002279520034790039,0.0022165775299072266,0.0013897418975830078
1128,0.0024645328521728516,0.002185344696044922,0.0015132427215576172
1129,0.0021944046020507812,0.002385854721069336,0.0013561248779296875
1130,0.002315044403076172,0.0022368431091308594,0.0013003349304199219
1131,0.002396821975708008,0.0023458003997802734,0.0017116069793701172
1132,0.0023338794708251953,0.0025200843811035156,0.0014209747314453125
1133,0.00225830078125,0.002456188201904297,0.0014498233795166016
1134,0.0022933483123779297,0.002240896224975586,0.001512765884399414
1135,0.002120494842529297,0.002368450164794922,0.0014414787292480469
1136,0.0024089813232421875,0.0022780895233154297,0.0014340877532958984
1137,0.002157926559448242,0.002590656280517578,0.0014278888702392578
1138,0.0023505687713623047,0.0021622180938720703,0.0013880729675292969
1139,0.002232074737548828,0.0024788379669189453,0.0014171600341796875
1140,0.002424478530883789,0.0024805068969726562,0.0013911724090576172
1141,0.0024819374084472656,0.0020987987518310547,0.0017075538635253906
1142,0.0034821033477783203,0.0025277137756347656,0.0014955997467041016
1143,0.004946708679199219,0.0021927356719970703,0.0014507770538330078
1144,0.002534151077270508,0.0024480819702148438,0.0014684200286865234
1145,0.0022242069244384766,0.0023605823516845703,0.0014994144439697266
1146,0.0023789405822753906,0.0024247169494628906,0.0014295578002929688
1147,0.0022814273834228516,0.002093076705932617,0.0015158653259277344
1148,0.002361774444580078,0.0022194385528564453,0.0015616416931152344
1149,0.0022068023681640625,0.002450227737426758,0.001476287841796875
1150,0.0023882389068603516,0.0024878978729248047,0.0016665458679199219
1151,0.002445697784423828,0.002302408218383789,0.0013883113861083984
1152,0.0024802684783935547,0.0026497840881347656,0.00168609619140625
1153,0.002237558364868164,0.002237558364868164,0.0015819072723388672
1154,0.002457141876220703,0.0023736953735351562,0.0015323162078857422
1155,0.0021262168884277344,0.0022687911987304688,0.001556396484375
1156,0.002298116683959961,0.0025339126586914062,0.0014963150024414062
1157,0.002342700958251953,0.0022521018981933594,0.001550436019897461
1158,0.0021429061889648438,0.0023488998413085938,0.0014417171478271484
1159,0.002386808395385742,0.002260923385620117,0.0014009475708007812
1160,0.002237558364868164,0.0023458003997802734,0.0014052391052246094
1161,0.0025000572204589844,0.0021812915802001953,0.0015506744384765625
1162,0.002048492431640625,0.0026400089263916016,0.0016508102416992188
1163,0.0023729801177978516,0.002250194549560547,0.0013976097106933594
1164,0.002132892608642578,0.002481222152709961,0.001377105712890625
1165,0.002357959747314453,0.0021758079528808594,0.0014564990997314453
1166,0.002207517623901367,0.002330303192138672,0.0014116764068603516
1167,0.0023107528686523438,0.0021758079528808594,0.0014069080352783203
1168,0.0022461414337158203,0.0022170543670654297,0.001425027847290039
1169,0.0024886131286621094,0.0021317005157470703,0.0014700889587402344
1170,0.0020940303802490234,0.0023119449615478516,0.0014231204986572266
1171,0.002547025680541992,0.002183675765991211,0.0015881061553955078
1172,0.002160787582397461,0.0026924610137939453,0.0014615058898925781
1173,0.0024955272674560547,0.002328634262084961,0.0016562938690185547
1174,0.0022039413452148438,0.002387523651123047,0.0015301704406738281
1175,0.0022437572479248047,0.002166748046875,0.0015594959259033203
1176,0.0020923614501953125,0.002393960952758789,0.0015034675598144531
1177,0.0023369789123535156,0.0022859573364257812,0.0014946460723876953
1178,0.0022530555725097656,0.0022971630096435547,0.0014426708221435547
1179,0.0023674964904785156,0.0021965503692626953,0.0015723705291748047
1180,0.0021560192108154297,0.0023365020751953125,0.003950595855712891
1181,0.0026111602783203125,0.0021872520446777344,0.001497030258178711
1182,0.0021507740020751953,0.0026128292083740234,0.0014548301696777344
1183,0.0023920536041259766,0.0022110939025878906,0.0015676021575927734
1184,0.002178192138671875,0.0023691654205322266,0.001706838607788086
1185,0.002316713333129883,0.00231170654296875,0.001697540283203125
1186,0.002079486846923828,0.002389669418334961,0.0016205310821533203
1187,0.0024390220642089844,0.002238035202026367,0.0016849040985107422
1188,0.0020923614501953125,0.0025060176849365234,0.0018017292022705078
1189,0.00399017333984375,0.002223968505859375,0.0015225410461425781
1190,0.004975557327270508,0.0024785995483398438,0.0014286041259765625
1191,0.004315853118896484,0.002359628677368164,0.0014884471893310547
1192,0.002100229263305664,0.0026962757110595703,0.0014004707336425781
1193,0.002299070358276367,0.0023005008697509766,0.0013840198516845703
1194,0.0021467208862304688,0.002468585968017578,0.0016155242919921875
1195,0.002405405044555664,0.0022726058959960938,0.0013933181762695312
1196,0.0025289058685302734,0.0024433135986328125,0.0014865398406982422
1197,0.002587556838989258,0.0022211074829101562,0.0015180110931396484
1198,0.0023987293243408203,0.0023140907287597656,0.0015225410461425781
1199,0.002524852752685547,0.0022416114807128906,0.0014600753784179688
1200,0.002289295196533203,0.0023000240325927734,0.0014109611511230469
1201,0.0025806427001953125,0.0021512508392333984,0.001462697982788086
1202,0.0021305084228515625,0.002431154251098633,0.001481771469116211
1203,0.0025310516357421875,0.0021669864654541016,0.0014815330505371094
1204,0.00228118896484375,0.002402782440185547,0.0016849040985107422
1205,0.0024840831756591797,0.0020987987518310547,0.0014111995697021484
1206,0.0023262500762939453,0.002321481704711914,0.0015723705291748047
1207,0.002363443374633789,0.002341747283935547,0.0014157295227050781
1208,0.002252340316772461,0.002227306365966797,0.0014467239379882812
1209,0.0023932456970214844,0.002361297607421875,0.0014963150024414062
1210,0.0024280548095703125,0.0022780895233154297,0.0014681816101074219
1211,0.002746105194091797,0.0024480819702148438,0.0014500617980957031
1212,0.0021820068359375,0.0025587081909179688,0.001455068588256836
1213,0.002473115921020508,0.0025289058685302734,0.0014111995697021484
1214,0.0022420883178710938,0.002324819564819336,0.0014221668243408203
1215,0.0022132396697998047,0.0024056434631347656,0.001739501953125
1216,0.0019884109497070312,0.0022416114807128906,0.0013802051544189453
1217,0.0023593902587890625,0.0024650096893310547,0.0013782978057861328
1218,0.0022590160369873047,0.002195596694946289,0.0014088153839111328
1219,0.002452850341796875,0.0023386478424072266,0.0015177726745605469
1220,0.002191781997680664,0.0021533966064453125,0.0014188289642333984
1221,0.0024747848510742188,0.002382040023803711,0.0013689994812011719
1222,0.0023627281188964844,0.002604246139526367,0.0013475418090820312
1223,0.002157926559448242,0.0023605823516845703,0.0014929771423339844
1224,0.0023851394653320312,0.0022745132446289062,0.001409292221069336
1225,0.002104520797729492,0.002355337142944336,0.0017473697662353516
1226,0.0023651123046875,0.0023212432861328125,0.0014667510986328125
1227,0.002262115478515625,0.002477884292602539,0.0014259815216064453
1228,0.002374410629272461,0.0021719932556152344,0.0015213489532470703
1229,0.0022428035736083984,0.0022764205932617188,0.001458883285522461
1230,0.002404451370239258,0.0022368431091308594,0.0016968250274658203
1231,0.002598285675048828,0.0025153160095214844,0.0015196800231933594
1232,0.0023691654205322266,0.0025224685668945312,0.0014786720275878906
1233,0.0021936893463134766,0.0024001598358154297,0.0015957355499267578
1234,0.0023534297943115234,0.0022683143615722656,0.0014891624450683594
1235,0.0022323131561279297,0.002421140670776367,0.0014884471893310547
1236,0.002450704574584961,0.0023081302642822266,0.0017685890197753906
1237,0.0023889541625976562,0.0024111270904541016,0.0013761520385742188
1238,0.0024857521057128906,0.0021958351135253906,0.0014164447784423828
1239,0.002201080322265625,0.0024704933166503906,0.001455545425415039
1240,0.0023512840270996094,0.0023162364959716797,0.0013744831085205078
1241,0.0024144649505615234,0.0024755001068115234,0.0014944076538085938
1242,0.002351045608520508,0.002435922622680664,0.0015382766723632812
1243,0.002008676528930664,0.0022945404052734375,0.0013892650604248047
1244,0.002248048782348633,0.002234935760498047,0.0013952255249023438
1245,0.002202272415161133,0.0024080276489257812,0.0013866424560546875
1246,0.002457141876220703,0.0021958351135253906,0.0016100406646728516
1247,0.002162456512451172,0.002466440200805664,0.001482248306274414
1248,0.0023293495178222656,0.002312898635864258,0.001417398452758789
1249,0.002166271209716797,0.002406597137451172,0.0013451576232910156
1250,0.0023751258850097656,0.0021915435791015625,0.00152587890625
1251,0.0023832321166992188,0.0022563934326171875,0.0014722347259521484
1252,0.0022606849670410156,0.0022575855255126953,0.0014889240264892578
1253,0.002184152603149414,0.0023717880249023438,0.0017468929290771484
1254,0.002320528030395508,0.002243518829345703,0.0014324188232421875
1255,0.0022461414337158203,0.002331256866455078,0.0014722347259521484
1256,0.002401113510131836,0.002169370651245117,0.0014758110046386719
1257,0.0022122859954833984,0.0024437904357910156,0.0017714500427246094
1258,0.0023577213287353516,0.002373218536376953,0.0014774799346923828
1259,0.0020470619201660156,0.0024881362915039062,0.00151824951171875
1260,0.0024597644805908203,0.0032613277435302734,0.0015184879302978516
1261,0.002461671829223633,0.005211353302001953,0.0015094280242919922
1262,0.0024566650390625,0.004389047622680664,0.0015375614166259766
1263,0.0022721290588378906,0.003203153610229492,0.0015120506286621094
1264,0.0025055408477783203,0.0029494762420654297,0.001504659652709961
1265,0.0044939517974853516,0.0028955936431884766,0.0015184879302978516
1266,0.004498481750488281,0.002156496047973633,0.0014255046844482422
1267,0.0019845962524414062,0.002219676971435547,0.0016338825225830078
1268,0.0023005008697509766,0.002071857452392578,0.0015625953674316406
1269,0.002014636993408203,0.0022454261779785156,0.0014905929565429688
1270,0.002168893814086914,0.0022454261779785156,0.0035855770111083984
1271,0.002508401870727539,0.0023920536041259766,0.0015592575073242188
1272,0.002431154251098633,0.002560853958129883,0.0014832019805908203
1273,0.0021636486053466797,0.002167224884033203,0.0030231475830078125
1274,0.0034151077270507812,0.0024077892303466797,0.0031671524047851562
1275,0.0049631595611572266,0.002274751663208008,0.002946138381958008
1276,0.002179861068725586,0.002339601516723633,0.0029222965240478516
1277,0.0024111270904541016,0.002095937728881836,0.00301361083984375
1278,0.002386331558227539,0.002286195755004883,0.0033206939697265625
1279,0.002249479293823242,0.002092123031616211,0.0030488967895507812
1280,0.0023648738861083984,0.0024404525756835938,0.0030982494354248047
1281,0.002476930618286133,0.002111673355102539,0.0031440258026123047
1282,0.0023725032806396484,0.002699136734008789,0.003907442092895508
1283,0.0021474361419677734,0.002143383026123047,0.003291606903076172
1284,0.0024671554565429688,0.002340078353881836,0.003183603286743164
1285,0.002368927001953125,0.0022592544555664062,0.004213094711303711
1286,0.0021300315856933594,0.0023517608642578125,0.003299713134765625
1287,0.0023317337036132812,0.0021278858184814453,0.003244161605834961
1288,0.0023088455200195312,0.0022385120391845703,0.003899812698364258
1289,0.0023605823516845703,0.0021631717681884766,0.0035905838012695312
1290,0.0023260116577148438,0.002476215362548828,0.003246784210205078
1291,0.002772092819213867,0.002252817153930664,0.002894878387451172
1292,0.002396106719970703,0.002705097198486328,0.0029370784759521484
1293,0.0024955272674560547,0.0023026466369628906,0.003112316131591797
1294,0.0023136138916015625,0.002393007278442383,0.0031745433807373047
1295,0.0023126602172851562,0.002089262008666992,0.003106355667114258
1296,0.002111196517944336,0.002323150634765625,0.0030798912048339844
1297,0.002184629440307617,0.002139568328857422,0.003222227096557617
1298,0.0022704601287841797,0.0023183822631835938,0.003131866455078125
1299,0.0025310516357421875,0.002219676971435547,0.004074811935424805
1300,0.002229928970336914,0.002322673797607422,0.003393888473510742
1301,0.0026319026947021484,0.002270936965942383,0.0032105445861816406
1302,0.0021736621856689453,0.002629995346069336,0.003171682357788086
1303,0.002368450164794922,0.002136707305908203,0.0028476715087890625
1304,0.0023317337036132812,0.0024132728576660156,0.0029268264770507812
1305,0.0024895668029785156,0.0021321773529052734,0.002907276153564453
1306,0.002301454544067383,0.002269268035888672,0.003047466278076172
1307,0.0024111270904541016,0.002283811569213867,0.0029811859130859375
1308,0.0022590160369873047,0.0025632381439208984,0.004091024398803711
1309,0.002230405807495117,0.0022079944610595703,0.0035653114318847656
1310,0.0020685195922851562,0.0022754669189453125,0.0033109188079833984
1311,0.002543926239013672,0.0021979808807373047,0.003958463668823242
1312,0.0023102760314941406,0.002735614776611328,0.004210233688354492
1313,0.0024726390838623047,0.002168416976928711,0.004003286361694336
1314,0.002310037612915039,0.002397775650024414,0.003488302230834961
1315,0.0024476051330566406,0.0021467208862304688,0.0029878616333007812
1316,0.0022542476654052734,0.0022907257080078125,0.002955198287963867
1317,0.002456188201904297,0.0021562576293945312,0.0028955936431884766
1318,0.0023343563079833984,0.0023458003997802734,0.002907991409301758
1319,0.002367258071899414,0.002232789993286133,0.0027773380279541016
1320,0.0020813941955566406,0.0023965835571289062,0.004452228546142578
1321,0.002504587173461914,0.0022306442260742188,0.002901792526245117
1322,0.0021462440490722656,0.002534151077270508,0.003880739212036133
1323,0.002286672592163086,0.0021305084228515625,0.003603219985961914
1324,0.002047300338745117,0.0024716854095458984,0.0034584999084472656
1325,0.0023849010467529297,0.002202749252319336,0.0029714107513427734
1326,0.0022716522216796875,0.0022802352905273438,0.0028924942016601562
1327,0.002424955368041992,0.0020418167114257812,0.004319429397583008
1328,0.002257823944091797,0.0023946762084960938,0.003072977066040039
1329,0.002348661422729492,0.002193450927734375,0.0030863285064697266
1330,0.0022537708282470703,0.0023756027221679688,0.0036993026733398438
1331,0.002607107162475586,0.0021381378173828125,0.0033118724822998047
1332,0.0021924972534179688,0.0025491714477539062,0.003269672393798828
1333,0.0023317337036132812,0.002028226852416992,0.0030670166015625
1334,0.0021910667419433594,0.002317190170288086,0.003081083297729492
1335,0.0023679733276367188,0.0021915435791015625,0.0037360191345214844
1336,0.002197265625,0.0023941993713378906,0.0030393600463867188
1337,0.002258777618408203,0.0022246837615966797,0.0030379295349121094
1338,0.0022056102752685547,0.002432107925415039,0.004118919372558594
1339,0.002394437789916992,0.0023517608642578125,0.003461122512817383
1340,0.0021102428436279297,0.002289295196533203,0.0032274723052978516
1341,0.002705097198486328,0.0025606155395507812,0.0034356117248535156
1342,0.0022935867309570312,0.002541065216064453,0.003011941909790039
1343,0.0024390220642089844,0.002275228500366211,0.0030372142791748047
1344,0.0022614002227783203,0.002123117446899414,0.0030829906463623047
1345,0.002320528030395508,0.0025000572204589844,0.003032684326171875
1346,0.0023009777069091797,0.0022220611572265625,0.002961397171020508
1347,0.002393484115600586,0.002384185791015625,0.003144979476928711
1348,0.0021440982818603516,0.002192974090576172,0.003067493438720703
1349,0.0024018287658691406,0.002452850341796875,0.003996849060058594
1350,0.0021982192993164062,0.002243518829345703,0.003177642822265625
1351,0.0023965835571289062,0.0023603439331054688,0.0034325122833251953
1352,0.0023245811462402344,0.002434968948364258,0.0030477046966552734
1353,0.0023314952850341797,0.002310037612915039,0.003018617630004883
1354,0.002421855926513672,0.0020554065704345703,0.0029859542846679688
1355,0.002260446548461914,0.0023012161254882812,0.003074169158935547
1356,0.002424955368041992,0.002177000045776367,0.002949237823486328
1357,0.002256631851196289,0.0022673606872558594,0.003135204315185547
1358,0.0024907588958740234,0.002051115036010742,0.0027832984924316406
1359,0.002223968505859375,0.0022563934326171875,0.002931833267211914
1360,0.0023424625396728516,0.0020759105682373047,0.0030782222747802734
1361,0.0023992061614990234,0.0024034976959228516,0.003061532974243164
1362,0.002408742904663086,0.0023963451385498047,0.003302335739135742
1363,0.002196073532104492,0.002412080764770508,0.0037729740142822266
1364,0.0023043155670166016,0.0022215843200683594,0.003958702087402344
1365,0.002282857894897461,0.002384662628173828,0.004206418991088867
1366,0.0023622512817382812,0.002265453338623047,0.002981424331665039
1367,0.0021991729736328125,0.002218484878540039,0.0027713775634765625
1368,0.0024514198303222656,0.0023636817932128906,0.002575397491455078
1369,0.002266407012939453,0.0023832321166992188,0.002930164337158203
1370,0.0024530887603759766,0.0021276473999023438,0.0028960704803466797
1371,0.002480030059814453,0.0024001598358154297,0.0038175582885742188
1372,0.0024192333221435547,0.0024132728576660156,0.0033893585205078125
1373,0.0022656917572021484,0.0024123191833496094,0.0032737255096435547
1374,0.002223968505859375,0.002240419387817383,0.004671335220336914
1375,0.0020513534545898438,0.0023193359375,0.0034792423248291016
1376,0.002379894256591797,0.0021941661834716797,0.0032181739807128906
1377,0.0020051002502441406,0.0023958683013916016,0.0030488967895507812
1378,0.002169370651245117,0.0022110939025878906,0.003520488739013672
1379,0.0021810531616210938,0.0023317337036132812,0.003668546676635742
1380,0.002397298812866211,0.0022780895233154297,0.003354310989379883
1381,0.0024051666259765625,0.002298116683959961,0.0027534961700439453
1382,0.0023534297943115234,0.0025184154510498047,0.0037832260131835938
1383,0.0022025108337402344,0.0023953914642333984,0.004094600677490234
1384,0.002429485321044922,0.002299785614013672,0.0029594898223876953
1385,0.002305746078491211,0.0022683143615722656,0.004169464111328125
1386,0.002460002899169922,0.001989603042602539,0.004375934600830078
1387,0.0022118091583251953,0.0025403499603271484,0.003525972366333008
1388,0.0023412704467773438,0.0023479461669921875,0.0033538341522216797
1389,0.0022325515747070312,0.002412080764770508,0.003056049346923828
1390,0.0023679733276367188,0.0022869110107421875,0.0028769969940185547
1391,0.002399444580078125,0.002312183380126953,0.0030405521392822266
1392,0.002467632293701172,0.002473592758178711,0.003968000411987305
1393,0.0021648406982421875,0.0024094581604003906,0.0037453174591064453
1394,0.0035009384155273438,0.0022242069244384766,0.0033664703369140625
1395,0.0038251876831054688,0.0023925304412841797,0.0032896995544433594
1396,0.0030367374420166016,0.0021288394927978516,0.0030570030212402344
1397,0.0028460025787353516,0.0022706985473632812,0.002810955047607422
1398,0.0027670860290527344,0.002180814743041992,0.0037734508514404297
1399,0.0021622180938720703,0.0023458003997802734,0.0031957626342773438
1400,0.0022912025451660156,0.0022962093353271484,0.003158092498779297
1401,0.002290010452270508,0.0023162364959716797,0.003298044204711914
1402,0.002351522445678711,0.002462148666381836,0.0030736923217773438
1403,0.002255678176879883,0.0024576187133789062,0.003000497817993164
1404,0.0021822452545166016,0.002271413803100586,0.0033533573150634766
1405,0.0020036697387695312,0.002401113510131836,0.004142284393310547
1406,0.0023925304412841797,0.002430438995361328,0.0031273365020751953
1407,0.003181934356689453,0.0022857189178466797,0.003083944320678711
1408,0.004808664321899414,0.0023283958435058594,0.003063201904296875
1409,0.003979682922363281,0.005025386810302734,0.002892732620239258
1410,0.0023145675659179688,0.004199028015136719,0.00406646728515625
1411,0.002331972122192383,0.0022439956665039062,0.0033168792724609375
1412,0.002338409423828125,0.002583026885986328,0.0032024383544921875
1413,0.002259969711303711,0.0020508766174316406,0.003247976303100586
1414,0.00249481201171875,0.0022509098052978516,0.0034689903259277344
1415,0.0023055076599121094,0.002288818359375,0.002887725830078125
1416,0.0022058486938476562,0.0023686885833740234,0.003914356231689453
1417,0.002469301223754883,0.0022122859954833984,0.003470897674560547
1418,0.0022590160369873047,0.002365589141845703,0.003242015838623047
1419,0.002454519271850586,0.00215911865234375,0.003293752670288086
1420,0.0022132396697998047,0.002301931381225586,0.0038602352142333984
1421,0.002674102783203125,0.0021021366119384766,0.004549503326416016
1422,0.0022192001342773438,0.0038225650787353516,0.004884481430053711
1423,0.002409219741821289,0.004762887954711914,0.002832174301147461
1424,0.002327442169189453,0.005071878433227539,0.003019094467163086
1425,0.0025484561920166016,0.005155801773071289,0.003925323486328125
1426,0.0023674964904785156,0.005071163177490234,0.003333568572998047
1427,0.002335786819458008,0.0035142898559570312,0.004168272018432617
1428,0.002140522003173828,0.0022690296173095703,0.003919124603271484
1429,0.0022890567779541016,0.0022242069244384766,0.0031948089599609375
1430,0.0021560192108154297,0.00231170654296875,0.0033774375915527344
1431,0.0022835731506347656,0.002129077911376953,0.003458261489868164
1432,0.002023458480834961,0.002631664276123047,0.0031316280364990234
1433,0.0023241043090820312,0.002336740493774414,0.003026723861694336
1434,0.0021321773529052734,0.003022909164428711,0.0025463104248046875
1435,0.002432107925415039,0.0033202171325683594,0.004222869873046875
1436,0.002187013626098633,0.003389596939086914,0.0027878284454345703
1437,0.0024476051330566406,0.002954244613647461,0.003135204315185547
1438,0.002250194549560547,0.002293109893798828,0.0030922889709472656
1439,0.002413034439086914,0.0021419525146484375,0.0032138824462890625
1440,0.0022933483123779297,0.0021991729736328125,0.0031616687774658203
1441,0.0026428699493408203,0.002237558364868164,0.0030517578125
1442,0.0022618770599365234,0.002682924270629883,0.0030126571655273438
1443,0.002515554428100586,0.002242565155029297,0.0029027462005615234
1444,0.002373933792114258,0.0023949146270751953,0.003622293472290039
1445,0.0024275779724121094,0.0021686553955078125,0.0037698745727539062
1446,0.002268552780151367,0.002521514892578125,0.0037984848022460938
1447,0.002426624298095703,0.002317190170288086,0.0030417442321777344
1448,0.0022215843200683594,0.0024917125701904297,0.004177093505859375
1449,0.0024390220642089844,0.0021429061889648438,0.0031578540802001953
1450,0.0022182464599609375,0.0023040771484375,0.0032024383544921875
1451,0.002687215805053711,0.0020084381103515625,0.0032951831817626953
1452,0.0023071765899658203,0.0025472640991210938,0.0032193660736083984
1453,0.002501249313354492,0.002268075942993164,0.0028533935546875
1454,0.0021245479583740234,0.0024116039276123047,0.002755880355834961
1455,0.0022034645080566406,0.002295970916748047,0.002717733383178711
1456,0.0020041465759277344,0.002460479736328125,0.004425048828125
1457,0.002312898635864258,0.0022606849670410156,0.004558086395263672
1458,0.002002239227294922,0.0024442672729492188,0.0030629634857177734
1459,0.002254962921142578,0.002139568328857422,0.0032393932342529297
1460,0.002209901809692383,0.0023610591888427734,0.0035080909729003906
1461,0.0026178359985351562,0.002172708511352539,0.003350496292114258
1462,0.0022170543670654297,0.002619504928588867,0.0026798248291015625
1463,0.0023229122161865234,0.0022575855255126953,0.004088640213012695
1464,0.0021800994873046875,0.002386331558227539,0.0042035579681396484
1465,0.002298116683959961,0.002263784408569336,0.003304004669189453
1466,0.0022704601287841797,0.0023827552795410156,0.0035278797149658203
1467,0.00238800048828125,0.0021076202392578125,0.0035254955291748047
1468,0.0021653175354003906,0.0024034976959228516,0.0030875205993652344
1469,0.0024089813232421875,0.0022552013397216797,0.003085613250732422
1470,0.002218008041381836,0.002451181411743164,0.0032007694244384766
1471,0.0029206275939941406,0.0021507740020751953,0.0031011104583740234
1472,0.002301454544067383,0.0026531219482421875,0.0030035972595214844
1473,0.0023441314697265625,0.002317190170288086,0.0030345916748046875
1474,0.002101421356201172,0.002100706100463867,0.0031499862670898438
1475,0.0022628307342529297,0.0022802352905273438,0.003168344497680664
1476,0.002171754837036133,0.002373218536376953,0.0037064552307128906
1477,0.0023789405822753906,0.0022737979888916016,0.004025459289550781
1478,0.0022895336151123047,0.002183675765991211,0.003644227981567383
1479,0.002363920211791992,0.0022683143615722656,0.002775430679321289
1480,0.0023870468139648438,0.0022270679473876953,0.0027158260345458984
1481,0.0021848678588867188,0.0024404525756835938,0.0027496814727783203
1482,0.002218961715698242,0.0024518966674804688,0.004161834716796875
1483,0.0020105838775634766,0.0023810863494873047,0.005374431610107422
1484,0.0022873878479003906,0.002538442611694336,0.003986835479736328
1485,0.0020017623901367188,0.002519845962524414,0.0035660266876220703
1486,0.0021028518676757812,0.002373933792114258,0.004926919937133789
1487,0.0021975040435791016,0.0025453567504882812,0.004725456237792969
1488,0.0024671554565429688,0.002349376678466797,0.003540515899658203
1489,0.002198934555053711,0.002396106719970703,0.003202199935913086
1490,0.002298116683959961,0.002215862274169922,0.0032355785369873047
1491,0.002271890640258789,0.002310514450073242,0.0030260086059570312
1492,0.0023746490478515625,0.0025353431701660156,0.003014087677001953
1493,0.0022873878479003906,0.0024018287658691406,0.0028526782989501953
1494,0.002473115921020508,0.0022177696228027344,0.0031371116638183594
1495,0.0021665096282958984,0.0023794174194335938,0.0038423538208007812
1496,0.002460956573486328,0.0022385120391845703,0.003638744354248047
1497,0.002282857894897461,0.0023899078369140625,0.002985239028930664
1498,0.002457141876220703,0.0021119117736816406,0.0032324790954589844
1499,0.0022695064544677734,0.0023322105407714844,0.004286289215087891
1500,0.0023338794708251953,0.002193927764892578,0.00438380241394043
1501,0.002261638641357422,0.002390623092651367,0.003214120864868164
1502,0.0023915767669677734,0.0024487972259521484,0.003351449966430664
1503,0.0021152496337890625,0.0024313926696777344,0.004523038864135742
1504,0.002368450164794922,0.002237081527709961,0.0031507015228271484
1505,0.002180814743041992,0.002324342727661133,0.003474712371826172
1506,0.0024309158325195312,0.002249002456665039,0.003169536590576172
1507,0.002199411392211914,0.002385377883911133,0.003089427947998047
1508,0.00222015380859375,0.0022704601287841797,0.003010272979736328
1509,0.002047300338745117,0.0024361610412597656,0.0033922195434570312
1510,0.0023200511932373047,0.0022284984588623047,0.0031452178955078125
1511,0.002397775650024414,0.002545595169067383,0.002950906753540039
1512,0.002260446548461914,0.002633333206176758,0.0030221939086914062
1513,0.0019919872283935547,0.002472400665283203,0.0029664039611816406
1514,0.002337217330932617,0.0021462440490722656,0.004391193389892578
1515,0.0022039413452148438,0.00240325927734375,0.0029489994049072266
1516,0.0022957324981689453,0.0021429061889648438,0.003222942352294922
1517,0.002162456512451172,0.0023686885833740234,0.003601551055908203
1518,0.002357006072998047,0.0022242069244384766,0.0035817623138427734
1519,0.002270936965942383,0.002389669418334961,0.003309011459350586
1520,0.002450704574584961,0.0022628307342529297,0.003582477569580078
1521,0.0025322437286376953,0.002310514450073242,0.004439592361450195
1522,0.002374410629272461,0.002340555191040039,0.003870725631713867
1523,0.0020639896392822266,0.0023698806762695312,0.003072977066040039
1524,0.002204418182373047,0.002192258834838867,0.002755403518676758
1525,0.0021038055419921875,0.0022666454315185547,0.0037806034088134766
1526,0.002249479293823242,0.002176523208618164,0.0033740997314453125
1527,0.0021810531616210938,0.0024139881134033203,0.003225088119506836
1528,0.0022270679473876953,0.0023081302642822266,0.0032355785369873047
1529,0.002198934555053711,0.002477407455444336,0.003066539764404297
1530,0.0023856163024902344,0.0021729469299316406,0.004225969314575195
1531,0.0024673938751220703,0.002339601516723633,0.0032968521118164062
1532,0.0024209022521972656,0.002363443374633789,0.0031599998474121094
1533,0.002278566360473633,0.002388477325439453,0.003114938735961914
1534,0.0024743080139160156,0.002332448959350586,0.0031218528747558594
1535,0.0022335052490234375,0.0025453567504882812,0.004241943359375
1536,0.002320528030395508,0.002294778823852539,0.004111766815185547
1537,0.002129793167114258,0.002366304397583008,0.0027604103088378906
1538,0.0023224353790283203,0.002278566360473633,0.0026836395263671875
1539,0.0019237995147705078,0.002412080764770508,0.003884553909301758
1540,0.0020613670349121094,0.0022745132446289062,0.004300117492675781
1541,0.002374410629272461,0.002177715301513672,0.0033113956451416016
1542,0.0023813247680664062,0.002599000930786133,0.0029671192169189453
1543,0.002177000045776367,0.002173900604248047,0.002939462661743164
1544,0.0022797584533691406,0.002343893051147461,0.004396200180053711
1545,0.0023801326751708984,0.0022220611572265625,0.0033605098724365234
1546,0.0022313594818115234,0.0022416114807128906,0.003305673599243164
1547,0.002376079559326172,0.0021774768829345703,0.0034704208374023438
1548,0.002240896224975586,0.0023360252380371094,0.0033342838287353516
1549,0.002351522445678711,0.002171039581298828,0.0033555030822753906
1550,0.002207040786743164,0.002487659454345703,0.003124713897705078
1551,0.002668619155883789,0.002275228500366211,0.003428936004638672
1552,0.0023012161254882812,0.002620220184326172,0.0030717849731445312
1553,0.0023643970489501953,0.0024261474609375,0.003908872604370117
1554,0.0021910667419433594,0.0024449825286865234,0.0031774044036865234
1555,0.0023076534271240234,0.002276182174682617,0.0032377243041992188
1556,0.0022020339965820312,0.0024042129516601562,0.0029866695404052734
1557,0.002432107925415039,0.0020706653594970703,0.002969026565551758
1558,0.002215147018432617,0.0022192001342773438,0.002936840057373047
1559,0.002414703369140625,0.0020132064819335938,0.002873659133911133
1560,0.002213716506958008,0.0023462772369384766,0.002914905548095703
1561,0.002577066421508789,0.002264738082885742,0.00434112548828125
1562,0.0020694732666015625,0.0025806427001953125,0.004324436187744141
1563,0.0022246837615966797,0.002237558364868164,0.003335237503051758
1564,0.002062559127807617,0.0023458003997802734,0.0034618377685546875
1565,0.0022890567779541016,0.0022187232971191406,0.003193378448486328
1566,0.0020089149475097656,0.002279520034790039,0.0032677650451660156
1567,0.0021924972534179688,0.0022139549255371094,0.0034329891204833984
1568,0.0022122859954833984,0.0024268627166748047,0.003377199172973633
1569,0.0024220943450927734,0.002349853515625,0.0031447410583496094
1570,0.002214193344116211,0.0024633407592773438,0.003034353256225586
1571,0.002577543258666992,0.002254009246826172,0.0034439563751220703
1572,0.0021047592163085938,0.0026731491088867188,0.003654956817626953
1573,0.0023238658905029297,0.002290964126586914,0.003152608871459961
1574,0.002210378646850586,0.0023844242095947266,0.0029954910278320312
1575,0.002363920211791992,0.002032041549682617,0.0027480125427246094
1576,0.0022978782653808594,0.0021982192993164062,0.004085540771484375
1577,0.0024237632751464844,0.0022437572479248047,0.004402637481689453
1578,0.0022170543670654297,0.0022923946380615234,0.003294229507446289
1579,0.002357006072998047,0.0020949840545654297,0.0034036636352539062
1580,0.002151012420654297,0.0023996829986572266,0.0033550262451171875
1581,0.002550363540649414,0.002231121063232422,0.002980470657348633
1582,0.0021855831146240234,0.002753019332885742,0.0031397342681884766
1583,0.002337932586669922,0.002264738082885742,0.002994060516357422
1584,0.002196073532104492,0.0023543834686279297,0.002936840057373047
1585,0.0023734569549560547,0.002296924591064453,0.003024578094482422
1586,0.00222015380859375,0.0023055076599121094,0.0029370784759521484
1587,0.0023956298828125,0.002238750457763672,0.004076480865478516
1588,0.002179861068725586,0.0024378299713134766,0.0043332576751708984
1589,0.0023140907287597656,0.0021970272064208984,0.0033195018768310547
1590,0.0021054744720458984,0.0022530555725097656,0.003426074981689453
1591,0.0026412010192871094,0.0021011829376220703,0.0031435489654541016
1592,0.0022673606872558594,0.0025072097778320312,0.002836942672729492
1593,0.002176046371459961,0.0023505687713623047,0.003246307373046875
1594,0.0020599365234375,0.002338409423828125,0.002929210662841797
1595,0.0023794174194335938,0.0022835731506347656,0.0029735565185546875
1596,0.0022461414337158203,0.0024480819702148438,0.0037178993225097656
1597,0.002348184585571289,0.002062082290649414,0.003862619400024414
1598,0.0021212100982666016,0.002351522445678711,0.0030670166015625
1599,0.002313852310180664,0.002211332321166992,0.0031757354736328125
1600,0.0021071434020996094,0.0022444725036621094,0.004270076751708984
1601,0.0026085376739501953,0.0021708011627197266,0.003256559371948242
1602,0.0022063255310058594,0.002595663070678711,0.003113269805908203
1603,0.0023047924041748047,0.002329111099243164,0.004508495330810547
1604,0.0021207332611083984,0.002415180206298828,0.0033555030822753906
1605,0.002313852310180664,0.002206087112426758,0.003061056137084961
1606,0.00225830078125,0.002413034439086914,0.0031337738037109375
1607,0.0022821426391601562,0.0023546218872070312,0.0041081905364990234
1608,0.0021762847900390625,0.0022945404052734375,0.0031342506408691406
1609,0.0022802352905273438,0.0024940967559814453,0.0028672218322753906
1610,0.002378702163696289,0.002092123031616211,0.0031805038452148438
1611,0.0024499893188476562,0.0023221969604492188,0.003215312957763672
1612,0.0023462772369384766,0.0023353099822998047,0.0033273696899414062
1613,0.0023229122161865234,0.0022802352905273438,0.0029506683349609375
1614,0.002439737319946289,0.0021941661834716797,0.0032873153686523438
1615,0.0021932125091552734,0.0024535655975341797,0.004034280776977539
1616,0.0022563934326171875,0.0022792816162109375,0.003110647201538086
1617,0.002129793167114258,0.002360820770263672,0.00324249267578125
1618,0.002346038818359375,0.0022377967834472656,0.0031409263610839844
1619,0.002190828323364258,0.0023391246795654297,0.0032007694244384766
1620,0.002180814743041992,0.0022630691528320312,0.003347158432006836
1621,0.0021708011627197266,0.002319812774658203,0.0030832290649414062
1622,0.0022585391998291016,0.002454042434692383,0.004515886306762695
1623,0.0021393299102783203,0.0024259090423583984,0.003161191940307617
1624,0.002418041229248047,0.002144336700439453,0.0033860206604003906
1625,0.0021975040435791016,0.0024857521057128906,0.0032241344451904297
1626,0.002370119094848633,0.0023233890533447266,0.004225969314575195
1627,0.0021581649780273438,0.0024111270904541016,0.004103422164916992
1628,0.0023479461669921875,0.002142667770385742,0.0035448074340820312
1629,0.0022199153900146484,0.002426624298095703,0.003473997116088867
1630,0.0022325515747070312,0.002185344696044922,0.0033762454986572266
1631,0.002348184585571289,0.00228118896484375,0.0031065940856933594
1632,0.002414703369140625,0.002361297607421875,0.0033020973205566406
1633,0.0021991729736328125,0.0023355484008789062,0.003097057342529297
1634,0.002366304397583008,0.0022301673889160156,0.003247976303100586
1635,0.0021898746490478516,0.0024230480194091797,0.0034809112548828125
1636,0.0023419857025146484,0.0022034645080566406,0.004032135009765625
1637,0.0022094249725341797,0.0024318695068359375,0.0039958953857421875
1638,0.002388477325439453,0.002083301544189453,0.004155158996582031
1639,0.0022864341735839844,0.002285003662109375,0.0031614303588867188
1640,0.0023877620697021484,0.0021927356719970703,0.0030927658081054688
1641,0.002411365509033203,0.0023169517517089844,0.0035355091094970703
1642,0.0023076534271240234,0.0025568008422851562,0.0030188560485839844
1643,0.002067089080810547,0.0023903846740722656,0.0030524730682373047
1644,0.0022706985473632812,0.0023276805877685547,0.002788066864013672
1645,0.002244234085083008,0.0023603439331054688,0.004600048065185547
1646,0.0023794174194335938,0.0021877288818359375,0.003596067428588867
1647,0.002104043960571289,0.0023908615112304688,0.0036334991455078125
1648,0.002234935760498047,0.002112150192260742,0.002902984619140625
1649,0.002132892608642578,0.002382993698120117,0.002851247787475586
1650,0.002437591552734375,0.0021784305572509766,0.002847909927368164
1651,0.0023114681243896484,0.0022344589233398438,0.0028939247131347656
1652,0.002244234085083008,0.0024039745330810547,0.0029528141021728516
1653,0.0021638870239257812,0.0024759769439697266,0.0028510093688964844
1654,0.0022895336151123047,0.002181529998779297,0.003787994384765625
1655,0.0022194385528564453,0.0022237300872802734,0.0037386417388916016
1656,0.002362966537475586,0.0021445751190185547,0.0033888816833496094
1657,0.0022077560424804688,0.002424955368041992,0.0042765140533447266
1658,0.0023469924926757812,0.0022864341735839844,0.004204750061035156
1659,0.0022814273834228516,0.002447843551635742,0.004019260406494141
1660,0.002442598342895508,0.0022454261779785156,0.003795623779296875
1661,0.002418041229248047,0.0025835037231445312,0.0033845901489257812
1662,0.002467632293701172,0.0025076866149902344,0.0033140182495117188
1663,0.002196788787841797,0.002433300018310547,0.0032944679260253906
1664,0.0024302005767822266,0.0023088455200195312,0.002833127975463867
1665,0.0022542476654052734,0.0022912025451660156,0.0030412673950195312
1666,0.0024411678314208984,0.0021359920501708984,0.0036916732788085938
1667,0.002538919448852539,0.002180337905883789,0.003023386001586914
1668,0.002394437789916992,0.002071380615234375,0.002846240997314453
1669,0.002214193344116211,0.0025107860565185547,0.0028934478759765625
1670,0.002157926559448242,0.002355337142944336,0.002987384796142578
1671,0.002368450164794922,0.002343416213989258,0.0031549930572509766
1672,0.0022192001342773438,0.0024003982543945312,0.003953695297241211
1673,0.0021789073944091797,0.002389192581176758,0.0040590763092041016
1674,0.0021529197692871094,0.002480030059814453,0.003195047378540039
1675,0.002393007278442383,0.0024657249450683594,0.0029404163360595703
1676,0.0021631717681884766,0.002527952194213867,0.002916097640991211
1677,0.0025205612182617188,0.0022554397583007812,0.00429844856262207
1678,0.002213716506958008,0.0021467208862304688,0.004505157470703125
1679,0.0022482872009277344,0.0021886825561523438,0.0033407211303710938
1680,0.0022125244140625,0.0024633407592773438,0.003505706787109375
1681,0.002660989761352539,0.002156972885131836,0.004309892654418945
1682,0.002241373062133789,0.0026159286499023438,0.003263235092163086
1683,0.002395153045654297,0.0022268295288085938,0.0033826828002929688
1684,0.002138376235961914,0.0025217533111572266,0.0035910606384277344
1685,0.0023996829986572266,0.002393007278442383,0.003521442413330078
1686,0.002303600311279297,0.0025892257690429688,0.001828908920288086
1687,0.0024728775024414062,0.0023424625396728516,0.0021390914916992188
1688,0.0023682117462158203,0.0025420188903808594,0.0019190311431884766
1689,0.002328157424926758,0.0021758079528808594,0.001852273941040039
1690,0.0021576881408691406,0.002343893051147461,0.00160980224609375
1691,0.002579927444458008,0.002201557159423828,0.00135040283203125
1692,0.002168416976928711,0.0026006698608398438,0.0013642311096191406
1693,0.002374410629272461,0.0021691322326660156,0.0014688968658447266
1694,0.002292156219482422,0.0023109912872314453,0.0013322830200195312
1695,0.002321481704711914,0.002214193344116211,0.0014309883117675781
1696,0.002177000045776367,0.0024008750915527344,0.0015187263488769531
1697,0.0023026466369628906,0.0022673606872558594,0.0014200210571289062
1698,0.0022377967834472656,0.0024924278259277344,0.0016415119171142578
1699,0.002487659454345703,0.0023000240325927734,0.0015368461608886719
1700,0.0022344589233398438,0.0025184154510498047,0.0014345645904541016
1701,0.0026438236236572266,0.0022737979888916016,0.0017364025115966797
1702,0.002237558364868164,0.002940654754638672,0.001377105712890625
1703,0.0024034976959228516,0.0021927356719970703,0.001318216323852539
1704,0.0022728443145751953,0.0023353099822998047,0.0013644695281982422
1705,0.0024247169494628906,0.002048969268798828,0.001373291015625
1706,0.0020651817321777344,0.0023958683013916016,0.0013942718505859375
1707,0.002427816390991211,0.0022919178009033203,0.0014235973358154297
1708,0.0021483898162841797,0.0022971630096435547,0.001613616943359375
1709,0.002356290817260742,0.002086639404296875,0.0015459060668945312
1710,0.002179384231567383,0.0023810863494873047,0.0015177726745605469
1711,0.0026051998138427734,0.002126455307006836,0.0015184879302978516
1712,0.0022258758544921875,0.0026907920837402344,0.0014374256134033203
1713,0.002397775650024414,0.0022935867309570312,0.0014145374298095703
1714,0.0023021697998046875,0.0022966861724853516,0.0014297962188720703
1715,0.002290010452270508,0.0021944046020507812,0.0014739036560058594
1716,0.0022525787353515625,0.0022885799407958984,0.0015060901641845703
1717,0.0023834705352783203,0.002132415771484375,0.001512765884399414
1718,0.002187967300415039,0.0023603439331054688,0.0014789104461669922
1719,0.002402067184448242,0.0020940303802490234,0.0016765594482421875
1720,0.002277374267578125,0.002286195755004883,0.0014085769653320312
1721,0.0026764869689941406,0.0020830631256103516,0.0014224052429199219
1722,0.002260446548461914,0.0024666786193847656,0.0015227794647216797
1723,0.0024094581604003906,0.0021610260009765625,0.0014803409576416016
1724,0.002310037612915039,0.0025148391723632812,0.0013339519500732422
1725,0.0024199485778808594,0.0021979808807373047,0.0013966560363769531
1726,0.0022537708282470703,0.002372264862060547,0.0014922618865966797
1727,0.002302885055541992,0.0022094249725341797,0.0015187263488769531
1728,0.002211332321166992,0.002372264862060547,0.001538991928100586
1729,0.0023543834686279297,0.00235748291015625,0.0016753673553466797
1730,0.002185821533203125,0.0023877620697021484,0.0014810562133789062
1731,0.002588510513305664,0.0022149085998535156,0.0014579296112060547
1732,0.0022101402282714844,0.0025794506072998047,0.0013544559478759766
1733,0.002218484878540039,0.002311229705810547,0.0013513565063476562
1734,0.002162456512451172,0.002374410629272461,0.0013530254364013672
1735,0.0022881031036376953,0.0023040771484375,0.0015535354614257812
1736,0.002174854278564453,0.002391338348388672,0.0015337467193603516
1737,0.002250194549560547,0.002147197723388672,0.0014739036560058594
1738,0.002147197723388672,0.002216339111328125,0.0015552043914794922
1739,0.0022974014282226562,0.0022230148315429688,0.001535177230834961
1740,0.002446413040161133,0.002324342727661133,0.0016417503356933594
1741,0.002371072769165039,0.00229644775390625,0.0014331340789794922
1742,0.002285003662109375,0.002479076385498047,0.0014390945434570312
1743,0.0021598339080810547,0.0024416446685791016,0.0015230178833007812
1744,0.0022859573364257812,0.002283334732055664,0.0014400482177734375
1745,0.0021698474884033203,0.002442598342895508,0.0013852119445800781
1746,0.0022954940795898438,0.0021796226501464844,0.0014073848724365234
1747,0.0021839141845703125,0.002352476119995117,0.0014042854309082031
1748,0.0023903846740722656,0.0020372867584228516,0.0013968944549560547
1749,0.0021355152130126953,0.0021674633026123047,0.0015077590942382812
1750,0.002351522445678711,0.0021584033966064453,0.0017399787902832031
1751,0.0025434494018554688,0.002372264862060547,0.0013740062713623047
1752,0.0023758411407470703,0.0024242401123046875,0.001402139663696289
1753,0.0032508373260498047,0.0023653507232666016,0.0014965534210205078
1754,0.004239559173583984,0.002158641815185547,0.0013799667358398438
1755,0.0021653175354003906,0.0024077892303466797,0.0015110969543457031
1756,0.0023801326751708984,0.0023276805877685547,0.0013775825500488281
1757,0.002223491668701172,0.002375364303588867,0.0013954639434814453
1758,0.0024046897888183594,0.002260923385620117,0.0013856887817382812
1759,0.0026133060455322266,0.002283811569213867,0.0014104843139648438
1760,0.0022897720336914062,0.0021805763244628906,0.0013823509216308594
1761,0.0023720264434814453,0.0023632049560546875,0.0016274452209472656
1762,0.002360820770263672,0.002341747283935547,0.00140380859375
1763,0.002222299575805664,0.002316713333129883,0.001497030258178711
1764,0.002370595932006836,0.0022623538970947266,0.001482248306274414
1765,0.002223491668701172,0.0023915767669677734,0.0015232563018798828
1766,0.002369403839111328,0.0022649765014648438,0.001520395278930664
1767,0.002264738082885742,0.00237274169921875,0.0014872550964355469
1768,0.0023963451385498047,0.002184629440307617,0.0014400482177734375
1769,0.002260446548461914,0.0023603439331054688,0.0013878345489501953
1770,0.0024924278259277344,0.0022077560424804688,0.0016641616821289062
1771,0.0024814605712890625,0.002433300018310547,0.0017724037170410156
1772,0.002366781234741211,0.0024192333221435547,0.001425027847290039
1773,0.0022535324096679688,0.002309560775756836,0.0013461112976074219
1774,0.0023403167724609375,0.0022690296173095703,0.0014338493347167969
1775,0.002157926559448242,0.0024099349975585938,0.0013649463653564453
1776,0.0023012161254882812,0.0021440982818603516,0.0014278888702392578
1777,0.002172708511352539,0.0024056434631347656,0.0014543533325195312
1778,0.002471923828125,0.0021424293518066406,0.0013451576232910156
1779,0.002256155014038086,0.0023374557495117188,0.0013761520385742188
1780,0.0023984909057617188,0.0021698474884033203,0.0014011859893798828
1781,0.0024824142456054688,0.0023365020751953125,0.0013782978057861328
1782,0.0023648738861083984,0.002439260482788086,0.001726388931274414
1783,0.0022430419921875,0.0025093555450439453,0.0014145374298095703
1784,0.0024023056030273438,0.002221822738647461,0.0013704299926757812
1785,0.002132892608642578,0.0033032894134521484,0.0014913082122802734
1786,0.0025343894958496094,0.0024857521057128906,0.0013935565948486328
1787,0.004845619201660156,0.002732992172241211,0.0013632774353027344
1788,0.004301786422729492,0.0024051666259765625,0.001383066177368164
1789,0.002079010009765625,0.002432107925415039,0.0013587474822998047
1790,0.002279043197631836,0.002379894256591797,0.0014712810516357422
1791,0.0022509098052978516,0.002392292022705078,0.001554250717163086
1792,0.0023200511932373047,0.0022788047790527344,0.0017123222351074219
1793,0.0021708011627197266,0.0023763179779052734,0.0014986991882324219
1794,0.002391338348388672,0.0020780563354492188,0.0014095306396484375
1795,0.002148151397705078,0.0022232532501220703,0.0014235973358154297
1796,0.002262592315673828,0.002163410186767578,0.0014853477478027344
1797,0.002267122268676758,0.002331972122192383,0.0015642642974853516
1798,0.0022940635681152344,0.0022068023681640625,0.001514434814453125
1799,0.0021147727966308594,0.0024263858795166016,0.0014889240264892578
1800,0.002373933792114258,0.0022516250610351562,0.001477956771850586
1801,0.0023827552795410156,0.002450227737426758,0.0015139579772949219
1802,0.00250244140625,0.0023491382598876953,0.002970457077026367
1803,0.0021851062774658203,0.0022568702697753906,0.0018317699432373047
1804,0.002462625503540039,0.0021817684173583984,0.0016434192657470703
1805,0.0023887157440185547,0.002306699752807617,0.0014491081237792969
1806,0.0022814273834228516,0.002171039581298828,0.0016858577728271484
1807,0.0023953914642333984,0.0023276805877685547,0.0016558170318603516
1808,0.0022394657135009766,0.002193927764892578,0.0016760826110839844
1809,0.0023658275604248047,0.0021719932556152344,0.001588582992553711
1810,0.002209901809692383,0.0026149749755859375,0.001544952392578125
1811,0.0026407241821289062,0.0023832321166992188,0.0013604164123535156
1812,0.002091646194458008,0.002527475357055664,0.0013544559478759766
1813,0.0023610591888427734,0.0021164417266845703,0.0015785694122314453
1814,0.0021843910217285156,0.002497434616088867,0.0013751983642578125
1815,0.002350330352783203,0.002422809600830078,0.001367807388305664
1816,0.0022182464599609375,0.002486705780029297,0.0013976097106933594
1817,0.002395153045654297,0.0022580623626708984,0.0014965534210205078
1818,0.002216815948486328,0.002209901809692383,0.0015103816986083984
1819,0.002257108688354492,0.0022497177124023438,0.00152587890625
1820,0.0021071434020996094,0.0023598670959472656,0.0015106201171875
1821,0.002542257308959961,0.0022127628326416016,0.001382589340209961
1822,0.0022439956665039062,0.002699136734008789,0.0013930797576904297
1823,0.0023736953735351562,0.002343893051147461,0.0013797283172607422
1824,0.0021209716796875,0.002434253692626953,0.0017480850219726562
1825,0.0023806095123291016,0.002282381057739258,0.0014672279357910156
1826,0.002166271209716797,0.002385854721069336,0.0014393329620361328
1827,0.0023581981658935547,0.0021517276763916016,0.001398324966430664
1828,0.0022804737091064453,0.002182483673095703,0.0014450550079345703
1829,0.002379179000854492,0.00212860107421875,0.001409292221069336
1830,0.0022492408752441406,0.0023343563079833984,0.0015664100646972656
1831,0.0028162002563476562,0.0023183822631835938,0.0014619827270507812
1832,0.0023262500762939453,0.0026187896728515625,0.0013966560363769531
1833,0.002410888671875,0.0023407936096191406,0.0013728141784667969
1834,0.0021784305572509766,0.002457857131958008,0.001626729965209961
1835,0.002337217330932617,0.002237558364868164,0.001482248306274414
1836,0.0020804405212402344,0.002383708953857422,0.001474618911743164
1837,0.0024514198303222656,0.0022373199462890625,0.0014638900756835938
1838,0.002238035202026367,0.002404928207397461,0.001664876937866211
1839,0.002363920211791992,0.002109527587890625,0.0014777183532714844
1840,0.0022687911987304688,0.0023398399353027344,0.0015490055084228516
1841,0.002337932586669922,0.002284526824951172,0.0014371871948242188
1842,0.0021567344665527344,0.0026788711547851562,0.0013992786407470703
1843,0.0022459030151367188,0.002377033233642578,0.0014653205871582031
1844,0.0020704269409179688,0.002378225326538086,0.0015022754669189453
1845,0.0022945404052734375,0.002201080322265625,0.0018320083618164062
1846,0.0021767616271972656,0.0022482872009277344,0.0014424324035644531
1847,0.002310514450073242,0.0023224353790283203,0.0014734268188476562
1848,0.0022211074829101562,0.0024344921112060547,0.0013761520385742188
1849,0.002414703369140625,0.0022935867309570312,0.0013897418975830078
1850,0.0022470951080322266,0.002649545669555664,0.0013506412506103516
1851,0.0026276111602783203,0.0023040771484375,0.001558542251586914
1852,0.0022275447845458984,0.0025734901428222656,0.0014660358428955078
1853,0.002379179000854492,0.0021715164184570312,0.001420736312866211
1854,0.0022962093353271484,0.002287626266479492,0.0014240741729736328
1855,0.0023288726806640625,0.00211334228515625,0.001741647720336914
1856,0.0021517276763916016,0.002196073532104492,0.0014476776123046875
1857,0.0024123191833496094,0.0020110607147216797,0.0015413761138916016
1858,0.002226591110229492,0.0023162364959716797,0.0014951229095458984
1859,0.002407073974609375,0.0021653175354003906,0.001402139663696289
1860,0.0022597312927246094,0.0023641586303710938,0.0013821125030517578
1861,0.0026292800903320312,0.0021948814392089844,0.0014224052429199219
1862,0.002247333526611328,0.0026328563690185547,0.001466512680053711
1863,0.002346038818359375,0.0022656917572021484,0.0014922618865966797
1864,0.0021190643310546875,0.002465963363647461,0.0013709068298339844
1865,0.002287149429321289,0.0022840499877929688,0.0013661384582519531
1866,0.002071380615234375,0.002285003662109375,0.0015993118286132812
1867,0.0023577213287353516,0.002256631851196289,0.001434326171875
1868,0.0022912025451660156,0.0023992061614990234,0.0013780593872070312
1869,0.0021314620971679688,0.0022351741790771484,0.0013575553894042969
1870,0.0023949146270751953,0.0022895336151123047,0.0013575553894042969
1871,0.0023941993713378906,0.002086162567138672,0.0015347003936767578
1872,0.00241851806640625,0.002613544464111328,0.0015482902526855469
1873,0.0021555423736572266,0.0022487640380859375,0.0016236305236816406
1874,0.0023491382598876953,0.0022754669189453125,0.0014619827270507812
1875,0.0023326873779296875,0.002367258071899414,0.0014123916625976562
1876,0.0024292469024658203,0.0021545886993408203,0.0016603469848632812
1877,0.002201080322265625,0.002398252487182617,0.001424551010131836
1878,0.0023984909057617188,0.002321958541870117,0.0015437602996826172
1879,0.0021784305572509766,0.0023894309997558594,0.0014486312866210938
1880,0.002294301986694336,0.002257823944091797,0.0014295578002929688
1881,0.0023965835571289062,0.0023546218872070312,0.0014052391052246094
1882,0.002376556396484375,0.002448558807373047,0.0014493465423583984
1883,0.0022001266479492188,0.0023496150970458984,0.0013704299926757812
1884,0.0023250579833984375,0.002169370651245117,0.0015196800231933594
1885,0.0021653175354003906,0.002324819564819336,0.0014674663543701172
1886,0.002317667007446289,0.002162933349609375,0.0013813972473144531
1887,0.0022041797637939453,0.0023193359375,0.0015993118286132812
1888,0.0023376941680908203,0.0021708011627197266,0.0015304088592529297
1889,0.002239227294921875,0.0024013519287109375,0.001493692398071289
1890,0.0024251937866210938,0.002154111862182617,0.0014946460723876953
1891,0.002393484115600586,0.00237274169921875,0.0014042854309082031
1892,0.0024666786193847656,0.0023949146270751953,0.0014040470123291016
1893,0.002162456512451172,0.002386808395385742,0.0014040470123291016
1894,0.002439260482788086,0.0021131038665771484,0.0013780593872070312
1895,0.0020258426666259766,0.0024912357330322266,0.0013799667358398438
1896,0.0022754669189453125,0.0022335052490234375,0.0014204978942871094
1897,0.002101898193359375,0.002290010452270508,0.0017614364624023438
1898,0.0025606155395507812,0.0021190643310546875,0.0014963150024414062
1899,0.0021927356719970703,0.0022661685943603516,0.0015079975128173828
1900,0.002356290817260742,0.0021774768829345703,0.0014910697937011719
1901,0.0024023056030273438,0.002435445785522461,0.0014681816101074219
1902,0.002471446990966797,0.0025069713592529297,0.0013937950134277344
1903,0.0022678375244140625,0.0023376941680908203,0.0014081001281738281
1904,0.002349376678466797,0.0021796226501464844,0.0015077590942382812
1905,0.0022356510162353516,0.0022916793823242188,0.001506805419921875
1906,0.002461671829223633,0.002112865447998047,0.0014836788177490234
1907,0.0021216869354248047,0.0023615360260009766,0.0016672611236572266
1908,0.0024123191833496094,0.0021085739135742188,0.001779317855834961
1909,0.0022869110107421875,0.0022830963134765625,0.0014843940734863281
1910,0.002470254898071289,0.002023458480834961,0.0014698505401611328
1911,0.0025510787963867188,0.0021741390228271484,0.0015368461608886719
1912,0.0024194717407226562,0.002453327178955078,0.0015053749084472656
1913,0.0022313594818115234,0.0024716854095458984,0.0014507770538330078
1914,0.002435922622680664,0.002192974090576172,0.0013885498046875
1915,0.0021359920501708984,0.0024080276489257812,0.0014698505401611328
1916,0.0023696422576904297,0.0020401477813720703,0.0014510154724121094
1917,0.0023047924041748047,0.0023109912872314453,0.0014934539794921875
1918,0.0024487972259521484,0.002228260040283203,0.001621246337890625
1919,0.0022695064544677734,0.002399444580078125,0.0014421939849853516
1920,0.002398967742919922,0.002232074737548828,0.0014102458953857422
1921,0.0024111270904541016,0.0022606849670410156,0.0014841556549072266
1922,0.0022780895233154297,0.002520322799682617,0.001379251480102539
1923,0.002167940139770508,0.002374887466430664,0.0014042854309082031
1924,0.0022699832916259766,0.0022122859954833984,0.0014386177062988281
1925,0.002144336700439453,0.0022928714752197266,0.0014927387237548828
1926,0.0022878646850585938,0.002235889434814453,0.0014965534210205078
1927,0.002027273178100586,0.002265453338623047,0.001569509506225586
1928,0.0022771358489990234,0.002217531204223633,0.0014870166778564453
1929,0.0022656917572021484,0.0023331642150878906,0.0016903877258300781
1930,0.0025780200958251953,0.0020825862884521484,0.0014798641204833984
1931,0.0024411678314208984,0.0023560523986816406,0.0015110969543457031
1932,0.0024137496948242188,0.002483367919921875,0.0015368461608886719
1933,0.0023534297943115234,0.0024149417877197266,0.0014300346374511719
1934,0.002278566360473633,0.0021677017211914062,0.001458883285522461
1935,0.002415895462036133,0.0022993087768554688,0.001483917236328125
1936,0.0021924972534179688,0.0021321773529052734,0.0015130043029785156
1937,0.002277851104736328,0.002279043197631836,0.0014772415161132812
1938,0.002194643020629883,0.0021288394927978516,0.001485586166381836
1939,0.002393007278442383,0.0024695396423339844,0.0016477108001708984
1940,0.002178192138671875,0.0024771690368652344,0.0014579296112060547
1941,0.0026023387908935547,0.002254009246826172,0.0013926029205322266
1942,0.002195596694946289,0.002832651138305664,0.0016787052154541016
1943,0.0023565292358398438,0.0022535324096679688,0.0013782978057861328
1944,0.002203226089477539,0.0023567676544189453,0.0015559196472167969
1945,0.002391815185546875,0.0023953914642333984,0.0014758110046386719
1946,0.0022220611572265625,0.0025064945220947266,0.0014481544494628906
1947,0.0022149085998535156,0.0022253990173339844,0.0014166831970214844
1948,0.0020952224731445312,0.0023479461669921875,0.0014314651489257812
1949,0.0021500587463378906,0.002232074737548828,0.0013659000396728516
1950,0.0022020339965820312,0.0022962093353271484,0.001569986343383789
1951,0.0028028488159179688,0.0021555423736572266,0.001390218734741211
1952,0.0022461414337158203,0.002611398696899414,0.0014803409576416016
1953,0.0024285316467285156,0.002333402633666992,0.0014624595642089844
1954,0.0022034645080566406,0.002329587936401367,0.0015039443969726562
1955,0.0024199485778808594,0.0022585391998291016,0.00145721435546875
1956,0.0023398399353027344,0.002321481704711914,0.0013995170593261719
1957,0.002397775650024414,0.0020415782928466797,0.0014035701751708984
1958,0.002140522003173828,0.0023508071899414062,0.0014600753784179688
1959,0.0022804737091064453,0.002237558364868164,0.0015437602996826172
1960,0.0020737648010253906,0.0023794174194335938,0.0016787052154541016
1961,0.0025424957275390625,0.002141714096069336,0.0014510154724121094
1962,0.002160787582397461,0.002572298049926758,0.0014467239379882812
1963,0.0025033950805664062,0.0021674633026123047,0.0015053749084472656
1964,0.0020613670349121094,0.0022039413452148438,0.0014081001281738281
1965,0.0023834705352783203,0.002109527587890625,0.001491546630859375
1966,0.0022525787353515625,0.002359151840209961,0.001491546630859375
1967,0.0023577213287353516,0.002166748046875,0.0014009475708007812
1968,0.002204418182373047,0.0022869110107421875,0.0013885498046875
1969,0.0023605823516845703,0.002187490463256836,0.0014281272888183594
1970,0.0023565292358398438,0.002273082733154297,0.0014350414276123047
1971,0.002690553665161133,0.0021975040435791016,0.0017066001892089844
1972,0.0022013187408447266,0.002689361572265625,0.0013995170593261719
1973,0.002504110336303711,0.0034079551696777344,0.0013806819915771484
1974,0.002323150634765625,0.004369974136352539,0.0013527870178222656
1975,0.00238800048828125,0.0021255016326904297,0.0014545917510986328
1976,0.0022041797637939453,0.0024881362915039062,0.0015881061553955078
1977,0.0022280216217041016,0.0022971630096435547,0.001405954360961914
1978,0.0021762847900390625,0.0024025440216064453,0.001386880874633789
1979,0.002281665802001953,0.002315998077392578,0.0014662742614746094
1980,0.002199888229370117,0.002430438995361328,0.0015659332275390625
1981,0.002521991729736328,0.0021779537200927734,0.0017609596252441406
1982,0.002183198928833008,0.002557516098022461,0.0014867782592773438
1983,0.0023736953735351562,0.0021848678588867188,0.0014357566833496094
1984,0.0022008419036865234,0.0022478103637695312,0.0014090538024902344
1985,0.0023419857025146484,0.002122640609741211,0.0015001296997070312
1986,0.0022084712982177734,0.0023734569549560547,0.001500844955444336
1987,0.0023534297943115234,0.0021545886993408203,0.0013935565948486328
1988,0.0021982192993164062,0.0023114681243896484,0.0013623237609863281
1989,0.002315521240234375,0.0021123886108398438,0.0014736652374267578
1990,0.002220630645751953,0.0022668838500976562,0.0015041828155517578
1991,0.002565145492553711,0.0019791126251220703,0.0014467239379882812
1992,0.0022504329681396484,0.0037980079650878906,0.0017061233520507812
1993,0.002487659454345703,0.0049707889556884766,0.0014638900756835938
1994,0.002225160598754883,0.004170894622802734,0.0015842914581298828
1995,0.0023987293243408203,0.0021469593048095703,0.0014309883117675781
1996,0.0022826194763183594,0.0023713111877441406,0.0014691352844238281
1997,0.0023283958435058594,0.002063274383544922,0.00145721435546875
1998,0.002461671829223633,0.002315521240234375,0.0014815330505371094
1999,0.0021407604217529297,0.0022673606872558594,0.0014684200286865234
2000,0.0023903846740722656,0.0024383068084716797,0.001461029052734375
2001,0.0024454593658447266,0.002343416213989258,0.0013871192932128906
2002,0.0022957324981689453,0.00257110595703125,0.001585245132446289
2003,0.0020225048065185547,0.002306222915649414,0.0013942718505859375
2004,0.002280712127685547,0.002420663833618164,0.0013661384582519531
2005,0.0021347999572753906,0.0024383068084716797,0.0013797283172607422
2006,0.0023102760314941406,0.0020906925201416016,0.0014383792877197266
2007,0.0021924972534179688,0.002254486083984375,0.001508951187133789
2008,0.0022437572479248047,0.0020911693572998047,0.0015323162078857422
2009,0.0021562576293945312,0.002331972122192383,0.0014772415161132812
2010,0.0023992061614990234,0.002278566360473633,0.0013802051544189453
2011,0.002416372299194336,0.002269268035888672,0.0015990734100341797
2012,0.0023393630981445312,0.0024499893188476562,0.001542806625366211
2013,0.002178668975830078,0.0024251937866210938,0.0018391609191894531
2014,0.002326488494873047,0.0022253990173339844,0.0014960765838623047
2015,0.0022957324981689453,0.0024003982543945312,0.0014712810516357422
2016,0.0022335052490234375,0.002126932144165039,0.0015649795532226562
2017,0.0022487640380859375,0.002329587936401367,0.0015568733215332031
2018,0.002364635467529297,0.002095460891723633,0.0014650821685791016
2019,0.0022535324096679688,0.002308368682861328,0.0014379024505615234
2020,0.0023648738861083984,0.0023365020751953125,0.0014350414276123047
2021,0.0024156570434570312,0.0023081302642822266,0.001659393310546875
2022,0.002379894256591797,0.0024042129516601562,0.0014696121215820312
2023,0.0022020339965820312,0.002314329147338867,0.0017216205596923828
2024,0.0023860931396484375,0.0021615028381347656,0.0015599727630615234
2025,0.0021457672119140625,0.0023589134216308594,0.0015635490417480469
2026,0.00228118896484375,0.002202749252319336,0.0014865398406982422
2027,0.0022258758544921875,0.002437591552734375,0.0014367103576660156
2028,0.002411365509033203,0.0021865367889404297,0.0014955997467041016
2029,0.002269268035888672,0.0024564266204833984,0.0014004707336425781
2030,0.002401113510131836,0.0021326541900634766,0.0013356208801269531
2031,0.0023598670959472656,0.0023746490478515625,0.0013768672943115234
2032,0.0023207664489746094,0.0025424957275390625,0.0013659000396728516
2033,0.002176523208618164,0.0023241043090820312,0.0014121532440185547
2034,0.0023403167724609375,0.0021779537200927734,0.0017466545104980469
2035,0.0020787715911865234,0.002381563186645508,0.0015711784362792969
2036,0.0023164749145507812,0.002262592315673828,0.001489400863647461
2037,0.002274036407470703,0.0025734901428222656,0.0014023780822753906
2038,0.0023021697998046875,0.002222299575805664,0.0013735294342041016
2039,0.002238750457763672,0.002528667449951172,0.0015017986297607422
2040,0.0024259090423583984,0.002283334732055664,0.0014979839324951172
2041,0.0024831295013427734,0.002382993698120117,0.0014448165893554688
2042,0.0024881362915039062,0.002583742141723633,0.001420736312866211
2043,0.0023593902587890625,0.002462148666381836,0.0014460086822509766
2044,0.0024297237396240234,0.00214385986328125,0.0017139911651611328
2045,0.0022771358489990234,0.002180814743041992,0.0017459392547607422
2046,0.002402067184448242,0.0020494461059570312,0.0014698505401611328
2047,0.0021600723266601562,0.0024302005767822266,0.0015416145324707031
2048,0.002422809600830078,0.002207040786743164,0.0015587806701660156
2049,0.0021266937255859375,0.0022957324981689453,0.0013761520385742188
2050,0.0024635791778564453,0.002171039581298828,0.0014955997467041016
2051,0.002635955810546875,0.0024063587188720703,0.0013577938079833984
2052,0.0023849010467529297,0.0024209022521972656,0.0014271736145019531
2053,0.0022971630096435547,0.00237274169921875,0.0014350414276123047
2054,0.0023908615112304688,0.002234220504760742,0.0014193058013916016
2055,0.0021719932556152344,0.0024347305297851562,0.0016224384307861328
2056,0.002432584762573242,0.0022416114807128906,0.001468658447265625
2057,0.002187967300415039,0.002312183380126953,0.0013747215270996094
2058,0.002415180206298828,0.00223541259765625,0.0014255046844482422
2059,0.002180337905883789,0.002513885498046875,0.0013971328735351562
2060,0.0022377967834472656,0.0021791458129882812,0.0014274120330810547
2061,0.0024416446685791016,0.0023255348205566406,0.001470327377319336
2062,0.0022644996643066406,0.002668619155883789,0.0015070438385009766
2063,0.0022907257080078125,0.0024230480194091797,0.0014348030090332031
2064,0.0023093223571777344,0.002265453338623047,0.0014233589172363281
2065,0.0023419857025146484,0.0023288726806640625,0.0016484260559082031
2066,0.0022263526916503906,0.002032041549682617,0.0015959739685058594
2067,0.0023550987243652344,0.002277374267578125,0.0015668869018554688
2068,0.0021581649780273438,0.0021636486053466797,0.0014979839324951172
2069,0.0023651123046875,0.002451658248901367,0.0015015602111816406
2070,0.0021224021911621094,0.0022728443145751953,0.0014719963073730469
2071,0.0027227401733398438,0.002277374267578125,0.0014994144439697266
2072,0.002070903778076172,0.0025262832641601562,0.0013680458068847656
2073,0.002299070358276367,0.0021545886993408203,0.0014405250549316406
2074,0.002166748046875,0.0023882389068603516,0.0014500617980957031
2075,0.0022966861724853516,0.0022554397583007812,0.0014662742614746094
2076,0.0022706985473632812,0.002410888671875,0.0016350746154785156
2077,0.0024232864379882812,0.0023696422576904297,0.0017249584197998047
2078,0.0022661685943603516,0.002443552017211914,0.0014498233795166016
2079,0.002418041229248047,0.002432584762573242,0.0016460418701171875
2080,0.0022325515747070312,0.0024595260620117188,0.0014963150024414062
2081,0.002563953399658203,0.002279043197631836,0.0014743804931640625
2082,0.0022428035736083984,0.0026581287384033203,0.0014994144439697266
2083,0.0023615360260009766,0.0022835731506347656,0.0013833045959472656
2084,0.0021409988403320312,0.0023682117462158203,0.0013875961303710938
2085,0.002370119094848633,0.0022323131561279297,0.0014681816101074219
2086,0.002270936965942383,0.0024662017822265625,0.0016524791717529297
2087,0.0023331642150878906,0.0022711753845214844,0.001516103744506836
2088,0.0021333694458007812,0.002367258071899414,0.0014407634735107422
2089,0.002260923385620117,0.0022640228271484375,0.001409769058227539
2090,0.0022194385528564453,0.00249481201171875,0.0014424324035644531
2091,0.002560853958129883,0.0022287368774414062,0.0013511180877685547
2092,0.0022966861724853516,0.0025606155395507812,0.0013339519500732422
2093,0.0023610591888427734,0.0022001266479492188,0.0014545917510986328
2094,0.0021829605102539062,0.002362966537475586,0.0015575885772705078
2095,0.0023622512817382812,0.002288341522216797,0.001489400863647461
2096,0.0023245811462402344,0.002427339553833008,0.0014901161193847656
2097,0.002223491668701172,0.002296924591064453,0.0017366409301757812
2098,0.002294778823852539,0.0023326873779296875,0.0015447139739990234
2099,0.002187967300415039,0.001965045928955078,0.001500844955444336
2100,0.0022454261779785156,0.002371549606323242,0.0014939308166503906
2101,0.0026192665100097656,0.002307891845703125,0.0015490055084228516
2102,0.00222015380859375,0.0027208328247070312,0.0015769004821777344
2103,0.0024442672729492188,0.0022287368774414062,0.0014231204986572266
2104,0.002297639846801758,0.0024509429931640625,0.0015292167663574219
2105,0.0023589134216308594,0.0022499561309814453,0.001386404037475586
2106,0.002160787582397461,0.0023708343505859375,0.0014133453369140625
2107,0.0022552013397216797,0.0021200180053710938,0.0016469955444335938
2108,0.002106189727783203,0.0022966861724853516,0.001462697982788086
2109,0.002330780029296875,0.002251863479614258,0.001478433609008789
2110,0.0022504329681396484,0.0023479461669921875,0.0014758110046386719
2111,0.0024576187133789062,0.0022242069244384766,0.0014140605926513672
2112,0.0022516250610351562,0.0026328563690185547,0.0015370845794677734
2113,0.0023560523986816406,0.0023310184478759766,0.0013265609741210938
2114,0.002224445343017578,0.002307415008544922,0.0017538070678710938
2115,0.0024149417877197266,0.0022504329681396484,0.0015556812286376953
2116,0.002095937728881836,0.0024738311767578125,0.0015728473663330078
2117,0.0023908615112304688,0.002382040023803711,0.0015964508056640625
2118,0.002144336700439453,0.0022716522216796875,0.0017290115356445312
2119,0.002413034439086914,0.0021333694458007812,0.0015625953674316406
2120,0.0022034645080566406,0.002303600311279297,0.001584768295288086
2121,0.0026128292083740234,0.002137899398803711,0.0015230178833007812
2122,0.002315044403076172,0.002505779266357422,0.0014524459838867188
2123,0.002488374710083008,0.0021240711212158203,0.0014591217041015625
2124,0.0020890235900878906,0.0024161338806152344,0.0014336109161376953
2125,0.0023450851440429688,0.0020647048950195312,0.0014965534210205078
2126,0.002228975296020508,0.0020744800567626953,0.0013914108276367188
2127,0.0023107528686523438,0.002171754837036133,0.0015132427215576172
2128,0.002294301986694336,0.002349376678466797,0.0017285346984863281
2129,0.0021932125091552734,0.0022377967834472656,0.0015003681182861328
2130,0.0023598670959472656,0.0023598670959472656,0.0014057159423828125
2131,0.0023775100708007812,0.0022859573364257812,0.0014491081237792969
2132,0.0023839473724365234,0.0026121139526367188,0.0014426708221435547
2133,0.0022716522216796875,0.002264738082885742,0.0013973712921142578
2134,0.002346038818359375,0.002361774444580078,0.0014073848724365234
2135,0.0021648406982421875,0.00220489501953125,0.0013911724090576172
2136,0.002342700958251953,0.0024116039276123047,0.001405954360961914
2137,0.002195596694946289,0.0021729469299316406,0.001399993896484375
2138,0.0024361610412597656,0.0023071765899658203,0.001377105712890625
2139,0.002246856689453125,0.002297639846801758,0.0016179084777832031
2140,0.002475261688232422,0.0023696422576904297,0.001394510269165039
2141,0.002426624298095703,0.0023772716522216797,0.0015320777893066406
2142,0.0024216175079345703,0.002541065216064453,0.0014934539794921875
2143,0.00232696533203125,0.0024924278259277344,0.0014452934265136719
2144,0.002321004867553711,0.0022249221801757812,0.0014846324920654297
2145,0.0021369457244873047,0.0022668838500976562,0.0014178752899169922
2146,0.003444671630859375,0.0022547245025634766,0.0014538764953613281
2147,0.004042625427246094,0.0023567676544189453,0.0014913082122802734
2148,0.0026869773864746094,0.002218961715698242,0.001676321029663086
2149,0.0025069713592529297,0.00229644775390625,0.0018525123596191406
2150,0.0027043819427490234,0.0021114349365234375,0.0015652179718017578
2151,0.0025081634521484375,0.0023424625396728516,0.001486063003540039
2152,0.0025272369384765625,0.002284526824951172,0.0015387535095214844
2153,0.0021576881408691406,0.002166271209716797,0.0014810562133789062
2154,0.0034623146057128906,0.0022203922271728516,0.0015938282012939453
2155,0.0036673545837402344,0.0024123191833496094,0.001512289047241211
2156,0.003677845001220703,0.0022199153900146484,0.0015048980712890625
2157,0.0026416778564453125,0.002408266067504883,0.0014858245849609375
2158,0.0022819042205810547,0.0022552013397216797,0.0013937950134277344
2159,0.002118825912475586,0.002331972122192383,0.0014445781707763672
2160,0.0023458003997802734,0.0022420883178710938,0.001752614974975586
2161,0.0023055076599121094,0.0023660659790039062,0.001520395278930664
2162,0.002407550811767578,0.0024890899658203125,0.001527547836303711
2163,0.0021677017211914062,0.002457141876220703,0.0014598369598388672
2164,0.002410411834716797,0.0023293495178222656,0.0014438629150390625
2165,0.002208232879638672,0.0025718212127685547,0.0014147758483886719
2166,0.0022859573364257812,0.002344369888305664,0.0014290809631347656
2167,0.0022079944610595703,0.0024788379669189453,0.0013191699981689453
2168,0.0022745132446289062,0.002245187759399414,0.0014538764953613281
2169,0.002241373062133789,0.0023856163024902344,0.0014595985412597656
2170,0.0023458003997802734,0.002153158187866211,0.001641988754272461
2171,0.0024003982543945312,0.0022759437561035156,0.0014667510986328125
2172,0.002447843551635742,0.0022840499877929688,0.0013785362243652344
2173,0.0023345947265625,0.0023937225341796875,0.0014858245849609375
2174,0.0024437904357910156,0.0021333694458007812,0.0015349388122558594
2175,0.002311229705810547,0.0022830963134765625,0.0015304088592529297
2176,0.0024073123931884766,0.0021028518676757812,0.0014865398406982422
2177,0.002240896224975586,0.002266407012939453,0.0014362335205078125
2178,0.002386331558227539,0.0021522045135498047,0.001405477523803711
2179,0.0022852420806884766,0.002269744873046875,0.00147247314453125
2180,0.0023996829986572266,0.001961946487426758,0.0014133453369140625
2181,0.002448558807373047,0.002346038818359375,0.0017104148864746094
2182,0.0024852752685546875,0.0026557445526123047,0.0014412403106689453
2183,0.002225637435913086,0.002372264862060547,0.001720428466796875
2184,0.0024156570434570312,0.0021905899047851562,0.00145721435546875
2185,0.0021767616271972656,0.002391338348388672,0.0014696121215820312
2186,0.002476215362548828,0.002110719680786133,0.0013959407806396484
2187,0.002263307571411133,0.0023441314697265625,0.001468658447265625
2188,0.0024063587188720703,0.0021817684173583984,0.0015120506286621094
2189,0.002304553985595703,0.0023016929626464844,0.0014836788177490234
2190,0.002445220947265625,0.0021784305572509766,0.0013577938079833984
2191,0.002508401870727539,0.0022852420806884766,0.0016398429870605469
2192,0.0023751258850097656,0.0023920536041259766,0.0013890266418457031
2193,0.002292156219482422,0.002343416213989258,0.0014185905456542969
2194,0.002061128616333008,0.002252340316772461,0.0013434886932373047
2195,0.0024385452270507812,0.002312183380126953,0.0015411376953125
2196,0.0022611618041992188,0.00223541259765625,0.001482248306274414
2197,0.0023505687713623047,0.002337217330932617,0.0015330314636230469
2198,0.0022802352905273438,0.0022199153900146484,0.0014948844909667969
2199,0.0023009777069091797,0.002272367477416992,0.0014307498931884766
2200,0.002020120620727539,0.0022513866424560547,0.0014507770538330078
2201,0.0025529861450195312,0.0022475719451904297,0.0015568733215332031
2202,0.002350330352783203,0.0023741722106933594,0.0017824172973632812
2203,0.0022902488708496094,0.002329111099243164,0.0014758110046386719
2204,0.0022177696228027344,0.0022177696228027344,0.0014193058013916016
2205,0.002250194549560547,0.0022068023681640625,0.0015125274658203125
2206,0.002352476119995117,0.0022368431091308594,0.0015537738800048828
2207,0.002217531204223633,0.0019540786743164062,0.0014653205871582031
2208,0.0022552013397216797,0.0022788047790527344,0.0014965534210205078
2209,0.002414226531982422,0.0022430419921875,0.0014595985412597656
2210,0.0022881031036376953,0.002364635467529297,0.0015265941619873047
2211,0.002594470977783203,0.0021734237670898438,0.0014128684997558594
2212,0.002151966094970703,0.0026543140411376953,0.0016198158264160156
2213,0.002416849136352539,0.0023109912872314453,0.0014083385467529297
2214,0.0022614002227783203,0.0024127960205078125,0.0014269351959228516
2215,0.0023674964904785156,0.0021550655364990234,0.0013966560363769531
2216,0.0022764205932617188,0.002406597137451172,0.0014052391052246094
2217,0.0024030208587646484,0.0023827552795410156,0.001542806625366211
2218,0.002222299575805664,0.0024385452270507812,0.0013370513916015625
2219,0.0023849010467529297,0.002305746078491211,0.0014030933380126953
2220,0.002265453338623047,0.0025153160095214844,0.0014069080352783203
2221,0.0027048587799072266,0.002270936965942383,0.001463174819946289
2222,0.0022029876708984375,0.0026111602783203125,0.0015115737915039062
2223,0.002416849136352539,0.0022394657135009766,0.0017135143280029297
2224,0.002131938934326172,0.002476215362548828,0.001528024673461914
2225,0.0022821426391601562,0.002368450164794922,0.0015208721160888672
2226,0.002194643020629883,0.0023581981658935547,0.0014319419860839844
2227,0.0023148059844970703,0.002054929733276367,0.0014448165893554688
2228,0.0021457672119140625,0.0023021697998046875,0.0014829635620117188
2229,0.0024263858795166016,0.0021941661834716797,0.001537322998046875
2230,0.0022203922271728516,0.0022704601287841797,0.0014848709106445312
2231,0.0026276111602783203,0.0022063255310058594,0.001422882080078125
2232,0.0021686553955078125,0.0025949478149414062,0.0015053749084472656
2233,0.002592802047729492,0.0022232532501220703,0.0017659664154052734
2234,0.006467103958129883,0.0021660327911376953,0.0015609264373779297
2235,0.003049612045288086,0.002209186553955078,0.0014951229095458984
2236,0.0027947425842285156,0.002451658248901367,0.0014982223510742188
2237,0.002659320831298828,0.002206087112426758,0.0015103816986083984
2238,0.0021495819091796875,0.0023419857025146484,0.0015406608581542969
2239,0.0023038387298583984,0.0023393630981445312,0.0014536380767822266
2240,0.0022475719451904297,0.002517223358154297,0.0015153884887695312
2241,0.0025789737701416016,0.002324342727661133,0.0014832019805908203
2242,0.002195596694946289,0.002633810043334961,0.0015609264373779297
2243,0.0023832321166992188,0.0022225379943847656,0.0015289783477783203
2244,0.0022542476654052734,0.0023534297943115234,0.0016632080078125
2245,0.002482175827026367,0.002212047576904297,0.001407623291015625
2246,0.002220630645751953,0.0024259090423583984,0.0014231204986572266
2247,0.002386331558227539,0.0023446083068847656,0.0014247894287109375
2248,0.002284526824951172,0.0024063587188720703,0.0014204978942871094
2249,0.0024957656860351562,0.0023763179779052734,0.0014879703521728516
2250,0.0022246837615966797,0.002424478530883789,0.0014674663543701172
2251,0.0026597976684570312,0.002264738082885742,0.0017228126525878906
2252,0.002293109893798828,0.0026640892028808594,0.001493692398071289
2253,0.0023262500762939453,0.002320528030395508,0.0014567375183105469
2254,0.002114534378051758,0.0023491382598876953,0.0016624927520751953
2255,0.0024144649505615234,0.0021932125091552734,0.0014336109161376953
2256,0.002291440963745117,0.0023343563079833984,0.0015001296997070312
2257,0.002378225326538086,0.0019931793212890625,0.0013806819915771484
2258,0.002422809600830078,0.0023038387298583984,0.0013887882232666016
2259,0.0021829605102539062,0.0020782947540283203,0.001405954360961914
2260,0.0023450851440429688,0.002271413803100586,0.001501321792602539
2261,0.0024063587188720703,0.0021910667419433594,0.0015137195587158203
2262,0.0024046897888183594,0.002733945846557617,0.0014982223510742188
2263,0.002256155014038086,0.0022003650665283203,0.0014986991882324219
2264,0.002435922622680664,0.0023767948150634766,0.0015330314636230469
2265,0.002197265625,0.0021097660064697266,0.0017917156219482422
2266,0.002461671829223633,0.0022706985473632812,0.0015368461608886719
2267,0.0022139549255371094,0.002149343490600586,0.0014643669128417969
2268,0.0024080276489257812,0.002382993698120117,0.001561880111694336
2269,0.0022597312927246094,0.0021991729736328125,0.0016007423400878906
2270,0.0024030208587646484,0.002418994903564453,0.0015780925750732422
2271,0.0023686885833740234,0.0023484230041503906,0.0014438629150390625
2272,0.0021712779998779297,0.0024144649505615234,0.001443624496459961
2273,0.0021822452545166016,0.002338409423828125,0.0013036727905273438
2274,0.002358675003051758,0.002165079116821289,0.0014045238494873047
2275,0.0022161006927490234,0.002402782440185547,0.0016417503356933594
2276,0.0023653507232666016,0.0022230148315429688,0.0014967918395996094
2277,0.0021529197692871094,0.002337932586669922,0.0014905929565429688
2278,0.002283334732055664,0.0022017955780029297,0.0015463829040527344
2279,0.002183198928833008,0.0024666786193847656,0.0014672279357910156
2280,0.002267122268676758,0.0023298263549804688,0.0014650821685791016
2281,0.0022897720336914062,0.0023806095123291016,0.0013747215270996094
2282,0.0023872852325439453,0.0025522708892822266,0.0013718605041503906
2283,0.0022284984588623047,0.002338409423828125,0.001550912857055664
2284,0.002301931381225586,0.0022072792053222656,0.001476287841796875
2285,0.0022547245025634766,0.0024247169494628906,0.001649618148803711
2286,0.002290010452270508,0.0023467540740966797,0.0018525123596191406
2287,0.002241849899291992,0.0024793148040771484,0.0015401840209960938
2288,0.002291440963745117,0.002017498016357422,0.0015954971313476562
2289,0.0022401809692382812,0.0024340152740478516,0.0015425682067871094
2290,0.002471446990966797,0.0022630691528320312,0.0015671253204345703
2291,0.0024912357330322266,0.0025076866149902344,0.0015938282012939453
2292,0.0024747848510742188,0.0023279190063476562,0.0015606880187988281
2293,0.002225637435913086,0.0023627281188964844,0.0014200210571289062
2294,0.0024368762969970703,0.0021359920501708984,0.00148773193359375
2295,0.002342700958251953,0.0025107860565185547,0.0014405250549316406
2296,0.0023131370544433594,0.0021605491638183594,0.0016939640045166016
2297,0.0021457672119140625,0.0023756027221679688,0.0014491081237792969
2298,0.0022928714752197266,0.0021936893463134766,0.001459360122680664
2299,0.001943826675415039,0.0023560523986816406,0.0014181137084960938
2300,0.0023255348205566406,0.0021975040435791016,0.0013852119445800781
2301,0.0024330615997314453,0.0024127960205078125,0.0014448165893554688
2302,0.0023331642150878906,0.002676248550415039,0.0013797283172607422
2303,0.002118825912475586,0.0024623870849609375,0.0015196800231933594
2304,0.002315521240234375,0.0022194385528564453,0.0014927387237548828
2305,0.0020751953125,0.0023016929626464844,0.0014617443084716797
2306,0.0023429393768310547,0.002290010452270508,0.0014934539794921875
2307,0.002083301544189453,0.0023140907287597656,0.0017135143280029297
2308,0.0024797916412353516,0.002153635025024414,0.0014755725860595703
2309,0.0022356510162353516,0.002216815948486328,0.001455068588256836
2310,0.0023801326751708984,0.002242565155029297,0.0014982223510742188
2311,0.0026230812072753906,0.0024461746215820312,0.0014507770538330078
2312,0.0023658275604248047,0.002365589141845703,0.0015492439270019531
2313,0.0021042823791503906,0.0024700164794921875,0.0014951229095458984
2314,0.0023202896118164062,0.0022301673889160156,0.0015256404876708984
2315,0.002094268798828125,0.0022482872009277344,0.0015513896942138672
2316,0.002367734909057617,0.002218484878540039,0.0014948844909667969
2317,0.0022051334381103516,0.0023543834686279297,0.0016930103302001953
2318,0.002405405044555664,0.0021822452545166016,0.0015206336975097656
2319,0.002156496047973633,0.0023212432861328125,0.001485586166381836
2320,0.0023598670959472656,0.00231170654296875,0.0017189979553222656
2321,0.0024993419647216797,0.0025396347045898438,0.0015003681182861328
2322,0.0024747848510742188,0.0025534629821777344,0.001516580581665039
2323,0.002297639846801758,0.002424955368041992,0.0014214515686035156
2324,0.002173900604248047,0.002292156219482422,0.0014262199401855469
2325,0.0024251937866210938,0.0024106502532958984,0.0014336109161376953
2326,0.002138376235961914,0.002240419387817383,0.0013914108276367188
2327,0.002331972122192383,0.002362489700317383,0.0014522075653076172
2328,0.0022516250610351562,0.002145528793334961,0.0016698837280273438
2329,0.0023725032806396484,0.002431631088256836,0.0013546943664550781
2330,0.002292156219482422,0.0021691322326660156,0.0014650821685791016
2331,0.0025489330291748047,0.0023157596588134766,0.0014467239379882812
2332,0.0020503997802734375,0.0024840831756591797,0.0014574527740478516
2333,0.00246429443359375,0.002416372299194336,0.0014679431915283203
2334,0.002058267593383789,0.0021538734436035156,0.0014109611511230469
2335,0.002227783203125,0.0024111270904541016,0.001405477523803711
2336,0.0021276473999023438,0.002356290817260742,0.0014004707336425781
2337,0.0023391246795654297,0.002328157424926758,0.0015316009521484375
2338,0.002144336700439453,0.0024805068969726562,0.0017139911651611328
2339,0.0024199485778808594,0.0020143985748291016,0.001554727554321289
2340,0.0020885467529296875,0.0024149417877197266,0.0014014244079589844
2341,0.002646207809448242,0.002187013626098633,0.0015645027160644531
2342,0.0021562576293945312,0.002539396286010742,0.001528024673461914
2343,0.0023965835571289062,0.002400636672973633,0.0015058517456054688
2344,0.0021941661834716797,0.0025420188903808594,0.0014104843139648438
2345,0.0023927688598632812,0.002345561981201172,0.001474618911743164
2346,0.002318143844604492,0.0023751258850097656,0.0014820098876953125
2347,0.0023157596588134766,0.002172708511352539,0.0014734268188476562
2348,0.0022125244140625,0.0023314952850341797,0.0013914108276367188
2349,0.0023956298828125,0.002313852310180664,0.0016376972198486328
2350,0.0022051334381103516,0.0024688243865966797,0.0014562606811523438
2351,0.0026199817657470703,0.002285480499267578,0.0014591217041015625
2352,0.002276182174682617,0.002633810043334961,0.0014903545379638672
2353,0.0024085044860839844,0.0022466182708740234,0.0014221668243408203
2354,0.002221345901489258,0.0024824142456054688,0.001775503158569336
2355,0.002432107925415039,0.0021839141845703125,0.0015239715576171875
2356,0.0023016929626464844,0.002618551254272461,0.0016489028930664062
2357,0.002489328384399414,0.0023279190063476562,0.0015292167663574219
2358,0.002206563949584961,0.0026154518127441406,0.001485586166381836
2359,0.0024864673614501953,0.002294778823852539,0.0017673969268798828
2360,0.0023949146270751953,0.0023267269134521484,0.0015249252319335938
2361,0.0024275779724121094,0.002061128616333008,0.0015795230865478516
2362,0.002117156982421875,0.0024836063385009766,0.001512765884399414
2363,0.002361774444580078,0.0021719932556152344,0.0015347003936767578
2364,0.0022094249725341797,0.0024411678314208984,0.0015392303466796875
2365,0.0023980140686035156,0.0021376609802246094,0.0014750957489013672
2366,0.0022530555725097656,0.002318859100341797,0.001462697982788086
2367,0.0022597312927246094,0.002286195755004883,0.0016446113586425781
2368,0.002248048782348633,0.0023529529571533203,0.0015676021575927734
2369,0.0023250579833984375,0.0020453929901123047,0.0016052722930908203
2370,0.002298116683959961,0.0024569034576416016,0.0017788410186767578
2371,0.0026907920837402344,0.0022478103637695312,0.0014662742614746094
2372,0.002310037612915039,0.0025627613067626953,0.0015604496002197266
2373,0.0023229122161865234,0.0021796226501464844,0.0014617443084716797
2374,0.0020575523376464844,0.0023565292358398438,0.001501321792602539
2375,0.0023050308227539062,0.0021953582763671875,0.0015065670013427734
2376,0.0022339820861816406,0.0023992061614990234,0.0015056133270263672
2377,0.0024437904357910156,0.002289295196533203,0.0014584064483642578
2378,0.0022461414337158203,0.002406597137451172,0.0014200210571289062
2379,0.0024175643920898438,0.002251863479614258,0.0014100074768066406
2380,0.0021550655364990234,0.002401113510131836,0.0016841888427734375
2381,0.002624034881591797,0.002332925796508789,0.001483917236328125
2382,0.002263307571411133,0.0026252269744873047,0.0015232563018798828
2383,0.002436399459838867,0.002284526824951172,0.0015869140625
2384,0.0023059844970703125,0.0023784637451171875,0.0015246868133544922
2385,0.0023796558380126953,0.002233743667602539,0.0015468597412109375
2386,0.0024428367614746094,0.0023956298828125,0.0015075206756591797
2387,0.002287149429321289,0.0022716522216796875,0.0014910697937011719
2388,0.002179861068725586,0.0023200511932373047,0.0014348030090332031
2389,0.0022678375244140625,0.0022394657135009766,0.0016808509826660156
2390,0.002329587936401367,0.0023245811462402344,0.0015108585357666016
2391,0.002427339553833008,0.0023102760314941406,0.001734018325805664
2392,0.0023746490478515625,0.002561330795288086,0.0014126300811767578
2393,0.0021996498107910156,0.0022482872009277344,0.0015265941619873047
2394,0.002287149429321289,0.0023627281188964844,0.0015239715576171875
2395,0.0022268295288085938,0.0021004676818847656,0.001516580581665039
2396,0.002240896224975586,0.0021555423736572266,0.0015935897827148438
2397,0.002225160598754883,0.002115964889526367,0.0015411376953125
2398,0.002362489700317383,0.0025141239166259766,0.0014793872833251953
2399,0.0023059844970703125,0.0022373199462890625,0.0015120506286621094
2400,0.0023746490478515625,0.002354145050048828,0.0034182071685791016
2401,0.002398252487182617,0.0022628307342529297,0.0019865036010742188
2402,0.002424478530883789,0.002486705780029297,0.0017020702362060547
2403,0.002285480499267578,0.002359628677368164,0.0016262531280517578
2404,0.002446889877319336,0.002133607864379883,0.0016331672668457031
2405,0.0022368431091308594,0.00246429443359375,0.0015172958374023438
2406,0.002415895462036133,0.002285003662109375,0.0013885498046875
2407,0.0020737648010253906,0.0023300647735595703,0.0014312267303466797
2408,0.002354860305786133,0.002107858657836914,0.001375436782836914
2409,0.0021016597747802734,0.002432107925415039,0.0013704299926757812
2410,0.0024132728576660156,0.002290964126586914,0.0014777183532714844
2411,0.002477407455444336,0.0023555755615234375,0.0014772415161132812
2412,0.0023508071899414062,0.002497434616088867,0.001705169677734375
2413,0.0022449493408203125,0.0024864673614501953,0.0014145374298095703
2414,0.0024797916412353516,0.002227306365966797,0.001567840576171875
2415,0.0021965503692626953,0.0023195743560791016,0.0013582706451416016
2416,0.0024945735931396484,0.002164125442504883,0.0014221668243408203
2417,0.0021839141845703125,0.00246429443359375,0.001374959945678711
2418,0.002302408218383789,0.002300739288330078,0.0014824867248535156
2419,0.002096891403198242,0.0022394657135009766,0.0013995170593261719
2420,0.002307415008544922,0.0021796226501464844,0.002175569534301758
2421,0.0024127960205078125,0.002353668212890625,0.0016129016876220703
2422,0.002368927001953125,0.0024776458740234375,0.0019085407257080078
2423,0.0021882057189941406,0.002271890640258789,0.0018351078033447266
2424,0.0023658275604248047,0.002252817153930664,0.0016243457794189453
2425,0.002232789993286133,0.0024251937866210938,0.00153350830078125
2426,0.002424478530883789,0.0021178722381591797,0.0015614032745361328
2427,0.0022215843200683594,0.002373933792114258,0.0014863014221191406
2428,0.002277851104736328,0.0021119117736816406,0.0015118122100830078
2429,0.0022704601287841797,0.0022809505462646484,0.0014989376068115234
2430,0.0024480819702148438,0.0021615028381347656,0.0015077590942382812
2431,0.0026907920837402344,0.0022382736206054688,0.001451730728149414
2432,0.002460956573486328,0.0024204254150390625,0.0014851093292236328
2433,0.002190828323364258,0.0024416446685791016,0.001718282699584961
2434,0.0023119449615478516,0.0022606849670410156,0.0015079975128173828
2435,0.0021576881408691406,0.0023796558380126953,0.0013468265533447266
2436,0.002262115478515625,0.0020668506622314453,0.0013918876647949219
2437,0.002270936965942383,0.002456188201904297,0.0015101432800292969
2438,0.0023529529571533203,0.0022575855255126953,0.0015611648559570312
2439,0.0022716522216796875,0.002393960952758789,0.0015213489532470703
2440,0.0023038387298583984,0.0023415088653564453,0.0013768672943115234
2441,0.002368450164794922,0.002443075180053711,0.0015003681182861328
2442,0.002287626266479492,0.0024034976959228516,0.0013630390167236328
2443,0.0021080970764160156,0.002361297607421875,0.0016765594482421875
2444,0.002338409423828125,0.0020945072174072266,0.0014531612396240234
2445,0.0022177696228027344,0.0023887157440185547,0.0015101432800292969
2446,0.002366781234741211,0.0020904541015625,0.0014679431915283203
2447,0.0022203922271728516,0.002246856689453125,0.0015223026275634766
2448,0.002397775650024414,0.002206563949584961,0.0015230178833007812
2449,0.0022509098052978516,0.0023643970489501953,0.0015194416046142578
2450,0.002428770065307617,0.002048492431640625,0.0015177726745605469
2451,0.002612590789794922,0.0022826194763183594,0.0015552043914794922
2452,0.0020668506622314453,0.0026068687438964844,0.001478433609008789
2453,0.0023093223571777344,0.002318143844604492,0.001537322998046875
2454,0.0021660327911376953,0.0022377967834472656,0.0018725395202636719
2455,0.0022771358489990234,0.0023729801177978516,0.0015344619750976562
2456,0.0022079944610595703,0.0021839141845703125,0.001483917236328125
2457,0.0023000240325927734,0.0023734569549560547,0.001756906509399414
2458,0.002216339111328125,0.0042209625244140625,0.0014760494232177734
2459,0.0022797584533691406,0.004510402679443359,0.0016241073608398438
2460,0.0021867752075195312,0.0021097660064697266,0.001562356948852539
2461,0.0026197433471679688,0.002252817153930664,0.0015192031860351562
2462,0.0022704601287841797,0.002393960952758789,0.0013885498046875
2463,0.002383708953857422,0.002422332763671875,0.001409292221069336
2464,0.002221822738647461,0.0022013187408447266,0.001695394515991211
2465,0.0023276805877685547,0.0023543834686279297,0.0015635490417480469
2466,0.0022134780883789062,0.0021691322326660156,0.0015196800231933594
2467,0.002324819564819336,0.0023431777954101562,0.0014717578887939453
2468,0.002300739288330078,0.0023734569549560547,0.0015301704406738281
2469,0.0023996829986572266,0.002227783203125,0.0014226436614990234
2470,0.0022993087768554688,0.0024003982543945312,0.0015101432800292969
2471,0.0024766921997070312,0.002278566360473633,0.0014960765838623047
2472,0.0022385120391845703,0.002666950225830078,0.0016055107116699219
2473,0.002291440963745117,0.0022084712982177734,0.001436471939086914
2474,0.0022249221801757812,0.0023169517517089844,0.0014548301696777344
2475,0.0023055076599121094,0.0021576881408691406,0.001730203628540039
2476,0.002202749252319336,0.002326488494873047,0.001428842544555664
2477,0.0022940635681152344,0.002027273178100586,0.0015954971313476562
2478,0.0021953582763671875,0.0023741722106933594,0.0015261173248291016
2479,0.002336263656616211,0.0020673274993896484,0.001512765884399414
2480,0.0022356510162353516,0.0024259090423583984,0.0017898082733154297
2481,0.002571582794189453,0.0022678375244140625,0.001604318618774414
2482,0.002240419387817383,0.002438068389892578,0.001573801040649414
2483,0.0023772716522216797,0.001977682113647461,0.0015153884887695312
2484,0.0022351741790771484,0.0023908615112304688,0.001493215560913086
2485,0.002380847930908203,0.0020923614501953125,0.0017757415771484375
2486,0.0023086071014404297,0.002264261245727539,0.0014538764953613281
2487,0.0025937557220458984,0.0021975040435791016,0.0014414787292480469
2488,0.002297639846801758,0.0022885799407958984,0.0014810562133789062
2489,0.0024547576904296875,0.0023648738861083984,0.001390695571899414
2490,0.0020771026611328125,0.002363443374633789,0.0014934539794921875
2491,0.002630472183227539,0.002246856689453125,0.0015230178833007812
2492,0.0021278858184814453,0.0026001930236816406,0.0017943382263183594
2493,0.002329111099243164,0.0022287368774414062,0.0015680789947509766
2494,0.0021195411682128906,0.0023469924926757812,0.0015103816986083984
2495,0.0023818016052246094,0.002164602279663086,0.0015041828155517578
2496,0.0020639896392822266,0.0023469924926757812,0.0017478466033935547
2497,0.00234222412109375,0.0022606849670410156,0.0014722347259521484
2498,0.002203702926635742,0.0024881362915039062,0.0014770030975341797
2499,0.0024766921997070312,0.002345561981201172,0.0014717578887939453
2500,0.002208232879638672,0.002463817596435547,0.0014355182647705078
2501,0.0026612281799316406,0.002344369888305664,0.001539468765258789
2502,0.0022253990173339844,0.002457141876220703,0.001531362533569336
2503,0.0023729801177978516,0.002203702926635742,0.0015037059783935547
2504,0.002159595489501953,0.002204418182373047,0.0016255378723144531
2505,0.002354860305786133,0.002101421356201172,0.001520395278930664
2506,0.0022966861724853516,0.002270221710205078,0.001699209213256836
2507,0.002474546432495117,0.002072572708129883,0.0015175342559814453
2508,0.002285003662109375,0.0023207664489746094,0.0015513896942138672
2509,0.002323150634765625,0.0022127628326416016,0.00154876708984375
2510,0.0021686553955078125,0.002225637435913086,0.001504659652709961
2511,0.0025589466094970703,0.0021598339080810547,0.0015268325805664062
2512,0.002224445343017578,0.0024843215942382812,0.0014767646789550781
2513,0.0023157596588134766,0.0021390914916992188,0.0014691352844238281
2514,0.002422332763671875,0.0023279190063476562,0.001451253890991211
2515,0.0022513866424560547,0.002137899398803711,0.0013935565948486328
2516,0.002433300018310547,0.002368927001953125,0.001374959945678711
2517,0.002141714096069336,0.0022971630096435547,0.001617431640625
2518,0.002358675003051758,0.002511262893676758,0.0014460086822509766
2519,0.0022079944610595703,0.0022034645080566406,0.0015256404876708984
2520,0.0036678314208984375,0.0024077892303466797,0.0015857219696044922
2521,0.00547480583190918,0.0021026134490966797,0.001409292221069336
2522,0.004269838333129883,0.0024602413177490234,0.001512289047241211
2523,0.002051830291748047,0.0021615028381347656,0.0013852119445800781
2524,0.002327442169189453,0.0022764205932617188,0.0014362335205078125
2525,0.002096414566040039,0.002324342727661133,0.0014798641204833984
2526,0.002371549606323242,0.0024361610412597656,0.0017082691192626953
2527,0.002164125442504883,0.0022237300872802734,0.0018203258514404297
2528,0.002441883087158203,0.002229452133178711,0.0015435218811035156
2529,0.002101421356201172,0.002087831497192383,0.0015244483947753906
2530,0.0023496150970458984,0.0022437572479248047,0.0014715194702148438
2531,0.0024421215057373047,0.002026081085205078,0.001508474349975586
2532,0.002455472946166992,0.002460002899169922,0.001514434814453125
2533,0.0023474693298339844,0.0020830631256103516,0.0014996528625488281
2534,0.002393960952758789,0.0022704601287841797,0.0014858245849609375
2535,0.002162456512451172,0.002319812774658203,0.0014920234680175781
2536,0.002313375473022461,0.0021178722381591797,0.0015032291412353516
2537,0.0021305084228515625,0.0022017955780029297,0.0014472007751464844
2538,0.002363443374633789,0.002251863479614258,0.0017952919006347656
2539,0.0022361278533935547,0.0022249221801757812,0.001447439193725586
2540,0.002422332763671875,0.002111196517944336,0.0015478134155273438
2541,0.002529621124267578,0.002326488494873047,0.0014348030090332031
2542,0.0024297237396240234,0.002534151077270508,0.0014646053314208984
2543,0.0023300647735595703,0.002516508102416992,0.0013535022735595703
2544,0.002401590347290039,0.0021970272064208984,0.0014514923095703125
2545,0.0022568702697753906,0.0023314952850341797,0.0014197826385498047
2546,0.002487659454345703,0.0022878646850585938,0.0014650821685791016
2547,0.0022623538970947266,0.0024590492248535156,0.0015108585357666016
2548,0.002306222915649414,0.0022754669189453125,0.0039691925048828125
2549,0.002160787582397461,0.002371072769165039,0.0038216114044189453
2550,0.0021347999572753906,0.002201080322265625,0.0030918121337890625
2551,0.0025682449340820312,0.0023293495178222656,0.003216981887817383
2552,0.002385854721069336,0.002427339553833008,0.003198385238647461
2553,0.002256631851196289,0.002363443374633789,0.0030083656311035156
2554,0.002405405044555664,0.002137899398803711,0.0041620731353759766
2555,0.0023021697998046875,0.0023615360260009766,0.004228353500366211
2556,0.002341032028198242,0.0019528865814208984,0.0032160282135009766
2557,0.0021986961364746094,0.0023136138916015625,0.003253936767578125
2558,0.002343416213989258,0.0021216869354248047,0.0031731128692626953
2559,0.002256631851196289,0.0022382736206054688,0.0045168399810791016
2560,0.0024099349975585938,0.002290010452270508,0.0031652450561523438
2561,0.0023674964904785156,0.0022487640380859375,0.0033693313598632812
2562,0.0023610591888427734,0.0024924278259277344,0.0030498504638671875
2563,0.002135753631591797,0.002374887466430664,0.004184246063232422
2564,0.0024182796478271484,0.0022430419921875,0.003448009490966797
2565,0.0022122859954833984,0.0023703575134277344,0.003593921661376953
2566,0.0023593902587890625,0.002142667770385742,0.003406047821044922
2567,0.002266407012939453,0.0023221969604492188,0.003062725067138672
2568,0.0024290084838867188,0.002229452133178711,0.004021167755126953
2569,0.002288818359375,0.0023469924926757812,0.003450632095336914
2570,0.0023887157440185547,0.002160787582397461,0.003598451614379883
2571,0.0024793148040771484,0.0023915767669677734,0.004349231719970703
2572,0.002477407455444336,0.002447366714477539,0.003003358840942383
2573,0.0022954940795898438,0.0022962093353271484,0.004536628723144531
2574,0.002418041229248047,0.002268075942993164,0.003178834915161133
2575,0.002107381820678711,0.0024881362915039062,0.003197193145751953
2576,0.0024368762969970703,0.0022125244140625,0.0032262802124023438
2577,0.0021216869354248047,0.002343416213989258,0.0032546520233154297
2578,0.0023784637451171875,0.002156496047973633,0.0032567977905273438
2579,0.002224445343017578,0.0024042129516601562,0.0038449764251708984
2580,0.0022592544555664062,0.0022661685943603516,0.003282308578491211
2581,0.0025031566619873047,0.0023365020751953125,0.0032112598419189453
2582,0.0021817684173583984,0.0024979114532470703,0.003676176071166992
2583,0.0023894309997558594,0.002330780029296875,0.003638029098510742
2584,0.0021970272064208984,0.0021746158599853516,0.0029778480529785156
2585,0.002196788787841797,0.0022573471069335938,0.002795696258544922
2586,0.0022253990173339844,0.002162933349609375,0.004428863525390625
2587,0.0023453235626220703,0.0023322105407714844,0.004667758941650391
2588,0.0021774768829345703,0.002184152603149414,0.0035059452056884766
2589,0.002287626266479492,0.0024309158325195312,0.0032033920288085938
2590,0.002190113067626953,0.0022225379943847656,0.0036172866821289062
2591,0.0025975704193115234,0.002246379852294922,0.002930879592895508
2592,0.00225830078125,0.0023729801177978516,0.0028557777404785156
2593,0.002422809600830078,0.002276182174682617,0.004149913787841797
2594,0.002267599105834961,0.0020461082458496094,0.003372669219970703
2595,0.0024557113647460938,0.002345561981201172,0.003514528274536133
2596,0.002223968505859375,0.002186298370361328,0.0032978057861328125
2597,0.0024154186248779297,0.002346515655517578,0.0030546188354492188
2598,0.0021648406982421875,0.0021414756774902344,0.002932310104370117
2599,0.0022466182708740234,0.002429485321044922,0.0030243396759033203
2600,0.0021440982818603516,0.002292633056640625,0.003024578094482422
2601,0.002537250518798828,0.002378702163696289,0.0032815933227539062
2602,0.0021691322326660156,0.002675771713256836,0.0029740333557128906
2603,0.0023941993713378906,0.0022497177124023438,0.0030527114868164062
2604,0.002050638198852539,0.0023975372314453125,0.0029480457305908203
2605,0.0024213790893554688,0.0021266937255859375,0.00290679931640625
2606,0.002141714096069336,0.0024826526641845703,0.0028235912322998047
2607,0.0023474693298339844,0.002302885055541992,0.003972768783569336
2608,0.0021767616271972656,0.0022687911987304688,0.0033545494079589844
2609,0.002412080764770508,0.0021545886993408203,0.003643512725830078
2610,0.002142190933227539,0.0023026466369628906,0.003628253936767578
2611,0.002527952194213867,0.00211334228515625,0.0032281875610351562
2612,0.0021266937255859375,0.0024280548095703125,0.003065347671508789
2613,0.002368450164794922,0.0020847320556640625,0.0032052993774414062
2614,0.0021872520446777344,0.0023956298828125,0.003464937210083008
2615,0.0023026466369628906,0.0020699501037597656,0.0033631324768066406
2616,0.0022497177124023438,0.0023174285888671875,0.0031630992889404297
2617,0.0023241043090820312,0.002185821533203125,0.003111124038696289
2618,0.0022232532501220703,0.002264738082885742,0.0034999847412109375
2619,0.0023555755615234375,0.0022308826446533203,0.0034165382385253906
2620,0.002213716506958008,0.002332448959350586,0.004469633102416992
2621,0.0026035308837890625,0.002156496047973633,0.00292205810546875
2622,0.0021905899047851562,0.002572774887084961,0.0031359195709228516
2623,0.002348661422729492,0.0023102760314941406,0.0033669471740722656
2624,0.002135753631591797,0.002480745315551758,0.0032215118408203125
2625,0.0023026466369628906,0.002327442169189453,0.004256725311279297
2626,0.00228118896484375,0.0024695396423339844,0.0032014846801757812
2627,0.0024712085723876953,0.002289295196533203,0.0033986568450927734
2628,0.0023403167724609375,0.002365589141845703,0.00311279296875
2629,0.0022475719451904297,0.0022776126861572266,0.0033092498779296875
2630,0.0021779537200927734,0.0023260116577148438,0.004451274871826172
2631,0.0024483203887939453,0.0021898746490478516,0.0031681060791015625
2632,0.002308368682861328,0.0026433467864990234,0.0048558712005615234
2633,0.0024602413177490234,0.0022776126861572266,0.0032367706298828125
2634,0.002317667007446289,0.0024738311767578125,0.004405498504638672
2635,0.0023632049560546875,0.0021181106567382812,0.0034859180450439453
2636,0.0021209716796875,0.002360105514526367,0.0033812522888183594
2637,0.0022225379943847656,0.0019822120666503906,0.0032918453216552734
2638,0.002039194107055664,0.0023651123046875,0.0034008026123046875
2639,0.002166748046875,0.001987934112548828,0.003288745880126953
2640,0.002221345901489258,0.002417325973510742,0.003175497055053711
2641,0.002493143081665039,0.002378702163696289,0.0030968189239501953
2642,0.0022208690643310547,0.0025424957275390625,0.0031805038452148438
2643,0.002351045608520508,0.0022842884063720703,0.0034339427947998047
2644,0.0023508071899414062,0.002415180206298828,0.003149747848510742
2645,0.0021944046020507812,0.002121448516845703,0.0045013427734375
2646,0.002329111099243164,0.0022552013397216797,0.003175497055053711
2647,0.0021750926971435547,0.002115964889526367,0.0031630992889404297
2648,0.002401113510131836,0.002182483673095703,0.0030510425567626953
2649,0.0022509098052978516,0.0021200180053710938,0.004137277603149414
2650,0.002348184585571289,0.0023927688598632812,0.004029273986816406
2651,0.0024566650390625,0.002246379852294922,0.003179311752319336
2652,0.002460956573486328,0.002664327621459961,0.0033245086669921875
2653,0.0022649765014648438,0.0022912025451660156,0.003920316696166992
2654,0.0022351741790771484,0.002335071563720703,0.004128456115722656
2655,0.002187013626098633,0.0021970272064208984,0.002990245819091797
2656,0.002454042434692383,0.002367258071899414,0.002727985382080078
2657,0.002232789993286133,0.0022089481353759766,0.002892017364501953
2658,0.0024008750915527344,0.0024328231811523438,0.0032472610473632812
2659,0.002198457717895508,0.0021522045135498047,0.003391265869140625
2660,0.0022656917572021484,0.002463102340698242,0.0030117034912109375
2661,0.0023894309997558594,0.002244710922241211,0.004260540008544922
2662,0.0022475719451904297,0.0026721954345703125,0.004178762435913086
2663,0.0022351741790771484,0.0021309852600097656,0.0042095184326171875
2664,0.0022482872009277344,0.002303600311279297,0.0037424564361572266
2665,0.0021033287048339844,0.0020792484283447266,0.0032181739807128906
2666,0.0022690296173095703,0.0021011829376220703,0.0032813549041748047
2667,0.0021572113037109375,0.002140522003173828,0.004552602767944336
2668,0.0023076534271240234,0.0023279190063476562,0.004278898239135742
2669,0.002254486083984375,0.0024271011352539062,0.0035636425018310547
2670,0.0024259090423583984,0.002248048782348633,0.003381967544555664
2671,0.002561807632446289,0.0024194717407226562,0.0031175613403320312
2672,0.002409696578979492,0.002485513687133789,0.003038167953491211
2673,0.002237081527709961,0.0024826526641845703,0.0032041072845458984
2674,0.00240325927734375,0.002282857894897461,0.00444483757019043
2675,0.0022296905517578125,0.002288341522216797,0.0034143924713134766
2676,0.002306222915649414,0.0021796226501464844,0.0032372474670410156
2677,0.0020666122436523438,0.0022668838500976562,0.002942800521850586
2678,0.0023412704467773438,0.002145051956176758,0.0032067298889160156
2679,0.002190113067626953,0.002369403839111328,0.0044879913330078125
2680,0.0022950172424316406,0.0022728443145751953,0.003300905227661133
2681,0.002374410629272461,0.0023717880249023438,0.004318952560424805
2682,0.002515554428100586,0.00244140625,0.003323793411254883
2683,0.0022149085998535156,0.0023910999298095703,0.0035653114318847656
2684,0.002302885055541992,0.002447366714477539,0.003052949905395508
2685,0.0020990371704101562,0.0024759769439697266,0.005045890808105469
2686,0.0025167465209960938,0.0023207664489746094,0.004432201385498047
2687,0.0021882057189941406,0.0023908615112304688,0.004499197006225586
2688,0.0023834705352783203,0.002263784408569336,0.003252744674682617
2689,0.002199411392211914,0.0023660659790039062,0.003127574920654297
2690,0.002410888671875,0.0022602081298828125,0.004720211029052734
2691,0.0024433135986328125,0.002289295196533203,0.0031795501708984375
2692,0.0024192333221435547,0.002305269241333008,0.0031452178955078125
2693,0.002127408981323242,0.0021789073944091797,0.0039048194885253906
2694,0.002403736114501953,0.002086639404296875,0.003161907196044922
2695,0.0021524429321289062,0.002437114715576172,0.0035173892974853516
2696,0.0023834705352783203,0.0021114349365234375,0.0035202503204345703
2697,0.0021486282348632812,0.0023021697998046875,0.0033097267150878906
2698,0.0023305416107177734,0.0022008419036865234,0.003412485122680664
2699,0.0021507740020751953,0.0023200511932373047,0.004259824752807617
2700,0.0023195743560791016,0.0022373199462890625,0.003168344497680664
2701,0.002388477325439453,0.002341747283935547,0.0031006336212158203
2702,0.0023963451385498047,0.002345561981201172,0.0032057762145996094
2703,0.0022611618041992188,0.0024268627166748047,0.0032901763916015625
2704,0.0022962093353271484,0.0022211074829101562,0.004101991653442383
2705,0.002202749252319336,0.002384662628173828,0.0042340755462646484
2706,0.0023550987243652344,0.0020782947540283203,0.00458526611328125
2707,0.0021982192993164062,0.002328157424926758,0.004319190979003906
2708,0.0022716522216796875,0.0021593570709228516,0.004362821578979492
2709,0.0023801326751708984,0.0023622512817382812,0.0029764175415039062
2710,0.0022110939025878906,0.002398252487182617,0.004295825958251953
2711,0.0025267601013183594,0.002387523651123047,0.0033020973205566406
2712,0.0023360252380371094,0.0025014877319335938,0.003320455551147461
2713,0.0024819374084472656,0.0022516250610351562,0.0032014846801757812
2714,0.002288818359375,0.002165555953979492,0.003009796142578125
2715,0.002490520477294922,0.0028409957885742188,0.003142833709716797
2716,0.002159595489501953,0.0022308826446533203,0.003125429153442383
2717,0.0024063587188720703,0.002411365509033203,0.00441288948059082
2718,0.0020599365234375,0.002177715301513672,0.004073143005371094
2719,0.0022962093353271484,0.0022683143615722656,0.0026705265045166016
2720,0.0021507740020751953,0.0020051002502441406,0.00258636474609375
2721,0.0025262832641601562,0.0021560192108154297,0.004534721374511719
2722,0.0022134780883789062,0.0023932456970214844,0.004297018051147461
2723,0.0023260116577148438,0.002219676971435547,0.0034072399139404297
2724,0.0021944046020507812,0.002178668975830078,0.003438234329223633
2725,0.002368927001953125,0.0022783279418945312,0.0034177303314208984
2726,0.002194643020629883,0.002225637435913086,0.0030956268310546875
2727,0.0024080276489257812,0.0023317337036132812,0.0033445358276367188
2728,0.002199888229370117,0.002183198928833008,0.0029544830322265625
2729,0.0023932456970214844,0.0022597312927246094,0.00290679931640625
2730,0.0022735595703125,0.0021927356719970703,0.0028564929962158203
2731,0.0026578903198242188,0.0024003982543945312,0.002798318862915039
2732,0.002283811569213867,0.002374410629272461,0.004121541976928711
2733,0.002401113510131836,0.002467632293701172,0.0045986175537109375
2734,0.0022745132446289062,0.0023910999298095703,0.003068208694458008
2735,0.0020911693572998047,0.0022890567779541016,0.003023862838745117
2736,0.0021538734436035156,0.002326488494873047,0.0027768611907958984
2737,0.002351999282836914,0.0022859573364257812,0.003130674362182617
2738,0.0020198822021484375,0.0023581981658935547,0.0043697357177734375
2739,0.0023479461669921875,0.0021941661834716797,0.0030603408813476562
2740,0.0022125244140625,0.0023093223571777344,0.004146575927734375
2741,0.0025234222412109375,0.002171039581298828,0.0033562183380126953
2742,0.0022156238555908203,0.002564668655395508,0.003307819366455078
2743,0.0023195743560791016,0.002153635025024414,0.0033121109008789062
2744,0.0022466182708740234,0.0022673606872558594,0.003247976303100586
2745,0.0023260116577148438,0.002156496047973633,0.0031883716583251953
2746,0.0022847652435302734,0.0022585391998291016,0.004621982574462891
2747,0.002297639846801758,0.001991748809814453,0.004899501800537109
2748,0.002153635025024414,0.002268552780151367,0.003702402114868164
2749,0.0024242401123046875,0.002028226852416992,0.003823518753051758
2750,0.0022497177124023438,0.0023734569549560547,0.0038652420043945312
2751,0.002644777297973633,0.002228975296020508,0.003046274185180664
2752,0.0022614002227783203,0.0025746822357177734,0.003102540969848633
2753,0.0023543834686279297,0.002246379852294922,0.0031185150146484375
2754,0.002150297164916992,0.0022373199462890625,0.0038187503814697266
2755,0.0022804737091064453,0.0020875930786132812,0.0034520626068115234
2756,0.002019643783569336,0.002285480499267578,0.0034313201904296875
2757,0.0024242401123046875,0.002237558364868164,0.0027441978454589844
2758,0.0021791458129882812,0.002423524856567383,0.004976511001586914
2759,0.0024247169494628906,0.002248525619506836,0.003691434860229492
2760,0.0022928714752197266,0.0024900436401367188,0.0036258697509765625
2761,0.0025479793548583984,0.002330780029296875,0.001833200454711914
2762,0.00209808349609375,0.002674579620361328,0.001676797866821289
2763,0.002240419387817383,0.002277851104736328,0.0015995502471923828
2764,0.002156496047973633,0.0024950504302978516,0.0015878677368164062
2765,0.002294778823852539,0.0021271705627441406,0.0016314983367919922
2766,0.0021109580993652344,0.0022840499877929688,0.0014865398406982422
2767,0.0023927688598632812,0.002258777618408203,0.0016694068908691406
2768,0.0022296905517578125,0.0022735595703125,0.0015492439270019531
2769,0.0024404525756835938,0.0022954940795898438,0.0016798973083496094
2770,0.002249002456665039,0.002328634262084961,0.0014069080352783203
2771,0.00263214111328125,0.0022878646850585938,0.0014488697052001953
2772,0.0022308826446533203,0.002591371536254883,0.0014863014221191406
2773,0.002371072769165039,0.00217437744140625,0.001584768295288086
2774,0.0022242069244384766,0.0021681785583496094,0.0016024112701416016
2775,0.0021991729736328125,0.0021505355834960938,0.0015442371368408203
2776,0.0023262500762939453,0.0022745132446289062,0.0014383792877197266
2777,0.0022382736206054688,0.002035379409790039,0.0015876293182373047
2778,0.0023491382598876953,0.002371072769165039,0.001585245132446289
2779,0.0021469593048095703,0.002275705337524414,0.001878976821899414
2780,0.002408742904663086,0.0025415420532226562,0.0014846324920654297
2781,0.0025217533111572266,0.002218961715698242,0.0015671253204345703
2782,0.0024001598358154297,0.00286865234375,0.0015311241149902344
2783,0.0021927356719970703,0.0021514892578125,0.0015501976013183594
2784,0.0023696422576904297,0.0023081302642822266,0.0014138221740722656
2785,0.002112865447998047,0.0022077560424804688,0.0014388561248779297
2786,0.0021982192993164062,0.002391815185546875,0.0015330314636230469
2787,0.002071380615234375,0.002241373062133789,0.001398324966430664
2788,0.0023431777954101562,0.002409219741821289,0.001468658447265625
2789,0.002027273178100586,0.0020809173583984375,0.001516103744506836
2790,0.0023546218872070312,0.0024154186248779297,0.0017726421356201172
2791,0.0025670528411865234,0.002171754837036133,0.0015592575073242188
2792,0.002212047576904297,0.0025784969329833984,0.001493692398071289
2793,0.0022521018981933594,0.0022783279418945312,0.0014524459838867188
2794,0.0023641586303710938,0.0024635791778564453,0.0015158653259277344
2795,0.002213716506958008,0.0021147727966308594,0.0014541149139404297
2796,0.0023436546325683594,0.0025861263275146484,0.0014564990997314453
2797,0.002146482467651367,0.0023293495178222656,0.0013649463653564453
2798,0.0022852420806884766,0.0024919509887695312,0.001434326171875
2799,0.0022602081298828125,0.0020220279693603516,0.0013806819915771484
2800,0.002455472946166992,0.002238035202026367,0.0016980171203613281
2801,0.0024869441986083984,0.0022704601287841797,0.0017504692077636719
2802,0.002481698989868164,0.0024924278259277344,0.0015635490417480469
2803,0.0022199153900146484,0.002309083938598633,0.0014429092407226562
2804,0.002398967742919922,0.0022661685943603516,0.0015556812286376953
2805,0.002194643020629883,0.0024347305297851562,0.0015778541564941406
2806,0.002325773239135742,0.0021293163299560547,0.0014586448669433594
2807,0.0021429061889648438,0.002322673797607422,0.0015959739685058594
2808,0.002282857894897461,0.0020215511322021484,0.001500844955444336
2809,0.0021126270294189453,0.0022923946380615234,0.0014662742614746094
2810,0.002312898635864258,0.0021452903747558594,0.0015912055969238281
2811,0.0025064945220947266,0.0024061203002929688,0.0017206668853759766
2812,0.0024137496948242188,0.0025115013122558594,0.0014281272888183594
2813,0.0022368431091308594,0.0024175643920898438,0.0015475749969482422
2814,0.002488374710083008,0.002258777618408203,0.001377105712890625
2815,0.0022614002227783203,0.002381563186645508,0.001468658447265625
2816,0.0023610591888427734,0.0022301673889160156,0.0014722347259521484
2817,0.0021903514862060547,0.002392292022705078,0.0014879703521728516
2818,0.0021681785583496094,0.0022847652435302734,0.0014815330505371094
2819,0.0021085739135742188,0.002367734909057617,0.0014846324920654297
2820,0.002359151840209961,0.0024127960205078125,0.0014643669128417969
2821,0.002471446990966797,0.002353668212890625,0.0017426013946533203
2822,0.0023620128631591797,0.002420663833618164,0.0015604496002197266
2823,0.002244234085083008,0.002485513687133789,0.0015211105346679688
2824,0.002974271774291992,0.0022590160369873047,0.0014331340789794922
2825,0.003924369812011719,0.0023529529571533203,0.001535177230834961
2826,0.0029609203338623047,0.002106904983520508,0.0014984607696533203
2827,0.0028553009033203125,0.0022115707397460938,0.0015339851379394531
2828,0.0027539730072021484,0.001924276351928711,0.0016102790832519531
2829,0.002078533172607422,0.002301931381225586,0.0015149116516113281
2830,0.002234220504760742,0.0022935867309570312,0.001360177993774414
2831,0.0022852420806884766,0.0023293495178222656,0.001455545425415039
2832,0.0024716854095458984,0.0024003982543945312,0.0016245841979980469
2833,0.0022754669189453125,0.0023441314697265625,0.0014719963073730469
2834,0.0024683475494384766,0.0020225048065185547,0.001495361328125
2835,0.0022552013397216797,0.0023651123046875,0.0015206336975097656
2836,0.002271890640258789,0.0021250247955322266,0.0017008781433105469
2837,0.0023424625396728516,0.002259969711303711,0.0014538764953613281
2838,0.0022161006927490234,0.0022449493408203125,0.0014903545379638672
2839,0.002266407012939453,0.002308368682861328,0.0014376640319824219
2840,0.0021085739135742188,0.0022568702697753906,0.0014803409576416016
2841,0.0024650096893310547,0.0024957656860351562,0.0014584064483642578
2842,0.0021708011627197266,0.002534151077270508,0.0017232894897460938
2843,0.002138853073120117,0.0024042129516601562,0.0015609264373779297
2844,0.0021986961364746094,0.0021674633026123047,0.0015664100646972656
2845,0.0023276805877685547,0.0023741722106933594,0.0015037059783935547
2846,0.0020356178283691406,0.0021390914916992188,0.0015044212341308594
2847,0.0022325515747070312,0.0023331642150878906,0.0014319419860839844
2848,0.0022335052490234375,0.0021355152130126953,0.0015118122100830078
2849,0.002310514450073242,0.002341032028198242,0.0015139579772949219
2850,0.0022020339965820312,0.0023059844970703125,0.001491546630859375
2851,0.0036804676055908203,0.0023567676544189453,0.0013804435729980469
2852,0.00482487678527832,0.0024747848510742188,0.0014498233795166016
2853,0.0050847530364990234,0.002447843551635742,0.001611471176147461
2854,0.0023174285888671875,0.0022149085998535156,0.0014524459838867188
2855,0.00235748291015625,0.002186298370361328,0.0015025138854980469
2856,0.0022318363189697266,0.002267122268676758,0.0014858245849609375
2857,0.0023899078369140625,0.0025196075439453125,0.0014684200286865234
2858,0.002125263214111328,0.0021514892578125,0.0015137195587158203
2859,0.002240419387817383,0.0023069381713867188,0.0014908313751220703
2860,0.0020961761474609375,0.002162456512451172,0.0014736652374267578
2861,0.00258636474609375,0.002309083938598633,0.0014684200286865234
2862,0.002254009246826172,0.0023882389068603516,0.0015664100646972656
2863,0.002312898635864258,0.0022923946380615234,0.0018072128295898438
2864,0.0021810531616210938,0.0021779537200927734,0.0014705657958984375
2865,0.002448558807373047,0.002362489700317383,0.0015110969543457031
2866,0.0021784305572509766,0.0021195411682128906,0.001657724380493164
2867,0.002218008041381836,0.002422809600830078,0.0015227794647216797
2868,0.002135038375854492,0.002448558807373047,0.0015439987182617188
2869,0.0023033618927001953,0.0022666454315185547,0.0015041828155517578
2870,0.0020198822021484375,0.0023114681243896484,0.0017337799072265625
2871,0.002689361572265625,0.002199888229370117,0.001537322998046875
2872,0.002287149429321289,0.0026543140411376953,0.0014541149139404297
2873,0.002341032028198242,0.002259492874145508,0.0015873908996582031
2874,0.0022690296173095703,0.0024559497833251953,0.0016703605651855469
2875,0.0024683475494384766,0.0021932125091552734,0.001558065414428711
2876,0.0022079944610595703,0.002295255661010742,0.0014965534210205078
2877,0.002326488494873047,0.0021834373474121094,0.0015425682067871094
2878,0.00213623046875,0.0023229122161865234,0.0014688968658447266
2879,0.002332448959350586,0.002135753631591797,0.00150299072265625
2880,0.0020029544830322266,0.002268075942993164,0.0014100074768066406
2881,0.0025610923767089844,0.0021805763244628906,0.001384735107421875
2882,0.0022521018981933594,0.0024251937866210938,0.0014653205871582031
2883,0.0023407936096191406,0.0021872520446777344,0.001537322998046875
2884,0.0021505355834960938,0.002409696578979492,0.0015649795532226562
2885,0.0023429393768310547,0.0021219253540039062,0.0015349388122558594
2886,0.002185344696044922,0.0022721290588378906,0.0015230178833007812
2887,0.002313375473022461,0.0021979808807373047,0.00151824951171875
2888,0.002203702926635742,0.002431154251098633,0.0015149116516113281
2889,0.0023941993713378906,0.002166271209716797,0.0015206336975097656
2890,0.002293825149536133,0.0022668838500976562,0.0015697479248046875
2891,0.0026166439056396484,0.0021016597747802734,0.0015645027160644531
2892,0.0023174285888671875,0.0026056766510009766,0.0015845298767089844
2893,0.0023221969604492188,0.002190828323364258,0.0015566349029541016
2894,0.002309083938598633,0.002329587936401367,0.001581430435180664
2895,0.0023717880249023438,0.0022745132446289062,0.0017347335815429688
2896,0.0021185874938964844,0.0023832321166992188,0.0014820098876953125
2897,0.002228975296020508,0.0022580623626708984,0.0014472007751464844
2898,0.002153635025024414,0.0023887157440185547,0.0014655590057373047
2899,0.0024013519287109375,0.0022993087768554688,0.0013692378997802734
2900,0.0022690296173095703,0.0024061203002929688,0.0013964176177978516
2901,0.0025932788848876953,0.002207040786743164,0.0013706684112548828
2902,0.0024085044860839844,0.0027000904083251953,0.0015149116516113281
2903,0.002137422561645508,0.002202749252319336,0.0014998912811279297
2904,0.0024025440216064453,0.0024251937866210938,0.0015709400177001953
2905,0.0021448135375976562,0.0021936893463134766,0.0019459724426269531
2906,0.0023894309997558594,0.0023298263549804688,0.001577138900756836
2907,0.0021903514862060547,0.0021791458129882812,0.0014150142669677734
2908,0.002400636672973633,0.002356290817260742,0.0014584064483642578
2909,0.002200603485107422,0.0019922256469726562,0.0014886856079101562
2910,0.0023789405822753906,0.0023381710052490234,0.001680135726928711
2911,0.0025513172149658203,0.002230405807495117,0.0014400482177734375
2912,0.0024328231811523438,0.0025539398193359375,0.0015518665313720703
2913,0.0033578872680664062,0.002156972885131836,0.0015044212341308594
2914,0.0044515132904052734,0.0023512840270996094,0.0015745162963867188
2915,0.0021944046020507812,0.001957416534423828,0.0015270709991455078
2916,0.0023484230041503906,0.0022192001342773438,0.0017306804656982422
2917,0.002201080322265625,0.0020074844360351562,0.0015873908996582031
2918,0.002298593521118164,0.0022025108337402344,0.0014383792877197266
2919,0.002193927764892578,0.0021889209747314453,0.001550436019897461
2920,0.0024046897888183594,0.002350330352783203,0.0015039443969726562
2921,0.0025434494018554688,0.002208232879638672,0.0014617443084716797
2922,0.002305269241333008,0.002671957015991211,0.0014750957489013672
2923,0.0021195411682128906,0.0022726058959960938,0.0014443397521972656
2924,0.002153635025024414,0.002431154251098633,0.002073049545288086
2925,0.0021698474884033203,0.0022962093353271484,0.007916688919067383
2926,0.0023660659790039062,0.0024759769439697266,0.0027370452880859375
2927,0.0022363662719726562,0.0022034645080566406,0.0023615360260009766
2928,0.0024518966674804688,0.002447366714477539,0.002474546432495117
2929,0.0020987987518310547,0.0021262168884277344,0.001653909683227539
2930,0.0023741722106933594,0.0022628307342529297,0.001432180404663086
2931,0.0023920536041259766,0.002171754837036133,0.001474618911743164
2932,0.002318859100341797,0.002525806427001953,0.0014243125915527344
2933,0.0022039413452148438,0.002236604690551758,0.0014164447784423828
2934,0.0024001598358154297,0.002371072769165039,0.0014083385467529297
2935,0.002233743667602539,0.002325773239135742,0.0014832019805908203
2936,0.002311229705810547,0.0020096302032470703,0.0015230178833007812
2937,0.002298593521118164,0.002323150634765625,0.0018320083618164062
2938,0.0025110244750976562,0.0022411346435546875,0.0015401840209960938
2939,0.0022656917572021484,0.00228118896484375,0.0018563270568847656
2940,0.002460479736328125,0.0021202564239501953,0.001485586166381836
2941,0.0024476051330566406,0.0023031234741210938,0.0015685558319091797
2942,0.002315044403076172,0.0023109912872314453,0.0015473365783691406
2943,0.0020973682403564453,0.002175569534301758,0.0015666484832763672
2944,0.002321481704711914,0.0021140575408935547,0.0016145706176757812
2945,0.002221822738647461,0.0033113956451416016,0.0015985965728759766
2946,0.0025212764739990234,0.0038971900939941406,0.0015017986297607422
2947,0.002214193344116211,0.002897977828979492,0.0018641948699951172
2948,0.0023283958435058594,0.0026350021362304688,0.0016813278198242188
2949,0.0023174285888671875,0.002666473388671875,0.0014929771423339844
2950,0.0023450851440429688,0.0021479129791259766,0.0016436576843261719
2951,0.0022537708282470703,0.0023441314697265625,0.0016026496887207031
2952,0.002370595932006836,0.0024306774139404297,0.0014958381652832031
2953,0.0022420883178710938,0.0025072097778320312,0.0016341209411621094
2954,0.002280712127685547,0.002321004867553711,0.0014996528625488281
2955,0.002228260040283203,0.0024704933166503906,0.0014891624450683594
2956,0.0023539066314697266,0.0022509098052978516,0.0015118122100830078
2957,0.0021948814392089844,0.002421855926513672,0.001485586166381836
2958,0.0023376941680908203,0.0020742416381835938,0.0017194747924804688
2959,0.0022382736206054688,0.0021975040435791016,0.0015060901641845703
2960,0.0023491382598876953,0.002114534378051758,0.0014979839324951172
2961,0.0022459030151367188,0.0024945735931396484,0.0014200210571289062
2962,0.002366304397583008,0.002510547637939453,0.0015208721160888672
2963,0.002061605453491211,0.002303600311279297,0.0014624595642089844
2964,0.0023026466369628906,0.002160787582397461,0.0015184879302978516
2965,0.002373218536376953,0.002440214157104492,0.0014586448669433594
2966,0.002376079559326172,0.002167224884033203,0.001524209976196289
2967,0.0023374557495117188,0.00249481201171875,0.0014870166778564453
2968,0.002461671829223633,0.0023572444915771484,0.001634836196899414
2969,0.0024924278259277344,0.0024557113647460938,0.0014312267303466797
2970,0.002273082733154297,0.0021872520446777344,0.001405954360961914
2971,0.0026650428771972656,0.002375364303588867,0.0014941692352294922
2972,0.002433300018310547,0.0023279190063476562,0.0014796257019042969
2973,0.002580881118774414,0.002340555191040039,0.0018095970153808594
2974,0.0023005008697509766,0.002180337905883789,0.0014348030090332031
2975,0.0024347305297851562,0.0021810531616210938,0.0015475749969482422
2976,0.0022101402282714844,0.0022737979888916016,0.001542806625366211
2977,0.0022919178009033203,0.0023946762084960938,0.0015141963958740234
2978,0.0019338130950927734,0.002116680145263672,0.0015115737915039062
2979,0.0024864673614501953,0.0023937225341796875,0.0017304420471191406
2980,0.0022192001342773438,0.002347230911254883,0.001569986343383789
2981,0.002555370330810547,0.0022826194763183594,0.0014867782592773438
2982,0.0022623538970947266,0.002439737319946289,0.0014235973358154297
2983,0.0024347305297851562,0.0023119449615478516,0.0015308856964111328
2984,0.002256631851196289,0.002315998077392578,0.001493692398071289
2985,0.0024328231811523438,0.0024843215942382812,0.0015435218811035156
2986,0.0021409988403320312,0.002262115478515625,0.0015614032745361328
2987,0.002370119094848633,0.0024557113647460938,0.0015192031860351562
2988,0.0019745826721191406,0.002249002456665039,0.0015382766723632812
2989,0.0023581981658935547,0.0023479461669921875,0.0017113685607910156
2990,0.0022389888763427734,0.002067089080810547,0.001522064208984375
2991,0.0025424957275390625,0.0021207332611083984,0.0015947818756103516
2992,0.002337217330932617,0.0024209022521972656,0.0015249252319335938
2993,0.002359628677368164,0.002329111099243164,0.0015437602996826172
2994,0.002222299575805664,0.002206087112426758,0.001524209976196289
2995,0.0023696422576904297,0.0023157596588134766,0.0014576911926269531
2996,0.0022096633911132812,0.0021238327026367188,0.0014908313751220703
2997,0.002415895462036133,0.0022704601287841797,0.0015337467193603516
2998,0.002232074737548828,0.0020995140075683594,0.0015115737915039062
2999,0.002481222152709961,0.0023958683013916016,0.0015225410461425781
3000,0.002292156219482422,0.0023543834686279297,0.0017058849334716797
3001,0.0027747154235839844,0.0024869441986083984,0.0015301704406738281
3002,0.002326488494873047,0.012047529220581055,0.0014119148254394531
3003,0.002244710922241211,0.002424001693725586,0.0014433860778808594
3004,0.002240896224975586,0.002415180206298828,0.0014717578887939453
3005,0.0021104812622070312,0.0021467208862304688,0.0014622211456298828
3006,0.0021758079528808594,0.0023126602172851562,0.001461029052734375
3007,0.002307415008544922,0.002276897430419922,0.0015056133270263672
3008,0.002284526824951172,0.002299070358276367,0.0015795230865478516
3009,0.0024955272674560547,0.002161741256713867,0.001539468765258789
3010,0.0021865367889404297,0.0023839473724365234,0.0017888545989990234
3011,0.0025637149810791016,0.0023469924926757812,0.0014958381652832031
3012,0.0022644996643066406,0.0026378631591796875,0.0016391277313232422
3013,0.002430438995361328,0.0021262168884277344,0.0015516281127929688
3014,0.0023033618927001953,0.002237558364868164,0.001522064208984375
3015,0.0023322105407714844,0.002105236053466797,0.0014832019805908203
3016,0.002332925796508789,0.002379894256591797,0.001435995101928711
3017,0.0024030208587646484,0.0021505355834960938,0.0014464855194091797
3018,0.0022585391998291016,0.0022592544555664062,0.0015072822570800781
3019,0.002505779266357422,0.002352476119995117,0.0014514923095703125
3020,0.0023627281188964844,0.002368927001953125,0.0015077590942382812
3021,0.002761363983154297,0.0021538734436035156,0.0017578601837158203
3022,0.0022776126861572266,0.0028345584869384766,0.001523733139038086
3023,0.002435922622680664,0.002283334732055664,0.0014426708221435547
3024,0.0022614002227783203,0.0024039745330810547,0.0015420913696289062
3025,0.0023546218872070312,0.0023174285888671875,0.0016064643859863281
3026,0.002201080322265625,0.002356290817260742,0.0015721321105957031
3027,0.002480745315551758,0.0023233890533447266,0.001550436019897461
3028,0.002252817153930664,0.0023865699768066406,0.0015397071838378906
3029,0.002366304397583008,0.002135753631591797,0.0015149116516113281
3030,0.001990795135498047,0.0023450851440429688,0.0014908313751220703
3031,0.002673625946044922,0.0020904541015625,0.0017788410186767578
3032,0.0021610260009765625,0.002332448959350586,0.00152587890625
3033,0.0021698474884033203,0.002256155014038086,0.0014834403991699219
3034,0.002337217330932617,0.002491474151611328,0.0015079975128173828
3035,0.0022377967834472656,0.0022614002227783203,0.0014767646789550781
3036,0.0023505687713623047,0.0023593902587890625,0.0014948844909667969
3037,0.002075672149658203,0.0021948814392089844,0.001451730728149414
3038,0.0023300647735595703,0.0025773048400878906,0.0015082359313964844
3039,0.0022859573364257812,0.002235889434814453,0.0014688968658447266
3040,0.002402782440185547,0.002404928207397461,0.0014798641204833984
3041,0.002475261688232422,0.0022699832916259766,0.0015370845794677734
3042,0.002460002899169922,0.0025353431701660156,0.0019452571868896484
3043,0.0022902488708496094,0.0021104812622070312,0.0014798641204833984
3044,0.002337217330932617,0.0022716522216796875,0.0014410018920898438
3045,0.002254962921142578,0.0019986629486083984,0.0015294551849365234
3046,0.002405881881713867,0.0023577213287353516,0.0014026165008544922
3047,0.0022211074829101562,0.0021028518676757812,0.0015251636505126953
3048,0.002411365509033203,0.0025107860565185547,0.0015156269073486328
3049,0.0021865367889404297,0.002223491668701172,0.0014145374298095703
3050,0.002329111099243164,0.00238037109375,0.001405477523803711
3051,0.0023081302642822266,0.0021822452545166016,0.0014598369598388672
3052,0.002267122268676758,0.002509593963623047,0.001730203628540039
3053,0.0021839141845703125,0.0022356510162353516,0.0015010833740234375
3054,0.002463102340698242,0.0025229454040527344,0.0014843940734863281
3055,0.0022106170654296875,0.002225637435913086,0.0015010833740234375
3056,0.0023603439331054688,0.0024347305297851562,0.001506805419921875
3057,0.002250194549560547,0.0022459030151367188,0.0015015602111816406
3058,0.002346515655517578,0.002440929412841797,0.0014486312866210938
3059,0.0021102428436279297,0.0022115707397460938,0.0015251636505126953
3060,0.002360820770263672,0.0022666454315185547,0.0015635490417480469
3061,0.0023832321166992188,0.002301931381225586,0.001547098159790039
3062,0.002474546432495117,0.002652406692504883,0.0014526844024658203
3063,0.002181529998779297,0.002351999282836914,0.0017590522766113281
3064,0.0024056434631347656,0.002378702163696289,0.001567840576171875
3065,0.0021762847900390625,0.0022535324096679688,0.0014655590057373047
3066,0.0023789405822753906,0.0022611618041992188,0.001516580581665039
3067,0.0023391246795654297,0.002105712890625,0.0014412403106689453
3068,0.002408742904663086,0.0022721290588378906,0.0014374256134033203
3069,0.0021016597747802734,0.0022308826446533203,0.0014581680297851562
3070,0.0023424625396728516,0.0021390914916992188,0.0014514923095703125
3071,0.0023255348205566406,0.0022432804107666016,0.0014481544494628906
3072,0.0023632049560546875,0.0022454261779785156,0.0014946460723876953
3073,0.002235889434814453,0.002479076385498047,0.001641988754272461
3074,0.0024518966674804688,0.002313852310180664,0.001493215560913086
3075,0.0022552013397216797,0.003409862518310547,0.0014216899871826172
3076,0.002345561981201172,0.0040280818939208984,0.0016026496887207031
3077,0.002192974090576172,0.0033600330352783203,0.0014584064483642578
3078,0.002419710159301758,0.0031480789184570312,0.0014424324035644531
3079,0.0021860599517822266,0.0028989315032958984,0.0014672279357910156
3080,0.002428770065307617,0.002212047576904297,0.001447916030883789
3081,0.0024743080139160156,0.002331972122192383,0.0014760494232177734
3082,0.0024428367614746094,0.0024106502532958984,0.001489877700805664
3083,0.002251148223876953,0.002361774444580078,0.0015423297882080078
3084,0.0021772384643554688,0.0022890567779541016,0.001764535903930664
3085,0.0022134780883789062,0.0024657249450683594,0.0015497207641601562
3086,0.002250194549560547,0.002366304397583008,0.0015239715576171875
3087,0.0022094249725341797,0.002315044403076172,0.0015208721160888672
3088,0.002321958541870117,0.0022919178009033203,0.0016047954559326172
3089,0.002254009246826172,0.002309560775756836,0.0014147758483886719
3090,0.002415895462036133,0.002308368682861328,0.0015323162078857422
3091,0.002444744110107422,0.0023767948150634766,0.0015478134155273438
3092,0.002248048782348633,0.0023887157440185547,0.0015082359313964844
3093,0.0021626949310302734,0.0023393630981445312,0.0015671253204345703
3094,0.0023412704467773438,0.002183675765991211,0.00173187255859375
3095,0.002224445343017578,0.0023186206817626953,0.0015320777893066406
3096,0.002459287643432617,0.0020554065704345703,0.0014927387237548828
3097,0.002438783645629883,0.002393960952758789,0.0014791488647460938
3098,0.002270936965942383,0.002730846405029297,0.00157928466796875
3099,0.0024602413177490234,0.0036711692810058594,0.0015420913696289062
3100,0.0022842884063720703,0.0026292800903320312,0.0014202594757080078
3101,0.002688169479370117,0.0028543472290039062,0.0015151500701904297
3102,0.0022878646850585938,0.0028798580169677734,0.0014481544494628906
3103,0.0022873878479003906,0.0036013126373291016,0.0014796257019042969
3104,0.0022211074829101562,0.004189252853393555,0.0014994144439697266
3105,0.002359628677368164,0.0028383731842041016,0.001605987548828125
3106,0.00220489501953125,0.002622365951538086,0.0014824867248535156
3107,0.0023696422576904297,0.0027341842651367188,0.0014450550079345703
3108,0.0022039413452148438,0.001993894577026367,0.0014824867248535156
3109,0.002359151840209961,0.00296783447265625,0.0014874935150146484
3110,0.0021758079528808594,0.0037565231323242188,0.0014851093292236328
3111,0.0026955604553222656,0.0036041736602783203,0.0017359256744384766
3112,0.0022656917572021484,0.0022945404052734375,0.001628875732421875
3113,0.0022974014282226562,0.0023992061614990234,0.001565694808959961
3114,0.0022683143615722656,0.0021085739135742188,0.0015938282012939453
3115,0.0023326873779296875,0.0023605823516845703,0.0016732215881347656
3116,0.0022923946380615234,0.0022330284118652344,0.0014674663543701172
3117,0.0023605823516845703,0.0023665428161621094,0.0014705657958984375
3118,0.002338886260986328,0.002178192138671875,0.0014963150024414062
3119,0.0024242401123046875,0.002427816390991211,0.0014383792877197266
3120,0.002373933792114258,0.00231170654296875,0.0015003681182861328
3121,0.002687692642211914,0.002317190170288086,0.001447916030883789
3122,0.002234935760498047,0.00252532958984375,0.0015032291412353516
3123,0.002362489700317383,0.002252817153930664,0.001482248306274414
3124,0.002217531204223633,0.0021698474884033203,0.0014221668243408203
3125,0.0023679733276367188,0.002365589141845703,0.0014693737030029297
3126,0.002181529998779297,0.00211334228515625,0.001708984375
3127,0.0024242401123046875,0.0023255348205566406,0.001512765884399414
3128,0.0022497177124023438,0.0022873878479003906,0.0014946460723876953
3129,0.002343416213989258,0.002391338348388672,0.0014624595642089844
3130,0.0023064613342285156,0.0022764205932617188,0.0014243125915527344
3131,0.0026531219482421875,0.0022361278533935547,0.0013911724090576172
3132,0.0023200511932373047,0.0023140907287597656,0.0014412403106689453
3133,0.0024759769439697266,0.0021810531616210938,0.0015380382537841797
3134,0.0023345947265625,0.002241849899291992,0.001543283462524414
3135,0.002534627914428711,0.0021543502807617188,0.0014872550964355469
3136,0.002307415008544922,0.0022759437561035156,0.001714944839477539
3137,0.0022783279418945312,0.002162933349609375,0.0015132427215576172
3138,0.0022017955780029297,0.0023391246795654297,0.0015435218811035156
3139,0.0022821426391601562,0.0022118091583251953,0.0014657974243164062
3140,0.0020639896392822266,0.0024094581604003906,0.0014829635620117188
3141,0.0026345252990722656,0.0020215511322021484,0.0014946460723876953
3142,0.002195119857788086,0.002748727798461914,0.0013320446014404297
3143,0.0024695396423339844,0.0021643638610839844,0.0015022754669189453
3144,0.002273082733154297,0.002409219741821289,0.0014178752899169922
3145,0.0023763179779052734,0.0022094249725341797,0.001756429672241211
3146,0.0022821426391601562,0.0023140907287597656,0.0014598369598388672
3147,0.0023992061614990234,0.0023093223571777344,0.0017192363739013672
3148,0.003310680389404297,0.0022051334381103516,0.0015764236450195312
3149,0.005220651626586914,0.0022466182708740234,0.0015456676483154297
3150,0.004868268966674805,0.0022635459899902344,0.0015385150909423828
3151,0.002741575241088867,0.0020160675048828125,0.0014829635620117188
3152,0.0021371841430664062,0.002397298812866211,0.0014591217041015625
3153,0.002255678176879883,0.002126932144165039,0.0015034675598144531
3154,0.0021507740020751953,0.0023453235626220703,0.0014886856079101562
3155,0.0023682117462158203,0.0022292137145996094,0.0014927387237548828
3156,0.002173185348510742,0.0023741722106933594,0.00144195556640625
3157,0.002362966537475586,0.0021209716796875,0.0017218589782714844
3158,0.0021982192993164062,0.0022482872009277344,0.0014338493347167969
3159,0.002287149429321289,0.002137899398803711,0.001554250717163086
3160,0.002142667770385742,0.002227783203125,0.0015342235565185547
3161,0.0025205612182617188,0.0020661354064941406,0.0016231536865234375
3162,0.0023193359375,0.0024261474609375,0.0014617443084716797
3163,0.0022132396697998047,0.002200603485107422,0.0014233589172363281
3164,0.002416849136352539,0.002194643020629883,0.0014700889587402344
3165,0.002329111099243164,0.00222015380859375,0.001508474349975586
3166,0.0024077892303466797,0.002304553985595703,0.0015430450439453125
3167,0.002130746841430664,0.0021181106567382812,0.0015273094177246094
3168,0.002468585968017578,0.0022211074829101562,0.001699686050415039
3169,0.002122163772583008,0.0022089481353759766,0.001430511474609375
3170,0.00251007080078125,0.002266407012939453,0.0013957023620605469
3171,0.002524137496948242,0.0021979808807373047,0.0014920234680175781
3172,0.0022842884063720703,0.002534151077270508,0.0015337467193603516
3173,0.0022742748260498047,0.0020644664764404297,0.0014770030975341797
3174,0.0023665428161621094,0.0023317337036132812,0.0014879703521728516
3175,0.0022149085998535156,0.002002716064453125,0.0014472007751464844
3176,0.0023851394653320312,0.0024220943450927734,0.0014629364013671875
3177,0.002228260040283203,0.001981973648071289,0.0014469623565673828
3178,0.0024728775024414062,0.0021805763244628906,0.0016622543334960938
3179,0.002239704132080078,0.002132892608642578,0.0016317367553710938
3180,0.0024373531341552734,0.002193927764892578,0.0015034675598144531
3181,0.0023925304412841797,0.002135038375854492,0.0014314651489257812
3182,0.0023148059844970703,0.0025243759155273438,0.0014889240264892578
3183,0.0022804737091064453,0.002241373062133789,0.0013926029205322266
3184,0.0023298263549804688,0.002286672592163086,0.0014460086822509766
3185,0.0021038055419921875,0.002189159393310547,0.0013413429260253906
3186,0.0022575855255126953,0.0022428035736083984,0.0013985633850097656
3187,0.0021514892578125,0.0020868778228759766,0.0014758110046386719
3188,0.0023305416107177734,0.0022552013397216797,0.0014328956604003906
3189,0.002312183380126953,0.002048015594482422,0.0016429424285888672
3190,0.002432584762573242,0.0022988319396972656,0.0014426708221435547
3191,0.00244903564453125,0.0021219253540039062,0.001566171646118164
3192,0.0024673938751220703,0.0026357173919677734,0.0015380382537841797
3193,0.002228260040283203,0.002223968505859375,0.0015845298767089844
3194,0.002407550811767578,0.0022797584533691406,0.0015091896057128906
3195,0.002267599105834961,0.0021033287048339844,0.0014917850494384766
3196,0.0023109912872314453,0.002452373504638672,0.0013797283172607422
3197,0.0022974014282226562,0.0023522377014160156,0.0015017986297607422
3198,0.0024178028106689453,0.002382993698120117,0.0015082359313964844
3199,0.0022439956665039062,0.002104520797729492,0.0017490386962890625
3200,0.0022656917572021484,0.0021986961364746094,0.0015206336975097656
3201,0.0023462772369384766,0.002304553985595703,0.0015132427215576172
3202,0.0022797584533691406,0.002216815948486328,0.0014567375183105469
3203,0.0021674633026123047,0.0023386478424072266,0.0014662742614746094
3204,0.0024788379669189453,0.002038717269897461,0.0014557838439941406
3205,0.0022962093353271484,0.0021240711212158203,0.0014781951904296875
3206,0.002544879913330078,0.0021393299102783203,0.0014801025390625
3207,0.00235748291015625,0.0020596981048583984,0.0014681816101074219
3208,0.0025250911712646484,0.002155780792236328,0.0013871192932128906
3209,0.002328634262084961,0.0023081302642822266,0.0015239715576171875
3210,0.002614736557006836,0.002313852310180664,0.0017232894897460938
3211,0.002316713333129883,0.0023217201232910156,0.0014104843139648438
3212,0.0022726058959960938,0.002377033233642578,0.0014345645904541016
3213,0.002129793167114258,0.0023221969604492188,0.0016818046569824219
3214,0.002398967742919922,0.0021126270294189453,0.0015065670013427734
3215,0.0022084712982177734,0.0024995803833007812,0.001508474349975586
3216,0.0024411678314208984,0.002054452896118164,0.0014333724975585938
3217,0.002207517623901367,0.0022940635681152344,0.0014755725860595703
3218,0.002445697784423828,0.002026796340942383,0.0013623237609863281
3219,0.0022690296173095703,0.0025212764739990234,0.0014982223510742188
3220,0.002310037612915039,0.002222299575805664,0.0017824172973632812
3221,0.0023539066314697266,0.0023136138916015625,0.0015380382537841797
3222,0.0022542476654052734,0.002338409423828125,0.0015194416046142578
3223,0.002023935317993164,0.0023233890533447266,0.001422882080078125
3224,0.0024008750915527344,0.002103090286254883,0.0014925003051757812
3225,0.002390146255493164,0.0023539066314697266,0.0015454292297363281
3226,0.002185344696044922,0.002071857452392578,0.0015480518341064453
3227,0.002281665802001953,0.0024025440216064453,0.0015099048614501953
3228,0.0022470951080322266,0.0021741390228271484,0.0015492439270019531
3229,0.002304553985595703,0.0022068023681640625,0.0014109611511230469
3230,0.0021800994873046875,0.002154827117919922,0.0014417171478271484
3231,0.0026106834411621094,0.0022096633911132812,0.0016372203826904297
3232,0.0023043155670166016,0.002274036407470703,0.0013663768768310547
3233,0.002317667007446289,0.002177715301513672,0.0014071464538574219
3234,0.0021948814392089844,0.0020165443420410156,0.001489400863647461
3235,0.0023758411407470703,0.0023305416107177734,0.0013887882232666016
3236,0.0022284984588623047,0.0021505355834960938,0.0015115737915039062
3237,0.0024535655975341797,0.002371072769165039,0.0014719963073730469
3238,0.002271890640258789,0.0022547245025634766,0.0014197826385498047
3239,0.002416372299194336,0.002351522445678711,0.0014529228210449219
3240,0.0021886825561523438,0.0021729469299316406,0.0014209747314453125
3241,0.0025229454040527344,0.002306699752807617,0.0016570091247558594
3242,0.0021784305572509766,0.0024590492248535156,0.0014958381652832031
3243,0.0022895336151123047,0.0023453235626220703,0.0013823509216308594
3244,0.0021643638610839844,0.002167224884033203,0.0014307498931884766
3245,0.002349853515625,0.002341032028198242,0.0013780593872070312
3246,0.002176046371459961,0.0021200180053710938,0.001478433609008789
3247,0.002202749252319336,0.0023088455200195312,0.0015130043029785156
3248,0.002074003219604492,0.0020999908447265625,0.001725912094116211
3249,0.0023605823516845703,0.0022923946380615234,0.0015347003936767578
3250,0.002184629440307617,0.0022034645080566406,0.0014433860778808594
3251,0.0026035308837890625,0.002408742904663086,0.0014390945434570312
3252,0.0023267269134521484,0.0024123191833496094,0.0017964839935302734
3253,0.0024466514587402344,0.002324342727661133,0.0015301704406738281
3254,0.002151966094970703,0.002303600311279297,0.001573324203491211
3255,0.002313852310180664,0.002207040786743164,0.0015063285827636719
3256,0.002312898635864258,0.0019447803497314453,0.0014004707336425781
3257,0.0024259090423583984,0.0023369789123535156,0.0014815330505371094
3258,0.0023086071014404297,0.002002716064453125,0.0015048980712890625
3259,0.0025255680084228516,0.002379894256591797,0.0014543533325195312
3260,0.002160787582397461,0.0022056102752685547,0.0016436576843261719
3261,0.0025131702423095703,0.0022897720336914062,0.001486063003540039
3262,0.002125263214111328,0.00262451171875,0.0016739368438720703
3263,0.0023169517517089844,0.0023794174194335938,0.0015377998352050781
3264,0.0023038387298583984,0.0022153854370117188,0.001493692398071289
3265,0.0022606849670410156,0.002405881881713867,0.0015001296997070312
3266,0.0022280216217041016,0.0021753311157226562,0.001463174819946289
3267,0.0023713111877441406,0.002183675765991211,0.0014405250549316406
3268,0.0022335052490234375,0.002278566360473633,0.001474142074584961
3269,0.0023806095123291016,0.002146482467651367,0.0015423297882080078
3270,0.0022742748260498047,0.002167224884033203,0.00159454345703125
3271,0.002766132354736328,0.0021185874938964844,0.0014643669128417969
3272,0.0022814273834228516,0.002407550811767578,0.0014257431030273438
3273,0.002389669418334961,0.002251148223876953,0.0017390251159667969
3274,0.002257823944091797,0.002457857131958008,0.0015654563903808594
3275,0.0023844242095947266,0.0021753311157226562,0.0015184879302978516
3276,0.0023200511932373047,0.0022046566009521484,0.001552581787109375
3277,0.0023224353790283203,0.002161264419555664,0.0013909339904785156
3278,0.0023305416107177734,0.002271413803100586,0.0016427040100097656
3279,0.0023276805877685547,0.0021283626556396484,0.0015637874603271484
3280,0.0021877288818359375,0.0023276805877685547,0.0016252994537353516
3281,0.0024127960205078125,0.001986265182495117,0.0015685558319091797
3282,0.002318143844604492,0.0025458335876464844,0.0017521381378173828
3283,0.0024919509887695312,0.0020797252655029297,0.0017652511596679688
3284,0.0023179054260253906,0.002353668212890625,0.0013823509216308594
3285,0.002390146255493164,0.0019931793212890625,0.001444101333618164
3286,0.0021009445190429688,0.002084493637084961,0.001468658447265625
3287,0.0022957324981689453,0.002134084701538086,0.0014717578887939453
3288,0.002241373062133789,0.0021741390228271484,0.001474618911743164
3289,0.0024576187133789062,0.0020384788513183594,0.0014035701751708984
3290,0.002454042434692383,0.0022666454315185547,0.0015995502471923828
3291,0.002530813217163086,0.0021381378173828125,0.00164031982421875
3292,0.0023355484008789062,0.002412557601928711,0.0015244483947753906
3293,0.0020716190338134766,0.002060413360595703,0.0015153884887695312
3294,0.0033330917358398438,0.002194643020629883,0.0017750263214111328
3295,0.002301454544067383,0.0020444393157958984,0.0014712810516357422
3296,0.0026497840881347656,0.002278566360473633,0.001611948013305664
3297,0.0023436546325683594,0.0020186901092529297,0.0014684200286865234
3298,0.002546072006225586,0.0022542476654052734,0.0014231204986572266
3299,0.002373218536376953,0.002152681350708008,0.0013990402221679688
3300,0.002196073532104492,0.002450227737426758,0.0014424324035644531
3301,0.002470254898071289,0.0021762847900390625,0.0014238357543945312
3302,0.002301454544067383,0.0025157928466796875,0.001458883285522461
3303,0.002239704132080078,0.002112865447998047,0.0014948844909667969
3304,0.0022771358489990234,0.0023193359375,0.0016071796417236328
3305,0.0022933483123779297,0.0020530223846435547,0.0015156269073486328
3306,0.002517223358154297,0.0022742748260498047,0.0015187263488769531
3307,0.002312183380126953,0.002084493637084961,0.0015451908111572266
3308,0.002454042434692383,0.0021636486053466797,0.0015177726745605469
3309,0.0021593570709228516,0.002071380615234375,0.0014863014221191406
3310,0.002347230911254883,0.0021600723266601562,0.0014503002166748047
3311,0.0025641918182373047,0.0022270679473876953,0.0014445781707763672
3312,0.0024454593658447266,0.0024340152740478516,0.0014564990997314453
3313,0.0021779537200927734,0.0019729137420654297,0.0013833045959472656
3314,0.0023734569549560547,0.0022466182708740234,0.0014567375183105469
3315,0.0023779869079589844,0.002059459686279297,0.001619577407836914
3316,0.0026247501373291016,0.0022144317626953125,0.0015947818756103516
3317,0.002347230911254883,0.00206756591796875,0.0015716552734375
3318,0.0024166107177734375,0.0022661685943603516,0.0015399456024169922
3319,0.0020346641540527344,0.0021097660064697266,0.001573801040649414
3320,0.0023636817932128906,0.002233266830444336,0.0015969276428222656
3321,0.0023581981658935547,0.0021181106567382812,0.0015592575073242188
3322,0.0024292469024658203,0.0024530887603759766,0.0015721321105957031
3323,0.0023233890533447266,0.0021898746490478516,0.00150299072265625
3324,0.002371549606323242,0.0023810863494873047,0.0014595985412597656
3325,0.0022497177124023438,0.0021805763244628906,0.0017380714416503906
3326,0.002161741256713867,0.002319812774658203,0.0015151500701904297
3327,0.0021622180938720703,0.0022444725036621094,0.0014870166778564453
3328,0.002405881881713867,0.0023822784423828125,0.0015027523040771484
3329,0.002344846725463867,0.002182483673095703,0.00151824951171875
3330,0.0024461746215820312,0.0022406578063964844,0.0014657974243164062
3331,0.002541065216064453,0.002249479293823242,0.0013201236724853516
3332,0.0026178359985351562,0.002562999725341797,0.0013947486877441406
3333,0.002155303955078125,0.0022220611572265625,0.0013661384582519531
3334,0.002391815185546875,0.00229644775390625,0.001547098159790039
3335,0.002263307571411133,0.002145051956176758,0.0014786720275878906
3336,0.0024063587188720703,0.002007007598876953,0.001722097396850586
3337,0.002315521240234375,0.002125978469848633,0.0014672279357910156
3338,0.0025594234466552734,0.0021419525146484375,0.0015206336975097656
3339,0.002105712890625,0.0022923946380615234,0.001422882080078125
3340,0.0022284984588623047,0.002013683319091797,0.0014193058013916016
3341,0.0024123191833496094,0.0023381710052490234,0.0015091896057128906
3342,0.0022020339965820312,0.0022258758544921875,0.0015273094177246094
3343,0.002201080322265625,0.002214670181274414,0.0014178752899169922
3344,0.0023453235626220703,0.0021219253540039062,0.001516580581665039
3345,0.002152681350708008,0.0022428035736083984,0.0014142990112304688
3346,0.0023026466369628906,0.0021398067474365234,0.0017306804656982422
3347,0.002154827117919922,0.00225830078125,0.001439809799194336
3348,0.0023522377014160156,0.0021402835845947266,0.001416921615600586
3349,0.002340078353881836,0.0022199153900146484,0.001436471939086914
3350,0.002385854721069336,0.0021178722381591797,0.0015132427215576172
3351,0.0025262832641601562,0.0022830963134765625,0.0016131401062011719
3352,0.002378225326538086,0.002324342727661133,0.0013892650604248047
3353,0.002073526382446289,0.002306699752807617,0.0013852119445800781
3354,0.0023970603942871094,0.002294778823852539,0.001516103744506836
3355,0.002318859100341797,0.002404451370239258,0.0015435218811035156
3356,0.002070903778076172,0.002174854278564453,0.0014774799346923828
3357,0.002346038818359375,0.0022592544555664062,0.0017404556274414062
3358,0.002223968505859375,0.002180814743041992,0.001453399658203125
3359,0.0024254322052001953,0.0022139549255371094,0.0014545917510986328
3360,0.002231121063232422,0.002117156982421875,0.0014035701751708984
3361,0.002675294876098633,0.0022745132446289062,0.0014638900756835938
3362,0.0023233890533447266,0.0022330284118652344,0.0014464855194091797
3363,0.0024225711822509766,0.002410888671875,0.0015647411346435547
3364,0.0022335052490234375,0.002070903778076172,0.0013859272003173828
3365,0.0024881362915039062,0.0023512840270996094,0.0014815330505371094
3366,0.00209808349609375,0.002124309539794922,0.0013720989227294922
3367,0.002283811569213867,0.0021522045135498047,0.0017099380493164062
3368,0.0021550655364990234,0.0020685195922851562,0.0015537738800048828
3369,0.0021936893463134766,0.0021157264709472656,0.0014841556549072266
3370,0.0022623538970947266,0.002001047134399414,0.0013878345489501953
3371,0.0025713443756103516,0.002234935760498047,0.0015282630920410156
3372,0.002259492874145508,0.0021927356719970703,0.0015118122100830078
3373,0.002370595932006836,0.0022916793823242188,0.00150299072265625
3374,0.0021991729736328125,0.002106189727783203,0.0014612674713134766
3375,0.002310037612915039,0.002176523208618164,0.0014464855194091797
3376,0.0022275447845458984,0.002133607864379883,0.0014979839324951172
3377,0.002506256103515625,0.0023124217987060547,0.0015230178833007812
3378,0.002265453338623047,0.0020101070404052734,0.0017256736755371094
3379,0.002475261688232422,0.002256155014038086,0.001497507095336914
3380,0.0021576881408691406,0.0022814273834228516,0.001451253890991211
3381,0.002510547637939453,0.0023496150970458984,0.0015027523040771484
3382,0.0021941661834716797,0.0025894641876220703,0.0015556812286376953
3383,0.002315521240234375,0.002329111099243164,0.0015158653259277344
3384,0.002281665802001953,0.002185344696044922,0.0015249252319335938
3385,0.0022830963134765625,0.0024242401123046875,0.0015795230865478516
3386,0.0023195743560791016,0.0022430419921875,0.001455068588256836
3387,0.0024933815002441406,0.0023963451385498047,0.0013921260833740234
3388,0.002144336700439453,0.0019469261169433594,0.0016851425170898438
3389,0.002447366714477539,0.0021359920501708984,0.0015215873718261719
3390,0.0021598339080810547,0.0021572113037109375,0.001455068588256836
3391,0.002696990966796875,0.002170562744140625,0.0014736652374267578
3392,0.002238750457763672,0.0023527145385742188,0.0015285015106201172
3393,0.002331256866455078,0.0023102760314941406,0.0014274120330810547
3394,0.002243518829345703,0.00200653076171875,0.0015003681182861328
3395,0.002431154251098633,0.0022335052490234375,0.0015840530395507812
3396,0.0023140907287597656,0.002201557159423828,0.0015408992767333984
3397,0.0024297237396240234,0.002346515655517578,0.0014414787292480469
3398,0.0021970272064208984,0.002124309539794922,0.0014841556549072266
3399,0.0022635459899902344,0.002132415771484375,0.0017883777618408203
3400,0.0021173954010009766,0.0022602081298828125,0.0015282630920410156
3401,0.002468585968017578,0.0021157264709472656,0.001474618911743164
3402,0.0022025108337402344,0.002513885498046875,0.0015232563018798828
3403,0.0023305416107177734,0.0021505355834960938,0.0015306472778320312
3404,0.00225830078125,0.0023734569549560547,0.001458883285522461
3405,0.002398252487182617,0.002083301544189453,0.0015268325805664062
3406,0.002282857894897461,0.002298116683959961,0.0014767646789550781
3407,0.002417325973510742,0.0022611618041992188,0.0014934539794921875
3408,0.0020868778228759766,0.0023741722106933594,0.001478433609008789
3409,0.0023648738861083984,0.0023772716522216797,0.0018570423126220703
3410,0.002154827117919922,0.002442598342895508,0.0015764236450195312
3411,0.002678394317626953,0.002374887466430664,0.0015187263488769531
3412,0.002256155014038086,0.0027697086334228516,0.001422882080078125
3413,0.002512216567993164,0.002504110336303711,0.001508951187133789
3414,0.002170562744140625,0.002507925033569336,0.0013248920440673828
3415,0.002312183380126953,0.002208709716796875,0.0014789104461669922
3416,0.0021331310272216797,0.0023622512817382812,0.0014681816101074219
3417,0.0023665428161621094,0.0023615360260009766,0.0015213489532470703
3418,0.002234935760498047,0.0022292137145996094,0.0014727115631103516
3419,0.0023593902587890625,0.0022628307342529297,0.0014727115631103516
3420,0.002239704132080078,0.002295970916748047,0.0017969608306884766
3421,0.002510547637939453,0.002328157424926758,0.0014014244079589844
3422,0.002428770065307617,0.002646207809448242,0.0014410018920898438
3423,0.002220630645751953,0.0022699832916259766,0.0014495849609375
3424,0.0024302005767822266,0.0025179386138916016,0.001346588134765625
3425,0.0022902488708496094,0.0022430419921875,0.0015056133270263672
3426,0.0024237632751464844,0.0025658607482910156,0.001523733139038086
3427,0.002221345901489258,0.007311582565307617,0.001527547836303711
3428,0.0023894309997558594,0.0028619766235351562,0.0014872550964355469
3429,0.002123117446899414,0.002531290054321289,0.001529693603515625
3430,0.0022993087768554688,0.002564668655395508,0.0016994476318359375
3431,0.0023393630981445312,0.0022776126861572266,0.0015845298767089844
3432,0.002418041229248047,0.002771615982055664,0.0014023780822753906
3433,0.002188444137573242,0.0023109912872314453,0.0013704299926757812
3434,0.002461671829223633,0.0023767948150634766,0.0013914108276367188
3435,0.002317190170288086,0.002255678176879883,0.0013883113861083984
3436,0.002397298812866211,0.0024471282958984375,0.0014486312866210938
3437,0.0022156238555908203,0.002214193344116211,0.0014979839324951172
3438,0.0023877620697021484,0.0025985240936279297,0.0014717578887939453
3439,0.002212047576904297,0.00240325927734375,0.001375436782836914
3440,0.0024101734161376953,0.0024580955505371094,0.0014619827270507812
3441,0.002371549606323242,0.002431154251098633,0.0016014575958251953
3442,0.002418041229248047,0.0026903152465820312,0.0015103816986083984
3443,0.0021512508392333984,0.0022547245025634766,0.0014810562133789062
3444,0.002455472946166992,0.002362966537475586,0.0015172958374023438
3445,0.002214670181274414,0.0019989013671875,0.0014233589172363281
3446,0.0023620128631591797,0.0023026466369628906,0.0014035701751708984
3447,0.002183675765991211,0.002234935760498047,0.001346588134765625
3448,0.002438068389892578,0.0023183822631835938,0.0014553070068359375
3449,0.002331256866455078,0.002279996871948242,0.001489877700805664
3450,0.002480030059814453,0.002475261688232422,0.0014705657958984375
3451,0.002574920654296875,0.002393960952758789,0.0015985965728759766
3452,0.0024547576904296875,0.0027718544006347656,0.0015075206756591797
3453,0.0023009777069091797,0.0022475719451904297,0.0015120506286621094
3454,0.0023832321166992188,0.0025000572204589844,0.0018069744110107422
3455,0.002117156982421875,0.0023474693298339844,0.0015249252319335938
3456,0.002351045608520508,0.002295255661010742,0.0015652179718017578
3457,0.002194643020629883,0.0021355152130126953,0.0015897750854492188
3458,0.002362489700317383,0.0023550987243652344,0.0015141963958740234
3459,0.0022323131561279297,0.002187490463256836,0.0015587806701660156
3460,0.002375364303588867,0.0024328231811523438,0.0014843940734863281
3461,0.0023691654205322266,0.0023136138916015625,0.0014622211456298828
3462,0.0022568702697753906,0.002705097198486328,0.0015943050384521484
3463,0.0021851062774658203,0.002335786819458008,0.0014727115631103516
3464,0.002321481704711914,0.002498149871826172,0.0014460086822509766
3465,0.002136707305908203,0.002386808395385742,0.0014607906341552734
3466,0.0023720264434814453,0.0024623870849609375,0.0013396739959716797
3467,0.0022821426391601562,0.002465963363647461,0.0014820098876953125
3468,0.0023314952850341797,0.002492189407348633,0.0013515949249267578
3469,0.0020444393157958984,0.0024056434631347656,0.0015361309051513672
3470,0.0024633407592773438,0.002187490463256836,0.0015037059783935547
3471,0.0025763511657714844,0.0024564266204833984,0.0015616416931152344
3472,0.0024576187133789062,0.002386808395385742,0.0016946792602539062
3473,0.002390623092651367,0.0024030208587646484,0.0013949871063232422
3474,0.0022890567779541016,0.002287149429321289,0.0014638900756835938
3475,0.0021195411682128906,0.0022537708282470703,0.001493692398071289
3476,0.0023031234741210938,0.002193927764892578,0.0014815330505371094
3477,0.0023331642150878906,0.0022978782653808594,0.0014531612396240234
3478,0.0024213790893554688,0.002283334732055664,0.0014297962188720703
3479,0.002239704132080078,0.0023603439331054688,0.0014202594757080078
3480,0.0024635791778564453,0.002278566360473633,0.0015099048614501953
3481,0.0023393630981445312,0.0024733543395996094,0.0015256404876708984
3482,0.003384113311767578,0.0025637149810791016,0.0014629364013671875
3483,0.0050280094146728516,0.0025086402893066406,0.00168609619140625
3484,0.004155158996582031,0.0022020339965820312,0.001500844955444336
3485,0.0023081302642822266,0.002058267593383789,0.001505136489868164
3486,0.0021915435791015625,0.002202272415161133,0.0014503002166748047
3487,0.002158641815185547,0.002305746078491211,0.0014412403106689453
3488,0.0020599365234375,0.002131223678588867,0.0016355514526367188
3489,0.002438783645629883,0.002337932586669922,0.001462697982788086
3490,0.0022954940795898438,0.0018870830535888672,0.0015566349029541016
3491,0.0024573802947998047,0.002234220504760742,0.0015115737915039062
3492,0.002215147018432617,0.0022318363189697266,0.0014557838439941406
3493,0.002324819564819336,0.0024178028106689453,0.0016605854034423828
3494,0.002279996871948242,0.0022668838500976562,0.0014820098876953125
3495,0.0024056434631347656,0.002400636672973633,0.001352548599243164
3496,0.0020246505737304688,0.0022470951080322266,0.0014519691467285156
3497,0.002307891845703125,0.002107858657836914,0.0014503002166748047
3498,0.0021669864654541016,0.0021080970764160156,0.003735780715942383
3499,0.00229644775390625,0.0022623538970947266,0.0016231536865234375
3500,0.002266407012939453,0.002173185348510742,0.001626729965209961
3501,0.0025925636291503906,0.0022878646850585938,0.0016274452209472656
3502,0.0021920204162597656,0.002544403076171875,0.001720428466796875
3503,0.0023126602172851562,0.0024709701538085938,0.0016891956329345703
3504,0.002045154571533203,0.00226593017578125,0.0017457008361816406
3505,0.0024063587188720703,0.0023496150970458984,0.0015320777893066406
3506,0.0022284984588623047,0.002190113067626953,0.001650094985961914
3507,0.002316713333129883,0.0024003982543945312,0.001483917236328125
3508,0.0021924972534179688,0.0020961761474609375,0.001501321792602539
3509,0.002409696578979492,0.002751588821411133,0.0016095638275146484
3510,0.0021619796752929688,0.002154111862182617,0.00153350830078125
3511,0.0027480125427246094,0.002044200897216797,0.0015435218811035156
3512,0.002307415008544922,0.002549409866333008,0.0016078948974609375
3513,0.0024328231811523438,0.0025048255920410156,0.0015239715576171875
3514,0.0022611618041992188,0.0026526451110839844,0.0016779899597167969
3515,0.002319812774658203,0.003219127655029297,0.0014164447784423828
3516,0.002049684524536133,0.002887248992919922,0.0013897418975830078
3517,0.0023109912872314453,0.003108978271484375,0.001519918441772461
3518,0.0021009445190429688,0.0024840831756591797,0.0015342235565185547
3519,0.002411365509033203,0.0022666454315185547,0.0015544891357421875
3520,0.002127408981323242,0.002208232879638672,0.0014553070068359375
3521,0.0026023387908935547,0.0022401809692382812,0.0014927387237548828
3522,0.002196788787841797,0.0025136470794677734,0.0014119148254394531
3523,0.002186298370361328,0.0023131370544433594,0.0017549991607666016
3524,0.0020797252655029297,0.002430438995361328,0.0014960765838623047
3525,0.0023593902587890625,0.002432584762573242,0.0017476081848144531
3526,0.002398252487182617,0.002283811569213867,0.001363515853881836
3527,0.0023736953735351562,0.002446889877319336,0.0015130043029785156
3528,0.002153158187866211,0.0021147727966308594,0.0014638900756835938
3529,0.0024564266204833984,0.0023145675659179688,0.0015406608581542969
3530,0.002238035202026367,0.0019443035125732422,0.0015201568603515625
3531,0.0024755001068115234,0.0022478103637695312,0.0014634132385253906
3532,0.002149343490600586,0.002499818801879883,0.0014309883117675781
3533,0.0024280548095703125,0.002286195755004883,0.0015747547149658203
3534,0.0021505355834960938,0.0023860931396484375,0.0014867782592773438
3535,0.0022466182708740234,0.0021469593048095703,0.0018050670623779297
3536,0.0021486282348632812,0.002428293228149414,0.0015780925750732422
3537,0.002366304397583008,0.0022957324981689453,0.0015473365783691406
3538,0.002234935760498047,0.0023615360260009766,0.0015382766723632812
3539,0.002362489700317383,0.0021986961364746094,0.0014829635620117188
3540,0.0021643638610839844,0.002461671829223633,0.0015671253204345703
3541,0.002653837203979492,0.002287149429321289,0.0014979839324951172
3542,0.002267599105834961,0.002674102783203125,0.001329183578491211
3543,0.0022437572479248047,0.002407073974609375,0.001375436782836914
3544,0.0022363662719726562,0.0023789405822753906,0.0014772415161132812
3545,0.0022194385528564453,0.0020973682403564453,0.0014925003051757812
3546,0.002204418182373047,0.002349376678466797,0.0016512870788574219
3547,0.0022826194763183594,0.002324819564819336,0.0013034343719482422
3548,0.0023424625396728516,0.002271890640258789,0.0014312267303466797
3549,0.0021877288818359375,0.002206563949584961,0.0014224052429199219
3550,0.0021855831146240234,0.0023956298828125,0.0014913082122802734
3551,0.0023603439331054688,0.002417325973510742,0.001477956771850586
3552,0.002292156219482422,0.0024878978729248047,0.0014722347259521484
3553,0.0021271705627441406,0.002109527587890625,0.00138092041015625
3554,0.0023276805877685547,0.002390146255493164,0.0015063285827636719
3555,0.002043008804321289,0.002055644989013672,0.001386880874633789
3556,0.0022635459899902344,0.0022847652435302734,0.001665353775024414
3557,0.002054929733276367,0.002167940139770508,0.0017690658569335938
3558,0.0021848678588867188,0.0022420883178710938,0.0014874935150146484
3559,0.0020651817321777344,0.002044677734375,0.0014090538024902344
3560,0.0023162364959716797,0.0019881725311279297,0.0015261173248291016
3561,0.0024175643920898438,0.0021347999572753906,0.0014739036560058594
3562,0.002288818359375,0.0024962425231933594,0.0015568733215332031
3563,0.002099275588989258,0.0021479129791259766,0.0014848709106445312
3564,0.0023813247680664062,0.0023288726806640625,0.00148773193359375
3565,0.002235889434814453,0.002185821533203125,0.0015015602111816406
3566,0.0024919509887695312,0.0022699832916259766,0.0014188289642333984
3567,0.0021963119506835938,0.0024182796478271484,0.0017771720886230469
3568,0.002350330352783203,0.0023317337036132812,0.0015316009521484375
3569,0.0021452903747558594,0.0021648406982421875,0.0015187263488769531
3570,0.002377748489379883,0.0025055408477783203,0.0014591217041015625
3571,0.0024771690368652344,0.002171039581298828,0.0015475749969482422
3572,0.002464771270751953,0.0025844573974609375,0.0015490055084228516
3573,0.002294301986694336,0.0023217201232910156,0.00154876708984375
3574,0.002285480499267578,0.0024797916412353516,0.0013806819915771484
3575,0.0021409988403320312,0.0019314289093017578,0.0014946460723876953
3576,0.002276182174682617,0.0022263526916503906,0.0013723373413085938
3577,0.002014636993408203,0.002027273178100586,0.0016694068908691406
3578,0.0022504329681396484,0.002375364303588867,0.001493692398071289
3579,0.002199411392211914,0.0021975040435791016,0.0014679431915283203
3580,0.0023398399353027344,0.0022885799407958984,0.0014007091522216797
3581,0.002388477325439453,0.002180337905883789,0.0014514923095703125
3582,0.002220630645751953,0.0024421215057373047,0.0013871192932128906
3583,0.002090930938720703,0.002077341079711914,0.00141143798828125
3584,0.0022008419036865234,0.0022771358489990234,0.0014889240264892578
3585,0.001955747604370117,0.002105712890625,0.0014450550079345703
3586,0.0024001598358154297,0.002285480499267578,0.00141143798828125
3587,0.0021665096282958984,0.002233743667602539,0.0014867782592773438
3588,0.002293825149536133,0.0023882389068603516,0.0017938613891601562
3589,0.0020818710327148438,0.002200603485107422,0.0015926361083984375
3590,0.0023179054260253906,0.0024557113647460938,0.0015277862548828125
3591,0.002374887466430664,0.0024347305297851562,0.0017824172973632812
3592,0.002385377883911133,0.002664804458618164,0.0015399456024169922
3593,0.0022003650665283203,0.002270221710205078,0.0014684200286865234
3594,0.0024018287658691406,0.0023627281188964844,0.0015270709991455078
3595,0.0021796226501464844,0.0020821094512939453,0.0014710426330566406
3596,0.002311229705810547,0.0022814273834228516,0.0015025138854980469
3597,0.002080202102661133,0.0023229122161865234,0.0014309883117675781
3598,0.002240896224975586,0.002115011215209961,0.0017802715301513672
3599,0.002117156982421875,0.0022318363189697266,0.001524209976196289
3600,0.002332448959350586,0.002175569534301758,0.0015087127685546875
3601,0.002323150634765625,0.0025548934936523438,0.0014088153839111328
3602,0.0023283958435058594,0.00250244140625,0.0015058517456054688
3603,0.002299785614013672,0.0023641586303710938,0.0014410018920898438
3604,0.0023186206817626953,0.002169370651245117,0.0015215873718261719
3605,0.002093791961669922,0.002527952194213867,0.0015478134155273438
3606,0.0022873878479003906,0.0021009445190429688,0.0015387535095214844
3607,0.0021054744720458984,0.002254962921142578,0.0014340877532958984
3608,0.002334117889404297,0.0021479129791259766,0.0014748573303222656
3609,0.0020918846130371094,0.0023429393768310547,0.001703500747680664
3610,0.002172231674194336,0.0022482872009277344,0.0014722347259521484
3611,0.0022268295288085938,0.0022690296173095703,0.0014719963073730469
3612,0.002274751663208008,0.003618955612182617,0.0014202594757080078
3613,0.0023474693298339844,0.004331350326538086,0.001329183578491211
3614,0.0020782947540283203,0.002424478530883789,0.00147247314453125
3615,0.0022287368774414062,0.0025892257690429688,0.001422882080078125
3616,0.002127408981323242,0.0023012161254882812,0.0014574527740478516
3617,0.0023200511932373047,0.002424955368041992,0.0013811588287353516
3618,0.002165555953979492,0.002119779586791992,0.0015339851379394531
3619,0.0023527145385742188,0.002411365509033203,0.001756906509399414
3620,0.002160787582397461,0.002171754837036133,0.0014848709106445312
3621,0.0025076866149902344,0.0025157928466796875,0.0014684200286865234
3622,0.0021677017211914062,0.0026836395263671875,0.0014410018920898438
3623,0.0022780895233154297,0.0026056766510009766,0.0014727115631103516
3624,0.0019986629486083984,0.002391815185546875,0.0014586448669433594
3625,0.0022954940795898438,0.0024950504302978516,0.0014939308166503906
3626,0.002164602279663086,0.0022423267364501953,0.0016460418701171875
3627,0.0023200511932373047,0.002386331558227539,0.0014247894287109375
3628,0.002050161361694336,0.0023164749145507812,0.0014350414276123047
3629,0.0023102760314941406,0.002501249313354492,0.0015742778778076172
3630,0.0021805763244628906,0.0024056434631347656,0.0016751289367675781
3631,0.002749204635620117,0.002419710159301758,0.0015451908111572266
3632,0.0019943714141845703,0.002254486083984375,0.001537322998046875
3633,0.002395153045654297,0.0025610923767089844,0.0016217231750488281
3634,0.002142667770385742,0.002239227294921875,0.0014395713806152344
3635,0.002321958541870117,0.002326488494873047,0.0014729499816894531
3636,0.0021376609802246094,0.0020585060119628906,0.003806591033935547
3637,0.002280712127685547,0.0022912025451660156,0.001744985580444336
3638,0.002068758010864258,0.0021843910217285156,0.0038788318634033203
3639,0.0020346641540527344,0.0031213760375976562,0.0028247833251953125
3640,0.0021927356719970703,0.0037565231323242188,0.004628658294677734
3641,0.0025663375854492188,0.0026519298553466797,0.003957033157348633
3642,0.002038240432739258,0.0030736923217773438,0.0035009384155273438
3643,0.0023241043090820312,0.0028595924377441406,0.003290414810180664
3644,0.0021851062774658203,0.0025701522827148438,0.002913236618041992
3645,0.002321481704711914,0.002293109893798828,0.0030739307403564453
3646,0.002299785614013672,0.002122163772583008,0.004242658615112305
3647,0.002381563186645508,0.002475261688232422,0.0033693313598632812
3648,0.002258777618408203,0.002294778823852539,0.0031304359436035156
3649,0.0023071765899658203,0.0024535655975341797,0.0031652450561523438
3650,0.002215147018432617,0.0021653175354003906,0.0030388832092285156
3651,0.002421140670776367,0.0024514198303222656,0.003406047821044922
3652,0.0021829605102539062,0.0026617050170898438,0.0029137134552001953
3653,0.0021958351135253906,0.002385854721069336,0.004125356674194336
3654,0.0021483898162841797,0.002281665802001953,0.004340410232543945
3655,0.002178668975830078,0.002542257308959961,0.0036673545837402344
3656,0.002208709716796875,0.002374887466430664,0.003216266632080078
3657,0.002408742904663086,0.002344846725463867,0.00428009033203125
3658,0.002111673355102539,0.0023050308227539062,0.003322601318359375
3659,0.002290487289428711,0.0021948814392089844,0.003644704818725586
3660,0.002195119857788086,0.0021483898162841797,0.0036406517028808594
3661,0.0024328231811523438,0.002195119857788086,0.00347900390625
3662,0.002194643020629883,0.0024318695068359375,0.0029730796813964844
3663,0.002407073974609375,0.002076864242553711,0.003854990005493164
3664,0.0022401809692382812,0.0023353099822998047,0.00416254997253418
3665,0.0023238658905029297,0.0021669864654541016,0.002998828887939453
3666,0.002184629440307617,0.002338409423828125,0.0029926300048828125
3667,0.002337932586669922,0.0022161006927490234,0.004345417022705078
3668,0.0021681785583496094,0.0023615360260009766,0.004201412200927734
3669,0.002370119094848633,0.002321481704711914,0.004626274108886719
3670,0.0021965503692626953,0.0023374557495117188,0.004545927047729492
3671,0.0024368762969970703,0.002176523208618164,0.004565715789794922
3672,0.002168416976928711,0.002492666244506836,0.0038771629333496094
3673,0.002242565155029297,0.002183675765991211,0.0033333301544189453
3674,0.002140522003173828,0.0023419857025146484,0.003434419631958008
3675,0.002380847930908203,0.002183198928833008,0.0033791065216064453
3676,0.0021207332611083984,0.002323150634765625,0.0035719871520996094
3677,0.0022842884063720703,0.002147197723388672,0.002880096435546875
3678,0.0022063255310058594,0.002544879913330078,0.0028378963470458984
3679,0.0020775794982910156,0.0021164417266845703,0.00427699089050293
3680,0.0023221969604492188,0.002249479293823242,0.004228115081787109
3681,0.0033698081970214844,0.0021109580993652344,0.0030107498168945312
3682,0.004157543182373047,0.0027234554290771484,0.003336668014526367
3683,0.0027942657470703125,0.002196788787841797,0.00406336784362793
3684,0.0024509429931640625,0.0023522377014160156,0.003841400146484375
3685,0.0022568702697753906,0.0022096633911132812,0.003865480422973633
3686,0.0024137496948242188,0.002391338348388672,0.002707958221435547
3687,0.0022575855255126953,0.002288341522216797,0.0028014183044433594
3688,0.0023250579833984375,0.0022673606872558594,0.0028162002563476562
3689,0.00222015380859375,0.0021448135375976562,0.003010272979736328
3690,0.002332448959350586,0.002403736114501953,0.003032207489013672
3691,0.0023581981658935547,0.0022504329681396484,0.003059864044189453
3692,0.0023491382598876953,0.0026063919067382812,0.0030241012573242188
3693,0.0021982192993164062,0.0024213790893554688,0.0043146610260009766
3694,0.002437591552734375,0.002361774444580078,0.0039823055267333984
3695,0.0022165775299072266,0.0023789405822753906,0.0030841827392578125
3696,0.0024170875549316406,0.002480030059814453,0.004002094268798828
3697,0.0022656917572021484,0.0023925304412841797,0.003345966339111328
3698,0.002535104751586914,0.0025718212127685547,0.0033915042877197266
3699,0.002237558364868164,0.002427816390991211,0.0033767223358154297
3700,0.00255584716796875,0.002432584762573242,0.0031616687774658203
3701,0.0025587081909179688,0.0020546913146972656,0.004530668258666992
3702,0.0025377273559570312,0.002498626708984375,0.004503488540649414
3703,0.0023567676544189453,0.0020613670349121094,0.004485607147216797
3704,0.0025157928466796875,0.002274036407470703,0.00384521484375
3705,0.0020961761474609375,0.002341032028198242,0.0036745071411132812
3706,0.0023005008697509766,0.0024433135986328125,0.0037038326263427734
3707,0.002045154571533203,0.002134084701538086,0.004384756088256836
3708,0.0023584365844726562,0.0022885799407958984,0.004217863082885742
3709,0.002103567123413086,0.0023353099822998047,0.003470897674560547
3710,0.002401590347290039,0.0023956298828125,0.0034363269805908203
3711,0.0024614334106445312,0.0022246837615966797,0.0030260086059570312
3712,0.002361774444580078,0.0025501251220703125,0.0028922557830810547
3713,0.0021963119506835938,0.0021278858184814453,0.0028831958770751953
3714,0.0024323463439941406,0.0025103092193603516,0.004391908645629883
3715,0.0021932125091552734,0.002174854278564453,0.003178119659423828
3716,0.0023713111877441406,0.002206563949584961,0.003094196319580078
3717,0.002245187759399414,0.0021314620971679688,0.003290414810180664
3718,0.0022020339965820312,0.0023887157440185547,0.003426074981689453
3719,0.0022559165954589844,0.002227783203125,0.0031914710998535156
3720,0.0024662017822265625,0.0020627975463867188,0.002796649932861328
3721,0.002380847930908203,0.001962900161743164,0.0027451515197753906
3722,0.002330780029296875,0.002538442611694336,0.0041904449462890625
3723,0.0021982192993164062,0.0021915435791015625,0.0031807422637939453
3724,0.002382993698120117,0.002255678176879883,0.0034856796264648438
3725,0.002244234085083008,0.0022170543670654297,0.003183126449584961
3726,0.0027599334716796875,0.003046751022338867,0.003148794174194336
3727,0.0023796558380126953,0.002943754196166992,0.0032188892364501953
3728,0.00252532958984375,0.0024433135986328125,0.0043430328369140625
3729,0.0022716522216796875,0.0024251937866210938,0.003053426742553711
3730,0.002404451370239258,0.003310680389404297,0.0028824806213378906
3731,0.0024950504302978516,0.0023517608642578125,0.003052234649658203
3732,0.0024993419647216797,0.0026519298553466797,0.003014802932739258
3733,0.0021185874938964844,0.0022313594818115234,0.0032091140747070312
3734,0.002520322799682617,0.0022056102752685547,0.0033092498779296875
3735,0.0023872852325439453,0.0025877952575683594,0.0033490657806396484
3736,0.0024271011352539062,0.0024340152740478516,0.0030057430267333984
3737,0.0023202896118164062,0.0024442672729492188,0.0029840469360351562
3738,0.0024306774139404297,0.0023546218872070312,0.0031499862670898438
3739,0.0020284652709960938,0.002393007278442383,0.0030853748321533203
3740,0.0022356510162353516,0.0023195743560791016,0.004392862319946289
3741,0.0024442672729492188,0.0025124549865722656,0.0034637451171875
3742,0.002279520034790039,0.0024847984313964844,0.0031549930572509766
3743,0.00247955322265625,0.002344846725463867,0.0031812191009521484
3744,0.0021474361419677734,0.0021314620971679688,0.004507303237915039
3745,0.0024290084838867188,0.0031824111938476562,0.0035212039947509766
3746,0.0022449493408203125,0.002283334732055664,0.0031843185424804688
3747,0.0024347305297851562,0.0026578903198242188,0.003198385238647461
3748,0.0022733211517333984,0.002439737319946289,0.0030422210693359375
3749,0.002356290817260742,0.0025246143341064453,0.0030546188354492188
3750,0.002147197723388672,0.0022072792053222656,0.0039920806884765625
3751,0.0025768280029296875,0.00237274169921875,0.002917766571044922
3752,0.0022335052490234375,0.0025506019592285156,0.0029573440551757812
3753,0.002278566360473633,0.002324819564819336,0.0030961036682128906
3754,0.0022995471954345703,0.0022003650665283203,0.0034286975860595703
3755,0.0023949146270751953,0.002184629440307617,0.00362396240234375
3756,0.002273082733154297,0.0020287036895751953,0.004598855972290039
3757,0.0023288726806640625,0.002240896224975586,0.003477334976196289
3758,0.002246379852294922,0.0019800662994384766,0.003373384475708008
3759,0.002401590347290039,0.002460479736328125,0.0030012130737304688
3760,0.0020880699157714844,0.0022101402282714844,0.0029973983764648438
3761,0.002510547637939453,0.0022499561309814453,0.002908468246459961
3762,0.002236604690551758,0.0024518966674804688,0.0029706954956054688
3763,0.002256631851196289,0.0023839473724365234,0.0029158592224121094
3764,0.0021805763244628906,0.0022373199462890625,0.00400090217590332
3765,0.0024292469024658203,0.0023641586303710938,0.003240823745727539
3766,0.002161741256713867,0.0022242069244384766,0.0036623477935791016
3767,0.0022573471069335938,0.0024728775024414062,0.0030846595764160156
3768,0.0022687911987304688,0.002372264862060547,0.0030133724212646484
3769,0.0023033618927001953,0.0024046897888183594,0.002960681915283203
3770,0.0022325515747070312,0.0022618770599365234,0.0037903785705566406
3771,0.0026214122772216797,0.0023398399353027344,0.004235029220581055
3772,0.0022933483123779297,0.0025801658630371094,0.0032072067260742188
3773,0.0025305747985839844,0.002408266067504883,0.002924680709838867
3774,0.0023403167724609375,0.002393960952758789,0.002761363983154297
3775,0.002404928207397461,0.0024962425231933594,0.002920866012573242
3776,0.0021202564239501953,0.002214193344116211,0.002991914749145508
3777,0.0024538040161132812,0.00237274169921875,0.0034193992614746094
3778,0.002233743667602539,0.0020482540130615234,0.0029706954956054688
3779,0.0024712085723876953,0.0022728443145751953,0.0030133724212646484
3780,0.002254486083984375,0.0021619796752929688,0.0031282901763916016
3781,0.002680063247680664,0.0023937225341796875,0.004630327224731445
3782,0.0022046566009521484,0.002399444580078125,0.0029642581939697266
3783,0.002390146255493164,0.0024220943450927734,0.0031578540802001953
3784,0.002131223678588867,0.005553245544433594,0.0031595230102539062
3785,0.0024459362030029297,0.005115032196044922,0.0028870105743408203
3786,0.002207040786743164,0.004756450653076172,0.003002643585205078
3787,0.0022821426391601562,0.004704475402832031,0.004377841949462891
3788,0.001981496810913086,0.003920793533325195,0.0032508373260498047
3789,0.0024423599243164062,0.0043141841888427734,0.0032351016998291016
3790,0.002134561538696289,0.004103660583496094,0.003130674362182617
3791,0.002579212188720703,0.004045724868774414,0.002916574478149414
3792,0.0022819042205810547,0.0039823055267333984,0.003664255142211914
3793,0.0022020339965820312,0.0038690567016601562,0.0034821033477783203
3794,0.0022344589233398438,0.0036573410034179688,0.003334522247314453
3795,0.0023605823516845703,0.0039789676666259766,0.004238605499267578
3796,0.0022125244140625,0.003827333450317383,0.0031380653381347656
3797,0.002414226531982422,0.003770589828491211,0.003170013427734375
3798,0.0022611618041992188,0.004166603088378906,0.003519773483276367
3799,0.002442598342895508,0.004138469696044922,0.003068208694458008
3800,0.002233743667602539,0.0038628578186035156,0.00307464599609375
3801,0.0026009082794189453,0.003873586654663086,0.002994537353515625
3802,0.002177000045776367,0.003970623016357422,0.002940654754638672
3803,0.0022835731506347656,0.003457307815551758,0.003012418746948242
3804,0.002145528793334961,0.004148960113525391,0.0028319358825683594
3805,0.002299070358276367,0.0040340423583984375,0.004110813140869141
3806,0.0022132396697998047,0.004804134368896484,0.003995180130004883
3807,0.0023522377014160156,0.0037834644317626953,0.003509998321533203
3808,0.0024747848510742188,0.004168987274169922,0.0038611888885498047
3809,0.002281665802001953,0.004073619842529297,0.0031380653381347656
3810,0.002515554428100586,0.004086017608642578,0.002818584442138672
3811,0.0025305747985839844,0.0037496089935302734,0.0035543441772460938
3812,0.0023398399353027344,0.004252433776855469,0.003979682922363281
3813,0.0021848678588867188,0.0038805007934570312,0.003607034683227539
3814,0.002454042434692383,0.00518035888671875,0.0030663013458251953
3815,0.0021724700927734375,0.004206657409667969,0.002817392349243164
3816,0.002352476119995117,0.004087924957275391,0.002771139144897461
3817,0.0018618106842041016,0.0038983821868896484,0.004130125045776367
3818,0.002294778823852539,0.003698110580444336,0.004590749740600586
3819,0.002124786376953125,0.003873586654663086,0.003640890121459961
3820,0.0023565292358398438,0.0039234161376953125,0.0032711029052734375
3821,0.0024569034576416016,0.003795146942138672,0.0031995773315429688
3822,0.002341032028198242,0.004163503646850586,0.003207683563232422
3823,0.002141237258911133,0.003772735595703125,0.003227710723876953
3824,0.002412557601928711,0.0042040348052978516,0.003922462463378906
3825,0.0021393299102783203,0.003891468048095703,0.0036559104919433594
3826,0.00228118896484375,0.0039255619049072266,0.0032052993774414062
3827,0.002075672149658203,0.004964113235473633,0.0031414031982421875
3828,0.0022439956665039062,0.00725555419921875,0.0031585693359375
3829,0.0021250247955322266,0.004059791564941406,0.003395557403564453
3830,0.0022895336151123047,0.0024945735931396484,0.0041046142578125
3831,0.002359628677368164,0.0025506019592285156,0.004001140594482422
3832,0.0023353099822998047,0.0029137134552001953,0.0031478404998779297
3833,0.0021696090698242188,0.0023462772369384766,0.0044097900390625
3834,0.0024518966674804688,0.0024785995483398438,0.004666566848754883
3835,0.002164602279663086,0.002295255661010742,0.00295257568359375
3836,0.00246429443359375,0.002337932586669922,0.0035414695739746094
3837,0.0022492408752441406,0.002137899398803711,0.00433659553527832
3838,0.002460002899169922,0.0022940635681152344,0.003065824508666992
3839,0.002125978469848633,0.0021719932556152344,0.0033478736877441406
3840,0.002306699752807617,0.0023233890533447266,0.00228118896484375
3841,0.0023131370544433594,0.001995563507080078,0.0016398429870605469
3842,0.0023298263549804688,0.002287626266479492,0.00174713134765625
3843,0.0022192001342773438,0.0021750926971435547,0.0016977787017822266
3844,0.002267599105834961,0.002607107162475586,0.001592397689819336
3845,0.0022554397583007812,0.002315044403076172,0.0015475749969482422
3846,0.0024824142456054688,0.0023844242095947266,0.0015494823455810547
3847,0.0022110939025878906,0.0022156238555908203,0.0014905929565429688
3848,0.0024657249450683594,0.0024182796478271484,0.0014491081237792969
3849,0.0022215843200683594,0.0022809505462646484,0.0016589164733886719
3850,0.002376079559326172,0.0023200511932373047,0.0017724037170410156
3851,0.002387523651123047,0.0021979808807373047,0.0014901161193847656
3852,0.0023193359375,0.004698991775512695,0.0014765262603759766
3853,0.0021779537200927734,0.0022346973419189453,0.001493215560913086
3854,0.0022842884063720703,0.0026612281799316406,0.0014977455139160156
3855,0.0021953582763671875,0.0025246143341064453,0.0014548301696777344
3856,0.0023674964904785156,0.0048274993896484375,0.0014622211456298828
3857,0.002221345901489258,0.004418134689331055,0.001481771469116211
3858,0.0024042129516601562,0.003897428512573242,0.0015659332275390625
3859,0.0021746158599853516,0.004393577575683594,0.0015981197357177734
3860,0.0023119449615478516,0.004422187805175781,0.0015177726745605469
3861,0.002390623092651367,0.0041751861572265625,0.0017361640930175781
3862,0.002405405044555664,0.0051767826080322266,0.0015153884887695312
3863,0.0022563934326171875,0.004177570343017578,0.0015995502471923828
3864,0.0023505687713623047,0.004947662353515625,0.001493215560913086
3865,0.0021905899047851562,0.004339933395385742,0.0015711784362792969
3866,0.002234220504760742,0.004673957824707031,0.0015463829040527344
3867,0.0020618438720703125,0.005051136016845703,0.001708984375
3868,0.0021865367889404297,0.0036728382110595703,0.0029265880584716797
3869,0.002084016799926758,0.004096031188964844,0.0034246444702148438
3870,0.002438783645629883,0.0032618045806884766,0.0027201175689697266
3871,0.0024421215057373047,0.004267454147338867,0.0016350746154785156
3872,0.002368927001953125,0.004250049591064453,0.0014202594757080078
3873,0.002476215362548828,0.0037314891815185547,0.0014872550964355469
3874,0.002159595489501953,0.003757953643798828,0.0013751983642578125
3875,0.0023000240325927734,0.004094123840332031,0.0013697147369384766
3876,0.0021271705627441406,0.0041849613189697266,0.0015032291412353516
3877,0.002197265625,0.0039522647857666016,0.001538991928100586
3878,0.002163410186767578,0.0037031173706054688,0.0015082359313964844
3879,0.002159595489501953,0.003927707672119141,0.0014948844909667969
3880,0.0020759105682373047,0.003958463668823242,0.0015087127685546875
3881,0.0026366710662841797,0.0040967464447021484,0.0014700889587402344
3882,0.0022284984588623047,0.003828763961791992,0.0017025470733642578
3883,0.0024738311767578125,0.0036630630493164062,0.0014655590057373047
3884,0.0021560192108154297,0.0035767555236816406,0.001527547836303711
3885,0.0023565292358398438,0.003660440444946289,0.0015168190002441406
3886,0.002160787582397461,0.003696918487548828,0.0014843940734863281
3887,0.0023467540740966797,0.0043714046478271484,0.0014650821685791016
3888,0.0023300647735595703,0.004207611083984375,0.0015454292297363281
3889,0.002389192581176758,0.004052400588989258,0.001535654067993164
3890,0.0022580623626708984,0.003761768341064453,0.0015125274658203125
3891,0.002597332000732422,0.0039215087890625,0.0015017986297607422
3892,0.002279996871948242,0.0037317276000976562,0.0017781257629394531
3893,0.002306699752807617,0.003718852996826172,0.0015480518341064453
3894,0.0021343231201171875,0.0037412643432617188,0.0014965534210205078
3895,0.0023581981658935547,0.004049777984619141,0.0015325546264648438
3896,0.0019402503967285156,0.0054111480712890625,0.0015478134155273438
3897,0.002244234085083008,0.004080533981323242,0.0014896392822265625
3898,0.0019063949584960938,0.004249095916748047,0.001544952392578125
3899,0.002233266830444336,0.0044476985931396484,0.0014607906341552734
3900,0.0023031234741210938,0.003947257995605469,0.0015490055084228516
3901,0.0026144981384277344,0.004280567169189453,0.0017209053039550781
3902,0.0023005008697509766,0.004303455352783203,0.0014595985412597656
3903,0.0023391246795654297,0.0044100284576416016,0.0016710758209228516
3904,0.0020723342895507812,0.004212856292724609,0.0014657974243164062
3905,0.0023005008697509766,0.0045146942138671875,0.0015227794647216797
3906,0.002056121826171875,0.0040130615234375,0.0015611648559570312
3907,0.0023527145385742188,0.003933429718017578,0.0015990734100341797
3908,0.0021886825561523438,0.003837108612060547,0.0015611648559570312
3909,0.002413034439086914,0.003754854202270508,0.0015609264373779297
3910,0.0022420883178710938,0.0039255619049072266,0.0015490055084228516
3911,0.0026161670684814453,0.004129648208618164,0.001462697982788086
3912,0.0022797584533691406,0.003949403762817383,0.0015070438385009766
3913,0.002402067184448242,0.0038547515869140625,0.0017516613006591797
3914,0.002233266830444336,0.003873109817504883,0.0014851093292236328
3915,0.002465486526489258,0.00388336181640625,0.0016179084777832031
3916,0.002318859100341797,0.003885507583618164,0.0015184879302978516
3917,0.002442598342895508,0.0045146942138671875,0.0015802383422851562
3918,0.0022389888763427734,0.00391697883605957,0.0014460086822509766
3919,0.0023317337036132812,0.0039081573486328125,0.0014896392822265625
3920,0.0021479129791259766,0.003524303436279297,0.0015933513641357422
3921,0.002596139907836914,0.004288911819458008,0.001501321792602539
3922,0.0021216869354248047,0.005494594573974609,0.001436471939086914
3923,0.002171754837036133,0.005797624588012695,0.0015413761138916016
3924,0.0022521018981933594,0.0032663345336914062,0.00170135498046875
3925,0.0022704601287841797,0.003683805465698242,0.0014646053314208984
3926,0.002232789993286133,0.00423431396484375,0.0014705657958984375
3927,0.0022895336151123047,0.004320621490478516,0.0014739036560058594
3928,0.002094268798828125,0.0038292407989501953,0.0014202594757080078
3929,0.002202749252319336,0.003765583038330078,0.0013740062713623047
3930,0.002058267593383789,0.004302024841308594,0.0014560222625732422
3931,0.002461671829223633,0.003945589065551758,0.0014312267303466797
3932,0.002152681350708008,0.005706787109375,0.0014185905456542969
3933,0.0021622180938720703,0.00574040412902832,0.0014719963073730469
3934,0.002199411392211914,0.004236936569213867,0.0017554759979248047
3935,0.002257823944091797,0.00434422492980957,0.0015535354614257812
3936,0.0022535324096679688,0.004527091979980469,0.0017693042755126953
3937,0.002355337142944336,0.0037343502044677734,0.0015759468078613281
3938,0.002421855926513672,0.003993034362792969,0.0015871524810791016
3939,0.0022649765014648438,0.004074811935424805,0.0015575885772705078
3940,0.0023741722106933594,0.004076957702636719,0.0014393329620361328
3941,0.002465486526489258,0.003949642181396484,0.0014507770538330078
3942,0.002519369125366211,0.004227876663208008,0.0014801025390625
3943,0.0021657943725585938,0.003958702087402344,0.0015194416046142578
3944,0.0024123191833496094,0.004041194915771484,0.0015761852264404297
3945,0.002170085906982422,0.003921985626220703,0.0017213821411132812
3946,0.002404451370239258,0.004076957702636719,0.0015323162078857422
3947,0.002061605453491211,0.0037653446197509766,0.0015177726745605469
3948,0.0023550987243652344,0.0041277408599853516,0.001413583755493164
3949,0.0030083656311035156,0.0040798187255859375,0.0014338493347167969
3950,0.00453639030456543,0.004179477691650391,0.0014717578887939453
3951,0.003916501998901367,0.0036966800689697266,0.0014595985412597656
3952,0.0022339820861816406,0.003974199295043945,0.0015087127685546875
3953,0.0021898746490478516,0.003851175308227539,0.0014538764953613281
3954,0.0024671554565429688,0.003820657730102539,0.001499176025390625
3955,0.002075672149658203,0.0038313865661621094,0.0016477108001708984
3956,0.0024797916412353516,0.004161357879638672,0.0014567375183105469
3957,0.0021126270294189453,0.00429534912109375,0.001495361328125
3958,0.002302885055541992,0.004046201705932617,0.0014309883117675781
3959,0.002126455307006836,0.003838777542114258,0.0015137195587158203
3960,0.0022814273834228516,0.0043294429779052734,0.001474142074584961
3961,0.002315998077392578,0.004042863845825195,0.0014832019805908203
3962,0.002221822738647461,0.0043528079986572266,0.00154876708984375
3963,0.002997159957885742,0.0038459300994873047,0.0015273094177246094
3964,0.0049517154693603516,0.003769397735595703,0.0014958381652832031
3965,0.003113985061645508,0.0034978389739990234,0.0015561580657958984
3966,0.0022149085998535156,0.0040018558502197266,0.0016889572143554688
3967,0.002125978469848633,0.003962516784667969,0.0015833377838134766
3968,0.002298593521118164,0.004261016845703125,0.0014939308166503906
3969,0.0021626949310302734,0.0038852691650390625,0.0015101432800292969
3970,0.002427339553833008,0.0038843154907226562,0.0016756057739257812
3971,0.002431154251098633,0.0036346912384033203,0.0014984607696533203
3972,0.0024576187133789062,0.004200935363769531,0.0014998912811279297
3973,0.0023636817932128906,0.003851652145385742,0.0014960765838623047
3974,0.002317190170288086,0.004941225051879883,0.001506805419921875
3975,0.002215147018432617,0.004417896270751953,0.0014691352844238281
3976,0.0023119449615478516,0.0044057369232177734,0.0018048286437988281
3977,0.0020923614501953125,0.003873109817504883,0.0015599727630615234
3978,0.0023071765899658203,0.003974199295043945,0.001477956771850586
3979,0.0020918846130371094,0.0040171146392822266,0.0015118122100830078
3980,0.002415895462036133,0.004065513610839844,0.0015327930450439453
3981,0.0024309158325195312,0.0038368701934814453,0.0014491081237792969
3982,0.0023627281188964844,0.0046689510345458984,0.0014812946319580078
3983,0.002284526824951172,0.005012989044189453,0.0014557838439941406
3984,0.0023474693298339844,0.005377531051635742,0.0014791488647460938
3985,0.002251863479614258,0.004983425140380859,0.001474618911743164
3986,0.0025527477264404297,0.004608631134033203,0.0015108585357666016
3987,0.0022661685943603516,0.004828214645385742,0.0016682147979736328
3988,0.0022661685943603516,0.00576019287109375,0.0015420913696289062
3989,0.0021033287048339844,0.004662036895751953,0.001435995101928711
3990,0.002262592315673828,0.004166364669799805,0.001451730728149414
3991,0.00258636474609375,0.004187822341918945,0.0015103816986083984
3992,0.002462625503540039,0.004367828369140625,0.0014600753784179688
3993,0.0022475719451904297,0.003983736038208008,0.0015368461608886719
3994,0.0024297237396240234,0.004264116287231445,0.0014727115631103516
3995,0.0022487640380859375,0.003998756408691406,0.0014374256134033203
3996,0.00246429443359375,0.0049245357513427734,0.0015251636505126953
3997,0.002115488052368164,0.0042400360107421875,0.0017158985137939453
3998,0.002423524856567383,0.004139423370361328,0.0015294551849365234
3999,0.0022847652435302734,0.004046440124511719,0.001485586166381836
4000,0.002383708953857422,0.0038568973541259766,0.0014965534210205078
4001,0.0024383068084716797,0.00408172607421875,0.0015766620635986328
4002,0.002387523651123047,0.004403829574584961,0.0015785694122314453
4003,0.002244710922241211,0.004649162292480469,0.0014655590057373047
4004,0.001981496810913086,0.004332304000854492,0.0015592575073242188
4005,0.0023245811462402344,0.004146575927734375,0.0016133785247802734
4006,0.002016782760620117,0.00397801399230957,0.0014410018920898438
4007,0.002280712127685547,0.0043909549713134766,0.0014584064483642578
4008,0.002214193344116211,0.004069328308105469,0.0016179084777832031
4009,0.0022318363189697266,0.004497051239013672,0.0013661384582519531
4010,0.0022721290588378906,0.0041310787200927734,0.0013730525970458984
4011,0.0025391578674316406,0.004433870315551758,0.0014507770538330078
4012,0.0022873878479003906,0.004003763198852539,0.0014929771423339844
4013,0.0023937225341796875,0.0048675537109375,0.0014607906341552734
4014,0.0021250247955322266,0.004341840744018555,0.0014972686767578125
4015,0.0022542476654052734,0.003947734832763672,0.0015342235565185547
4016,0.0020515918731689453,0.003707408905029297,0.001486063003540039
4017,0.0023708343505859375,0.003805875778198242,0.0015041828155517578
4018,0.002199888229370117,0.0037202835083007812,0.0017547607421875
4019,0.0023169517517089844,0.0038344860076904297,0.0015926361083984375
4020,0.0022211074829101562,0.0036704540252685547,0.0014901161193847656
4021,0.0026655197143554688,0.0038573741912841797,0.0014753341674804688
4022,0.002351522445678711,0.004127979278564453,0.0014646053314208984
4023,0.002408266067504883,0.004844188690185547,0.0014998912811279297
4024,0.002240419387817383,0.004233121871948242,0.0015377998352050781
4025,0.0023059844970703125,0.0037877559661865234,0.0015711784362792969
4026,0.002403736114501953,0.00389862060546875,0.0014674663543701172
4027,0.002317190170288086,0.00461125373840332,0.0014772415161132812
4028,0.002254009246826172,0.003832101821899414,0.002542257308959961
4029,0.002406597137451172,0.004094123840332031,0.0039865970611572266
4030,0.002112865447998047,0.0037322044372558594,0.00310516357421875
4031,0.0023627281188964844,0.003880023956298828,0.002962350845336914
4032,0.002292633056640625,0.004168272018432617,0.0025687217712402344
4033,0.002249002456665039,0.0043447017669677734,0.0014672279357910156
4034,0.002239704132080078,0.003928184509277344,0.001361846923828125
4035,0.0023908615112304688,0.003918647766113281,0.0014557838439941406
4036,0.0022025108337402344,0.0037255287170410156,0.0015537738800048828
4037,0.0023567676544189453,0.004022836685180664,0.0014431476593017578
4038,0.002162456512451172,0.004582405090332031,0.0014617443084716797
4039,0.002386331558227539,0.004198312759399414,0.0020287036895751953
4040,0.0023164749145507812,0.004038810729980469,0.0015027523040771484
4041,0.0025725364685058594,0.0041294097900390625,0.0015082359313964844
4042,0.0022127628326416016,0.00427556037902832,0.0015439987182617188
4043,0.002418994903564453,0.003950834274291992,0.001516580581665039
4044,0.0021021366119384766,0.0038061141967773438,0.0015673637390136719
4045,0.002279043197631836,0.0039691925048828125,0.0015001296997070312
4046,0.0021376609802246094,0.005057096481323242,0.0016012191772460938
4047,0.0023555755615234375,0.0052967071533203125,0.0015330314636230469
4048,0.002253293991088867,0.004793643951416016,0.0014984607696533203
4049,0.0024178028106689453,0.0045163631439208984,0.0014560222625732422
4050,0.002271890640258789,0.004668474197387695,0.0018014907836914062
4051,0.0025947093963623047,0.004343986511230469,0.0015459060668945312
4052,0.002257108688354492,0.003968238830566406,0.0014693737030029297
4053,0.0024023056030273438,0.003958225250244141,0.0015137195587158203
4054,0.0022041797637939453,0.004921436309814453,0.0015416145324707031
4055,0.0023241043090820312,0.004203319549560547,0.0014960765838623047
4056,0.0020792484283447266,0.003957033157348633,0.0014989376068115234
4057,0.002256631851196289,0.004406452178955078,0.0014519691467285156
4058,0.0021200180053710938,0.00416254997253418,0.0014796257019042969
4059,0.0024194717407226562,0.0051915645599365234,0.0014276504516601562
4060,0.0020296573638916016,0.004107952117919922,0.0016646385192871094
4061,0.0025899410247802734,0.004579305648803711,0.0014023780822753906
4062,0.002317190170288086,0.004803657531738281,0.0014312267303466797
4063,0.002276182174682617,0.0043985843658447266,0.0014510154724121094
4064,0.0022690296173095703,0.005012989044189453,0.0014607906341552734
4065,0.002287626266479492,0.0039844512939453125,0.0014810562133789062
4066,0.0023622512817382812,0.004237651824951172,0.0014235973358154297
4067,0.0021762847900390625,0.00404810905456543,0.0014524459838867188
4068,0.0022161006927490234,0.0039844512939453125,0.0015053749084472656
4069,0.0021619796752929688,0.003770589828491211,0.0015559196472167969
4070,0.002275228500366211,0.0039310455322265625,0.0015149116516113281
4071,0.002484560012817383,0.004406452178955078,0.0017731189727783203
4072,0.002497434616088867,0.004173755645751953,0.0015175342559814453
4073,0.002178192138671875,0.004244804382324219,0.0017004013061523438
4074,0.0024209022521972656,0.004498481750488281,0.0014085769653320312
4075,0.002195596694946289,0.003609895706176758,0.001428842544555664
4076,0.0023651123046875,0.004019021987915039,0.0013570785522460938
4077,0.002221822738647461,0.004937410354614258,0.0014681816101074219
4078,0.002412557601928711,0.00445866584777832,0.0015223026275634766
4079,0.0022885799407958984,0.005361318588256836,0.0014069080352783203
4080,0.0024423599243164062,0.006072998046875,0.0015101432800292969
4081,0.0024461746215820312,0.004802703857421875,0.0016999244689941406
4082,0.002269744873046875,0.003860950469970703,0.0015769004821777344
4083,0.0020647048950195312,0.004567384719848633,0.0015645027160644531
4084,0.0022656917572021484,0.005446910858154297,0.0014369487762451172
4085,0.0020415782928466797,0.004062175750732422,0.0014922618865966797
4086,0.0023505687713623047,0.004075050354003906,0.0014467239379882812
4087,0.001963376998901367,0.0039484500885009766,0.0014171600341796875
4088,0.0023353099822998047,0.003990888595581055,0.0014810562133789062
4089,0.002199411392211914,0.0038459300994873047,0.0014145374298095703
4090,0.0021903514862060547,0.0041425228118896484,0.001407623291015625
4091,0.002445220947265625,0.0039806365966796875,0.0014302730560302734
4092,0.002264261245727539,0.004042625427246094,0.0017285346984863281
4093,0.002058744430541992,0.003957033157348633,0.0015256404876708984
4094,0.002379894256591797,0.004097461700439453,0.0015022754669189453
4095,0.0020995140075683594,0.0038073062896728516,0.0014271736145019531
4096,0.0023937225341796875,0.0040683746337890625,0.00148773193359375
4097,0.002115011215209961,0.0037851333618164062,0.0014624595642089844
4098,0.0023682117462158203,0.0038471221923828125,0.0014317035675048828
4099,0.0022759437561035156,0.003855466842651367,0.0013916492462158203
4100,0.0023055076599121094,0.003940105438232422,0.0014777183532714844
4101,0.0025224685668945312,0.003760099411010742,0.0033690929412841797
4102,0.0024306774139404297,0.004378557205200195,0.0016427040100097656
4103,0.002247333526611328,0.004902362823486328,0.001434326171875
4104,0.00243377685546875,0.004419565200805664,0.0014574527740478516
4105,0.0021810531616210938,0.0036046504974365234,0.001508951187133789
4106,0.0023975372314453125,0.00470280647277832,0.0015778541564941406
4107,0.0022106170654296875,0.0037391185760498047,0.0015606880187988281
4108,0.0023195743560791016,0.004043102264404297,0.001786947250366211
4109,0.002222776412963867,0.0039348602294921875,0.0015933513641357422
4110,0.0021686553955078125,0.004298686981201172,0.0015192031860351562
4111,0.0026350021362304688,0.0038907527923583984,0.001415252685546875
4112,0.0022308826446533203,0.004467487335205078,0.001491546630859375
4113,0.002213001251220703,0.004049062728881836,0.001604318618774414
4114,0.0021665096282958984,0.004410743713378906,0.001394510269165039
4115,0.002184152603149414,0.003773927688598633,0.0014138221740722656
4116,0.0023353099822998047,0.004125833511352539,0.0014140605926513672
4117,0.0021219253540039062,0.003950834274291992,0.0013689994812011719
4118,0.0023081302642822266,0.004193544387817383,0.0013632774353027344
4119,0.0020513534545898438,0.004096031188964844,0.0015027523040771484
4120,0.0023965835571289062,0.004088878631591797,0.0014600753784179688
4121,0.0024557113647460938,0.00386810302734375,0.0014796257019042969
4122,0.002334117889404297,0.0043070316314697266,0.001508474349975586
4123,0.0022156238555908203,0.003913402557373047,0.0017364025115966797
4124,0.002322673797607422,0.0038809776306152344,0.001516580581665039
4125,0.0023415088653564453,0.004678487777709961,0.001524209976196289
4126,0.002471446990966797,0.004124879837036133,0.0014369487762451172
4127,0.002249479293823242,0.0039560794830322266,0.0015017986297607422
4128,0.0024237632751464844,0.004450321197509766,0.0014367103576660156
4129,0.002156972885131836,0.004274129867553711,0.0014462471008300781
4130,0.0024242401123046875,0.004067182540893555,0.0014734268188476562
4131,0.002624034881591797,0.0039174556732177734,0.0014922618865966797
4132,0.0022754669189453125,0.004122495651245117,0.0015349388122558594
4133,0.002379179000854492,0.00390934944152832,0.0014307498931884766
4134,0.0022127628326416016,0.00536799430847168,0.001680135726928711
4135,0.002359628677368164,0.005206584930419922,0.0015187263488769531
4136,0.0023179054260253906,0.0042133331298828125,0.0014786720275878906
4137,0.0023467540740966797,0.004405021667480469,0.0014545917510986328
4138,0.002094268798828125,0.0039899349212646484,0.0013859272003173828
4139,0.0024106502532958984,0.00405430793762207,0.0014369487762451172
4140,0.0022504329681396484,0.0037164688110351562,0.0014107227325439453
4141,0.0024569034576416016,0.0040166378021240234,0.0014023780822753906
4142,0.0022606849670410156,0.004066944122314453,0.0016922950744628906
4143,0.0022764205932617188,0.0038526058197021484,0.0014352798461914062
4144,0.0020647048950195312,0.0038459300994873047,0.0016422271728515625
4145,0.0022971630096435547,0.004058361053466797,0.0013630390167236328
4146,0.002172708511352539,0.003799915313720703,0.001491546630859375
4147,0.002298116683959961,0.003528594970703125,0.001459360122680664
4148,0.0022687911987304688,0.0037517547607421875,0.0014574527740478516
4149,0.002314329147338867,0.004148244857788086,0.001512765884399414
4150,0.002132415771484375,0.004098653793334961,0.0014617443084716797
4151,0.002620697021484375,0.003958225250244141,0.0014920234680175781
4152,0.002236604690551758,0.00412297248840332,0.0014777183532714844
4153,0.0024406909942626953,0.005028963088989258,0.0014350414276123047
4154,0.0022001266479492188,0.003652334213256836,0.0015091896057128906
4155,0.0023508071899414062,0.0038886070251464844,0.0017371177673339844
4156,0.0021615028381347656,0.004355669021606445,0.0014357566833496094
4157,0.0022912025451660156,0.00473475456237793,0.0014429092407226562
4158,0.0022530555725097656,0.004141569137573242,0.0014832019805908203
4159,0.002340555191040039,0.0040400028228759766,0.0014510154724121094
4160,0.0022614002227783203,0.003687620162963867,0.0014035701751708984
4161,0.0025768280029296875,0.005539417266845703,0.0013890266418457031
4162,0.0022552013397216797,0.004256486892700195,0.0014667510986328125
4163,0.0024080276489257812,0.004094839096069336,0.0014846324920654297
4164,0.0020880699157714844,0.0038487911224365234,0.0015196800231933594
4165,0.0022687911987304688,0.0038847923278808594,0.0017614364624023438
4166,0.0021741390228271484,0.0036973953247070312,0.0014917850494384766
4167,0.0023975372314453125,0.0038568973541259766,0.0013699531555175781
4168,0.0021402835845947266,0.004129886627197266,0.0013284683227539062
4169,0.0024077892303466797,0.0038509368896484375,0.0014057159423828125
4170,0.0022745132446289062,0.003604412078857422,0.0013840198516845703
4171,0.0025055408477783203,0.0040514469146728516,0.0013413429260253906
4172,0.0022704601287841797,0.004044055938720703,0.0013015270233154297
4173,0.002250194549560547,0.003692626953125,0.0015869140625
4174,0.0021839141845703125,0.0038673877716064453,0.0014977455139160156
4175,0.0023474693298339844,0.004231452941894531,0.001466989517211914
4176,0.002164125442504883,0.004097938537597656,0.0018808841705322266
4177,0.0023250579833984375,0.0038890838623046875,0.0014662742614746094
4178,0.0020627975463867188,0.004074573516845703,0.0015048980712890625
4179,0.002329111099243164,0.004125118255615234,0.0014643669128417969
4180,0.002240896224975586,0.0037946701049804688,0.0013985633850097656
4181,0.0026133060455322266,0.003919363021850586,0.0014905929565429688
4182,0.0022416114807128906,0.0041692256927490234,0.001474142074584961
4183,0.0023522377014160156,0.005272388458251953,0.0014886856079101562
4184,0.0022673606872558594,0.005022764205932617,0.0014538764953613281
4185,0.0023300647735595703,0.004177093505859375,0.0014767646789550781
4186,0.002248048782348633,0.004007816314697266,0.0017528533935546875
4187,0.0023584365844726562,0.004473209381103516,0.0015246868133544922
4188,0.0021522045135498047,0.004523277282714844,0.001539468765258789
4189,0.002427339553833008,0.0042231082916259766,0.0015001296997070312
4190,0.0023000240325927734,0.003816843032836914,0.001565694808959961
4191,0.0024566650390625,0.004351615905761719,0.0015423297882080078
4192,0.0020503997802734375,0.004336357116699219,0.0015494823455810547
4193,0.00228118896484375,0.003841400146484375,0.0014603137969970703
4194,0.00215911865234375,0.0037200450897216797,0.0013942718505859375
4195,0.0021581649780273438,0.003856182098388672,0.001462697982788086
4196,0.0023109912872314453,0.004041910171508789,0.001413106918334961
4197,0.002198457717895508,0.004698276519775391,0.0016527175903320312
4198,0.0023267269134521484,0.00417637825012207,0.0013926029205322266
4199,0.002176046371459961,0.004174232482910156,0.0013751983642578125
4200,0.0022957324981689453,0.004587888717651367,0.00147247314453125
4201,0.002364635467529297,0.003854990005493164,0.0014176368713378906
4202,0.0024166107177734375,0.0042383670806884766,0.0014472007751464844
4203,0.0020978450775146484,0.00391387939453125,0.0014467239379882812
4204,0.0023322105407714844,0.00400090217590332,0.0015063285827636719
4205,0.0021555423736572266,0.003885984420776367,0.0016210079193115234
4206,0.0023202896118164062,0.0039215087890625,0.0015075206756591797
4207,0.0021817684173583984,0.0037689208984375,0.0016937255859375
4208,0.0022935867309570312,0.0038406848907470703,0.0015981197357177734
4209,0.0023145675659179688,0.003984689712524414,0.0014901161193847656
4210,0.002383708953857422,0.004050493240356445,0.0015268325805664062
4211,0.0024526119232177734,0.0038247108459472656,0.0016684532165527344
4212,0.0024602413177490234,0.004044532775878906,0.0015115737915039062
4213,0.002222299575805664,0.003849506378173828,0.001554250717163086
4214,0.0024454593658447266,0.0053653717041015625,0.0014536380767822266
4215,0.0021827220916748047,0.003977537155151367,0.0014188289642333984
4216,0.002328634262084961,0.004593372344970703,0.0014417171478271484
4217,0.002140522003173828,0.00518345832824707,0.0014901161193847656
4218,0.002424478530883789,0.004509925842285156,0.001726388931274414
4219,0.0022597312927246094,0.0039005279541015625,0.0014963150024414062
4220,0.002241849899291992,0.004016876220703125,0.0014634132385253906
4221,0.002543926239013672,0.004010677337646484,0.0014808177947998047
4222,0.0022461414337158203,0.004491329193115234,0.0014221668243408203
4223,0.0022039413452148438,0.003559589385986328,0.0015020370483398438
4224,0.0023331642150878906,0.004075527191162109,0.0014770030975341797
4225,0.002115964889526367,0.0044062137603759766,0.0013654232025146484
4226,0.002329111099243164,0.004265546798706055,0.0013859272003173828
4227,0.0019991397857666016,0.004247426986694336,0.0014989376068115234
4228,0.0023505687713623047,0.004019260406494141,0.0016906261444091797
4229,0.0022139549255371094,0.0038247108459472656,0.0014829635620117188
4230,0.002424478530883789,0.003942728042602539,0.0015022754669189453
4231,0.002536773681640625,0.003583192825317383,0.0015027523040771484
4232,0.0024149417877197266,0.00509333610534668,0.0015668869018554688
4233,0.0023071765899658203,0.004090070724487305,0.0014643669128417969
4234,0.0024957656860351562,0.0041506290435791016,0.0014913082122802734
4235,0.0021653175354003906,0.0038957595825195312,0.0015172958374023438
4236,0.002390623092651367,0.003971576690673828,0.0014674663543701172
4237,0.002109527587890625,0.003801584243774414,0.0014874935150146484
4238,0.0022492408752441406,0.0040738582611083984,0.001409769058227539
4239,0.002168416976928711,0.003733396530151367,0.0016248226165771484
4240,0.002384662628173828,0.0043795108795166016,0.0015048980712890625
4241,0.0023529529571533203,0.003993988037109375,0.0014424324035644531
4242,0.0023987293243408203,0.004130125045776367,0.0015001296997070312
4243,0.0022492408752441406,0.0037648677825927734,0.0014390945434570312
4244,0.002378225326538086,0.004081010818481445,0.001478433609008789
4245,0.002137899398803711,0.003941535949707031,0.00171661376953125
4246,0.002330303192138672,0.004193305969238281,0.0015163421630859375
4247,0.0021104812622070312,0.0037810802459716797,0.0015015602111816406
4248,0.002324342727661133,0.004026651382446289,0.00138092041015625
4249,0.0021886825561523438,0.0036268234252929688,0.0016095638275146484
4250,0.0023915767669677734,0.003895282745361328,0.0015461444854736328
4251,0.002415180206298828,0.003754854202270508,0.0014934539794921875
4252,0.0023980140686035156,0.004212141036987305,0.0014505386352539062
4253,0.002234935760498047,0.003699779510498047,0.0014674663543701172
4254,0.002318859100341797,0.003979682922363281,0.0015277862548828125
4255,0.0021963119506835938,0.004084587097167969,0.0015022754669189453
4256,0.0023941993713378906,0.003990888595581055,0.001505136489868164
4257,0.0021924972534179688,0.0035126209259033203,0.0014541149139404297
4258,0.0023386478424072266,0.0036454200744628906,0.001537322998046875
4259,0.0021665096282958984,0.0037953853607177734,0.0015680789947509766
4260,0.0023572444915771484,0.0050618648529052734,0.0018224716186523438
4261,0.0027532577514648438,0.004236936569213867,0.001420736312866211
4262,0.002214670181274414,0.005120754241943359,0.001481771469116211
4263,0.002424955368041992,0.004268169403076172,0.0014603137969970703
4264,0.0022759437561035156,0.0044057369232177734,0.0014872550964355469
4265,0.002450227737426758,0.004341602325439453,0.0014138221740722656
4266,0.0022535324096679688,0.0040798187255859375,0.0014681816101074219
4267,0.0022592544555664062,0.004073143005371094,0.0015108585357666016
4268,0.0022690296173095703,0.003946542739868164,0.0015163421630859375
4269,0.002392292022705078,0.00513458251953125,0.001535177230834961
4270,0.002153635025024414,0.003772258758544922,0.0017235279083251953
4271,0.002532482147216797,0.004248142242431641,0.001577615737915039
4272,0.002155303955078125,0.004091024398803711,0.0015947818756103516
4273,0.0022153854370117188,0.0041692256927490234,0.0014584064483642578
4274,0.0021011829376220703,0.003801107406616211,0.0014896392822265625
4275,0.0023131370544433594,0.003934383392333984,0.0014004707336425781
4276,0.0020914077758789062,0.003873109817504883,0.0013616085052490234
4277,0.002328634262084961,0.003891468048095703,0.0014827251434326172
4278,0.0021822452545166016,0.003665447235107422,0.0013947486877441406
4279,0.002331256866455078,0.004037618637084961,0.0013377666473388672
4280,0.0022127628326416016,0.003833770751953125,0.0014960765838623047
4281,0.0025284290313720703,0.0038127899169921875,0.0016908645629882812
4282,0.0022287368774414062,0.0038018226623535156,0.0014891624450683594
4283,0.0024366378784179688,0.004064798355102539,0.0014586448669433594
4284,0.0020444393157958984,0.004012346267700195,0.0014467239379882812
4285,0.0023467540740966797,0.0040853023529052734,0.001516103744506836
4286,0.0021352767944335938,0.0037841796875,0.0015041828155517578
4287,0.002294778823852539,0.004860639572143555,0.0015175342559814453
4288,0.002072572708129883,0.005118131637573242,0.0014011859893798828
4289,0.0022835731506347656,0.0055997371673583984,0.0014584064483642578
4290,0.0022492408752441406,0.0041201114654541016,0.0014941692352294922
4291,0.0025649070739746094,0.003437042236328125,0.0018432140350341797
4292,0.0022182464599609375,0.0036211013793945312,0.0014455318450927734
4293,0.002318143844604492,0.004462718963623047,0.0014793872833251953
4294,0.00218963623046875,0.004341840744018555,0.001538991928100586
4295,0.002421855926513672,0.004162311553955078,0.0014786720275878906
4296,0.00226593017578125,0.00409388542175293,0.0014050006866455078
4297,0.0022346973419189453,0.0037674903869628906,0.0014307498931884766
4298,0.0021529197692871094,0.004911661148071289,0.0014958381652832031
4299,0.0020956993103027344,0.004984617233276367,0.0015246868133544922
4300,0.002025127410888672,0.004375934600830078,0.0015125274658203125
4301,0.0024831295013427734,0.004232883453369141,0.0015006065368652344
4302,0.0022106170654296875,0.004328250885009766,0.001748800277709961
4303,0.0022156238555908203,0.0043489933013916016,0.001537322998046875
4304,0.002231121063232422,0.004003047943115234,0.0015001296997070312
4305,0.002322673797607422,0.004025459289550781,0.0014061927795410156
4306,0.0020885467529296875,0.003826141357421875,0.001491546630859375
4307,0.0022788047790527344,0.003841876983642578,0.0014677047729492188
4308,0.002175569534301758,0.0036993026733398438,0.0014722347259521484
4309,0.0023758411407470703,0.0039556026458740234,0.001493215560913086
4310,0.002330780029296875,0.004041910171508789,0.001461029052734375
4311,0.002495288848876953,0.004151821136474609,0.0014786720275878906
4312,0.0021648406982421875,0.0039975643157958984,0.0017173290252685547
4313,0.0022497177124023438,0.004052162170410156,0.0014753341674804688
4314,0.0022516250610351562,0.004128694534301758,0.0017211437225341797
4315,0.002290487289428711,0.004175901412963867,0.0014252662658691406
4316,0.0020401477813720703,0.004816770553588867,0.0014445781707763672
4317,0.0023729801177978516,0.0046122074127197266,0.0015151500701904297
4318,0.0021584033966064453,0.00417327880859375,0.0014431476593017578
4319,0.0023725032806396484,0.00419163703918457,0.0014235973358154297
4320,0.002253293991088867,0.003778219223022461,0.0014486312866210938
4321,0.0025529861450195312,0.00401759147644043,0.0015025138854980469
4322,0.00228118896484375,0.004137277603149414,0.0015232563018798828
4323,0.002511739730834961,0.00414276123046875,0.0018072128295898438
4324,0.0021982192993164062,0.0037567615509033203,0.0014622211456298828
4325,0.0024569034576416016,0.004160165786743164,0.0014870166778564453
4326,0.0022513866424560547,0.0038313865661621094,0.0014944076538085938
4327,0.002016305923461914,0.004469156265258789,0.0015609264373779297
4328,0.002167224884033203,0.004822731018066406,0.0014619827270507812
4329,0.002108335494995117,0.0027298927307128906,0.0015263557434082031
4330,0.0021963119506835938,0.0028829574584960938,0.0015115737915039062
4331,0.002419710159301758,0.0025887489318847656,0.0015673637390136719
4332,0.002290010452270508,0.0031881332397460938,0.0015628337860107422
4333,0.0020313262939453125,0.0026595592498779297,0.0017275810241699219
4334,0.002321004867553711,0.002346038818359375,0.0014569759368896484
4335,0.0020644664764404297,0.0021927356719970703,0.0015654563903808594
4336,0.002263307571411133,0.0022606849670410156,0.0014781951904296875
4337,0.0022199153900146484,0.002229928970336914,0.001486063003540039
4338,0.00238800048828125,0.002380847930908203,0.0014090538024902344
4339,0.0021834373474121094,0.0022094249725341797,0.0014793872833251953
4340,0.0023026466369628906,0.002815723419189453,0.0015363693237304688
4341,0.002450704574584961,0.002338886260986328,0.0014407634735107422
4342,0.0024585723876953125,0.003001689910888672,0.0014255046844482422
4343,0.0021865367889404297,0.0023360252380371094,0.0015020370483398438
4344,0.00241851806640625,0.002518177032470703,0.001669168472290039
4345,0.002193927764892578,0.0020751953125,0.0014688968658447266
4346,0.0022780895233154297,0.002218961715698242,0.0014452934265136719
4347,0.0021567344665527344,0.0019936561584472656,0.0014350414276123047
4348,0.0023148059844970703,0.002347230911254883,0.0017783641815185547
4349,0.002295970916748047,0.0021657943725585938,0.0014390945434570312
4350,0.0023882389068603516,0.0023620128631591797,0.0014324188232421875
4351,0.0026547908782958984,0.0042459964752197266,0.0013644695281982422
4352,0.0024785995483398438,0.0033538341522216797,0.0023534297943115234
4353,0.002144336700439453,0.0026311874389648438,0.0028810501098632812
4354,0.002400636672973633,0.002281665802001953,0.0029289722442626953
4355,0.0021800994873046875,0.004272937774658203,0.0020589828491210938
4356,0.0023756027221679688,0.0037467479705810547,0.0020558834075927734
4357,0.0020363330841064453,0.003831624984741211,0.001985311508178711
4358,0.0022535324096679688,0.004046440124511719,0.0019123554229736328
4359,0.0021436214447021484,0.0039000511169433594,0.0014374256134033203
4360,0.002340078353881836,0.005117177963256836,0.0014519691467285156
4361,0.002407550811767578,0.0038433074951171875,0.0013551712036132812
4362,0.002399444580078125,0.004571199417114258,0.0014657974243164062
4363,0.00225067138671875,0.0042040348052978516,0.001512765884399414
4364,0.002371549606323242,0.0039031505584716797,0.0015096664428710938
4365,0.0022306442260742188,0.0036356449127197266,0.0017323493957519531
4366,0.002287149429321289,0.0048906803131103516,0.0016505718231201172
4367,0.0021157264709472656,0.004758358001708984,0.0015270709991455078
4368,0.0023813247680664062,0.0037505626678466797,0.0014719963073730469
4369,0.0022683143615722656,0.0037059783935546875,0.0014324188232421875
4370,0.002370119094848633,0.005220890045166016,0.0015866756439208984
4371,0.003826618194580078,0.00467991828918457,0.001497507095336914
4372,0.005058765411376953,0.0067691802978515625,0.0015201568603515625
4373,0.004004240036010742,0.00399470329284668,0.0014591217041015625
4374,0.0022797584533691406,0.0035622119903564453,0.0015306472778320312
4375,0.0020835399627685547,0.0035409927368164062,0.0017194747924804688
4376,0.002277374267578125,0.004021167755126953,0.0014574527740478516
4377,0.002180337905883789,0.003934144973754883,0.0013954639434814453
4378,0.002318859100341797,0.004097461700439453,0.0013513565063476562
4379,0.0021185874938964844,0.004090070724487305,0.0014483928680419922
4380,0.00764918327331543,0.003719329833984375,0.0014684200286865234
4381,0.002746105194091797,0.0035796165466308594,0.0014929771423339844
4382,0.0026252269744873047,0.004166603088378906,0.0014848709106445312
4383,0.002665996551513672,0.003376483917236328,0.0016498565673828125
4384,0.0029075145721435547,0.0037894248962402344,0.0014300346374511719
4385,0.00258636474609375,0.0040283203125,0.0013828277587890625
4386,0.002351045608520508,0.004326820373535156,0.0016775131225585938
4387,0.002148151397705078,0.003963947296142578,0.0015287399291992188
4388,0.002401113510131836,0.003964424133300781,0.0014896392822265625
4389,0.0021631717681884766,0.004629850387573242,0.0015513896942138672
4390,0.0023720264434814453,0.005089759826660156,0.0015172958374023438
4391,0.0026578903198242188,0.004637241363525391,0.0014252662658691406
4392,0.002256155014038086,0.004220008850097656,0.001519918441772461
4393,0.0022945404052734375,0.004023551940917969,0.0015099048614501953
4394,0.002087831497192383,0.004012346267700195,0.0014622211456298828
4395,0.002346038818359375,0.00407099723815918,0.00144195556640625
4396,0.002172231674194336,0.0039033889770507812,0.0017216205596923828
4397,0.0023789405822753906,0.003930807113647461,0.0015082359313964844
4398,0.0032744407653808594,0.0036575794219970703,0.0014355182647705078
4399,0.004357337951660156,0.003726482391357422,0.0014331340789794922
4400,0.0026955604553222656,0.0037195682525634766,0.0014522075653076172
4401,0.0028340816497802734,0.004273414611816406,0.0014832019805908203
4402,0.0021359920501708984,0.005219459533691406,0.0014510154724121094
4403,0.0023174285888671875,0.0038628578186035156,0.001561880111694336
4404,0.0021278858184814453,0.004228115081787109,0.0014801025390625
4405,0.002321481704711914,0.003954887390136719,0.0013685226440429688
4406,0.0022895336151123047,0.004359245300292969,0.0014297962188720703
4407,0.0024068355560302734,0.0041882991790771484,0.0016775131225585938
4408,0.0024144649505615234,0.0034852027893066406,0.0015745162963867188
4409,0.0023064613342285156,0.0037331581115722656,0.0014636516571044922
4410,0.0023183822631835938,0.003655672073364258,0.0015099048614501953
4411,0.0027153491973876953,0.0040018558502197266,0.0015125274658203125
4412,0.002303600311279297,0.004260540008544922,0.0014262199401855469
4413,0.0021975040435791016,0.0041790008544921875,0.0015015602111816406
4414,0.0021457672119140625,0.0037419795989990234,0.0018301010131835938
4415,0.002237558364868164,0.003847360610961914,0.0014231204986572266
4416,0.0020678043365478516,0.003927469253540039,0.0015196800231933594
4417,0.002359628677368164,0.003975868225097656,0.0020058155059814453
4418,0.0023314952850341797,0.0037794113159179688,0.001512289047241211
4419,0.0022640228271484375,0.0037140846252441406,0.0015151500701904297
4420,0.0021181106567382812,0.0038285255432128906,0.001550912857055664
4421,0.002539396286010742,0.004040241241455078,0.0015423297882080078
4422,0.002233266830444336,0.0039975643157958984,0.001470804214477539
4423,0.0022935867309570312,0.00391840934753418,0.0015566349029541016
4424,0.002069711685180664,0.0037317276000976562,0.0015189647674560547
4425,0.002371072769165039,0.003760814666748047,0.0014386177062988281
4426,0.002194643020629883,0.00365447998046875,0.001447916030883789
4427,0.0022792816162109375,0.003812551498413086,0.0013573169708251953
4428,0.002135753631591797,0.003937721252441406,0.001634359359741211
4429,0.0022885799407958984,0.004090070724487305,0.0015027523040771484
4430,0.002265453338623047,0.003643035888671875,0.001399993896484375
4431,0.002488374710083008,0.0037407875061035156,0.0015912055969238281
4432,0.0022971630096435547,0.003641366958618164,0.001443624496459961
4433,0.0024390220642089844,0.003679990768432617,0.0015039443969726562
4434,0.002131223678588867,0.005263328552246094,0.0015270709991455078
4435,0.0023970603942871094,0.005567312240600586,0.001420736312866211
4436,0.002110719680786133,0.0035483837127685547,0.0014297962188720703
4437,0.0023221969604492188,0.0036194324493408203,0.001461029052734375
4438,0.0020513534545898438,0.003999233245849609,0.0016901493072509766
4439,0.002438783645629883,0.004046916961669922,0.001413583755493164
4440,0.002246379852294922,0.004057168960571289,0.0014448165893554688
4441,0.0025320053100585938,0.0037462711334228516,0.0014538764953613281
4442,0.002413511276245117,0.003918647766113281,0.0014624595642089844
4443,0.002353191375732422,0.004140377044677734,0.0015308856964111328
4444,0.002264261245727539,0.004636049270629883,0.0014972686767578125
4445,0.0024728775024414062,0.0038747787475585938,0.0014793872833251953
4446,0.002183198928833008,0.004000186920166016,0.001397848129272461
4447,0.0023441314697265625,0.004487514495849609,0.001529693603515625
4448,0.0021555423736572266,0.0049440860748291016,0.0015423297882080078
4449,0.002467632293701172,0.003979206085205078,0.0017571449279785156
4450,0.002215862274169922,0.005092620849609375,0.0015139579772949219
4451,0.0024635791778564453,0.007364749908447266,0.001466989517211914
4452,0.002181529998779297,0.005171298980712891,0.001703500747680664
4453,0.002285480499267578,0.0038220882415771484,0.0014734268188476562
4454,0.0021860599517822266,0.0034966468811035156,0.0014064311981201172
4455,0.0023703575134277344,0.004302263259887695,0.0015621185302734375
4456,0.002421855926513672,0.0042819976806640625,0.0015614032745361328
4457,0.0021195411682128906,0.0038728713989257812,0.0014505386352539062
4458,0.002447843551635742,0.003975629806518555,0.0014886856079101562
4459,0.0022170543670654297,0.0039021968841552734,0.0016963481903076172
4460,0.002393484115600586,0.0041961669921875,0.0016143321990966797
4461,0.0024492740631103516,0.005182504653930664,0.0014841556549072266
4462,0.002413034439086914,0.00494384765625,0.0013849735260009766
4463,0.002058267593383789,0.003986358642578125,0.0014264583587646484
4464,0.0023190975189208984,0.004019021987915039,0.0014729499816894531
4465,0.002239704132080078,0.0039825439453125,0.0013885498046875
4466,0.0023860931396484375,0.004055500030517578,0.0016105175018310547
4467,0.0021524429321289062,0.003880739212036133,0.0014429092407226562
4468,0.0024161338806152344,0.003842592239379883,0.0014348030090332031
4469,0.0021474361419677734,0.003567218780517578,0.0014777183532714844
4470,0.0022873878479003906,0.004056692123413086,0.0017049312591552734
4471,0.002529621124267578,0.0041675567626953125,0.002184152603149414
4472,0.002351522445678711,0.004380464553833008,0.002777576446533203
4473,0.0020754337310791016,0.0038449764251708984,0.0020885467529296875
4474,0.002302885055541992,0.003906726837158203,0.0017888545989990234
4475,0.0020771026611328125,0.0039081573486328125,0.0017886161804199219
4476,0.0023174285888671875,0.00413203239440918,0.0017781257629394531
4477,0.0021593570709228516,0.00383758544921875,0.001544952392578125
4478,0.0022940635681152344,0.004004478454589844,0.0015225410461425781
4479,0.0022072792053222656,0.0037581920623779297,0.0014028549194335938
4480,0.002513885498046875,0.003834247589111328,0.0017156600952148438
4481,0.00255584716796875,0.00399470329284668,0.001451253890991211
4482,0.0025556087493896484,0.004351615905761719,0.0015132427215576172
4483,0.0023927688598632812,0.0038421154022216797,0.00145721435546875
4484,0.0023894309997558594,0.004137516021728516,0.0014624595642089844
4485,0.0022110939025878906,0.0039215087890625,0.0014941692352294922
4486,0.0023102760314941406,0.0037910938262939453,0.0017745494842529297
4487,0.002151012420654297,0.0038013458251953125,0.0015680789947509766
4488,0.002202272415161133,0.004265785217285156,0.0015022754669189453
4489,0.0021920204162597656,0.003892183303833008,0.0014679431915283203
4490,0.0023615360260009766,0.004094362258911133,0.0014655590057373047
4491,0.0023679733276367188,0.0035572052001953125,0.0017173290252685547
4492,0.0023491382598876953,0.004364967346191406,0.0014812946319580078
4493,0.002224445343017578,0.005316019058227539,0.0014185905456542969
4494,0.0023665428161621094,0.005911111831665039,0.0014734268188476562
4495,0.002117633819580078,0.004963874816894531,0.0014412403106689453
4496,0.0023751258850097656,0.005998134613037109,0.0014514923095703125
4497,0.0021991729736328125,0.0038383007049560547,0.0014834403991699219
4498,0.0023195743560791016,0.003587961196899414,0.0014612674713134766
4499,0.002323150634765625,0.004871368408203125,0.001476287841796875
4500,0.0024559497833251953,0.0042040348052978516,0.0014495849609375
4501,0.0025212764739990234,0.003941059112548828,0.001767873764038086
4502,0.002366781234741211,0.00419163703918457,0.0015854835510253906
4503,0.002062082290649414,0.003964424133300781,0.0015306472778320312
4504,0.0023441314697265625,0.0042095184326171875,0.0015079975128173828
4505,0.0021314620971679688,0.0047245025634765625,0.001550436019897461
4506,0.0023605823516845703,0.004041433334350586,0.0015070438385009766
4507,0.0021660327911376953,0.0041162967681884766,0.0015001296997070312
4508,0.002285480499267578,0.004147768020629883,0.0014424324035644531
4509,0.0021309852600097656,0.00394439697265625,0.0014088153839111328
4510,0.002271413803100586,0.004084110260009766,0.0014691352844238281
4511,0.002408742904663086,0.005038261413574219,0.0014710426330566406
4512,0.0024750232696533203,0.004557609558105469,0.0016481876373291016
4513,0.002181529998779297,0.0037107467651367188,0.0013837814331054688
4514,0.002307415008544922,0.00408625602722168,0.0015037059783935547
4515,0.002147197723388672,0.0037949085235595703,0.0014886856079101562
4516,0.002391815185546875,0.004882335662841797,0.0014171600341796875
4517,0.0020494461059570312,0.0038232803344726562,0.0014536380767822266
4518,0.0023076534271240234,0.0045928955078125,0.0013704299926757812
4519,0.0021212100982666016,0.004459857940673828,0.0014429092407226562
4520,0.0024306774139404297,0.003812074661254883,0.0016484260559082031
4521,0.002652883529663086,0.003766775131225586,0.00152587890625
4522,0.002301454544067383,0.004310131072998047,0.0017905235290527344
4523,0.0023696422576904297,0.0037555694580078125,0.001529693603515625
4524,0.002206087112426758,0.004664897918701172,0.0015227794647216797
4525,0.0023865699768066406,0.0059452056884765625,0.0014414787292480469
4526,0.0022454261779785156,0.0055501461029052734,0.001478433609008789
4527,0.0021982192993164062,0.005808115005493164,0.0014867782592773438
4528,0.002015352249145508,0.005468845367431641,0.0014328956604003906
4529,0.0022170543670654297,0.005163669586181641,0.0013954639434814453
4530,0.001931905746459961,0.004638671875,0.0015180110931396484
4531,0.0025665760040283203,0.004559516906738281,0.0014705657958984375
4532,0.0021355152130126953,0.004743099212646484,0.0015001296997070312
4533,0.0024716854095458984,0.0039081573486328125,0.0016753673553466797
4534,0.002170562744140625,0.003722667694091797,0.00145721435546875
4535,0.0024194717407226562,0.003988981246948242,0.0014691352844238281
4536,0.002168416976928711,0.0036356449127197266,0.0014202594757080078
4537,0.0023560523986816406,0.004031658172607422,0.0014507770538330078
4538,0.0022652149200439453,0.0038399696350097656,0.0014405250549316406
4539,0.0023407936096191406,0.0038938522338867188,0.0014586448669433594
4540,0.0022029876708984375,0.0036535263061523438,0.0014700889587402344
4541,0.0024261474609375,0.0037221908569335938,0.0016455650329589844
4542,0.0020682811737060547,0.0054132938385009766,0.0014827251434326172
4543,0.0023708343505859375,0.005765199661254883,0.00176239013671875
4544,0.0020813941955566406,0.004459381103515625,0.0015342235565185547
4545,0.002300262451171875,0.004241466522216797,0.0014142990112304688
4546,0.002024412155151367,0.0039653778076171875,0.001474618911743164
4547,0.002323627471923828,0.0039594173431396484,0.0014271736145019531
4548,0.002125978469848633,0.0036745071411132812,0.0015552043914794922
4549,0.0021898746490478516,0.0038444995880126953,0.0014586448669433594
4550,0.0022211074829101562,0.004979133605957031,0.0014259815216064453
4551,0.0024902820587158203,0.004914045333862305,0.0015342235565185547
4552,0.002084493637084961,0.003885507583618164,0.0014636516571044922
4553,0.002363920211791992,0.0038564205169677734,0.001459360122680664
4554,0.0021924972534179688,0.0050432682037353516,0.0016865730285644531
4555,0.002263307571411133,0.00509190559387207,0.0017452239990234375
4556,0.002023935317993164,0.005995512008666992,0.0014634132385253906
4557,0.002191305160522461,0.009808063507080078,0.0015032291412353516
4558,0.002209186553955078,0.004422187805175781,0.0014600753784179688
4559,0.0022873878479003906,0.00864100456237793,0.0016145706176757812
4560,0.0021800994873046875,0.0034215450286865234,0.0021882057189941406
4561,0.0025644302368164062,0.005327463150024414,0.0016324520111083984
4562,0.0022525787353515625,0.004308938980102539,0.0015277862548828125
4563,0.0023801326751708984,0.004017353057861328,0.0015745162963867188
4564,0.002208232879638672,0.0037682056427001953,0.0018312931060791016
4565,0.0024204254150390625,0.0037610530853271484,0.0015616416931152344
4566,0.0022733211517333984,0.0037314891815185547,0.0015397071838378906
4567,0.0023527145385742188,0.004170894622802734,0.001558542251586914
4568,0.002187013626098633,0.003937244415283203,0.0014793872833251953
4569,0.002135038375854492,0.0038559436798095703,0.0014488697052001953
4570,0.0022554397583007812,0.0037834644317626953,0.0014045238494873047
4571,0.0023462772369384766,0.004042863845825195,0.0015172958374023438
4572,0.002093076705932617,0.0048329830169677734,0.0013780593872070312
4573,0.002167940139770508,0.004511594772338867,0.0013818740844726562
4574,0.0021376609802246094,0.0036678314208984375,0.0015015602111816406
4575,0.0022842884063720703,0.0040400028228759766,0.0017361640930175781
4576,0.002050161361694336,0.0040950775146484375,0.0014805793762207031
4577,0.002376556396484375,0.003891468048095703,0.0015130043029785156
4578,0.002029895782470703,0.0036072731018066406,0.0015456676483154297
4579,0.0021886825561523438,0.004606723785400391,0.0015103816986083984
4580,0.002086639404296875,0.004286766052246094,0.0015380382537841797
4581,0.0025606155395507812,0.004612922668457031,0.0014760494232177734
4582,0.0021567344665527344,0.004405975341796875,0.0015354156494140625
4583,0.002293825149536133,0.003939628601074219,0.001435995101928711
4584,0.0019919872283935547,0.004975080490112305,0.0014801025390625
4585,0.0022695064544677734,0.0041887760162353516,0.0016655921936035156
4586,0.002256631851196289,0.003964662551879883,0.0014317035675048828
4587,0.002195596694946289,0.0047643184661865234,0.0013957023620605469
4588,0.002301454544067383,0.003749370574951172,0.0014023780822753906
4589,0.00209808349609375,0.004261970520019531,0.0015456676483154297
4590,0.002452850341796875,0.00434565544128418,0.0014798641204833984
4591,0.0024662017822265625,0.0040132999420166016,0.0014271736145019531
4592,0.002456188201904297,0.004254817962646484,0.0013475418090820312
4593,0.0023865699768066406,0.0040283203125,0.0014395713806152344
4594,0.002438068389892578,0.003912448883056641,0.0014140605926513672
4595,0.0020623207092285156,0.0038404464721679688,0.0015423297882080078
4596,0.0020928382873535156,0.004205942153930664,0.0017731189727783203
4597,0.002089977264404297,0.003870248794555664,0.0014500617980957031
4598,0.002164125442504883,0.003970146179199219,0.0015079975128173828
4599,0.0019316673278808594,0.0036497116088867188,0.0013942718505859375
4600,0.002165079116821289,0.004150867462158203,0.0014328956604003906
4601,0.002351999282836914,0.004887104034423828,0.0014753341674804688
4602,0.0022840499877929688,0.005964994430541992,0.0014913082122802734
4603,0.002020120620727539,0.003942728042602539,0.0036787986755371094
4604,0.0023589134216308594,0.004155158996582031,0.0014030933380126953
4605,0.0022835731506347656,0.00503230094909668,0.001523733139038086
4606,0.002228975296020508,0.005011081695556641,0.0017285346984863281
4607,0.002191781997680664,0.003629922866821289,0.0016436576843261719
4608,0.002298116683959961,0.003785848617553711,0.0016734600067138672
4609,0.002051115036010742,0.0041408538818359375,0.0017096996307373047
4610,0.002206087112426758,0.004229545593261719,0.0016384124755859375
4611,0.0023779869079589844,0.003756999969482422,0.0016753673553466797
4612,0.0022995471954345703,0.004183053970336914,0.0015482902526855469
4613,0.0021615028381347656,0.0038580894470214844,0.0015742778778076172
4614,0.0023698806762695312,0.003988027572631836,0.0014786720275878906
4615,0.0021920204162597656,0.0039670467376708984,0.0014734268188476562
4616,0.0024039745330810547,0.0052013397216796875,0.0014190673828125
4617,0.0022118091583251953,0.006248950958251953,0.0017092227935791016
4618,0.0024237632751464844,0.0051860809326171875,0.0015494823455810547
4619,0.002171754837036133,0.003409147262573242,0.0014767646789550781
4620,0.0023849010467529297,0.003812551498413086,0.0014772415161132812
4621,0.002368927001953125,0.003840208053588867,0.0014846324920654297
4622,0.0021724700927734375,0.004304647445678711,0.0016064643859863281
4623,0.0019598007202148438,0.004041910171508789,0.0017168521881103516
4624,0.00220489501953125,0.0040895938873291016,0.0014262199401855469
4625,0.0019345283508300781,0.0037097930908203125,0.0014934539794921875
4626,0.002117156982421875,0.004111766815185547,0.0014615058898925781
4627,0.002040863037109375,0.003934144973754883,0.001730203628540039
4628,0.002260446548461914,0.003787994384765625,0.0014259815216064453
4629,0.0020961761474609375,0.003637552261352539,0.001512765884399414
4630,0.0022666454315185547,0.004049777984619141,0.0015017986297607422
4631,0.00238800048828125,0.0044727325439453125,0.0015158653259277344
4632,0.0023615360260009766,0.006518125534057617,0.0015020370483398438
4633,0.0020825862884521484,0.004794597625732422,0.0015337467193603516
4634,0.0023984909057617188,0.004882335662841797,0.0015859603881835938
4635,0.0020935535430908203,0.00417637825012207,0.0014412403106689453
4636,0.0022325515747070312,0.004938840866088867,0.0014700889587402344
4637,0.0020589828491210938,0.00460362434387207,0.0013930797576904297
4638,0.002467632293701172,0.004687309265136719,0.0016393661499023438
4639,0.0020914077758789062,0.00396728515625,0.001474142074584961
4640,0.0023069381713867188,0.00477910041809082,0.0014998912811279297
4641,0.002428293228149414,0.005024909973144531,0.001461029052734375
4642,0.0024123191833496094,0.00506281852722168,0.0014128684997558594
4643,0.0022819042205810547,0.005343437194824219,0.0014190673828125
4644,0.0024340152740478516,0.0049686431884765625,0.0015025138854980469
4645,0.00232696533203125,0.004002571105957031,0.001501321792602539
4646,0.00241851806640625,0.004203081130981445,0.001432657241821289
4647,0.0021257400512695312,0.003925800323486328,0.0013837814331054688
4648,0.002336263656616211,0.003927469253540039,0.0016322135925292969
4649,0.002214193344116211,0.003507852554321289,0.001592874526977539
4650,0.0020356178283691406,0.0048122406005859375,0.0015635490417480469
4651,0.002482175827026367,0.004558086395263672,0.0014405250549316406
4652,0.0021109580993652344,0.0041751861572265625,0.0015268325805664062
4653,0.002033710479736328,0.0035161972045898438,0.00148773193359375
4654,0.002145528793334961,0.004448413848876953,0.0015096664428710938
4655,0.0022902488708496094,0.004057407379150391,0.0015895366668701172
4656,0.0021910667419433594,0.004085063934326172,0.0014684200286865234
4657,0.0023081302642822266,0.003901243209838867,0.0014414787292480469
4658,0.002171754837036133,0.004278659820556641,0.001596689224243164
4659,0.0023653507232666016,0.004087209701538086,0.0016827583312988281
4660,0.002177715301513672,0.0038750171661376953,0.0014224052429199219
4661,0.002595663070678711,0.0047245025634765625,0.0014548301696777344
4662,0.0020689964294433594,0.004923105239868164,0.0014982223510742188
4663,0.0022644996643066406,0.004655122756958008,0.0015957355499267578
4664,0.0020580291748046875,0.003570079803466797,0.001528024673461914
4665,0.002433300018310547,0.003750324249267578,0.0015628337860107422
4666,0.002292633056640625,0.004717111587524414,0.0014634132385253906
4667,0.0021436214447021484,0.005035400390625,0.0015988349914550781
4668,0.0022928714752197266,0.00449061393737793,0.0014986991882324219
4669,0.0023806095123291016,0.003896474838256836,0.0017011165618896484
4670,0.002192258834838867,0.0038831233978271484,0.0014257431030273438
4671,0.0024678707122802734,0.0041959285736083984,0.0014760494232177734
4672,0.002268075942993164,0.0043871402740478516,0.001428842544555664
4673,0.002295255661010742,0.004830360412597656,0.0014026165008544922
4674,0.002244234085083008,0.0042607784271240234,0.0014026165008544922
4675,0.002409219741821289,0.005177497863769531,0.0014607906341552734
4676,0.0020699501037597656,0.005841255187988281,0.0015423297882080078
4677,0.0021588802337646484,0.006073713302612305,0.0014879703521728516
4678,0.002147674560546875,0.0040395259857177734,0.0014727115631103516
4679,0.0023450851440429688,0.0040378570556640625,0.0015337467193603516
4680,0.0019860267639160156,0.004433155059814453,0.00167083740234375
4681,0.002404928207397461,0.0041272640228271484,0.0014803409576416016
4682,0.002138853073120117,0.004112958908081055,0.001482248306274414
4683,0.0022475719451904297,0.0039942264556884766,0.0015485286712646484
4684,0.0021314620971679688,0.0038743019104003906,0.0015113353729248047
4685,0.002239704132080078,0.003734111785888672,0.0014688968658447266
4686,0.0022399425506591797,0.005306720733642578,0.0014922618865966797
4687,0.0022220611572265625,0.004290103912353516,0.0015096664428710938
4688,0.0021905899047851562,0.004001140594482422,0.0014832019805908203
4689,0.0021829605102539062,0.004103899002075195,0.001569986343383789
4690,0.002092123031616211,0.0040891170501708984,0.0017273426055908203
4691,0.0024101734161376953,0.00421452522277832,0.001470327377319336
4692,0.002226591110229492,0.0039751529693603516,0.0018486976623535156
4693,0.0023610591888427734,0.003835916519165039,0.001605987548828125
4694,0.002153158187866211,0.0035033226013183594,0.0015234947204589844
4695,0.0023040771484375,0.0038111209869384766,0.001470327377319336
4696,0.0020933151245117188,0.0036466121673583984,0.0014505386352539062
4697,0.002402782440185547,0.004136800765991211,0.0014162063598632812
4698,0.002169370651245117,0.0038483142852783203,0.0015368461608886719
4699,0.0023975372314453125,0.004106044769287109,0.0015099048614501953
4700,0.002242565155029297,0.0038309097290039062,0.0015079975128173828
4701,0.002499103546142578,0.003943443298339844,0.001739501953125
4702,0.0021419525146484375,0.004340171813964844,0.0015006065368652344
4703,0.0023660659790039062,0.004439115524291992,0.0014748573303222656
4704,0.002081632614135742,0.005515098571777344,0.0014705657958984375
4705,0.00232696533203125,0.0040225982666015625,0.0014362335205078125
4706,0.0022423267364501953,0.003920078277587891,0.0015361309051513672
4707,0.0020782947540283203,0.004126071929931641,0.0038411617279052734
4708,0.0019943714141845703,0.0036008358001708984,0.0017747879028320312
4709,0.0023224353790283203,0.0038979053497314453,0.0017499923706054688
4710,0.0021347999572753906,0.0041120052337646484,0.0017457008361816406
4711,0.0025606155395507812,0.005217075347900391,0.0021088123321533203
4712,0.0022025108337402344,0.006724357604980469,0.0016951560974121094
4713,0.002348661422729492,0.004227638244628906,0.0015075206756591797
4714,0.0022368431091308594,0.0038983821868896484,0.003670930862426758
4715,0.0021581649780273438,0.0040667057037353516,0.0035178661346435547
4716,0.0022161006927490234,0.0037050247192382812,0.003088235855102539
4717,0.0022165775299072266,0.0051381587982177734,0.0031745433807373047
4718,0.0022742748260498047,0.004575967788696289,0.0030341148376464844
4719,0.0021245479583740234,0.00421452522277832,0.0029625892639160156
4720,0.0025298595428466797,0.004205942153930664,0.003941774368286133
4721,0.002479076385498047,0.004035234451293945,0.0041255950927734375
4722,0.002388477325439453,0.003880023956298828,0.004703998565673828
4723,0.0023102760314941406,0.003858804702758789,0.003805875778198242
4724,0.0024628639221191406,0.003968715667724609,0.0033833980560302734
4725,0.002340078353881836,0.003765583038330078,0.003689289093017578
4726,0.0024423599243164062,0.00412297248840332,0.0036115646362304688
4727,0.0021119117736816406,0.005599021911621094,0.003777027130126953
4728,0.0023136138916015625,0.007294416427612305,0.0028693675994873047
4729,0.002093076705932617,0.005208253860473633,0.004552125930786133
4730,0.0021500587463378906,0.0034737586975097656,0.004477500915527344
4731,0.002215147018432617,0.004294633865356445,0.0033228397369384766
4732,0.002391338348388672,0.005722522735595703,0.0037848949432373047
4733,0.0022585391998291016,0.0036208629608154297,0.003402233123779297
4734,0.002227783203125,0.005260467529296875,0.0029637813568115234
4735,0.0021233558654785156,0.004149675369262695,0.0030014514923095703
4736,0.0023491382598876953,0.004344463348388672,0.003186941146850586
4737,0.00218963623046875,0.0041081905364990234,0.0030012130737304688
4738,0.0022029876708984375,0.004290342330932617,0.004069328308105469
4739,0.00222015380859375,0.0038683414459228516,0.0033752918243408203
4740,0.0023245811462402344,0.004096031188964844,0.003125905990600586
4741,0.0024132728576660156,0.003638744354248047,0.0031998157501220703
4742,0.002386331558227539,0.004109621047973633,0.0029785633087158203
4743,0.0022115707397460938,0.003740072250366211,0.0032548904418945312
4744,0.002482175827026367,0.003911495208740234,0.003893613815307617
4745,0.002045869827270508,0.003833293914794922,0.0032629966735839844
4746,0.002380847930908203,0.005319833755493164,0.0030562877655029297
4747,0.0020656585693359375,0.004068851470947266,0.0038297176361083984
4748,0.0023970603942871094,0.004244804382324219,0.005246877670288086
4749,0.0021533966064453125,0.0038361549377441406,0.0038433074951171875
4750,0.0022711753845214844,0.0035037994384765625,0.0030040740966796875
4751,0.002344369888305664,0.004389047622680664,0.0027005672454833984
4752,0.0023300647735595703,0.004134654998779297,0.0029633045196533203
4753,0.002321004867553711,0.0037932395935058594,0.0045757293701171875
4754,0.002384185791015625,0.003968715667724609,0.003164052963256836
4755,0.0023963451385498047,0.003608226776123047,0.003298521041870117
4756,0.0023887157440185547,0.004273653030395508,0.0033876895904541016
4757,0.002151966094970703,0.004723787307739258,0.0032663345336914062
4758,0.0022361278533935547,0.005569934844970703,0.003036975860595703
4759,0.0021872520446777344,0.004775524139404297,0.0029392242431640625
4760,0.002370595932006836,0.005658149719238281,0.0029821395874023438
4761,0.002207040786743164,0.003721475601196289,0.003246307373046875
4762,0.002248048782348633,0.004398822784423828,0.004054546356201172
4763,0.0021593570709228516,0.0050373077392578125,0.003137350082397461
4764,0.002330303192138672,0.004454851150512695,0.0039331912994384766
4765,0.0022385120391845703,0.0042836666107177734,0.0034017562866210938
4766,0.0023927688598632812,0.003909587860107422,0.003317117691040039
4767,0.002229452133178711,0.003628969192504883,0.002702474594116211
4768,0.0022542476654052734,0.0040569305419921875,0.004218339920043945
4769,0.0021712779998779297,0.00394749641418457,0.00423741340637207
4770,0.0021638870239257812,0.003721952438354492,0.003934621810913086
4771,0.0024840831756591797,0.0036470890045166016,0.003248453140258789
4772,0.002391338348388672,0.0042612552642822266,0.002909421920776367
4773,0.0022933483123779297,0.003920555114746094,0.0028095245361328125
4774,0.0024111270904541016,0.0037806034088134766,0.004918098449707031
4775,0.002176523208618164,0.0037870407104492188,0.003383159637451172
4776,0.0023453235626220703,0.004111289978027344,0.004103183746337891
4777,0.0021369457244873047,0.003881216049194336,0.0044858455657958984
4778,0.0023071765899658203,0.0039615631103515625,0.0036592483520507812
4779,0.0021991729736328125,0.00376129150390625,0.0028085708618164062
4780,0.0023517608642578125,0.004922151565551758,0.0028400421142578125
4781,0.002649545669555664,0.003868579864501953,0.0029442310333251953
4782,0.0021691322326660156,0.004369258880615234,0.003084897994995117
4783,0.002329111099243164,0.004011631011962891,0.004047870635986328
4784,0.002075672149658203,0.0040438175201416016,0.0029458999633789062
4785,0.002144336700439453,0.003952503204345703,0.0031960010528564453
4786,0.0020570755004882812,0.004110813140869141,0.0046350955963134766
4787,0.002331256866455078,0.004655122756958008,0.0034737586975097656
4788,0.0020651817321777344,0.004791975021362305,0.0037086009979248047
4789,0.002226591110229492,0.003722667694091797,0.0035758018493652344
4790,0.0022029876708984375,0.003721952438354492,0.003084421157836914
4791,0.0025751590728759766,0.004527091979980469,0.004345893859863281
4792,0.0022077560424804688,0.004508495330810547,0.0031540393829345703
4793,0.0022161006927490234,0.004378795623779297,0.0034072399139404297
4794,0.002225637435913086,0.004738330841064453,0.0037772655487060547
4795,0.0021855831146240234,0.0057451725006103516,0.003889322280883789
4796,0.0021927356719970703,0.0038983821868896484,0.0028929710388183594
4797,0.002326488494873047,0.003898143768310547,0.003759145736694336
4798,0.0020987987518310547,0.004904031753540039,0.0032205581665039062
4799,0.0022678375244140625,0.005491495132446289,0.0035834312438964844
4800,0.002176046371459961,0.0057888031005859375,0.004216194152832031
4801,0.0024328231811523438,0.0053102970123291016,0.0039827823638916016
4802,0.0022430419921875,0.004250288009643555,0.004055500030517578
4803,0.0023298263549804688,0.003997325897216797,0.0040454864501953125
4804,0.0021924972534179688,0.004073381423950195,0.002918243408203125
4805,0.0023348331451416016,0.0041980743408203125,0.0029556751251220703
4806,0.0022211074829101562,0.0038499832153320312,0.004732370376586914
4807,0.002263784408569336,0.003793001174926758,0.003412008285522461
4808,0.002225160598754883,0.004785299301147461,0.003134012222290039
4809,0.0022935867309570312,0.00492405891418457,0.00444793701171875
4810,0.0022199153900146484,0.005455970764160156,0.0032072067260742188
4811,0.002588033676147461,0.005109310150146484,0.004563808441162109
4812,0.002061605453491211,0.004483699798583984,0.0035321712493896484
4813,0.002229928970336914,0.004063844680786133,0.004268646240234375
4814,0.0019817352294921875,0.003680706024169922,0.004795074462890625
4815,0.002139568328857422,0.0028460025787353516,0.003796100616455078
4816,0.002031087875366211,0.0033643245697021484,0.00395965576171875
4817,0.002253293991088867,0.004442930221557617,0.003134012222290039
4818,0.002162456512451172,0.0035371780395507812,0.003323078155517578
4819,0.0021467208862304688,0.0024454593658447266,0.003085613250732422
4820,0.0020859241485595703,0.0022935867309570312,0.002919435501098633
4821,0.0025336742401123047,0.002346515655517578,0.003096342086791992
4822,0.0021457672119140625,0.002580881118774414,0.0030298233032226562
4823,0.0023496150970458984,0.0024755001068115234,0.004304409027099609
4824,0.002148151397705078,0.0023326873779296875,0.004170417785644531
4825,0.002182483673095703,0.002359628677368164,0.0031614303588867188
4826,0.0020945072174072266,0.002073526382446289,0.0030808448791503906
4827,0.002329587936401367,0.0023174285888671875,0.004500627517700195
4828,0.0022912025451660156,0.0022809505462646484,0.0032689571380615234
4829,0.0024127960205078125,0.002324819564819336,0.0031280517578125
4830,0.0021567344665527344,0.0021483898162841797,0.0033540725708007812
4831,0.0027124881744384766,0.0022346973419189453,0.003104686737060547
4832,0.0022127628326416016,0.0023212432861328125,0.003021240234375
4833,0.002338409423828125,0.002344369888305664,0.0031931400299072266
4834,0.0023393630981445312,0.0020983219146728516,0.004212379455566406
4835,0.002427339553833008,0.002384662628173828,0.00312042236328125
4836,0.0021953582763671875,0.0022084712982177734,0.0031366348266601562
4837,0.002231121063232422,0.004740476608276367,0.0034973621368408203
4838,0.002031564712524414,0.002124309539794922,0.0032203197479248047
4839,0.0021376609802246094,0.002477884292602539,0.0036020278930664062
4840,0.002168416976928711,0.003921031951904297,0.0034356117248535156
4841,0.0024971961975097656,0.004194021224975586,0.0030536651611328125
4842,0.0020818710327148438,0.004416942596435547,0.0030677318572998047
4843,0.0022530555725097656,0.003920793533325195,0.0029888153076171875
4844,0.002354860305786133,0.003766298294067383,0.004414796829223633
4845,0.0021202564239501953,0.0052874088287353516,0.0030946731567382812
4846,0.002165555953979492,0.004240274429321289,0.0030901432037353516
4847,0.0021386146545410156,0.0040972232818603516,0.003362894058227539
4848,0.0023005008697509766,0.0038306713104248047,0.003618955612182617
4849,0.0022678375244140625,0.003871917724609375,0.0028934478759765625
4850,0.0024328231811523438,0.003599882125854492,0.0028145313262939453
4851,0.0023910999298095703,0.004682064056396484,0.0028464794158935547
4852,0.0024662017822265625,0.0041348934173583984,0.0035190582275390625
4853,0.0020334720611572266,0.004522800445556641,0.003628253936767578
4854,0.0023412704467773438,0.004385709762573242,0.003229856491088867
4855,0.002233266830444336,0.005343437194824219,0.003093242645263672
4856,0.0023412704467773438,0.0042264461517333984,0.0030553340911865234
4857,0.0022242069244384766,0.004259824752807617,0.003315448760986328
4858,0.0023648738861083984,0.0038080215454101562,0.0033075809478759766
4859,0.0022292137145996094,0.004933595657348633,0.003103494644165039
4860,0.002255678176879883,0.004600048065185547,0.002810239791870117
4861,0.0023403167724609375,0.004319906234741211,0.00286865234375
4862,0.0022864341735839844,0.0039675235748291016,0.0028138160705566406
4863,0.0021524429321289062,0.004774332046508789,0.0029234886169433594
4864,0.002321481704711914,0.004577159881591797,0.0030803680419921875
4865,0.0019905567169189453,0.004915714263916016,0.0030019283294677734
4866,0.0021886825561523438,0.00432276725769043,0.0038824081420898438
4867,0.0020606517791748047,0.004114389419555664,0.0029816627502441406
4868,0.0022554397583007812,0.003851175308227539,0.003156900405883789
4869,0.0019719600677490234,0.003918647766113281,0.004372119903564453
4870,0.002275228500366211,0.004205465316772461,0.003259420394897461
4871,0.0023810863494873047,0.004060268402099609,0.0033724308013916016
4872,0.0023393630981445312,0.004267454147338867,0.0036268234252929688
4873,0.0022363662719726562,0.0039484500885009766,0.0030798912048339844
4874,0.002278566360473633,0.00486445426940918,0.002833127975463867
4875,0.0022165775299072266,0.0038874149322509766,0.0026540756225585938
4876,0.002197742462158203,0.004636526107788086,0.003843069076538086
4877,0.0022554397583007812,0.0052623748779296875,0.0029230117797851562
4878,0.0023343563079833984,0.006921291351318359,0.003313302993774414
4879,0.002132892608642578,0.0052034854888916016,0.0037021636962890625
4880,0.0022726058959960938,0.004537105560302734,0.003200531005859375
4881,0.0024242401123046875,0.004330158233642578,0.0032455921173095703
4882,0.002292156219482422,0.004431724548339844,0.0031278133392333984
4883,0.0021331310272216797,0.003935575485229492,0.0027992725372314453
4884,0.0023179054260253906,0.0041408538818359375,0.0028007030487060547
4885,0.002218961715698242,0.003865957260131836,0.004219532012939453
4886,0.002298593521118164,0.004102945327758789,0.0032417774200439453
4887,0.0021028518676757812,0.0050847530364990234,0.0033206939697265625
4888,0.0023212432861328125,0.005296230316162109,0.0033617019653320312
4889,0.002218961715698242,0.005122661590576172,0.0033957958221435547
4890,0.002345561981201172,0.0051610469818115234,0.00337982177734375
4891,0.0024061203002929688,0.0053560733795166016,0.002785205841064453
4892,0.002305269241333008,0.0043981075286865234,0.0040929317474365234
4893,0.002097606658935547,0.005026578903198242,0.003437042236328125
4894,0.0022258758544921875,0.005060672760009766,0.0034303665161132812
4895,0.0021610260009765625,0.005198955535888672,0.0032205581665039062
4896,0.002214670181274414,0.005259990692138672,0.002755880355834961
4897,0.002117156982421875,0.005962371826171875,0.0026667118072509766
4898,0.0023632049560546875,0.0036721229553222656,0.003138303756713867
4899,0.002132415771484375,0.0036513805389404297,0.003941059112548828
4900,0.002258777618408203,0.003906726837158203,0.0054552555084228516
4901,0.002251863479614258,0.003635883331298828,0.004197597503662109
4902,0.0024471282958984375,0.004205942153930664,0.0037050247192382812
4903,0.0021636486053466797,0.004099845886230469,0.0029981136322021484
4904,0.002340555191040039,0.0051882266998291016,0.0030438899993896484
4905,0.0021414756774902344,0.00604557991027832,0.003271818161010742
4906,0.002333402633666992,0.004891157150268555,0.0029625892639160156
4907,0.0023593902587890625,0.003786325454711914,0.002958536148071289
4908,0.0024433135986328125,0.004099607467651367,0.0038878917694091797
4909,0.002366304397583008,0.0036840438842773438,0.0030333995819091797
4910,0.002119779586791992,0.0037071704864501953,0.003702878952026367
4911,0.002505779266357422,0.004765748977661133,0.004938602447509766
4912,0.0021219253540039062,0.004230499267578125,0.0037779808044433594
4913,0.002282381057739258,0.004045009613037109,0.0028259754180908203
4914,0.0021877288818359375,0.005087137222290039,0.00278472900390625
4915,0.002335786819458008,0.0037102699279785156,0.0015513896942138672
4916,0.002171039581298828,0.0044438838958740234,0.0015153884887695312
4917,0.002397775650024414,0.004130125045776367,0.0015869140625
4918,0.0021598339080810547,0.004847526550292969,0.0015940666198730469
4919,0.002203702926635742,0.004587650299072266,0.0016121864318847656
4920,0.0020263195037841797,0.004209041595458984,0.0016591548919677734
4921,0.002459287643432617,0.0039365291595458984,0.0017764568328857422
4922,0.0021486282348632812,0.004515171051025391,0.0014891624450683594
4923,0.0022039413452148438,0.003942012786865234,0.0015082359313964844
4924,0.0020551681518554688,0.0040242671966552734,0.001394510269165039
4925,0.0024492740631103516,0.0041027069091796875,0.0013782978057861328
4926,0.0021796226501464844,0.003947019577026367,0.001434326171875
4927,0.002266407012939453,0.0039670467376708984,0.0014390945434570312
4928,0.0022134780883789062,0.003747224807739258,0.0014576911926269531
4929,0.0023806095123291016,0.004318952560424805,0.0015494823455810547
4930,0.0021600723266601562,0.0041005611419677734,0.0014262199401855469
4931,0.002580881118774414,0.004181861877441406,0.00146484375
4932,0.002287149429321289,0.00398564338684082,0.0018153190612792969
4933,0.0021719932556152344,0.0037801265716552734,0.0017018318176269531
4934,0.0020148754119873047,0.004677534103393555,0.0015418529510498047
4935,0.002314329147338867,0.0040493011474609375,0.001524209976196289
4936,0.0021495819091796875,0.004183769226074219,0.001508474349975586
4937,0.0023107528686523438,0.005078554153442383,0.0015273094177246094
4938,0.0021936893463134766,0.004342794418334961,0.0014371871948242188
4939,0.0022859573364257812,0.004634857177734375,0.001535654067993164
4940,0.002191781997680664,0.0038421154022216797,0.0014901161193847656
4941,0.002505779266357422,0.003974199295043945,0.0014944076538085938
4942,0.0021905899047851562,0.005394458770751953,0.0017094612121582031
4943,0.002334117889404297,0.003976106643676758,0.0014805793762207031
4944,0.0021059513092041016,0.003797769546508789,0.0014657974243164062
4945,0.0022962093353271484,0.004162311553955078,0.0014581680297851562
4946,0.0023126602172851562,0.0041272640228271484,0.0015404224395751953
4947,0.002155780792236328,0.004237174987792969,0.0015883445739746094
4948,0.0021064281463623047,0.0037107467651367188,0.0014500617980957031
4949,0.00225830078125,0.003972768783569336,0.0015244483947753906
4950,0.0020618438720703125,0.003637075424194336,0.001470327377319336
4951,0.0026373863220214844,0.0038368701934814453,0.0014026165008544922
4952,0.002251863479614258,0.004141092300415039,0.0013568401336669922
4953,0.002333402633666992,0.004167318344116211,0.0016646385192871094
4954,0.0021712779998779297,0.003857851028442383,0.0014002323150634766
4955,0.002295970916748047,0.0038726329803466797,0.0013988018035888672
4956,0.0021343231201171875,0.0037755966186523438,0.0015177726745605469
4957,0.0022161006927490234,0.003953456878662109,0.001444101333618164
4958,0.002110719680786133,0.003778219223022461,0.0014460086822509766
4959,0.0023131370544433594,0.0048940181732177734,0.0015189647674560547
4960,0.00211334228515625,0.004002809524536133,0.0014247894287109375
4961,0.002440929412841797,0.004929304122924805,0.0014030933380126953
4962,0.0021839141845703125,0.004488945007324219,0.0015628337860107422
4963,0.0023310184478759766,0.004522562026977539,0.0017795562744140625
4964,0.002144336700439453,0.0035772323608398438,0.0014705657958984375
4965,0.0023179054260253906,0.0038614273071289062,0.0014507770538330078
4966,0.002171039581298828,0.0035893917083740234,0.0014812946319580078
4967,0.002450704574584961,0.003957271575927734,0.0017092227935791016
4968,0.002203702926635742,0.0038988590240478516,0.0014557838439941406
4969,0.002328634262084961,0.0047414302825927734,0.0014083385467529297
4970,0.002228975296020508,0.003942012786865234,0.001341104507446289
4971,0.002628803253173828,0.004148721694946289,0.0014743804931640625
4972,0.0021941661834716797,0.0044536590576171875,0.0013775825500488281
4973,0.002299785614013672,0.004538059234619141,0.001554250717163086
4974,0.0023164749145507812,0.0038437843322753906,0.001766204833984375
4975,0.0020194053649902344,0.003916263580322266,0.0015821456909179688
4976,0.002282857894897461,0.0038743019104003906,0.0015757083892822266
4977,0.0020372867584228516,0.004150390625,0.001508951187133789
4978,0.002292633056640625,0.0038063526153564453,0.0014767646789550781
4979,0.002140522003173828,0.0039501190185546875,0.0014188289642333984
4980,0.0022995471954345703,0.0035622119903564453,0.0015211105346679688
4981,0.002461671829223633,0.0039861202239990234,0.00146484375
4982,0.002318143844604492,0.004129171371459961,0.0013577938079833984
4983,0.0021829605102539062,0.00413823127746582,0.0015413761138916016
4984,0.0022690296173095703,0.003869771957397461,0.0016396045684814453
4985,0.0022661685943603516,0.0040493011474609375,0.0014846324920654297
4986,0.0022759437561035156,0.0037899017333984375,0.0015044212341308594
4987,0.002170562744140625,0.003998279571533203,0.001422882080078125
4988,0.002188444137573242,0.004706382751464844,0.0014774799346923828
4989,0.002184152603149414,0.00540614128112793,0.0014891624450683594
4990,0.0023794174194335938,0.005204677581787109,0.001462697982788086
4991,0.0023908615112304688,0.005537986755371094,0.0014488697052001953
4992,0.0022077560424804688,0.004741191864013672,0.0014376640319824219
4993,0.002172231674194336,0.0038018226623535156,0.0014836788177490234
4994,0.0024428367614746094,0.0042269229888916016,0.0014510154724121094
4995,0.002154827117919922,0.0038869380950927734,0.0016684532165527344
4996,0.0023851394653320312,0.003871440887451172,0.0015170574188232422
4997,0.002247333526611328,0.003865480422973633,0.0015535354614257812
4998,0.0022318363189697266,0.004209280014038086,0.001504659652709961
4999,0.0021293163299560547,0.003784656524658203,0.0015833377838134766
5000,0.0022287368774414062,0.004019021987915039,0.0015125274658203125
5001,0.002252817153930664,0.003948211669921875,0.0015594959259033203
5002,0.0022966861724853516,0.0042836666107177734,0.0017228126525878906
5003,0.002149343490600586,0.0037450790405273438,0.0015349388122558594
5004,0.0022497177124023438,0.003999233245849609,0.0015294551849365234
5005,0.0021181106567382812,0.004084348678588867,0.001764535903930664
5006,0.002324342727661133,0.004076719284057617,0.0015180110931396484
5007,0.002149343490600586,0.0037593841552734375,0.0014145374298095703
5008,0.0023796558380126953,0.004121065139770508,0.0013682842254638672
5009,0.002200603485107422,0.0036346912384033203,0.001436471939086914
5010,0.002455472946166992,0.003934144973754883,0.0014429092407226562
5011,0.002461671829223633,0.004130840301513672,0.0013260841369628906
5012,0.002462148666381836,0.004620552062988281,0.0014805793762207031
5013,0.0022270679473876953,0.003821849822998047,0.0014624595642089844
5014,0.0022363662719726562,0.0050699710845947266,0.0014755725860595703
5015,0.0021338462829589844,0.0037708282470703125,0.001459360122680664
5016,0.0023026466369628906,0.004655122756958008,0.0016968250274658203
5017,0.002129793167114258,0.004209280014038086,0.001436471939086914
5018,0.0024607181549072266,0.005142688751220703,0.0014619827270507812
5019,0.0021560192108154297,0.005007505416870117,0.0014300346374511719
5020,0.002337932586669922,0.003902435302734375,0.0014870166778564453
5021,0.002413034439086914,0.0035598278045654297,0.0015099048614501953
5022,0.002326488494873047,0.004312753677368164,0.0015041828155517578
5023,0.0022280216217041016,0.003922939300537109,0.0015304088592529297
5024,0.0023310184478759766,0.003900289535522461,0.0014028549194335938
5025,0.0020782947540283203,0.003755331039428711,0.0013966560363769531
5026,0.0022454261779785156,0.004015684127807617,0.0015749931335449219
5027,0.002191781997680664,0.003884553909301758,0.0014824867248535156
5028,0.0020859241485595703,0.00394129753112793,0.0014986991882324219
5029,0.002080202102661133,0.003354787826538086,0.0013980865478515625
5030,0.0022330284118652344,0.00507354736328125,0.0015003681182861328
5031,0.0025272369384765625,0.004028797149658203,0.0014450550079345703
5032,0.0022361278533935547,0.00445246696472168,0.0013804435729980469
5033,0.0021448135375976562,0.004659891128540039,0.001382589340209961
5034,0.0023064613342285156,0.003980398178100586,0.0014362335205078125
5035,0.002135038375854492,0.005116939544677734,0.001409292221069336
5036,0.0022950172424316406,0.006500720977783203,0.0015676021575927734
5037,0.0023636817932128906,0.0059506893157958984,0.0018622875213623047
5038,0.0022106170654296875,0.004787445068359375,0.0014023780822753906
5039,0.0023009777069091797,0.004135608673095703,0.0015251636505126953
5040,0.0020875930786132812,0.00444340705871582,0.0014638900756835938
5041,0.0024614334106445312,0.004191398620605469,0.0014693737030029297
5042,0.002131938934326172,0.004333019256591797,0.001462697982788086
5043,0.002318143844604492,0.003834247589111328,0.0014972686767578125
5044,0.002231597900390625,0.0040476322174072266,0.001377105712890625
5045,0.002373218536376953,0.003743410110473633,0.0014636516571044922
5046,0.0021631717681884766,0.0038797855377197266,0.0014960765838623047
5047,0.002298116683959961,0.004644870758056641,0.0018222332000732422
5048,0.002187967300415039,0.004151582717895508,0.0015206336975097656
5049,0.0023021697998046875,0.0040814876556396484,0.0014624595642089844
5050,0.002239704132080078,0.005358457565307617,0.0016188621520996094
5051,0.0025167465209960938,0.004415273666381836,0.0014781951904296875
5052,0.0021791458129882812,0.00458073616027832,0.0014801025390625
5053,0.0022575855255126953,0.004817962646484375,0.0014834403991699219
5054,0.002080202102661133,0.004235506057739258,0.0014657974243164062
5055,0.002145051956176758,0.003976345062255859,0.0015287399291992188
5056,0.002071380615234375,0.0037987232208251953,0.0014052391052246094
5057,0.002197265625,0.005371809005737305,0.0014739036560058594
5058,0.00225067138671875,0.003957271575927734,0.0016222000122070312
5059,0.0021970272064208984,0.004338741302490234,0.001447439193725586
5060,0.002155303955078125,0.004257678985595703,0.0014004707336425781
5061,0.0024976730346679688,0.004058837890625,0.0014033317565917969
5062,0.0021982192993164062,0.004407167434692383,0.0014030933380126953
5063,0.0022575855255126953,0.0048980712890625,0.0015349388122558594
5064,0.0022192001342773438,0.0049436092376708984,0.0014531612396240234
5065,0.0022907257080078125,0.004992485046386719,0.0014240741729736328
5066,0.0022296905517578125,0.004683971405029297,0.001542806625366211
5067,0.0023505687713623047,0.004045009613037109,0.0015168190002441406
5068,0.002153158187866211,0.003895998001098633,0.0017209053039550781
5069,0.002270936965942383,0.003873586654663086,0.0014615058898925781
5070,0.002232074737548828,0.0038881301879882812,0.0015583038330078125
5071,0.0026459693908691406,0.003920793533325195,0.0016713142395019531
5072,0.002171039581298828,0.004180192947387695,0.0014393329620361328
5073,0.0022513866424560547,0.004161834716796875,0.001434326171875
5074,0.0021500587463378906,0.0039055347442626953,0.0014820098876953125
5075,0.0023033618927001953,0.004044055938720703,0.001476287841796875
5076,0.002199411392211914,0.0037348270416259766,0.0014660358428955078
5077,0.002286672592163086,0.005136251449584961,0.0014920234680175781
5078,0.002167940139770508,0.004706859588623047,0.0014083385467529297
5079,0.0023627281188964844,0.003983736038208008,0.0016622543334960938
5080,0.0021758079528808594,0.00371551513671875,0.0013818740844726562
5081,0.002532958984375,0.0048367977142333984,0.0014829635620117188
5082,0.0020399093627929688,0.005257368087768555,0.001481771469116211
5083,0.0021941661834716797,0.0045015811920166016,0.0015168190002441406
5084,0.002046823501586914,0.00395512580871582,0.001547098159790039
5085,0.002300739288330078,0.0040357112884521484,0.0014767646789550781
5086,0.0020766258239746094,0.003753185272216797,0.0014472007751464844
5087,0.002267122268676758,0.0038416385650634766,0.001434326171875
5088,0.002226591110229492,0.0037436485290527344,0.0015141963958740234
5089,0.002363443374633789,0.005576372146606445,0.001683950424194336
5090,0.0021843910217285156,0.004055023193359375,0.0015802383422851562
5091,0.0025987625122070312,0.004266977310180664,0.0014660358428955078
5092,0.002263307571411133,0.004301786422729492,0.0014107227325439453
5093,0.0024232864379882812,0.004191875457763672,0.0014793872833251953
5094,0.002089977264404297,0.0038518905639648438,0.0015223026275634766
5095,0.002195596694946289,0.004123687744140625,0.0016663074493408203
5096,0.002117156982421875,0.003737211227416992,0.00145721435546875
5097,0.0022919178009033203,0.003985881805419922,0.0015354156494140625
5098,0.0022852420806884766,0.0035631656646728516,0.0014519691467285156
5099,0.002364635467529297,0.003938198089599609,0.001524209976196289
5100,0.002135753631591797,0.0038299560546875,0.0017888545989990234
5101,0.002565145492553711,0.003936290740966797,0.001451253890991211
5102,0.0021414756774902344,0.0042226314544677734,0.001481771469116211
5103,0.002247333526611328,0.004011392593383789,0.0014717578887939453
5104,0.0022177696228027344,0.0037686824798583984,0.0015006065368652344
5105,0.0020127296447753906,0.00534510612487793,0.0015091896057128906
5106,0.0022313594818115234,0.004076957702636719,0.0016815662384033203
5107,0.002194643020629883,0.004343509674072266,0.0013790130615234375
5108,0.0023374557495117188,0.0036385059356689453,0.0014829635620117188
5109,0.002182483673095703,0.0039899349212646484,0.0014672279357910156
5110,0.002223491668701172,0.0038657188415527344,0.0016865730285644531
5111,0.0024073123931884766,0.003897428512573242,0.001535654067993164
5112,0.002313375473022461,0.004074811935424805,0.0014126300811767578
5113,0.002079486846923828,0.003738880157470703,0.0014796257019042969
5114,0.0023903846740722656,0.0037186145782470703,0.0015401840209960938
5115,0.002246856689453125,0.0040547847747802734,0.0015377998352050781
5116,0.0024008750915527344,0.004823923110961914,0.0014562606811523438
5117,0.002133607864379883,0.004405021667480469,0.0014715194702148438
5118,0.002299785614013672,0.004279613494873047,0.0015225410461425781
5119,0.002211332321166992,0.003858804702758789,0.0014026165008544922
5120,0.002366304397583008,0.0037331581115722656,0.0014390945434570312
5121,0.002418994903564453,0.0039670467376708984,0.0017044544219970703
5122,0.0023190975189208984,0.0040934085845947266,0.0015323162078857422
5123,0.0020477771759033203,0.003866910934448242,0.0013840198516845703
5124,0.002275705337524414,0.003951072692871094,0.0014743804931640625
5125,0.002164125442504883,0.003862619400024414,0.001401662826538086
5126,0.0023174285888671875,0.004102468490600586,0.0013856887817382812
5127,0.0022382736206054688,0.00391840934753418,0.0014007091522216797
5128,0.002298593521118164,0.003713369369506836,0.0014309883117675781
5129,0.0021734237670898438,0.003554105758666992,0.0014996528625488281
5130,0.0023174285888671875,0.005045890808105469,0.0015025138854980469
5131,0.002397775650024414,0.0042438507080078125,0.0017995834350585938
5132,0.002330780029296875,0.0046234130859375,0.0016319751739501953
5133,0.0020394325256347656,0.004177093505859375,0.0015473365783691406
5134,0.002318859100341797,0.004080295562744141,0.0014159679412841797
5135,0.0021860599517822266,0.003851175308227539,0.0015532970428466797
5136,0.0021431446075439453,0.004094600677490234,0.001531839370727539
5137,0.0022096633911132812,0.0036275386810302734,0.0015828609466552734
5138,0.002337932586669922,0.0038056373596191406,0.0014944076538085938
5139,0.0022394657135009766,0.004276275634765625,0.001402139663696289
5140,0.0022077560424804688,0.0050046443939208984,0.0016181468963623047
5141,0.002415180206298828,0.0038559436798095703,0.0013730525970458984
5142,0.002362966537475586,0.004807233810424805,0.0016565322875976562
5143,0.0021250247955322266,0.004263877868652344,0.0014748573303222656
5144,0.0024383068084716797,0.0040929317474365234,0.0014426708221435547
5145,0.0021746158599853516,0.003866910934448242,0.0015168190002441406
5146,0.0022623538970947266,0.004047393798828125,0.0014750957489013672
5147,0.0021507740020751953,0.0039882659912109375,0.0015177726745605469
5148,0.002399444580078125,0.003953218460083008,0.0015516281127929688
5149,0.0022232532501220703,0.0038487911224365234,0.0016047954559326172
5150,0.002366781234741211,0.0039823055267333984,0.001497507095336914
5151,0.0023992061614990234,0.003820657730102539,0.001592874526977539
5152,0.0023708343505859375,0.004080057144165039,0.0017027854919433594
5153,0.0021300315856933594,0.0038852691650390625,0.0015859603881835938
5154,0.002319812774658203,0.004880666732788086,0.0015196800231933594
5155,0.0022537708282470703,0.0037984848022460938,0.0014789104461669922
5156,0.0023946762084960938,0.004622220993041992,0.0015213489532470703
5157,0.0022194385528564453,0.004550457000732422,0.0014908313751220703
5158,0.002429485321044922,0.004069089889526367,0.001634359359741211
5159,0.002227783203125,0.0037240982055664062,0.0014867782592773438
5160,0.0022563934326171875,0.004042148590087891,0.0014181137084960938
5161,0.0023772716522216797,0.003759145736694336,0.0014019012451171875
5162,0.002331256866455078,0.004262447357177734,0.0015559196472167969
5163,0.0019936561584472656,0.004386425018310547,0.0018181800842285156
5164,0.002292633056640625,0.004124879837036133,0.0015459060668945312
5165,0.002238750457763672,0.003663778305053711,0.0015850067138671875
5166,0.002330303192138672,0.003832101821899414,0.0015578269958496094
5167,0.0020029544830322266,0.003916263580322266,0.0016014575958251953
5168,0.002292633056640625,0.005064249038696289,0.0014889240264892578
5169,0.00228118896484375,0.0053746700286865234,0.0014781951904296875
5170,0.002238750457763672,0.005858659744262695,0.0014698505401611328
5171,0.0025892257690429688,0.004916667938232422,0.0015072822570800781
5172,0.0023298263549804688,0.004177570343017578,0.0014903545379638672
5173,0.0023224353790283203,0.0038051605224609375,0.0017697811126708984
5174,0.002201080322265625,0.0046236515045166016,0.0016779899597167969
5175,0.0022346973419189453,0.003889799118041992,0.0015821456909179688
5176,0.002126455307006836,0.004350423812866211,0.0015337467193603516
5177,0.0022156238555908203,0.00397801399230957,0.0014586448669433594
5178,0.002234935760498047,0.0048182010650634766,0.0015246868133544922
5179,0.002427816390991211,0.005224466323852539,0.0014595985412597656
5180,0.0022568702697753906,0.0051746368408203125,0.0015325546264648438
5181,0.0026497840881347656,0.0036644935607910156,0.0015821456909179688
5182,0.0022177696228027344,0.004283905029296875,0.0016360282897949219
5183,0.002377748489379883,0.0038232803344726562,0.0014972686767578125
5184,0.0022280216217041016,0.003925800323486328,0.0017752647399902344
5185,0.0023233890533447266,0.003795623779296875,0.0015130043029785156
5186,0.002155303955078125,0.005261421203613281,0.001535177230834961
5187,0.002139568328857422,0.0044765472412109375,0.001486063003540039
5188,0.00214385986328125,0.004784822463989258,0.0015306472778320312
5189,0.0021872520446777344,0.003900766372680664,0.0014700889587402344
5190,0.001996278762817383,0.0051767826080322266,0.0015294551849365234
5191,0.002621173858642578,0.006271839141845703,0.0014679431915283203
5192,0.0022356510162353516,0.005767345428466797,0.001489877700805664
5193,0.002295255661010742,0.0042302608489990234,0.0014660358428955078
5194,0.002045869827270508,0.0040357112884521484,0.001669168472290039
5195,0.0022792816162109375,0.004114866256713867,0.001481771469116211
5196,0.002148866653442383,0.0038933753967285156,0.0014801025390625
5197,0.002376079559326172,0.004048347473144531,0.0015368461608886719
5198,0.0021467208862304688,0.0038547515869140625,0.0014955997467041016
5199,0.0023682117462158203,0.005541801452636719,0.001506805419921875
5200,0.002203226089477539,0.0066072940826416016,0.0015070438385009766
5201,0.002620697021484375,0.005616664886474609,0.0015034675598144531
5202,0.0022439956665039062,0.005112886428833008,0.0015411376953125
5203,0.002270936965942383,0.0053577423095703125,0.0015377998352050781
5204,0.0021893978118896484,0.004185199737548828,0.0014851093292236328
5205,0.0022258758544921875,0.004404544830322266,0.001837015151977539
5206,0.002160310745239258,0.003757476806640625,0.0014760494232177734
5207,0.0023469924926757812,0.003965854644775391,0.0015943050384521484
5208,0.002196788787841797,0.003844738006591797,0.0015149116516113281
5209,0.002324819564819336,0.003814697265625,0.0015878677368164062
5210,0.002126932144165039,0.003692150115966797,0.0014772415161132812
5211,0.0025784969329833984,0.004115581512451172,0.0015115737915039062
5212,0.002120494842529297,0.004421710968017578,0.0015282630920410156
5213,0.0023491382598876953,0.004151344299316406,0.001516103744506836
5214,0.002086639404296875,0.004076242446899414,0.0014736652374267578
5215,0.0022821426391601562,0.004750728607177734,0.0017635822296142578
5216,0.0021109580993652344,0.003901958465576172,0.0015063285827636719
5217,0.002176046371459961,0.004594326019287109,0.0015320777893066406
5218,0.002091646194458008,0.004296541213989258,0.0015299320220947266
5219,0.0022208690643310547,0.00423884391784668,0.0015177726745605469
5220,0.002252340316772461,0.0037996768951416016,0.0015056133270263672
5221,0.002478361129760742,0.004129171371459961,0.0014615058898925781
5222,0.002178668975830078,0.00439143180847168,0.0014727115631103516
5223,0.0023720264434814453,0.004150390625,0.0015120506286621094
5224,0.002395153045654297,0.004050016403198242,0.001455545425415039
5225,0.002335786819458008,0.004009723663330078,0.0014977455139160156
5226,0.0022459030151367188,0.005675554275512695,0.0016760826110839844
5227,0.0023398399353027344,0.007319927215576172,0.00147247314453125
5228,0.0021843910217285156,0.005210399627685547,0.0014998912811279297
5229,0.002302885055541992,0.0034029483795166016,0.0015339851379394531
5230,0.0021409988403320312,0.0034177303314208984,0.0014986991882324219
5231,0.0024819374084472656,0.00421595573425293,0.001422882080078125
5232,0.0023131370544433594,0.004426002502441406,0.0014996528625488281
5233,0.0023033618927001953,0.004168272018432617,0.0014383792877197266
5234,0.002265453338623047,0.003943204879760742,0.001485586166381836
5235,0.002121448516845703,0.0038194656372070312,0.0014569759368896484
5236,0.0022094249725341797,0.003593921661376953,0.0017156600952148438
5237,0.001971006393432617,0.004011631011962891,0.0014486312866210938
5238,0.002313375473022461,0.0038776397705078125,0.001428842544555664
5239,0.0019729137420654297,0.0040760040283203125,0.0015537738800048828
5240,0.0027399063110351562,0.004683256149291992,0.0014681816101074219
5241,0.002300262451171875,0.0050258636474609375,0.001501321792602539
5242,0.0023717880249023438,0.003794431686401367,0.0015075206756591797
5243,0.0023136138916015625,0.005269527435302734,0.0016753673553466797
5244,0.0023164749145507812,0.004821062088012695,0.0015714168548583984
5245,0.002294301986694336,0.004777193069458008,0.0014286041259765625
5246,0.0024225711822509766,0.004607677459716797,0.001519918441772461
5247,0.0023000240325927734,0.0044345855712890625,0.0017750263214111328
5248,0.0023000240325927734,0.0037534236907958984,0.001524209976196289
5249,0.0022225379943847656,0.003805875778198242,0.0015745162963867188
5250,0.0023610591888427734,0.0037221908569335938,0.0015764236450195312
5251,0.0023992061614990234,0.003912687301635742,0.0015728473663330078
5252,0.002386808395385742,0.003813028335571289,0.0015151500701904297
5253,0.002304553985595703,0.00536346435546875,0.0015063285827636719
5254,0.0023331642150878906,0.005347490310668945,0.0014636516571044922
5255,0.002285480499267578,0.0042879581451416016,0.00148773193359375
5256,0.002321004867553711,0.0038356781005859375,0.001451253890991211
5257,0.002166271209716797,0.003944873809814453,0.001758575439453125
5258,0.0022401809692382812,0.004063606262207031,0.0014452934265136719
5259,0.0022156238555908203,0.0053288936614990234,0.0014977455139160156
5260,0.0022966861724853516,0.005037784576416016,0.0013735294342041016
5261,0.002463817596435547,0.0034987926483154297,0.0014829635620117188
5262,0.002384662628173828,0.003869771957397461,0.0015163421630859375
5263,0.002094268798828125,0.004479169845581055,0.0014677047729492188
5264,0.0021064281463623047,0.004178524017333984,0.0014369487762451172
5265,0.002187013626098633,0.004225015640258789,0.001461029052734375
5266,0.002148866653442383,0.004322052001953125,0.001514434814453125
5267,0.0021512508392333984,0.0040090084075927734,0.001611948013305664
5268,0.0021839141845703125,0.004484415054321289,0.0017583370208740234
5269,0.002185821533203125,0.003766298294067383,0.0015213489532470703
5270,0.0024030208587646484,0.00450587272644043,0.0016508102416992188
5271,0.002263784408569336,0.004230976104736328,0.0015935897827148438
5272,0.002292633056640625,0.004604816436767578,0.0015416145324707031
5273,0.0021791458129882812,0.004098653793334961,0.0015637874603271484
5274,0.002360820770263672,0.0038492679595947266,0.0015676021575927734
5275,0.0022172927856445312,0.003762960433959961,0.0015859603881835938
5276,0.002375364303588867,0.003973960876464844,0.0015208721160888672
5277,0.0021555423736572266,0.0038475990295410156,0.0018033981323242188
5278,0.002427339553833008,0.00396418571472168,0.0017113685607910156
5279,0.0022017955780029297,0.0038771629333496094,0.0015010833740234375
5280,0.0024302005767822266,0.003971099853515625,0.0015437602996826172
5281,0.002473592758178711,0.004965066909790039,0.0015132427215576172
5282,0.002556324005126953,0.0041446685791015625,0.0015308856964111328
5283,0.0022232532501220703,0.004813671112060547,0.0015032291412353516
5284,0.0024285316467285156,0.004360198974609375,0.0014536380767822266
5285,0.002190113067626953,0.004898786544799805,0.0014827251434326172
5286,0.002250194549560547,0.005189657211303711,0.0015156269073486328
5287,0.002108335494995117,0.004327058792114258,0.0014281272888183594
5288,0.002282381057739258,0.0044481754302978516,0.0014977455139160156
5289,0.002260446548461914,0.004340171813964844,0.001735687255859375
5290,0.0023190975189208984,0.0052340030670166016,0.0014255046844482422
5291,0.002289295196533203,0.004106044769287109,0.0014460086822509766
5292,0.0023162364959716797,0.004822254180908203,0.0014774799346923828
5293,0.002096414566040039,0.004166603088378906,0.0015316009521484375
5294,0.002316713333129883,0.005106925964355469,0.0015635490417480469
5295,0.0020780563354492188,0.003957986831665039,0.001508474349975586
5296,0.002238750457763672,0.004215717315673828,0.00147247314453125
5297,0.0021789073944091797,0.003894329071044922,0.0014302730560302734
5298,0.0021758079528808594,0.00516819953918457,0.0015132427215576172
5299,0.002360105514526367,0.0059511661529541016,0.0017840862274169922
5300,0.002316713333129883,0.0023627281188964844,0.0015354156494140625
5301,0.002633810043334961,0.002195119857788086,0.0016033649444580078
5302,0.0021581649780273438,0.0027065277099609375,0.0015370845794677734
5303,0.002370595932006836,0.002228975296020508,0.0014667510986328125
5304,0.002272367477416992,0.0023698806762695312,0.0015561580657958984
5305,0.002418041229248047,0.0022389888763427734,0.0015082359313964844
5306,0.0023856163024902344,0.002490520477294922,0.0015401840209960938
5307,0.002343416213989258,0.0022046566009521484,0.001539468765258789
5308,0.002153158187866211,0.002592802047729492,0.0014553070068359375
5309,0.002313375473022461,0.0024213790893554688,0.0015854835510253906
5310,0.002215862274169922,0.0024747848510742188,0.0017085075378417969
5311,0.002704143524169922,0.0024232864379882812,0.0015518665313720703
5312,0.0021164417266845703,0.002646923065185547,0.0017135143280029297
5313,0.0023279190063476562,0.0024518966674804688,0.001483917236328125
5314,0.0022618770599365234,0.0024161338806152344,0.0014929771423339844
5315,0.0023512840270996094,0.0020389556884765625,0.0014317035675048828
5316,0.002240419387817383,0.0023403167724609375,0.001476287841796875
5317,0.0023298263549804688,0.0021440982818603516,0.0015244483947753906
5318,0.0019903182983398438,0.002521991729736328,0.0014569759368896484
5319,0.002288818359375,0.004270076751708984,0.001514434814453125
5320,0.002270936965942383,0.002440214157104492,0.001758575439453125
5321,0.0025930404663085938,0.002537250518798828,0.0015568733215332031
5322,0.002183675765991211,0.0029227733612060547,0.0015187263488769531
5323,0.002334117889404297,0.002691030502319336,0.0015227794647216797
5324,0.0021505355834960938,0.0023059844970703125,0.0015034675598144531
5325,0.002149820327758789,0.002566099166870117,0.0014925003051757812
5326,0.0022139549255371094,0.004183530807495117,0.001485586166381836
5327,0.002311229705810547,0.004130363464355469,0.0015575885772705078
5328,0.002135038375854492,0.003919839859008789,0.0015637874603271484
5329,0.0022590160369873047,0.003919124603271484,0.0014982223510742188
5330,0.0022346973419189453,0.003726482391357422,0.00144195556640625
5331,0.0024864673614501953,0.0038518905639648438,0.0017709732055664062
5332,0.0022706985473632812,0.0037539005279541016,0.0017414093017578125
5333,0.00244903564453125,0.0037789344787597656,0.0014622211456298828
5334,0.002203226089477539,0.003878355026245117,0.0015118122100830078
5335,0.002302408218383789,0.0042650699615478516,0.0014462471008300781
5336,0.002305269241333008,0.0038149356842041016,0.0014853477478027344
5337,0.0023293495178222656,0.0040094852447509766,0.0015096664428710938
5338,0.002298593521118164,0.0039441585540771484,0.0015635490417480469
5339,0.0022869110107421875,0.0040814876556396484,0.0014841556549072266
5340,0.0021750926971435547,0.003737926483154297,0.0015468597412109375
5341,0.0025229454040527344,0.003770112991333008,0.0017771720886230469
5342,0.002187967300415039,0.0039136409759521484,0.00153350830078125
5343,0.0023674964904785156,0.003907442092895508,0.0014650821685791016
5344,0.0022597312927246094,0.004595518112182617,0.0014324188232421875
5345,0.002271890640258789,0.004091501235961914,0.001434326171875
5346,0.0022382736206054688,0.004009246826171875,0.0016722679138183594
5347,0.0021419525146484375,0.0040891170501708984,0.0014879703521728516
5348,0.0021295547485351562,0.0037276744842529297,0.0014996528625488281
5349,0.00213623046875,0.004111051559448242,0.0014874935150146484
5350,0.0021915435791015625,0.004037618637084961,0.0014874935150146484
5351,0.0025734901428222656,0.003986358642578125,0.0014863014221191406
5352,0.0020554065704345703,0.004957437515258789,0.0017192363739013672
5353,0.0022122859954833984,0.00422215461730957,0.0014996528625488281
5354,0.0020647048950195312,0.004080533981323242,0.0015740394592285156
5355,0.0022847652435302734,0.003994464874267578,0.0015447139739990234
5356,0.002056598663330078,0.003647327423095703,0.0015113353729248047
5357,0.0023658275604248047,0.003859281539916992,0.0014653205871582031
5358,0.002198934555053711,0.004417896270751953,0.0015959739685058594
5359,0.0023555755615234375,0.00401616096496582,0.0015497207641601562
5360,0.002205371856689453,0.004409313201904297,0.0014922618865966797
5361,0.0025136470794677734,0.005026340484619141,0.0014562606811523438
5362,0.0023033618927001953,0.005070924758911133,0.0016446113586425781
5363,0.002167224884033203,0.00420832633972168,0.001485586166381836
5364,0.002342700958251953,0.0041961669921875,0.001529693603515625
5365,0.0022873878479003906,0.004095554351806641,0.0015757083892822266
5366,0.002289295196533203,0.004033088684082031,0.0015230178833007812
5367,0.002221822738647461,0.00397038459777832,0.0015413761138916016
5368,0.002378702163696289,0.003770589828491211,0.0014736652374267578
5369,0.002174854278564453,0.0036907196044921875,0.0014612674713134766
5370,0.002291440963745117,0.0034766197204589844,0.0014498233795166016
5371,0.002296924591064453,0.0038938522338867188,0.0014376640319824219
5372,0.002127408981323242,0.005017995834350586,0.0013937950134277344
5373,0.0021507740020751953,0.004353761672973633,0.0016336441040039062
5374,0.002367734909057617,0.003785371780395508,0.0015039443969726562
5375,0.002251863479614258,0.003860950469970703,0.001461029052734375
5376,0.0023577213287353516,0.004006385803222656,0.0015523433685302734
5377,0.002176046371459961,0.0041615962982177734,0.0014960765838623047
5378,0.002315044403076172,0.003748655319213867,0.0015087127685546875
5379,0.0019347667694091797,0.004007101058959961,0.0015044212341308594
5380,0.0022759437561035156,0.003662586212158203,0.0014538764953613281
5381,0.002376556396484375,0.003856658935546875,0.0016875267028808594
5382,0.002295970916748047,0.0040187835693359375,0.001588582992553711
5383,0.0021109580993652344,0.004100322723388672,0.0017521381378173828
5384,0.002317190170288086,0.003913164138793945,0.0015349388122558594
5385,0.0021567344665527344,0.003935575485229492,0.001550912857055664
5386,0.002351522445678711,0.0038661956787109375,0.0016236305236816406
5387,0.0020961761474609375,0.004267215728759766,0.0015413761138916016
5388,0.0023076534271240234,0.00549769401550293,0.00148773193359375
5389,0.0022001266479492188,0.004594087600708008,0.001486063003540039
5390,0.0023488998413085938,0.004307985305786133,0.0014591217041015625
5391,0.002485036849975586,0.0048143863677978516,0.0015201568603515625
5392,0.002378702163696289,0.005022525787353516,0.0015292167663574219
5393,0.0019991397857666016,0.005153179168701172,0.0015659332275390625
5394,0.002296924591064453,0.005583763122558594,0.0016956329345703125
5395,0.002053499221801758,0.004689931869506836,0.001455545425415039
5396,0.0023577213287353516,0.0044939517974853516,0.0014946460723876953
5397,0.0022974014282226562,0.0038306713104248047,0.0013954639434814453
5398,0.002346038818359375,0.0038909912109375,0.0016314983367919922
5399,0.002382040023803711,0.003937721252441406,0.0015685558319091797
5400,0.002360105514526367,0.004101276397705078,0.0015361309051513672
5401,0.002321481704711914,0.0047130584716796875,0.0014700889587402344
5402,0.0023584365844726562,0.004464626312255859,0.0015566349029541016
5403,0.0020630359649658203,0.004242420196533203,0.0015294551849365234
5404,0.0023376941680908203,0.00420069694519043,0.0016222000122070312
5405,0.0020575523376464844,0.0038437843322753906,0.0014576911926269531
5406,0.0021889209747314453,0.004034996032714844,0.001516103744506836
5407,0.002124309539794922,0.0040051937103271484,0.0014443397521972656
5408,0.002299070358276367,0.0041179656982421875,0.0015037059783935547
5409,0.002157449722290039,0.003946065902709961,0.0015895366668701172
5410,0.0023021697998046875,0.004916191101074219,0.001688241958618164
5411,0.0023899078369140625,0.004742145538330078,0.001529693603515625
5412,0.0023636817932128906,0.004421710968017578,0.00156402587890625
5413,0.002294301986694336,0.0048694610595703125,0.0015540122985839844
5414,0.0023889541625976562,0.00446319580078125,0.0014896392822265625
5415,0.002199411392211914,0.004666328430175781,0.00185394287109375
5416,0.0022635459899902344,0.0043103694915771484,0.001523733139038086
5417,0.002159595489501953,0.003954410552978516,0.0014727115631103516
5418,0.0023217201232910156,0.005171775817871094,0.0014584064483642578
5419,0.002237558364868164,0.004433155059814453,0.0014083385467529297
5420,0.002307415008544922,0.005156040191650391,0.0015189647674560547
5421,0.002538442611694336,0.003892183303833008,0.0016064643859863281
5422,0.0023539066314697266,0.004644632339477539,0.0014736652374267578
5423,0.0021021366119384766,0.0038776397705078125,0.0015201568603515625
5424,0.004447460174560547,0.004143476486206055,0.0014760494232177734
5425,0.0023844242095947266,0.0039882659912109375,0.0019550323486328125
5426,0.0036449432373046875,0.004101276397705078,0.0015151500701904297
5427,0.005082130432128906,0.0038175582885742188,0.001573801040649414
5428,0.0039882659912109375,0.004006862640380859,0.0016021728515625
5429,0.0022423267364501953,0.0037746429443359375,0.0015642642974853516
5430,0.002074003219604492,0.0037391185760498047,0.0016002655029296875
5431,0.0025339126586914062,0.0035643577575683594,0.0015010833740234375
5432,0.002142190933227539,0.005247831344604492,0.0015003681182861328
5433,0.0022110939025878906,0.003980159759521484,0.0015056133270263672
5434,0.002240419387817383,0.0042266845703125,0.001415252685546875
5435,0.002341747283935547,0.0042798519134521484,0.0015201568603515625
5436,0.0022001266479492188,0.004349946975708008,0.0017256736755371094
5437,0.0024607181549072266,0.004167318344116211,0.0015387535095214844
5438,0.0023195743560791016,0.003971576690673828,0.0014717578887939453
5439,0.002398967742919922,0.0037965774536132812,0.001434326171875
5440,0.002332448959350586,0.003992557525634766,0.0014941692352294922
5441,0.0027625560760498047,0.003769397735595703,0.0015518665313720703
5442,0.0023610591888427734,0.0044896602630615234,0.0015194416046142578
5443,0.0023076534271240234,0.004058361053466797,0.0015192031860351562
5444,0.0022897720336914062,0.004480600357055664,0.0015377998352050781
5445,0.002340555191040039,0.004009723663330078,0.0014538764953613281
5446,0.0021462440490722656,0.004097938537597656,0.001674652099609375
5447,0.002326488494873047,0.003967761993408203,0.0015578269958496094
5448,0.0022623538970947266,0.004137992858886719,0.001458883285522461
5449,0.002461671829223633,0.003968238830566406,0.001583099365234375
5450,0.002258777618408203,0.00410008430480957,0.0014386177062988281
5451,0.0025177001953125,0.004148244857788086,0.0014548301696777344
5452,0.0020508766174316406,0.004567861557006836,0.0015206336975097656
5453,0.002337217330932617,0.003937482833862305,0.0014483928680419922
5454,0.002165555953979492,0.005003452301025391,0.0014777183532714844
5455,0.0023643970489501953,0.0039517879486083984,0.0015187263488769531
5456,0.0023555755615234375,0.0039577484130859375,0.0014791488647460938
5457,0.002404451370239258,0.004264116287231445,0.0016987323760986328
5458,0.0021631717681884766,0.0038602352142333984,0.0014429092407226562
5459,0.0023648738861083984,0.003762483596801758,0.0015039443969726562
5460,0.002057313919067383,0.0037369728088378906,0.0015134811401367188
5461,0.002520322799682617,0.004303455352783203,0.0014412403106689453
5462,0.0021479129791259766,0.004381895065307617,0.0015227794647216797
5463,0.002298593521118164,0.004010677337646484,0.00153350830078125
5464,0.0021834373474121094,0.004938364028930664,0.0014820098876953125
5465,0.00234222412109375,0.004421710968017578,0.001443624496459961
5466,0.0022246837615966797,0.004122257232666016,0.00144195556640625
5467,0.0023720264434814453,0.004391908645629883,0.0017409324645996094
5468,0.002073526382446289,0.004011392593383789,0.0015559196472167969
5469,0.002438783645629883,0.004211902618408203,0.0015370845794677734
5470,0.0021402835845947266,0.003973484039306641,0.0015461444854736328
5471,0.0026845932006835938,0.004360675811767578,0.0015304088592529297
5472,0.002224445343017578,0.0061075687408447266,0.0015056133270263672
5473,0.002373933792114258,0.004909992218017578,0.0015156269073486328
5474,0.0023260116577148438,0.004136323928833008,0.001504659652709961
5475,0.002341747283935547,0.004014253616333008,0.0015099048614501953
5476,0.002218961715698242,0.0039288997650146484,0.0014078617095947266
5477,0.0023567676544189453,0.0039348602294921875,0.0013988018035888672
5478,0.002313375473022461,0.003720998764038086,0.0016586780548095703
5479,0.0023682117462158203,0.004065036773681641,0.0014998912811279297
5480,0.002480745315551758,0.0040552616119384766,0.0014104843139648438
5481,0.0026633739471435547,0.004158973693847656,0.0015397071838378906
5482,0.00226593017578125,0.0040051937103271484,0.0015647411346435547
5483,0.0024623870849609375,0.003984928131103516,0.0015325546264648438
5484,0.0023031234741210938,0.003728151321411133,0.0016345977783203125
5485,0.0024259090423583984,0.003883838653564453,0.0014903545379638672
5486,0.0023107528686523438,0.003757953643798828,0.0015430450439453125
5487,0.0022368431091308594,0.0036764144897460938,0.0015673637390136719
5488,0.0022323131561279297,0.003634929656982422,0.001753091812133789
5489,0.0022382736206054688,0.0038604736328125,0.001558542251586914
5490,0.0021636486053466797,0.003664731979370117,0.001561880111694336
5491,0.0024766921997070312,0.0038743019104003906,0.0014984607696533203
5492,0.0023348331451416016,0.004217386245727539,0.0013668537139892578
5493,0.0022978782653808594,0.0041103363037109375,0.0014147758483886719
5494,0.0024251937866210938,0.004788398742675781,0.0014672279357910156
5495,0.0022742748260498047,0.0062067508697509766,0.0014045238494873047
5496,0.002473115921020508,0.005786418914794922,0.001434326171875
5497,0.0021593570709228516,0.006044864654541016,0.0014421939849853516
5498,0.002536773681640625,0.004522085189819336,0.001482248306274414
5499,0.0022296905517578125,0.0053501129150390625,0.0018148422241210938
5500,0.002413034439086914,0.0039577484130859375,0.0014574527740478516
5501,0.002579927444458008,0.004511356353759766,0.0015354156494140625
5502,0.0027112960815429688,0.004247188568115234,0.0014655590057373047
5503,0.0023331642150878906,0.004402875900268555,0.0014047622680664062
5504,0.002381563186645508,0.003890514373779297,0.001516580581665039
5505,0.0021772384643554688,0.004218578338623047,0.0014681816101074219
5506,0.0021576881408691406,0.003912448883056641,0.0014641284942626953
5507,0.0022401809692382812,0.004300355911254883,0.0014584064483642578
5508,0.0023355484008789062,0.004019260406494141,0.0014710426330566406
5509,0.002010345458984375,0.005357265472412109,0.0017962455749511719
5510,0.002378225326538086,0.004840850830078125,0.0015478134155273438
5511,0.002457141876220703,0.004642486572265625,0.0015153884887695312
5512,0.002421855926513672,0.005386829376220703,0.0015654563903808594
5513,0.002275705337524414,0.004281759262084961,0.0015349388122558594
5514,0.002150297164916992,0.003942728042602539,0.0015001296997070312
5515,0.002079486846923828,0.004065513610839844,0.0014498233795166016
5516,0.002363443374633789,0.003909587860107422,0.001458883285522461
5517,0.0022575855255126953,0.004143714904785156,0.0014719963073730469
5518,0.0023326873779296875,0.003916025161743164,0.0017185211181640625
5519,0.002344846725463867,0.003973960876464844,0.0014274120330810547
5520,0.002366304397583008,0.0037992000579833984,0.001817464828491211
5521,0.00249481201171875,0.004163026809692383,0.0015649795532226562
5522,0.002547025680541992,0.0044879913330078125,0.0015277862548828125
5523,0.0022170543670654297,0.005228281021118164,0.001649618148803711
5524,0.002227306365966797,0.0042307376861572266,0.0015916824340820312
5525,0.002239227294921875,0.004418611526489258,0.001527547836303711
5526,0.002427339553833008,0.0042877197265625,0.0015184879302978516
5527,0.0021507740020751953,0.004147529602050781,0.0014460086822509766
5528,0.002355337142944336,0.004441976547241211,0.0014715194702148438
5529,0.002167940139770508,0.0042192935943603516,0.001497507095336914
5530,0.0024199485778808594,0.004435539245605469,0.0016794204711914062
5531,0.0023581981658935547,0.003821849822998047,0.001504659652709961
5532,0.0023887157440185547,0.004266500473022461,0.001461029052734375
5533,0.002178668975830078,0.0040361881256103516,0.0016927719116210938
5534,0.002485513687133789,0.005058765411376953,0.001495361328125
5535,0.0022165775299072266,0.006386280059814453,0.0015413761138916016
5536,0.0024042129516601562,0.00439000129699707,0.0015401840209960938
5537,0.002239704132080078,0.003136157989501953,0.0015454292297363281
5538,0.0025091171264648438,0.003392934799194336,0.001550436019897461
5539,0.0022737979888916016,0.003429889678955078,0.0014955997467041016
5540,0.0024566650390625,0.003772735595703125,0.0015625953674316406
5541,0.0024268627166748047,0.0037419795989990234,0.0017323493957519531
5542,0.002238750457763672,0.004340171813964844,0.001485586166381836
5543,0.0020003318786621094,0.0034151077270507812,0.0014693737030029297
5544,0.002316713333129883,0.0039768218994140625,0.0014510154724121094
5545,0.0020656585693359375,0.003825664520263672,0.0014808177947998047
5546,0.002383708953857422,0.0037851333618164062,0.0014007091522216797
5547,0.0021975040435791016,0.0036547183990478516,0.0014863014221191406
5548,0.002235889434814453,0.003973722457885742,0.0015506744384765625
5549,0.002303600311279297,0.003871440887451172,0.0015134811401367188
5550,0.0023937225341796875,0.00400543212890625,0.0015578269958496094
5551,0.002553701400756836,0.0040209293365478516,0.0019431114196777344
5552,0.002483844757080078,0.0042498111724853516,0.0017673969268798828
5553,0.0023894309997558594,0.003793001174926758,0.0015263557434082031
5554,0.0023794174194335938,0.003724813461303711,0.0015430450439453125
5555,0.0022993087768554688,0.003926753997802734,0.0014920234680175781
5556,0.002360105514526367,0.003766298294067383,0.0015404224395751953
5557,0.002313375473022461,0.003862619400024414,0.0014357566833496094
5558,0.002027273178100586,0.0035119056701660156,0.0014812946319580078
5559,0.002243518829345703,0.0035583972930908203,0.0014739036560058594
5560,0.0020868778228759766,0.004907846450805664,0.0015511512756347656
5561,0.002590179443359375,0.004099607467651367,0.0015528202056884766
5562,0.0022454261779785156,0.004351377487182617,0.0017077922821044922
5563,0.0024051666259765625,0.0040509700775146484,0.0014717578887939453
5564,0.0021195411682128906,0.00419306755065918,0.0016045570373535156
5565,0.0024645328521728516,0.003961086273193359,0.001569986343383789
5566,0.002277374267578125,0.00426936149597168,0.0015833377838134766
5567,0.0024271011352539062,0.0036270618438720703,0.0015645027160644531
5568,0.002000570297241211,0.0036058425903320312,0.0015556812286376953
5569,0.002349376678466797,0.004873991012573242,0.001659393310546875
5570,0.002184629440307617,0.004049777984619141,0.0014698505401611328
5571,0.002502918243408203,0.003718852996826172,0.0015115737915039062
5572,0.0022115707397460938,0.004763364791870117,0.0017442703247070312
5573,0.0023550987243652344,0.004210472106933594,0.0014293193817138672
5574,0.0022008419036865234,0.003798961639404297,0.0015821456909179688
5575,0.0023627281188964844,0.003710031509399414,0.0015475749969482422
5576,0.002115964889526367,0.003953456878662109,0.0015881061553955078
5577,0.002373933792114258,0.0038733482360839844,0.0015549659729003906
5578,0.002111196517944336,0.0040585994720458984,0.0014810562133789062
5579,0.0023965835571289062,0.003635883331298828,0.0015170574188232422
5580,0.0021982192993164062,0.003802061080932617,0.0015416145324707031
5581,0.0025146007537841797,0.0036628246307373047,0.0014269351959228516
5582,0.0023279190063476562,0.004201650619506836,0.0014660358428955078
5583,0.002415180206298828,0.003596067428588867,0.0017108917236328125
5584,0.002368927001953125,0.004012107849121094,0.0014750957489013672
5585,0.002418994903564453,0.003614187240600586,0.001514434814453125
5586,0.0023148059844970703,0.0036559104919433594,0.0016047954559326172
5587,0.0022606849670410156,0.0035517215728759766,0.0016434192657470703
5588,0.002262592315673828,0.004378318786621094,0.0014789104461669922
5589,0.0023391246795654297,0.003770589828491211,0.0015032291412353516
5590,0.002207040786743164,0.00408625602722168,0.0015149116516113281
5591,0.0025665760040283203,0.004436969757080078,0.0014832019805908203
5592,0.002137422561645508,0.004113435745239258,0.00154876708984375
5593,0.002360105514526367,0.004621028900146484,0.0017483234405517578
5594,0.002287626266479492,0.00589442253112793,0.0014672279357910156
5595,0.0024864673614501953,0.005120277404785156,0.0014548301696777344
5596,0.002151012420654297,0.003514528274536133,0.0015194416046142578
5597,0.0022766590118408203,0.0038437843322753906,0.00154876708984375
5598,0.002293109893798828,0.003812551498413086,0.001565694808959961
5599,0.0022737979888916016,0.004880428314208984,0.0015532970428466797
5600,0.0023741722106933594,0.004271268844604492,0.0014960765838623047
5601,0.002656698226928711,0.003980159759521484,0.0014622211456298828
5602,0.002340555191040039,0.004338264465332031,0.0015163421630859375
5603,0.002401590347290039,0.004111766815185547,0.001413583755493164
5604,0.0022673606872558594,0.0034508705139160156,0.001680612564086914
5605,0.00228118896484375,0.004034280776977539,0.0014431476593017578
5606,0.0021369457244873047,0.0038268566131591797,0.001466512680053711
5607,0.002332448959350586,0.0046312808990478516,0.0014460086822509766
5608,0.0021352767944335938,0.0038950443267822266,0.0014331340789794922
5609,0.002340078353881836,0.004421234130859375,0.0015311241149902344
5610,0.0021505355834960938,0.0042269229888916016,0.0014688968658447266
5611,0.002418041229248047,0.004268169403076172,0.001470327377319336
5612,0.0021185874938964844,0.004388332366943359,0.0015513896942138672
5613,0.002396821975708008,0.004250049591064453,0.002412557601928711
5614,0.0021038055419921875,0.004163026809692383,0.0032265186309814453
5615,0.0023360252380371094,0.0038979053497314453,0.0026159286499023438
5616,0.0021796226501464844,0.003961801528930664,0.002135038375854492
5617,0.0022847652435302734,0.004243135452270508,0.001455545425415039
5618,0.002251148223876953,0.003854990005493164,0.0014965534210205078
5619,0.002416372299194336,0.003745555877685547,0.0015234947204589844
5620,0.002267122268676758,0.0037648677825927734,0.0014791488647460938
5621,0.002729654312133789,0.0040128231048583984,0.0016837120056152344
5622,0.0023746490478515625,0.00397944450378418,0.0015366077423095703
5623,0.002269744873046875,0.004129886627197266,0.0015823841094970703
5624,0.002385854721069336,0.0036859512329101562,0.0015625953674316406
5625,0.002030611038208008,0.003885030746459961,0.0017795562744140625
5626,0.0022125244140625,0.003674030303955078,0.0015354156494140625
5627,0.00213623046875,0.003685474395751953,0.0015110969543457031
5628,0.002393960952758789,0.0043866634368896484,0.0013918876647949219
5629,0.0022895336151123047,0.0040225982666015625,0.0015614032745361328
5630,0.002396106719970703,0.004415750503540039,0.0014739036560058594
5631,0.002487659454345703,0.0046079158782958984,0.0014896392822265625
5632,0.0022890567779541016,0.004029273986816406,0.0014567375183105469
5633,0.0021936893463134766,0.004018545150756836,0.0014367103576660156
5634,0.002363443374633789,0.004774332046508789,0.0015261173248291016
5635,0.0022292137145996094,0.0041539669036865234,0.0048635005950927734
5636,0.0023345947265625,0.004123687744140625,0.0024595260620117188
5637,0.0021877288818359375,0.004319190979003906,0.0018987655639648438
5638,0.002287149429321289,0.00394749641418457,0.0017871856689453125
5639,0.0021996498107910156,0.0038826465606689453,0.0017766952514648438
5640,0.0024564266204833984,0.003753185272216797,0.0018434524536132812
5641,0.002435445785522461,0.003871440887451172,0.0016787052154541016
5642,0.0024263858795166016,0.00397491455078125,0.001434326171875
5643,0.002187967300415039,0.003943681716918945,0.0015094280242919922
5644,0.0023729801177978516,0.00380706787109375,0.0014562606811523438
5645,0.002199411392211914,0.003854513168334961,0.0014362335205078125
5646,0.0023686885833740234,0.0036728382110595703,0.0017273426055908203
5647,0.0021653175354003906,0.003887176513671875,0.0015628337860107422
5648,0.0024678707122802734,0.003793001174926758,0.0015327930450439453
5649,0.0021779537200927734,0.003999233245849609,0.0014808177947998047
5650,0.002359628677368164,0.0038526058197021484,0.0015301704406738281
5651,0.0022039413452148438,0.003863811492919922,0.0015857219696044922
5652,0.0021393299102783203,0.0041484832763671875,0.0015065670013427734
5653,0.0021533966064453125,0.003923654556274414,0.0013813972473144531
5654,0.0023293495178222656,0.003687620162963867,0.0014524459838867188
5655,0.0023469924926757812,0.004035472869873047,0.0017795562744140625
5656,0.002393960952758789,0.004036426544189453,0.0017261505126953125
5657,0.0022275447845458984,0.003735780715942383,0.0015006065368652344
5658,0.002318859100341797,0.004065990447998047,0.0015420913696289062
5659,0.002130270004272461,0.004092216491699219,0.0015459060668945312
5660,0.0024499893188476562,0.005244016647338867,0.0014739036560058594
5661,0.002457141876220703,0.003988742828369141,0.0015413761138916016
5662,0.002422809600830078,0.0045566558837890625,0.0014696121215820312
5663,0.002294778823852539,0.0037207603454589844,0.0016028881072998047
5664,0.002336740493774414,0.0037424564361572266,0.0015072822570800781
5665,0.002190113067626953,0.003868579864501953,0.0015060901641845703
5666,0.002326488494873047,0.003972291946411133,0.0018601417541503906
5667,0.0023038387298583984,0.003867626190185547,0.00717616081237793
5668,0.002417325973510742,0.004037141799926758,0.0019335746765136719
5669,0.002272367477416992,0.00469660758972168,0.0018045902252197266
5670,0.002195596694946289,0.003916740417480469,0.0016562938690185547
5671,0.0025246143341064453,0.0043790340423583984,0.0015230178833007812
5672,0.0023279190063476562,0.004491329193115234,0.0016968250274658203
5673,0.0021910667419433594,0.004093647003173828,0.0017650127410888672
5674,0.002431631088256836,0.005222797393798828,0.001725912094116211
5675,0.0022268295288085938,0.00497126579284668,0.0017018318176269531
5676,0.002348184585571289,0.004423379898071289,0.0015230178833007812
5677,0.002143383026123047,0.0043146610260009766,0.0018069744110107422
5678,0.0024411678314208984,0.004229545593261719,0.0015387535095214844
5679,0.002292156219482422,0.004069328308105469,0.001432657241821289
5680,0.0024330615997314453,0.00428318977355957,0.0015363693237304688
5681,0.0024733543395996094,0.0036454200744628906,0.0014767646789550781
5682,0.002390623092651367,0.004065513610839844,0.0014903545379638672
5683,0.0021698474884033203,0.003893136978149414,0.0015642642974853516
5684,0.0023958683013916016,0.004063129425048828,0.0014698505401611328
5685,0.0023713111877441406,0.0036733150482177734,0.0014886856079101562
5686,0.0021789073944091797,0.0039348602294921875,0.001583099365234375
5687,0.0024261474609375,0.003944873809814453,0.0015327930450439453
5688,0.0022563934326171875,0.004143953323364258,0.0018115043640136719
5689,0.002308368682861328,0.0039327144622802734,0.0018229484558105469
5690,0.0022542476654052734,0.0041370391845703125,0.0016584396362304688
5691,0.0025620460510253906,0.003712177276611328,0.0016469955444335938
5692,0.002187490463256836,0.00429081916809082,0.0015015602111816406
5693,0.0023140907287597656,0.005016326904296875,0.001444101333618164
5694,0.002179861068725586,0.005380392074584961,0.001455545425415039
5695,0.002348184585571289,0.004264116287231445,0.0015764236450195312
5696,0.0022046566009521484,0.004202365875244141,0.0015239715576171875
5697,0.002410411834716797,0.0036971569061279297,0.0015187263488769531
5698,0.0023584365844726562,0.003873586654663086,0.0018069744110107422
5699,0.0024373531341552734,0.0038657188415527344,0.0015761852264404297
5700,0.00226593017578125,0.004094123840332031,0.0015952587127685547
5701,0.002636432647705078,0.0038084983825683594,0.0015406608581542969
5702,0.0021381378173828125,0.0041692256927490234,0.0015361309051513672
5703,0.0022840499877929688,0.003668546676635742,0.0014998912811279297
5704,0.002260923385620117,0.003941059112548828,0.0014443397521972656
5705,0.0024385452270507812,0.003706216812133789,0.0014867782592773438
5706,0.002207517623901367,0.003598928451538086,0.0015211105346679688
5707,0.0024175643920898438,0.003572225570678711,0.0015072822570800781
5708,0.002131938934326172,0.004139900207519531,0.0014863014221191406
5709,0.002299070358276367,0.004002571105957031,0.001734018325805664
5710,0.0021560192108154297,0.003985166549682617,0.0015377998352050781
5711,0.002681732177734375,0.003745555877685547,0.0015156269073486328
5712,0.002311229705810547,0.004192829132080078,0.0015461444854736328
5713,0.0023849010467529297,0.003865957260131836,0.0015366077423095703
5714,0.0023026466369628906,0.00397491455078125,0.001523733139038086
5715,0.0024945735931396484,0.0036268234252929688,0.0014595985412597656
5716,0.002185344696044922,0.004004001617431641,0.0015134811401367188
5717,0.0024907588958740234,0.0049288272857666016,0.0015568733215332031
5718,0.002122640609741211,0.0038366317749023438,0.0015101432800292969
5719,0.002382516860961914,0.004520893096923828,0.0016717910766601562
5720,0.002155303955078125,0.0040874481201171875,0.001542806625366211
5721,0.0025348663330078125,0.004228353500366211,0.0015816688537597656
5722,0.002242565155029297,0.004029035568237305,0.001428365707397461
5723,0.002444744110107422,0.003941535949707031,0.0014240741729736328
5724,0.002279043197631836,0.0038213729858398438,0.0017902851104736328
5725,0.0023012161254882812,0.003803253173828125,0.001558542251586914
5726,0.002258777618408203,0.0038633346557617188,0.0015256404876708984
5727,0.002470254898071289,0.00400543212890625,0.0015497207641601562
5728,0.002226114273071289,0.003828763961791992,0.0015158653259277344
5729,0.002451658248901367,0.003805875778198242,0.0015685558319091797
5730,0.0022416114807128906,0.003493785858154297,0.0017063617706298828
5731,0.002595663070678711,0.0037736892700195312,0.0014410018920898438
5732,0.0023467540740966797,0.004204750061035156,0.0014798641204833984
5733,0.0022237300872802734,0.0041158199310302734,0.0014681816101074219
5734,0.0021424293518066406,0.0035991668701171875,0.0015125274658203125
5735,0.002320528030395508,0.003809690475463867,0.0014503002166748047
5736,0.0022013187408447266,0.00362396240234375,0.0014865398406982422
5737,0.0023126602172851562,0.003984928131103516,0.0015823841094970703
5738,0.0021278858184814453,0.003827810287475586,0.0014586448669433594
5739,0.002410411834716797,0.0039784908294677734,0.0015516281127929688
5740,0.002227783203125,0.003718852996826172,0.0017368793487548828
5741,0.0025866031646728516,0.003937721252441406,0.0014791488647460938
5742,0.002173900604248047,0.0048749446868896484,0.0015244483947753906
5743,0.002246856689453125,0.0039920806884765625,0.0014972686767578125
5744,0.0020995140075683594,0.0041277408599853516,0.001542806625366211
5745,0.0022869110107421875,0.0042858123779296875,0.0015256404876708984
5746,0.0021338462829589844,0.004288196563720703,0.0014829635620117188
5747,0.002315044403076172,0.004374027252197266,0.0015628337860107422
5748,0.0023183822631835938,0.005172014236450195,0.0016016960144042969
5749,0.0023758411407470703,0.011203765869140625,0.0015330314636230469
5750,0.0023801326751708984,0.0073413848876953125,0.0015327930450439453
5751,0.002385854721069336,0.006692171096801758,0.001749277114868164
5752,0.002352476119995117,0.003881216049194336,0.0015497207641601562
5753,0.0022258758544921875,0.00415349006652832,0.0015044212341308594
5754,0.002226114273071289,0.004384756088256836,0.0015077590942382812
5755,0.002047300338745117,0.004419088363647461,0.001567840576171875
5756,0.002302408218383789,0.0033719539642333984,0.0014922618865966797
5757,0.002074003219604492,0.003831148147583008,0.00146484375
5758,0.002341747283935547,0.003764629364013672,0.0017600059509277344
5759,0.002201557159423828,0.003749847412109375,0.0015454292297363281
5760,0.0022640228271484375,0.003685474395751953,0.0016062259674072266
5761,0.002443075180053711,0.0043790340423583984,0.0018227100372314453
5762,0.0024521350860595703,0.0044252872467041016,0.0015575885772705078
5763,0.0021169185638427734,0.004132509231567383,0.001514434814453125
5764,0.0023071765899658203,0.0037348270416259766,0.0015254020690917969
5765,0.00231170654296875,0.003972291946411133,0.0014505386352539062
5766,0.0023889541625976562,0.003800630569458008,0.0014972686767578125
5767,0.002157926559448242,0.004063129425048828,0.0014836788177490234
5768,0.0024073123931884766,0.0038404464721679688,0.0014319419860839844
5769,0.0023186206817626953,0.003892660140991211,0.0015103816986083984
5770,0.0023174285888671875,0.004301309585571289,0.0015265941619873047
5771,0.002352476119995117,0.0065250396728515625,0.0015530586242675781
5772,0.0021924972534179688,0.0052716732025146484,0.0016787052154541016
5773,0.002039194107055664,0.003538370132446289,0.0014717578887939453
5774,0.002264738082885742,0.0033838748931884766,0.0014464855194091797
5775,0.0022580623626708984,0.00421452522277832,0.001543283462524414
5776,0.002421140670776367,0.004106760025024414,0.0015125274658203125
5777,0.0022325515747070312,0.003926277160644531,0.0014965534210205078
5778,0.0024428367614746094,0.0037093162536621094,0.0015735626220703125
5779,0.002135753631591797,0.003931283950805664,0.0022382736206054688
5780,0.0024220943450927734,0.0037627220153808594,0.002773761749267578
5781,0.002306222915649414,0.003939628601074219,0.002292156219482422
5782,0.0022249221801757812,0.004252433776855469,0.002173185348510742
5783,0.0020494461059570312,0.003963947296142578,0.0017001628875732422
5784,0.0022122859954833984,0.0050313472747802734,0.0017261505126953125
5785,0.0020401477813720703,0.004152059555053711,0.0016701221466064453
5786,0.0023603439331054688,0.004043102264404297,0.0016703605651855469
5787,0.0021882057189941406,0.00404810905456543,0.001523733139038086
5788,0.0022928714752197266,0.0037763118743896484,0.001604318618774414
5789,0.002214193344116211,0.0049419403076171875,0.0014507770538330078
5790,0.0022139549255371094,0.005011081695556641,0.0014553070068359375
5791,0.0025293827056884766,0.004109382629394531,0.0015091896057128906
5792,0.0024831295013427734,0.004477500915527344,0.003810405731201172
5793,0.0023593902587890625,0.003858804702758789,0.002017498016357422
5794,0.002422332763671875,0.004073381423950195,0.0016510486602783203
5795,0.002290964126586914,0.004811525344848633,0.0037894248962402344
5796,0.002432107925415039,0.0059871673583984375,0.003983259201049805
5797,0.0021011829376220703,0.004001140594482422,0.004595518112182617
5798,0.002325773239135742,0.002721548080444336,0.0044786930084228516
5799,0.001997709274291992,0.002751588821411133,0.003392457962036133
5800,0.0022881031036376953,0.0030128955841064453,0.0030307769775390625
5801,0.0023040771484375,0.002644777297973633,0.0032389163970947266
5802,0.0024335384368896484,0.0026018619537353516,0.0032279491424560547
5803,0.002236604690551758,0.002253293991088867,0.003721952438354492
5804,0.0033600330352783203,0.002277851104736328,0.0028820037841796875
5805,0.004229307174682617,0.002184152603149414,0.0048046112060546875
5806,0.0027158260345458984,0.002489805221557617,0.004106760025024414
5807,0.0025424957275390625,0.0022153854370117188,0.003345489501953125
5808,0.0026140213012695312,0.0023145675659179688,0.0036177635192871094
5809,0.001994609832763672,0.002161264419555664,0.003579854965209961
5810,0.0022025108337402344,0.002360820770263672,0.0032486915588378906
5811,0.0021779537200927734,0.002172708511352539,0.003033876419067383
5812,0.002170085906982422,0.002727985382080078,0.0029702186584472656
5813,0.0022013187408447266,0.002353668212890625,0.0029935836791992188
5814,0.002325296401977539,0.002395153045654297,0.0032584667205810547
5815,0.0023908615112304688,0.0024187564849853516,0.002975940704345703
5816,0.002231597900390625,0.002488851547241211,0.0038585662841796875
5817,0.0022051334381103516,0.0023453235626220703,0.003521442413330078
5818,0.002055644989013672,0.0025153160095214844,0.0029363632202148438
5819,0.002382993698120117,0.0023059844970703125,0.0037779808044433594
5820,0.002137422561645508,0.0023565292358398438,0.003911018371582031
5821,0.002512216567993164,0.004283905029296875,0.0037322044372558594
5822,0.0022449493408203125,0.0028314590454101562,0.003152608871459961
5823,0.002314329147338867,0.0034286975860595703,0.002981424331665039
5824,0.002096891403198242,0.005297660827636719,0.0029494762420654297
5825,0.002311229705810547,0.004213571548461914,0.0028722286224365234
5826,0.0020799636840820312,0.005326747894287109,0.0030472278594970703
5827,0.0023381710052490234,0.005331516265869141,0.003244638442993164
5828,0.002414703369140625,0.003989458084106445,0.002947092056274414
5829,0.002415180206298828,0.004235982894897461,0.002978801727294922
5830,0.0022606849670410156,0.0044097900390625,0.0038313865661621094
5831,0.002603292465209961,0.0040662288665771484,0.0031561851501464844
5832,0.002196788787841797,0.0042917728424072266,0.0031638145446777344
5833,0.0023038387298583984,0.0038132667541503906,0.003150463104248047
5834,0.002195119857788086,0.003949403762817383,0.0029134750366210938
5835,0.0023555755615234375,0.0038712024688720703,0.004547119140625
5836,0.002164602279663086,0.0037882328033447266,0.003401041030883789
5837,0.0022699832916259766,0.004580497741699219,0.0032362937927246094
5838,0.0019428730010986328,0.004044771194458008,0.0029964447021484375
5839,0.0021545886993408203,0.00395512580871582,0.003354310989379883
5840,0.002237558364868164,0.004293918609619141,0.003597259521484375
5841,0.002396106719970703,0.004251718521118164,0.003397226333618164
5842,0.002252817153930664,0.004961490631103516,0.004521846771240234
5843,0.0023224353790283203,0.004019498825073242,0.003103494644165039
5844,0.002054929733276367,0.004230022430419922,0.004262447357177734
5845,0.0022513866424560547,0.0050280094146728516,0.003713846206665039
5846,0.0022187232971191406,0.0039098262786865234,0.0034759044647216797
5847,0.0023071765899658203,0.0038688182830810547,0.0031328201293945312
5848,0.002141714096069336,0.0049304962158203125,0.0030717849731445312
5849,0.0023734569549560547,0.003955364227294922,0.0031244754791259766
5850,0.002217531204223633,0.004445791244506836,0.0033016204833984375
5851,0.0024743080139160156,0.0039217472076416016,0.0032885074615478516
5852,0.0022735595703125,0.0047719478607177734,0.0031669139862060547
5853,0.002258777618408203,0.003889799118041992,0.003177642822265625
5854,0.0021195411682128906,0.0039632320404052734,0.003010272979736328
5855,0.0023326873779296875,0.0040378570556640625,0.003016948699951172
5856,0.0022318363189697266,0.0038907527923583984,0.0030689239501953125
5857,0.002267122268676758,0.0039010047912597656,0.0038819313049316406
5858,0.0021867752075195312,0.00395655632019043,0.0030405521392822266
5859,0.0023713111877441406,0.004032611846923828,0.003272533416748047
5860,0.002201080322265625,0.003837108612060547,0.003419160842895508
5861,0.0025718212127685547,0.0038383007049560547,0.003236532211303711
5862,0.0021474361419677734,0.0038394927978515625,0.004426717758178711
5863,0.002122163772583008,0.003898143768310547,0.002893686294555664
5864,0.002187490463256836,0.005305290222167969,0.003141641616821289
5865,0.0021085739135742188,0.007360696792602539,0.003335714340209961
5866,0.0021653175354003906,0.00420689582824707,0.003528118133544922
5867,0.002307415008544922,0.004038333892822266,0.0029871463775634766
5868,0.002178192138671875,0.0037653446197509766,0.0038237571716308594
5869,0.002225160598754883,0.0043985843658447266,0.0037097930908203125
5870,0.002171754837036133,0.004265546798706055,0.004695415496826172
5871,0.0024461746215820312,0.004182577133178711,0.0036678314208984375
5872,0.002190828323364258,0.004048824310302734,0.0029642581939697266
5873,0.00238037109375,0.004073143005371094,0.002740621566772461
5874,0.002218961715698242,0.0038576126098632812,0.0041468143463134766
5875,0.0023310184478759766,0.003968000411987305,0.003477811813354492
5876,0.0022301673889160156,0.0036742687225341797,0.0032498836517333984
5877,0.0024323463439941406,0.004076719284057617,0.0035398006439208984
5878,0.0021386146545410156,0.004167079925537109,0.003184080123901367
5879,0.002290964126586914,0.004705905914306641,0.0030868053436279297
5880,0.002283334732055664,0.005282163619995117,0.003104686737060547
5881,0.002512216567993164,0.003977537155151367,0.002946138381958008
5882,0.0025491714477539062,0.004063606262207031,0.002975940704345703
5883,0.0022292137145996094,0.005326509475708008,0.0030634403228759766
5884,0.002363920211791992,0.004126787185668945,0.002904176712036133
5885,0.0021440982818603516,0.004521846771240234,0.003870248794555664
5886,0.002259492874145508,0.004039287567138672,0.0032851696014404297
5887,0.0020024776458740234,0.004387855529785156,0.0037565231323242188
5888,0.00232696533203125,0.00357818603515625,0.0030472278594970703
5889,0.0022058486938476562,0.003759622573852539,0.002981901168823242
5890,0.0023374557495117188,0.004908323287963867,0.0029587745666503906
5891,0.002543210983276367,0.004996776580810547,0.0031180381774902344
5892,0.002251148223876953,0.006211996078491211,0.00310516357421875
5893,0.0021855831146240234,0.004209756851196289,0.002978801727294922
5894,0.002359628677368164,0.004062175750732422,0.003014087677001953
5895,0.002285480499267578,0.0037152767181396484,0.004169464111328125
5896,0.0024039745330810547,0.003648042678833008,0.003178834915161133
5897,0.0021905899047851562,0.004094839096069336,0.003118276596069336
5898,0.0022089481353759766,0.0041429996490478516,0.004568576812744141
5899,0.002211332321166992,0.00413823127746582,0.0033025741577148438
5900,0.002472400665283203,0.0036935806274414062,0.003452777862548828
5901,0.002452373504638672,0.003873586654663086,0.003351926803588867
5902,0.0023033618927001953,0.004327297210693359,0.003928422927856445
5903,0.002218961715698242,0.003969907760620117,0.004285097122192383
5904,0.0022432804107666016,0.0038721561431884766,0.004784345626831055
5905,0.0020966529846191406,0.004060983657836914,0.005184173583984375
5906,0.0022759437561035156,0.003557443618774414,0.004204988479614258
5907,0.0020720958709716797,0.0039081573486328125,0.003485441207885742
5908,0.002260446548461914,0.004620075225830078,0.0038068294525146484
5909,0.002277374267578125,0.004163026809692383,0.0029425621032714844
5910,0.0024068355560302734,0.004007577896118164,0.00415802001953125
5911,0.0024900436401367188,0.003946065902709961,0.0032148361206054688
5912,0.0023987293243408203,0.003947019577026367,0.003366708755493164
5913,0.0022101402282714844,0.004252433776855469,0.0034074783325195312
5914,0.002353668212890625,0.0039250850677490234,0.0038721561431884766
5915,0.0022139549255371094,0.0039098262786865234,0.0029113292694091797
5916,0.002223491668701172,0.003904104232788086,0.0037183761596679688
5917,0.0020720958709716797,0.003993511199951172,0.004518032073974609
5918,0.0023925304412841797,0.003769397735595703,0.0045719146728515625
5919,0.00199127197265625,0.0037789344787597656,0.005095481872558594
5920,0.002127408981323242,0.004791975021362305,0.0039708614349365234
5921,0.0023622512817382812,0.004578828811645508,0.003391742706298828
5922,0.002349376678466797,0.004370450973510742,0.0033044815063476562
5923,0.002153635025024414,0.004012346267700195,0.0030639171600341797
5924,0.0022797584533691406,0.004163503646850586,0.003131389617919922
5925,0.002031087875366211,0.003913402557373047,0.002925395965576172
5926,0.002349853515625,0.004169940948486328,0.003916501998901367
5927,0.002228260040283203,0.003949642181396484,0.003693103790283203
5928,0.002313375473022461,0.005084037780761719,0.003662109375
5929,0.002148151397705078,0.00490880012512207,0.003545045852661133
5930,0.0024220943450927734,0.003981113433837891,0.0034584999084472656
5931,0.0023784637451171875,0.005089521408081055,0.0037872791290283203
5932,0.0023682117462158203,0.004857063293457031,0.003283262252807617
5933,0.002292156219482422,0.004477500915527344,0.0032219886779785156
5934,0.002314329147338867,0.0059740543365478516,0.0030426979064941406
5935,0.002138853073120117,0.00531768798828125,0.003002166748046875
5936,0.0022563934326171875,0.0033712387084960938,0.0042340755462646484
5937,0.002247333526611328,0.003586292266845703,0.0033388137817382812
5938,0.0023856163024902344,0.004325151443481445,0.003197908401489258
5939,0.002218008041381836,0.004138469696044922,0.003035306930541992
5940,0.003209829330444336,0.0040340423583984375,0.003679990768432617
5941,0.004454612731933594,0.003912210464477539,0.0033178329467773438
5942,0.0030739307403564453,0.005261898040771484,0.0038242340087890625
5943,0.0028791427612304688,0.003984689712524414,0.003391742706298828
5944,0.0021975040435791016,0.004361391067504883,0.002752065658569336
5945,0.002383708953857422,0.00407099723815918,0.003133058547973633
5946,0.002020597457885742,0.004010915756225586,0.004239797592163086
5947,0.0023086071014404297,0.003763437271118164,0.00341796875
5948,0.002119302749633789,0.003891468048095703,0.003126382827758789
5949,0.002286195755004883,0.0034942626953125,0.003162860870361328
5950,0.002091646194458008,0.0036897659301757812,0.0033392906188964844
5951,0.002485513687133789,0.004842996597290039,0.0029900074005126953
5952,0.0022063255310058594,0.005285978317260742,0.004998207092285156
5953,0.0024433135986328125,0.0037839412689208984,0.0038793087005615234
5954,0.0022683143615722656,0.005059719085693359,0.0035698413848876953
5955,0.002354860305786133,0.004398345947265625,0.0031862258911132812
5956,0.0022568702697753906,0.004465818405151367,0.0030670166015625
5957,0.002420186996459961,0.004224300384521484,0.0029153823852539062
5958,0.002118825912475586,0.00407719612121582,0.002863168716430664
5959,0.0023927688598632812,0.0044896602630615234,0.002955198287963867
5960,0.0022754669189453125,0.004790544509887695,0.003046751022338867
5961,0.002457141876220703,0.003909587860107422,0.00407862663269043
5962,0.0022058486938476562,0.005270719528198242,0.005452632904052734
5963,0.0023314952850341797,0.00400853157043457,0.0056324005126953125
5964,0.0021419525146484375,0.003809690475463867,0.0042269229888916016
5965,0.0022788047790527344,0.0036864280700683594,0.0034246444702148438
5966,0.0021622180938720703,0.003993511199951172,0.003306150436401367
5967,0.0022885799407958984,0.0037136077880859375,0.0034530162811279297
5968,0.0020699501037597656,0.003707408905029297,0.0028209686279296875
5969,0.002313375473022461,0.0036749839782714844,0.002775907516479492
5970,0.00212860107421875,0.003815174102783203,0.002893209457397461
5971,0.0024576187133789062,0.0034117698669433594,0.004487514495849609
5972,0.002103567123413086,0.00416254997253418,0.0030982494354248047
5973,0.0022029876708984375,0.004507780075073242,0.0033080577850341797
5974,0.0021648406982421875,0.006359100341796875,0.003230571746826172
5975,0.002477884292602539,0.004498004913330078,0.0029222965240478516
5976,0.0022051334381103516,0.003688335418701172,0.004088878631591797
5977,0.0023424625396728516,0.003587007522583008,0.004033088684082031
5978,0.0022759437561035156,0.0042073726654052734,0.0034537315368652344
5979,0.00250244140625,0.0038738250732421875,0.0035943984985351562
5980,0.0022389888763427734,0.003931283950805664,0.003239870071411133
5981,0.002707242965698242,0.004434347152709961,0.002808094024658203
5982,0.0022592544555664062,0.004393815994262695,0.0030710697174072266
5983,0.0022840499877929688,0.004472494125366211,0.0028946399688720703
5984,0.002238750457763672,0.0044879913330078125,0.0039179325103759766
5985,0.002336263656616211,0.003673076629638672,0.0040340423583984375
5986,0.002327442169189453,0.004075050354003906,0.00399470329284668
5987,0.0026209354400634766,0.004800558090209961,0.003597736358642578
5988,0.0021848678588867188,0.005198001861572266,0.002856016159057617
5989,0.002323150634765625,0.0040874481201171875,0.002444744110107422
5990,0.002109527587890625,0.003632783889770508,0.001983642578125
5991,0.0026264190673828125,0.004049539566040039,0.002080202102661133
5992,0.002292633056640625,0.004184722900390625,0.001996278762817383
5993,0.00237274169921875,0.003793954849243164,0.001405954360961914
5994,0.002237558364868164,0.003845691680908203,0.0014727115631103516
5995,0.002254962921142578,0.003906965255737305,0.0014162063598632812
5996,0.0022385120391845703,0.0036346912384033203,0.0015006065368652344
5997,0.0024454593658447266,0.003809690475463867,0.0014128684997558594
5998,0.0022835731506347656,0.003790616989135742,0.001669168472290039
5999,0.002415895462036133,0.003918647766113281,0.0015141963958740234
6000,0.0021593570709228516,0.00529026985168457,0.0014443397521972656
6001,0.002573251724243164,0.00607609748840332,0.0015439987182617188
6002,0.0022029876708984375,0.005751848220825195,0.00148773193359375
6003,0.0023708343505859375,0.0047130584716796875,0.0017826557159423828
6004,0.0033025741577148438,0.004864215850830078,0.0015301704406738281
6005,0.004474163055419922,0.004754781723022461,0.0014793872833251953
6006,0.0024557113647460938,0.0051920413970947266,0.0015034675598144531
6007,0.0025756359100341797,0.004207611083984375,0.0016112327575683594
6008,0.0025472640991210938,0.003997325897216797,0.001539468765258789
6009,0.0022301673889160156,0.0039031505584716797,0.0016036033630371094
6010,0.0024154186248779297,0.0038275718688964844,0.0015184879302978516
6011,0.0023441314697265625,0.004362583160400391,0.0013971328735351562
6012,0.0023322105407714844,0.00443267822265625,0.0014748573303222656
6013,0.0020503997802734375,0.005127668380737305,0.0016529560089111328
6014,0.002434968948364258,0.00389862060546875,0.0015528202056884766
6015,0.0020902156829833984,0.004353046417236328,0.0015499591827392578
6016,0.002337217330932617,0.0043261051177978516,0.0014901161193847656
6017,0.0023221969604492188,0.003943204879760742,0.0014922618865966797
6018,0.00241851806640625,0.003615856170654297,0.0014643669128417969
6019,0.0023169517517089844,0.005118608474731445,0.0016262531280517578
6020,0.0024461746215820312,0.003990888595581055,0.0014247894287109375
6021,0.0025429725646972656,0.004579305648803711,0.0015304088592529297
6022,0.0023965835571289062,0.004363059997558594,0.0014460086822509766
6023,0.002318859100341797,0.003907918930053711,0.0015194416046142578
6024,0.0024671554565429688,0.0039014816284179688,0.0017466545104980469
6025,0.002335786819458008,0.004013538360595703,0.0016188621520996094
6026,0.0025441646575927734,0.0038366317749023438,0.0015087127685546875
6027,0.0022165775299072266,0.004069089889526367,0.0014324188232421875
6028,0.0023496150970458984,0.003619670867919922,0.0014276504516601562
6029,0.002335786819458008,0.003958940505981445,0.0015716552734375
6030,0.0021924972534179688,0.0037927627563476562,0.0014612674713134766
6031,0.0027136802673339844,0.003967761993408203,0.001474618911743164
6032,0.0025408267974853516,0.004304170608520508,0.0017099380493164062
6033,0.0022475719451904297,0.004126548767089844,0.0015265941619873047
6034,0.00229644775390625,0.0038573741912841797,0.0018782615661621094
6035,0.002182483673095703,0.003953218460083008,0.0030364990234375
6036,0.002245187759399414,0.003750324249267578,0.0016334056854248047
6037,0.0021567344665527344,0.003622293472290039,0.0015492439270019531
6038,0.0023097991943359375,0.0056231021881103516,0.0015497207641601562
6039,0.0022492408752441406,0.005231380462646484,0.0016322135925292969
6040,0.0023810863494873047,0.0042858123779296875,0.0016109943389892578
6041,0.0025353431701660156,0.004942178726196289,0.001592874526977539
6042,0.002471446990966797,0.006833553314208984,0.001476287841796875
6043,0.002245664596557617,0.006535768508911133,0.0013797283172607422
6044,0.0024633407592773438,0.003908634185791016,0.0014607906341552734
6045,0.0022935867309570312,0.004677772521972656,0.0017189979553222656
6046,0.00249481201171875,0.004933357238769531,0.0015540122985839844
6047,0.002299785614013672,0.006621599197387695,0.001501321792602539
6048,0.002427816390991211,0.003941059112548828,0.0015544891357421875
6049,0.0021398067474365234,0.0036363601684570312,0.0015079975128173828
6050,0.0023965835571289062,0.003554105758666992,0.0015492439270019531
6051,0.00243377685546875,0.003939628601074219,0.0015132427215576172
6052,0.0023431777954101562,0.005458831787109375,0.001497030258178711
6053,0.0021054744720458984,0.005589008331298828,0.001432657241821289
6054,0.0024166107177734375,0.00412297248840332,0.001390695571899414
6055,0.0020418167114257812,0.0038347244262695312,0.0017414093017578125
6056,0.0023565292358398438,0.003907203674316406,0.001443624496459961
6057,0.0021200180053710938,0.0038421154022216797,0.0014879703521728516
6058,0.002430438995361328,0.003811359405517578,0.0014781951904296875
6059,0.002264261245727539,0.0038247108459472656,0.0014243125915527344
6060,0.002402782440185547,0.004069805145263672,0.0014715194702148438
6061,0.0041997432708740234,0.003599405288696289,0.001483917236328125
6062,0.0051119327545166016,0.004125118255615234,0.0014722347259521484
6063,0.0040094852447509766,0.004521369934082031,0.0015649795532226562
6064,0.0022585391998291016,0.006172657012939453,0.0014765262603759766
6065,0.0021865367889404297,0.0038399696350097656,0.0015411376953125
6066,0.002260923385620117,0.004804372787475586,0.0017018318176269531
6067,0.002148151397705078,0.005020856857299805,0.0017571449279785156
6068,0.002628803253173828,0.003962993621826172,0.0014967918395996094
6069,0.002159595489501953,0.003698587417602539,0.0015447139739990234
6070,0.002516031265258789,0.00417017936706543,0.0015604496002197266
6071,0.0025298595428466797,0.0038726329803466797,0.0014481544494628906
6072,0.0024919509887695312,0.004286527633666992,0.0015366077423095703
6073,0.0024831295013427734,0.0044422149658203125,0.0015358924865722656
6074,0.002312898635864258,0.006140232086181641,0.0015864372253417969
6075,0.002257108688354492,0.005201578140258789,0.0015518665313720703
6076,0.002279520034790039,0.0036482810974121094,0.0016987323760986328
6077,0.002321481704711914,0.003534078598022461,0.0015175342559814453
6078,0.002135753631591797,0.00413203239440918,0.0015249252319335938
6079,0.002416372299194336,0.003928184509277344,0.0015101432800292969
6080,0.002378225326538086,0.003953456878662109,0.0014946460723876953
6081,0.002626657485961914,0.0036363601684570312,0.0015053749084472656
6082,0.002240896224975586,0.004271507263183594,0.0014214515686035156
6083,0.0022933483123779297,0.0037746429443359375,0.0014848709106445312
6084,0.0020096302032470703,0.003945827484130859,0.0015158653259277344
6085,0.0022268295288085938,0.003916263580322266,0.0014400482177734375
6086,0.002293109893798828,0.004073619842529297,0.0014903545379638672
6087,0.0026209354400634766,0.003788471221923828,0.001645803451538086
6088,0.00222015380859375,0.00547337532043457,0.001508951187133789
6089,0.0025746822357177734,0.004429340362548828,0.0014913082122802734
6090,0.0022416114807128906,0.005129575729370117,0.0015211105346679688
6091,0.0026197433471679688,0.005938291549682617,0.0014576911926269531
6092,0.0021262168884277344,0.005452871322631836,0.0014171600341796875
6093,0.0024759769439697266,0.0039615631103515625,0.0014789104461669922
6094,0.0022237300872802734,0.00353240966796875,0.0014793872833251953
6095,0.002477407455444336,0.003928422927856445,0.001455068588256836
6096,0.0021479129791259766,0.0042574405670166016,0.0015208721160888672
6097,0.002351999282836914,0.004009723663330078,0.0017175674438476562
6098,0.0022003650665283203,0.004120826721191406,0.0015277862548828125
6099,0.0022950172424316406,0.003607511520385742,0.0014421939849853516
6100,0.0021584033966064453,0.004857540130615234,0.0014736652374267578
6101,0.0026040077209472656,0.004372835159301758,0.0016579627990722656
6102,0.0022416114807128906,0.004877567291259766,0.0014753341674804688
6103,0.0025038719177246094,0.003585338592529297,0.0014042854309082031
6104,0.0023555755615234375,0.0037953853607177734,0.0015301704406738281
6105,0.002421140670776367,0.0036842823028564453,0.0014476776123046875
6106,0.002256631851196289,0.0037674903869628906,0.0014293193817138672
6107,0.0024144649505615234,0.0037217140197753906,0.0015146732330322266
6108,0.002042055130004883,0.0036325454711914062,0.0017201900482177734
6109,0.0022859573364257812,0.004619121551513672,0.0014824867248535156
6110,0.0020825862884521484,0.005550384521484375,0.0014677047729492188
6111,0.002360105514526367,0.004157543182373047,0.0014791488647460938
6112,0.0021491050720214844,0.004483699798583984,0.0014696121215820312
6113,0.0025665760040283203,0.004864931106567383,0.0014834403991699219
6114,0.0022559165954589844,0.004286527633666992,0.001481771469116211
6115,0.0023539066314697266,0.00470423698425293,0.0015254020690917969
6116,0.002414703369140625,0.006650686264038086,0.0015048980712890625
6117,0.0024132728576660156,0.0042836666107177734,0.00151824951171875
6118,0.0022323131561279297,0.0035364627838134766,0.0018222332000732422
6119,0.002393960952758789,0.003458261489868164,0.0014984607696533203
6120,0.002217531204223633,0.0038368701934814453,0.0015523433685302734
6121,0.0026197433471679688,0.004825115203857422,0.0014696121215820312
6122,0.002331256866455078,0.005605459213256836,0.0014774799346923828
6123,0.002310037612915039,0.004038572311401367,0.001512289047241211
6124,0.0022895336151123047,0.003874540328979492,0.00147247314453125
6125,0.0024213790893554688,0.0048067569732666016,0.0014667510986328125
6126,0.0022003650665283203,0.003847837448120117,0.001401662826538086
6127,0.0023643970489501953,0.005121946334838867,0.0014853477478027344
6128,0.002267599105834961,0.006085634231567383,0.001622915267944336
6129,0.002324342727661133,0.005641460418701172,0.0017230510711669922
6130,0.002215862274169922,0.003751516342163086,0.0014891624450683594
6131,0.002451658248901367,0.00488591194152832,0.0015404224395751953
6132,0.0021898746490478516,0.006028413772583008,0.0014231204986572266
6133,0.002253293991088867,0.004687070846557617,0.0014472007751464844
6134,0.0021610260009765625,0.004281044006347656,0.0015003681182861328
6135,0.0023386478424072266,0.004132270812988281,0.0014176368713378906
6136,0.002277851104736328,0.005505561828613281,0.001706838607788086
6137,0.002215862274169922,0.005484819412231445,0.0014717578887939453
6138,0.002268075942993164,0.0055103302001953125,0.0014891624450683594
6139,0.002185344696044922,0.004287004470825195,0.0016100406646728516
6140,0.0023849010467529297,0.003620624542236328,0.0014369487762451172
6141,0.0024814605712890625,0.0041964054107666016,0.0014171600341796875
6142,0.0023283958435058594,0.004540443420410156,0.001463174819946289
6143,0.002213716506958008,0.004012107849121094,0.0014536380767822266
6144,0.0023474693298339844,0.0036745071411132812,0.0015032291412353516
6145,0.0022077560424804688,0.005093812942504883,0.0015823841094970703
6146,0.0023827552795410156,0.005005836486816406,0.0014650821685791016
6147,0.0020728111267089844,0.004591464996337891,0.0015454292297363281
6148,0.0024764537811279297,0.003877878189086914,0.001482248306274414
6149,0.0023713111877441406,0.004250526428222656,0.001508951187133789
6150,0.002353191375732422,0.0036504268646240234,0.0017559528350830078
6151,0.002718687057495117,0.005284547805786133,0.0015227794647216797
6152,0.0025734901428222656,0.005552768707275391,0.0015363693237304688
6153,0.0022552013397216797,0.004177570343017578,0.0015637874603271484
6154,0.002467632293701172,0.0036139488220214844,0.0015325546264648438
6155,0.0022628307342529297,0.0038247108459472656,0.0014772415161132812
6156,0.0022966861724853516,0.004016876220703125,0.0014925003051757812
6157,0.002170562744140625,0.004012584686279297,0.0014801025390625
6158,0.0022687911987304688,0.0036029815673828125,0.0014557838439941406
6159,0.00218963623046875,0.00377655029296875,0.0014638900756835938
6160,0.002406597137451172,0.0036101341247558594,0.0017104148864746094
6161,0.0024840831756591797,0.0037620067596435547,0.0015614032745361328
6162,0.0024704933166503906,0.0040013790130615234,0.0014851093292236328
6163,0.0021622180938720703,0.004161834716796875,0.0015358924865722656
6164,0.0022783279418945312,0.004039287567138672,0.0015082359313964844
6165,0.002171039581298828,0.003945350646972656,0.0015769004821777344
6166,0.0024254322052001953,0.0038144588470458984,0.0014712810516357422
6167,0.0021505355834960938,0.005071878433227539,0.0014195442199707031
6168,0.0022437572479248047,0.004816293716430664,0.0014662742614746094
6169,0.0028367042541503906,0.0038836002349853516,0.0014650821685791016
6170,0.004359722137451172,0.003624439239501953,0.0017547607421875
6171,0.002744436264038086,0.004828691482543945,0.0016980171203613281
6172,0.0026998519897460938,0.004157066345214844,0.0014178752899169922
6173,0.002435922622680664,0.003920555114746094,0.0014235973358154297
6174,0.0025548934936523438,0.003981828689575195,0.0014798641204833984
6175,0.0022699832916259766,0.005063295364379883,0.0013918876647949219
6176,0.0024442672729492188,0.003916025161743164,0.0014071464538574219
6177,0.002072572708129883,0.004052639007568359,0.0014681816101074219
6178,0.002439737319946289,0.004873752593994141,0.0014824867248535156
6179,0.0020363330841064453,0.005671501159667969,0.0015170574188232422
6180,0.0023093223571777344,0.005180835723876953,0.0015103816986083984
6181,0.0023505687713623047,0.006493091583251953,0.0017223358154296875
6182,0.002358675003051758,0.006339550018310547,0.0015273094177246094
6183,0.002208709716796875,0.004050254821777344,0.0014958381652832031
6184,0.002440214157104492,0.003878355026245117,0.001425027847290039
6185,0.0022368431091308594,0.003943920135498047,0.0014851093292236328
6186,0.0024154186248779297,0.0038869380950927734,0.0014462471008300781
6187,0.0021724700927734375,0.004162311553955078,0.0014102458953857422
6188,0.0023882389068603516,0.005113124847412109,0.0015077590942382812
6189,0.0022597312927246094,0.00423121452331543,0.0014374256134033203
6190,0.0023250579833984375,0.004231452941894531,0.0013377666473388672
6191,0.0023643970489501953,0.0037415027618408203,0.0013904571533203125
6192,0.002397775650024414,0.004998207092285156,0.0016696453094482422
6193,0.002248048782348633,0.00474238395690918,0.0014078617095947266
6194,0.002426624298095703,0.004123210906982422,0.0014269351959228516
6195,0.0021963119506835938,0.003659486770629883,0.00148773193359375
6196,0.002292633056640625,0.0043299198150634766,0.0014946460723876953
6197,0.002313375473022461,0.003998517990112305,0.0015609264373779297
6198,0.0022580623626708984,0.003947257995605469,0.0014729499816894531
6199,0.0021202564239501953,0.0037593841552734375,0.0014965534210205078
6200,0.002307415008544922,0.0041179656982421875,0.00156402587890625
6201,0.0026068687438964844,0.0038497447967529297,0.0015864372253417969
6202,0.0021715164184570312,0.004272937774658203,0.001741647720336914
6203,0.0025224685668945312,0.003826618194580078,0.0014696121215820312
6204,0.002103567123413086,0.003767728805541992,0.001743316650390625
6205,0.0024390220642089844,0.0038306713104248047,0.0014736652374267578
6206,0.002185344696044922,0.004332780838012695,0.0015041828155517578
6207,0.0023767948150634766,0.004029512405395508,0.0014495849609375
6208,0.0022296905517578125,0.0036077499389648438,0.0014460086822509766
6209,0.0023658275604248047,0.0036191940307617188,0.0014786720275878906
6210,0.002281665802001953,0.003971576690673828,0.0015435218811035156
6211,0.0026199817657470703,0.003553628921508789,0.0014400482177734375
6212,0.002172231674194336,0.0039980411529541016,0.0014679431915283203
6213,0.002343416213989258,0.0037949085235595703,0.0017273426055908203
6214,0.002164602279663086,0.004081249237060547,0.001520395278930664
6215,0.002438068389892578,0.003777742385864258,0.0016560554504394531
6216,0.002286672592163086,0.0038843154907226562,0.0014858245849609375
6217,0.0023915767669677734,0.003856182098388672,0.0015175342559814453
6218,0.0020711421966552734,0.004097938537597656,0.0015430450439453125
6219,0.0022666454315185547,0.0038259029388427734,0.0014109611511230469
6220,0.0022683143615722656,0.0037751197814941406,0.0015325546264648438
6221,0.002725362777709961,0.0036821365356445312,0.0014553070068359375
6222,0.002229928970336914,0.0046308040618896484,0.0014684200286865234
6223,0.0023725032806396484,0.005277156829833984,0.0017478466033935547
6224,0.002212047576904297,0.005411624908447266,0.0015630722045898438
6225,0.002302885055541992,0.004630565643310547,0.0015387535095214844
6226,0.0021038055419921875,0.004885435104370117,0.0014736652374267578
6227,0.0024051666259765625,0.0038712024688720703,0.0015065670013427734
6228,0.0022063255310058594,0.00404047966003418,0.0015609264373779297
6229,0.002245187759399414,0.0038542747497558594,0.0014638900756835938
6230,0.0021927356719970703,0.0042018890380859375,0.0014977455139160156
6231,0.002578258514404297,0.0038132667541503906,0.0015082359313964844
6232,0.0022656917572021484,0.004471302032470703,0.001516103744506836
6233,0.002318143844604492,0.003622770309448242,0.0015399456024169922
6234,0.002297639846801758,0.003981351852416992,0.0017199516296386719
6235,0.002412080764770508,0.0038449764251708984,0.0014121532440185547
6236,0.002268075942993164,0.003805398941040039,0.0015056133270263672
6237,0.0024080276489257812,0.003888368606567383,0.0015459060668945312
6238,0.002183198928833008,0.004070281982421875,0.001371622085571289
6239,0.002242565155029297,0.0037903785705566406,0.0017201900482177734
6240,0.002179861068725586,0.003751516342163086,0.0014643669128417969
6241,0.0025157928466796875,0.003934144973754883,0.0014908313751220703
6242,0.0021414756774902344,0.004454374313354492,0.0016913414001464844
6243,0.002424955368041992,0.0039713382720947266,0.0014712810516357422
6244,0.0020797252655029297,0.0040242671966552734,0.001800537109375
6245,0.002310514450073242,0.003983736038208008,0.001497507095336914
6246,0.0020797252655029297,0.004063606262207031,0.0014994144439697266
6247,0.002308368682861328,0.003996610641479492,0.0014765262603759766
6248,0.0022096633911132812,0.0040416717529296875,0.0013759136199951172
6249,0.002309560775756836,0.004026889801025391,0.0014238357543945312
6250,0.002238035202026367,0.004109382629394531,0.0014464855194091797
6251,0.002568483352661133,0.0041103363037109375,0.0014700889587402344
6252,0.0022728443145751953,0.0042896270751953125,0.0015292167663574219
6253,0.0023093223571777344,0.004126548767089844,0.0015625953674316406
6254,0.002196788787841797,0.003815889358520508,0.0015749931335449219
6255,0.002572774887084961,0.003979682922363281,0.0017879009246826172
6256,0.0023374557495117188,0.003807544708251953,0.0014739036560058594
6257,0.002494335174560547,0.004002571105957031,0.0014901161193847656
6258,0.0021271705627441406,0.003650665283203125,0.0014386177062988281
6259,0.002393960952758789,0.004083871841430664,0.0014426708221435547
6260,0.0020971298217773438,0.003539562225341797,0.0014510154724121094
6261,0.0026764869689941406,0.003942966461181641,0.0014486312866210938
6262,0.002357959747314453,0.004534244537353516,0.0014240741729736328
6263,0.0025284290313720703,0.0043523311614990234,0.0015246868133544922
6264,0.0022835731506347656,0.00410151481628418,0.001493215560913086
6265,0.002305746078491211,0.003825664520263672,0.001703500747680664
6266,0.002318859100341797,0.0037207603454589844,0.0015406608581542969
6267,0.002183675765991211,0.0039403438568115234,0.0015666484832763672
6268,0.00220489501953125,0.00488591194152832,0.0014200210571289062
6269,0.0021605491638183594,0.00426173210144043,0.0015003681182861328
6270,0.002349853515625,0.004357576370239258,0.001520395278930664
6271,0.0027565956115722656,0.004431724548339844,0.0014519691467285156
6272,0.0024940967559814453,0.003930568695068359,0.0014476776123046875
6273,0.002202272415161133,0.003939390182495117,0.0016584396362304688
6274,0.0024716854095458984,0.003940582275390625,0.0015673637390136719
6275,0.0022439956665039062,0.004132986068725586,0.001514434814453125
6276,0.002361297607421875,0.004019975662231445,0.0017387866973876953
6277,0.002284526824951172,0.004870414733886719,0.0015225410461425781
6278,0.002393484115600586,0.00416254997253418,0.001577138900756836
6279,0.002204418182373047,0.004228830337524414,0.0015079975128173828
6280,0.0023670196533203125,0.00417017936706543,0.0014553070068359375
6281,0.0024619102478027344,0.0044097900390625,0.001355886459350586
6282,0.0024671554565429688,0.004121303558349609,0.0014371871948242188
6283,0.0021638870239257812,0.004196643829345703,0.0013899803161621094
6284,0.002501964569091797,0.002705812454223633,0.0013926029205322266
6285,0.002229452133178711,0.0027937889099121094,0.0014595985412597656
6286,0.0023033618927001953,0.002492189407348633,0.001809835433959961
6287,0.0021164417266845703,0.0025768280029296875,0.0015442371368408203
6288,0.0024449825286865234,0.00238037109375,0.0016095638275146484
6289,0.0021605491638183594,0.002569913864135742,0.0014944076538085938
6290,0.002321958541870117,0.0019834041595458984,0.0015559196472167969
6291,0.002460479736328125,0.002404451370239258,0.0015048980712890625
6292,0.0024755001068115234,0.002245664596557617,0.0014393329620361328
6293,0.0022525787353515625,0.0021936893463134766,0.0014495849609375
6294,0.002372264862060547,0.002051830291748047,0.0014681816101074219
6295,0.0021686553955078125,0.002309083938598633,0.0014369487762451172
6296,0.002418994903564453,0.0020766258239746094,0.0015456676483154297
6297,0.002177000045776367,0.002243518829345703,0.0016632080078125
6298,0.0023725032806396484,0.0020093917846679688,0.0015172958374023438
6299,0.0022535324096679688,0.0023245811462402344,0.001483917236328125
6300,0.0024003982543945312,0.002168416976928711,0.0015094280242919922
6301,0.002550840377807617,0.0024118423461914062,0.0014688968658447266
6302,0.0024542808532714844,0.0025033950805664062,0.0015375614166259766
6303,0.0022580623626708984,0.0023603439331054688,0.0014944076538085938
6304,0.0023834705352783203,0.002439737319946289,0.0014777183532714844
6305,0.0021750926971435547,0.0023767948150634766,0.0013964176177978516
6306,0.0023691654205322266,0.0022847652435302734,0.0014698505401611328
6307,0.002302408218383789,0.004580020904541016,0.002016782760620117
6308,0.0025277137756347656,0.0023927688598632812,0.0014808177947998047
6309,0.002301454544067383,0.0025446414947509766,0.0015265941619873047
6310,0.0023865699768066406,0.004823207855224609,0.0014719963073730469
6311,0.0023450851440429688,0.004685163497924805,0.0014417171478271484
6312,0.0022513866424560547,0.0049381256103515625,0.0014832019805908203
6313,0.0021126270294189453,0.0039920806884765625,0.0023031234741210938
6314,0.0022153854370117188,0.0036144256591796875,0.002666473388671875
6315,0.0022504329681396484,0.0042498111724853516,0.002134084701538086
6316,0.0024759769439697266,0.0038976669311523438,0.0020563602447509766
6317,0.0022656917572021484,0.003968954086303711,0.0020599365234375
6318,0.0023932456970214844,0.004021167755126953,0.0020437240600585938
6319,0.002234935760498047,0.004776477813720703,0.0015523433685302734
6320,0.002454042434692383,0.003935098648071289,0.00145721435546875
6321,0.0026259422302246094,0.004054546356201172,0.0013470649719238281
6322,0.0024149417877197266,0.0059757232666015625,0.0013768672943115234
6323,0.002323627471923828,0.006048679351806641,0.0014536380767822266
6324,0.002434253692626953,0.005247592926025391,0.0014410018920898438
6325,0.002239227294921875,0.0037298202514648438,0.0014579296112060547
6326,0.0023124217987060547,0.0037453174591064453,0.0015106201171875
6327,0.0021533966064453125,0.003783702850341797,0.0014712810516357422
6328,0.0023450851440429688,0.004270076751708984,0.0016872882843017578
6329,0.002289295196533203,0.004126071929931641,0.0014889240264892578
6330,0.002462148666381836,0.005164623260498047,0.0014758110046386719
6331,0.0025415420532226562,0.0039827823638916016,0.0015499591827392578
6332,0.0022618770599365234,0.004361629486083984,0.001421213150024414
6333,0.0023186206817626953,0.004484653472900391,0.0015139579772949219
6334,0.0021102428436279297,0.0046122074127197266,0.001512289047241211
6335,0.0024766921997070312,0.004322052001953125,0.0014500617980957031
6336,0.0024454593658447266,0.004081249237060547,0.0024929046630859375
6337,0.002396106719970703,0.0038459300994873047,0.003362894058227539
6338,0.002277374267578125,0.0040018558502197266,0.0031957626342773438
6339,0.002220630645751953,0.003789186477661133,0.003215789794921875
6340,0.002198934555053711,0.003996610641479492,0.00154876708984375
6341,0.0024573802947998047,0.003670215606689453,0.001644134521484375
6342,0.0022177696228027344,0.004593610763549805,0.0015377998352050781
6343,0.002283334732055664,0.004030942916870117,0.0013916492462158203
6344,0.002308368682861328,0.0038909912109375,0.0014832019805908203
6345,0.002352476119995117,0.0037751197814941406,0.0014863014221191406
6346,0.0023038387298583984,0.0037517547607421875,0.0015850067138671875
6347,0.0024018287658691406,0.003491640090942383,0.001495361328125
6348,0.002152681350708008,0.0037348270416259766,0.0014314651489257812
6349,0.0023212432861328125,0.0041620731353759766,0.0016491413116455078
6350,0.002245187759399414,0.004095315933227539,0.0015308856964111328
6351,0.0025386810302734375,0.003821849822998047,0.0014674663543701172
6352,0.002141714096069336,0.004166841506958008,0.001447439193725586
6353,0.0023827552795410156,0.0038604736328125,0.0015265941619873047
6354,0.0022525787353515625,0.003932476043701172,0.00151824951171875
6355,0.002336263656616211,0.003802061080932617,0.0014536380767822266
6356,0.0022029876708984375,0.004168987274169922,0.00153350830078125
6357,0.002340555191040039,0.0038368701934814453,0.0015306472778320312
6358,0.002117633819580078,0.004147768020629883,0.0015332698822021484
6359,0.0023086071014404297,0.0038433074951171875,0.0014674663543701172
6360,0.0022249221801757812,0.0043125152587890625,0.0017523765563964844
6361,0.0026247501373291016,0.0040111541748046875,0.0014934539794921875
6362,0.0023195743560791016,0.00441288948059082,0.0014662742614746094
6363,0.0024576187133789062,0.004629373550415039,0.001439809799194336
6364,0.0023145675659179688,0.005503177642822266,0.0014920234680175781
6365,0.0025374889373779297,0.004072904586791992,0.001430511474609375
6366,0.0020744800567626953,0.004396200180053711,0.0015273094177246094
6367,0.0024156570434570312,0.004060268402099609,0.0014126300811767578
6368,0.0022263526916503906,0.004101276397705078,0.0014820098876953125
6369,0.0026178359985351562,0.003905773162841797,0.0015590190887451172
6370,0.002334117889404297,0.003863811492919922,0.0017139911651611328
6371,0.002667665481567383,0.003822803497314453,0.0015270709991455078
6372,0.002311229705810547,0.00413203239440918,0.001558065414428711
6373,0.002325296401977539,0.003583669662475586,0.0015037059783935547
6374,0.002187967300415039,0.005163669586181641,0.0015175342559814453
6375,0.002360105514526367,0.004164934158325195,0.0015063285827636719
6376,0.002152681350708008,0.004261016845703125,0.0016622543334960938
6377,0.0023593902587890625,0.0038537979125976562,0.0015556812286376953
6378,0.002068042755126953,0.004421710968017578,0.0014414787292480469
6379,0.0022847652435302734,0.005437612533569336,0.0014824867248535156
6380,0.0021827220916748047,0.005506992340087891,0.0015234947204589844
6381,0.002564668655395508,0.004881620407104492,0.0017206668853759766
6382,0.0021514892578125,0.004472017288208008,0.0014858245849609375
6383,0.0023789405822753906,0.0040590763092041016,0.0013988018035888672
6384,0.002237081527709961,0.004309654235839844,0.0015063285827636719
6385,0.002301931381225586,0.00438690185546875,0.0015633106231689453
6386,0.002140522003173828,0.003808736801147461,0.0015201568603515625
6387,0.002338886260986328,0.004349470138549805,0.0015213489532470703
6388,0.0022287368774414062,0.004426002502441406,0.0014407634735107422
6389,0.0024039745330810547,0.005334615707397461,0.0015349388122558594
6390,0.0022530555725097656,0.004321098327636719,0.0015375614166259766
6391,0.0028917789459228516,0.003992557525634766,0.0016994476318359375
6392,0.0023071765899658203,0.005491018295288086,0.0014946460723876953
6393,0.002099275588989258,0.004415035247802734,0.0015375614166259766
6394,0.002246856689453125,0.0042188167572021484,0.0014586448669433594
6395,0.0022618770599365234,0.0040705204010009766,0.0015108585357666016
6396,0.002329111099243164,0.003731250762939453,0.0015115737915039062
6397,0.002119779586791992,0.0037963390350341797,0.0014445781707763672
6398,0.002329111099243164,0.004031181335449219,0.0014836788177490234
6399,0.0021665096282958984,0.0042536258697509766,0.0014986991882324219
6400,0.0022096633911132812,0.004505634307861328,0.0015330314636230469
6401,0.002445220947265625,0.004738569259643555,0.0015251636505126953
6402,0.002407073974609375,0.004004716873168945,0.0016422271728515625
6403,0.0022230148315429688,0.004718780517578125,0.0014834403991699219
6404,0.002483844757080078,0.005631685256958008,0.0014691352844238281
6405,0.0020885467529296875,0.004950523376464844,0.0014739036560058594
6406,0.002260446548461914,0.004778623580932617,0.0014870166778564453
6407,0.002185821533203125,0.004622459411621094,0.0015277862548828125
6408,0.0037283897399902344,0.0056133270263671875,0.0015149116516113281
6409,0.004434108734130859,0.004223823547363281,0.001440286636352539
6410,0.003947257995605469,0.003924131393432617,0.001665353775024414
6411,0.002334117889404297,0.005143880844116211,0.0015056133270263672
6412,0.002270221710205078,0.004709959030151367,0.0017099380493164062
6413,0.0021185874938964844,0.0038275718688964844,0.0015017986297607422
6414,0.002354145050048828,0.003983974456787109,0.0014576911926269531
6415,0.0030944347381591797,0.004118680953979492,0.0014510154724121094
6416,0.0051152706146240234,0.0037789344787597656,0.0013859272003173828
6417,0.0039539337158203125,0.004002571105957031,0.0014772415161132812
6418,0.0022225379943847656,0.0038275718688964844,0.0014548301696777344
6419,0.0021886825561523438,0.004099607467651367,0.0014569759368896484
6420,0.002210378646850586,0.005105257034301758,0.001505136489868164
6421,0.002437114715576172,0.005448102951049805,0.0014760494232177734
6422,0.002391338348388672,0.004221916198730469,0.0015118122100830078
6423,0.0023164749145507812,0.00426936149597168,0.0017523765563964844
6424,0.002389669418334961,0.004243373870849609,0.0015010833740234375
6425,0.002271413803100586,0.004244804382324219,0.0013971328735351562
6426,0.0023889541625976562,0.004190921783447266,0.0014412403106689453
6427,0.002088308334350586,0.004087924957275391,0.0015270709991455078
6428,0.0024843215942382812,0.003493070602416992,0.0014333724975585938
6429,0.002269744873046875,0.003744840621948242,0.0013740062713623047
6430,0.0024111270904541016,0.004666805267333984,0.0014524459838867188
6431,0.0025429725646972656,0.0035958290100097656,0.0014955997467041016
6432,0.002357006072998047,0.004304170608520508,0.001482248306274414
6433,0.002163410186767578,0.0052127838134765625,0.0017781257629394531
6434,0.0023179054260253906,0.005226612091064453,0.001542806625366211
6435,0.0021431446075439453,0.0037546157836914062,0.0015566349029541016
6436,0.0023491382598876953,0.004531145095825195,0.0014541149139404297
6437,0.0023047924041748047,0.005292177200317383,0.0014095306396484375
6438,0.0023632049560546875,0.006321907043457031,0.0014150142669677734
6439,0.0029969215393066406,0.005980968475341797,0.0014128684997558594
6440,0.0049936771392822266,0.004717111587524414,0.001495361328125
6441,0.004232645034790039,0.0041370391845703125,0.0014388561248779297
6442,0.002359151840209961,0.003934621810913086,0.0014567375183105469
6443,0.0021309852600097656,0.005347490310668945,0.0014183521270751953
6444,0.002300739288330078,0.004484415054321289,0.001972675323486328
6445,0.0020875930786132812,0.004582881927490234,0.0015244483947753906
6446,0.0024261474609375,0.003973245620727539,0.0015234947204589844
6447,0.0021371841430664062,0.004013776779174805,0.0014913082122802734
6448,0.0025336742401123047,0.003856182098388672,0.0014307498931884766
6449,0.00213623046875,0.0039010047912597656,0.0015134811401367188
6450,0.0024383068084716797,0.0038576126098632812,0.0015499591827392578
6451,0.0023763179779052734,0.0035653114318847656,0.0015096664428710938
6452,0.0024013519287109375,0.004456281661987305,0.0015065670013427734
6453,0.002237081527709961,0.003955841064453125,0.0014798641204833984
6454,0.0022559165954589844,0.00383758544921875,0.00164031982421875
6455,0.0022852420806884766,0.003880023956298828,0.0014688968658447266
6456,0.002264261245727539,0.004138469696044922,0.0014564990997314453
6457,0.0022466182708740234,0.0038492679595947266,0.0013804435729980469
6458,0.002460956573486328,0.0037336349487304688,0.0014209747314453125
6459,0.002163410186767578,0.0035314559936523438,0.0014281272888183594
6460,0.0022950172424316406,0.0036237239837646484,0.0014445781707763672
6461,0.0025632381439208984,0.004689693450927734,0.0014982223510742188
6462,0.002216339111328125,0.004753828048706055,0.0015301704406738281
6463,0.0022673606872558594,0.00426030158996582,0.0014159679412841797
6464,0.002231597900390625,0.00406956672668457,0.0014767646789550781
6465,0.0023152828216552734,0.003999948501586914,0.0017120838165283203
6466,0.002110719680786133,0.0038144588470458984,0.0014796257019042969
6467,0.002377748489379883,0.003729104995727539,0.001416921615600586
6468,0.002162933349609375,0.0044400691986083984,0.001489400863647461
6469,0.002348184585571289,0.004195451736450195,0.0015494823455810547
6470,0.0022575855255126953,0.0039632320404052734,0.0013964176177978516
6471,0.0025963783264160156,0.0038263797760009766,0.0013914108276367188
6472,0.002253293991088867,0.004267454147338867,0.0014460086822509766
6473,0.002298116683959961,0.0037598609924316406,0.0013897418975830078
6474,0.002204418182373047,0.003849029541015625,0.0014443397521972656
6475,0.0023965835571289062,0.003746509552001953,0.0016622543334960938
6476,0.002268552780151367,0.0038979053497314453,0.0014939308166503906
6477,0.002505064010620117,0.00491023063659668,0.0014679431915283203
6478,0.0021800994873046875,0.005445957183837891,0.001491546630859375
6479,0.0024275779724121094,0.004897356033325195,0.0016772747039794922
6480,0.002184152603149414,0.0037107467651367188,0.0014925003051757812
6481,0.0025637149810791016,0.0035064220428466797,0.001535654067993164
6482,0.0022401809692382812,0.004214048385620117,0.001512765884399414
6483,0.002239227294921875,0.0037772655487060547,0.0014674663543701172
6484,0.002167224884033203,0.0037708282470703125,0.0014595985412597656
6485,0.0024166107177734375,0.003670930862426758,0.0014910697937011719
6486,0.0020880699157714844,0.004380464553833008,0.0017292499542236328
6487,0.0023484230041503906,0.004045248031616211,0.0014166831970214844
6488,0.0022428035736083984,0.0040683746337890625,0.001508474349975586
6489,0.0023703575134277344,0.00457763671875,0.001477956771850586
6490,0.0022478103637695312,0.00424504280090332,0.0013763904571533203
6491,0.002688884735107422,0.004009246826171875,0.0014574527740478516
6492,0.0022253990173339844,0.004210710525512695,0.0015056133270263672
6493,0.002318859100341797,0.0037984848022460938,0.0015232563018798828
6494,0.0022106170654296875,0.003936767578125,0.0015120506286621094
6495,0.002393960952758789,0.0037398338317871094,0.0015621185302734375
6496,0.0021691322326660156,0.005095958709716797,0.0016665458679199219
6497,0.0024254322052001953,0.004755258560180664,0.0015707015991210938
6498,0.0022017955780029297,0.004807710647583008,0.0014863014221191406
6499,0.002485513687133789,0.00423884391784668,0.0015358924865722656
6500,0.0021965503692626953,0.004198312759399414,0.0014543533325195312
6501,0.0025420188903808594,0.00394892692565918,0.00151824951171875
6502,0.002362966537475586,0.005762815475463867,0.0015196800231933594
6503,0.0024268627166748047,0.0040667057037353516,0.0015234947204589844
6504,0.0022847652435302734,0.0040721893310546875,0.0014693737030029297
6505,0.0022325515747070312,0.003816843032836914,0.0014185905456542969
6506,0.002119302749633789,0.00503230094909668,0.0013921260833740234
6507,0.00222015380859375,0.003469228744506836,0.0016968250274658203
6508,0.0020072460174560547,0.0043487548828125,0.0014750957489013672
6509,0.0024003982543945312,0.0044078826904296875,0.0014469623565673828
6510,0.0020570755004882812,0.003833770751953125,0.001421213150024414
6511,0.002620220184326172,0.0035982131958007812,0.001444101333618164
6512,0.0022728443145751953,0.004284858703613281,0.0015769004821777344
6513,0.002222299575805664,0.0040378570556640625,0.001634836196899414
6514,0.002155303955078125,0.004050493240356445,0.0014638900756835938
6515,0.0023682117462158203,0.003717184066772461,0.0014901161193847656
6516,0.002008199691772461,0.0038232803344726562,0.0014674663543701172
6517,0.0022945404052734375,0.0051195621490478516,0.0017347335815429688
6518,0.0021398067474365234,0.0050203800201416016,0.0014421939849853516
6519,0.00238037109375,0.0044972896575927734,0.0015006065368652344
6520,0.0020635128021240234,0.004232883453369141,0.001514434814453125
6521,0.002605438232421875,0.0037996768951416016,0.0014107227325439453
6522,0.0023355484008789062,0.0041790008544921875,0.0014350414276123047
6523,0.0023713111877441406,0.0051059722900390625,0.0014340877532958984
6524,0.0022406578063964844,0.004144430160522461,0.0014123916625976562
6525,0.002490520477294922,0.004448652267456055,0.0014607906341552734
6526,0.002480745315551758,0.0041103363037109375,0.0014612674713134766
6527,0.002287149429321289,0.004584789276123047,0.0014564990997314453
6528,0.002413511276245117,0.004206418991088867,0.0018734931945800781
6529,0.002184152603149414,0.00385284423828125,0.0015606880187988281
6530,0.002444744110107422,0.003749847412109375,0.0015337467193603516
6531,0.002429485321044922,0.0041773319244384766,0.0016036033630371094
6532,0.002422809600830078,0.0041463375091552734,0.0015430450439453125
6533,0.002340078353881836,0.00410914421081543,0.0015063285827636719
6534,0.0024662017822265625,0.003801584243774414,0.0014736652374267578
6535,0.002152681350708008,0.003962993621826172,0.0014655590057373047
6536,0.0023522377014160156,0.003761768341064453,0.0014696121215820312
6537,0.0021507740020751953,0.003902912139892578,0.0014357566833496094
6538,0.0023581981658935547,0.005053520202636719,0.0017042160034179688
6539,0.0022063255310058594,0.004271507263183594,0.001482248306274414
6540,0.0022411346435546875,0.004315853118896484,0.001382589340209961
6541,0.0023250579833984375,0.004079580307006836,0.0015079975128173828
6542,0.007585287094116211,0.004183769226074219,0.0014858245849609375
6543,0.0025098323822021484,0.004185199737548828,0.0014836788177490234
6544,0.002732992172241211,0.003907203674316406,0.0014619827270507812
6545,0.0025358200073242188,0.004857778549194336,0.001476287841796875
6546,0.002779722213745117,0.0048215389251708984,0.0015795230865478516
6547,0.0024907588958740234,0.00544428825378418,0.0015480518341064453
6548,0.001993417739868164,0.0041925907135009766,0.0016489028930664062
6549,0.0021321773529052734,0.004322528839111328,0.0017824172973632812
6550,0.0022394657135009766,0.004092216491699219,0.001539468765258789
6551,0.0024144649505615234,0.004218339920043945,0.001506805419921875
6552,0.0023479461669921875,0.004154682159423828,0.0015604496002197266
6553,0.002074718475341797,0.004057645797729492,0.00150299072265625
6554,0.0022513866424560547,0.0048847198486328125,0.0014843940734863281
6555,0.0021364688873291016,0.004026651382446289,0.0015435218811035156
6556,0.0024623870849609375,0.00399470329284668,0.0014958381652832031
6557,0.002147674560546875,0.003960132598876953,0.001514434814453125
6558,0.002373218536376953,0.0038824081420898438,0.0015032291412353516
6559,0.0020890235900878906,0.003959178924560547,0.0018534660339355469
6560,0.002403736114501953,0.004051923751831055,0.0015561580657958984
6561,0.0023832321166992188,0.004038572311401367,0.0014858245849609375
6562,0.0023114681243896484,0.004012107849121094,0.0014896392822265625
6563,0.002264738082885742,0.003844738006591797,0.001477956771850586
6564,0.002282381057739258,0.0036911964416503906,0.0014417171478271484
6565,0.0022432804107666016,0.004230022430419922,0.0014362335205078125
6566,0.002335786819458008,0.0039823055267333984,0.0015082359313964844
6567,0.002170085906982422,0.004006147384643555,0.0014426708221435547
6568,0.0024080276489257812,0.0036830902099609375,0.0014986991882324219
6569,0.002328634262084961,0.0038292407989501953,0.0015232563018798828
6570,0.002506256103515625,0.004584550857543945,0.0017440319061279297
6571,0.0024476051330566406,0.004863739013671875,0.0015120506286621094
6572,0.0023698806762695312,0.004534721374511719,0.0014672279357910156
6573,0.0022835731506347656,0.003942012786865234,0.0015246868133544922
6574,0.002309083938598633,0.003905057907104492,0.001519918441772461
6575,0.002050161361694336,0.0039825439453125,0.0014767646789550781
6576,0.002282381057739258,0.003857851028442383,0.0014772415161132812
6577,0.002154111862182617,0.003801584243774414,0.0014882087707519531
6578,0.0022735595703125,0.0037360191345214844,0.0013964176177978516
6579,0.0023162364959716797,0.004039287567138672,0.0014693737030029297
6580,0.002342700958251953,0.003968954086303711,0.0016710758209228516
6581,0.0024871826171875,0.004233598709106445,0.001500844955444336
6582,0.0023491382598876953,0.0040585994720458984,0.001775979995727539
6583,0.0020897388458251953,0.004838228225708008,0.0016388893127441406
6584,0.0023651123046875,0.0040318965911865234,0.0015151500701904297
6585,0.0021584033966064453,0.006356954574584961,0.0014815330505371094
6586,0.0023241043090820312,0.006464719772338867,0.0015463829040527344
6587,0.0023412704467773438,0.0057256221771240234,0.0015215873718261719
6588,0.0023679733276367188,0.00413823127746582,0.001546621322631836
6589,0.0021805763244628906,0.004486799240112305,0.001434326171875
6590,0.002424955368041992,0.005536794662475586,0.0014331340789794922
6591,0.0025963783264160156,0.004254817962646484,0.0016410350799560547
6592,0.0023033618927001953,0.00461268424987793,0.0014452934265136719
6593,0.002435445785522461,0.003599882125854492,0.0014793872833251953
6594,0.0022156238555908203,0.003857851028442383,0.0014407634735107422
6595,0.0022852420806884766,0.0038805007934570312,0.00151824951171875
6596,0.002221822738647461,0.003908395767211914,0.0015196800231933594
6597,0.0023491382598876953,0.004547595977783203,0.0015227794647216797
6598,0.0022780895233154297,0.004186153411865234,0.0014047622680664062
6599,0.0023148059844970703,0.003953218460083008,0.0015101432800292969
6600,0.0023241043090820312,0.004873752593994141,0.001516580581665039
6601,0.002593994140625,0.004464149475097656,0.0017218589782714844
6602,0.0020933151245117188,0.0048143863677978516,0.0013990402221679688
6603,0.0023734569549560547,0.0038747787475585938,0.001443624496459961
6604,0.0023887157440185547,0.004040241241455078,0.0014193058013916016
6605,0.002370595932006836,0.0039615631103515625,0.0014438629150390625
6606,0.002283334732055664,0.004034280776977539,0.0014278888702392578
6607,0.002464771270751953,0.003909111022949219,0.0014798641204833984
6608,0.002365589141845703,0.0041506290435791016,0.0014293193817138672
6609,0.002214193344116211,0.004768848419189453,0.0014455318450927734
6610,0.002210378646850586,0.004210472106933594,0.0014693737030029297
6611,0.002518177032470703,0.0039441585540771484,0.00144195556640625
6612,0.0022423267364501953,0.004710674285888672,0.0018115043640136719
6613,0.0022983551025390625,0.003996849060058594,0.001550912857055664
6614,0.0022559165954589844,0.0039179325103759766,0.0015277862548828125
6615,0.002337932586669922,0.0037789344787597656,0.001605987548828125
6616,0.002231597900390625,0.0038340091705322266,0.0015676021575927734
6617,0.002315998077392578,0.003596782684326172,0.0016703605651855469
6618,0.002256631851196289,0.003814697265625,0.0014495849609375
6619,0.0023822784423828125,0.003800630569458008,0.0014028549194335938
6620,0.0023088455200195312,0.004127025604248047,0.0015034675598144531
6621,0.0025167465209960938,0.0037555694580078125,0.001500844955444336
6622,0.002217531204223633,0.004343509674072266,0.0016338825225830078
6623,0.002382040023803711,0.003966808319091797,0.001516103744506836
6624,0.0023009777069091797,0.004361867904663086,0.0015254020690917969
6625,0.002443552017211914,0.005057811737060547,0.0014986991882324219
6626,0.0022275447845458984,0.005357265472412109,0.0014612674713134766
6627,0.002399921417236328,0.004189014434814453,0.0015482902526855469
6628,0.002109527587890625,0.004173755645751953,0.001531839370727539
6629,0.0021653175354003906,0.004015684127807617,0.001439809799194336
6630,0.0021271705627441406,0.004083395004272461,0.0015120506286621094
6631,0.0028276443481445312,0.003950357437133789,0.001432180404663086
6632,0.002348184585571289,0.005330562591552734,0.00144195556640625
6633,0.002379179000854492,0.00397181510925293,0.0017743110656738281
6634,0.002226591110229492,0.0040166378021240234,0.0014615058898925781
6635,0.0024187564849853516,0.003911733627319336,0.001421213150024414
6636,0.0021860599517822266,0.003981590270996094,0.0014941692352294922
6637,0.002451658248901367,0.004849910736083984,0.0014369487762451172
6638,0.0021696090698242188,0.004140377044677734,0.0014743804931640625
6639,0.0023336410522460938,0.0042629241943359375,0.0015339851379394531
6640,0.002154827117919922,0.005438566207885742,0.0015125274658203125
6641,0.002533435821533203,0.005231618881225586,0.0015425682067871094
6642,0.0021791458129882812,0.005597591400146484,0.0015783309936523438
6643,0.0023572444915771484,0.0050160884857177734,0.001859903335571289
6644,0.0022687911987304688,0.004771709442138672,0.0015702247619628906
6645,0.0023140907287597656,0.003802776336669922,0.0014560222625732422
6646,0.002232789993286133,0.004242658615112305,0.0014126300811767578
6647,0.002417325973510742,0.0038726329803466797,0.0014543533325195312
6648,0.0021448135375976562,0.0038084983825683594,0.0013954639434814453
6649,0.0024085044860839844,0.00404810905456543,0.0014624595642089844
6650,0.0022590160369873047,0.004132747650146484,0.0015213489532470703
6651,0.0024886131286621094,0.004191875457763672,0.001628875732421875
6652,0.002270221710205078,0.0040760040283203125,0.0014820098876953125
6653,0.002431154251098633,0.004075527191162109,0.0015478134155273438
6654,0.002162456512451172,0.003939390182495117,0.0017888545989990234
6655,0.0022695064544677734,0.0041310787200927734,0.0015473365783691406
6656,0.0024290084838867188,0.003873109817504883,0.0014791488647460938
6657,0.0021643638610839844,0.004132270812988281,0.001547098159790039
6658,0.002421855926513672,0.0039751529693603516,0.0015103816986083984
6659,0.0022814273834228516,0.005013704299926758,0.0015106201171875
6660,0.0024194717407226562,0.004167079925537109,0.0015950202941894531
6661,0.002267122268676758,0.004189968109130859,0.0015497207641601562
6662,0.0022420883178710938,0.004125356674194336,0.0015430450439453125
6663,0.002167224884033203,0.0039730072021484375,0.0014929771423339844
6664,0.0022361278533935547,0.004761457443237305,0.0017349720001220703
6665,0.002156496047973633,0.004130363464355469,0.0015430450439453125
6666,0.0022940635681152344,0.004227876663208008,0.0014569759368896484
6667,0.002042531967163086,0.0041773319244384766,0.0014071464538574219
6668,0.0023238658905029297,0.0037267208099365234,0.0015070438385009766
6669,0.0022704601287841797,0.003971576690673828,0.0014531612396240234
6670,0.0022552013397216797,0.003962993621826172,0.0014667510986328125
6671,0.002461671829223633,0.00408482551574707,0.0014355182647705078
6672,0.0023505687713623047,0.003898143768310547,0.001390218734741211
6673,0.0022106170654296875,0.003975629806518555,0.0014307498931884766
6674,0.002458333969116211,0.0037348270416259766,0.0015590190887451172
6675,0.0019783973693847656,0.0037963390350341797,0.0017540454864501953
6676,0.002367258071899414,0.0037431716918945312,0.0015263557434082031
6677,0.0021293163299560547,0.0038208961486816406,0.0016181468963623047
6678,0.0022878646850585938,0.0036110877990722656,0.0014495849609375
6679,0.002282857894897461,0.004038810729980469,0.0014238357543945312
6680,0.002404928207397461,0.0049092769622802734,0.0014595985412597656
6681,0.002370119094848633,0.004202842712402344,0.001398324966430664
6682,0.0023610591888427734,0.005450725555419922,0.0014405250549316406
6683,0.002115011215209961,0.005610466003417969,0.0021288394927978516
6684,0.002222776412963867,0.0041904449462890625,0.0016732215881347656
6685,0.002267599105834961,0.004072904586791992,0.002166748046875
6686,0.0023729801177978516,0.0040242671966552734,0.0015614032745361328
6687,0.002168893814086914,0.004275798797607422,0.0015423297882080078
6688,0.0023789405822753906,0.003918170928955078,0.0016810894012451172
6689,0.0022592544555664062,0.004204750061035156,0.0016582012176513672
6690,0.002361297607421875,0.004114866256713867,0.0016264915466308594
6691,0.0024499893188476562,0.004305601119995117,0.0016016960144042969
6692,0.0024068355560302734,0.004227638244628906,0.001506805419921875
6693,0.002237081527709961,0.004134178161621094,0.0015566349029541016
6694,0.00225067138671875,0.0038537979125976562,0.0015418529510498047
6695,0.002195119857788086,0.0039598941802978516,0.0015115737915039062
6696,0.0022857189178466797,0.003717660903930664,0.0017099380493164062
6697,0.0022430419921875,0.0037384033203125,0.0014073848724365234
6698,0.002398252487182617,0.0045506954193115234,0.0015947818756103516
6699,0.002271890640258789,0.005594968795776367,0.0014340877532958984
6700,0.0024499893188476562,0.004738569259643555,0.0014815330505371094
6701,0.0025746822357177734,0.003916740417480469,0.0016226768493652344
6702,0.002300262451171875,0.0037577152252197266,0.0014371871948242188
6703,0.0022430419921875,0.004378080368041992,0.0015358924865722656
6704,0.0021827220916748047,0.004185914993286133,0.0015528202056884766
6705,0.0019719600677490234,0.0039882659912109375,0.0014262199401855469
6706,0.002268075942993164,0.0038640499114990234,0.0016489028930664062
6707,0.00208282470703125,0.004093170166015625,0.001538991928100586
6708,0.0024471282958984375,0.00382232666015625,0.0014832019805908203
6709,0.0022106170654296875,0.004149198532104492,0.0014882087707519531
6710,0.002234220504760742,0.003786802291870117,0.0037529468536376953
6711,0.002254009246826172,0.004113674163818359,0.0015745162963867188
6712,0.0024263858795166016,0.004216670989990234,0.0016269683837890625
6713,0.0022687911987304688,0.004229545593261719,0.0015420913696289062
6714,0.002323150634765625,0.0043027400970458984,0.0015764236450195312
6715,0.0023784637451171875,0.004087924957275391,0.001630544662475586
6716,0.002435922622680664,0.004700422286987305,0.0016841888427734375
6717,0.002159595489501953,0.004070758819580078,0.001795053482055664
6718,0.0024607181549072266,0.0042421817779541016,0.001596212387084961
6719,0.002374410629272461,0.004871845245361328,0.0015919208526611328
6720,0.002186298370361328,0.004271745681762695,0.0017545223236083984
6721,0.0024394989013671875,0.004987001419067383,0.001505136489868164
6722,0.0022377967834472656,0.005717277526855469,0.0014691352844238281
6723,0.0023238658905029297,0.004691600799560547,0.0014731884002685547
6724,0.0021512508392333984,0.004350900650024414,0.0015366077423095703
6725,0.0023636817932128906,0.003793001174926758,0.0015087127685546875
6726,0.002222299575805664,0.0038933753967285156,0.001482248306274414
6727,0.002339601516723633,0.004078865051269531,0.001729726791381836
6728,0.002246379852294922,0.004399299621582031,0.0016021728515625
6729,0.0021758079528808594,0.004857063293457031,0.0015118122100830078
6730,0.0020978450775146484,0.0050373077392578125,0.001523733139038086
6731,0.002451181411743164,0.0050449371337890625,0.0015499591827392578
6732,0.002034902572631836,0.004178047180175781,0.0013730525970458984
6733,0.0022704601287841797,0.004823207855224609,0.0013933181762695312
6734,0.002232789993286133,0.004220008850097656,0.001447439193725586
6735,0.002361774444580078,0.004023551940917969,0.0013964176177978516
6736,0.002244234085083008,0.004056453704833984,0.0014297962188720703
6737,0.0021648406982421875,0.003697633743286133,0.0014190673828125
6738,0.002007722854614258,0.005070686340332031,0.0017516613006591797
6739,0.0024259090423583984,0.003995656967163086,0.0015769004821777344
6740,0.002172231674194336,0.0042705535888671875,0.0017027854919433594
6741,0.002529621124267578,0.005349397659301758,0.0015506744384765625
6742,0.0022673606872558594,0.004786491394042969,0.0015475749969482422
6743,0.0022623538970947266,0.003843069076538086,0.0015840530395507812
6744,0.002279996871948242,0.003997325897216797,0.00151824951171875
6745,0.002309560775756836,0.0041239261627197266,0.0015950202941894531
6746,0.002157926559448242,0.0040738582611083984,0.0015633106231689453
6747,0.0024585723876953125,0.003693103790283203,0.001550912857055664
6748,0.0022165775299072266,0.003987789154052734,0.0017349720001220703
6749,0.0023958683013916016,0.003695249557495117,0.0015020370483398438
6750,0.0021538734436035156,0.003894805908203125,0.0015666484832763672
6751,0.0027587413787841797,0.003696918487548828,0.0014140605926513672
6752,0.002373933792114258,0.005143880844116211,0.001516103744506836
6753,0.0034859180450439453,0.004548788070678711,0.0015261173248291016
6754,0.004960060119628906,0.005262136459350586,0.0017151832580566406
6755,0.004205226898193359,0.003708362579345703,0.0015714168548583984
6756,0.0019538402557373047,0.004191875457763672,0.0014567375183105469
6757,0.002277374267578125,0.003749847412109375,0.0014772415161132812
6758,0.0020499229431152344,0.003874540328979492,0.0014884471893310547
6759,0.002197265625,0.0037016868591308594,0.0016481876373291016
6760,0.002331972122192383,0.004295825958251953,0.00141143798828125
6761,0.0027399063110351562,0.004073381423950195,0.0014591217041015625
6762,0.002288341522216797,0.0043735504150390625,0.0014081001281738281
6763,0.0023374557495117188,0.0039975643157958984,0.0014674663543701172
6764,0.001951456069946289,0.0040132999420166016,0.0014352798461914062
6765,0.0022079944610595703,0.0037178993225097656,0.0014977455139160156
6766,0.0022635459899902344,0.004037380218505859,0.0015208721160888672
6767,0.002499103546142578,0.0037543773651123047,0.0015230178833007812
6768,0.0021364688873291016,0.004244089126586914,0.001455068588256836
6769,0.0022745132446289062,0.004853248596191406,0.0017528533935546875
6770,0.002267599105834961,0.0046176910400390625,0.001552581787109375
6771,0.002689838409423828,0.003530740737915039,0.0016090869903564453
6772,0.002385854721069336,0.00392603874206543,0.0015978813171386719
6773,0.002360105514526367,0.0035622119903564453,0.0015954971313476562
6774,0.002324819564819336,0.002836942672729492,0.0015702247619628906
6775,0.0023908615112304688,0.002434253692626953,0.0014963150024414062
6776,0.002265453338623047,0.0022325515747070312,0.0015673637390136719
6777,0.002315998077392578,0.002078533172607422,0.0014815330505371094
6778,0.0021529197692871094,0.0022504329681396484,0.0014519691467285156
6779,0.0024373531341552734,0.0020623207092285156,0.001478433609008789
6780,0.00209808349609375,0.0021517276763916016,0.0015845298767089844
6781,0.0025017261505126953,0.002292156219482422,0.0014619827270507812
6782,0.0021812915802001953,0.0024764537811279297,0.0015649795532226562
6783,0.0022563934326171875,0.0021893978118896484,0.0015561580657958984
6784,0.0022869110107421875,0.0021309852600097656,0.001561880111694336
6785,0.002224445343017578,0.0023877620697021484,0.0015668869018554688
6786,0.002419710159301758,0.0022034645080566406,0.0015053749084472656
6787,0.0022356510162353516,0.002401113510131836,0.001462697982788086
6788,0.0024194717407226562,0.0024263858795166016,0.0014367103576660156
6789,0.0022416114807128906,0.002470254898071289,0.0016186237335205078
6790,0.0024089813232421875,0.00225067138671875,0.0017037391662597656
6791,0.0025353431701660156,0.002442598342895508,0.0013718605041503906
6792,0.002332448959350586,0.0023674964904785156,0.0017650127410888672
6793,0.002305746078491211,0.002511739730834961,0.0014657974243164062
6794,0.002421855926513672,0.002265453338623047,0.0015110969543457031
6795,0.0020928382873535156,0.0043146610260009766,0.0014798641204833984
6796,0.002242565155029297,0.0021889209747314453,0.0014920234680175781
6797,0.0022335052490234375,0.002451658248901367,0.0014998912811279297
6798,0.0024406909942626953,0.0026941299438476562,0.0015285015106201172
6799,0.0021469593048095703,0.002566099166870117,0.0015311241149902344
6800,0.0023131370544433594,0.0042493343353271484,0.0015506744384765625
6801,0.0025136470794677734,0.005238771438598633,0.0017437934875488281
6802,0.0023844242095947266,0.004324913024902344,0.0015606880187988281
6803,0.0021877288818359375,0.004363059997558594,0.0014863014221191406
6804,0.002327442169189453,0.005125999450683594,0.0015022754669189453
6805,0.002154827117919922,0.005518674850463867,0.0014986991882324219
6806,0.002422332763671875,0.0037903785705566406,0.0014503002166748047
6807,0.0020911693572998047,0.003968715667724609,0.0014505386352539062
6808,0.0022826194763183594,0.003942012786865234,0.0014481544494628906
6809,0.002257108688354492,0.004111528396606445,0.0014643669128417969
6810,0.002251863479614258,0.004537343978881836,0.0014100074768066406
6811,0.0023946762084960938,0.004133939743041992,0.0018076896667480469
6812,0.0024209022521972656,0.005748748779296875,0.001538991928100586
6813,0.0022149085998535156,0.0044155120849609375,0.0014467239379882812
6814,0.0025517940521240234,0.004161357879638672,0.001430511474609375
6815,0.002274751663208008,0.004927635192871094,0.0014986991882324219
6816,0.0025131702423095703,0.006519317626953125,0.0014853477478027344
6817,0.002169370651245117,0.005659818649291992,0.001546621322631836
6818,0.002268552780151367,0.0033664703369140625,0.0014503002166748047
6819,0.0020456314086914062,0.0037043094635009766,0.0015087127685546875
6820,0.0023899078369140625,0.004129171371459961,0.0014815330505371094
6821,0.0025429725646972656,0.004187822341918945,0.0015575885772705078
6822,0.002262592315673828,0.0040073394775390625,0.0017795562744140625
6823,0.002260923385620117,0.0039293766021728516,0.0017499923706054688
6824,0.0022575855255126953,0.004118204116821289,0.0015244483947753906
6825,0.002164602279663086,0.0051708221435546875,0.0015246868133544922
6826,0.002318859100341797,0.00523066520690918,0.0015761852264404297
6827,0.002070903778076172,0.005924224853515625,0.0015139579772949219
6828,0.002362489700317383,0.0061092376708984375,0.0015499591827392578
6829,0.002207517623901367,0.005660295486450195,0.001539468765258789
6830,0.002347230911254883,0.003781557083129883,0.0014863014221191406
6831,0.002382993698120117,0.0037696361541748047,0.0015451908111572266
6832,0.002378702163696289,0.004334926605224609,0.0017304420471191406
6833,0.002351522445678711,0.004113912582397461,0.0015139579772949219
6834,0.0024383068084716797,0.0035521984100341797,0.00146484375
6835,0.0021657943725585938,0.00389862060546875,0.001440286636352539
6836,0.0022928714752197266,0.004016399383544922,0.0015015602111816406
6837,0.0022237300872802734,0.0040280818939208984,0.0014045238494873047
6838,0.0023462772369384766,0.0037317276000976562,0.0015377998352050781
6839,0.0021584033966064453,0.00399470329284668,0.0015630722045898438
6840,0.002248525619506836,0.0036897659301757812,0.0014765262603759766
6841,0.002347230911254883,0.003957986831665039,0.0014615058898925781
6842,0.0024106502532958984,0.004151582717895508,0.0015232563018798828
6843,0.0021648406982421875,0.0038483142852783203,0.0016865730285644531
6844,0.0024111270904541016,0.003747224807739258,0.001481771469116211
6845,0.002144336700439453,0.004168033599853516,0.0013642311096191406
6846,0.0023877620697021484,0.00474095344543457,0.001430511474609375
6847,0.002322673797607422,0.005581378936767578,0.0015153884887695312
6848,0.0023636817932128906,0.0048274993896484375,0.0014564990997314453
6849,0.0022535324096679688,0.005646705627441406,0.0014634132385253906
6850,0.0021986961364746094,0.006731748580932617,0.00153350830078125
6851,0.002569437026977539,0.005925416946411133,0.0015087127685546875
6852,0.0023186206817626953,0.004915714263916016,0.0015790462493896484
6853,0.0023086071014404297,0.003818988800048828,0.0017690658569335938
6854,0.0023298263549804688,0.005118846893310547,0.0015490055084228516
6855,0.0023565292358398438,0.003853321075439453,0.0015850067138671875
6856,0.002200603485107422,0.004101753234863281,0.0015895366668701172
6857,0.002362489700317383,0.0036878585815429688,0.0017435550689697266
6858,0.0021169185638427734,0.0038597583770751953,0.0015442371368408203
6859,0.002222776412963867,0.004204511642456055,0.001552581787109375
6860,0.002188444137573242,0.00408935546875,0.0014872550964355469
6861,0.0024847984313964844,0.003915548324584961,0.0014696121215820312
6862,0.0019888877868652344,0.004646778106689453,0.0014400482177734375
6863,0.0023849010467529297,0.003804445266723633,0.0015177726745605469
6864,0.0020744800567626953,0.005461692810058594,0.0016508102416992188
6865,0.0023360252380371094,0.004862785339355469,0.0015232563018798828
6866,0.0022432804107666016,0.005231142044067383,0.0015709400177001953
6867,0.0022935867309570312,0.0041446685791015625,0.0014498233795166016
6868,0.0021774768829345703,0.005501270294189453,0.001371622085571289
6869,0.0023288726806640625,0.004109382629394531,0.0014319419860839844
6870,0.0022225379943847656,0.005091667175292969,0.0013594627380371094
6871,0.0027816295623779297,0.005644321441650391,0.0038933753967285156
6872,0.002142190933227539,0.004340171813964844,0.001588582992553711
6873,0.0022733211517333984,0.003431081771850586,0.0017206668853759766
6874,0.0021495819091796875,0.0041429996490478516,0.0021004676818847656
6875,0.0023429393768310547,0.0039598941802978516,0.003314971923828125
6876,0.0020558834075927734,0.003908872604370117,0.0030760765075683594
6877,0.002269744873046875,0.003754854202270508,0.003093242645263672
6878,0.002004861831665039,0.003953218460083008,0.0030395984649658203
6879,0.0022640228271484375,0.0036458969116210938,0.003130674362182617
6880,0.0020487308502197266,0.0037696361541748047,0.003114938735961914
6881,0.0025970935821533203,0.003768444061279297,0.0041773319244384766
6882,0.0022258758544921875,0.004485368728637695,0.00407099723815918
6883,0.002324342727661133,0.003846406936645508,0.0031805038452148438
6884,0.0022563934326171875,0.0049037933349609375,0.0033521652221679688
6885,0.002322673797607422,0.0040225982666015625,0.003834962844848633
6886,0.0021331310272216797,0.004410743713378906,0.0033626556396484375
6887,0.0022475719451904297,0.0036826133728027344,0.0031986236572265625
6888,0.0021605491638183594,0.003816843032836914,0.0033130645751953125
6889,0.0022497177124023438,0.003727436065673828,0.0031566619873046875
6890,0.0022199153900146484,0.003716707229614258,0.0031585693359375
6891,0.002490997314453125,0.003693819046020508,0.0028336048126220703
6892,0.0021860599517822266,0.0045053958892822266,0.0029828548431396484
6893,0.002363443374633789,0.00400996208190918,0.003816843032836914
6894,0.0021643638610839844,0.004091501235961914,0.0040204524993896484
6895,0.0023152828216552734,0.0038199424743652344,0.0034265518188476562
6896,0.0022149085998535156,0.0038170814514160156,0.004143953323364258
6897,0.0022881031036376953,0.005388975143432617,0.004098653793334961
6898,0.0022373199462890625,0.006037712097167969,0.0032901763916015625
6899,0.0022008419036865234,0.005268096923828125,0.00339508056640625
6900,0.002068042755126953,0.004003763198852539,0.003313779830932617
6901,0.0025322437286376953,0.003992557525634766,0.003098726272583008
6902,0.002256631851196289,0.0046634674072265625,0.003098011016845703
6903,0.002445697784423828,0.0040585994720458984,0.003055095672607422
6904,0.00220489501953125,0.004766702651977539,0.004375457763671875
6905,0.0022492408752441406,0.004925251007080078,0.0030553340911865234
6906,0.0022385120391845703,0.005189418792724609,0.0035076141357421875
6907,0.0022504329681396484,0.004189729690551758,0.003028392791748047
6908,0.002282857894897461,0.005140066146850586,0.0029773712158203125
6909,0.0025103092193603516,0.0061070919036865234,0.004103660583496094
6910,0.0021827220916748047,0.006340742111206055,0.0032432079315185547
6911,0.0025174617767333984,0.004464626312255859,0.0031867027282714844
6912,0.0023000240325927734,0.0039484500885009766,0.004572153091430664
6913,0.002286672592163086,0.003925323486328125,0.003447294235229492
6914,0.0022497177124023438,0.004079103469848633,0.004619121551513672
6915,0.002053499221801758,0.0037267208099365234,0.00366973876953125
6916,0.002273082733154297,0.0036525726318359375,0.0039141178131103516
6917,0.002254009246826172,0.004145622253417969,0.003300905227661133
6918,0.002295970916748047,0.005179405212402344,0.0035500526428222656
6919,0.002214670181274414,0.005222797393798828,0.003328561782836914
6920,0.002362966537475586,0.004354238510131836,0.003542661666870117
6921,0.0023441314697265625,0.004386186599731445,0.00310516357421875
6922,0.0023276805877685547,0.0044138431549072266,0.0029785633087158203
6923,0.0021533966064453125,0.004156589508056641,0.00457453727722168
6924,0.0022423267364501953,0.004441976547241211,0.0028209686279296875
6925,0.002177000045776367,0.005884647369384766,0.0042765140533447266
6926,0.002332448959350586,0.0044515132904052734,0.004937410354614258
6927,0.0021309852600097656,0.004157304763793945,0.0038290023803710938
6928,0.0023508071899414062,0.0037665367126464844,0.0031783580780029297
6929,0.002144336700439453,0.00399327278137207,0.003576517105102539
6930,0.002271890640258789,0.0039288997650146484,0.003570079803466797
6931,0.002428770065307617,0.003942966461181641,0.0037026405334472656
6932,0.002307415008544922,0.004266500473022461,0.003036022186279297
6933,0.0022346973419189453,0.004151344299316406,0.002956390380859375
6934,0.002234220504760742,0.004318952560424805,0.003065824508666992
6935,0.0022933483123779297,0.004442930221557617,0.003171682357788086
6936,0.0023534297943115234,0.004225015640258789,0.0032660961151123047
6937,0.002169370651245117,0.004058361053466797,0.004717588424682617
6938,0.002387523651123047,0.003573894500732422,0.0029921531677246094
6939,0.0021512508392333984,0.004996061325073242,0.002953052520751953
6940,0.00226593017578125,0.004150867462158203,0.0051076412200927734
6941,0.0023145675659179688,0.004453182220458984,0.004355907440185547
6942,0.002274751663208008,0.009537458419799805,0.0037887096405029297
6943,0.0021562576293945312,0.0051424503326416016,0.003284931182861328
6944,0.002379894256591797,0.004812717437744141,0.0032417774200439453
6945,0.002093076705932617,0.004727840423583984,0.0039021968841552734
6946,0.0023560523986816406,0.004811286926269531,0.0031423568725585938
6947,0.0021986961364746094,0.004422664642333984,0.004370689392089844
6948,0.002299070358276367,0.004256248474121094,0.0035407543182373047
6949,0.0021982192993164062,0.004308223724365234,0.0031723976135253906
6950,0.0023806095123291016,0.004075765609741211,0.0033740997314453125
6951,0.0023746490478515625,0.00413966178894043,0.004306316375732422
6952,0.002374410629272461,0.004202127456665039,0.004391193389892578
6953,0.002237558364868164,0.004153013229370117,0.0033113956451416016
6954,0.0022754669189453125,0.0038683414459228516,0.0036520957946777344
6955,0.002138376235961914,0.004118442535400391,0.0048944950103759766
6956,0.0023221969604492188,0.0038590431213378906,0.004313945770263672
6957,0.0020704269409179688,0.004145383834838867,0.004058837890625
6958,0.0023412704467773438,0.0038671493530273438,0.0041751861572265625
6959,0.002075672149658203,0.004012346267700195,0.0031337738037109375
6960,0.0023763179779052734,0.003814697265625,0.004712820053100586
6961,0.002434968948364258,0.003943681716918945,0.0036017894744873047
6962,0.0024368762969970703,0.004311800003051758,0.0031957626342773438
6963,0.0022454261779785156,0.0040395259857177734,0.0032455921173095703
6964,0.0022995471954345703,0.003919124603271484,0.003961086273193359
6965,0.0022449493408203125,0.0038022994995117188,0.005645751953125
6966,0.002374410629272461,0.0034792423248291016,0.004004240036010742
6967,0.0023322105407714844,0.0038836002349853516,0.003236532211303711
6968,0.00244903564453125,0.003736257553100586,0.0034101009368896484
6969,0.0022954940795898438,0.0038051605224609375,0.0046808719635009766
6970,0.0024061203002929688,0.0039653778076171875,0.005146980285644531
6971,0.002348661422729492,0.003920078277587891,0.00423884391784668
6972,0.0022919178009033203,0.003954172134399414,0.0036432743072509766
6973,0.002129077911376953,0.0038912296295166016,0.003239154815673828
6974,0.0022847652435302734,0.0037992000579833984,0.0031518936157226562
6975,0.0022394657135009766,0.003794431686401367,0.0040700435638427734
6976,0.0024247169494628906,0.0045299530029296875,0.0032579898834228516
6977,0.0022246837615966797,0.0074939727783203125,0.003236055374145508
6978,0.0023238658905029297,0.006270885467529297,0.0032520294189453125
6979,0.002378702163696289,0.003716707229614258,0.0038368701934814453
6980,0.0022611618041992188,0.0035965442657470703,0.0033266544342041016
6981,0.002481698989868164,0.00370025634765625,0.0032813549041748047
6982,0.0021839141845703125,0.0044939517974853516,0.0029349327087402344
6983,0.00237274169921875,0.0038433074951171875,0.0027725696563720703
6984,0.0020902156829833984,0.00409245491027832,0.004104137420654297
6985,0.0021996498107910156,0.003875255584716797,0.0036613941192626953
6986,0.002195119857788086,0.0041408538818359375,0.00452876091003418
6987,0.0023806095123291016,0.003898143768310547,0.005014896392822266
6988,0.0021169185638427734,0.003914594650268555,0.003834962844848633
6989,0.002412557601928711,0.0040302276611328125,0.004543304443359375
6990,0.0022993087768554688,0.005007028579711914,0.004393815994262695
6991,0.0027246475219726562,0.004810810089111328,0.0033600330352783203
6992,0.00228118896484375,0.003961324691772461,0.003278493881225586
6993,0.0022873878479003906,0.0035851001739501953,0.004012584686279297
6994,0.0022759437561035156,0.00399327278137207,0.00421905517578125
6995,0.002257823944091797,0.0037627220153808594,0.0031137466430664062
6996,0.0022411346435546875,0.004019498825073242,0.0030176639556884766
6997,0.002405405044555664,0.0040280818939208984,0.0030531883239746094
6998,0.0022602081298828125,0.003993988037109375,0.003190755844116211
6999,0.002346038818359375,0.0036270618438720703,0.0032765865325927734
7000,0.0022258758544921875,0.0037856101989746094,0.0034608840942382812
7001,0.002507925033569336,0.0036907196044921875,0.0032329559326171875
7002,0.002205371856689453,0.004220724105834961,0.0031147003173828125
7003,0.002330780029296875,0.004153251647949219,0.002857685089111328
7004,0.0022056102752685547,0.00412297248840332,0.002829313278198242
7005,0.002460956573486328,0.003511190414428711,0.0040585994720458984
7006,0.0021924972534179688,0.00516963005065918,0.0031588077545166016
7007,0.0023899078369140625,0.004507541656494141,0.0031707286834716797
7008,0.0022971630096435547,0.0051991939544677734,0.0033805370330810547
7009,0.002320528030395508,0.0053784847259521484,0.0035681724548339844
7010,0.002302408218383789,0.004015445709228516,0.0036017894744873047
7011,0.0024895668029785156,0.0040209293365478516,0.0036199092864990234
7012,0.002208709716796875,0.004558563232421875,0.0034003257751464844
7013,0.002404451370239258,0.004079580307006836,0.0031654834747314453
7014,0.0023233890533447266,0.0039021968841552734,0.0029282569885253906
7015,0.002305269241333008,0.0045278072357177734,0.0028998851776123047
7016,0.0022165775299072266,0.006365299224853516,0.0032050609588623047
7017,0.0023734569549560547,0.0038580894470214844,0.0043032169342041016
7018,0.002178668975830078,0.00454258918762207,0.004095315933227539
7019,0.00235748291015625,0.0042192935943603516,0.002897500991821289
7020,0.0021347999572753906,0.004131793975830078,0.002847433090209961
7021,0.0024437904357910156,0.0038542747497558594,0.0031652450561523438
7022,0.0021855831146240234,0.004250526428222656,0.002933025360107422
7023,0.0022830963134765625,0.0037555694580078125,0.004525899887084961
7024,0.002298593521118164,0.0040130615234375,0.004763603210449219
7025,0.002304553985595703,0.0038499832153320312,0.004234790802001953
7026,0.002195119857788086,0.004006624221801758,0.0032701492309570312
7027,0.0024051666259765625,0.0038518905639648438,0.004990816116333008
7028,0.0021560192108154297,0.0040628910064697266,0.005821704864501953
7029,0.002294778823852539,0.00389862060546875,0.005145549774169922
7030,0.0021834373474121094,0.004230499267578125,0.00410008430480957
7031,0.0026683807373046875,0.004092693328857422,0.004496097564697266
7032,0.0022962093353271484,0.004613399505615234,0.003596782684326172
7033,0.0023202896118164062,0.003935575485229492,0.0032820701599121094
7034,0.002286672592163086,0.004060506820678711,0.0032994747161865234
7035,0.002482175827026367,0.003950357437133789,0.003305196762084961
7036,0.002218008041381836,0.004202127456665039,0.0030927658081054688
7037,0.002366304397583008,0.0050334930419921875,0.0030231475830078125
7038,0.0021169185638427734,0.005300998687744141,0.0044786930084228516
7039,0.0022954940795898438,0.005063056945800781,0.0033981800079345703
7040,0.002208232879638672,0.004828691482543945,0.003396272659301758
7041,0.0026106834411621094,0.003637075424194336,0.004230022430419922
7042,0.002160787582397461,0.004083156585693359,0.003393411636352539
7043,0.0023708343505859375,0.0039637088775634766,0.003145456314086914
7044,0.002342700958251953,0.003990650177001953,0.0032846927642822266
7045,0.0022017955780029297,0.004593849182128906,0.0033180713653564453
7046,0.0023148059844970703,0.0043239593505859375,0.003187894821166992
7047,0.002171754837036133,0.004622697830200195,0.003047943115234375
7048,0.002358675003051758,0.004828214645385742,0.0029938220977783203
7049,0.0022318363189697266,0.0044536590576171875,0.0031654834747314453
7050,0.0023872852325439453,0.004137277603149414,0.003023386001586914
7051,0.0024535655975341797,0.004481792449951172,0.004339694976806641
7052,0.0023250579833984375,0.004640817642211914,0.003236532211303711
7053,0.002315044403076172,0.005087375640869141,0.0038063526153564453
7054,0.0023331642150878906,0.0048809051513671875,0.003063678741455078
7055,0.002107381820678711,0.003961801528930664,0.003021717071533203
7056,0.002297639846801758,0.0037615299224853516,0.002974271774291992
7057,0.0021431446075439453,0.004209995269775391,0.002990245819091797
7058,0.0023386478424072266,0.004122495651245117,0.003034830093383789
7059,0.002123117446899414,0.0039827823638916016,0.004205226898193359
7060,0.0023360252380371094,0.0038788318634033203,0.003319978713989258
7061,0.0025131702423095703,0.004024982452392578,0.003046274185180664
7062,0.0024449825286865234,0.0040283203125,0.003018617630004883
7063,0.00217437744140625,0.003933429718017578,0.003185272216796875
7064,0.002433300018310547,0.0038590431213378906,0.0020291805267333984
7065,0.0020852088928222656,0.004204511642456055,0.0017147064208984375
7066,0.0023114681243896484,0.003805398941040039,0.0016965866088867188
7067,0.0021224021911621094,0.003984928131103516,0.0016853809356689453
7068,0.002280712127685547,0.003850221633911133,0.001689910888671875
7069,0.0021026134490966797,0.004202127456665039,0.0017168521881103516
7070,0.002414226531982422,0.0037848949432373047,0.0016207695007324219
7071,0.002424955368041992,0.0039479732513427734,0.0015323162078857422
7072,0.0023310184478759766,0.004125833511352539,0.0013968944549560547
7073,0.0022919178009033203,0.003914356231689453,0.001470804214477539
7074,0.0023860931396484375,0.004842042922973633,0.0017201900482177734
7075,0.002183198928833008,0.005187511444091797,0.001421213150024414
7076,0.0023784637451171875,0.005239963531494141,0.0015130043029785156
7077,0.0021963119506835938,0.004918575286865234,0.0014023780822753906
7078,0.002349376678466797,0.005736112594604492,0.0014948844909667969
7079,0.0022149085998535156,0.006373167037963867,0.0015254020690917969
7080,0.002269268035888672,0.004899740219116211,0.0015413761138916016
7081,0.002504587173461914,0.0051424503326416016,0.001531362533569336
7082,0.002384662628173828,0.004512310028076172,0.001489877700805664
7083,0.0022211074829101562,0.0044019222259521484,0.0014939308166503906
7084,0.0023336410522460938,0.004179477691650391,0.0017116069793701172
7085,0.0021910667419433594,0.004088401794433594,0.0015194416046142578
7086,0.0022940635681152344,0.0037078857421875,0.0014524459838867188
7087,0.002112150192260742,0.0038824081420898438,0.001483917236328125
7088,0.0024471282958984375,0.0036225318908691406,0.0014233589172363281
7089,0.0022652149200439453,0.0039141178131103516,0.001504659652709961
7090,0.0024061203002929688,0.004247903823852539,0.0013985633850097656
7091,0.0024700164794921875,0.004205226898193359,0.0014181137084960938
7092,0.002490997314453125,0.0041005611419677734,0.0014910697937011719
7093,0.0022003650665283203,0.003974199295043945,0.0015134811401367188
7094,0.0023429393768310547,0.004805803298950195,0.0015499591827392578
7095,0.002445697784423828,0.004081010818481445,0.001728057861328125
7096,0.002201557159423828,0.0039789676666259766,0.0014979839324951172
7097,0.0022165775299072266,0.00416254997253418,0.0015523433685302734
7098,0.0024809837341308594,0.00394129753112793,0.0017466545104980469
7099,0.0022368431091308594,0.004098176956176758,0.0015294551849365234
7100,0.0023980140686035156,0.003759145736694336,0.0015337467193603516
7101,0.0024793148040771484,0.004019260406494141,0.0015361309051513672
7102,0.002349853515625,0.0042002201080322266,0.0015444755554199219
7103,0.00226593017578125,0.003850221633911133,0.0015225410461425781
7104,0.0024080276489257812,0.003851175308227539,0.0014863014221191406
7105,0.002213716506958008,0.004185199737548828,0.0016968250274658203
7106,0.002275705337524414,0.00402069091796875,0.001482248306274414
7107,0.0020775794982910156,0.003902912139892578,0.0014371871948242188
7108,0.002302885055541992,0.0037577152252197266,0.0014891624450683594
7109,0.0024051666259765625,0.003973960876464844,0.0015072822570800781
7110,0.0022580623626708984,0.0037512779235839844,0.0015277862548828125
7111,0.0028066635131835938,0.003900289535522461,0.0014495849609375
7112,0.0023577213287353516,0.004239320755004883,0.0015430450439453125
7113,0.002410411834716797,0.004000186920166016,0.0015041828155517578
7114,0.0020699501037597656,0.003805398941040039,0.0015342235565185547
7115,0.003362894058227539,0.0036470890045166016,0.0014123916625976562
7116,0.0041408538818359375,0.004214286804199219,0.0016825199127197266
7117,0.0026502609252929688,0.004070281982421875,0.001397848129272461
7118,0.0024480819702148438,0.004104137420654297,0.00148773193359375
7119,0.002607583999633789,0.0040111541748046875,0.00150299072265625
7120,0.0022487640380859375,0.004096269607543945,0.0014858245849609375
7121,0.002611875534057617,0.003882884979248047,0.0015332698822021484
7122,0.002184629440307617,0.004152536392211914,0.0015039443969726562
7123,0.002280712127685547,0.0037288665771484375,0.001537322998046875
7124,0.0021653175354003906,0.003920316696166992,0.0014796257019042969
7125,0.0022706985473632812,0.0035593509674072266,0.0013959407806396484
7126,0.002157926559448242,0.003804922103881836,0.0017457008361816406
7127,0.0022983551025390625,0.0039517879486083984,0.0014312267303466797
7128,0.0022819042205810547,0.004215240478515625,0.0014672279357910156
7129,0.0023310184478759766,0.003736734390258789,0.0014567375183105469
7130,0.0022792816162109375,0.0037622451782226562,0.0014636516571044922
7131,0.0026619434356689453,0.003760814666748047,0.0014443397521972656
7132,0.002203702926635742,0.0040547847747802734,0.0017008781433105469
7133,0.002299070358276367,0.0038192272186279297,0.00145721435546875
7134,0.002237558364868164,0.004152774810791016,0.00153350830078125
7135,0.002362489700317383,0.003841876983642578,0.0015001296997070312
7136,0.0022721290588378906,0.004715442657470703,0.0014896392822265625
7137,0.002351045608520508,0.004667043685913086,0.001661539077758789
7138,0.0022535324096679688,0.005781650543212891,0.0014722347259521484
7139,0.0023543834686279297,0.004782199859619141,0.0015115737915039062
7140,0.002210855484008789,0.005234479904174805,0.0015416145324707031
7141,0.0024535655975341797,0.004477977752685547,0.0014727115631103516
7142,0.0022935867309570312,0.004419088363647461,0.0014922618865966797
7143,0.0022945404052734375,0.00402069091796875,0.0014128684997558594
7144,0.0021276473999023438,0.004035234451293945,0.0013701915740966797
7145,0.0023288726806640625,0.0038919448852539062,0.0014739036560058594
7146,0.0021860599517822266,0.004402875900268555,0.0014660358428955078
7147,0.002290487289428711,0.003770589828491211,0.0017108917236328125
7148,0.0022745132446289062,0.0038919448852539062,0.0015146732330322266
7149,0.002279043197631836,0.0037920475006103516,0.0014996528625488281
7150,0.0020079612731933594,0.0038232803344726562,0.0015311241149902344
7151,0.0025429725646972656,0.0037310123443603516,0.0015003681182861328
7152,0.0022487640380859375,0.004284381866455078,0.001477956771850586
7153,0.0023131370544433594,0.003931760787963867,0.0014965534210205078
7154,0.002285003662109375,0.003965139389038086,0.001512289047241211
7155,0.0023996829986572266,0.0037636756896972656,0.0015139579772949219
7156,0.0021543502807617188,0.0038504600524902344,0.0014374256134033203
7157,0.0023691654205322266,0.003862619400024414,0.0015671253204345703
7158,0.0021827220916748047,0.004332542419433594,0.001678466796875
7159,0.002342700958251953,0.0039031505584716797,0.0014290809631347656
7160,0.0020792484283447266,0.003937482833862305,0.0015103816986083984
7161,0.0026428699493408203,0.0037899017333984375,0.0015308856964111328
7162,0.002089262008666992,0.004134416580200195,0.0015075206756591797
7163,0.0023572444915771484,0.0036971569061279297,0.0015113353729248047
7164,0.0022058486938476562,0.004001140594482422,0.0014202594757080078
7165,0.0023365020751953125,0.0038690567016601562,0.001436471939086914
7166,0.00223541259765625,0.003974437713623047,0.0015408992767333984
7167,0.0023369789123535156,0.0038857460021972656,0.0016188621520996094
7168,0.0021469593048095703,0.004265546798706055,0.0017452239990234375
7169,0.0023088455200195312,0.003846406936645508,0.0015306472778320312
7170,0.0022902488708496094,0.003907203674316406,0.0014426708221435547
7171,0.0026941299438476562,0.003807544708251953,0.0014426708221435547
7172,0.0023043155670166016,0.004207134246826172,0.0014636516571044922
7173,0.002643108367919922,0.0044820308685302734,0.0014979839324951172
7174,0.002213001251220703,0.004616498947143555,0.0014672279357910156
7175,0.002115488052368164,0.003857135772705078,0.0015027523040771484
7176,0.0021932125091552734,0.003839254379272461,0.001547098159790039
7177,0.002075672149658203,0.0035979747772216797,0.0014846324920654297
7178,0.002405405044555664,0.003930568695068359,0.0014851093292236328
7179,0.0022156238555908203,0.0036602020263671875,0.001653432846069336
7180,0.002396106719970703,0.004950046539306641,0.0015044212341308594
7181,0.0025033950805664062,0.006699085235595703,0.0014138221740722656
7182,0.0023958683013916016,0.005933284759521484,0.0015194416046142578
7183,0.002211332321166992,0.005581378936767578,0.001379251480102539
7184,0.002432107925415039,0.004153013229370117,0.0015215873718261719
7185,0.0022559165954589844,0.004343271255493164,0.0013911724090576172
7186,0.0023653507232666016,0.0037789344787597656,0.0015256404876708984
7187,0.002341032028198242,0.003808259963989258,0.0015268325805664062
7188,0.002325296401977539,0.003906726837158203,0.0014462471008300781
7189,0.002051115036010742,0.003837108612060547,0.0018489360809326172
7190,0.0023343563079833984,0.003706693649291992,0.0015311241149902344
7191,0.002396821975708008,0.0041730403900146484,0.0015151500701904297
7192,0.002324819564819336,0.005651712417602539,0.0014734268188476562
7193,0.0022482872009277344,0.006185770034790039,0.0014896392822265625
7194,0.0023272037506103516,0.004972934722900391,0.0015344619750976562
7195,0.002115964889526367,0.003958225250244141,0.0015227794647216797
7196,0.002366304397583008,0.003878355026245117,0.00145721435546875
7197,0.0022242069244384766,0.004103899002075195,0.0014312267303466797
7198,0.0023179054260253906,0.00400996208190918,0.001497507095336914
7199,0.0022668838500976562,0.003937721252441406,0.0014984607696533203
7200,0.0024063587188720703,0.00396728515625,0.0017125606536865234
7201,0.0022733211517333984,0.0041179656982421875,0.0016667842864990234
7202,0.0024306774139404297,0.004364013671875,0.0014922618865966797
7203,0.0020754337310791016,0.004057407379150391,0.001489877700805664
7204,0.0022640228271484375,0.003665924072265625,0.0014736652374267578
7205,0.0022115707397460938,0.003942728042602539,0.0014955997467041016
7206,0.0023627281188964844,0.003871440887451172,0.0014729499816894531
7207,0.0021517276763916016,0.004023551940917969,0.0015244483947753906
7208,0.002343893051147461,0.0036110877990722656,0.0015492439270019531
7209,0.0020685195922851562,0.003943681716918945,0.0014972686767578125
7210,0.0023086071014404297,0.003753662109375,0.0018568038940429688
7211,0.002363443374633789,0.0038840770721435547,0.0015411376953125
7212,0.0023484230041503906,0.0043065547943115234,0.0014162063598632812
7213,0.0022695064544677734,0.004057407379150391,0.0014450550079345703
7214,0.0022673606872558594,0.004477977752685547,0.0015053749084472656
7215,0.002149343490600586,0.004364967346191406,0.0014851093292236328
7216,0.002360820770263672,0.004467964172363281,0.00152587890625
7217,0.0022363662719726562,0.005298614501953125,0.0014548301696777344
7218,0.0024487972259521484,0.003742694854736328,0.0015180110931396484
7219,0.0021944046020507812,0.004567861557006836,0.0015156269073486328
7220,0.0024106502532958984,0.0043599605560302734,0.001497507095336914
7221,0.0023224353790283203,0.005133867263793945,0.0016832351684570312
7222,0.0022454261779785156,0.007298469543457031,0.0014760494232177734
7223,0.002172231674194336,0.004518985748291016,0.0014576911926269531
7224,0.0024657249450683594,0.004597663879394531,0.0019373893737792969
7225,0.002177000045776367,0.0052678585052490234,0.001435995101928711
7226,0.002351522445678711,0.0038967132568359375,0.0015382766723632812
7227,0.0022263526916503906,0.003972053527832031,0.0015146732330322266
7228,0.002228260040283203,0.004114389419555664,0.001528024673461914
7229,0.00226593017578125,0.004200458526611328,0.0015134811401367188
7230,0.0022385120391845703,0.0037841796875,0.0015032291412353516
7231,0.0025794506072998047,0.0038299560546875,0.001741170883178711
7232,0.002427339553833008,0.0040514469146728516,0.0015366077423095703
7233,0.002179861068725586,0.003970623016357422,0.0014295578002929688
7234,0.0023696422576904297,0.0040454864501953125,0.0014896392822265625
7235,0.0021936893463134766,0.004125356674194336,0.0015704631805419922
7236,0.0023241043090820312,0.003907918930053711,0.001459360122680664
7237,0.002310037612915039,0.00518035888671875,0.0015184879302978516
7238,0.002468109130859375,0.0051157474517822266,0.001462697982788086
7239,0.0024073123931884766,0.0043637752532958984,0.001491546630859375
7240,0.0021681785583496094,0.004190683364868164,0.0015578269958496094
7241,0.0025217533111572266,0.00435328483581543,0.0015425682067871094
7242,0.0021164417266845703,0.004418134689331055,0.0017275810241699219
7243,0.0022592544555664062,0.0038979053497314453,0.0015802383422851562
7244,0.002095937728881836,0.003688335418701172,0.0015475749969482422
7245,0.0022039413452148438,0.003930091857910156,0.0014634132385253906
7246,0.0021414756774902344,0.003867626190185547,0.0014147758483886719
7247,0.0023660659790039062,0.003941059112548828,0.0015382766723632812
7248,0.002183198928833008,0.004093647003173828,0.0015327930450439453
7249,0.002325296401977539,0.003924131393432617,0.0015206336975097656
7250,0.0022428035736083984,0.003966093063354492,0.0014922618865966797
7251,0.002571582794189453,0.003872394561767578,0.0014657974243164062
7252,0.0021953582763671875,0.004460334777832031,0.0015919208526611328
7253,0.0023860931396484375,0.003968477249145508,0.0014958381652832031
7254,0.002194643020629883,0.004040241241455078,0.0015001296997070312
7255,0.0023097991943359375,0.00380706787109375,0.0014722347259521484
7256,0.00214385986328125,0.004031658172607422,0.00146484375
7257,0.0023355484008789062,0.0038094520568847656,0.0015101432800292969
7258,0.0022687911987304688,0.003899812698364258,0.0026879310607910156
7259,0.0023937225341796875,0.004215717315673828,0.001444101333618164
7260,0.0022487640380859375,0.00287628173828125,0.00144195556640625
7261,0.002513408660888672,0.0025610923767089844,0.0015113353729248047
7262,0.0021822452545166016,0.002778291702270508,0.001552581787109375
7263,0.0023005008697509766,0.0024700164794921875,0.0018377304077148438
7264,0.002214193344116211,0.002359151840209961,0.0016131401062011719
7265,0.0022721290588378906,0.0020253658294677734,0.0016231536865234375
7266,0.0021209716796875,0.0023393630981445312,0.0015416145324707031
7267,0.002343416213989258,0.002119302749633789,0.00159454345703125
7268,0.002044677734375,0.0022270679473876953,0.0014948844909667969
7269,0.002239227294921875,0.0022144317626953125,0.0015745162963867188
7270,0.002096414566040039,0.0024566650390625,0.0015988349914550781
7271,0.002607107162475586,0.0021398067474365234,0.0015354156494140625
7272,0.0022687911987304688,0.0027365684509277344,0.0014770030975341797
7273,0.0022225379943847656,0.002248525619506836,0.0016312599182128906
7274,0.002192974090576172,0.002195596694946289,0.0015196800231933594
7275,0.002271890640258789,0.0021011829376220703,0.0015256404876708984
7276,0.002111196517944336,0.0024042129516601562,0.0014789104461669922
7277,0.002306222915649414,0.0021619796752929688,0.0015168190002441406
7278,0.002123594284057617,0.0023360252380371094,0.0014667510986328125
7279,0.002274751663208008,0.0023660659790039062,0.0015125274658203125
7280,0.0022368431091308594,0.002431631088256836,0.0015072822570800781
7281,0.002695322036743164,0.002295970916748047,0.0014548301696777344
7282,0.002237558364868164,0.002625703811645508,0.0014717578887939453
7283,0.002410888671875,0.004420757293701172,0.0014522075653076172
7284,0.0020546913146972656,0.0023927688598632812,0.0017230510711669922
7285,0.0023031234741210938,0.0022525787353515625,0.001544952392578125
7286,0.002154111862182617,0.0037927627563476562,0.0014760494232177734
7287,0.002405881881713867,0.0037174224853515625,0.0014393329620361328
7288,0.002181529998779297,0.003910541534423828,0.0015676021575927734
7289,0.0023431777954101562,0.0032722949981689453,0.001453399658203125
7290,0.0021746158599853516,0.0038127899169921875,0.001499176025390625
7291,0.002528667449951172,0.0040967464447021484,0.0014917850494384766
7292,0.0022957324981689453,0.005607128143310547,0.001470804214477539
7293,0.0023391246795654297,0.00474858283996582,0.0014083385467529297
7294,0.0021724700927734375,0.0043201446533203125,0.001678466796875
7295,0.0022780895233154297,0.0039370059967041016,0.0014770030975341797
7296,0.002118349075317383,0.0041353702545166016,0.003400564193725586
7297,0.002319812774658203,0.0036127567291259766,0.0033063888549804688
7298,0.002184629440307617,0.0037000179290771484,0.002414703369140625
7299,0.002276897430419922,0.004570722579956055,0.0013670921325683594
7300,0.0021872520446777344,0.0039408206939697266,0.0013427734375
7301,0.0026092529296875,0.004098653793334961,0.0014843940734863281
7302,0.0022084712982177734,0.004793405532836914,0.0014743804931640625
7303,0.0023491382598876953,0.003918647766113281,0.001453399658203125
7304,0.0023550987243652344,0.003859281539916992,0.0016393661499023438
7305,0.0021588802337646484,0.005003213882446289,0.001692056655883789
7306,0.0023751258850097656,0.004111051559448242,0.0015194416046142578
7307,0.0022978782653808594,0.0040111541748046875,0.001489400863647461
7308,0.002386808395385742,0.005243778228759766,0.001523733139038086
7309,0.0021114349365234375,0.004508018493652344,0.0014796257019042969
7310,0.002363443374633789,0.004032135009765625,0.0015459060668945312
7311,0.0023593902587890625,0.0037279129028320312,0.0015735626220703125
7312,0.002440929412841797,0.004116058349609375,0.0015535354614257812
7313,0.002301454544067383,0.004331350326538086,0.0015273094177246094
7314,0.002433300018310547,0.0048563480377197266,0.001485586166381836
7315,0.0021812915802001953,0.004723787307739258,0.001890420913696289
7316,0.0023958683013916016,0.004241228103637695,0.0015506744384765625
7317,0.0021681785583496094,0.004246711730957031,0.0015654563903808594
7318,0.0023458003997802734,0.00506901741027832,0.0015590190887451172
7319,0.0022284984588623047,0.0041697025299072266,0.0015692710876464844
7320,0.002391338348388672,0.0041921138763427734,0.0014646053314208984
7321,0.0024411678314208984,0.004510641098022461,0.0014209747314453125
7322,0.002398252487182617,0.0065310001373291016,0.0014400482177734375
7323,0.0022013187408447266,0.005496501922607422,0.0013806819915771484
7324,0.0022552013397216797,0.003782033920288086,0.001474618911743164
7325,0.0022602081298828125,0.004102468490600586,0.0014660358428955078
7326,0.002315998077392578,0.004070281982421875,0.00165557861328125
7327,0.0021181106567382812,0.004321575164794922,0.0014727115631103516
7328,0.002324819564819336,0.003751516342163086,0.0015096664428710938
7329,0.0021271705627441406,0.003945827484130859,0.001447916030883789
7330,0.0024182796478271484,0.0038309097290039062,0.001459360122680664
7331,0.0024225711822509766,0.0035409927368164062,0.001371145248413086
7332,0.0023469924926757812,0.0038976669311523438,0.0014078617095947266
7333,0.002197265625,0.005124807357788086,0.0014393329620361328
7334,0.0023772716522216797,0.004197359085083008,0.0014760494232177734
7335,0.002258777618408203,0.004588603973388672,0.0015048980712890625
7336,0.0022966861724853516,0.00432896614074707,0.001718759536743164
7337,0.002198934555053711,0.0038285255432128906,0.0014934539794921875
7338,0.0022623538970947266,0.0036830902099609375,0.0016732215881347656
7339,0.0022940635681152344,0.004015922546386719,0.0014662742614746094
7340,0.002391338348388672,0.0040204524993896484,0.0014972686767578125
7341,0.0025987625122070312,0.0041043758392333984,0.0014874935150146484
7342,0.0024881362915039062,0.0043222904205322266,0.001512289047241211
7343,0.0023169517517089844,0.004008054733276367,0.001544952392578125
7344,0.0023610591888427734,0.003793001174926758,0.0015065670013427734
7345,0.002077341079711914,0.004040241241455078,0.0015113353729248047
7346,0.0023272037506103516,0.0036728382110595703,0.0015325546264648438
7347,0.002115964889526367,0.0039560794830322266,0.0017011165618896484
7348,0.0023238658905029297,0.003446340560913086,0.0014214515686035156
7349,0.0021085739135742188,0.0037384033203125,0.0014872550964355469
7350,0.002285480499267578,0.004656314849853516,0.00147247314453125
7351,0.0025551319122314453,0.00429224967956543,0.0015397071838378906
7352,0.0023877620697021484,0.004301309585571289,0.0014739036560058594
7353,0.0022420883178710938,0.0051882266998291016,0.0014963150024414062
7354,0.002316713333129883,0.0058057308197021484,0.0013649463653564453
7355,0.002228975296020508,0.005919456481933594,0.0014216899871826172
7356,0.002361297607421875,0.004178762435913086,0.0013689994812011719
7357,0.0020956993103027344,0.004497051239013672,0.0016589164733886719
7358,0.0023174285888671875,0.005387067794799805,0.0014438629150390625
7359,0.0021817684173583984,0.004079580307006836,0.0014870166778564453
7360,0.0023796558380126953,0.0037622451782226562,0.0014705657958984375
7361,0.002465486526489258,0.00470280647277832,0.0015103816986083984
7362,0.002474546432495117,0.005672454833984375,0.001470327377319336
7363,0.0022792816162109375,0.005599021911621094,0.0015091896057128906
7364,0.0023484230041503906,0.005251407623291016,0.0015575885772705078
7365,0.002045869827270508,0.004070281982421875,0.0015721321105957031
7366,0.0023260116577148438,0.0038514137268066406,0.0015482902526855469
7367,0.0021948814392089844,0.003914833068847656,0.0015630722045898438
7368,0.002433300018310547,0.003770112991333008,0.0017666816711425781
7369,0.0025794506072998047,0.0038111209869384766,0.001623392105102539
7370,0.002324342727661133,0.003530740737915039,0.0016021728515625
7371,0.0027513504028320312,0.004577159881591797,0.0014986991882324219
7372,0.0022313594818115234,0.004129171371459961,0.0016667842864990234
7373,0.0024912357330322266,0.0041294097900390625,0.0015268325805664062
7374,0.0022406578063964844,0.004108428955078125,0.0015180110931396484
7375,0.002176046371459961,0.004038572311401367,0.0013761520385742188
7376,0.002056598663330078,0.003778219223022461,0.001451253890991211
7377,0.002201557159423828,0.003820180892944336,0.0014448165893554688
7378,0.002002716064453125,0.003452301025390625,0.0017063617706298828
7379,0.0023055076599121094,0.004009723663330078,0.0014989376068115234
7380,0.002122640609741211,0.004013776779174805,0.0014677047729492188
7381,0.0025238990783691406,0.004217624664306641,0.0014750957489013672
7382,0.002238035202026367,0.004094600677490234,0.001558065414428711
7383,0.0023212432861328125,0.003797292709350586,0.0014634132385253906
7384,0.0022215843200683594,0.004083395004272461,0.0014867782592773438
7385,0.0023941993713378906,0.003703594207763672,0.0014491081237792969
7386,0.0022687911987304688,0.003902912139892578,0.0015113353729248047
7387,0.0024738311767578125,0.0036530494689941406,0.0014183521270751953
7388,0.0023021697998046875,0.0036454200744628906,0.0013954639434814453
7389,0.002432584762573242,0.00402522087097168,0.0016758441925048828
7390,0.002066373825073242,0.0056111812591552734,0.0014476776123046875
7391,0.0024900436401367188,0.003912925720214844,0.0014257431030273438
7392,0.0020380020141601562,0.004888057708740234,0.0014810562133789062
7393,0.0022373199462890625,0.004675388336181641,0.0014848709106445312
7394,0.002215862274169922,0.003918170928955078,0.0015053749084472656
7395,0.0023255348205566406,0.0036394596099853516,0.0014400482177734375
7396,0.002187967300415039,0.00496673583984375,0.0016024112701416016
7397,0.0023479461669921875,0.003970623016357422,0.0014104843139648438
7398,0.002200603485107422,0.004216432571411133,0.001516580581665039
7399,0.0022673606872558594,0.003930807113647461,0.0018639564514160156
7400,0.0022661685943603516,0.003814697265625,0.001598358154296875
7401,0.002531290054321289,0.003643512725830078,0.0014927387237548828
7402,0.0022454261779785156,0.005079746246337891,0.0014655590057373047
7403,0.0022635459899902344,0.004270792007446289,0.0015838146209716797
7404,0.002172708511352539,0.0045163631439208984,0.001527547836303711
7405,0.0023488998413085938,0.00398564338684082,0.0014882087707519531
7406,0.0022187232971191406,0.003945589065551758,0.0014693737030029297
7407,0.0023055076599121094,0.005211830139160156,0.001626729965209961
7408,0.0021004676818847656,0.005581855773925781,0.0015513896942138672
7409,0.0023670196533203125,0.0042972564697265625,0.0015149116516113281
7410,0.002252817153930664,0.004097461700439453,0.0016851425170898438
7411,0.0026085376739501953,0.0040988922119140625,0.0015385150909423828
7412,0.002253293991088867,0.004628181457519531,0.0016317367553710938
7413,0.0023446083068847656,0.0040967464447021484,0.0014841556549072266
7414,0.0021750926971435547,0.004884243011474609,0.0015056133270263672
7415,0.0023086071014404297,0.0054225921630859375,0.0015113353729248047
7416,0.002178192138671875,0.0049169063568115234,0.0015299320220947266
7417,0.002379179000854492,0.0035402774810791016,0.0015499591827392578
7418,0.002287626266479492,0.003663301467895508,0.0014452934265136719
7419,0.0022711753845214844,0.004124164581298828,0.0015499591827392578
7420,0.0022716522216796875,0.004137277603149414,0.0017511844635009766
7421,0.002702474594116211,0.00350189208984375,0.001512289047241211
7422,0.0022847652435302734,0.003972053527832031,0.0014278888702392578
7423,0.0024001598358154297,0.003632068634033203,0.0015492439270019531
7424,0.0023505687713623047,0.003950595855712891,0.0015518665313720703
7425,0.0025398731231689453,0.0037317276000976562,0.0014653205871582031
7426,0.002318859100341797,0.0038902759552001953,0.0015213489532470703
7427,0.002448558807373047,0.0036711692810058594,0.0015573501586914062
7428,0.0021331310272216797,0.004035472869873047,0.0015006065368652344
7429,0.002192258834838867,0.0038383007049560547,0.001451730728149414
7430,0.0020194053649902344,0.003978252410888672,0.0015063285827636719
7431,0.0025844573974609375,0.003642559051513672,0.0018024444580078125
7432,0.0021805763244628906,0.004179716110229492,0.0014767646789550781
7433,0.0023376941680908203,0.005110979080200195,0.0014443397521972656
7434,0.0024216175079345703,0.004213809967041016,0.001432657241821289
7435,0.002096414566040039,0.004121065139770508,0.0013947486877441406
7436,0.0023412704467773438,0.004322528839111328,0.001474142074584961
7437,0.002148866653442383,0.003763437271118164,0.0014033317565917969
7438,0.0024466514587402344,0.0039196014404296875,0.001538991928100586
7439,0.0020949840545654297,0.0037584304809570312,0.0016503334045410156
7440,0.0024580955505371094,0.004084110260009766,0.0015788078308105469
7441,0.0024862289428710938,0.004975080490112305,0.0018126964569091797
7442,0.002409219741821289,0.005319356918334961,0.0017621517181396484
7443,0.0023164749145507812,0.004060029983520508,0.0015149116516113281
7444,0.0022606849670410156,0.004226207733154297,0.001463174819946289
7445,0.002260446548461914,0.003772258758544922,0.0014178752899169922
7446,0.0022330284118652344,0.003863811492919922,0.0014922618865966797
7447,0.002213716506958008,0.0035681724548339844,0.0015130043029785156
7448,0.0024688243865966797,0.003900766372680664,0.0014562606811523438
7449,0.0021867752075195312,0.004193544387817383,0.0014142990112304688
7450,0.0024251937866210938,0.0039038658142089844,0.0014798641204833984
7451,0.0023915767669677734,0.0037915706634521484,0.0014765262603759766
7452,0.0022394657135009766,0.003966331481933594,0.001689910888671875
7453,0.002223968505859375,0.003906965255737305,0.0014579296112060547
7454,0.002317667007446289,0.0034437179565429688,0.0015337467193603516
7455,0.0022161006927490234,0.003988742828369141,0.0015420913696289062
7456,0.002296924591064453,0.003893136978149414,0.0015215873718261719
7457,0.0021207332611083984,0.0039746761322021484,0.0014910697937011719
7458,0.0022280216217041016,0.003926992416381836,0.0015671253204345703
7459,0.0020613670349121094,0.0040378570556640625,0.0015363693237304688
7460,0.0023114681243896484,0.004042148590087891,0.0014760494232177734
7461,0.0023632049560546875,0.004204273223876953,0.0014519691467285156
7462,0.002207040786743164,0.00440216064453125,0.001588582992553711
7463,0.0021512508392333984,0.004202842712402344,0.0015451908111572266
7464,0.0021970272064208984,0.0036902427673339844,0.0014507770538330078
7465,0.002000093460083008,0.004004716873168945,0.0014884471893310547
7466,0.002317667007446289,0.0038268566131591797,0.0014934539794921875
7467,0.0021409988403320312,0.004034519195556641,0.0015420913696289062
7468,0.002264261245727539,0.003570079803466797,0.0014312267303466797
7469,0.002141714096069336,0.0037584304809570312,0.0015325546264648438
7470,0.002294301986694336,0.0037910938262939453,0.0014965534210205078
7471,0.0025184154510498047,0.0041561126708984375,0.0014526844024658203
7472,0.002326488494873047,0.004116058349609375,0.0015134811401367188
7473,0.0020601749420166016,0.0037517547607421875,0.0016956329345703125
7474,0.0023965835571289062,0.004567146301269531,0.0015654563903808594
7475,0.0021834373474121094,0.0051958560943603516,0.0014824867248535156
7476,0.0024204254150390625,0.004819154739379883,0.001634359359741211
7477,0.002199888229370117,0.00540614128112793,0.0015904903411865234
7478,0.002315521240234375,0.004086732864379883,0.0015912055969238281
7479,0.0020563602447509766,0.004332065582275391,0.0015742778778076172
7480,0.0023186206817626953,0.003882169723510742,0.0014235973358154297
7481,0.0023164749145507812,0.0037086009979248047,0.0014939308166503906
7482,0.0024123191833496094,0.003894329071044922,0.0015821456909179688
7483,0.002163410186767578,0.0039119720458984375,0.0016193389892578125
7484,0.0023369789123535156,0.0037603378295898438,0.0015192031860351562
7485,0.002118825912475586,0.004037380218505859,0.0015184879302978516
7486,0.002179384231567383,0.0039403438568115234,0.0014755725860595703
7487,0.002088308334350586,0.0038449764251708984,0.0015568733215332031
7488,0.0022954940795898438,0.005048036575317383,0.0014407634735107422
7489,0.002134561538696289,0.0051081180572509766,0.0014388561248779297
7490,0.002379179000854492,0.004487752914428711,0.0014913082122802734
7491,0.002275705337524414,0.0051555633544921875,0.0014595985412597656
7492,0.0021827220916748047,0.0055921077728271484,0.0014834403991699219
7493,0.002150297164916992,0.004501819610595703,0.001421213150024414
7494,0.002337217330932617,0.0042493343353271484,0.0016903877258300781
7495,0.002071857452392578,0.004321098327636719,0.0014362335205078125
7496,0.0023314952850341797,0.0043032169342041016,0.001482248306274414
7497,0.002194643020629883,0.004004240036010742,0.001493692398071289
7498,0.0022056102752685547,0.0038318634033203125,0.0014753341674804688
7499,0.0023648738861083984,0.003850698471069336,0.0015902519226074219
7500,0.002084970474243164,0.0035538673400878906,0.0015404224395751953
7501,0.0025827884674072266,0.0036530494689941406,0.001508474349975586
7502,0.0021996498107910156,0.005007028579711914,0.001482248306274414
7503,0.0023908615112304688,0.00390625,0.001432180404663086
7504,0.0021915435791015625,0.0036776065826416016,0.0016324520111083984
7505,0.0023245811462402344,0.005187511444091797,0.00145721435546875
7506,0.0021719932556152344,0.004040241241455078,0.0014569759368896484
7507,0.002306699752807617,0.004249095916748047,0.0013885498046875
7508,0.002123594284057617,0.003813505172729492,0.0014653205871582031
7509,0.0024077892303466797,0.0039370059967041016,0.0015270709991455078
7510,0.0020956993103027344,0.003914356231689453,0.0014023780822753906
7511,0.0025620460510253906,0.004179954528808594,0.0016684532165527344
7512,0.0021533966064453125,0.004108428955078125,0.00151824951171875
7513,0.002221822738647461,0.0038907527923583984,0.0014879703521728516
7514,0.002259492874145508,0.004576921463012695,0.0015213489532470703
7515,0.002342700958251953,0.0050296783447265625,0.0017194747924804688
7516,0.0020685195922851562,0.0054090023040771484,0.001520395278930664
7517,0.0023343563079833984,0.004279136657714844,0.0014843940734863281
7518,0.002051830291748047,0.004032135009765625,0.001435995101928711
7519,0.002146005630493164,0.004235267639160156,0.0015130043029785156
7520,0.0021522045135498047,0.0041904449462890625,0.0015149116516113281
7521,0.0024979114532470703,0.003874540328979492,0.001417398452758789
7522,0.002162933349609375,0.004189491271972656,0.0014438629150390625
7523,0.0023009777069091797,0.003915071487426758,0.0015497207641601562
7524,0.0021162033081054688,0.0041697025299072266,0.0015609264373779297
7525,0.002103090286254883,0.0038144588470458984,0.0016782283782958984
7526,0.0019526481628417969,0.00393366813659668,0.0014259815216064453
7527,0.002199411392211914,0.003988027572631836,0.0016210079193115234
7528,0.0020585060119628906,0.0038254261016845703,0.0014870166778564453
7529,0.0022835731506347656,0.0035033226013183594,0.0014624595642089844
7530,0.0021889209747314453,0.003859281539916992,0.0014848709106445312
7531,0.002508878707885742,0.0039637088775634766,0.0014786720275878906
7532,0.002244710922241211,0.005732297897338867,0.0015892982482910156
7533,0.002384185791015625,0.003925323486328125,0.0015285015106201172
7534,0.0022270679473876953,0.004057168960571289,0.0015254020690917969
7535,0.0022916793823242188,0.003757476806640625,0.0014481544494628906
7536,0.002064943313598633,0.0039823055267333984,0.0016391277313232422
7537,0.002275705337524414,0.003774881362915039,0.001386880874633789
7538,0.0020990371704101562,0.0038483142852783203,0.0014824867248535156
7539,0.002293825149536133,0.0037653446197509766,0.0014388561248779297
7540,0.002057313919067383,0.0040280818939208984,0.0014867782592773438
7541,0.002402067184448242,0.0035843849182128906,0.0014574527740478516
7542,0.00212860107421875,0.0050811767578125,0.0014121532440185547
7543,0.002152681350708008,0.0044667720794677734,0.0014300346374511719
7544,0.0021619796752929688,0.004405975341796875,0.0015273094177246094
7545,0.002268075942993164,0.003995656967163086,0.0018391609191894531
7546,0.002074718475341797,0.004067659378051758,0.0018150806427001953
7547,0.002337217330932617,0.003701448440551758,0.001567840576171875
7548,0.003116607666015625,0.004038095474243164,0.0014622211456298828
7549,0.0024132728576660156,0.0034627914428710938,0.0015888214111328125
7550,0.002226591110229492,0.0049288272857666016,0.0015518665313720703
7551,0.002697467803955078,0.004317283630371094,0.0015411376953125
7552,0.0024771690368652344,0.004461050033569336,0.0014595985412597656
7553,0.002393007278442383,0.004168987274169922,0.0016620159149169922
7554,0.0021920204162597656,0.004010438919067383,0.0015621185302734375
7555,0.002067089080810547,0.003688812255859375,0.0015158653259277344
7556,0.0021576881408691406,0.004823923110961914,0.001501321792602539
7557,0.002338409423828125,0.004098176956176758,0.0016884803771972656
7558,0.0021982192993164062,0.004210948944091797,0.0015041828155517578
7559,0.0023839473724365234,0.0037620067596435547,0.0014629364013671875
7560,0.0020885467529296875,0.003787994384765625,0.001508474349975586
7561,0.0025866031646728516,0.0039479732513427734,0.0015494823455810547
7562,0.0022606849670410156,0.004288911819458008,0.0015170574188232422
7563,0.002256631851196289,0.0036842823028564453,0.0015490055084228516
7564,0.0022559165954589844,0.003955364227294922,0.0016341209411621094
7565,0.0022253990173339844,0.0038955211639404297,0.0015950202941894531
7566,0.0020880699157714844,0.0039789676666259766,0.001512765884399414
7567,0.002095937728881836,0.0037872791290283203,0.0017499923706054688
7568,0.002277374267578125,0.004728078842163086,0.0015001296997070312
7569,0.001977682113647461,0.0039055347442626953,0.001409292221069336
7570,0.002158641815185547,0.004297971725463867,0.0014271736145019531
7571,0.002330780029296875,0.0038671493530273438,0.0015077590942382812
7572,0.0023810863494873047,0.0041217803955078125,0.0014603137969970703
7573,0.0021212100982666016,0.003962278366088867,0.0014617443084716797
7574,0.0022373199462890625,0.003896951675415039,0.0014812946319580078
7575,0.0021665096282958984,0.0039577484130859375,0.0014429092407226562
7576,0.0022525787353515625,0.004140138626098633,0.0014102458953857422
7577,0.002155780792236328,0.003922462463378906,0.0014693737030029297
7578,0.002331256866455078,0.003795623779296875,0.001661539077758789
7579,0.0020215511322021484,0.005249977111816406,0.0017080307006835938
7580,0.0022377967834472656,0.005620241165161133,0.0014390945434570312
7581,0.002374887466430664,0.005079030990600586,0.0014858245849609375
7582,0.0024673938751220703,0.0045146942138671875,0.0015587806701660156
7583,0.0021543502807617188,0.003992319107055664,0.0015344619750976562
7584,0.0025026798248291016,0.004102468490600586,0.0015215873718261719
7585,0.002165555953979492,0.004130363464355469,0.0015766620635986328
7586,0.002470254898071289,0.0047070980072021484,0.0015630722045898438
7587,0.002158641815185547,0.005090236663818359,0.0015091896057128906
7588,0.002366304397583008,0.003924369812011719,0.0017480850219726562
7589,0.0021600723266601562,0.0038461685180664062,0.0014722347259521484
7590,0.00209808349609375,0.004478931427001953,0.0014545917510986328
7591,0.0022492408752441406,0.0039975643157958984,0.001476287841796875
7592,0.002279996871948242,0.004618167877197266,0.0014760494232177734
7593,0.002033710479736328,0.004363536834716797,0.0014719963073730469
7594,0.002285480499267578,0.003779888153076172,0.0014519691467285156
7595,0.0022292137145996094,0.0048313140869140625,0.0013642311096191406
7596,0.0021822452545166016,0.004185914993286133,0.0014259815216064453
7597,0.0020906925201416016,0.004033088684082031,0.0014164447784423828
7598,0.0022678375244140625,0.0038979053497314453,0.0014753341674804688
7599,0.0021643638610839844,0.004064321517944336,0.0016512870788574219
7600,0.0022792816162109375,0.004166841506958008,0.0015399456024169922
7601,0.09178853034973145,0.004109382629394531,0.0014917850494384766
7602,0.003143310546875,0.00445556640625,0.001470804214477539
7603,0.002315521240234375,0.003941774368286133,0.001413583755493164
7604,0.0023813247680664062,0.0038404464721679688,0.0014150142669677734
7605,0.0023610591888427734,0.004034996032714844,0.0014944076538085938
7606,0.0023686885833740234,0.0039942264556884766,0.0014874935150146484
7607,0.0022161006927490234,0.0039958953857421875,0.0014438629150390625
7608,0.0023069381713867188,0.0036945343017578125,0.001497030258178711
7609,0.002254962921142578,0.004624128341674805,0.0017347335815429688
7610,0.0024178028106689453,0.003918170928955078,0.0015301704406738281
7611,0.002292156219482422,0.004131317138671875,0.0015094280242919922
7612,0.002368927001953125,0.004044771194458008,0.0016167163848876953
7613,0.0022516250610351562,0.003804922103881836,0.0016567707061767578
7614,0.002414226531982422,0.0036792755126953125,0.0014574527740478516
7615,0.002284526824951172,0.003958940505981445,0.0014579296112060547
7616,0.0024330615997314453,0.003700733184814453,0.0014965534210205078
7617,0.002401113510131836,0.003950834274291992,0.0014085769653320312
7618,0.0022954940795898438,0.0037872791290283203,0.001485586166381836
7619,0.002289295196533203,0.003972530364990234,0.0014452934265136719
7620,0.0022809505462646484,0.003694295883178711,0.0016269683837890625
7621,0.002204418182373047,0.0038886070251464844,0.0014770030975341797
7622,0.002408742904663086,0.0049283504486083984,0.001512765884399414
7623,0.002053976058959961,0.005423069000244141,0.0014171600341796875
7624,0.002279996871948242,0.003988981246948242,0.0014193058013916016
7625,0.002037525177001953,0.004171848297119141,0.0014557838439941406
7626,0.0023353099822998047,0.004651308059692383,0.001501321792602539
7627,0.002175569534301758,0.0040819644927978516,0.0014913082122802734
7628,0.002129077911376953,0.004036664962768555,0.001516103744506836
7629,0.002348184585571289,0.004311561584472656,0.001495361328125
7630,0.002069234848022461,0.004593849182128906,0.0017428398132324219
7631,0.0023717880249023438,0.00428009033203125,0.0015437602996826172
7632,0.0021812915802001953,0.004599809646606445,0.0015366077423095703
7633,0.0023162364959716797,0.004418611526489258,0.0015060901641845703
7634,0.0021092891693115234,0.004257917404174805,0.0014739036560058594
7635,0.0022106170654296875,0.0038292407989501953,0.0014910697937011719
7636,0.0021703243255615234,0.0038404464721679688,0.0014495849609375
7637,0.0025243759155273438,0.0038955211639404297,0.001458883285522461
7638,0.0022382736206054688,0.0038700103759765625,0.0014162063598632812
7639,0.002284526824951172,0.0036427974700927734,0.0015614032745361328
7640,0.0021915435791015625,0.006017923355102539,0.0015265941619873047
7641,0.0023224353790283203,0.006891489028930664,0.0016481876373291016
7642,0.0022993087768554688,0.006453037261962891,0.0014820098876953125
7643,0.0023658275604248047,0.0050580501556396484,0.0014612674713134766
7644,0.0019791126251220703,0.003876209259033203,0.0013513565063476562
7645,0.0021467208862304688,0.004340648651123047,0.001483917236328125
7646,0.002263307571411133,0.004059791564941406,0.0014543533325195312
7647,0.0022945404052734375,0.0040435791015625,0.0013966560363769531
7648,0.002131223678588867,0.004257678985595703,0.0017142295837402344
7649,0.0022983551025390625,0.004479408264160156,0.0014808177947998047
7650,0.0019443035125732422,0.004195213317871094,0.0014884471893310547
7651,0.0020818710327148438,0.003779888153076172,0.001735687255859375
7652,0.0021123886108398438,0.004244327545166016,0.0015447139739990234
7653,0.002324342727661133,0.004031658172607422,0.0015392303466796875
7654,0.0021169185638427734,0.004300832748413086,0.001508474349975586
7655,0.002183675765991211,0.003786802291870117,0.0015304088592529297
7656,0.0021491050720214844,0.003997325897216797,0.001598358154296875
7657,0.002982616424560547,0.0038902759552001953,0.0014791488647460938
7658,0.0021996498107910156,0.0037741661071777344,0.0013718605041503906
7659,0.002343893051147461,0.003712177276611328,0.0014805793762207031
7660,0.0021545886993408203,0.00508570671081543,0.0014541149139404297
7661,0.0021431446075439453,0.004303693771362305,0.001462697982788086
7662,0.0020835399627685547,0.004384756088256836,0.0016694068908691406
7663,0.002387523651123047,0.0051419734954833984,0.0014693737030029297
7664,0.002204418182373047,0.005443096160888672,0.00145721435546875
7665,0.002437114715576172,0.005571842193603516,0.0014743804931640625
7666,0.0021491050720214844,0.004400730133056641,0.0015225410461425781
7667,0.002351045608520508,0.0037724971771240234,0.001491546630859375
7668,0.0021691322326660156,0.004270315170288086,0.0014832019805908203
7669,0.0023059844970703125,0.004225969314575195,0.0014939308166503906
7670,0.002255678176879883,0.0042552947998046875,0.0014450550079345703
7671,0.0021772384643554688,0.0042743682861328125,0.0013332366943359375
7672,0.0020532608032226562,0.004704475402832031,0.00177001953125
7673,0.0023193359375,0.004945516586303711,0.0014946460723876953
7674,0.002081632614135742,0.004285097122192383,0.001425027847290039
7675,0.0022504329681396484,0.004355669021606445,0.0014338493347167969
7676,0.0021359920501708984,0.004573345184326172,0.0014529228210449219
7677,0.0023000240325927734,0.0037987232208251953,0.0015106201171875
7678,0.002006053924560547,0.004029035568237305,0.001512289047241211
7679,0.0021715164184570312,0.0039882659912109375,0.0014586448669433594
7680,0.0021505355834960938,0.004062652587890625,0.0014605522155761719
7681,0.0022439956665039062,0.004770755767822266,0.0014634132385253906
7682,0.0020165443420410156,0.004114627838134766,0.0016186237335205078
7683,0.002257108688354492,0.004039764404296875,0.0016837120056152344
7684,0.0019881725311279297,0.004197597503662109,0.001468658447265625
7685,0.0023262500762939453,0.003653287887573242,0.0014357566833496094
7686,0.0021278858184814453,0.005472898483276367,0.001474142074584961
7687,0.0023872852325439453,0.004992485046386719,0.0014619827270507812
7688,0.0021049976348876953,0.005433320999145508,0.0014262199401855469
7689,0.002201080322265625,0.004329204559326172,0.0014798641204833984
7690,0.0021734237670898438,0.004357099533081055,0.0015845298767089844
7691,0.0023336410522460938,0.003766298294067383,0.0014638900756835938
7692,0.0022897720336914062,0.004245281219482422,0.0014193058013916016
7693,0.0021240711212158203,0.0038254261016845703,0.0017435550689697266
7694,0.0022611618041992188,0.0037648677825927734,0.001516103744506836
7695,0.0021867752075195312,0.004929065704345703,0.0014576911926269531
7696,0.002382040023803711,0.004686832427978516,0.0014913082122802734
7697,0.0024330615997314453,0.005091667175292969,0.0014805793762207031
7698,0.002299070358276367,0.004463911056518555,0.0014069080352783203
7699,0.002000570297241211,0.003954410552978516,0.001500844955444336
7700,0.002313852310180664,0.0042421817779541016,0.001495361328125
7701,0.002095460891723633,0.004228353500366211,0.0015382766723632812
7702,0.0022482872009277344,0.004837512969970703,0.0014083385467529297
7703,0.002156972885131836,0.004242897033691406,0.00145721435546875
7704,0.0020933151245117188,0.004335880279541016,0.0016889572143554688
7705,0.0021109580993652344,0.0043468475341796875,0.0014760494232177734
7706,0.0021986961364746094,0.004518747329711914,0.0015130043029785156
7707,0.002245187759399414,0.004276275634765625,0.0015118122100830078
7708,0.002254962921142578,0.004218339920043945,0.0014591217041015625
7709,0.0020575523376464844,0.004006385803222656,0.0014901161193847656
7710,0.0022881031036376953,0.004186391830444336,0.00141143798828125
7711,0.002005338668823242,0.005003452301025391,0.0014650821685791016
7712,0.0023419857025146484,0.006977081298828125,0.0013973712921142578
7713,0.0021545886993408203,0.0038154125213623047,0.0014870166778564453
7714,0.0022232532501220703,0.00354766845703125,0.0016965866088867188
7715,0.002016305923461914,0.0037467479705810547,0.0014841556549072266
7716,0.0021250247955322266,0.0036897659301757812,0.001543283462524414
7717,0.002280712127685547,0.00464940071105957,0.0017781257629394531
7718,0.002323627471923828,0.004057168960571289,0.0014922618865966797
7719,0.002172708511352539,0.004239797592163086,0.0014798641204833984
7720,0.002329587936401367,0.0038299560546875,0.0015914440155029297
7721,0.002145051956176758,0.0038666725158691406,0.0014989376068115234
7722,0.002270221710205078,0.004271507263183594,0.001486063003540039
7723,0.002200603485107422,0.00484919548034668,0.0014140605926513672
7724,0.002294301986694336,0.00529026985168457,0.0014293193817138672
7725,0.0020384788513183594,0.004088401794433594,0.0016696453094482422
7726,0.0020995140075683594,0.0039539337158203125,0.0015344619750976562
7727,0.002419710159301758,0.003751039505004883,0.0014791488647460938
7728,0.0022110939025878906,0.004731178283691406,0.001581430435180664
7729,0.002117633819580078,0.007268190383911133,0.0014071464538574219
7730,0.0022923946380615234,0.006106376647949219,0.0015597343444824219
7731,0.0019745826721191406,0.0038127899169921875,0.0014507770538330078
7732,0.002161264419555664,0.0042078495025634766,0.0014641284942626953
7733,0.002058744430541992,0.004057168960571289,0.0015058517456054688
7734,0.0022733211517333984,0.0038862228393554688,0.0014488697052001953
7735,0.0021080970764160156,0.004116058349609375,0.0016713142395019531
7736,0.002234220504760742,0.0039980411529541016,0.0014834403991699219
7737,0.002283334732055664,0.004124879837036133,0.0014722347259521484
7738,0.0022132396697998047,0.003943920135498047,0.0014603137969970703
7739,0.0021572113037109375,0.003987550735473633,0.0013391971588134766
7740,0.0023627281188964844,0.004372119903564453,0.0015172958374023438
7741,0.001977682113647461,0.0052013397216796875,0.0014677047729492188
7742,0.0021181106567382812,0.005170106887817383,0.0014605522155761719
7743,0.0019791126251220703,0.0062716007232666016,0.0014865398406982422
7744,0.002107381820678711,0.006013393402099609,0.0014791488647460938
7745,0.002170562744140625,0.004698753356933594,0.0014543533325195312
7746,0.002262592315673828,0.005322456359863281,0.0016620159149169922
7747,0.002340555191040039,0.004276275634765625,0.001428842544555664
7748,0.002344369888305664,0.0033016204833984375,0.0014967918395996094
7749,0.0020873546600341797,0.002597332000732422,0.0015058517456054688
7750,0.0022149085998535156,0.0023653507232666016,0.0014674663543701172
7751,0.002185821533203125,0.0022711753845214844,0.001463174819946289
7752,0.0021338462829589844,0.0024673938751220703,0.0015435218811035156
7753,0.002030611038208008,0.002448558807373047,0.0014684200286865234
7754,0.002303600311279297,0.0022106170654296875,0.0014998912811279297
7755,0.0020034313201904297,0.0022940635681152344,0.0015215873718261719
7756,0.002288341522216797,0.0020914077758789062,0.0016739368438720703
7757,0.002282857894897461,0.002366304397583008,0.0015718936920166016
7758,0.0021343231201171875,0.0022749900817871094,0.0015616416931152344
7759,0.0021774768829345703,0.003204345703125,0.0015285015106201172
7760,0.002113819122314453,0.004077911376953125,0.0014643669128417969
7761,0.0024378299713134766,0.004384279251098633,0.0015044212341308594
7762,0.0020885467529296875,0.00438690185546875,0.0015010833740234375
7763,0.0021696090698242188,0.002506256103515625,0.0013580322265625
7764,0.002218961715698242,0.0025179386138916016,0.0014562606811523438
7765,0.0022618770599365234,0.0028536319732666016,0.00148773193359375
7766,0.0021975040435791016,0.0022389888763427734,0.001386404037475586
7767,0.002529621124267578,0.002507925033569336,0.0016438961029052734
7768,0.0020089149475097656,0.00504612922668457,0.0014617443084716797
7769,0.0021343231201171875,0.002588510513305664,0.0014166831970214844
7770,0.002081632614135742,0.0024209022521972656,0.0015408992767333984
7771,0.0020990371704101562,0.0024614334106445312,0.001500844955444336
7772,0.0021331310272216797,0.002504110336303711,0.0014264583587646484
7773,0.0022430419921875,0.004648923873901367,0.0014219284057617188
7774,0.0021326541900634766,0.0044438838958740234,0.0015606880187988281
7775,0.0023615360260009766,0.005114316940307617,0.0014674663543701172
7776,0.002151966094970703,0.004108905792236328,0.0014722347259521484
7777,0.002447366714477539,0.004053592681884766,0.001692056655883789
7778,0.002213716506958008,0.0048902034759521484,0.00152587890625
7779,0.002145528793334961,0.004196882247924805,0.0013947486877441406
7780,0.0020258426666259766,0.004134654998779297,0.0014777183532714844
7781,0.0023746490478515625,0.0038657188415527344,0.0014920234680175781
7782,0.001996755599975586,0.004217386245727539,0.0015091896057128906
7783,0.0022611618041992188,0.003953456878662109,0.0014379024505615234
7784,0.0021178722381591797,0.004106044769287109,0.0014598369598388672
7785,0.0021429061889648438,0.003881216049194336,0.0014712810516357422
7786,0.0020911693572998047,0.004107475280761719,0.0016524791717529297
7787,0.002388477325439453,0.0038678646087646484,0.0014729499816894531
7788,0.0021800994873046875,0.003983497619628906,0.0016269683837890625
7789,0.002223491668701172,0.004708528518676758,0.001508474349975586
7790,0.0020568370819091797,0.003704547882080078,0.0014998912811279297
7791,0.0023882389068603516,0.0039556026458740234,0.0015444755554199219
7792,0.002073526382446289,0.004717588424682617,0.0015139579772949219
7793,0.0023360252380371094,0.0040988922119140625,0.0014503002166748047
7794,0.002207040786743164,0.004107236862182617,0.0014841556549072266
7795,0.002218484878540039,0.003896474838256836,0.0014979839324951172
7796,0.0020563602447509766,0.004024505615234375,0.0015294551849365234
7797,0.002275228500366211,0.004430294036865234,0.001435995101928711
7798,0.002061605453491211,0.003957509994506836,0.0016970634460449219
7799,0.0022857189178466797,0.004090785980224609,0.0015671253204345703
7800,0.0021514892578125,0.004362821578979492,0.00142669677734375
7801,0.002222299575805664,0.004261016845703125,0.001371622085571289
7802,0.0022046566009521484,0.004493236541748047,0.0014913082122802734
7803,0.002168416976928711,0.004317045211791992,0.0014715194702148438
7804,0.002053976058959961,0.0044651031494140625,0.0014700889587402344
7805,0.0022830963134765625,0.0042171478271484375,0.0014696121215820312
7806,0.002058267593383789,0.004448413848876953,0.0014057159423828125
7807,0.0023713111877441406,0.003941059112548828,0.001451730728149414
7808,0.0021691322326660156,0.004062652587890625,0.0014834403991699219
7809,0.002239227294921875,0.004009723663330078,0.0016798973083496094
7810,0.002141237258911133,0.003946065902709961,0.001409292221069336
7811,0.0022318363189697266,0.0037391185760498047,0.0014774799346923828
7812,0.0020618438720703125,0.004223346710205078,0.0014941692352294922
7813,0.0022325515747070312,0.003648042678833008,0.0015788078308105469
7814,0.0021469593048095703,0.0038018226623535156,0.0014612674713134766
7815,0.0023245811462402344,0.004662752151489258,0.0014812946319580078
7816,0.002027273178100586,0.004478931427001953,0.0015130043029785156
7817,0.002323627471923828,0.0043375492095947266,0.001405477523803711
7818,0.002113819122314453,0.004424571990966797,0.0015232563018798828
7819,0.002103090286254883,0.0039174556732177734,0.0017707347869873047
7820,0.0021581649780273438,0.004040956497192383,0.0016219615936279297
7821,0.0022497177124023438,0.003953218460083008,0.0014834403991699219
7822,0.002063274383544922,0.0045850276947021484,0.0014843940734863281
7823,0.0022377967834472656,0.0039038658142089844,0.0015368461608886719
7824,0.002046823501586914,0.004022359848022461,0.0014824867248535156
7825,0.002020597457885742,0.003736734390258789,0.0014340877532958984
7826,0.002325773239135742,0.003825664520263672,0.0015118122100830078
7827,0.002326488494873047,0.003870725631713867,0.001505136489868164
7828,0.0022759437561035156,0.003982067108154297,0.0015387535095214844
7829,0.0021750926971435547,0.0038497447967529297,0.0013947486877441406
7830,0.0022597312927246094,0.0050394535064697266,0.001699686050415039
7831,0.002169370651245117,0.006201505661010742,0.0014767646789550781
7832,0.002409219741821289,0.0050046443939208984,0.0021317005157470703
7833,0.0019192695617675781,0.0034062862396240234,0.0014142990112304688
7834,0.0022916793823242188,0.003622770309448242,0.0015039443969726562
7835,0.0021867752075195312,0.004027843475341797,0.0015244483947753906
7836,0.0022575855255126953,0.0041849613189697266,0.0015375614166259766
7837,0.0022971630096435547,0.00393986701965332,0.0013911724090576172
7838,0.002232789993286133,0.0038428306579589844,0.0028162002563476562
7839,0.0020754337310791016,0.0037467479705810547,0.00148773193359375
7840,0.0022754669189453125,0.004271507263183594,0.0018024444580078125
7841,0.002007007598876953,0.003964424133300781,0.001516580581665039
7842,0.002312183380126953,0.005442619323730469,0.0014252662658691406
7843,0.002094268798828125,0.0038118362426757812,0.0015211105346679688
7844,0.002275705337524414,0.003816843032836914,0.0013608932495117188
7845,0.002133607864379883,0.003836393356323242,0.0013434886932373047
7846,0.0021669864654541016,0.0048329830169677734,0.0014486312866210938
7847,0.002359151840209961,0.006157398223876953,0.0014901161193847656
7848,0.002168416976928711,0.005067348480224609,0.0014905929565429688
7849,0.002079010009765625,0.005319118499755859,0.0014600753784179688
7850,0.002195596694946289,0.004834413528442383,0.0014104843139648438
7851,0.002025127410888672,0.003957033157348633,0.0017046928405761719
7852,0.0021734237670898438,0.0043485164642333984,0.001493215560913086
7853,0.002186298370361328,0.0056018829345703125,0.0014603137969970703
7854,0.00231170654296875,0.004393577575683594,0.0014545917510986328
7855,0.0021409988403320312,0.003850221633911133,0.0017998218536376953
7856,0.002297639846801758,0.0036776065826416016,0.0014770030975341797
7857,0.0022084712982177734,0.004078865051269531,0.0015141963958740234
7858,0.0021486282348632812,0.0038957595825195312,0.0014307498931884766
7859,0.0021600723266601562,0.0039055347442626953,0.001535654067993164
7860,0.0020427703857421875,0.003795623779296875,0.0014100074768066406
7861,0.0019159317016601562,0.003885507583618164,0.0018055438995361328
7862,0.002318143844604492,0.0038819313049316406,0.0015387535095214844
7863,0.0021533966064453125,0.003945827484130859,0.0015065670013427734
7864,0.002265453338623047,0.004058122634887695,0.0015015602111816406
7865,0.0020797252655029297,0.004159450531005859,0.0015113353729248047
7866,0.00225067138671875,0.003785371780395508,0.0014429092407226562
7867,0.0022852420806884766,0.004198789596557617,0.0015034675598144531
7868,0.002267599105834961,0.003958463668823242,0.0014433860778808594
7869,0.0022733211517333984,0.0040433406829833984,0.0014567375183105469
7870,0.002225637435913086,0.0036737918853759766,0.0014886856079101562
7871,0.00200653076171875,0.003713846206665039,0.001495361328125
7872,0.0023336410522460938,0.003986358642578125,0.0016803741455078125
7873,0.0020945072174072266,0.003913402557373047,0.001478433609008789
7874,0.002378225326538086,0.004744291305541992,0.0014045238494873047
7875,0.0021560192108154297,0.004019498825073242,0.0014109611511230469
7876,0.0022003650665283203,0.0039441585540771484,0.0014901161193847656
7877,0.002122163772583008,0.004242658615112305,0.0014674663543701172
7878,0.002052783966064453,0.0040547847747802734,0.0015032291412353516
7879,0.002019643783569336,0.0036575794219970703,0.001481771469116211
7880,0.0022308826446533203,0.003692626953125,0.0015251636505126953
7881,0.0021028518676757812,0.004233360290527344,0.0014493465423583984
7882,0.0022766590118408203,0.004318952560424805,0.0017559528350830078
7883,0.0020782947540283203,0.004158496856689453,0.0014786720275878906
7884,0.002196073532104492,0.003881692886352539,0.0015156269073486328
7885,0.0020868778228759766,0.0040662288665771484,0.0014564990997314453
7886,0.0023682117462158203,0.0037169456481933594,0.001451253890991211
7887,0.0021162033081054688,0.0038785934448242188,0.001409769058227539
7888,0.0019986629486083984,0.004663228988647461,0.0014719963073730469
7889,0.0023093223571777344,0.0037775039672851562,0.0017445087432861328
7890,0.002117633819580078,0.003832101821899414,0.0015037059783935547
7891,0.002270936965942383,0.005470752716064453,0.0014622211456298828
7892,0.001961231231689453,0.00432896614074707,0.0014903545379638672
7893,0.002193927764892578,0.0045015811920166016,0.0017170906066894531
7894,0.0019991397857666016,0.004350900650024414,0.0015196800231933594
7895,0.0023789405822753906,0.0042514801025390625,0.0014913082122802734
7896,0.0021119117736816406,0.0039958953857421875,0.0014934539794921875
7897,0.0024318695068359375,0.004121541976928711,0.0014503002166748047
7898,0.0019919872283935547,0.003682374954223633,0.0014259815216064453
7899,0.002377748489379883,0.005956888198852539,0.0014920234680175781
7900,0.0021123886108398438,0.0062520503997802734,0.0015442371368408203
7901,0.0024030208587646484,0.00563502311706543,0.001455068588256836
7902,0.0021648406982421875,0.005049705505371094,0.001455068588256836
7903,0.0021915435791015625,0.003948688507080078,0.0016939640045166016
7904,0.0021066665649414062,0.0036177635192871094,0.0014536380767822266
7905,0.0021677017211914062,0.003910541534423828,0.0015194416046142578
7906,0.002168416976928711,0.003579854965209961,0.0015108585357666016
7907,0.002540111541748047,0.004996061325073242,0.0015201568603515625
7908,0.0021712779998779297,0.0038938522338867188,0.0014672279357910156
7909,0.002309560775756836,0.00420069694519043,0.00146484375
7910,0.0020470619201660156,0.0039033889770507812,0.0015654563903808594
7911,0.0022084712982177734,0.003977775573730469,0.0014874935150146484
7912,0.002100229263305664,0.005554914474487305,0.0015931129455566406
7913,0.0024023056030273438,0.0055959224700927734,0.0015461444854736328
7914,0.0019314289093017578,0.004273176193237305,0.005411863327026367
7915,0.0020949840545654297,0.004095792770385742,0.0015909671783447266
7916,0.0020465850830078125,0.0036857128143310547,0.0014734268188476562
7917,0.0025436878204345703,0.0037689208984375,0.0014815330505371094
7918,0.0021445751190185547,0.005006074905395508,0.0014514923095703125
7919,0.0022737979888916016,0.0038580894470214844,0.0014569759368896484
7920,0.0020093917846679688,0.004341602325439453,0.0014841556549072266
7921,0.0022401809692382812,0.004415750503540039,0.0014820098876953125
7922,0.0022776126861572266,0.004439115524291992,0.0014910697937011719
7923,0.0022711753845214844,0.004848957061767578,0.0014312267303466797
7924,0.002119779586791992,0.004369497299194336,0.0018448829650878906
7925,0.002289295196533203,0.004144906997680664,0.0014128684997558594
7926,0.0022432804107666016,0.004134416580200195,0.0014905929565429688
7927,0.0024251937866210938,0.003802061080932617,0.0014541149139404297
7928,0.00225067138671875,0.005175113677978516,0.0014908313751220703
7929,0.00225830078125,0.005368232727050781,0.0014832019805908203
7930,0.0022933483123779297,0.005177736282348633,0.0015168190002441406
7931,0.0022559165954589844,0.005432844161987305,0.0015368461608886719
7932,0.0020227432250976562,0.005982637405395508,0.0014400482177734375
7933,0.002171039581298828,0.004349470138549805,0.0014655590057373047
7934,0.0022051334381103516,0.003960847854614258,0.0014944076538085938
7935,0.0024662017822265625,0.0038614273071289062,0.001665353775024414
7936,0.0022134780883789062,0.0042877197265625,0.0015196800231933594
7937,0.002460002899169922,0.003904104232788086,0.0015017986297607422
7938,0.002117633819580078,0.003912210464477539,0.0015108585357666016
7939,0.0021944046020507812,0.0037326812744140625,0.0015010833740234375
7940,0.0021708011627197266,0.004002809524536133,0.0015058517456054688
7941,0.002037525177001953,0.0054852962493896484,0.0014507770538330078
7942,0.001882314682006836,0.007312774658203125,0.0015103816986083984
7943,0.002153635025024414,0.006173610687255859,0.0014629364013671875
7944,0.0020389556884765625,0.005646228790283203,0.0015268325805664062
7945,0.0022263526916503906,0.003841400146484375,0.0017392635345458984
7946,0.002242565155029297,0.0039899349212646484,0.00151824951171875
7947,0.0022940635681152344,0.0038950443267822266,0.001577138900756836
7948,0.002016782760620117,0.00506138801574707,0.0015225410461425781
7949,0.0021715164184570312,0.004090547561645508,0.0015451908111572266
7950,0.002174854278564453,0.0043985843658447266,0.0015130043029785156
7951,0.0022110939025878906,0.0040128231048583984,0.001544952392578125
7952,0.0022513866424560547,0.004342079162597656,0.001493692398071289
7953,0.0022125244140625,0.004048824310302734,0.0036160945892333984
7954,0.002330780029296875,0.004095792770385742,0.0017004013061523438
7955,0.0022115707397460938,0.003958702087402344,0.0017199516296386719
7956,0.0024836063385009766,0.004217863082885742,0.001965761184692383
7957,0.0023946762084960938,0.004072666168212891,0.001977205276489258
7958,0.0022249221801757812,0.004065990447998047,0.003711223602294922
7959,0.002086162567138672,0.003706693649291992,0.0030755996704101562
7960,0.002225160598754883,0.003968715667724609,0.0029201507568359375
7961,0.0021209716796875,0.0038251876831054688,0.0032215118408203125
7962,0.0023517608642578125,0.004197120666503906,0.003290414810180664
7963,0.0021293163299560547,0.0038254261016845703,0.0032160282135009766
7964,0.0023369789123535156,0.0042340755462646484,0.0041751861572265625
7965,0.0021653175354003906,0.004281282424926758,0.0030274391174316406
7966,0.0023183822631835938,0.004314422607421875,0.0034160614013671875
7967,0.002431154251098633,0.0038390159606933594,0.003181934356689453
7968,0.0019941329956054688,0.00414276123046875,0.0030291080474853516
7969,0.0018935203552246094,0.004016399383544922,0.004327058792114258
7970,0.002207517623901367,0.004117250442504883,0.003159761428833008
7971,0.0019044876098632812,0.003797292709350586,0.0031168460845947266
7972,0.0021681785583496094,0.00419926643371582,0.0030274391174316406
7973,0.0021200180053710938,0.0040395259857177734,0.002881765365600586
7974,0.0021173954010009766,0.004162311553955078,0.003096342086791992
7975,0.0020265579223632812,0.003793001174926758,0.004277229309082031
7976,0.0021982192993164062,0.003954172134399414,0.0033791065216064453
7977,0.0024046897888183594,0.004062175750732422,0.0035982131958007812
7978,0.002292156219482422,0.00422358512878418,0.0031299591064453125
7979,0.0021331310272216797,0.003724336624145508,0.0029702186584472656
7980,0.002354860305786133,0.00412440299987793,0.0029249191284179688
7981,0.002227306365966797,0.004132509231567383,0.003937244415283203
7982,0.002166271209716797,0.004110097885131836,0.0039653778076171875
7983,0.0022268295288085938,0.003933429718017578,0.002922534942626953
7984,0.0021224021911621094,0.004065990447998047,0.0042266845703125
7985,0.002223491668701172,0.004117488861083984,0.00437617301940918
7986,0.0020825862884521484,0.004691123962402344,0.003009796142578125
7987,0.0023534297943115234,0.004093647003173828,0.003353595733642578
7988,0.0021469593048095703,0.00539398193359375,0.003107786178588867
7989,0.0023403167724609375,0.004601001739501953,0.002914905548095703
7990,0.0021712779998779297,0.005227804183959961,0.002907276153564453
7991,0.0022346973419189453,0.00619816780090332,0.004022121429443359
7992,0.0020499229431152344,0.006567955017089844,0.004296302795410156
7993,0.0022737979888916016,0.00465703010559082,0.004240274429321289
7994,0.0022161006927490234,0.0035758018493652344,0.003020763397216797
7995,0.002192974090576172,0.0040318965911865234,0.0029115676879882812
7996,0.002002716064453125,0.005002021789550781,0.0027730464935302734
7997,0.002447366714477539,0.004868745803833008,0.0030214786529541016
7998,0.002238750457763672,0.004015207290649414,0.0032901763916015625
7999,0.002183675765991211,0.004190683364868164,0.003101348876953125
8000,0.0021276473999023438,0.003859281539916992,0.0031080245971679688
8001,0.0020999908447265625,0.00397491455078125,0.0031239986419677734
8002,0.002106904983520508,0.004195451736450195,0.003030061721801758
8003,0.0022161006927490234,0.004136562347412109,0.0030257701873779297
8004,0.0021483898162841797,0.0037720203399658203,0.0039215087890625
8005,0.0023124217987060547,0.003947019577026367,0.0032117366790771484
8006,0.0021131038665771484,0.003983974456787109,0.0030450820922851562
8007,0.002490997314453125,0.004190206527709961,0.0031082630157470703
8008,0.002096414566040039,0.004845142364501953,0.003217458724975586
8009,0.002316713333129883,0.004296541213989258,0.002923250198364258
8010,0.002112150192260742,0.004286050796508789,0.0029807090759277344
8011,0.0022084712982177734,0.0042493343353271484,0.002961397171020508
8012,0.002115488052368164,0.0043544769287109375,0.0036525726318359375
8013,0.002328634262084961,0.004052639007568359,0.00458216667175293
8014,0.0019888877868652344,0.003820657730102539,0.0034041404724121094
8015,0.0023326873779296875,0.004004955291748047,0.0034284591674804688
8016,0.002183675765991211,0.004321575164794922,0.0031926631927490234
8017,0.0024607181549072266,0.005423307418823242,0.0032825469970703125
8018,0.002010822296142578,0.0038628578186035156,0.0031969547271728516
8019,0.0020842552185058594,0.004106283187866211,0.003274679183959961
8020,0.0020606517791748047,0.00410771369934082,0.002791881561279297
8021,0.0022802352905273438,0.004018068313598633,0.0027647018432617188
8022,0.002042531967163086,0.004048347473144531,0.0028634071350097656
8023,0.0021064281463623047,0.003928422927856445,0.003028392791748047
8024,0.0020978450775146484,0.003782033920288086,0.0041162967681884766
8025,0.002312898635864258,0.0040166378021240234,0.0034668445587158203
8026,0.002141714096069336,0.0038421154022216797,0.003396749496459961
8027,0.002530336380004883,0.003913164138793945,0.0044536590576171875
8028,0.0019626617431640625,0.0039119720458984375,0.0040988922119140625
8029,0.00240325927734375,0.004380226135253906,0.0045430660247802734
8030,0.002207040786743164,0.003931283950805664,0.0035178661346435547
8031,0.002270221710205078,0.003963470458984375,0.0034885406494140625
8032,0.0021190643310546875,0.003963947296142578,0.0032312870025634766
8033,0.0022306442260742188,0.004154205322265625,0.0031766891479492188
8034,0.002122163772583008,0.0041027069091796875,0.00323486328125
8035,0.002216815948486328,0.003967761993408203,0.003251791000366211
8036,0.002285480499267578,0.0037584304809570312,0.003089427947998047
8037,0.0024957656860351562,0.0039288997650146484,0.0028650760650634766
8038,0.0020949840545654297,0.003777742385864258,0.0028579235076904297
8039,0.0022683143615722656,0.0039598941802978516,0.0029807090759277344
8040,0.0022933483123779297,0.003911256790161133,0.004239797592163086
8041,0.002190113067626953,0.004938840866088867,0.003950595855712891
8042,0.002185344696044922,0.004199981689453125,0.003032684326171875
8043,0.0023643970489501953,0.0042438507080078125,0.00463414192199707
8044,0.002308368682861328,0.004446983337402344,0.0030655860900878906
8045,0.0021190643310546875,0.0044708251953125,0.0030858516693115234
8046,0.002210378646850586,0.0040857791900634766,0.0030798912048339844
8047,0.002344846725463867,0.003922462463378906,0.0029854774475097656
8048,0.0023412704467773438,0.0039920806884765625,0.003991127014160156
8049,0.00201416015625,0.004029989242553711,0.0033147335052490234
8050,0.0020294189453125,0.004057884216308594,0.0036475658416748047
8051,0.002061128616333008,0.0038001537322998047,0.003437042236328125
8052,0.0024929046630859375,0.004370212554931641,0.0030660629272460938
8053,0.002119779586791992,0.0037758350372314453,0.0027818679809570312
8054,0.002256155014038086,0.0039081573486328125,0.003911733627319336
8055,0.0020208358764648438,0.004037618637084961,0.0032494068145751953
8056,0.0022530555725097656,0.00444793701171875,0.003135204315185547
8057,0.00226593017578125,0.004109382629394531,0.0032455921173095703
8058,0.0022895336151123047,0.004019021987915039,0.002959012985229492
8059,0.0020971298217773438,0.0038900375366210938,0.0028977394104003906
8060,0.002244710922241211,0.0038568973541259766,0.002824544906616211
8061,0.002112150192260742,0.003907203674316406,0.00438690185546875
8062,0.002217531204223633,0.004652500152587891,0.0035698413848876953
8063,0.0021812915802001953,0.004240512847900391,0.004168033599853516
8064,0.0023217201232910156,0.004422187805175781,0.004549503326416016
8065,0.0021669864654541016,0.003933906555175781,0.003252267837524414
8066,0.0023343563079833984,0.0040667057037353516,0.003335714340209961
8067,0.002353668212890625,0.004007816314697266,0.0033957958221435547
8068,0.002091646194458008,0.0048847198486328125,0.003046274185180664
8069,0.0022001266479492188,0.007050991058349609,0.0030317306518554688
8070,0.002360820770263672,0.005194664001464844,0.0028531551361083984
8071,0.002172231674194336,0.0037147998809814453,0.0032777786254882812
8072,0.0021944046020507812,0.005013704299926758,0.0029761791229248047
8073,0.0019893646240234375,0.0043621063232421875,0.0029745101928710938
8074,0.002160310745239258,0.004213571548461914,0.003905773162841797
8075,0.0020406246185302734,0.003953456878662109,0.003519296646118164
8076,0.002107858657836914,0.004051685333251953,0.003393411636352539
8077,0.0022745132446289062,0.0038268566131591797,0.0033025741577148438
8078,0.00229644775390625,0.0040607452392578125,0.0028977394104003906
8079,0.0021867752075195312,0.003942251205444336,0.002826213836669922
8080,0.0023610591888427734,0.004876613616943359,0.004019260406494141
8081,0.0021157264709472656,0.003818035125732422,0.0034856796264648438
8082,0.0024366378784179688,0.004369974136352539,0.0038080215454101562
8083,0.0020303726196289062,0.004357337951660156,0.0032644271850585938
8084,0.0022966861724853516,0.004657268524169922,0.004141092300415039
8085,0.0021848678588867188,0.0038650035858154297,0.0033750534057617188
8086,0.0022432804107666016,0.00505518913269043,0.0032927989959716797
8087,0.0023233890533447266,0.004206657409667969,0.003467082977294922
8088,0.0023026466369628906,0.0042116641998291016,0.0032701492309570312
8089,0.0020666122436523438,0.004119157791137695,0.0030083656311035156
8090,0.002332448959350586,0.0044002532958984375,0.0032186508178710938
8091,0.0022094249725341797,0.004136562347412109,0.003041505813598633
8092,0.0022897720336914062,0.0047113895416259766,0.004378795623779297
8093,0.0021202564239501953,0.003973245620727539,0.0032982826232910156
8094,0.0022478103637695312,0.003957033157348633,0.003131866455078125
8095,0.002274036407470703,0.003695964813232422,0.003111124038696289
8096,0.0023741722106933594,0.004014015197753906,0.0030465126037597656
8097,0.0024209022521972656,0.004016399383544922,0.002978086471557617
8098,0.002368927001953125,0.003927469253540039,0.004309892654418945
8099,0.0022249221801757812,0.003775358200073242,0.003328561782836914
8100,0.0022552013397216797,0.005035400390625,0.003248929977416992
8101,0.0021398067474365234,0.0041046142578125,0.003188610076904297
8102,0.002259492874145508,0.005578041076660156,0.002858400344848633
8103,0.002081632614135742,0.0055658817291259766,0.004123210906982422
8104,0.0021085739135742188,0.005353450775146484,0.003965139389038086
8105,0.0021288394927978516,0.0058705806732177734,0.003049135208129883
8106,0.0024194717407226562,0.0039844512939453125,0.004214763641357422
8107,0.00231170654296875,0.003705739974975586,0.004170894622802734
8108,0.0023391246795654297,0.004189729690551758,0.0028684139251708984
8109,0.0023696422576904297,0.004167795181274414,0.002935171127319336
8110,0.0019350051879882812,0.00422978401184082,0.004133701324462891
8111,0.0021920204162597656,0.00393986701965332,0.004508018493652344
8112,0.0022153854370117188,0.005425691604614258,0.0034134387969970703
8113,0.002295255661010742,0.004423618316650391,0.004112720489501953
8114,0.0021638870239257812,0.004297494888305664,0.004312992095947266
8115,0.0022559165954589844,0.004157066345214844,0.0037648677825927734
8116,0.0020618438720703125,0.00415802001953125,0.003729104995727539
8117,0.002505064010620117,0.0045168399810791016,0.0028777122497558594
8118,0.002120494842529297,0.0038967132568359375,0.0046885013580322266
8119,0.0022618770599365234,0.003988742828369141,0.004476308822631836
8120,0.0021915435791015625,0.003927707672119141,0.0040051937103271484
8121,0.0023314952850341797,0.003996610641479492,0.0038840770721435547
8122,0.0022034645080566406,0.0038390159606933594,0.00386810302734375
8123,0.00243377685546875,0.0039052963256835938,0.0034394264221191406
8124,0.002256155014038086,0.004125833511352539,0.003175497055053711
8125,0.002424955368041992,0.004166841506958008,0.004353046417236328
8126,0.002223968505859375,0.0036478042602539062,0.00353240966796875
8127,0.002436399459838867,0.003919124603271484,0.0033240318298339844
8128,0.002062559127807617,0.0038933753967285156,0.0031652450561523438
8129,0.0022385120391845703,0.0039937496185302734,0.0030975341796875
8130,0.0020308494567871094,0.003791332244873047,0.003200531005859375
8131,0.0021703243255615234,0.0037360191345214844,0.003080129623413086
8132,0.0019652843475341797,0.0038247108459472656,0.0029976367950439453
8133,0.0022630691528320312,0.011790990829467773,0.003119945526123047
8134,0.002080678939819336,0.004732370376586914,0.004286050796508789
8135,0.002246856689453125,0.004527091979980469,0.003617525100708008
8136,0.0020775794982910156,0.0043408870697021484,0.0031163692474365234
8137,0.0024306774139404297,0.005083799362182617,0.002875089645385742
8138,0.0022394657135009766,0.0040814876556396484,0.004107236862182617
8139,0.002234220504760742,0.004567623138427734,0.003376483917236328
8140,0.0021440982818603516,0.004261970520019531,0.0031583309173583984
8141,0.002109050750732422,0.0039479732513427734,0.0030755996704101562
8142,0.002179861068725586,0.004248142242431641,0.003974437713623047
8143,0.002190828323364258,0.0042154788970947266,0.0030722618103027344
8144,0.0021309852600097656,0.003871440887451172,0.003677845001220703
8145,0.0022416114807128906,0.004033088684082031,0.003859281539916992
8146,0.0021886825561523438,0.00394892692565918,0.0034933090209960938
8147,0.0023365020751953125,0.004150867462158203,0.0029022693634033203
8148,0.001974821090698242,0.003925800323486328,0.0031108856201171875
8149,0.002384185791015625,0.0040590763092041016,0.003075838088989258
8150,0.0022430419921875,0.00401759147644043,0.003170490264892578
8151,0.002358675003051758,0.00421595573425293,0.0029985904693603516
8152,0.0022344589233398438,0.004195213317871094,0.004118680953979492
8153,0.002306699752807617,0.004219770431518555,0.003023386001586914
8154,0.002048969268798828,0.003939390182495117,0.00342559814453125
8155,0.0020933151245117188,0.004137754440307617,0.0032083988189697266
8156,0.002105712890625,0.003880023956298828,0.001863718032836914
8157,0.0022666454315185547,0.004634380340576172,0.0018379688262939453
8158,0.001882314682006836,0.004320859909057617,0.0017724037170410156
8159,0.002208232879638672,0.0038928985595703125,0.0018765926361083984
8160,0.0022487640380859375,0.003839254379272461,0.001493215560913086
8161,0.002192258834838867,0.004088163375854492,0.0014660358428955078
8162,0.002124786376953125,0.004202842712402344,0.0015780925750732422
8163,0.0022597312927246094,0.004103660583496094,0.0015583038330078125
8164,0.002093791961669922,0.0039865970611572266,0.0016543865203857422
8165,0.002347707748413086,0.004057645797729492,0.001497030258178711
8166,0.002172708511352539,0.003865957260131836,0.01057577133178711
8167,0.0024449825286865234,0.004199504852294922,0.0025877952575683594
8168,0.002114534378051758,0.003874540328979492,0.002479076385498047
8169,0.0023641586303710938,0.0041065216064453125,0.002300739288330078
8170,0.002150297164916992,0.0038454532623291016,0.00151824951171875
8171,0.0022995471954345703,0.004208803176879883,0.0014171600341796875
8172,0.002177715301513672,0.004317760467529297,0.0014781951904296875
8173,0.0023021697998046875,0.005254268646240234,0.001191854476928711
8174,0.002280712127685547,0.003904581069946289,0.0014460086822509766
8175,0.0019190311431884766,0.004498720169067383,0.0030455589294433594
8176,0.002318143844604492,0.004335165023803711,0.0016694068908691406
8177,0.0024442672729492188,0.005522012710571289,0.0015697479248046875
8178,0.002371072769165039,0.004286766052246094,0.0014815330505371094
8179,0.0022373199462890625,0.0049092769622802734,0.0015163421630859375
8180,0.0022525787353515625,0.004250049591064453,0.0014820098876953125
8181,0.0021398067474365234,0.004103183746337891,0.0016214847564697266
8182,0.0022809505462646484,0.0060520172119140625,0.0015666484832763672
8183,0.0021369457244873047,0.0038442611694335938,0.0016412734985351562
8184,0.0022134780883789062,0.0052607059478759766,0.0015187263488769531
8185,0.002035856246948242,0.005072832107543945,0.001676321029663086
8186,0.002318143844604492,0.005688190460205078,0.0016472339630126953
8187,0.002337217330932617,0.00647282600402832,0.001674652099609375
8188,0.002199888229370117,0.005521535873413086,0.0014925003051757812
8189,0.002305269241333008,0.005859375,0.0016047954559326172
8190,0.002416372299194336,0.004174470901489258,0.0015687942504882812
8191,0.002084493637084961,0.004034996032714844,0.0014886856079101562
8192,0.0023839473724365234,0.004435539245605469,0.0015649795532226562
8193,0.0022919178009033203,0.0038170814514160156,0.0014629364013671875
8194,0.0024285316467285156,0.003815174102783203,0.0015444755554199219
8195,0.002126455307006836,0.003765106201171875,0.0014717578887939453
8196,0.0023758411407470703,0.004275321960449219,0.001501321792602539
8197,0.0025610923767089844,0.004200458526611328,0.0017659664154052734
8198,0.0024979114532470703,0.0042726993560791016,0.001420736312866211
8199,0.002335071563720703,0.003946542739868164,0.0016770362854003906
8200,0.0023779869079589844,0.004096269607543945,0.0015060901641845703
8201,0.0021741390228271484,0.004048824310302734,0.0014142990112304688
8202,0.002223491668701172,0.004445314407348633,0.0015075206756591797
8203,0.0022869110107421875,0.004030466079711914,0.0014503002166748047
8204,0.002259969711303711,0.0039746761322021484,0.0015578269958496094
8205,0.002056121826171875,0.0038881301879882812,0.0015554428100585938
8206,0.0022835731506347656,0.0039827823638916016,0.0015707015991210938
8207,0.0022945404052734375,0.0038187503814697266,0.0015304088592529297
8208,0.002452373504638672,0.003831624984741211,0.0017344951629638672
8209,0.0023043155670166016,0.003976106643676758,0.001451730728149414
8210,0.0024106502532958984,0.004256248474121094,0.0014739036560058594
8211,0.002177715301513672,0.00408482551574707,0.0013904571533203125
8212,0.002362966537475586,0.004197359085083008,0.0013797283172607422
8213,0.0023317337036132812,0.003701925277709961,0.0015518665313720703
8214,0.002437591552734375,0.004311084747314453,0.0013909339904785156
8215,0.0022077560424804688,0.004010438919067383,0.0014424324035644531
8216,0.0022563934326171875,0.004686117172241211,0.0015494823455810547
8217,0.0023772716522216797,0.0040891170501708984,0.0015108585357666016
8218,0.002306699752807617,0.004659891128540039,0.0017261505126953125
8219,0.0022401809692382812,0.004124641418457031,0.0015575885772705078
8220,0.002283811569213867,0.004445314407348633,0.0014851093292236328
8221,0.002260923385620117,0.004200935363769531,0.0014295578002929688
8222,0.0023336410522460938,0.004520893096923828,0.0013818740844726562
8223,0.0022203922271728516,0.0040814876556396484,0.001491546630859375
8224,0.002260923385620117,0.003999233245849609,0.001451253890991211
8225,0.0021898746490478516,0.0038614273071289062,0.0014314651489257812
8226,0.002371549606323242,0.00408935546875,0.0014564990997314453
8227,0.002529144287109375,0.003874540328979492,0.0015549659729003906
8228,0.0022237300872802734,0.004122257232666016,0.0015668869018554688
8229,0.002122640609741211,0.0036754608154296875,0.0017750263214111328
8230,0.0021414756774902344,0.003993511199951172,0.0014309883117675781
8231,0.0021724700927734375,0.004015684127807617,0.0014963150024414062
8232,0.002408742904663086,0.004708528518676758,0.0015172958374023438
8233,0.0022766590118408203,0.0035173892974853516,0.0017116069793701172
8234,0.002377033233642578,0.0025653839111328125,0.0014460086822509766
8235,0.002148151397705078,0.002330303192138672,0.0015494823455810547
8236,0.0024056434631347656,0.0026035308837890625,0.0014078617095947266
8237,0.002467632293701172,0.0023543834686279297,0.0015354156494140625
8238,0.0022284984588623047,0.0025377273559570312,0.0015273094177246094
8239,0.002412080764770508,0.0021867752075195312,0.0017056465148925781
8240,0.0021157264709472656,0.00220489501953125,0.0015857219696044922
8241,0.0023479461669921875,0.0023965835571289062,0.0015981197357177734
8242,0.002231597900390625,0.002484560012817383,0.0014193058013916016
8243,0.0023641586303710938,0.0023326873779296875,0.001482248306274414
8244,0.002107381820678711,0.002390623092651367,0.0014684200286865234
8245,0.0023832321166992188,0.0024623870849609375,0.0014603137969970703
8246,0.002227783203125,0.002294301986694336,0.0014929771423339844
8247,0.002527952194213867,0.0024251937866210938,0.0015048980712890625
8248,0.0022706985473632812,0.0021791458129882812,0.0014679431915283203
8249,0.002335071563720703,0.002221345901489258,0.0014657974243164062
8250,0.002227306365966797,0.0020253658294677734,0.0017857551574707031
8251,0.0023376941680908203,0.002318859100341797,0.0015332698822021484
8252,0.0022890567779541016,0.0025110244750976562,0.0014514923095703125
8253,0.002292633056640625,0.00240325927734375,0.0014941692352294922
8254,0.0022346973419189453,0.0022766590118408203,0.0014634132385253906
8255,0.002318143844604492,0.0023474693298339844,0.001489400863647461
8256,0.0021681785583496094,0.0021162033081054688,0.0015439987182617188
8257,0.002612590789794922,0.004864215850830078,0.0015118122100830078
8258,0.002163410186767578,0.002078533172607422,0.0015053749084472656
8259,0.002244234085083008,0.0022966861724853516,0.0014662742614746094
8260,0.0021810531616210938,0.0024988651275634766,0.0017809867858886719
8261,0.0023775100708007812,0.003931760787963867,0.0015926361083984375
8262,0.002156496047973633,0.004225730895996094,0.001527547836303711
8263,0.00235748291015625,0.004140377044677734,0.001581430435180664
8264,0.002281665802001953,0.0035915374755859375,0.0015041828155517578
8265,0.0022478103637695312,0.003853321075439453,0.0013427734375
8266,0.002290487289428711,0.003844738006591797,0.001377105712890625
8267,0.002550840377807617,0.004008293151855469,0.0014259815216064453
8268,0.0022764205932617188,0.004193305969238281,0.001531839370727539
8269,0.002399444580078125,0.003964424133300781,0.0014224052429199219
8270,0.002233266830444336,0.003735780715942383,0.001506805419921875
8271,0.0023250579833984375,0.0038230419158935547,0.0018296241760253906
8272,0.001984119415283203,0.003984212875366211,0.0016074180603027344
8273,0.002353191375732422,0.0038957595825195312,0.0016074180603027344
8274,0.0021219253540039062,0.0036821365356445312,0.001600503921508789
8275,0.0021517276763916016,0.0038704872131347656,0.0015609264373779297
8276,0.0022139549255371094,0.003843545913696289,0.0014810562133789062
8277,0.002548694610595703,0.0043756961822509766,0.0014002323150634766
8278,0.002053499221801758,0.003820180892944336,0.0015060901641845703
8279,0.002307891845703125,0.003838062286376953,0.0014693737030029297
8280,0.0022857189178466797,0.0037467479705810547,0.001407623291015625
8281,0.002239704132080078,0.004061698913574219,0.0016913414001464844
8282,0.0019047260284423828,0.004160881042480469,0.001466989517211914
8283,0.002058744430541992,0.004080057144165039,0.0014700889587402344
8284,0.002175569534301758,0.003923177719116211,0.0014660358428955078
8285,0.0023584365844726562,0.0036840438842773438,0.00146484375
8286,0.002162933349609375,0.003673076629638672,0.0014483928680419922
8287,0.0025358200073242188,0.004034996032714844,0.0014843940734863281
8288,0.0022704601287841797,0.003934621810913086,0.001455068588256836
8289,0.0023200511932373047,0.0037958621978759766,0.001505136489868164
8290,0.002231597900390625,0.003841876983642578,0.0015201568603515625
8291,0.0024390220642089844,0.004055500030517578,0.0014872550964355469
8292,0.0022139549255371094,0.004022836685180664,0.0016696453094482422
8293,0.0024199485778808594,0.0037162303924560547,0.0014147758483886719
8294,0.002225160598754883,0.0036339759826660156,0.0014820098876953125
8295,0.002378225326538086,0.004329204559326172,0.0013895034790039062
8296,0.0021796226501464844,0.004908561706542969,0.00136566162109375
8297,0.0025000572204589844,0.004492044448852539,0.0014390945434570312
8298,0.0021975040435791016,0.004271984100341797,0.001520395278930664
8299,0.002294301986694336,0.0040683746337890625,0.0015113353729248047
8300,0.0022132396697998047,0.003896474838256836,0.0015447139739990234
8301,0.002336740493774414,0.004026174545288086,0.0014870166778564453
8302,0.0021347999572753906,0.0045468807220458984,0.0018188953399658203
8303,0.002353191375732422,0.004173994064331055,0.0014736652374267578
8304,0.0025250911712646484,0.0038564205169677734,0.001481771469116211
8305,0.002137422561645508,0.00403594970703125,0.0016100406646728516
8306,0.0024175643920898438,0.003970623016357422,0.0015172958374023438
8307,0.002442598342895508,0.004149913787841797,0.001508474349975586
8308,0.002329111099243164,0.004003047943115234,0.0015838146209716797
8309,0.0019872188568115234,0.004209995269775391,0.001497030258178711
8310,0.0021898746490478516,0.0050618648529052734,0.0014410018920898438
8311,0.002301454544067383,0.005314350128173828,0.0014188289642333984
8312,0.00240325927734375,0.005574464797973633,0.0014412403106689453
8313,0.002204418182373047,0.0053899288177490234,0.001733541488647461
8314,0.002315521240234375,0.004468679428100586,0.0015418529510498047
8315,0.0022134780883789062,0.004412174224853516,0.0014996528625488281
8316,0.002348184585571289,0.004149436950683594,0.0015687942504882812
8317,0.0026421546936035156,0.0037648677825927734,0.001607656478881836
8318,0.0023458003997802734,0.003912448883056641,0.0015337467193603516
8319,0.0021064281463623047,0.0036711692810058594,0.0016789436340332031
8320,0.0023813247680664062,0.004158496856689453,0.00145721435546875
8321,0.002236604690551758,0.004403591156005859,0.0014824867248535156
8322,0.0023605823516845703,0.0044116973876953125,0.0014624595642089844
8323,0.002177000045776367,0.0041315555572509766,0.0017771720886230469
8324,0.002299070358276367,0.004397392272949219,0.0014338493347167969
8325,0.0021126270294189453,0.004179954528808594,0.0015530586242675781
8326,0.0022115707397460938,0.0043430328369140625,0.0015289783477783203
8327,0.0023431777954101562,0.0039980411529541016,0.0014774799346923828
8328,0.002283334732055664,0.0038957595825195312,0.0014400482177734375
8329,0.0021991729736328125,0.0038623809814453125,0.001405477523803711
8330,0.0023250579833984375,0.004282236099243164,0.001455545425415039
8331,0.002276897430419922,0.004135608673095703,0.00151824951171875
8332,0.0022535324096679688,0.004259586334228516,0.0014748573303222656
8333,0.0021889209747314453,0.0037298202514648438,0.0014255046844482422
8334,0.002446889877319336,0.003885507583618164,0.0017256736755371094
8335,0.0020067691802978516,0.0035529136657714844,0.0015473365783691406
8336,0.0021953582763671875,0.003953218460083008,0.0017554759979248047
8337,0.002231121063232422,0.004212856292724609,0.0015192031860351562
8338,0.002379179000854492,0.004273891448974609,0.0014488697052001953
8339,0.0022530555725097656,0.003574371337890625,0.0015461444854736328
8340,0.002377748489379883,0.004443168640136719,0.00145721435546875
8341,0.002311229705810547,0.0036385059356689453,0.0014743804931640625
8342,0.002367734909057617,0.00418543815612793,0.00146484375
8343,0.002162933349609375,0.0037653446197509766,0.001508474349975586
8344,0.0024080276489257812,0.004250526428222656,0.0017552375793457031
8345,0.0021758079528808594,0.004826545715332031,0.0015184879302978516
8346,0.0021889209747314453,0.004262685775756836,0.001535654067993164
8347,0.0023508071899414062,0.003977298736572266,0.0015413761138916016
8348,0.002346515655517578,0.004088163375854492,0.0015060901641845703
8349,0.002167940139770508,0.003998279571533203,0.0014743804931640625
8350,0.0022640228271484375,0.004261016845703125,0.0014331340789794922
8351,0.002158641815185547,0.004128932952880859,0.0014405250549316406
8352,0.0023376941680908203,0.00436854362487793,0.0015575885772705078
8353,0.002035379409790039,0.0040798187255859375,0.0015468597412109375
8354,0.002351522445678711,0.004132747650146484,0.001470327377319336
8355,0.00215911865234375,0.004083156585693359,0.001651763916015625
8356,0.0023217201232910156,0.005200386047363281,0.0014388561248779297
8357,0.0023832321166992188,0.004842519760131836,0.0014240741729736328
8358,0.002422332763671875,0.004271268844604492,0.0014052391052246094
8359,0.0021638870239257812,0.004712343215942383,0.0014584064483642578
8360,0.0022776126861572266,0.005143642425537109,0.0013706684112548828
8361,0.002314329147338867,0.004191160202026367,0.00150299072265625
8362,0.0022945404052734375,0.004961729049682617,0.0014848709106445312
8363,0.0020821094512939453,0.0043544769287109375,0.0015022754669189453
8364,0.002318859100341797,0.0037717819213867188,0.0014722347259521484
8365,0.0021996498107910156,0.003753662109375,0.0016574859619140625
8366,0.002396821975708008,0.003854990005493164,0.001589059829711914
8367,0.0025196075439453125,0.003813028335571289,0.0015156269073486328
8368,0.0021648406982421875,0.004060029983520508,0.0015654563903808594
8369,0.002260446548461914,0.0038025379180908203,0.0015323162078857422
8370,0.002164602279663086,0.0037436485290527344,0.0017285346984863281
8371,0.002419710159301758,0.0036776065826416016,0.001558065414428711
8372,0.0022144317626953125,0.004132509231567383,0.001512289047241211
8373,0.002361774444580078,0.003650188446044922,0.0015301704406738281
8374,0.002168893814086914,0.0041942596435546875,0.0014255046844482422
8375,0.0022344589233398438,0.004072427749633789,0.0015764236450195312
8376,0.0022165775299072266,0.0036995410919189453,0.0016560554504394531
8377,0.0025773048400878906,0.00391697883605957,0.0014107227325439453
8378,0.0022003650665283203,0.0037560462951660156,0.0015017986297607422
8379,0.0023190975189208984,0.0037412643432617188,0.0015408992767333984
8380,0.0020329952239990234,0.0036780834197998047,0.0015215873718261719
8381,0.002320528030395508,0.004774570465087891,0.0015666484832763672
8382,0.002214670181274414,0.004250288009643555,0.0014481544494628906
8383,0.002348661422729492,0.004065036773681641,0.0014643669128417969
8384,0.0022361278533935547,0.0038144588470458984,0.0015103816986083984
8385,0.002420663833618164,0.003874063491821289,0.0015897750854492188
8386,0.0020716190338134766,0.003580808639526367,0.00173187255859375
8387,0.002243518829345703,0.003625631332397461,0.0014793872833251953
8388,0.002184629440307617,0.003602266311645508,0.0014977455139160156
8389,0.002354145050048828,0.004327058792114258,0.0014753341674804688
8390,0.0019032955169677734,0.005392789840698242,0.0014541149139404297
8391,0.002287149429321289,0.005481243133544922,0.0015010833740234375
8392,0.0020563602447509766,0.005735635757446289,0.001535177230834961
8393,0.002334117889404297,0.004097938537597656,0.0014851093292236328
8394,0.002172708511352539,0.003952741622924805,0.0014796257019042969
8395,0.0022492408752441406,0.00463104248046875,0.0015060901641845703
8396,0.002238750457763672,0.004332304000854492,0.0014507770538330078
8397,0.0024805068969726562,0.004006147384643555,0.0017399787902832031
8398,0.002180337905883789,0.004081010818481445,0.001497507095336914
8399,0.002378225326538086,0.004010677337646484,0.001543283462524414
8400,0.0022270679473876953,0.0038194656372070312,0.0014927387237548828
8401,0.0023267269134521484,0.004935264587402344,0.001398324966430664
8402,0.002042055130004883,0.004145145416259766,0.0015549659729003906
8403,0.0023217201232910156,0.004593372344970703,0.0015139579772949219
8404,0.002163410186767578,0.004144191741943359,0.00147247314453125
8405,0.0023717880249023438,0.0049285888671875,0.001676797866821289
8406,0.0022242069244384766,0.004442691802978516,0.0014638900756835938
8407,0.0025339126586914062,0.0048389434814453125,0.0016646385192871094
8408,0.0022776126861572266,0.003965616226196289,0.0015306472778320312
8409,0.002348184585571289,0.0039441585540771484,0.001432180404663086
8410,0.0022208690643310547,0.004796504974365234,0.0015406608581542969
8411,0.0023725032806396484,0.004142045974731445,0.0015158653259277344
8412,0.002245664596557617,0.003874540328979492,0.001497507095336914
8413,0.002212047576904297,0.003945350646972656,0.0016322135925292969
8414,0.0019230842590332031,0.003965854644775391,0.0015282630920410156
8415,0.0022945404052734375,0.0039043426513671875,0.0015060901641845703
8416,0.002183675765991211,0.00391387939453125,0.0014824867248535156
8417,0.0022444725036621094,0.004144430160522461,0.0015683174133300781
8418,0.002007722854614258,0.0037107467651367188,0.0016624927520751953
8419,0.002228975296020508,0.004881143569946289,0.0013751983642578125
8420,0.002132892608642578,0.005068063735961914,0.0015087127685546875
8421,0.002462625503540039,0.005580902099609375,0.0013914108276367188
8422,0.0021245479583740234,0.004109859466552734,0.0014650821685791016
8423,0.002446889877319336,0.0037653446197509766,0.001550436019897461
8424,0.0022292137145996094,0.0035505294799804688,0.0015380382537841797
8425,0.0022859573364257812,0.003958940505981445,0.001537322998046875
8426,0.0022711753845214844,0.005209445953369141,0.0016350746154785156
8427,0.002557516098022461,0.0051610469818115234,0.0015544891357421875
8428,0.002301931381225586,0.00529026985168457,0.0016758441925048828
8429,0.002349853515625,0.0037908554077148438,0.00153350830078125
8430,0.0022237300872802734,0.00413203239440918,0.0015132427215576172
8431,0.002398967742919922,0.004080772399902344,0.0014655590057373047
8432,0.002336263656616211,0.004086971282958984,0.0013947486877441406
8433,0.002180814743041992,0.004164695739746094,0.0014646053314208984
8434,0.002202749252319336,0.00412750244140625,0.0015499591827392578
8435,0.0022063255310058594,0.004006385803222656,0.001546621322631836
8436,0.0022678375244140625,0.003849506378173828,0.0015521049499511719
8437,0.0023620128631591797,0.003896951675415039,0.0014586448669433594
8438,0.0022013187408447266,0.0037360191345214844,0.0015418529510498047
8439,0.0021109580993652344,0.0046977996826171875,0.0019638538360595703
8440,0.002231121063232422,0.0037097930908203125,0.0014896392822265625
8441,0.0018804073333740234,0.0040585994720458984,0.001439809799194336
8442,0.0023193359375,0.004123210906982422,0.0015099048614501953
8443,0.0021097660064697266,0.0041277408599853516,0.0014159679412841797
8444,0.0022008419036865234,0.004702568054199219,0.0014536380767822266
8445,0.001986980438232422,0.0038900375366210938,0.0015461444854736328
8446,0.00228118896484375,0.004189252853393555,0.0014867782592773438
8447,0.0024535655975341797,0.00400853157043457,0.0015308856964111328
8448,0.002382516860961914,0.004474163055419922,0.0015423297882080078
8449,0.002181529998779297,0.003709554672241211,0.0019404888153076172
8450,0.0024170875549316406,0.0037584304809570312,0.0015759468078613281
8451,0.0022363662719726562,0.0035889148712158203,0.0015568733215332031
8452,0.002346038818359375,0.004065752029418945,0.0015492439270019531
8453,0.0022749900817871094,0.0037899017333984375,0.0015206336975097656
8454,0.0023729801177978516,0.004064083099365234,0.0015568733215332031
8455,0.002232789993286133,0.003871440887451172,0.0013833045959472656
8456,0.0023865699768066406,0.004164218902587891,0.0014357566833496094
8457,0.00247955322265625,0.00397944450378418,0.0014615058898925781
8458,0.002431631088256836,0.004019737243652344,0.0013203620910644531
8459,0.002126932144165039,0.003859996795654297,0.0013797283172607422
8460,0.00231170654296875,0.003943681716918945,0.0016906261444091797
8461,0.0019392967224121094,0.0037755966186523438,0.0014777183532714844
8462,0.0023577213287353516,0.0043926239013671875,0.0015325546264648438
8463,0.0021708011627197266,0.004101991653442383,0.0014662742614746094
8464,0.0022814273834228516,0.004131793975830078,0.0014679431915283203
8465,0.0021657943725585938,0.003698110580444336,0.0015308856964111328
8466,0.0023756027221679688,0.004065752029418945,0.0014271736145019531
8467,0.0024213790893554688,0.004221200942993164,0.0015065670013427734
8468,0.0021004676818847656,0.005189180374145508,0.0014109611511230469
8469,0.002274036407470703,0.006089448928833008,0.0014495849609375
8470,0.0023796558380126953,0.005372524261474609,0.0016202926635742188
8471,0.0019559860229492188,0.0036284923553466797,0.0014269351959228516
8472,0.002295970916748047,0.004773616790771484,0.0014657974243164062
8473,0.0020716190338134766,0.003977298736572266,0.0014367103576660156
8474,0.002414226531982422,0.0039250850677490234,0.0017173290252685547
8475,0.0021848678588867188,0.0038232803344726562,0.0014903545379638672
8476,0.0023055076599121094,0.004065990447998047,0.0015592575073242188
8477,0.002519845962524414,0.0039675235748291016,0.0015065670013427734
8478,0.0025894641876220703,0.003861665725708008,0.001514434814453125
8479,0.0022215843200683594,0.0036346912384033203,0.0015139579772949219
8480,0.0025386810302734375,0.003989696502685547,0.0014469623565673828
8481,0.002201557159423828,0.003815174102783203,0.0017650127410888672
8482,0.002318143844604492,0.0041582584381103516,0.0013628005981445312
8483,0.0019533634185791016,0.003948211669921875,0.0015196800231933594
8484,0.00232696533203125,0.004128456115722656,0.0015342235565185547
8485,0.0021479129791259766,0.0038313865661621094,0.001363992691040039
8486,0.0024433135986328125,0.0043332576751708984,0.001425027847290039
8487,0.0024633407592773438,0.0041201114654541016,0.0014848709106445312
8488,0.002329587936401367,0.004000663757324219,0.0014793872833251953
8489,0.002222776412963867,0.0037741661071777344,0.0014896392822265625
8490,0.002315521240234375,0.0040853023529052734,0.0014011859893798828
8491,0.0021610260009765625,0.0038976669311523438,0.0016367435455322266
8492,0.0022430419921875,0.004117250442504883,0.001390218734741211
8493,0.0022389888763427734,0.003832578659057617,0.0014455318450927734
8494,0.0022394657135009766,0.005143642425537109,0.001481771469116211
8495,0.0020720958709716797,0.00467681884765625,0.0013701915740966797
8496,0.0023577213287353516,0.004639148712158203,0.001413106918334961
8497,0.0025093555450439453,0.0044171810150146484,0.0014522075653076172
8498,0.0022542476654052734,0.004103422164916992,0.0015912055969238281
8499,0.002197265625,0.0038514137268066406,0.0014982223510742188
8500,0.002093076705932617,0.004014015197753906,0.0015430450439453125
8501,0.002319812774658203,0.0037431716918945312,0.0015387535095214844
8502,0.0021359920501708984,0.00461888313293457,0.0018267631530761719
8503,0.0023488998413085938,0.003596782684326172,0.0016071796417236328
8504,0.0022041797637939453,0.0038895606994628906,0.0014407634735107422
8505,0.002285480499267578,0.0048065185546875,0.0015654563903808594
8506,0.002132892608642578,0.004450559616088867,0.0015285015106201172
8507,0.002610921859741211,0.004357576370239258,0.001596212387084961
8508,0.0022344589233398438,0.00540924072265625,0.0016798973083496094
8509,0.0024328231811523438,0.005407810211181641,0.0014007091522216797
8510,0.0021576881408691406,0.0044291019439697266,0.00156402587890625
8511,0.002356290817260742,0.004762172698974609,0.0015025138854980469
8512,0.002186298370361328,0.004520893096923828,0.0016596317291259766
8513,0.0023658275604248047,0.005147695541381836,0.001421213150024414
8514,0.0023598670959472656,0.0048296451568603516,0.0015244483947753906
8515,0.0022492408752441406,0.004127979278564453,0.001520395278930664
8516,0.0022144317626953125,0.00391387939453125,0.0015385150909423828
8517,0.0025110244750976562,0.004046440124511719,0.0014035701751708984
8518,0.002024412155151367,0.0038461685180664062,0.0014688968658447266
8519,0.002117633819580078,0.004050254821777344,0.0013973712921142578
8520,0.0021839141845703125,0.004067659378051758,0.0014834403991699219
8521,0.0022034645080566406,0.004331111907958984,0.0015480518341064453
8522,0.0019023418426513672,0.004189014434814453,0.0014624595642089844
8523,0.0022852420806884766,0.004115104675292969,0.0016558170318603516
8524,0.0020198822021484375,0.003953695297241211,0.0014519691467285156
8525,0.002338409423828125,0.004056453704833984,0.0015316009521484375
8526,0.0021436214447021484,0.003726482391357422,0.001528024673461914
8527,0.0025506019592285156,0.0040628910064697266,0.0014481544494628906
8528,0.0022058486938476562,0.0036513805389404297,0.0014584064483642578
8529,0.002321481704711914,0.003733396530151367,0.001455545425415039
8530,0.00218963623046875,0.0036025047302246094,0.0014934539794921875
8531,0.0023317337036132812,0.003936290740966797,0.001501321792602539
8532,0.0022351741790771484,0.004085540771484375,0.0015788078308105469
8533,0.0023322105407714844,0.004270076751708984,0.001771688461303711
8534,0.0022513866424560547,0.0039746761322021484,0.001523733139038086
8535,0.002295255661010742,0.0040357112884521484,0.0015523433685302734
8536,0.002193927764892578,0.003821849822998047,0.001390218734741211
8537,0.0023987293243408203,0.0039005279541015625,0.0015001296997070312
8538,0.002264261245727539,0.003774404525756836,0.0014863014221191406
8539,0.002312183380126953,0.0038840770721435547,0.0015225410461425781
8540,0.0021407604217529297,0.0037910938262939453,0.0014562606811523438
8541,0.0023794174194335938,0.004002809524536133,0.0015070438385009766
8542,0.0021162033081054688,0.0042765140533447266,0.0015404224395751953
8543,0.0023224353790283203,0.004515409469604492,0.0016598701477050781
8544,0.0022134780883789062,0.004883766174316406,0.001695871353149414
8545,0.0023620128631591797,0.0039789676666259766,0.0014388561248779297
8546,0.002242565155029297,0.004248380661010742,0.0015041828155517578
8547,0.002732992172241211,0.004402875900268555,0.001468658447265625
8548,0.002260446548461914,0.00500178337097168,0.0015439987182617188
8549,0.0023450851440429688,0.005137920379638672,0.0014820098876953125
8550,0.0023293495178222656,0.004045248031616211,0.0015511512756347656
8551,0.002415180206298828,0.004315376281738281,0.0015149116516113281
8552,0.002125978469848633,0.004240989685058594,0.0015032291412353516
8553,0.0021877288818359375,0.003922939300537109,0.001508951187133789
8554,0.0021910667419433594,0.003736734390258789,0.0016376972198486328
8555,0.0024161338806152344,0.003865957260131836,0.0014920234680175781
8556,0.0023195743560791016,0.0048558712005615234,0.0014386177062988281
8557,0.002830982208251953,0.0039675235748291016,0.0014886856079101562
8558,0.0023505687713623047,0.00410008430480957,0.0015561580657958984
8559,0.002225160598754883,0.004170894622802734,0.0015649795532226562
8560,0.002138376235961914,0.0037903785705566406,0.0015344619750976562
8561,0.0024394989013671875,0.003987550735473633,0.0015413761138916016
8562,0.0023965835571289062,0.004140138626098633,0.001611948013305664
8563,0.002161264419555664,0.003919839859008789,0.0013968944549560547
8564,0.0021407604217529297,0.003796100616455078,0.0014805793762207031
8565,0.0022208690643310547,0.0040111541748046875,0.0016713142395019531
8566,0.0022230148315429688,0.00480341911315918,0.0013997554779052734
8567,0.0023169517517089844,0.005188941955566406,0.0014190673828125
8568,0.0022857189178466797,0.0039141178131103516,0.0015218257904052734
8569,0.002123117446899414,0.0036416053771972656,0.0014576911926269531
8570,0.0023763179779052734,0.003879070281982422,0.001428365707397461
8571,0.002115011215209961,0.004308938980102539,0.0014834403991699219
8572,0.002313852310180664,0.0042455196380615234,0.0014865398406982422
8573,0.0021326541900634766,0.003788471221923828,0.001512289047241211
8574,0.002370595932006836,0.0040967464447021484,0.0014579296112060547
8575,0.0021555423736572266,0.004057407379150391,0.001882791519165039
8576,0.002473115921020508,0.003996610641479492,0.0015263557434082031
8577,0.002422809600830078,0.003879070281982422,0.0017895698547363281
8578,0.002321958541870117,0.00403904914855957,0.0015609264373779297
8579,0.002187013626098633,0.0037755966186523438,0.0016026496887207031
8580,0.002259492874145508,0.003789663314819336,0.0014903545379638672
8581,0.0022771358489990234,0.0036847591400146484,0.0014181137084960938
8582,0.0024559497833251953,0.004323244094848633,0.0014996528625488281
8583,0.002235889434814453,0.005255699157714844,0.0015468597412109375
8584,0.0024137496948242188,0.005064725875854492,0.0015349388122558594
8585,0.002200603485107422,0.0044176578521728516,0.0013773441314697266
8586,0.002286195755004883,0.00513458251953125,0.0017156600952148438
8587,0.0023949146270751953,0.0057108402252197266,0.0014734268188476562
8588,0.0024552345275878906,0.006100177764892578,0.0015158653259277344
8589,0.0022966861724853516,0.004037380218505859,0.0015232563018798828
8590,0.002394437789916992,0.0034508705139160156,0.0014085769653320312
8591,0.002157449722290039,0.0038878917694091797,0.00150299072265625
8592,0.0023076534271240234,0.004556894302368164,0.0015163421630859375
8593,0.0021889209747314453,0.0038301944732666016,0.0014786720275878906
8594,0.002303600311279297,0.0039937496185302734,0.0015523433685302734
8595,0.0020453929901123047,0.0038604736328125,0.0015032291412353516
8596,0.002274036407470703,0.004273176193237305,0.0017063617706298828
8597,0.0024306774139404297,0.003945827484130859,0.001508474349975586
8598,0.0023310184478759766,0.004038572311401367,0.001489400863647461
8599,0.002188444137573242,0.0037641525268554688,0.001445770263671875
8600,0.0023365020751953125,0.003970146179199219,0.0015065670013427734
8601,0.0022101402282714844,0.0037720203399658203,0.0014605522155761719
8602,0.0022940635681152344,0.004019975662231445,0.0015358924865722656
8603,0.002231597900390625,0.004499197006225586,0.0013756752014160156
8604,0.0024955272674560547,0.0043315887451171875,0.0014469623565673828
8605,0.002183198928833008,0.005205392837524414,0.0015230178833007812
8606,0.0023195743560791016,0.006547451019287109,0.0014951229095458984
8607,0.0023610591888427734,0.004912137985229492,0.0017502307891845703
8608,0.002445697784423828,0.0036406517028808594,0.0014004707336425781
8609,0.0022776126861572266,0.003637075424194336,0.0014734268188476562
8610,0.0025255680084228516,0.004488706588745117,0.0015339851379394531
8611,0.0022592544555664062,0.003996133804321289,0.0016760826110839844
8612,0.0024709701538085938,0.004172801971435547,0.001497030258178711
8613,0.002237558364868164,0.0037412643432617188,0.0015575885772705078
8614,0.0022950172424316406,0.004029512405395508,0.0015747547149658203
8615,0.0021338462829589844,0.00480961799621582,0.0015714168548583984
8616,0.0021429061889648438,0.005174875259399414,0.0016009807586669922
8617,0.0023708343505859375,0.00439906120300293,0.0017218589782714844
8618,0.0021779537200927734,0.004339456558227539,0.0015788078308105469
8619,0.0021429061889648438,0.0044291019439697266,0.001476287841796875
8620,0.0023343563079833984,0.004201650619506836,0.0013842582702636719
8621,0.0022423267364501953,0.004806041717529297,0.0014514923095703125
8622,0.0023183822631835938,0.007046222686767578,0.0014891624450683594
8623,0.0020546913146972656,0.005258083343505859,0.0015223026275634766
8624,0.0023300647735595703,0.0041751861572265625,0.0014927387237548828
8625,0.0021698474884033203,0.003704071044921875,0.0015115737915039062
8626,0.002346038818359375,0.004914999008178711,0.0014903545379638672
8627,0.0025560855865478516,0.004100799560546875,0.0015408992767333984
8628,0.0022537708282470703,0.004507780075073242,0.0018000602722167969
8629,0.0024323463439941406,0.004022836685180664,0.0014257431030273438
8630,0.0023136138916015625,0.0040323734283447266,0.0013201236724853516
8631,0.0024635791778564453,0.0041124820709228516,0.0014472007751464844
8632,0.0022873878479003906,0.00573420524597168,0.0015079975128173828
8633,0.002445697784423828,0.0044939517974853516,0.001470327377319336
8634,0.002046346664428711,0.004529476165771484,0.0014920234680175781
8635,0.0022830963134765625,0.0038499832153320312,0.0014235973358154297
8636,0.0021576881408691406,0.004117488861083984,0.0015285015106201172
8637,0.002666473388671875,0.003871917724609375,0.0015707015991210938
8638,0.0024454593658447266,0.003877401351928711,0.00177001953125
8639,0.0025250911712646484,0.003718137741088867,0.0014796257019042969
8640,0.0022106170654296875,0.00394892692565918,0.0014886856079101562
8641,0.0022649765014648438,0.003853321075439453,0.0015254020690917969
8642,0.002086639404296875,0.004389762878417969,0.0014476776123046875
8643,0.00228118896484375,0.0039980411529541016,0.001421213150024414
8644,0.002256155014038086,0.0038788318634033203,0.0013992786407470703
8645,0.002276897430419922,0.003837108612060547,0.0016739368438720703
8646,0.002073526382446289,0.004876613616943359,0.0014495849609375
8647,0.0025501251220703125,0.004056692123413086,0.0014917850494384766
8648,0.0021941661834716797,0.0042018890380859375,0.0014815330505371094
8649,0.0022933483123779297,0.0042345523834228516,0.0017974376678466797
8650,0.0021059513092041016,0.0038492679595947266,0.0015933513641357422
8651,0.0023183822631835938,0.004008054733276367,0.0015528202056884766
8652,0.002245664596557617,0.0049130916595458984,0.0014851093292236328
8653,0.0023381710052490234,0.004691362380981445,0.0014181137084960938
8654,0.0022554397583007812,0.0036420822143554688,0.0013871192932128906
8655,0.002392292022705078,0.0039212703704833984,0.001392364501953125
8656,0.0021715164184570312,0.004989147186279297,0.001386404037475586
8657,0.002687692642211914,0.003985404968261719,0.0014045238494873047
8658,0.0023436546325683594,0.004166603088378906,0.0013973712921142578
8659,0.0022974014282226562,0.004786252975463867,0.0016918182373046875
8660,0.002143383026123047,0.004113197326660156,0.0014972686767578125
8661,0.002378225326538086,0.003722667694091797,0.0015172958374023438
8662,0.0021657943725585938,0.004234790802001953,0.0014705657958984375
8663,0.002317190170288086,0.004897356033325195,0.0015687942504882812
8664,0.002208232879638672,0.005936384201049805,0.0014057159423828125
8665,0.0023412704467773438,0.005052804946899414,0.0025403499603271484
8666,0.002251148223876953,0.004130840301513672,0.003486156463623047
8667,0.00263214111328125,0.0039174556732177734,0.002674579620361328
8668,0.002329111099243164,0.004288673400878906,0.0018835067749023438
8669,0.0022792816162109375,0.004815816879272461,0.0018279552459716797
8670,0.0021991729736328125,0.004004001617431641,0.002170085906982422
8671,0.002421855926513672,0.0037164688110351562,0.0017242431640625
8672,0.002152681350708008,0.004259586334228516,0.0016109943389892578
8673,0.0023484230041503906,0.0042765140533447266,0.0014750957489013672
8674,0.002141237258911133,0.003742218017578125,0.001405954360961914
8675,0.0023643970489501953,0.00402522087097168,0.0015263557434082031
8676,0.0022406578063964844,0.0037314891815185547,0.0014722347259521484
8677,0.0024957656860351562,0.003985881805419922,0.0014805793762207031
8678,0.002259492874145508,0.0039250850677490234,0.0015175342559814453
8679,0.002300262451171875,0.004233837127685547,0.0015187263488769531
8680,0.0021877288818359375,0.0038690567016601562,0.0018935203552246094
8681,0.00232696533203125,0.003979921340942383,0.00151824951171875
8682,0.0021822452545166016,0.0039958953857421875,0.001539468765258789
8683,0.0022149085998535156,0.004243135452270508,0.0014755725860595703
8684,0.0022215843200683594,0.004044294357299805,0.0014119148254394531
8685,0.002436399459838867,0.004111766815185547,0.0014612674713134766
8686,0.002128124237060547,0.0049550533294677734,0.0015635490417480469
8687,0.0026466846466064453,0.005562543869018555,0.0015363693237304688
8688,0.0022945404052734375,0.004049062728881836,0.0016431808471679688
8689,0.0024187564849853516,0.003996133804321289,0.0014204978942871094
8690,0.002301454544067383,0.0047681331634521484,0.0014541149139404297
8691,0.0022974014282226562,0.005297183990478516,0.0017242431640625
8692,0.0023832321166992188,0.0046443939208984375,0.001516580581665039
8693,0.002204418182373047,0.00503087043762207,0.0014400482177734375
8694,0.002399921417236328,0.005448102951049805,0.0015017986297607422
8695,0.0023097991943359375,0.005244731903076172,0.0014927387237548828
8696,0.0023109912872314453,0.003969669342041016,0.0015327930450439453
8697,0.0023849010467529297,0.004174232482910156,0.0015494823455810547
8698,0.002273082733154297,0.004385948181152344,0.0014548301696777344
8699,0.0020439624786376953,0.004441738128662109,0.0015673637390136719
8700,0.0021638870239257812,0.003970146179199219,0.0015003681182861328
8701,0.0021774768829345703,0.004049539566040039,0.0017917156219482422
8702,0.002453327178955078,0.004230499267578125,0.0015790462493896484
8703,0.012791872024536133,0.004040956497192383,0.0016696453094482422
8704,0.003711223602294922,0.0038595199584960938,0.0015676021575927734
8705,0.0036461353302001953,0.004015445709228516,0.0015058517456054688
8706,0.0025413036346435547,0.004921436309814453,0.0014467239379882812
8707,0.0027217864990234375,0.004210233688354492,0.001461029052734375
8708,0.0026159286499023438,0.004992485046386719,0.001453399658203125
8709,0.002336740493774414,0.0066564083099365234,0.0014564990997314453
8710,0.0023126602172851562,0.005780935287475586,0.0014889240264892578
8711,0.002082347869873047,0.004000425338745117,0.001405477523803711
8712,0.0023293495178222656,0.004640102386474609,0.0016674995422363281
8713,0.002182483673095703,0.004015922546386719,0.0015106201171875
8714,0.0023984909057617188,0.00397038459777832,0.0017218589782714844
8715,0.0022575855255126953,0.0036420822143554688,0.0015010833740234375
8716,0.0024175643920898438,0.003942966461181641,0.0014481544494628906
8717,0.0025348663330078125,0.004094123840332031,0.0015587806701660156
8718,0.002416372299194336,0.004266023635864258,0.0015411376953125
8719,0.00229644775390625,0.005067110061645508,0.0015401840209960938
8720,0.002497434616088867,0.004286766052246094,0.0015151500701904297
8721,0.002152681350708008,0.0039691925048828125,0.0015304088592529297
8722,0.0025060176849365234,0.004479885101318359,0.0018067359924316406
8723,0.002213001251220703,0.003915548324584961,0.0015246868133544922
8724,0.0023992061614990234,0.004109621047973633,0.0014872550964355469
8725,0.0021250247955322266,0.004213094711303711,0.001505136489868164
8726,0.0024254322052001953,0.004708290100097656,0.0015380382537841797
8727,0.002243518829345703,0.002684354782104492,0.0015077590942382812
8728,0.002530336380004883,0.0027103424072265625,0.0014209747314453125
8729,0.0021469593048095703,0.0026748180389404297,0.0015292167663574219
8730,0.0023260116577148438,0.0025522708892822266,0.0014503002166748047
8731,0.0021317005157470703,0.0022330284118652344,0.0014677047729492188
8732,0.0023860931396484375,0.0026917457580566406,0.0014929771423339844
8733,0.002215147018432617,0.002180337905883789,0.0016124248504638672
8734,0.002424001693725586,0.002304553985595703,0.0014646053314208984
8735,0.0022008419036865234,0.002206563949584961,0.0014553070068359375
8736,0.0025637149810791016,0.0025441646575927734,0.0014543533325195312
8737,0.0022776126861572266,0.0024254322052001953,0.0014388561248779297
8738,0.002400636672973633,0.0024840831756591797,0.0014481544494628906
8739,0.0021615028381347656,0.0023040771484375,0.0014281272888183594
8740,0.0022356510162353516,0.0024433135986328125,0.0015032291412353516
8741,0.002274036407470703,0.0021331310272216797,0.001528024673461914
8742,0.0023000240325927734,0.002754688262939453,0.0014872550964355469
8743,0.0022935867309570312,0.0022592544555664062,0.0016477108001708984
8744,0.002410888671875,0.0023915767669677734,0.0015451908111572266
8745,0.0021147727966308594,0.0021545886993408203,0.0015082359313964844
8746,0.0024313926696777344,0.0023293495178222656,0.0014884471893310547
8747,0.0024623870849609375,0.002172231674194336,0.0014355182647705078
8748,0.0022840499877929688,0.004186391830444336,0.0017290115356445312
8749,0.002152681350708008,0.0022172927856445312,0.0014681816101074219
8750,0.0023088455200195312,0.0024492740631103516,0.001439809799194336
8751,0.0020003318786621094,0.0025866031646728516,0.0014705657958984375
8752,0.0023512840270996094,0.0048487186431884766,0.0014562606811523438
8753,0.001950979232788086,0.004558086395263672,0.0015676021575927734
8754,0.00243377685546875,0.004827976226806641,0.0017745494842529297
8755,0.002229928970336914,0.005370378494262695,0.0015323162078857422
8756,0.0022780895233154297,0.005160093307495117,0.001516103744506836
8757,0.002570629119873047,0.003353118896484375,0.0014748573303222656
8758,0.0021741390228271484,0.0038208961486816406,0.0014834403991699219
8759,0.0024242401123046875,0.004229068756103516,0.0014884471893310547
8760,0.0023038387298583984,0.004278659820556641,0.0014467239379882812
8761,0.0024046897888183594,0.004651308059692383,0.001489400863647461
8762,0.0022165775299072266,0.006018161773681641,0.0014836788177490234
8763,0.0022923946380615234,0.0044345855712890625,0.0015337467193603516
8764,0.0020956993103027344,0.005218982696533203,0.0017538070678710938
8765,0.0023279190063476562,0.004899263381958008,0.0014801025390625
8766,0.002193927764892578,0.005494832992553711,0.0015206336975097656
8767,0.0024721622467041016,0.003996849060058594,0.0015060901641845703
8768,0.002299070358276367,0.004529714584350586,0.0014972686767578125
8769,0.0022656917572021484,0.003859281539916992,0.0015087127685546875
8770,0.002116680145263672,0.00420689582824707,0.001430511474609375
8771,0.002402782440185547,0.004109621047973633,0.0015213489532470703
8772,0.002358675003051758,0.005603790283203125,0.0015158653259277344
8773,0.002453327178955078,0.006703615188598633,0.0014727115631103516
8774,0.0023355484008789062,0.006753683090209961,0.0013756752014160156
8775,0.002337932586669922,0.005392789840698242,0.0017383098602294922
8776,0.002246379852294922,0.003728151321411133,0.0014483928680419922
8777,0.0026798248291015625,0.0043048858642578125,0.001519918441772461
8778,0.0022881031036376953,0.0040514469146728516,0.0014846324920654297
8779,0.002393960952758789,0.004098176956176758,0.0015094280242919922
8780,0.002058267593383789,0.0036110877990722656,0.0015749931335449219
8781,0.002176046371459961,0.003905773162841797,0.00144195556640625
8782,0.0020961761474609375,0.004177093505859375,0.001455545425415039
8783,0.002260923385620117,0.004082441329956055,0.0015892982482910156
8784,0.002156972885131836,0.004669904708862305,0.0014955997467041016
8785,0.0022907257080078125,0.0061037540435791016,0.0017478466033935547
8786,0.002323150634765625,0.005249977111816406,0.001459360122680664
8787,0.002630472183227539,0.004180192947387695,0.0014617443084716797
8788,0.002197742462158203,0.003583192825317383,0.0015025138854980469
8789,0.002394437789916992,0.003909111022949219,0.0014841556549072266
8790,0.002147197723388672,0.0038690567016601562,0.0014553070068359375
8791,0.0022475719451904297,0.004138469696044922,0.0015175342559814453
8792,0.002155780792236328,0.004250526428222656,0.0015339851379394531
8793,0.0022916793823242188,0.004052877426147461,0.0014832019805908203
8794,0.0021576881408691406,0.0038912296295166016,0.0014958381652832031
8795,0.0023016929626464844,0.004029035568237305,0.001512289047241211
8796,0.0021185874938964844,0.0036995410919189453,0.0017809867858886719
8797,0.0027751922607421875,0.0040819644927978516,0.0023424625396728516
8798,0.0022542476654052734,0.0037424564361572266,0.0016012191772460938
8799,0.0024285316467285156,0.004078388214111328,0.0016453266143798828
8800,0.0022454261779785156,0.0038967132568359375,0.001539468765258789
8801,0.0023801326751708984,0.003936290740966797,0.00150299072265625
8802,0.0021758079528808594,0.004139900207519531,0.0015912055969238281
8803,0.0023272037506103516,0.00409698486328125,0.0015063285827636719
8804,0.002336740493774414,0.0038225650787353516,0.00154876708984375
8805,0.002292156219482422,0.00394749641418457,0.0014691352844238281
8806,0.002107858657836914,0.0041713714599609375,0.0017178058624267578
8807,0.0024442672729492188,0.0042972564697265625,0.0016109943389892578
8808,0.0021126270294189453,0.003725767135620117,0.0015325546264648438
8809,0.0023543834686279297,0.004051923751831055,0.0014853477478027344
8810,0.0022177696228027344,0.003576517105102539,0.001546621322631836
8811,0.0023298263549804688,0.0038328170776367188,0.0015530586242675781
8812,0.002072572708129883,0.004205942153930664,0.001493215560913086
8813,0.0022699832916259766,0.004078388214111328,0.0014884471893310547
8814,0.002206563949584961,0.0037691593170166016,0.0013849735260009766
8815,0.0022957324981689453,0.003855466842651367,0.001476287841796875
8816,0.0021321773529052734,0.0038678646087646484,0.0014438629150390625
8817,0.002465963363647461,0.004228115081787109,0.0019392967224121094
8818,0.0021543502807617188,0.004122495651245117,0.0016088485717773438
8819,0.0022668838500976562,0.005120992660522461,0.001512289047241211
8820,0.002264261245727539,0.004210948944091797,0.0014863014221191406
8821,0.002407073974609375,0.0043370723724365234,0.0014128684997558594
8822,0.0023331642150878906,0.0042340755462646484,0.0014979839324951172
8823,0.0022056102752685547,0.003734111785888672,0.0015263557434082031
8824,0.0022258758544921875,0.003851175308227539,0.0015604496002197266
8825,0.0022513866424560547,0.004176139831542969,0.001588582992553711
8826,0.0024056434631347656,0.0036690235137939453,0.001598358154296875
8827,0.0024938583374023438,0.003667116165161133,0.0019164085388183594
8828,0.0024285316467285156,0.00409698486328125,0.001577138900756836
8829,0.0021626949310302734,0.00416111946105957,0.0014808177947998047
8830,0.0022780895233154297,0.003818988800048828,0.001434326171875
8831,0.0021381378173828125,0.003933906555175781,0.0015149116516113281
8832,0.0021851062774658203,0.0038237571716308594,0.0014576911926269531
8833,0.0019867420196533203,0.0037801265716552734,0.0014023780822753906
8834,0.0021338462829589844,0.004737377166748047,0.0014944076538085938
8835,0.001973390579223633,0.004351615905761719,0.0014734268188476562
8836,0.0023381710052490234,0.0042269229888916016,0.0014684200286865234
8837,0.002361774444580078,0.004038095474243164,0.0015125274658203125
8838,0.00234222412109375,0.004050254821777344,0.0017786026000976562
8839,0.0021431446075439453,0.004338741302490234,0.0015902519226074219
8840,0.0022072792053222656,0.003886699676513672,0.0014998912811279297
8841,0.002195119857788086,0.0040781497955322266,0.0014925003051757812
8842,0.002221822738647461,0.004477500915527344,0.0014793872833251953
8843,0.002173900604248047,0.0037107467651367188,0.0014553070068359375
8844,0.0024521350860595703,0.0040471553802490234,0.0015256404876708984
8845,0.0021653175354003906,0.003983497619628906,0.0015330314636230469
8846,0.0023424625396728516,0.0040585994720458984,0.0013706684112548828
8847,0.0024690628051757812,0.003869295120239258,0.0014526844024658203
8848,0.0023086071014404297,0.005332231521606445,0.0016858577728271484
8849,0.0020918846130371094,0.0038673877716064453,0.001499176025390625
8850,0.002305269241333008,0.004521846771240234,0.0014989376068115234
8851,0.002041339874267578,0.00433802604675293,0.0014681816101074219
8852,0.002409219741821289,0.004141330718994141,0.0016918182373046875
8853,0.002146005630493164,0.0036385059356689453,0.0015106201171875
8854,0.0024154186248779297,0.005011320114135742,0.001489877700805664
8855,0.0022690296173095703,0.006354093551635742,0.0014772415161132812
8856,0.0023441314697265625,0.004727840423583984,0.0014727115631103516
8857,0.0024709701538085938,0.0032701492309570312,0.0015621185302734375
8858,0.002467632293701172,0.003470182418823242,0.0015170574188232422
8859,0.0020334720611572266,0.004049777984619141,0.0016369819641113281
8860,0.002277851104736328,0.004057645797729492,0.0014879703521728516
8861,0.0020508766174316406,0.0039052963256835938,0.001531839370727539
8862,0.002271890640258789,0.003907203674316406,0.0015151500701904297
8863,0.0020575523376464844,0.0045163631439208984,0.0014693737030029297
8864,0.002249479293823242,0.006318569183349609,0.0014653205871582031
8865,0.002113819122314453,0.004912137985229492,0.004053831100463867
8866,0.002307415008544922,0.003968715667724609,0.0017185211181640625
8867,0.0023949146270751953,0.0035927295684814453,0.0016546249389648438
8868,0.0024073123931884766,0.0038115978240966797,0.0016624927520751953
8869,0.0022156238555908203,0.003404378890991211,0.0019404888153076172
8870,0.002347707748413086,0.0040798187255859375,0.0016129016876220703
8871,0.002206563949584961,0.0039064884185791016,0.0014197826385498047
8872,0.0023298263549804688,0.005175352096557617,0.0014560222625732422
8873,0.0021991729736328125,0.0037479400634765625,0.0014503002166748047
8874,0.0024688243865966797,0.0040895938873291016,0.0015082359313964844
8875,0.002301931381225586,0.0043790340423583984,0.0013992786407470703
8876,0.0023190975189208984,0.0044820308685302734,0.0015091896057128906
8877,0.0023632049560546875,0.003820657730102539,0.0015063285827636719
8878,0.0023298263549804688,0.003991365432739258,0.001463174819946289
8879,0.002254486083984375,0.003664731979370117,0.0015604496002197266
8880,0.0021886825561523438,0.004795074462890625,0.0016508102416992188
8881,0.002189159393310547,0.004914522171020508,0.0014789104461669922
8882,0.002341747283935547,0.004194736480712891,0.0015442371368408203
8883,0.0021677017211914062,0.0036165714263916016,0.0015444755554199219
8884,0.002371549606323242,0.005377292633056641,0.0014615058898925781
8885,0.002360105514526367,0.004004955291748047,0.0015153884887695312
8886,0.0024089813232421875,0.00410008430480957,0.0017023086547851562
8887,0.002486705780029297,0.004773855209350586,0.0014476776123046875
8888,0.0021109580993652344,0.005064249038696289,0.0014941692352294922
8889,0.0021669864654541016,0.005434751510620117,0.0014793872833251953
8890,0.0022284984588623047,0.0055389404296875,0.0016739368438720703
8891,0.0023703575134277344,0.00529170036315918,0.0015897750854492188
8892,0.002202749252319336,0.006478548049926758,0.001552581787109375
8893,0.002198934555053711,0.003978252410888672,0.0014879703521728516
8894,0.0020585060119628906,0.0038900375366210938,0.0014901161193847656
8895,0.002304553985595703,0.0038318634033203125,0.0014085769653320312
8896,0.002112150192260742,0.0039556026458740234,0.0014734268188476562
8897,0.0026171207427978516,0.004068136215209961,0.0015728473663330078
8898,0.0022864341735839844,0.003910064697265625,0.0014393329620361328
8899,0.0022962093353271484,0.003805875778198242,0.0015153884887695312
8900,0.002124786376953125,0.003985881805419922,0.0014719963073730469
8901,0.002353191375732422,0.0038449764251708984,0.0016760826110839844
8902,0.002054929733276367,0.0047571659088134766,0.0015418529510498047
8903,0.002304553985595703,0.003953695297241211,0.001508951187133789
8904,0.002231597900390625,0.0038030147552490234,0.001476287841796875
8905,0.0022940635681152344,0.0038831233978271484,0.0014653205871582031
8906,0.0022771358489990234,0.004097938537597656,0.0015125274658203125
8907,0.0025305747985839844,0.0037424564361572266,0.0015497207641601562
8908,0.0022726058959960938,0.003751993179321289,0.0015406608581542969
8909,0.002385377883911133,0.0038046836853027344,0.001483917236328125
8910,0.0021173954010009766,0.0039904117584228516,0.0014536380767822266
8911,0.0023267269134521484,0.003964662551879883,0.0017063617706298828
8912,0.0022385120391845703,0.004102230072021484,0.0014383792877197266
8913,0.0023238658905029297,0.004127025604248047,0.001420736312866211
8914,0.002058267593383789,0.004041194915771484,0.0014553070068359375
8915,0.0022013187408447266,0.004098653793334961,0.0014002323150634766
8916,0.0020461082458496094,0.003943204879760742,0.0014777183532714844
8917,0.002690553665161133,0.005442380905151367,0.0014219284057617188
8918,0.002151966094970703,0.004058361053466797,0.0015213489532470703
8919,0.0022721290588378906,0.004326581954956055,0.0015189647674560547
8920,0.0021572113037109375,0.005189180374145508,0.0017473697662353516
8921,0.0022187232971191406,0.005339384078979492,0.001569509506225586
8922,0.002200603485107422,0.004481792449951172,0.0017442703247070312
8923,0.0022389888763427734,0.004528045654296875,0.0015783309936523438
8924,0.0021975040435791016,0.004086971282958984,0.0015635490417480469
8925,0.002515077590942383,0.0038955211639404297,0.0014414787292480469
8926,0.0020995140075683594,0.003576993942260742,0.0015308856964111328
8927,0.0026276111602783203,0.003941535949707031,0.0013740062713623047
8928,0.0022127628326416016,0.0039370059967041016,0.0014805793762207031
8929,0.0023512840270996094,0.004244327545166016,0.0015304088592529297
8930,0.002127408981323242,0.003972768783569336,0.0014107227325439453
8931,0.0022296905517578125,0.003742218017578125,0.0013959407806396484
8932,0.002188444137573242,0.004007577896118164,0.001641988754272461
8933,0.0024013519287109375,0.003887176513671875,0.0014939308166503906
8934,0.0022344589233398438,0.0035393238067626953,0.0015990734100341797
8935,0.0023407936096191406,0.0035517215728759766,0.0015473365783691406
8936,0.002228260040283203,0.0039560794830322266,0.0014994144439697266
8937,0.0026726722717285156,0.005064487457275391,0.0015113353729248047
8938,0.0023622512817382812,0.00569462776184082,0.001523733139038086
8939,0.002523660659790039,0.005321502685546875,0.0015358924865722656
8940,0.002428293228149414,0.004300117492675781,0.001500844955444336
8941,0.0024254322052001953,0.003908395767211914,0.0014147758483886719
8942,0.0020515918731689453,0.004103422164916992,0.00154876708984375
8943,0.002172231674194336,0.003994464874267578,0.0016741752624511719
8944,0.0021185874938964844,0.0036766529083251953,0.0014941692352294922
8945,0.002337932586669922,0.004008769989013672,0.0015723705291748047
8946,0.0022423267364501953,0.004231929779052734,0.001611471176147461
8947,0.002446889877319336,0.004873752593994141,0.0015594959259033203
8948,0.0021262168884277344,0.004950761795043945,0.0014832019805908203
8949,0.0023148059844970703,0.00429081916809082,0.0014472007751464844
8950,0.0022819042205810547,0.0039904117584228516,0.0014481544494628906
8951,0.0021448135375976562,0.004317522048950195,0.0015342235565185547
8952,0.0023856163024902344,0.005220651626586914,0.0015106201171875
8953,0.0022423267364501953,0.003950595855712891,0.0018482208251953125
8954,0.0023877620697021484,0.003944873809814453,0.0014157295227050781
8955,0.002195596694946289,0.004137516021728516,0.0018897056579589844
8956,0.0025653839111328125,0.00492405891418457,0.0015101432800292969
8957,0.0023190975189208984,0.004081249237060547,0.0014503002166748047
8958,0.0022552013397216797,0.003938436508178711,0.0017092227935791016
8959,0.0022225379943847656,0.004264116287231445,0.001444101333618164
8960,0.0023872852325439453,0.003907203674316406,0.0015599727630615234
8961,0.002126455307006836,0.0040738582611083984,0.0015497207641601562
8962,0.0023407936096191406,0.0040209293365478516,0.001603841781616211
8963,0.002149820327758789,0.004059553146362305,0.0014843940734863281
8964,0.0021839141845703125,0.003900766372680664,0.001781463623046875
8965,0.0020754337310791016,0.00466609001159668,0.0015468597412109375
8966,0.0023713111877441406,0.0043718814849853516,0.0015411376953125
8967,0.002428770065307617,0.004580020904541016,0.0014946460723876953
8968,0.002263307571411133,0.004282712936401367,0.0014712810516357422
8969,0.002094268798828125,0.0042879581451416016,0.0014235973358154297
8970,0.0021936893463134766,0.003529071807861328,0.0015692710876464844
8971,0.0020799636840820312,0.0039653778076171875,0.0014693737030029297
8972,0.0022611618041992188,0.0042040348052978516,0.0014567375183105469
8973,0.002236604690551758,0.003972291946411133,0.0015108585357666016
8974,0.0022313594818115234,0.003993988037109375,0.0017039775848388672
8975,0.001975536346435547,0.003823518753051758,0.0014221668243408203
8976,0.0023081302642822266,0.004138946533203125,0.0014095306396484375
8977,0.002354145050048828,0.003679037094116211,0.0014605522155761719
8978,0.0022847652435302734,0.004036903381347656,0.0014960765838623047
8979,0.002124309539794922,0.003842592239379883,0.0015413761138916016
8980,0.0023679733276367188,0.0040798187255859375,0.0015158653259277344
8981,0.0021507740020751953,0.004969596862792969,0.0014872550964355469
8982,0.0022907257080078125,0.004366159439086914,0.0014069080352783203
8983,0.0021936893463134766,0.003881692886352539,0.0014979839324951172
8984,0.0022704601287841797,0.00440669059753418,0.0014674663543701172
8985,0.0020079612731933594,0.004197120666503906,0.0018284320831298828
8986,0.0023424625396728516,0.004303693771362305,0.0015492439270019531
8987,0.0024042129516601562,0.0038399696350097656,0.001531839370727539
8988,0.002342700958251953,0.004038095474243164,0.0016021728515625
8989,0.002104043960571289,0.004576206207275391,0.0017380714416503906
8990,0.0022764205932617188,0.004469156265258789,0.0015034675598144531
8991,0.002031564712524414,0.004390239715576172,0.001547098159790039
8992,0.0024001598358154297,0.0041961669921875,0.0015616416931152344
8993,0.0022056102752685547,0.0038733482360839844,0.0015649795532226562
8994,0.0023529529571533203,0.0041539669036865234,0.0014507770538330078
8995,0.0020341873168945312,0.0041239261627197266,0.0017130374908447266
8996,0.0022149085998535156,0.005497455596923828,0.0015745162963867188
8997,0.0021941661834716797,0.0042226314544677734,0.0014295578002929688
8998,0.0022721290588378906,0.004358768463134766,0.0014772415161132812
8999,0.0021414756774902344,0.003840208053588867,0.0015769004821777344
9000,0.0023233890533447266,0.00492405891418457,0.0014679431915283203
9001,0.002657651901245117,0.004205465316772461,0.0014960765838623047
9002,0.0035669803619384766,0.004351377487182617,0.0015025138854980469
9003,0.0029184818267822266,0.0038728713989257812,0.0014448165893554688
9004,0.002640247344970703,0.0038864612579345703,0.0014927387237548828
9005,0.0021371841430664062,0.0038154125213623047,0.0015420913696289062
9006,0.002262592315673828,0.0038747787475585938,0.0017464160919189453
9007,0.0024001598358154297,0.005198240280151367,0.0016491413116455078
9008,0.0023801326751708984,0.0043833255767822266,0.0014834403991699219
9009,0.002238035202026367,0.0048084259033203125,0.0015666484832763672
9010,0.002387523651123047,0.004187345504760742,0.0015799999237060547
9011,0.0020461082458496094,0.0035600662231445312,0.0014090538024902344
9012,0.0022287368774414062,0.005202770233154297,0.001527547836303711
9013,0.002234935760498047,0.004317522048950195,0.0013463497161865234
9014,0.0024099349975585938,0.004373788833618164,0.0014564990997314453
9015,0.002401590347290039,0.003729104995727539,0.001489877700805664
9016,0.0022890567779541016,0.0038306713104248047,0.0017609596252441406
9017,0.002677440643310547,0.003827333450317383,0.0015938282012939453
9018,0.0022656917572021484,0.003962516784667969,0.0015594959259033203
9019,0.0022444725036621094,0.0036334991455078125,0.0015289783477783203
9020,0.0023033618927001953,0.005036115646362305,0.0015382766723632812
9021,0.0023708343505859375,0.004142284393310547,0.0037207603454589844
9022,0.002065896987915039,0.0048427581787109375,0.0017011165618896484
9023,0.002440929412841797,0.004026651382446289,0.001680612564086914
9024,0.002119779586791992,0.0039997100830078125,0.003023386001586914
9025,0.003118276596069336,0.003942966461181641,0.0031769275665283203
9026,0.0024039745330810547,0.0039708614349365234,0.003090381622314453
9027,0.0028297901153564453,0.003888368606567383,0.0032966136932373047
9028,0.002244234085083008,0.004337787628173828,0.0028486251831054688
9029,0.0023224353790283203,0.00431370735168457,0.0028624534606933594
9030,0.0021295547485351562,0.00419306755065918,0.002996683120727539
9031,0.002197742462158203,0.003767728805541992,0.0031185150146484375
9032,0.002095937728881836,0.004515171051025391,0.0030279159545898438
9033,0.002317190170288086,0.004200458526611328,0.0029497146606445312
9034,0.002190828323364258,0.004255056381225586,0.0031418800354003906
9035,0.002408742904663086,0.003888845443725586,0.0031075477600097656
9036,0.002277851104736328,0.00406646728515625,0.0031397342681884766
9037,0.002874612808227539,0.004926204681396484,0.003221750259399414
9038,0.002119779586791992,0.0065615177154541016,0.004601240158081055
9039,0.002321481704711914,0.006159067153930664,0.003119230270385742
9040,0.0022945404052734375,0.004563570022583008,0.0030956268310546875
9041,0.0024275779724121094,0.004855155944824219,0.0030155181884765625
9042,0.0022437572479248047,0.00603485107421875,0.002856731414794922
9043,0.0024127960205078125,0.0048983097076416016,0.003003358840942383
9044,0.002296924591064453,0.004441022872924805,0.002964019775390625
9045,0.002544879913330078,0.004485130310058594,0.0030634403228759766
9046,0.0022106170654296875,0.0039827823638916016,0.004106760025024414
9047,0.0026826858520507812,0.0040628910064697266,0.003363370895385742
9048,0.002191305160522461,0.004125118255615234,0.003696441650390625
9049,0.002321481704711914,0.0037689208984375,0.003202199935913086
9050,0.0020711421966552734,0.003925323486328125,0.002814054489135742
9051,0.002310514450073242,0.004358768463134766,0.0038700103759765625
9052,0.0021941661834716797,0.004219770431518555,0.0032570362091064453
9053,0.0023565292358398438,0.004022359848022461,0.003651857376098633
9054,0.002193927764892578,0.004004001617431641,0.003468751907348633
9055,0.0022957324981689453,0.0040988922119140625,0.003039836883544922
9056,0.0020852088928222656,0.004076242446899414,0.002783060073852539
9057,0.002596139907836914,0.004110574722290039,0.0028295516967773438
9058,0.002191305160522461,0.0038776397705078125,0.0037992000579833984
9059,0.0024302005767822266,0.0038743019104003906,0.003339529037475586
9060,0.0022537708282470703,0.0039997100830078125,0.004326581954956055
9061,0.002206087112426758,0.004007577896118164,0.00333404541015625
9062,0.002155780792236328,0.0038514137268066406,0.0032129287719726562
9063,0.002280712127685547,0.003925800323486328,0.003975391387939453
9064,0.002261638641357422,0.004021406173706055,0.0033915042877197266
9065,0.0022280216217041016,0.004107952117919922,0.003894805908203125
9066,0.0020928382873535156,0.0037724971771240234,0.004103422164916992
9067,0.0024673938751220703,0.003987789154052734,0.0034704208374023438
9068,0.0021834373474121094,0.0038976669311523438,0.004437685012817383
9069,0.0023331642150878906,0.004033327102661133,0.005067348480224609
9070,0.002196788787841797,0.003954172134399414,0.00537872314453125
9071,0.0024535655975341797,0.004525661468505859,0.004533529281616211
9072,0.0022521018981933594,0.005286455154418945,0.003726959228515625
9073,0.002315998077392578,0.00429844856262207,0.002992391586303711
9074,0.002232789993286133,0.004140377044677734,0.002974987030029297
9075,0.002437591552734375,0.004304409027099609,0.0029125213623046875
9076,0.0021572113037109375,0.0038764476776123047,0.004231452941894531
9077,0.0025086402893066406,0.003885984420776367,0.003742218017578125
9078,0.002096891403198242,0.0041887760162353516,0.003444671630859375
9079,0.002311229705810547,0.004259347915649414,0.00319671630859375
9080,0.002414703369140625,0.004775047302246094,0.002891063690185547
9081,0.0022597312927246094,0.0041658878326416016,0.004346132278442383
9082,0.002317667007446289,0.004625082015991211,0.003239870071411133
9083,0.002166271209716797,0.004365682601928711,0.003331422805786133
9084,0.0023708343505859375,0.003958463668823242,0.0031151771545410156
9085,0.002105236053466797,0.003945350646972656,0.0031163692474365234
9086,0.0022766590118408203,0.005603313446044922,0.0030062198638916016
9087,0.0023970603942871094,0.00543665885925293,0.0048792362213134766
9088,0.0023953914642333984,0.0050220489501953125,0.004551887512207031
9089,0.002195119857788086,0.004250288009643555,0.003818035125732422
9090,0.0023221969604492188,0.004244327545166016,0.0030906200408935547
9091,0.0021812915802001953,0.004308223724365234,0.0028994083404541016
9092,0.0022122859954833984,0.004457950592041016,0.0038497447967529297
9093,0.0020339488983154297,0.004334449768066406,0.004151344299316406
9094,0.0023207664489746094,0.004046916961669922,0.0032777786254882812
9095,0.0022079944610595703,0.004102468490600586,0.0042722225189208984
9096,0.0023217201232910156,0.00400996208190918,0.003419637680053711
9097,0.002485036849975586,0.004337310791015625,0.0031087398529052734
9098,0.0023813247680664062,0.0040628910064697266,0.0032911300659179688
9099,0.002143383026123047,0.003989696502685547,0.004288673400878906
9100,0.002260446548461914,0.0038640499114990234,0.0035593509674072266
9101,0.0023763179779052734,0.005112171173095703,0.004156589508056641
9102,0.0024259090423583984,0.0053577423095703125,0.004350185394287109
9103,0.0021622180938720703,0.0057582855224609375,0.003130197525024414
9104,0.002351999282836914,0.0041544437408447266,0.0039942264556884766
9105,0.0019910335540771484,0.004840373992919922,0.0032470226287841797
9106,0.002325296401977539,0.0041582584381103516,0.003201007843017578
9107,0.0024347305297851562,0.005348682403564453,0.003241300582885742
9108,0.002368927001953125,0.004499197006225586,0.0030176639556884766
9109,0.002103090286254883,0.0047032833099365234,0.003017902374267578
9110,0.002262115478515625,0.004703521728515625,0.0035266876220703125
9111,0.0022487640380859375,0.003519296646118164,0.004056215286254883
9112,0.002336263656616211,0.004053831100463867,0.005122184753417969
9113,0.002240896224975586,0.004204750061035156,0.003368377685546875
9114,0.002468109130859375,0.004396915435791016,0.0029952526092529297
9115,0.0021028518676757812,0.0038299560546875,0.0031549930572509766
9116,0.0023012161254882812,0.003935337066650391,0.004045009613037109
9117,0.002334117889404297,0.004285335540771484,0.004654645919799805
9118,0.002369403839111328,0.004389286041259766,0.0032024383544921875
9119,0.002052783966064453,0.003916740417480469,0.003320455551147461
9120,0.002286195755004883,0.004113674163818359,0.0032875537872314453
9121,0.002228975296020508,0.003865480422973633,0.00467681884765625
9122,0.002363443374633789,0.004345893859863281,0.003279447555541992
9123,0.0022437572479248047,0.0041294097900390625,0.0032494068145751953
9124,0.0024607181549072266,0.004016399383544922,0.003221273422241211
9125,0.0023260116577148438,0.003933429718017578,0.0030100345611572266
9126,0.0023505687713623047,0.003935098648071289,0.0033109188079833984
9127,0.0024192333221435547,0.0037593841552734375,0.002968311309814453
9128,0.0024530887603759766,0.004876852035522461,0.0031175613403320312
9129,0.0021529197692871094,0.004083156585693359,0.004057884216308594
9130,0.002205371856689453,0.0042111873626708984,0.0040740966796875
9131,0.0019783973693847656,0.004302501678466797,0.0030355453491210938
9132,0.002137422561645508,0.005509376525878906,0.0034618377685546875
9133,0.0021104812622070312,0.004263877868652344,0.0039713382720947266
9134,0.002325296401977539,0.004780292510986328,0.0038809776306152344
9135,0.0022237300872802734,0.004911184310913086,0.0040018558502197266
9136,0.0022602081298828125,0.0054361820220947266,0.0034317970275878906
9137,0.0022852420806884766,0.003816843032836914,0.0033333301544189453
9138,0.0024280548095703125,0.0046234130859375,0.0029664039611816406
9139,0.0022373199462890625,0.004464626312255859,0.0041773319244384766
9140,0.0023059844970703125,0.0041027069091796875,0.004231929779052734
9141,0.0021865367889404297,0.0038924217224121094,0.0030002593994140625
9142,0.002337932586669922,0.004575252532958984,0.0034508705139160156
9143,0.0021677017211914062,0.0038976669311523438,0.0031213760375976562
9144,0.0022928714752197266,0.0040280818939208984,0.002922534942626953
9145,0.002384185791015625,0.0038814544677734375,0.002954721450805664
9146,0.0020906925201416016,0.004342079162597656,0.004494428634643555
9147,0.002532958984375,0.003921985626220703,0.0029315948486328125
9148,0.0021271705627441406,0.005098581314086914,0.004213571548461914
9149,0.0023903846740722656,0.0038290023803710938,0.003468751907348633
9150,0.004041910171508789,0.004113674163818359,0.003398418426513672
9151,0.004811525344848633,0.004228353500366211,0.0032269954681396484
9152,0.002148866653442383,0.0046482086181640625,0.0029022693634033203
9153,0.002211332321166992,0.003983259201049805,0.003120899200439453
9154,0.002161741256713867,0.004007577896118164,0.002997875213623047
9155,0.002354860305786133,0.003789663314819336,0.003178834915161133
9156,0.002287149429321289,0.004033803939819336,0.0031867027282714844
9157,0.0026848316192626953,0.004002809524536133,0.004228353500366211
9158,0.0021212100982666016,0.004017353057861328,0.004124879837036133
9159,0.002275228500366211,0.004012584686279297,0.004251718521118164
9160,0.0020394325256347656,0.003748655319213867,0.005580902099609375
9161,0.002234220504760742,0.003609895706176758,0.004910707473754883
9162,0.002151012420654297,0.004261493682861328,0.004773855209350586
9163,0.0022161006927490234,0.0038962364196777344,0.003715991973876953
9164,0.0021758079528808594,0.004259347915649414,0.0033326148986816406
9165,0.002330780029296875,0.003939151763916016,0.0030333995819091797
9166,0.0022497177124023438,0.004035234451293945,0.0029344558715820312
9167,0.0026175975799560547,0.003946065902709961,0.0029473304748535156
9168,0.002192258834838867,0.004166603088378906,0.002859354019165039
9169,0.002234220504760742,0.004970073699951172,0.003817319869995117
9170,0.002158641815185547,0.006041526794433594,0.003885030746459961
9171,0.00232696533203125,0.0040934085845947266,0.0031566619873046875
9172,0.0022029876708984375,0.004591703414916992,0.003201723098754883
9173,0.0022466182708740234,0.004563093185424805,0.003232240676879883
9174,0.0020945072174072266,0.0049092769622802734,0.0034055709838867188
9175,0.002225160598754883,0.00613856315612793,0.004462480545043945
9176,0.0022704601287841797,0.0070302486419677734,0.003468036651611328
9177,0.002602815628051758,0.006757974624633789,0.003378629684448242
9178,0.0023026466369628906,0.003568887710571289,0.003161907196044922
9179,0.0023021697998046875,0.005742311477661133,0.00408172607421875
9180,0.002268552780151367,0.00656890869140625,0.004056215286254883
9181,0.0023851394653320312,0.004888296127319336,0.003732919692993164
9182,0.0021882057189941406,0.00399470329284668,0.0036678314208984375
9183,0.002387523651123047,0.0036737918853759766,0.003304004669189453
9184,0.0022687911987304688,0.0048139095306396484,0.003529787063598633
9185,0.0022275447845458984,0.004527568817138672,0.0038475990295410156
9186,0.0019762516021728516,0.0045049190521240234,0.004239320755004883
9187,0.002481698989868164,0.00429534912109375,0.0045735836029052734
9188,0.002198934555053711,0.0049054622650146484,0.0032050609588623047
9189,0.0023691654205322266,0.005011081695556641,0.004018068313598633
9190,0.002166748046875,0.004970073699951172,0.003697633743286133
9191,0.0023314952850341797,0.004447460174560547,0.004541873931884766
9192,0.002261638641357422,0.004128456115722656,0.003217935562133789
9193,0.002317190170288086,0.0040318965911865234,0.0032312870025634766
9194,0.0022242069244384766,0.003983020782470703,0.0032019615173339844
9195,0.0024178028106689453,0.003999233245849609,0.0036933422088623047
9196,0.0022344589233398438,0.0040323734283447266,0.003726482391357422
9197,0.0025594234466552734,0.003977537155151367,0.003989696502685547
9198,0.002077817916870117,0.003553152084350586,0.002786874771118164
9199,0.0023038387298583984,0.004875659942626953,0.0028510093688964844
9200,0.002223491668701172,0.006556272506713867,0.00427699089050293
9201,0.0023338794708251953,0.006642818450927734,0.0047490596771240234
9202,0.0021080970764160156,0.004766702651977539,0.0034134387969970703
9203,0.002430438995361328,0.00465846061706543,0.003523588180541992
9204,0.003254413604736328,0.004810333251953125,0.003675222396850586
9205,0.005135297775268555,0.004319906234741211,0.0035011768341064453
9206,0.0040018558502197266,0.0037598609924316406,0.003983020782470703
9207,0.002405405044555664,0.004404306411743164,0.0032525062561035156
9208,0.0022361278533935547,0.0036773681640625,0.003155231475830078
9209,0.002361774444580078,0.0025482177734375,0.0032684803009033203
9210,0.002208232879638672,0.002513408660888672,0.0031974315643310547
9211,0.0021152496337890625,0.0026788711547851562,0.003034353256225586
9212,0.002318859100341797,0.002557039260864258,0.004908323287963867
9213,0.0021495819091796875,0.0024023056030273438,0.004701375961303711
9214,0.002361774444580078,0.0032188892364501953,0.0038421154022216797
9215,0.002162933349609375,0.0033576488494873047,0.0028557777404785156
9216,0.0024728775024414062,0.004918813705444336,0.0030105113983154297
9217,0.0021109580993652344,0.003749370574951172,0.004362344741821289
9218,0.002361774444580078,0.0023043155670166016,0.004564523696899414
9219,0.002188444137573242,0.0022466182708740234,0.002024412155151367
9220,0.002322673797607422,0.0021789073944091797,0.0018641948699951172
9221,0.0022568702697753906,0.002460479736328125,0.0015957355499267578
9222,0.0023109912872314453,0.0027153491973876953,0.001627206802368164
9223,0.0020868778228759766,0.0025620460510253906,0.0016436576843261719
9224,0.002337217330932617,0.0023071765899658203,0.0016641616821289062
9225,0.002080678939819336,0.0023806095123291016,0.001592397689819336
9226,0.0023059844970703125,0.0022127628326416016,0.0017175674438476562
9227,0.0023450851440429688,0.002458333969116211,0.0015671253204345703
9228,0.0022432804107666016,0.0022161006927490234,0.0015556812286376953
9229,0.0021295547485351562,0.00226593017578125,0.0016663074493408203
9230,0.002286672592163086,0.002146482467651367,0.0015106201171875
9231,0.0023267269134521484,0.0024023056030273438,0.0015819072723388672
9232,0.002391815185546875,0.0025186538696289062,0.0015070438385009766
9233,0.002203702926635742,0.0023391246795654297,0.0014765262603759766
9234,0.0023407936096191406,0.0040891170501708984,0.0014867782592773438
9235,0.0021452903747558594,0.004015207290649414,0.0014793872833251953
9236,0.0023741722106933594,0.0038895606994628906,0.001623392105102539
9237,0.002254486083984375,0.003964424133300781,0.0016405582427978516
9238,0.002218008041381836,0.0036520957946777344,0.0014221668243408203
9239,0.002116680145263672,0.00405120849609375,0.0015709400177001953
9240,0.002313375473022461,0.004042148590087891,0.001504659652709961
9241,0.002082347869873047,0.003813505172729492,0.0014386177062988281
9242,0.0022573471069335938,0.004391193389892578,0.0015232563018798828
9243,0.0020859241485595703,0.003891468048095703,0.0015332698822021484
9244,0.0021190643310546875,0.004105806350708008,0.0016088485717773438
9245,0.0020341873168945312,0.003804922103881836,0.0016131401062011719
9246,0.0022432804107666016,0.004206657409667969,0.002459287643432617
9247,0.0023107528686523438,0.004064321517944336,0.0034198760986328125
9248,0.0023424625396728516,0.004918336868286133,0.0021402835845947266
9249,0.0020170211791992188,0.0038840770721435547,0.0023136138916015625
9250,0.002115488052368164,0.004036664962768555,0.0022208690643310547
9251,0.002025604248046875,0.004046916961669922,0.0018465518951416016
9252,0.0022521018981933594,0.0046787261962890625,0.0013203620910644531
9253,0.002136707305908203,0.0038280487060546875,0.0014460086822509766
9254,0.0021092891693115234,0.004109382629394531,0.0014600753784179688
9255,0.0021038055419921875,0.003992557525634766,0.0014603137969970703
9256,0.0023093223571777344,0.0041501522064208984,0.0013904571533203125
9257,0.0022058486938476562,0.0037491321563720703,0.001451253890991211
9258,0.002312183380126953,0.0040476322174072266,0.0017559528350830078
9259,0.002181529998779297,0.003827810287475586,0.0015075206756591797
9260,0.0023114681243896484,0.0037834644317626953,0.0014617443084716797
9261,0.0021317005157470703,0.0036973953247070312,0.0015530586242675781
9262,0.002146482467651367,0.004626274108886719,0.0014190673828125
9263,0.002242565155029297,0.004718303680419922,0.0014662742614746094
9264,0.002287149429321289,0.006335258483886719,0.0017580986022949219
9265,0.00211334228515625,0.005963802337646484,0.0014395713806152344
9266,0.0021376609802246094,0.0043179988861083984,0.0014619827270507812
9267,0.002209901809692383,0.0033125877380371094,0.0014619827270507812
9268,0.0022296905517578125,0.00417017936706543,0.0016207695007324219
9269,0.002146005630493164,0.005167722702026367,0.0015397071838378906
9270,0.002231597900390625,0.005780458450317383,0.0015807151794433594
9271,0.002019166946411133,0.004300117492675781,0.0015835762023925781
9272,0.0024182796478271484,0.004131793975830078,0.0016558170318603516
9273,0.002129793167114258,0.0037658214569091797,0.0015926361083984375
9274,0.0022192001342773438,0.003943920135498047,0.0016398429870605469
9275,0.0023298263549804688,0.003774404525756836,0.00152587890625
9276,0.0021865367889404297,0.0039365291595458984,0.0015690326690673828
9277,0.002711057662963867,0.0038242340087890625,0.0015933513641357422
9278,0.0021758079528808594,0.0038900375366210938,0.0016024112701416016
9279,0.0023331642150878906,0.0040187835693359375,0.0017349720001220703
9280,0.0021524429321289062,0.00423431396484375,0.0015249252319335938
9281,0.002216339111328125,0.003857135772705078,0.0015459060668945312
9282,0.0021734237670898438,0.004168033599853516,0.0015301704406738281
9283,0.0022974014282226562,0.004727840423583984,0.0014889240264892578
9284,0.002034425735473633,0.0036745071411132812,0.0015826225280761719
9285,0.0024013519287109375,0.003938436508178711,0.0014917850494384766
9286,0.002071380615234375,0.004337787628173828,0.0015075206756591797
9287,0.002511739730834961,0.004242897033691406,0.0015816688537597656
9288,0.002312183380126953,0.003942728042602539,0.0015497207641601562
9289,0.0023338794708251953,0.003710031509399414,0.0016722679138183594
9290,0.002151012420654297,0.004087209701538086,0.0015685558319091797
9291,0.0023636817932128906,0.0037026405334472656,0.0015110969543457031
9292,0.0019991397857666016,0.00405573844909668,0.0013964176177978516
9293,0.002196788787841797,0.003827810287475586,0.0014159679412841797
9294,0.001968860626220703,0.0045337677001953125,0.0014061927795410156
9295,0.0023806095123291016,0.0037915706634521484,0.001461029052734375
9296,0.002110004425048828,0.004026174545288086,0.0014638900756835938
9297,0.002501249313354492,0.0040111541748046875,0.0014910697937011719
9298,0.0020477771759033203,0.004235744476318359,0.0017321109771728516
9299,0.002358675003051758,0.004140615463256836,0.0015163421630859375
9300,0.002222776412963867,0.0044176578521728516,0.001668691635131836
9301,0.0022308826446533203,0.0038373470306396484,0.0016231536865234375
9302,0.0022034645080566406,0.0043010711669921875,0.001425027847290039
9303,0.0023407936096191406,0.004118680953979492,0.0015749931335449219
9304,0.002141714096069336,0.004244327545166016,0.0015888214111328125
9305,0.002272367477416992,0.003882884979248047,0.001522064208984375
9306,0.0021076202392578125,0.004168987274169922,0.0015850067138671875
9307,0.002565145492553711,0.004929304122924805,0.0015594959259033203
9308,0.002096414566040039,0.004426717758178711,0.0014955997467041016
9309,0.0023241043090820312,0.004024505615234375,0.0014929771423339844
9310,0.0020360946655273438,0.003815889358520508,0.0016589164733886719
9311,0.002229452133178711,0.003831624984741211,0.0015540122985839844
9312,0.002102375030517578,0.003931999206542969,0.0014884471893310547
9313,0.002341032028198242,0.003992795944213867,0.0015244483947753906
9314,0.002237558364868164,0.0039005279541015625,0.0014412403106689453
9315,0.002175569534301758,0.004087686538696289,0.0015099048614501953
9316,0.0020742416381835938,0.003810405731201172,0.0015566349029541016
9317,0.0025243759155273438,0.0039327144622802734,0.001547098159790039
9318,0.0020294189453125,0.0037136077880859375,0.0014636516571044922
9319,0.0022237300872802734,0.003882169723510742,0.0015587806701660156
9320,0.002175569534301758,0.0037643909454345703,0.0015604496002197266
9321,0.0022110939025878906,0.003966808319091797,0.0017540454864501953
9322,0.0021986961364746094,0.004127979278564453,0.0015180110931396484
9323,0.0023446083068847656,0.0037262439727783203,0.0015611648559570312
9324,0.002111673355102539,0.0037102699279785156,0.0016460418701171875
9325,0.002150297164916992,0.004071235656738281,0.0014922618865966797
9326,0.002203702926635742,0.004758119583129883,0.0015358924865722656
9327,0.0024566650390625,0.004331350326538086,0.0015115737915039062
9328,0.0021584033966064453,0.004211902618408203,0.0015597343444824219
9329,0.002321004867553711,0.003996849060058594,0.0015842914581298828
9330,0.0020093917846679688,0.00399017333984375,0.0015578269958496094
9331,0.002128124237060547,0.003929615020751953,0.0018317699432373047
9332,0.0020220279693603516,0.004213571548461914,0.0017936229705810547
9333,0.0022475719451904297,0.007687807083129883,0.0016019344329833984
9334,0.002194643020629883,0.003567934036254883,0.0015406608581542969
9335,0.002328634262084961,0.004597902297973633,0.0015075206756591797
9336,0.002178192138671875,0.005570650100708008,0.0015273094177246094
9337,0.002465963363647461,0.003964900970458984,0.0014195442199707031
9338,0.0021948814392089844,0.0043714046478271484,0.0014874935150146484
9339,0.0022192001342773438,0.004549741744995117,0.0015344619750976562
9340,0.002306699752807617,0.003762960433959961,0.0014989376068115234
9341,0.0022308826446533203,0.0038204193115234375,0.0016026496887207031
9342,0.002179861068725586,0.005179882049560547,0.0018527507781982422
9343,0.002066373825073242,0.004231929779052734,0.0015256404876708984
9344,0.0022897720336914062,0.0048868656158447266,0.0016322135925292969
9345,0.0021169185638427734,0.004365682601928711,0.0014393329620361328
9346,0.002168416976928711,0.004197120666503906,0.0015370845794677734
9347,0.0022974014282226562,0.004303455352783203,0.0014796257019042969
9348,0.0021209716796875,0.004113435745239258,0.0013878345489501953
9349,0.0021338462829589844,0.004127979278564453,0.001445770263671875
9350,0.0022325515747070312,0.003795146942138672,0.0013737678527832031
9351,0.0020656585693359375,0.0038373470306396484,0.0014986991882324219
9352,0.002089262008666992,0.0040624141693115234,0.001741170883178711
9353,0.0020334720611572266,0.0037212371826171875,0.0015435218811035156
9354,0.0022258758544921875,0.0035266876220703125,0.0015456676483154297
9355,0.002128124237060547,0.004056215286254883,0.0015940666198730469
9356,0.002316713333129883,0.00421905517578125,0.0015473365783691406
9357,0.0023708343505859375,0.005336284637451172,0.00152587890625
9358,0.002306699752807617,0.003911256790161133,0.001482248306274414
9359,0.0021049976348876953,0.0041692256927490234,0.0015368461608886719
9360,0.002246379852294922,0.004114389419555664,0.0014278888702392578
9361,0.002210378646850586,0.00397944450378418,0.0014524459838867188
9362,0.002200603485107422,0.004098415374755859,0.0014522075653076172
9363,0.0021572113037109375,0.004111766815185547,0.001718282699584961
9364,0.002128124237060547,0.004144430160522461,0.0014047622680664062
9365,0.0022482872009277344,0.004008769989013672,0.0015523433685302734
9366,0.0023255348205566406,0.003748178482055664,0.0014896392822265625
9367,0.0023610591888427734,0.004146575927734375,0.0016245841979980469
9368,0.002310037612915039,0.003911018371582031,0.0014617443084716797
9369,0.0019245147705078125,0.003981828689575195,0.0015625953674316406
9370,0.0020427703857421875,0.0036139488220214844,0.001539468765258789
9371,0.0021123886108398438,0.004108428955078125,0.0015523433685302734
9372,0.0023000240325927734,0.0043027400970458984,0.0014493465423583984
9373,0.002071857452392578,0.004018068313598633,0.0017583370208740234
9374,0.0022716522216796875,0.003990650177001953,0.001569986343383789
9375,0.0019745826721191406,0.004035472869873047,0.0015192031860351562
9376,0.0022377967834472656,0.004161834716796875,0.0015594959259033203
9377,0.0022356510162353516,0.0036656856536865234,0.001455545425415039
9378,0.0022666454315185547,0.003954410552978516,0.0016052722930908203
9379,0.00189208984375,0.0036172866821289062,0.0015492439270019531
9380,0.002289295196533203,0.0035550594329833984,0.0015118122100830078
9381,0.0021696090698242188,0.003792285919189453,0.0014297962188720703
9382,0.00234222412109375,0.004687309265136719,0.0014710426330566406
9383,0.0021343231201171875,0.0039784908294677734,0.0014045238494873047
9384,0.0022764205932617188,0.004132747650146484,0.0017006397247314453
9385,0.002095460891723633,0.0039861202239990234,0.0014495849609375
9386,0.002247333526611328,0.004057407379150391,0.0015513896942138672
9387,0.0023865699768066406,0.0038709640502929688,0.0015382766723632812
9388,0.002266407012939453,0.004008769989013672,0.0014753341674804688
9389,0.002073526382446289,0.0037212371826171875,0.0015382766723632812
9390,0.0021572113037109375,0.0037903785705566406,0.0015385150909423828
9391,0.002045869827270508,0.004163503646850586,0.0015015602111816406
9392,0.0023102760314941406,0.004513740539550781,0.0014925003051757812
9393,0.002215147018432617,0.003724813461303711,0.0014650821685791016
9394,0.0022995471954345703,0.0039250850677490234,0.0017583370208740234
9395,0.0022194385528564453,0.003723621368408203,0.0015306472778320312
9396,0.002173900604248047,0.004060029983520508,0.0014767646789550781
9397,0.002356290817260742,0.0038852691650390625,0.0014829635620117188
9398,0.002364635467529297,0.003882169723510742,0.0014874935150146484
9399,0.0020842552185058594,0.0037229061126708984,0.00152587890625
9400,0.002110719680786133,0.004231452941894531,0.0014290809631347656
9401,0.0020406246185302734,0.0037555694580078125,0.0016400814056396484
9402,0.0021524429321289062,0.004108905792236328,0.0015461444854736328
9403,0.002070188522338867,0.003895282745361328,0.001524209976196289
9404,0.0022475719451904297,0.0048754215240478516,0.001523733139038086
9405,0.00223541259765625,0.006076812744140625,0.0018093585968017578
9406,0.0019516944885253906,0.004480838775634766,0.0015835762023925781
9407,0.0025200843811035156,0.004052400588989258,0.0015473365783691406
9408,0.002150297164916992,0.0042018890380859375,0.0014216899871826172
9409,0.002389669418334961,0.0040149688720703125,0.00152587890625
9410,0.0020639896392822266,0.003899097442626953,0.0014896392822265625
9411,0.002137899398803711,0.0037920475006103516,0.0014836788177490234
9412,0.0019745826721191406,0.005243778228759766,0.0014760494232177734
9413,0.002285480499267578,0.0039119720458984375,0.0014681816101074219
9414,0.0021200180053710938,0.0042150020599365234,0.0014638900756835938
9415,0.0022683143615722656,0.0037856101989746094,0.0017108917236328125
9416,0.002137899398803711,0.004126071929931641,0.001528024673461914
9417,0.0024068355560302734,0.0037355422973632812,0.0015726089477539062
9418,0.0020933151245117188,0.0038480758666992188,0.0015134811401367188
9419,0.0022859573364257812,0.004005908966064453,0.0015578269958496094
9420,0.0022394657135009766,0.004038572311401367,0.0015134811401367188
9421,0.002301454544067383,0.003667116165161133,0.0014774799346923828
9422,0.0022003650665283203,0.0041027069091796875,0.0015246868133544922
9423,0.0023102760314941406,0.003853321075439453,0.0015442371368408203
9424,0.002206087112426758,0.004095792770385742,0.0015349388122558594
9425,0.002353668212890625,0.003786325454711914,0.0015206336975097656
9426,0.002165079116821289,0.0036551952362060547,0.0016474723815917969
9427,0.002415180206298828,0.0034623146057128906,0.001491546630859375
9428,0.002154827117919922,0.004595041275024414,0.0015053749084472656
9429,0.0024187564849853516,0.0038635730743408203,0.0014271736145019531
9430,0.0020885467529296875,0.0045740604400634766,0.0015053749084472656
9431,0.002236604690551758,0.0044727325439453125,0.0014946460723876953
9432,0.0021545886993408203,0.0041904449462890625,0.0015289783477783203
9433,0.002067089080810547,0.003742218017578125,0.0015361309051513672
9434,0.0021750926971435547,0.00394439697265625,0.0015215873718261719
9435,0.0022428035736083984,0.003922939300537109,0.0015149116516113281
9436,0.0021560192108154297,0.0042324066162109375,0.001955270767211914
9437,0.0024335384368896484,0.003935098648071289,0.001417398452758789
9438,0.002111196517944336,0.004101753234863281,0.0015184879302978516
9439,0.002201557159423828,0.0038716793060302734,0.0014615058898925781
9440,0.0021402835845947266,0.00399470329284668,0.0014641284942626953
9441,0.0022096633911132812,0.0049419403076171875,0.0015463829040527344
9442,0.0020542144775390625,0.0067272186279296875,0.001520395278930664
9443,0.002110719680786133,0.005575418472290039,0.0015680789947509766
9444,0.0020012855529785156,0.003848552703857422,0.0015256404876708984
9445,0.0021517276763916016,0.004429817199707031,0.0015087127685546875
9446,0.0021390914916992188,0.0038170814514160156,0.001573801040649414
9447,0.0025436878204345703,0.0038115978240966797,0.0017414093017578125
9448,0.0021865367889404297,0.003962278366088867,0.001493692398071289
9449,0.002354860305786133,0.004148960113525391,0.0014150142669677734
9450,0.0022373199462890625,0.003992319107055664,0.0014209747314453125
9451,0.002349853515625,0.005087137222290039,0.0013973712921142578
9452,0.0022084712982177734,0.005622386932373047,0.001461029052734375
9453,0.0023076534271240234,0.004072904586791992,0.001424551010131836
9454,0.002139568328857422,0.003929853439331055,0.0014107227325439453
9455,0.002328157424926758,0.003954172134399414,0.0014853477478027344
9456,0.0022068023681640625,0.0039310455322265625,0.0014674663543701172
9457,0.0024423599243164062,0.0038492679595947266,0.0017833709716796875
9458,0.0021445751190185547,0.003696441650390625,0.0014688968658447266
9459,0.002244234085083008,0.0037641525268554688,0.0015287399291992188
9460,0.001947641372680664,0.0037703514099121094,0.0014908313751220703
9461,0.002290487289428711,0.0038394927978515625,0.0014753341674804688
9462,0.002174854278564453,0.00409388542175293,0.0015172958374023438
9463,0.0022895336151123047,0.0038785934448242188,0.001477956771850586
9464,0.0020945072174072266,0.0035974979400634766,0.0015215873718261719
9465,0.0021347999572753906,0.0040395259857177734,0.001573324203491211
9466,0.002080678939819336,0.003878355026245117,0.0015490055084228516
9467,0.0024552345275878906,0.004085063934326172,0.001527547836303711
9468,0.0020847320556640625,0.003899097442626953,0.0016889572143554688
9469,0.0022826194763183594,0.003844022750854492,0.001528024673461914
9470,0.0022721290588378906,0.0036287307739257812,0.0016694068908691406
9471,0.0019845962524414062,0.003913164138793945,0.0015001296997070312
9472,0.0021514892578125,0.0051119327545166016,0.0015254020690917969
9473,0.002164602279663086,0.004053831100463867,0.0015265941619873047
9474,0.0022780895233154297,0.00412440299987793,0.0015170574188232422
9475,0.0021865367889404297,0.0041544437408447266,0.0015246868133544922
9476,0.002391338348388672,0.004105567932128906,0.0014448165893554688
9477,0.002349376678466797,0.0039081573486328125,0.0014650821685791016
9478,0.0022873878479003906,0.0036678314208984375,0.0017194747924804688
9479,0.002273082733154297,0.005372285842895508,0.001527547836303711
9480,0.0023190975189208984,0.003993511199951172,0.0014462471008300781
9481,0.0021255016326904297,0.004199504852294922,0.0014886856079101562
9482,0.002295255661010742,0.004142045974731445,0.0015072822570800781
9483,0.0020303726196289062,0.004201650619506836,0.0014922618865966797
9484,0.0022203922271728516,0.005295991897583008,0.0015041828155517578
9485,0.002131223678588867,0.0041544437408447266,0.0015492439270019531
9486,0.0023064613342285156,0.003783702850341797,0.0015058517456054688
9487,0.002110719680786133,0.003957509994506836,0.0014603137969970703
9488,0.002309083938598633,0.004988431930541992,0.0014345645904541016
9489,0.0021452903747558594,0.0048444271087646484,0.0016689300537109375
9490,0.002305269241333008,0.0043926239013671875,0.001506805419921875
9491,0.002109050750732422,0.004592180252075195,0.0013964176177978516
9492,0.0024101734161376953,0.0041179656982421875,0.0015380382537841797
9493,0.0020220279693603516,0.003911018371582031,0.001583099365234375
9494,0.002276897430419922,0.0037043094635009766,0.0015206336975097656
9495,0.0020313262939453125,0.003951311111450195,0.0014216899871826172
9496,0.0022919178009033203,0.0037429332733154297,0.0015954971313476562
9497,0.002384662628173828,0.004122257232666016,0.0015382766723632812
9498,0.0021924972534179688,0.003622293472290039,0.0015425682067871094
9499,0.002112150192260742,0.004029512405395508,0.0016663074493408203
9500,0.0022962093353271484,0.003843545913696289,0.0015125274658203125
9501,0.002143383026123047,0.0040493011474609375,0.0014824867248535156
9502,0.0021147727966308594,0.005112409591674805,0.001481771469116211
9503,0.0021927356719970703,0.0040857791900634766,0.00151824951171875
9504,0.002168893814086914,0.004172563552856445,0.0017216205596923828
9505,0.002046346664428711,0.004145383834838867,0.0014770030975341797
9506,0.0023593902587890625,0.0039157867431640625,0.0015671253204345703
9507,0.0022933483123779297,0.004122257232666016,0.001524209976196289
9508,0.0022008419036865234,0.0040988922119140625,0.0014958381652832031
9509,0.0019974708557128906,0.003789663314819336,0.0015149116516113281
9510,0.0021543502807617188,0.0041713714599609375,0.001661539077758789
9511,0.00202178955078125,0.003933429718017578,0.0015730857849121094
9512,0.0022656917572021484,0.0044939517974853516,0.0014863014221191406
9513,0.0020253658294677734,0.003981351852416992,0.0015115737915039062
9514,0.0020864009857177734,0.003932952880859375,0.0015375614166259766
9515,0.0021665096282958984,0.0037233829498291016,0.0015211105346679688
9516,0.0023043155670166016,0.004216909408569336,0.0014500617980957031
9517,0.0025436878204345703,0.004137277603149414,0.001468658447265625
9518,0.002257823944091797,0.005471944808959961,0.0013973712921142578
9519,0.002121448516845703,0.008034467697143555,0.0015103816986083984
9520,0.002181529998779297,0.004128932952880859,0.001712799072265625
9521,0.0021295547485351562,0.0042552947998046875,0.0014882087707519531
9522,0.002126455307006836,0.004441022872924805,0.0015108585357666016
9523,0.0020122528076171875,0.0036821365356445312,0.0016088485717773438
9524,0.0022935867309570312,0.004250288009643555,0.0015559196472167969
9525,0.0020105838775634766,0.0036797523498535156,0.0014998912811279297
9526,0.0021452903747558594,0.004040241241455078,0.0014464855194091797
9527,0.002358675003051758,0.003724336624145508,0.0015728473663330078
9528,0.0023331642150878906,0.0038444995880126953,0.0015082359313964844
9529,0.0019304752349853516,0.0038928985595703125,0.0014920234680175781
9530,0.002305269241333008,0.004312038421630859,0.0015320777893066406
9531,0.002123594284057617,0.004067897796630859,0.0017011165618896484
9532,0.0023338794708251953,0.004233598709106445,0.0016777515411376953
9533,0.002139568328857422,0.0037322044372558594,0.0015060901641845703
9534,0.0022017955780029297,0.003977298736572266,0.0014214515686035156
9535,0.002229928970336914,0.0037353038787841797,0.0014221668243408203
9536,0.0021915435791015625,0.0038595199584960938,0.0015425682067871094
9537,0.002393007278442383,0.0036630630493164062,0.0015442371368408203
9538,0.0021669864654541016,0.0038149356842041016,0.0014486312866210938
9539,0.00225830078125,0.0038268566131591797,0.001605987548828125
9540,0.0021598339080810547,0.004011631011962891,0.0015714168548583984
9541,0.002101421356201172,0.003860950469970703,0.0017521381378173828
9542,0.0020554065704345703,0.004487514495849609,0.0015583038330078125
9543,0.002268075942993164,0.004039287567138672,0.0014798641204833984
9544,0.0021109580993652344,0.004170417785644531,0.0015141963958740234
9545,0.0023093223571777344,0.003634929656982422,0.0015380382537841797
9546,0.0021817684173583984,0.00391697883605957,0.0014913082122802734
9547,0.002494335174560547,0.0037882328033447266,0.0014913082122802734
9548,0.002057313919067383,0.0037577152252197266,0.0015461444854736328
9549,0.0022072792053222656,0.0036656856536865234,0.0015635490417480469
9550,0.002210855484008789,0.003978729248046875,0.0016362667083740234
9551,0.0020322799682617188,0.003936767578125,0.001550912857055664
9552,0.0019752979278564453,0.004258155822753906,0.0018134117126464844
9553,0.002142667770385742,0.005076169967651367,0.0015265941619873047
9554,0.0021827220916748047,0.004485368728637695,0.0015001296997070312
9555,0.0023949146270751953,0.003936052322387695,0.001508474349975586
9556,0.001978158950805664,0.004197359085083008,0.001421213150024414
9557,0.002481698989868164,0.003913164138793945,0.0015287399291992188
9558,0.002130270004272461,0.003950357437133789,0.0015370845794677734
9559,0.002282381057739258,0.004829883575439453,0.0014371871948242188
9560,0.0021741390228271484,0.004774332046508789,0.0015192031860351562
9561,0.0022928714752197266,0.0038216114044189453,0.0014424324035644531
9562,0.0019495487213134766,0.004052877426147461,0.0016884803771972656
9563,0.002267122268676758,0.0046041011810302734,0.001538991928100586
9564,0.0019905567169189453,0.006092071533203125,0.0014450550079345703
9565,0.002284526824951172,0.006148815155029297,0.0014846324920654297
9566,0.002094268798828125,0.0049021244049072266,0.001444101333618164
9567,0.002506732940673828,0.0037996768951416016,0.0014998912811279297
9568,0.002342700958251953,0.005223512649536133,0.001482248306274414
9569,0.0023941993713378906,0.003991365432739258,0.001499176025390625
9570,0.002236604690551758,0.004189491271972656,0.0014808177947998047
9571,0.002407073974609375,0.003924369812011719,0.0014958381652832031
9572,0.002177715301513672,0.0043125152587890625,0.0013589859008789062
9573,0.002233266830444336,0.004120826721191406,0.0016851425170898438
9574,0.0020983219146728516,0.0039052963256835938,0.0017333030700683594
9575,0.0023047924041748047,0.004117250442504883,0.0015032291412353516
9576,0.002181529998779297,0.003922224044799805,0.00157928466796875
9577,0.002360105514526367,0.003913402557373047,0.0016205310821533203
9578,0.001947641372680664,0.003915309906005859,0.0015630722045898438
9579,0.0021944046020507812,0.0039522647857666016,0.0016269683837890625
9580,0.001973390579223633,0.003983736038208008,0.0015072822570800781
9581,0.002321004867553711,0.0050046443939208984,0.001539468765258789
9582,0.002117156982421875,0.004914045333862305,0.0014760494232177734
9583,0.002171754837036133,0.005077362060546875,0.0017504692077636719
9584,0.0021479129791259766,0.0037565231323242188,0.0014524459838867188
9585,0.002282381057739258,0.0046236515045166016,0.0014836788177490234
9586,0.0021698474884033203,0.005128622055053711,0.0015151500701904297
9587,0.0024530887603759766,0.004002094268798828,0.0016448497772216797
9588,0.0020294189453125,0.003996133804321289,0.0015499591827392578
9589,0.0021674633026123047,0.004027128219604492,0.0015532970428466797
9590,0.002127408981323242,0.0037560462951660156,0.0015249252319335938
9591,0.002155780792236328,0.003953218460083008,0.0015711784362792969
9592,0.0021288394927978516,0.00410008430480957,0.00154876708984375
9593,0.0022573471069335938,0.003925323486328125,0.0013775825500488281
9594,0.0021255016326904297,0.00388336181640625,0.0017390251159667969
9595,0.0022478103637695312,0.003978252410888672,0.0015654563903808594
9596,0.002192974090576172,0.0036275386810302734,0.0015137195587158203
9597,0.0025377273559570312,0.0038805007934570312,0.0015408992767333984
9598,0.0022742748260498047,0.0036249160766601562,0.0014863014221191406
9599,0.0021619796752929688,0.004026651382446289,0.0014700889587402344
9600,0.0021889209747314453,0.0037741661071777344,0.0015110969543457031
9601,0.002119302749633789,0.0038604736328125,0.0015277862548828125
9602,0.0024421215057373047,0.004175662994384766,0.0014879703521728516
9603,0.0022432804107666016,0.0038650035858154297,0.001432180404663086
9604,0.0023081302642822266,0.003650665283203125,0.001729726791381836
9605,0.0020630359649658203,0.004241943359375,0.0015540122985839844
9606,0.0021827220916748047,0.0038263797760009766,0.0015075206756591797
9607,0.0021660327911376953,0.003938436508178711,0.0014219284057617188
9608,0.0023374557495117188,0.003813505172729492,0.0016760826110839844
9609,0.002134084701538086,0.004080057144165039,0.0015325546264648438
9610,0.0023648738861083984,0.003937482833862305,0.0015330314636230469
9611,0.002151012420654297,0.003881216049194336,0.001543283462524414
9612,0.0022492408752441406,0.003807544708251953,0.0014820098876953125
9613,0.0021440982818603516,0.003883838653564453,0.00147247314453125
9614,0.0022912025451660156,0.004090309143066406,0.0015361309051513672
9615,0.00226593017578125,0.004262685775756836,0.0017647743225097656
9616,0.0021436214447021484,0.004769086837768555,0.0014646053314208984
9617,0.0022935867309570312,0.004344463348388672,0.0015079975128173828
9618,0.002269744873046875,0.004094839096069336,0.0014672279357910156
9619,0.002268552780151367,0.004241228103637695,0.0014674663543701172
9620,0.0022177696228027344,0.0047528743743896484,0.0014600753784179688
9621,0.0021750926971435547,0.0042760372161865234,0.0014901161193847656
9622,0.0022687911987304688,0.0048580169677734375,0.0014944076538085938
9623,0.0022344589233398438,0.005328655242919922,0.0014681816101074219
9624,0.002325296401977539,0.003943920135498047,0.0014312267303466797
9625,0.0021431446075439453,0.004326343536376953,0.0017516613006591797
9626,0.0022459030151367188,0.004046440124511719,0.0015063285827636719
9627,0.0022323131561279297,0.004305839538574219,0.0015151500701904297
9628,0.002330780029296875,0.003918170928955078,0.001560211181640625
9629,0.0021715164184570312,0.004148960113525391,0.0015392303466796875
9630,0.002300262451171875,0.0041234493255615234,0.0014777183532714844
9631,0.0021560192108154297,0.005087614059448242,0.0015447139739990234
9632,0.002250194549560547,0.007038593292236328,0.0014808177947998047
9633,0.001932382583618164,0.0042803287506103516,0.0015215873718261719
9634,0.0021042823791503906,0.004584550857543945,0.001462697982788086
9635,0.002174854278564453,0.0045282840728759766,0.0014851093292236328
9636,0.002290010452270508,0.0038776397705078125,0.0018143653869628906
9637,0.002557039260864258,0.004006862640380859,0.0015304088592529297
9638,0.0023047924041748047,0.004978656768798828,0.0015485286712646484
9639,0.0021071434020996094,0.0064280033111572266,0.0015726089477539062
9640,0.0023009777069091797,0.0042531490325927734,0.0014994144439697266
9641,0.002149343490600586,0.003683328628540039,0.0015573501586914062
9642,0.002354860305786133,0.0051953792572021484,0.0017690658569335938
9643,0.0020122528076171875,0.004124641418457031,0.0014801025390625
9644,0.0022127628326416016,0.004320621490478516,0.0015528202056884766
9645,0.002018451690673828,0.004094123840332031,0.0014138221740722656
9646,0.0023844242095947266,0.004245758056640625,0.0017447471618652344
9647,0.003403186798095703,0.00399017333984375,0.0014698505401611328
9648,0.00503993034362793,0.004085540771484375,0.0015943050384521484
9649,0.0037446022033691406,0.003966569900512695,0.0015332698822021484
9650,0.002228260040283203,0.004212141036987305,0.0014994144439697266
9651,0.002080678939819336,0.003987312316894531,0.0015177726745605469
9652,0.002340555191040039,0.0044095516204833984,0.001481771469116211
9653,0.002145528793334961,0.0059299468994140625,0.0014302730560302734
9654,0.0022954940795898438,0.0057430267333984375,0.001528024673461914
9655,0.0022001266479492188,0.0049588680267333984,0.0014712810516357422
9656,0.0023882389068603516,0.004080772399902344,0.001527547836303711
9657,0.002369403839111328,0.0034532546997070312,0.0017230510711669922
9658,0.002431631088256836,0.004224061965942383,0.0014967918395996094
9659,0.0020639896392822266,0.004196882247924805,0.0014965534210205078
9660,0.002160787582397461,0.004095792770385742,0.0015914440155029297
9661,0.0020294189453125,0.0040302276611328125,0.0015039443969726562
9662,0.002407550811767578,0.004120826721191406,0.0015530586242675781
9663,0.0023767948150634766,0.0037653446197509766,0.0015265941619873047
9664,0.0022182464599609375,0.004102230072021484,0.0014834403991699219
9665,0.0024619102478027344,0.003699064254760742,0.0015048980712890625
9666,0.002282381057739258,0.0040645599365234375,0.0015106201171875
9667,0.0026335716247558594,0.003956317901611328,0.001735687255859375
9668,0.0023736953735351562,0.004129648208618164,0.0014853477478027344
9669,0.0023758411407470703,0.0039861202239990234,0.0014181137084960938
9670,0.0021364688873291016,0.004184722900390625,0.0014300346374511719
9671,0.0023021697998046875,0.003821849822998047,0.0015137195587158203
9672,0.0021109580993652344,0.004388332366943359,0.001420736312866211
9673,0.002355813980102539,0.0037107467651367188,0.001519918441772461
9674,0.002175569534301758,0.003816843032836914,0.0014035701751708984
9675,0.0024347305297851562,0.003958702087402344,0.0015265941619873047
9676,0.002257823944091797,0.004138469696044922,0.0014853477478027344
9677,0.00263214111328125,0.0038433074951171875,0.0017211437225341797
9678,0.0021381378173828125,0.004112958908081055,0.0018656253814697266
9679,0.00237274169921875,0.0038924217224121094,0.0015833377838134766
9680,0.0021576881408691406,0.003973484039306641,0.0015559196472167969
9681,0.0022957324981689453,0.0035843849182128906,0.001598358154296875
9682,0.002297639846801758,0.0045964717864990234,0.0016055107116699219
9683,0.0022974014282226562,0.0041692256927490234,0.001508474349975586
9684,0.0024635791778564453,0.003998279571533203,0.0014605522155761719
9685,0.0023620128631591797,0.003868579864501953,0.001535177230834961
9686,0.0020689964294433594,0.004110097885131836,0.0014748573303222656
9687,0.002592802047729492,0.003972530364990234,0.0014982223510742188
9688,0.00209808349609375,0.00416254997253418,0.0017349720001220703
9689,0.0023550987243652344,0.0038559436798095703,0.0014851093292236328
9690,0.0022733211517333984,0.0040128231048583984,0.0015528202056884766
9691,0.0022602081298828125,0.004055500030517578,0.0014996528625488281
9692,0.0021724700927734375,0.005510568618774414,0.00157928466796875
9693,0.0023643970489501953,0.004072666168212891,0.0015790462493896484
9694,0.00203704833984375,0.004322052001953125,0.0015082359313964844
9695,0.0023136138916015625,0.0040700435638427734,0.0015115737915039062
9696,0.002172708511352539,0.004160642623901367,0.0014874935150146484
9697,0.00258636474609375,0.003888845443725586,0.00141143798828125
9698,0.002117633819580078,0.0055217742919921875,0.0015227794647216797
9699,0.0022525787353515625,0.004117727279663086,0.001657724380493164
9700,0.0021829605102539062,0.004376649856567383,0.0014424324035644531
9701,0.002321958541870117,0.005071878433227539,0.0014460086822509766
9702,0.0021860599517822266,0.0043070316314697266,0.0015769004821777344
9703,0.0024445056915283203,0.003992319107055664,0.0016031265258789062
9704,0.0022826194763183594,0.004508256912231445,0.0015339851379394531
9705,0.0022928714752197266,0.004256725311279297,0.0014560222625732422
9706,0.002276897430419922,0.0024688243865966797,0.0015075206756591797
9707,0.0026307106018066406,0.0027611255645751953,0.0015347003936767578
9708,0.0021848678588867188,0.002687692642211914,0.0014955997467041016
9709,0.0024306774139404297,0.0023305416107177734,0.0018393993377685547
9710,0.0023355484008789062,0.0022439956665039062,0.0015265941619873047
9711,0.002228975296020508,0.0024492740631103516,0.0017001628875732422
9712,0.0022106170654296875,0.002383708953857422,0.0015048980712890625
9713,0.002033710479736328,0.0022916793823242188,0.0014395713806152344
9714,0.00202178955078125,0.0023021697998046875,0.001489400863647461
9715,0.002226591110229492,0.002424478530883789,0.0014452934265136719
9716,0.0022470951080322266,0.002146482467651367,0.0014884471893310547
9717,0.0025146007537841797,0.0024123191833496094,0.0015540122985839844
9718,0.0022449493408203125,0.002363920211791992,0.0014278888702392578
9719,0.002384185791015625,0.0023114681243896484,0.0015125274658203125
9720,0.0022699832916259766,0.002198457717895508,0.0018346309661865234
9721,0.002286195755004883,0.0023488998413085938,0.0015172958374023438
9722,0.0023488998413085938,0.002299785614013672,0.001542806625366211
9723,0.002473592758178711,0.0024149417877197266,0.0015170574188232422
9724,0.002035856246948242,0.0022253990173339844,0.0015227794647216797
9725,0.002282857894897461,0.0024306774139404297,0.0015060901641845703
9726,0.0022339820861816406,0.002330303192138672,0.0015077590942382812
9727,0.0025873184204101562,0.0022826194763183594,0.0014667510986328125
9728,0.0023643970489501953,0.004666328430175781,0.0014257431030273438
9729,0.002205371856689453,0.002483367919921875,0.0015304088592529297
9730,0.0024442672729492188,0.002384662628173828,0.001745462417602539
9731,0.0020699501037597656,0.0027666091918945312,0.00150299072265625
9732,0.0021965503692626953,0.00501704216003418,0.0015687942504882812
9733,0.0020570755004882812,0.004918813705444336,0.001466512680053711
9734,0.002341032028198242,0.004335165023803711,0.0014009475708007812
9735,0.0021572113037109375,0.003796100616455078,0.0015439987182617188
9736,0.002438783645629883,0.003676891326904297,0.00148773193359375
9737,0.002356290817260742,0.004077911376953125,0.0014984607696533203
9738,0.0024220943450927734,0.003996133804321289,0.0014469623565673828
9739,0.0023114681243896484,0.003902435302734375,0.0014595985412597656
9740,0.0021848678588867188,0.003643512725830078,0.0015079975128173828
9741,0.0021293163299560547,0.0037338733673095703,0.0016999244689941406
9742,0.002317667007446289,0.005397796630859375,0.0014710426330566406
9743,0.0023207664489746094,0.004054069519042969,0.001493215560913086
9744,0.002492666244506836,0.00397181510925293,0.0015583038330078125
9745,0.0023097991943359375,0.0041196346282958984,0.0017392635345458984
9746,0.002374887466430664,0.003839254379272461,0.0015320777893066406
9747,0.0024950504302978516,0.004160404205322266,0.001474618911743164
9748,0.0022475719451904297,0.004019498825073242,0.0015108585357666016
9749,0.0022733211517333984,0.004086732864379883,0.0015888214111328125
9750,0.002343893051147461,0.004059314727783203,0.0014853477478027344
9751,0.002171754837036133,0.0041713714599609375,0.0017135143280029297
9752,0.0023505687713623047,0.004237651824951172,0.0015149116516113281
9753,0.002230405807495117,0.004041433334350586,0.0014510154724121094
9754,0.002218008041381836,0.003912925720214844,0.00144195556640625
9755,0.00225830078125,0.0041158199310302734,0.0014007091522216797
9756,0.002303600311279297,0.0039408206939697266,0.0014531612396240234
9757,0.0027539730072021484,0.004107236862182617,0.0014832019805908203
9758,0.0023124217987060547,0.0038480758666992188,0.0014829635620117188
9759,0.0021238327026367188,0.004023551940917969,0.0014832019805908203
9760,0.0022439956665039062,0.0037412643432617188,0.0013926029205322266
9761,0.0020852088928222656,0.00408935546875,0.0015153884887695312
9762,0.002232789993286133,0.005319118499755859,0.0017917156219482422
9763,0.002130270004272461,0.004526853561401367,0.0015354156494140625
9764,0.0022726058959960938,0.004168272018432617,0.0015306472778320312
9765,0.0020668506622314453,0.005101442337036133,0.0015189647674560547
9766,0.0024242401123046875,0.006359577178955078,0.0015838146209716797
9767,0.0022461414337158203,0.005541801452636719,0.0015354156494140625
9768,0.0023908615112304688,0.003520488739013672,0.0015125274658203125
9769,0.0022149085998535156,0.004765748977661133,0.001432180404663086
9770,0.002421855926513672,0.004688262939453125,0.0015368461608886719
9771,0.0021812915802001953,0.0045163631439208984,0.0015528202056884766
9772,0.002387523651123047,0.0045087337493896484,0.001664876937866211
9773,0.0021936893463134766,0.0036628246307373047,0.0014729499816894531
9774,0.0023496150970458984,0.00403594970703125,0.0015189647674560547
9775,0.0021321773529052734,0.0041544437408447266,0.0014145374298095703
9776,0.002455472946166992,0.005278825759887695,0.0014529228210449219
9777,0.002548694610595703,0.004169940948486328,0.0013806819915771484
9778,0.0022580623626708984,0.003925800323486328,0.0014069080352783203
9779,0.0019800662994384766,0.004099369049072266,0.0014371871948242188
9780,0.002189159393310547,0.004130363464355469,0.0016012191772460938
9781,0.002013683319091797,0.003756284713745117,0.0014166831970214844
9782,0.002369403839111328,0.004210233688354492,0.001390695571899414
9783,0.0021462440490722656,0.0037374496459960938,0.0017306804656982422
9784,0.0024230480194091797,0.003718852996826172,0.0015604496002197266
9785,0.0020990371704101562,0.003628253936767578,0.0015716552734375
9786,0.00225067138671875,0.005022764205932617,0.0015232563018798828
9787,0.0024852752685546875,0.0046274662017822266,0.0014777183532714844
9788,0.0023927688598632812,0.0037093162536621094,0.0014941692352294922
9789,0.0022644996643066406,0.0038046836853027344,0.0015416145324707031
9790,0.0023696422576904297,0.004106283187866211,0.0014679431915283203
9791,0.002157926559448242,0.003974437713623047,0.0014681816101074219
9792,0.0024182796478271484,0.0047304630279541016,0.0014069080352783203
9793,0.0023717880249023438,0.004200935363769531,0.0017061233520507812
9794,0.0021452903747558594,0.0041713714599609375,0.0014650821685791016
9795,0.002349853515625,0.003800630569458008,0.0015807151794433594
9796,0.0021660327911376953,0.004347801208496094,0.0015218257904052734
9797,0.002650737762451172,0.0038826465606689453,0.0015990734100341797
9798,0.002219676971435547,0.005070924758911133,0.0015940666198730469
9799,0.0023915767669677734,0.004123687744140625,0.0015437602996826172
9800,0.002221822738647461,0.005233049392700195,0.0015263557434082031
9801,0.0023717880249023438,0.005284786224365234,0.0014357566833496094
9802,0.0022001266479492188,0.0044994354248046875,0.0014259815216064453
9803,0.002416372299194336,0.003925323486328125,0.0015482902526855469
9804,0.003408670425415039,0.004412651062011719,0.0016002655029296875
9805,0.003990888595581055,0.004225254058837891,0.0013880729675292969
9806,0.0023059844970703125,0.004058122634887695,0.0015726089477539062
9807,0.0027670860290527344,0.0042264461517333984,0.0014772415161132812
9808,0.0022954940795898438,0.003937244415283203,0.0014832019805908203
9809,0.0022063255310058594,0.003766775131225586,0.0014944076538085938
9810,0.002151012420654297,0.004095315933227539,0.001527547836303711
9811,0.002274751663208008,0.004015207290649414,0.0015583038330078125
9812,0.0020482540130615234,0.004472494125366211,0.0014619827270507812
9813,0.002185821533203125,0.003950834274291992,0.001508474349975586
9814,0.002150297164916992,0.00401616096496582,0.0018494129180908203
9815,0.002314329147338867,0.003793954849243164,0.0015032291412353516
9816,0.0022182464599609375,0.004187583923339844,0.0015566349029541016
9817,0.0023670196533203125,0.0051267147064208984,0.001506805419921875
9818,0.002142190933227539,0.0044329166412353516,0.0015411376953125
9819,0.0022575855255126953,0.0044062137603759766,0.0014529228210449219
9820,0.002210378646850586,0.005169868469238281,0.0014934539794921875
9821,0.0021207332611083984,0.004009246826171875,0.0015230178833007812
9822,0.0020341873168945312,0.0044956207275390625,0.0015060901641845703
9823,0.002149820327758789,0.005117893218994141,0.0014531612396240234
9824,0.0022690296173095703,0.006457090377807617,0.0015244483947753906
9825,0.002250194549560547,0.004227876663208008,0.0017275810241699219
9826,0.002159595489501953,0.00509333610534668,0.0015439987182617188
9827,0.002406597137451172,0.006077766418457031,0.0015442371368408203
9828,0.002165079116821289,0.006497859954833984,0.001470327377319336
9829,0.002343893051147461,0.0036284923553466797,0.0014386177062988281
9830,0.002210855484008789,0.004055976867675781,0.0014846324920654297
9831,0.0023288726806640625,0.004396200180053711,0.0014464855194091797
9832,0.0022993087768554688,0.004598140716552734,0.0014433860778808594
9833,0.0022454261779785156,0.004098176956176758,0.0014121532440185547
9834,0.002073049545288086,0.004149198532104492,0.0014233589172363281
9835,0.002240896224975586,0.00377655029296875,0.0017714500427246094
9836,0.0021567344665527344,0.004149675369262695,0.0014541149139404297
9837,0.002468585968017578,0.00423884391784668,0.0015540122985839844
9838,0.0021445751190185547,0.004300832748413086,0.0015757083892822266
9839,0.0022516250610351562,0.0041675567626953125,0.0015473365783691406
9840,0.002084016799926758,0.003773927688598633,0.0015361309051513672
9841,0.0021851062774658203,0.004389524459838867,0.0013995170593261719
9842,0.0021331310272216797,0.004561662673950195,0.0014030933380126953
9843,0.002195119857788086,0.0043332576751708984,0.0014405250549316406
9844,0.002027750015258789,0.0041332244873046875,0.0014390945434570312
9845,0.002300739288330078,0.004076242446899414,0.0015134811401367188
9846,0.0022068023681640625,0.0039975643157958984,0.0017468929290771484
9847,0.0023932456970214844,0.004149675369262695,0.0014939308166503906
9848,0.0020749568939208984,0.0038378238677978516,0.001592874526977539
9849,0.0021615028381347656,0.004199504852294922,0.0018301010131835938
9850,0.002088785171508789,0.004062175750732422,0.001520395278930664
9851,0.0023882389068603516,0.004242897033691406,0.0014750957489013672
9852,0.0021004676818847656,0.004370450973510742,0.0014717578887939453
9853,0.0022618770599365234,0.004133462905883789,0.0015208721160888672
9854,0.0021452903747558594,0.0038428306579589844,0.00152587890625
9855,0.0023658275604248047,0.0040476322174072266,0.0015616416931152344
9856,0.0021266937255859375,0.0040056705474853516,0.0016896724700927734
9857,0.0026018619537353516,0.004160404205322266,0.001482248306274414
9858,0.0025072097778320312,0.004941225051879883,0.001491546630859375
9859,0.002254009246826172,0.004647254943847656,0.0014057159423828125
9860,0.002260923385620117,0.004266500473022461,0.0014414787292480469
9861,0.0020585060119628906,0.003981590270996094,0.0014235973358154297
9862,0.0022172927856445312,0.004360675811767578,0.0014264583587646484
9863,0.0021431446075439453,0.004393577575683594,0.0014684200286865234
9864,0.002302885055541992,0.00419306755065918,0.001499176025390625
9865,0.0022661685943603516,0.004126310348510742,0.00150299072265625
9866,0.0022492408752441406,0.003962993621826172,0.001519918441772461
9867,0.0023877620697021484,0.004124641418457031,0.00176239013671875
9868,0.002369403839111328,0.003964424133300781,0.001422882080078125
9869,0.0021762847900390625,0.004248857498168945,0.0015213489532470703
9870,0.00240325927734375,0.0040285587310791016,0.0015101432800292969
9871,0.0021114349365234375,0.004114627838134766,0.0015485286712646484
9872,0.0023326873779296875,0.004240274429321289,0.001544952392578125
9873,0.0020856857299804688,0.004217863082885742,0.0014240741729736328
9874,0.0023839473724365234,0.003961324691772461,0.0014748573303222656
9875,0.001978158950805664,0.004170656204223633,0.0014195442199707031
9876,0.0024437904357910156,0.004050493240356445,0.0014400482177734375
9877,0.0025603771209716797,0.004090547561645508,0.001642465591430664
9878,0.002409696578979492,0.003927469253540039,0.001371145248413086
9879,0.0021719932556152344,0.004828214645385742,0.0014715194702148438
9880,0.0023965835571289062,0.003889322280883789,0.0014667510986328125
9881,0.0021691322326660156,0.004380464553833008,0.0015094280242919922
9882,0.002361774444580078,0.004674673080444336,0.0014657974243164062
9883,0.002232074737548828,0.00413060188293457,0.0016727447509765625
9884,0.002254486083984375,0.003906965255737305,0.001478433609008789
9885,0.0022270679473876953,0.004209041595458984,0.001481771469116211
9886,0.0024361610412597656,0.004012346267700195,0.0014913082122802734
9887,0.0023081302642822266,0.004148006439208984,0.0015056133270263672
9888,0.002404928207397461,0.004092216491699219,0.0016086101531982422
9889,0.0021028518676757812,0.00513768196105957,0.00145721435546875
9890,0.002370595932006836,0.006665229797363281,0.0014977455139160156
9891,0.0022025108337402344,0.0052032470703125,0.0014476776123046875
9892,0.0023686885833740234,0.003668546676635742,0.0014612674713134766
9893,0.0020766258239746094,0.004197597503662109,0.0014505386352539062
9894,0.0022852420806884766,0.004153013229370117,0.0014691352844238281
9895,0.0021855831146240234,0.004003047943115234,0.0013704299926757812
9896,0.002277374267578125,0.003804445266723633,0.00142669677734375
9897,0.0022611618041992188,0.003986358642578125,0.0015401840209960938
9898,0.002222776412963867,0.004186868667602539,0.0017695426940917969
9899,0.002172708511352539,0.00439763069152832,0.0015730857849121094
9900,0.002599477767944336,0.003945827484130859,0.001558065414428711
9901,0.0022580623626708984,0.0038797855377197266,0.0015599727630615234
9902,0.0022149085998535156,0.003931283950805664,0.0015819072723388672
9903,0.002148151397705078,0.003793001174926758,0.0015747547149658203
9904,0.00234222412109375,0.004608869552612305,0.001474618911743164
9905,0.0021326541900634766,0.006346940994262695,0.0014750957489013672
9906,0.0022563934326171875,0.0041582584381103516,0.0015339851379394531
9907,0.0021622180938720703,0.00435328483581543,0.0014164447784423828
9908,0.002298116683959961,0.0046923160552978516,0.001497030258178711
9909,0.002185821533203125,0.004244565963745117,0.0016140937805175781
9910,0.002273082733154297,0.004565715789794922,0.001369476318359375
9911,0.0022115707397460938,0.005391836166381836,0.0014727115631103516
9912,0.0023925304412841797,0.004704475402832031,0.001409292221069336
9913,0.002254486083984375,0.004694461822509766,0.001430511474609375
9914,0.0022954940795898438,0.004892587661743164,0.0015230178833007812
9915,0.0021309852600097656,0.003939151763916016,0.0014510154724121094
9916,0.0021665096282958984,0.0040645599365234375,0.0015003681182861328
9917,0.0024139881134033203,0.003815174102783203,0.0015385150909423828
9918,0.0024118423461914062,0.004057884216308594,0.0016930103302001953
9919,0.0021839141845703125,0.003949165344238281,0.0018053054809570312
9920,0.00223541259765625,0.004034519195556641,0.0015769004821777344
9921,0.0021567344665527344,0.0037164688110351562,0.001499176025390625
9922,0.0023775100708007812,0.004409074783325195,0.0013892650604248047
9923,0.002403736114501953,0.0038535594940185547,0.0014293193817138672
9924,0.0022869110107421875,0.0040056705474853516,0.0021555423736572266
9925,0.0022933483123779297,0.0038576126098632812,0.0042858123779296875
9926,0.0022132396697998047,0.004187822341918945,0.0019178390502929688
9927,0.0026340484619140625,0.0040318965911865234,0.0019392967224121094
9928,0.002172231674194336,0.005583524703979492,0.0019588470458984375
9929,0.0021326541900634766,0.005217790603637695,0.0016891956329345703
9930,0.002149820327758789,0.004434823989868164,0.0016701221466064453
9931,0.0022602081298828125,0.004251956939697266,0.0014488697052001953
9932,0.002217531204223633,0.0043146610260009766,0.0014500617980957031
9933,0.0024275779724121094,0.00398707389831543,0.001474618911743164
9934,0.002183198928833008,0.004273176193237305,0.0014357566833496094
9935,0.0023233890533447266,0.003985404968261719,0.0015413761138916016
9936,0.0022416114807128906,0.005003690719604492,0.001476287841796875
9937,0.002711772918701172,0.0051691532135009766,0.0014624595642089844
9938,0.0022754669189453125,0.0046617984771728516,0.0015101432800292969
9939,0.0025899410247802734,0.003736734390258789,0.0014672279357910156
9940,0.0022077560424804688,0.0037217140197753906,0.0017271041870117188
9941,0.002395153045654297,0.003951549530029297,0.0014257431030273438
9942,0.002114534378051758,0.004342317581176758,0.0014488697052001953
9943,0.002259492874145508,0.0040018558502197266,0.0014064311981201172
9944,0.002286672592163086,0.004169464111328125,0.0014710426330566406
9945,0.002463817596435547,0.004015922546386719,0.0015325546264648438
9946,0.0023441314697265625,0.004062652587890625,0.001501321792602539
9947,0.0024271011352539062,0.003938436508178711,0.0014634132385253906
9948,0.002115964889526367,0.004284858703613281,0.0015342235565185547
9949,0.002241373062133789,0.004576444625854492,0.0014057159423828125
9950,0.0021071434020996094,0.004459381103515625,0.0014526844024658203
9951,0.002339601516723633,0.004245758056640625,0.0017132759094238281
9952,0.0020875930786132812,0.0042781829833984375,0.0017070770263671875
9953,0.0023467540740966797,0.004014492034912109,0.0016260147094726562
9954,0.0022211074829101562,0.005834341049194336,0.0014867782592773438
9955,0.002400636672973633,0.0062372684478759766,0.0015726089477539062
9956,0.0019731521606445312,0.00478053092956543,0.0015048980712890625
9957,0.0026314258575439453,0.0038268566131591797,0.0015370845794677734
9958,0.0020940303802490234,0.003756999969482422,0.0015006065368652344
9959,0.0023512840270996094,0.003824472427368164,0.0014271736145019531
9960,0.002157449722290039,0.0040705204010009766,0.001482248306274414
9961,0.0022809505462646484,0.0037841796875,0.001764535903930664
9962,0.0022101402282714844,0.004269123077392578,0.0014944076538085938
9963,0.0023894309997558594,0.003822803497314453,0.0014967918395996094
9964,0.002269268035888672,0.0038843154907226562,0.0014967918395996094
9965,0.002377748489379883,0.003696441650390625,0.001569986343383789
9966,0.002123117446899414,0.0039386749267578125,0.0015363693237304688
9967,0.0026133060455322266,0.0038073062896728516,0.001466512680053711
9968,0.0022034645080566406,0.003978252410888672,0.00147247314453125
9969,0.0022525787353515625,0.005089282989501953,0.0014009475708007812
9970,0.002180337905883789,0.0041086673736572266,0.0014405250549316406
9971,0.002282381057739258,0.004176139831542969,0.0013971328735351562
9972,0.00223541259765625,0.004435062408447266,0.0016396045684814453
9973,0.002378225326538086,0.005594491958618164,0.0014870166778564453
9974,0.0020318031311035156,0.00499725341796875,0.0015332698822021484
average,0.0023224901854244986,0.003470674935438878,0.002053594015594712
