START 2026-08-18T11:05:19+08:00 slot=0 cpuset=0-27
2026-08-18 11:05:21,462 - bvb - INFO - running only weaviate-hnsw
2026-08-18 11:05:21,939 - bvb - INFO - Order: [Definition(algorithm='weaviate-hnsw', constructor='WeaviateHNSW', module='bigvectorbench.algorithms.weaviate', docker_tag='bigvectorbench-weaviate', arguments=['euclidean', {'M': 128, 'efConstruction': 400}], query_argument_groups=[[100], [200], [400], [800], [1600]], disabled=False), Definition(algorithm='weaviate-hnsw', constructor='WeaviateHNSW', module='bigvectorbench.algorithms.weaviate', docker_tag='bigvectorbench-weaviate', arguments=['euclidean', {'M': 32, 'efConstruction': 100}], query_argument_groups=[[100], [200], [400], [800], [1600]], disabled=False), Definition(algorithm='weaviate-hnsw', constructor='WeaviateHNSW', module='bigvectorbench.algorithms.weaviate', docker_tag='bigvectorbench-weaviate', arguments=['euclidean', {'M': 64, 'efConstruction': 400}], query_argument_groups=[[100], [200], [400], [800], [1600]], disabled=False), Definition(algorithm='weaviate-hnsw', constructor='WeaviateHNSW', module='bigvectorbench.algorithms.weaviate', docker_tag='bigvectorbench-weaviate', arguments=['euclidean', {'M': 32, 'efConstruction': 400}], query_argument_groups=[[100], [200], [400], [800], [1600]], disabled=False), Definition(algorithm='weaviate-hnsw', constructor='WeaviateHNSW', module='bigvectorbench.algorithms.weaviate', docker_tag='bigvectorbench-weaviate', arguments=['euclidean', {'M': 64, 'efConstruction': 100}], query_argument_groups=[[100], [200], [400], [800], [1600]], disabled=False)]
 Container weaviate-weaviate-1  Stopping
 Container weaviate-weaviate-1  Stopped
 Container weaviate-weaviate-1  Removing
 Container weaviate-weaviate-1  Removed
 Network weaviate_default  Removing
 Network weaviate_default  Removed
 Network weaviate_default  Creating
 Network weaviate_default  Created
 Container weaviate-weaviate-1  Creating
 Container weaviate-weaviate-1  Created
 Container weaviate-weaviate-1  Starting
 Container weaviate-weaviate-1  Started
<remote_artifact> DeprecationWarning: Dep005: You are using weaviate-client version 4.7.1. The latest version is 4.23.0.
            Consider upgrading to the latest version. See https://weaviate.io/developers/weaviate/client-libraries/python for details.
  warnings.warn(
<remote_artifact> DeprecationWarning: __array__ implementation doesn't accept a copy keyword, so passing copy=False failed. __array__ must implement 'dtype' and 'copy' keyword arguments. To learn more, see the migration guide https://numpy.org/devdocs/numpy_2_0_migration_guide.html#adapting-to-changes-in-the-copy-keyword
  X_train = np.array(D["train_vec"])
<remote_artifact> DeprecationWarning: __array__ implementation doesn't accept a copy keyword, so passing copy=False failed. __array__ must implement 'dtype' and 'copy' keyword arguments. To learn more, see the migration guide https://numpy.org/devdocs/numpy_2_0_migration_guide.html#adapting-to-changes-in-the-copy-keyword
  X_train_label = np.array(D["train_label"])
<remote_artifact> DeprecationWarning: __array__ implementation doesn't accept a copy keyword, so passing copy=False failed. __array__ must implement 'dtype' and 'copy' keyword arguments. To learn more, see the migration guide https://numpy.org/devdocs/numpy_2_0_migration_guide.html#adapting-to-changes-in-the-copy-keyword
  X_test = np.array(D["test_vec"])
<remote_artifact> DeprecationWarning: __array__ implementation doesn't accept a copy keyword, so passing copy=False failed. __array__ must implement 'dtype' and 'copy' keyword arguments. To learn more, see the migration guide https://numpy.org/devdocs/numpy_2_0_migration_guide.html#adapting-to-changes-in-the-copy-keyword
  X_test_label = np.array(D["test_label"])
<remote_artifact> PydanticDeprecatedSince211: Accessing the 'model_fields' attribute on the instance is deprecated. Instead, you should access this attribute from the model class. Deprecated in Pydantic V2.11 to be removed in V3.0.
  for cls_field in self.model_fields:
<remote_artifact> PydanticDeprecatedSince211: Accessing the 'model_fields' attribute on the instance is deprecated. Instead, you should access this attribute from the model class. Deprecated in Pydantic V2.11 to be removed in V3.0.
  for cls_field in self.model_fields:
START 2026-08-18T11:28:33+08:00 slot=0 cpuset=0-27
2026-08-18 11:28:35,386 - bvb - INFO - running only weaviate-hnsw
2026-08-18 11:28:35,826 - bvb - INFO - Order: [Definition(algorithm='weaviate-hnsw', constructor='WeaviateHNSW', module='bigvectorbench.algorithms.weaviate', docker_tag='bigvectorbench-weaviate', arguments=['euclidean', {'M': 32, 'efConstruction': 400}], query_argument_groups=[[100], [200], [400], [800], [1600]], disabled=False), Definition(algorithm='weaviate-hnsw', constructor='WeaviateHNSW', module='bigvectorbench.algorithms.weaviate', docker_tag='bigvectorbench-weaviate', arguments=['euclidean', {'M': 128, 'efConstruction': 400}], query_argument_groups=[[100], [200], [400], [800], [1600]], disabled=False), Definition(algorithm='weaviate-hnsw', constructor='WeaviateHNSW', module='bigvectorbench.algorithms.weaviate', docker_tag='bigvectorbench-weaviate', arguments=['euclidean', {'M': 32, 'efConstruction': 100}], query_argument_groups=[[100], [200], [400], [800], [1600]], disabled=False), Definition(algorithm='weaviate-hnsw', constructor='WeaviateHNSW', module='bigvectorbench.algorithms.weaviate', docker_tag='bigvectorbench-weaviate', arguments=['euclidean', {'M': 64, 'efConstruction': 400}], query_argument_groups=[[100], [200], [400], [800], [1600]], disabled=False), Definition(algorithm='weaviate-hnsw', constructor='WeaviateHNSW', module='bigvectorbench.algorithms.weaviate', docker_tag='bigvectorbench-weaviate', arguments=['euclidean', {'M': 64, 'efConstruction': 100}], query_argument_groups=[[100], [200], [400], [800], [1600]], disabled=False)]
 Container weaviate-weaviate-1  Stopping
 Container weaviate-weaviate-1  Stopped
 Container weaviate-weaviate-1  Removing
 Container weaviate-weaviate-1  Removed
 Network weaviate_default  Removing
 Network weaviate_default  Removed
 Network weaviate_default  Creating
 Network weaviate_default  Created
 Container weaviate-weaviate-1  Creating
 Container weaviate-weaviate-1  Created
 Container weaviate-weaviate-1  Starting
 Container weaviate-weaviate-1  Started
<remote_artifact> DeprecationWarning: Dep005: You are using weaviate-client version 4.7.1. The latest version is 4.23.0.
            Consider upgrading to the latest version. See https://weaviate.io/developers/weaviate/client-libraries/python for details.
  warnings.warn(
<remote_artifact> DeprecationWarning: __array__ implementation doesn't accept a copy keyword, so passing copy=False failed. __array__ must implement 'dtype' and 'copy' keyword arguments. To learn more, see the migration guide https://numpy.org/devdocs/numpy_2_0_migration_guide.html#adapting-to-changes-in-the-copy-keyword
  X_train = np.array(D["train_vec"])
<remote_artifact> DeprecationWarning: __array__ implementation doesn't accept a copy keyword, so passing copy=False failed. __array__ must implement 'dtype' and 'copy' keyword arguments. To learn more, see the migration guide https://numpy.org/devdocs/numpy_2_0_migration_guide.html#adapting-to-changes-in-the-copy-keyword
  X_train_label = np.array(D["train_label"])
<remote_artifact> DeprecationWarning: __array__ implementation doesn't accept a copy keyword, so passing copy=False failed. __array__ must implement 'dtype' and 'copy' keyword arguments. To learn more, see the migration guide https://numpy.org/devdocs/numpy_2_0_migration_guide.html#adapting-to-changes-in-the-copy-keyword
  X_test = np.array(D["test_vec"])
<remote_artifact> DeprecationWarning: __array__ implementation doesn't accept a copy keyword, so passing copy=False failed. __array__ must implement 'dtype' and 'copy' keyword arguments. To learn more, see the migration guide https://numpy.org/devdocs/numpy_2_0_migration_guide.html#adapting-to-changes-in-the-copy-keyword
  X_test_label = np.array(D["test_label"])
<remote_artifact> PydanticDeprecatedSince211: Accessing the 'model_fields' attribute on the instance is deprecated. Instead, you should access this attribute from the model class. Deprecated in Pydantic V2.11 to be removed in V3.0.
  for cls_field in self.model_fields:
<remote_artifact> PydanticDeprecatedSince211: Accessing the 'model_fields' attribute on the instance is deprecated. Instead, you should access this attribute from the model class. Deprecated in Pydantic V2.11 to be removed in V3.0.
  for cls_field in self.model_fields:
START 2026-08-18T11:38:48+08:00 slot=0 cpuset=0-27
2026-08-18 11:38:50,028 - bvb - INFO - running only weaviate-hnsw
2026-08-18 11:38:50,489 - bvb - INFO - Order: [Definition(algorithm='weaviate-hnsw', constructor='WeaviateHNSW', module='bigvectorbench.algorithms.weaviate', docker_tag='bigvectorbench-weaviate', arguments=['euclidean', {'M': 64, 'efConstruction': 100}], query_argument_groups=[[100], [200], [400], [800], [1600]], disabled=False), Definition(algorithm='weaviate-hnsw', constructor='WeaviateHNSW', module='bigvectorbench.algorithms.weaviate', docker_tag='bigvectorbench-weaviate', arguments=['euclidean', {'M': 128, 'efConstruction': 400}], query_argument_groups=[[100], [200], [400], [800], [1600]], disabled=False), Definition(algorithm='weaviate-hnsw', constructor='WeaviateHNSW', module='bigvectorbench.algorithms.weaviate', docker_tag='bigvectorbench-weaviate', arguments=['euclidean', {'M': 32, 'efConstruction': 100}], query_argument_groups=[[100], [200], [400], [800], [1600]], disabled=False), Definition(algorithm='weaviate-hnsw', constructor='WeaviateHNSW', module='bigvectorbench.algorithms.weaviate', docker_tag='bigvectorbench-weaviate', arguments=['euclidean', {'M': 32, 'efConstruction': 400}], query_argument_groups=[[100], [200], [400], [800], [1600]], disabled=False), Definition(algorithm='weaviate-hnsw', constructor='WeaviateHNSW', module='bigvectorbench.algorithms.weaviate', docker_tag='bigvectorbench-weaviate', arguments=['euclidean', {'M': 64, 'efConstruction': 400}], query_argument_groups=[[100], [200], [400], [800], [1600]], disabled=False)]
 Container weaviate-weaviate-1  Stopping
 Container weaviate-weaviate-1  Stopped
 Container weaviate-weaviate-1  Removing
 Container weaviate-weaviate-1  Removed
 Network weaviate_default  Removing
 Network weaviate_default  Removed
 Network weaviate_default  Creating
 Network weaviate_default  Created
 Container weaviate-weaviate-1  Creating
 Container weaviate-weaviate-1  Created
 Container weaviate-weaviate-1  Starting
 Container weaviate-weaviate-1  Started
<remote_artifact> DeprecationWarning: Dep005: You are using weaviate-client version 4.7.1. The latest version is 4.23.0.
            Consider upgrading to the latest version. See https://weaviate.io/developers/weaviate/client-libraries/python for details.
  warnings.warn(
<remote_artifact> DeprecationWarning: __array__ implementation doesn't accept a copy keyword, so passing copy=False failed. __array__ must implement 'dtype' and 'copy' keyword arguments. To learn more, see the migration guide https://numpy.org/devdocs/numpy_2_0_migration_guide.html#adapting-to-changes-in-the-copy-keyword
  X_train = np.array(D["train_vec"])
<remote_artifact> DeprecationWarning: __array__ implementation doesn't accept a copy keyword, so passing copy=False failed. __array__ must implement 'dtype' and 'copy' keyword arguments. To learn more, see the migration guide https://numpy.org/devdocs/numpy_2_0_migration_guide.html#adapting-to-changes-in-the-copy-keyword
  X_train_label = np.array(D["train_label"])
<remote_artifact> DeprecationWarning: __array__ implementation doesn't accept a copy keyword, so passing copy=False failed. __array__ must implement 'dtype' and 'copy' keyword arguments. To learn more, see the migration guide https://numpy.org/devdocs/numpy_2_0_migration_guide.html#adapting-to-changes-in-the-copy-keyword
  X_test = np.array(D["test_vec"])
<remote_artifact> DeprecationWarning: __array__ implementation doesn't accept a copy keyword, so passing copy=False failed. __array__ must implement 'dtype' and 'copy' keyword arguments. To learn more, see the migration guide https://numpy.org/devdocs/numpy_2_0_migration_guide.html#adapting-to-changes-in-the-copy-keyword
  X_test_label = np.array(D["test_label"])
<remote_artifact> PydanticDeprecatedSince211: Accessing the 'model_fields' attribute on the instance is deprecated. Instead, you should access this attribute from the model class. Deprecated in Pydantic V2.11 to be removed in V3.0.
  for cls_field in self.model_fields:
<remote_artifact> PydanticDeprecatedSince211: Accessing the 'model_fields' attribute on the instance is deprecated. Instead, you should access this attribute from the model class. Deprecated in Pydantic V2.11 to be removed in V3.0.
  for cls_field in self.model_fields:
START 2026-08-18T11:42:38+08:00 slot=0 cpuset=0-27
2026-08-18 11:42:40,208 - bvb - INFO - running only weaviate-hnsw
2026-08-18 11:42:40,662 - bvb - INFO - Order: [Definition(algorithm='weaviate-hnsw', constructor='WeaviateHNSW', module='bigvectorbench.algorithms.weaviate', docker_tag='bigvectorbench-weaviate', arguments=['euclidean', {'M': 128, 'efConstruction': 400}], query_argument_groups=[[100], [200], [400], [800], [1600]], disabled=False), Definition(algorithm='weaviate-hnsw', constructor='WeaviateHNSW', module='bigvectorbench.algorithms.weaviate', docker_tag='bigvectorbench-weaviate', arguments=['euclidean', {'M': 64, 'efConstruction': 400}], query_argument_groups=[[100], [200], [400], [800], [1600]], disabled=False), Definition(algorithm='weaviate-hnsw', constructor='WeaviateHNSW', module='bigvectorbench.algorithms.weaviate', docker_tag='bigvectorbench-weaviate', arguments=['euclidean', {'M': 32, 'efConstruction': 400}], query_argument_groups=[[100], [200], [400], [800], [1600]], disabled=False), Definition(algorithm='weaviate-hnsw', constructor='WeaviateHNSW', module='bigvectorbench.algorithms.weaviate', docker_tag='bigvectorbench-weaviate', arguments=['euclidean', {'M': 32, 'efConstruction': 100}], query_argument_groups=[[100], [200], [400], [800], [1600]], disabled=False), Definition(algorithm='weaviate-hnsw', constructor='WeaviateHNSW', module='bigvectorbench.algorithms.weaviate', docker_tag='bigvectorbench-weaviate', arguments=['euclidean', {'M': 64, 'efConstruction': 100}], query_argument_groups=[[100], [200], [400], [800], [1600]], disabled=False)]
 Container weaviate-weaviate-1  Stopping
 Container weaviate-weaviate-1  Stopped
 Container weaviate-weaviate-1  Removing
 Container weaviate-weaviate-1  Removed
 Network weaviate_default  Removing
 Network weaviate_default  Removed
 Network weaviate_default  Creating
 Network weaviate_default  Created
 Container weaviate-weaviate-1  Creating
 Container weaviate-weaviate-1  Created
 Container weaviate-weaviate-1  Starting
 Container weaviate-weaviate-1  Started
<remote_artifact> DeprecationWarning: Dep005: You are using weaviate-client version 4.7.1. The latest version is 4.23.0.
            Consider upgrading to the latest version. See https://weaviate.io/developers/weaviate/client-libraries/python for details.
  warnings.warn(
<remote_artifact> DeprecationWarning: __array__ implementation doesn't accept a copy keyword, so passing copy=False failed. __array__ must implement 'dtype' and 'copy' keyword arguments. To learn more, see the migration guide https://numpy.org/devdocs/numpy_2_0_migration_guide.html#adapting-to-changes-in-the-copy-keyword
  X_train = np.array(D["train_vec"])
<remote_artifact> DeprecationWarning: __array__ implementation doesn't accept a copy keyword, so passing copy=False failed. __array__ must implement 'dtype' and 'copy' keyword arguments. To learn more, see the migration guide https://numpy.org/devdocs/numpy_2_0_migration_guide.html#adapting-to-changes-in-the-copy-keyword
  X_train_label = np.array(D["train_label"])
<remote_artifact> DeprecationWarning: __array__ implementation doesn't accept a copy keyword, so passing copy=False failed. __array__ must implement 'dtype' and 'copy' keyword arguments. To learn more, see the migration guide https://numpy.org/devdocs/numpy_2_0_migration_guide.html#adapting-to-changes-in-the-copy-keyword
  X_test = np.array(D["test_vec"])
<remote_artifact> DeprecationWarning: __array__ implementation doesn't accept a copy keyword, so passing copy=False failed. __array__ must implement 'dtype' and 'copy' keyword arguments. To learn more, see the migration guide https://numpy.org/devdocs/numpy_2_0_migration_guide.html#adapting-to-changes-in-the-copy-keyword
  X_test_label = np.array(D["test_label"])
<remote_artifact> PydanticDeprecatedSince211: Accessing the 'model_fields' attribute on the instance is deprecated. Instead, you should access this attribute from the model class. Deprecated in Pydantic V2.11 to be removed in V3.0.
  for cls_field in self.model_fields:
START 2026-08-18T11:45:13+08:00 slot=0 cpuset=0-27
2026-08-18 11:45:14,895 - bvb - INFO - running only weaviate-hnsw
2026-08-18 11:45:15,351 - bvb - INFO - Order: [Definition(algorithm='weaviate-hnsw', constructor='WeaviateHNSW', module='bigvectorbench.algorithms.weaviate', docker_tag='bigvectorbench-weaviate', arguments=['euclidean', {'M': 32, 'efConstruction': 100}], query_argument_groups=[[100], [200], [400], [800], [1600]], disabled=False), Definition(algorithm='weaviate-hnsw', constructor='WeaviateHNSW', module='bigvectorbench.algorithms.weaviate', docker_tag='bigvectorbench-weaviate', arguments=['euclidean', {'M': 32, 'efConstruction': 400}], query_argument_groups=[[100], [200], [400], [800], [1600]], disabled=False), Definition(algorithm='weaviate-hnsw', constructor='WeaviateHNSW', module='bigvectorbench.algorithms.weaviate', docker_tag='bigvectorbench-weaviate', arguments=['euclidean', {'M': 64, 'efConstruction': 400}], query_argument_groups=[[100], [200], [400], [800], [1600]], disabled=False), Definition(algorithm='weaviate-hnsw', constructor='WeaviateHNSW', module='bigvectorbench.algorithms.weaviate', docker_tag='bigvectorbench-weaviate', arguments=['euclidean', {'M': 128, 'efConstruction': 400}], query_argument_groups=[[100], [200], [400], [800], [1600]], disabled=False), Definition(algorithm='weaviate-hnsw', constructor='WeaviateHNSW', module='bigvectorbench.algorithms.weaviate', docker_tag='bigvectorbench-weaviate', arguments=['euclidean', {'M': 64, 'efConstruction': 100}], query_argument_groups=[[100], [200], [400], [800], [1600]], disabled=False)]
 Container weaviate-weaviate-1  Stopping
 Container weaviate-weaviate-1  Stopped
 Container weaviate-weaviate-1  Removing
 Container weaviate-weaviate-1  Removed
 Network weaviate_default  Removing
 Network weaviate_default  Removed
 Network weaviate_default  Creating
 Network weaviate_default  Created
 Container weaviate-weaviate-1  Creating
 Container weaviate-weaviate-1  Created
 Container weaviate-weaviate-1  Starting
 Container weaviate-weaviate-1  Started
<remote_artifact> DeprecationWarning: Dep005: You are using weaviate-client version 4.7.1. The latest version is 4.23.0.
            Consider upgrading to the latest version. See https://weaviate.io/developers/weaviate/client-libraries/python for details.
  warnings.warn(
<remote_artifact> DeprecationWarning: __array__ implementation doesn't accept a copy keyword, so passing copy=False failed. __array__ must implement 'dtype' and 'copy' keyword arguments. To learn more, see the migration guide https://numpy.org/devdocs/numpy_2_0_migration_guide.html#adapting-to-changes-in-the-copy-keyword
  X_train = np.array(D["train_vec"])
<remote_artifact> DeprecationWarning: __array__ implementation doesn't accept a copy keyword, so passing copy=False failed. __array__ must implement 'dtype' and 'copy' keyword arguments. To learn more, see the migration guide https://numpy.org/devdocs/numpy_2_0_migration_guide.html#adapting-to-changes-in-the-copy-keyword
  X_train_label = np.array(D["train_label"])
<remote_artifact> DeprecationWarning: __array__ implementation doesn't accept a copy keyword, so passing copy=False failed. __array__ must implement 'dtype' and 'copy' keyword arguments. To learn more, see the migration guide https://numpy.org/devdocs/numpy_2_0_migration_guide.html#adapting-to-changes-in-the-copy-keyword
  X_test = np.array(D["test_vec"])
<remote_artifact> DeprecationWarning: __array__ implementation doesn't accept a copy keyword, so passing copy=False failed. __array__ must implement 'dtype' and 'copy' keyword arguments. To learn more, see the migration guide https://numpy.org/devdocs/numpy_2_0_migration_guide.html#adapting-to-changes-in-the-copy-keyword
  X_test_label = np.array(D["test_label"])
<remote_artifact> PydanticDeprecatedSince211: Accessing the 'model_fields' attribute on the instance is deprecated. Instead, you should access this attribute from the model class. Deprecated in Pydantic V2.11 to be removed in V3.0.
  for cls_field in self.model_fields:
<remote_artifact> PydanticDeprecatedSince211: Accessing the 'model_fields' attribute on the instance is deprecated. Instead, you should access this attribute from the model class. Deprecated in Pydantic V2.11 to be removed in V3.0.
  for cls_field in self.model_fields:
START 2026-08-18T11:58:13+08:00 slot=0 cpuset=0-27
2026-08-18 11:58:15,498 - bvb - INFO - running only weaviate-hnsw
2026-08-18 11:58:15,946 - bvb - INFO - Order: [Definition(algorithm='weaviate-hnsw', constructor='WeaviateHNSW', module='bigvectorbench.algorithms.weaviate', docker_tag='bigvectorbench-weaviate', arguments=['euclidean', {'M': 32, 'efConstruction': 400}], query_argument_groups=[[100], [200], [400], [800], [1600]], disabled=False), Definition(algorithm='weaviate-hnsw', constructor='WeaviateHNSW', module='bigvectorbench.algorithms.weaviate', docker_tag='bigvectorbench-weaviate', arguments=['euclidean', {'M': 128, 'efConstruction': 400}], query_argument_groups=[[100], [200], [400], [800], [1600]], disabled=False), Definition(algorithm='weaviate-hnsw', constructor='WeaviateHNSW', module='bigvectorbench.algorithms.weaviate', docker_tag='bigvectorbench-weaviate', arguments=['euclidean', {'M': 64, 'efConstruction': 100}], query_argument_groups=[[100], [200], [400], [800], [1600]], disabled=False), Definition(algorithm='weaviate-hnsw', constructor='WeaviateHNSW', module='bigvectorbench.algorithms.weaviate', docker_tag='bigvectorbench-weaviate', arguments=['euclidean', {'M': 32, 'efConstruction': 100}], query_argument_groups=[[100], [200], [400], [800], [1600]], disabled=False), Definition(algorithm='weaviate-hnsw', constructor='WeaviateHNSW', module='bigvectorbench.algorithms.weaviate', docker_tag='bigvectorbench-weaviate', arguments=['euclidean', {'M': 64, 'efConstruction': 400}], query_argument_groups=[[100], [200], [400], [800], [1600]], disabled=False)]
 Container weaviate-weaviate-1  Stopping
 Container weaviate-weaviate-1  Stopped
 Container weaviate-weaviate-1  Removing
 Container weaviate-weaviate-1  Removed
 Network weaviate_default  Removing
 Network weaviate_default  Removed
 Network weaviate_default  Creating
 Network weaviate_default  Created
 Container weaviate-weaviate-1  Creating
 Container weaviate-weaviate-1  Created
 Container weaviate-weaviate-1  Starting
 Container weaviate-weaviate-1  Started
<remote_artifact> DeprecationWarning: Dep005: You are using weaviate-client version 4.7.1. The latest version is 4.23.0.
            Consider upgrading to the latest version. See https://weaviate.io/developers/weaviate/client-libraries/python for details.
  warnings.warn(
<remote_artifact> DeprecationWarning: __array__ implementation doesn't accept a copy keyword, so passing copy=False failed. __array__ must implement 'dtype' and 'copy' keyword arguments. To learn more, see the migration guide https://numpy.org/devdocs/numpy_2_0_migration_guide.html#adapting-to-changes-in-the-copy-keyword
  X_train = np.array(D["train_vec"])
<remote_artifact> DeprecationWarning: __array__ implementation doesn't accept a copy keyword, so passing copy=False failed. __array__ must implement 'dtype' and 'copy' keyword arguments. To learn more, see the migration guide https://numpy.org/devdocs/numpy_2_0_migration_guide.html#adapting-to-changes-in-the-copy-keyword
  X_train_label = np.array(D["train_label"])
<remote_artifact> DeprecationWarning: __array__ implementation doesn't accept a copy keyword, so passing copy=False failed. __array__ must implement 'dtype' and 'copy' keyword arguments. To learn more, see the migration guide https://numpy.org/devdocs/numpy_2_0_migration_guide.html#adapting-to-changes-in-the-copy-keyword
  X_test = np.array(D["test_vec"])
<remote_artifact> DeprecationWarning: __array__ implementation doesn't accept a copy keyword, so passing copy=False failed. __array__ must implement 'dtype' and 'copy' keyword arguments. To learn more, see the migration guide https://numpy.org/devdocs/numpy_2_0_migration_guide.html#adapting-to-changes-in-the-copy-keyword
  X_test_label = np.array(D["test_label"])
<remote_artifact> PydanticDeprecatedSince211: Accessing the 'model_fields' attribute on the instance is deprecated. Instead, you should access this attribute from the model class. Deprecated in Pydantic V2.11 to be removed in V3.0.
  for cls_field in self.model_fields:
START 2026-08-18T12:01:36+08:00 slot=0 cpuset=0-27
2026-08-18 12:01:37,677 - bvb - INFO - running only weaviate-hnsw
2026-08-18 12:01:38,130 - bvb - INFO - Order: [Definition(algorithm='weaviate-hnsw', constructor='WeaviateHNSW', module='bigvectorbench.algorithms.weaviate', docker_tag='bigvectorbench-weaviate', arguments=['euclidean', {'M': 64, 'efConstruction': 400}], query_argument_groups=[[100], [200], [400], [800], [1600]], disabled=False), Definition(algorithm='weaviate-hnsw', constructor='WeaviateHNSW', module='bigvectorbench.algorithms.weaviate', docker_tag='bigvectorbench-weaviate', arguments=['euclidean', {'M': 128, 'efConstruction': 400}], query_argument_groups=[[100], [200], [400], [800], [1600]], disabled=False), Definition(algorithm='weaviate-hnsw', constructor='WeaviateHNSW', module='bigvectorbench.algorithms.weaviate', docker_tag='bigvectorbench-weaviate', arguments=['euclidean', {'M': 32, 'efConstruction': 100}], query_argument_groups=[[100], [200], [400], [800], [1600]], disabled=False), Definition(algorithm='weaviate-hnsw', constructor='WeaviateHNSW', module='bigvectorbench.algorithms.weaviate', docker_tag='bigvectorbench-weaviate', arguments=['euclidean', {'M': 32, 'efConstruction': 400}], query_argument_groups=[[100], [200], [400], [800], [1600]], disabled=False), Definition(algorithm='weaviate-hnsw', constructor='WeaviateHNSW', module='bigvectorbench.algorithms.weaviate', docker_tag='bigvectorbench-weaviate', arguments=['euclidean', {'M': 64, 'efConstruction': 100}], query_argument_groups=[[100], [200], [400], [800], [1600]], disabled=False)]
 Container weaviate-weaviate-1  Stopping
 Container weaviate-weaviate-1  Stopped
 Container weaviate-weaviate-1  Removing
 Container weaviate-weaviate-1  Removed
 Network weaviate_default  Removing
 Network weaviate_default  Removed
 Network weaviate_default  Creating
 Network weaviate_default  Created
 Container weaviate-weaviate-1  Creating
 Container weaviate-weaviate-1  Created
 Container weaviate-weaviate-1  Starting
 Container weaviate-weaviate-1  Started
<remote_artifact> DeprecationWarning: Dep005: You are using weaviate-client version 4.7.1. The latest version is 4.23.0.
            Consider upgrading to the latest version. See https://weaviate.io/developers/weaviate/client-libraries/python for details.
  warnings.warn(
<remote_artifact> DeprecationWarning: __array__ implementation doesn't accept a copy keyword, so passing copy=False failed. __array__ must implement 'dtype' and 'copy' keyword arguments. To learn more, see the migration guide https://numpy.org/devdocs/numpy_2_0_migration_guide.html#adapting-to-changes-in-the-copy-keyword
  X_train = np.array(D["train_vec"])
<remote_artifact> DeprecationWarning: __array__ implementation doesn't accept a copy keyword, so passing copy=False failed. __array__ must implement 'dtype' and 'copy' keyword arguments. To learn more, see the migration guide https://numpy.org/devdocs/numpy_2_0_migration_guide.html#adapting-to-changes-in-the-copy-keyword
  X_train_label = np.array(D["train_label"])
<remote_artifact> DeprecationWarning: __array__ implementation doesn't accept a copy keyword, so passing copy=False failed. __array__ must implement 'dtype' and 'copy' keyword arguments. To learn more, see the migration guide https://numpy.org/devdocs/numpy_2_0_migration_guide.html#adapting-to-changes-in-the-copy-keyword
  X_test = np.array(D["test_vec"])
<remote_artifact> DeprecationWarning: __array__ implementation doesn't accept a copy keyword, so passing copy=False failed. __array__ must implement 'dtype' and 'copy' keyword arguments. To learn more, see the migration guide https://numpy.org/devdocs/numpy_2_0_migration_guide.html#adapting-to-changes-in-the-copy-keyword
  X_test_label = np.array(D["test_label"])
<remote_artifact> PydanticDeprecatedSince211: Accessing the 'model_fields' attribute on the instance is deprecated. Instead, you should access this attribute from the model class. Deprecated in Pydantic V2.11 to be removed in V3.0.
  for cls_field in self.model_fields:
<remote_artifact> PydanticDeprecatedSince211: Accessing the 'model_fields' attribute on the instance is deprecated. Instead, you should access this attribute from the model class. Deprecated in Pydantic V2.11 to be removed in V3.0.
  for cls_field in self.model_fields:
Trying to instantiate bigvectorbench.algorithms.weaviate.WeaviateHNSW(['euclidean', {'M': 64, 'efConstruction': 400}])
[weaviate] docker compose up successfully!!!
Dataset type: filter-ann
Distance metric: euclidean
Got a train set of size               (991000 * 256) with 1 labels
label names: ['attribute']
label types: ['int32']
filter expression function: def filter_expr(attribute_low, attribute_high): return f'attribute >= {attribute_low} and attribute <= {attribute_high}'
Got 10000 queries
[weaviate] num_labels: 1
[weaviate] Start loading data with 991000 data...
[weaviate] load data with batch size: 1000
[weaviate] load AggregateReturn(properties={}, total_count=991000) data successfully!!!
[weaviate] client.collections.list_all(simple=False): {'Test_weaviate': _CollectionConfig(name='Test_weaviate', description=None, generative_config=None, inverted_index_config=_InvertedIndexConfig(bm25=_BM25Config(b=0.75, k1=1.2), cleanup_interval_seconds=60, index_null_state=False, index_property_length=False, index_timestamps=False, stopwords=_StopwordsConfig(preset=<StopwordsPreset.EN: 'en'>, additions=None, removals=None)), multi_tenancy_config=_MultiTenancyConfig(enabled=False, auto_tenant_creation=False, auto_tenant_activation=False), properties=[_Property(name='attribute', description=None, data_type=<DataType.INT: 'int'>, index_filterable=True, index_range_filters=False, index_searchable=False, nested_properties=None, tokenization=None, vectorizer_config=None, vectorizer='none')], references=[], replication_config=_ReplicationConfig(factor=1, async_enabled=False), reranker_config=None, sharding_config=_ShardingConfig(virtual_per_physical=128, desired_count=1, actual_count=1, desired_virtual_count=128, actual_virtual_count=128, key='_id', strategy='hash', function='murmur3'), vector_index_config=_VectorIndexConfigHNSW(quantizer=None, cleanup_interval_seconds=300, distance_metric=<VectorDistances.L2_SQUARED: 'l2-squared'>, dynamic_ef_min=100, dynamic_ef_max=500, dynamic_ef_factor=8, ef=-1, ef_construction=400, flat_search_cutoff=40000, max_connections=64, skip=False, vector_cache_max_objects=1000000000000), vector_index_type=<VectorIndexType.HNSW: 'hnsw'>, vectorizer_config=None, vectorizer=<Vectorizers.NONE: 'none'>, vector_config=None)}
Inserted data in 315.29262113571167
Memory usage:  10036084.0
Built index in  12.042816162109375
Index size:  72808.0
Running query argument group 1 of 5...
[weaviate] set_query_arguments: 100
[weaviate] Collection Config: _CollectionConfig(name='Test_weaviate', description=None, generative_config=None, inverted_index_config=_InvertedIndexConfig(bm25=_BM25Config(b=0.75, k1=1.2), cleanup_interval_seconds=60, index_null_state=False, index_property_length=False, index_timestamps=False, stopwords=_StopwordsConfig(preset=<StopwordsPreset.EN: 'en'>, additions=None, removals=None)), multi_tenancy_config=_MultiTenancyConfig(enabled=False, auto_tenant_creation=False, auto_tenant_activation=False), properties=[_Property(name='attribute', description=None, data_type=<DataType.INT: 'int'>, index_filterable=True, index_range_filters=False, index_searchable=False, nested_properties=None, tokenization=None, vectorizer_config=None, vectorizer='none')], references=[], replication_config=_ReplicationConfig(factor=1, async_enabled=False), reranker_config=None, sharding_config=_ShardingConfig(virtual_per_physical=128, desired_count=1, actual_count=1, desired_virtual_count=128, actual_virtual_count=128, key='_id', strategy='hash', function='murmur3'), vector_index_config=_VectorIndexConfigHNSW(quantizer=None, cleanup_interval_seconds=300, distance_metric=<VectorDistances.L2_SQUARED: 'l2-squared'>, dynamic_ef_min=100, dynamic_ef_max=500, dynamic_ef_factor=8, ef=100, ef_construction=400, flat_search_cutoff=40000, max_connections=64, skip=False, vector_cache_max_objects=1000000000000), vector_index_type=<VectorIndexType.HNSW: 'hnsw'>, vectorizer_config=None, vectorizer=<Vectorizers.NONE: 'none'>, vector_config=None)
Run 1/1...
Warmup round 1/2...
Processed 1000/10000 queries...
Warmup round 2/2...
Processed 2000/10000 queries...
Processed 3000/10000 queries...
Processed 4000/10000 queries...
Processed 5000/10000 queries...
Processed 6000/10000 queries...
Processed 7000/10000 queries...
Processed 8000/10000 queries...
Processed 9000/10000 queries...
Processed 10000/10000 queries...
Processed 11000/10000 queries...
Processed 12000/10000 queries...
Running query argument group 2 of 5...
[weaviate] set_query_arguments: 200
[weaviate] Collection Config: _CollectionConfig(name='Test_weaviate', description=None, generative_config=None, inverted_index_config=_InvertedIndexConfig(bm25=_BM25Config(b=0.75, k1=1.2), cleanup_interval_seconds=60, index_null_state=False, index_property_length=False, index_timestamps=False, stopwords=_StopwordsConfig(preset=<StopwordsPreset.EN: 'en'>, additions=None, removals=None)), multi_tenancy_config=_MultiTenancyConfig(enabled=False, auto_tenant_creation=False, auto_tenant_activation=False), properties=[_Property(name='attribute', description=None, data_type=<DataType.INT: 'int'>, index_filterable=True, index_range_filters=False, index_searchable=False, nested_properties=None, tokenization=None, vectorizer_config=None, vectorizer='none')], references=[], replication_config=_ReplicationConfig(factor=1, async_enabled=False), reranker_config=None, sharding_config=_ShardingConfig(virtual_per_physical=128, desired_count=1, actual_count=1, desired_virtual_count=128, actual_virtual_count=128, key='_id', strategy='hash', function='murmur3'), vector_index_config=_VectorIndexConfigHNSW(quantizer=None, cleanup_interval_seconds=300, distance_metric=<VectorDistances.L2_SQUARED: 'l2-squared'>, dynamic_ef_min=100, dynamic_ef_max=500, dynamic_ef_factor=8, ef=200, ef_construction=400, flat_search_cutoff=40000, max_connections=64, skip=False, vector_cache_max_objects=1000000000000), vector_index_type=<VectorIndexType.HNSW: 'hnsw'>, vectorizer_config=None, vectorizer=<Vectorizers.NONE: 'none'>, vector_config=None)
Run 1/1...
Warmup round 1/2...
Processed 1000/10000 queries...
Warmup round 2/2...
Processed 2000/10000 queries...
Processed 3000/10000 queries...
Processed 4000/10000 queries...
Processed 5000/10000 queries...
Processed 6000/10000 queries...
Processed 7000/10000 queries...
Processed 8000/10000 queries...
Processed 9000/10000 queries...
Processed 10000/10000 queries...
Processed 11000/10000 queries...
Processed 12000/10000 queries...
Running query argument group 3 of 5...
[weaviate] set_query_arguments: 400
[weaviate] Collection Config: _CollectionConfig(name='Test_weaviate', description=None, generative_config=None, inverted_index_config=_InvertedIndexConfig(bm25=_BM25Config(b=0.75, k1=1.2), cleanup_interval_seconds=60, index_null_state=False, index_property_length=False, index_timestamps=False, stopwords=_StopwordsConfig(preset=<StopwordsPreset.EN: 'en'>, additions=None, removals=None)), multi_tenancy_config=_MultiTenancyConfig(enabled=False, auto_tenant_creation=False, auto_tenant_activation=False), properties=[_Property(name='attribute', description=None, data_type=<DataType.INT: 'int'>, index_filterable=True, index_range_filters=False, index_searchable=False, nested_properties=None, tokenization=None, vectorizer_config=None, vectorizer='none')], references=[], replication_config=_ReplicationConfig(factor=1, async_enabled=False), reranker_config=None, sharding_config=_ShardingConfig(virtual_per_physical=128, desired_count=1, actual_count=1, desired_virtual_count=128, actual_virtual_count=128, key='_id', strategy='hash', function='murmur3'), vector_index_config=_VectorIndexConfigHNSW(quantizer=None, cleanup_interval_seconds=300, distance_metric=<VectorDistances.L2_SQUARED: 'l2-squared'>, dynamic_ef_min=100, dynamic_ef_max=500, dynamic_ef_factor=8, ef=400, ef_construction=400, flat_search_cutoff=40000, max_connections=64, skip=False, vector_cache_max_objects=1000000000000), vector_index_type=<VectorIndexType.HNSW: 'hnsw'>, vectorizer_config=None, vectorizer=<Vectorizers.NONE: 'none'>, vector_config=None)
Run 1/1...
Warmup round 1/2...
Processed 1000/10000 queries...
Warmup round 2/2...
 Container weaviate-weaviate-1  Stopping
 Container weaviate-weaviate-1  Stopped
 Container weaviate-weaviate-1  Removing
 Container weaviate-weaviate-1  Removed
 Network weaviate_default  Removing
 Network weaviate_default  Removed
 Network weaviate_default  Creating
 Network weaviate_default  Created
 Container weaviate-weaviate-1  Creating
 Container weaviate-weaviate-1  Created
 Container weaviate-weaviate-1  Starting
 Container weaviate-weaviate-1  Started
<remote_artifact> DeprecationWarning: Dep005: You are using weaviate-client version 4.7.1. The latest version is 4.23.0.
            Consider upgrading to the latest version. See https://weaviate.io/developers/weaviate/client-libraries/python for details.
  warnings.warn(
<remote_artifact> DeprecationWarning: __array__ implementation doesn't accept a copy keyword, so passing copy=False failed. __array__ must implement 'dtype' and 'copy' keyword arguments. To learn more, see the migration guide https://numpy.org/devdocs/numpy_2_0_migration_guide.html#adapting-to-changes-in-the-copy-keyword
  X_train = np.array(D["train_vec"])
<remote_artifact> DeprecationWarning: __array__ implementation doesn't accept a copy keyword, so passing copy=False failed. __array__ must implement 'dtype' and 'copy' keyword arguments. To learn more, see the migration guide https://numpy.org/devdocs/numpy_2_0_migration_guide.html#adapting-to-changes-in-the-copy-keyword
  X_train_label = np.array(D["train_label"])
<remote_artifact> DeprecationWarning: __array__ implementation doesn't accept a copy keyword, so passing copy=False failed. __array__ must implement 'dtype' and 'copy' keyword arguments. To learn more, see the migration guide https://numpy.org/devdocs/numpy_2_0_migration_guide.html#adapting-to-changes-in-the-copy-keyword
  X_test = np.array(D["test_vec"])
<remote_artifact> DeprecationWarning: __array__ implementation doesn't accept a copy keyword, so passing copy=False failed. __array__ must implement 'dtype' and 'copy' keyword arguments. To learn more, see the migration guide https://numpy.org/devdocs/numpy_2_0_migration_guide.html#adapting-to-changes-in-the-copy-keyword
  X_test_label = np.array(D["test_label"])
<remote_artifact> PydanticDeprecatedSince211: Accessing the 'model_fields' attribute on the instance is deprecated. Instead, you should access this attribute from the model class. Deprecated in Pydantic V2.11 to be removed in V3.0.
  for cls_field in self.model_fields:
<remote_artifact> PydanticDeprecatedSince211: Accessing the 'model_fields' attribute on the instance is deprecated. Instead, you should access this attribute from the model class. Deprecated in Pydantic V2.11 to be removed in V3.0.
  for cls_field in self.model_fields:
Processed 2000/10000 queries...
Processed 3000/10000 queries...
Processed 4000/10000 queries...
Processed 5000/10000 queries...
Processed 6000/10000 queries...
Processed 7000/10000 queries...
Processed 8000/10000 queries...
Processed 9000/10000 queries...
Processed 10000/10000 queries...
Processed 11000/10000 queries...
Processed 12000/10000 queries...
Running query argument group 4 of 5...
[weaviate] set_query_arguments: 800
[weaviate] Collection Config: _CollectionConfig(name='Test_weaviate', description=None, generative_config=None, inverted_index_config=_InvertedIndexConfig(bm25=_BM25Config(b=0.75, k1=1.2), cleanup_interval_seconds=60, index_null_state=False, index_property_length=False, index_timestamps=False, stopwords=_StopwordsConfig(preset=<StopwordsPreset.EN: 'en'>, additions=None, removals=None)), multi_tenancy_config=_MultiTenancyConfig(enabled=False, auto_tenant_creation=False, auto_tenant_activation=False), properties=[_Property(name='attribute', description=None, data_type=<DataType.INT: 'int'>, index_filterable=True, index_range_filters=False, index_searchable=False, nested_properties=None, tokenization=None, vectorizer_config=None, vectorizer='none')], references=[], replication_config=_ReplicationConfig(factor=1, async_enabled=False), reranker_config=None, sharding_config=_ShardingConfig(virtual_per_physical=128, desired_count=1, actual_count=1, desired_virtual_count=128, actual_virtual_count=128, key='_id', strategy='hash', function='murmur3'), vector_index_config=_VectorIndexConfigHNSW(quantizer=None, cleanup_interval_seconds=300, distance_metric=<VectorDistances.L2_SQUARED: 'l2-squared'>, dynamic_ef_min=100, dynamic_ef_max=500, dynamic_ef_factor=8, ef=800, ef_construction=400, flat_search_cutoff=40000, max_connections=64, skip=False, vector_cache_max_objects=1000000000000), vector_index_type=<VectorIndexType.HNSW: 'hnsw'>, vectorizer_config=None, vectorizer=<Vectorizers.NONE: 'none'>, vector_config=None)
Run 1/1...
Warmup round 1/2...
Processed 1000/10000 queries...
Warmup round 2/2...
Processed 2000/10000 queries...
Processed 3000/10000 queries...
Processed 4000/10000 queries...
Processed 5000/10000 queries...
Processed 6000/10000 queries...
Processed 7000/10000 queries...
Processed 8000/10000 queries...
Processed 9000/10000 queries...
Processed 10000/10000 queries...
Processed 11000/10000 queries...
Processed 12000/10000 queries...
Running query argument group 5 of 5...
[weaviate] set_query_arguments: 1600
[weaviate] Collection Config: _CollectionConfig(name='Test_weaviate', description=None, generative_config=None, inverted_index_config=_InvertedIndexConfig(bm25=_BM25Config(b=0.75, k1=1.2), cleanup_interval_seconds=60, index_null_state=False, index_property_length=False, index_timestamps=False, stopwords=_StopwordsConfig(preset=<StopwordsPreset.EN: 'en'>, additions=None, removals=None)), multi_tenancy_config=_MultiTenancyConfig(enabled=False, auto_tenant_creation=False, auto_tenant_activation=False), properties=[_Property(name='attribute', description=None, data_type=<DataType.INT: 'int'>, index_filterable=True, index_range_filters=False, index_searchable=False, nested_properties=None, tokenization=None, vectorizer_config=None, vectorizer='none')], references=[], replication_config=_ReplicationConfig(factor=1, async_enabled=False), reranker_config=None, sharding_config=_ShardingConfig(virtual_per_physical=128, desired_count=1, actual_count=1, desired_virtual_count=128, actual_virtual_count=128, key='_id', strategy='hash', function='murmur3'), vector_index_config=_VectorIndexConfigHNSW(quantizer=None, cleanup_interval_seconds=300, distance_metric=<VectorDistances.L2_SQUARED: 'l2-squared'>, dynamic_ef_min=100, dynamic_ef_max=500, dynamic_ef_factor=8, ef=1600, ef_construction=400, flat_search_cutoff=40000, max_connections=64, skip=False, vector_cache_max_objects=1000000000000), vector_index_type=<VectorIndexType.HNSW: 'hnsw'>, vectorizer_config=None, vectorizer=<Vectorizers.NONE: 'none'>, vector_config=None)
Run 1/1...
Warmup round 1/2...
Processed 1000/10000 queries...
Warmup round 2/2...
Processed 2000/10000 queries...
Processed 3000/10000 queries...
Processed 4000/10000 queries...
Processed 5000/10000 queries...
Processed 6000/10000 queries...
Processed 7000/10000 queries...
Processed 8000/10000 queries...
Processed 9000/10000 queries...
Processed 10000/10000 queries...
Processed 11000/10000 queries...
Processed 12000/10000 queries...
Processed 0/10000 inserts...
Processed 1000/10000 inserts...
Processed 2000/10000 inserts...
Processed 3000/10000 inserts...
Processed 4000/10000 inserts...
Processed 5000/10000 inserts...
Processed 6000/10000 inserts...
Processed 7000/10000 inserts...
Processed 8000/10000 inserts...
Processed 9000/10000 inserts...
Processed 0/10000 updates...
Processed 1000/10000 updates...
Processed 2000/10000 updates...
Processed 3000/10000 updates...
Processed 4000/10000 updates...
Processed 5000/10000 updates...
Processed 6000/10000 updates...
Processed 7000/10000 updates...
Processed 8000/10000 updates...
Processed 9000/10000 updates...
Processed 0/10000 deletes...
Processed 1000/10000 deletes...
Processed 2000/10000 deletes...
Processed 3000/10000 deletes...
Processed 4000/10000 deletes...
Processed 5000/10000 deletes...
Processed 6000/10000 deletes...
Processed 7000/10000 deletes...
Processed 8000/10000 deletes...
Processed 9000/10000 deletes...
[weaviate] docker compose down successfully!!!
Trying to instantiate bigvectorbench.algorithms.weaviate.WeaviateHNSW(['euclidean', {'M': 128, 'efConstruction': 400}])
[weaviate] docker compose up successfully!!!
Dataset type: filter-ann
Distance metric: euclidean
Got a train set of size               (991000 * 256) with 1 labels
label names: ['attribute']
label types: ['int32']
filter expression function: def filter_expr(attribute_low, attribute_high): return f'attribute >= {attribute_low} and attribute <= {attribute_high}'
Got 10000 queries
[weaviate] num_labels: 1
[weaviate] Start loading data with 991000 data...
[weaviate] load data with batch size: 1000
[weaviate] load AggregateReturn(properties={}, total_count=991000) data successfully!!!
[weaviate] client.collections.list_all(simple=False): {'Test_weaviate': _CollectionConfig(name='Test_weaviate', description=None, generative_config=None, inverted_index_config=_InvertedIndexConfig(bm25=_BM25Config(b=0.75, k1=1.2), cleanup_interval_seconds=60, index_null_state=False, index_property_length=False, index_timestamps=False, stopwords=_StopwordsConfig(preset=<StopwordsPreset.EN: 'en'>, additions=None, removals=None)), multi_tenancy_config=_MultiTenancyConfig(enabled=False, auto_tenant_creation=False, auto_tenant_activation=False), properties=[_Property(name='attribute', description=None, data_type=<DataType.INT: 'int'>, index_filterable=True, index_range_filters=False, index_searchable=False, nested_properties=None, tokenization=None, vectorizer_config=None, vectorizer='none')], references=[], replication_config=_ReplicationConfig(factor=1, async_enabled=False), reranker_config=None, sharding_config=_ShardingConfig(virtual_per_physical=128, desired_count=1, actual_count=1, desired_virtual_count=128, actual_virtual_count=128, key='_id', strategy='hash', function='murmur3'), vector_index_config=_VectorIndexConfigHNSW(quantizer=None, cleanup_interval_seconds=300, distance_metric=<VectorDistances.L2_SQUARED: 'l2-squared'>, dynamic_ef_min=100, dynamic_ef_max=500, dynamic_ef_factor=8, ef=-1, ef_construction=400, flat_search_cutoff=40000, max_connections=128, skip=False, vector_cache_max_objects=1000000000000), vector_index_type=<VectorIndexType.HNSW: 'hnsw'>, vectorizer_config=None, vectorizer=<Vectorizers.NONE: 'none'>, vector_config=None)}
Inserted data in 303.8914704322815
Memory usage:  6708248.0
Built index in  12.04867172241211
Index size:  43760.0
Running query argument group 1 of 5...
[weaviate] set_query_arguments: 100
[weaviate] Collection Config: _CollectionConfig(name='Test_weaviate', description=None, generative_config=None, inverted_index_config=_InvertedIndexConfig(bm25=_BM25Config(b=0.75, k1=1.2), cleanup_interval_seconds=60, index_null_state=False, index_property_length=False, index_timestamps=False, stopwords=_StopwordsConfig(preset=<StopwordsPreset.EN: 'en'>, additions=None, removals=None)), multi_tenancy_config=_MultiTenancyConfig(enabled=False, auto_tenant_creation=False, auto_tenant_activation=False), properties=[_Property(name='attribute', description=None, data_type=<DataType.INT: 'int'>, index_filterable=True, index_range_filters=False, index_searchable=False, nested_properties=None, tokenization=None, vectorizer_config=None, vectorizer='none')], references=[], replication_config=_ReplicationConfig(factor=1, async_enabled=False), reranker_config=None, sharding_config=_ShardingConfig(virtual_per_physical=128, desired_count=1, actual_count=1, desired_virtual_count=128, actual_virtual_count=128, key='_id', strategy='hash', function='murmur3'), vector_index_config=_VectorIndexConfigHNSW(quantizer=None, cleanup_interval_seconds=300, distance_metric=<VectorDistances.L2_SQUARED: 'l2-squared'>, dynamic_ef_min=100, dynamic_ef_max=500, dynamic_ef_factor=8, ef=100, ef_construction=400, flat_search_cutoff=40000, max_connections=128, skip=False, vector_cache_max_objects=1000000000000), vector_index_type=<VectorIndexType.HNSW: 'hnsw'>, vectorizer_config=None, vectorizer=<Vectorizers.NONE: 'none'>, vector_config=None)
Run 1/1...
Warmup round 1/2...
Processed 1000/10000 queries...
Warmup round 2/2...
Processed 2000/10000 queries...
Processed 3000/10000 queries...
Processed 4000/10000 queries...
Processed 5000/10000 queries...
Processed 6000/10000 queries...
Processed 7000/10000 queries...
Processed 8000/10000 queries...
Processed 9000/10000 queries...
Processed 10000/10000 queries...
Processed 11000/10000 queries...
Processed 12000/10000 queries...
Running query argument group 2 of 5...
[weaviate] set_query_arguments: 200
[weaviate] Collection Config: _CollectionConfig(name='Test_weaviate', description=None, generative_config=None, inverted_index_config=_InvertedIndexConfig(bm25=_BM25Config(b=0.75, k1=1.2), cleanup_interval_seconds=60, index_null_state=False, index_property_length=False, index_timestamps=False, stopwords=_StopwordsConfig(preset=<StopwordsPreset.EN: 'en'>, additions=None, removals=None)), multi_tenancy_config=_MultiTenancyConfig(enabled=False, auto_tenant_creation=False, auto_tenant_activation=False), properties=[_Property(name='attribute', description=None, data_type=<DataType.INT: 'int'>, index_filterable=True, index_range_filters=False, index_searchable=False, nested_properties=None, tokenization=None, vectorizer_config=None, vectorizer='none')], references=[], replication_config=_ReplicationConfig(factor=1, async_enabled=False), reranker_config=None, sharding_config=_ShardingConfig(virtual_per_physical=128, desired_count=1, actual_count=1, desired_virtual_count=128, actual_virtual_count=128, key='_id', strategy='hash', function='murmur3'), vector_index_config=_VectorIndexConfigHNSW(quantizer=None, cleanup_interval_seconds=300, distance_metric=<VectorDistances.L2_SQUARED: 'l2-squared'>, dynamic_ef_min=100, dynamic_ef_max=500, dynamic_ef_factor=8, ef=200, ef_construction=400, flat_search_cutoff=40000, max_connections=128, skip=False, vector_cache_max_objects=1000000000000), vector_index_type=<VectorIndexType.HNSW: 'hnsw'>, vectorizer_config=None, vectorizer=<Vectorizers.NONE: 'none'>, vector_config=None)
Run 1/1...
Warmup round 1/2...
Processed 1000/10000 queries...
Warmup round 2/2...
Processed 2000/10000 queries...
Processed 3000/10000 queries...
Processed 4000/10000 queries...
Processed 5000/10000 queries...
Processed 6000/10000 queries...
Processed 7000/10000 queries...
Processed 8000/10000 queries...
Processed 9000/10000 queries...
Processed 10000/10000 queries...
Processed 11000/10000 queries...
Processed 12000/10000 queries...
Running query argument group 3 of 5...
[weaviate] set_query_arguments: 400
[weaviate] Collection Config: _CollectionConfig(name='Test_weaviate', description=None, generative_config=None, inverted_index_config=_InvertedIndexConfig(bm25=_BM25Config(b=0.75, k1=1.2), cleanup_interval_seconds=60, index_null_state=False, index_property_length=False, index_timestamps=False, stopwords=_StopwordsConfig(preset=<StopwordsPreset.EN: 'en'>, additions=None, removals=None)), multi_tenancy_config=_MultiTenancyConfig(enabled=False, auto_tenant_creation=False, auto_tenant_activation=False), properties=[_Property(name='attribute', description=None, data_type=<DataType.INT: 'int'>, index_filterable=True, index_range_filters=False, index_searchable=False, nested_properties=None, tokenization=None, vectorizer_config=None, vectorizer='none')], references=[], replication_config=_ReplicationConfig(factor=1, async_enabled=False), reranker_config=None, sharding_config=_ShardingConfig(virtual_per_physical=128, desired_count=1, actual_count=1, desired_virtual_count=128, actual_virtual_count=128, key='_id', strategy='hash', function='murmur3'), vector_index_config=_VectorIndexConfigHNSW(quantizer=None, cleanup_interval_seconds=300, distance_metric=<VectorDistances.L2_SQUARED: 'l2-squared'>, dynamic_ef_min=100, dynamic_ef_max=500, dynamic_ef_factor=8, ef=400, ef_construction=400, flat_search_cutoff=40000, max_connections=128, skip=False, vector_cache_max_objects=1000000000000), vector_index_type=<VectorIndexType.HNSW: 'hnsw'>, vectorizer_config=None, vectorizer=<Vectorizers.NONE: 'none'>, vector_config=None)
Run 1/1...
Warmup round 1/2...
Processed 1000/10000 queries...
Warmup round 2/2...
Processed 2000/10000 queries...
Processed 3000/10000 queries...
Processed 4000/10000 queries...
Processed 5000/10000 queries...
Processed 6000/10000 queries...
Processed 7000/10000 queries...
Processed 8000/10000 queries...
Processed 9000/10000 queries...
Processed 10000/10000 queries...
Processed 11000/10000 queries...
Processed 12000/10000 queries...
Running query argument group 4 of 5...
[weaviate] set_query_arguments: 800
[weaviate] Collection Config: _CollectionConfig(name='Test_weaviate', description=None, generative_config=None, inverted_index_config=_InvertedIndexConfig(bm25=_BM25Config(b=0.75, k1=1.2), cleanup_interval_seconds=60, index_null_state=False, index_property_length=False, index_timestamps=False, stopwords=_StopwordsConfig(preset=<StopwordsPreset.EN: 'en'>, additions=None, removals=None)), multi_tenancy_config=_MultiTenancyConfig(enabled=False, auto_tenant_creation=False, auto_tenant_activation=False), properties=[_Property(name='attribute', description=None, data_type=<DataType.INT: 'int'>, index_filterable=True, index_range_filters=False, index_searchable=False, nested_properties=None, tokenization=None, vectorizer_config=None, vectorizer='none')], references=[], replication_config=_ReplicationConfig(factor=1, async_enabled=False), reranker_config=None, sharding_config=_ShardingConfig(virtual_per_physical=128, desired_count=1, actual_count=1, desired_virtual_count=128, actual_virtual_count=128, key='_id', strategy='hash', function='murmur3'), vector_index_config=_VectorIndexConfigHNSW(quantizer=None, cleanup_interval_seconds=300, distance_metric=<VectorDistances.L2_SQUARED: 'l2-squared'>, dynamic_ef_min=100, dynamic_ef_max=500, dynamic_ef_factor=8, ef=800, ef_construction=400, flat_search_cutoff=40000, max_connections=128, skip=False, vector_cache_max_objects=1000000000000), vector_index_type=<VectorIndexType.HNSW: 'hnsw'>, vectorizer_config=None, vectorizer=<Vectorizers.NONE: 'none'>, vector_config=None)
Run 1/1...
Warmup round 1/2...
Processed 1000/10000 queries...
Warmup round 2/2...
Processed 2000/10000 queries...
Processed 3000/10000 queries...
Processed 4000/10000 queries...
Processed 5000/10000 queries...
Processed 6000/10000 queries...
Processed 7000/10000 queries...
Processed 8000/10000 queries...
Processed 9000/10000 queries...
Processed 10000/10000 queries...
Processed 11000/10000 queries...
Processed 12000/10000 queries...
Running query argument group 5 of 5...
[weaviate] set_query_arguments: 1600
 Container weaviate-weaviate-1  Stopping
 Container weaviate-weaviate-1  Stopped
 Container weaviate-weaviate-1  Removing
 Container weaviate-weaviate-1  Removed
 Network weaviate_default  Removing
 Network weaviate_default  Removed
 Network weaviate_default  Creating
 Network weaviate_default  Created
 Container weaviate-weaviate-1  Creating
 Container weaviate-weaviate-1  Created
 Container weaviate-weaviate-1  Starting
 Container weaviate-weaviate-1  Started
<remote_artifact> DeprecationWarning: Dep005: You are using weaviate-client version 4.7.1. The latest version is 4.23.0.
            Consider upgrading to the latest version. See https://weaviate.io/developers/weaviate/client-libraries/python for details.
  warnings.warn(
<remote_artifact> DeprecationWarning: __array__ implementation doesn't accept a copy keyword, so passing copy=False failed. __array__ must implement 'dtype' and 'copy' keyword arguments. To learn more, see the migration guide https://numpy.org/devdocs/numpy_2_0_migration_guide.html#adapting-to-changes-in-the-copy-keyword
  X_train = np.array(D["train_vec"])
<remote_artifact> DeprecationWarning: __array__ implementation doesn't accept a copy keyword, so passing copy=False failed. __array__ must implement 'dtype' and 'copy' keyword arguments. To learn more, see the migration guide https://numpy.org/devdocs/numpy_2_0_migration_guide.html#adapting-to-changes-in-the-copy-keyword
  X_train_label = np.array(D["train_label"])
<remote_artifact> DeprecationWarning: __array__ implementation doesn't accept a copy keyword, so passing copy=False failed. __array__ must implement 'dtype' and 'copy' keyword arguments. To learn more, see the migration guide https://numpy.org/devdocs/numpy_2_0_migration_guide.html#adapting-to-changes-in-the-copy-keyword
  X_test = np.array(D["test_vec"])
<remote_artifact> DeprecationWarning: __array__ implementation doesn't accept a copy keyword, so passing copy=False failed. __array__ must implement 'dtype' and 'copy' keyword arguments. To learn more, see the migration guide https://numpy.org/devdocs/numpy_2_0_migration_guide.html#adapting-to-changes-in-the-copy-keyword
  X_test_label = np.array(D["test_label"])
<remote_artifact> PydanticDeprecatedSince211: Accessing the 'model_fields' attribute on the instance is deprecated. Instead, you should access this attribute from the model class. Deprecated in Pydantic V2.11 to be removed in V3.0.
  for cls_field in self.model_fields:
<remote_artifact> PydanticDeprecatedSince211: Accessing the 'model_fields' attribute on the instance is deprecated. Instead, you should access this attribute from the model class. Deprecated in Pydantic V2.11 to be removed in V3.0.
  for cls_field in self.model_fields:
[weaviate] Collection Config: _CollectionConfig(name='Test_weaviate', description=None, generative_config=None, inverted_index_config=_InvertedIndexConfig(bm25=_BM25Config(b=0.75, k1=1.2), cleanup_interval_seconds=60, index_null_state=False, index_property_length=False, index_timestamps=False, stopwords=_StopwordsConfig(preset=<StopwordsPreset.EN: 'en'>, additions=None, removals=None)), multi_tenancy_config=_MultiTenancyConfig(enabled=False, auto_tenant_creation=False, auto_tenant_activation=False), properties=[_Property(name='attribute', description=None, data_type=<DataType.INT: 'int'>, index_filterable=True, index_range_filters=False, index_searchable=False, nested_properties=None, tokenization=None, vectorizer_config=None, vectorizer='none')], references=[], replication_config=_ReplicationConfig(factor=1, async_enabled=False), reranker_config=None, sharding_config=_ShardingConfig(virtual_per_physical=128, desired_count=1, actual_count=1, desired_virtual_count=128, actual_virtual_count=128, key='_id', strategy='hash', function='murmur3'), vector_index_config=_VectorIndexConfigHNSW(quantizer=None, cleanup_interval_seconds=300, distance_metric=<VectorDistances.L2_SQUARED: 'l2-squared'>, dynamic_ef_min=100, dynamic_ef_max=500, dynamic_ef_factor=8, ef=1600, ef_construction=400, flat_search_cutoff=40000, max_connections=128, skip=False, vector_cache_max_objects=1000000000000), vector_index_type=<VectorIndexType.HNSW: 'hnsw'>, vectorizer_config=None, vectorizer=<Vectorizers.NONE: 'none'>, vector_config=None)
Run 1/1...
Warmup round 1/2...
Processed 1000/10000 queries...
Warmup round 2/2...
Processed 2000/10000 queries...
Processed 3000/10000 queries...
Processed 4000/10000 queries...
Processed 5000/10000 queries...
Processed 6000/10000 queries...
Processed 7000/10000 queries...
Processed 8000/10000 queries...
Processed 9000/10000 queries...
Processed 10000/10000 queries...
Processed 11000/10000 queries...
Processed 12000/10000 queries...
Processed 0/10000 inserts...
Processed 1000/10000 inserts...
Processed 2000/10000 inserts...
Processed 3000/10000 inserts...
Processed 4000/10000 inserts...
Processed 5000/10000 inserts...
Processed 6000/10000 inserts...
Processed 7000/10000 inserts...
Processed 8000/10000 inserts...
Processed 9000/10000 inserts...
Processed 0/10000 updates...
Processed 1000/10000 updates...
Processed 2000/10000 updates...
Processed 3000/10000 updates...
Processed 4000/10000 updates...
Processed 5000/10000 updates...
Processed 6000/10000 updates...
Processed 7000/10000 updates...
Processed 8000/10000 updates...
Processed 9000/10000 updates...
Processed 0/10000 deletes...
Processed 1000/10000 deletes...
Processed 2000/10000 deletes...
Processed 3000/10000 deletes...
Processed 4000/10000 deletes...
Processed 5000/10000 deletes...
Processed 6000/10000 deletes...
Processed 7000/10000 deletes...
Processed 8000/10000 deletes...
Processed 9000/10000 deletes...
[weaviate] docker compose down successfully!!!
Trying to instantiate bigvectorbench.algorithms.weaviate.WeaviateHNSW(['euclidean', {'M': 32, 'efConstruction': 100}])
[weaviate] docker compose up successfully!!!
Dataset type: filter-ann
Distance metric: euclidean
Got a train set of size               (991000 * 256) with 1 labels
label names: ['attribute']
label types: ['int32']
filter expression function: def filter_expr(attribute_low, attribute_high): return f'attribute >= {attribute_low} and attribute <= {attribute_high}'
Got 10000 queries
[weaviate] num_labels: 1
[weaviate] Start loading data with 991000 data...
[weaviate] load data with batch size: 1000
[weaviate] load AggregateReturn(properties={}, total_count=991000) data successfully!!!
[weaviate] client.collections.list_all(simple=False): {'Test_weaviate': _CollectionConfig(name='Test_weaviate', description=None, generative_config=None, inverted_index_config=_InvertedIndexConfig(bm25=_BM25Config(b=0.75, k1=1.2), cleanup_interval_seconds=60, index_null_state=False, index_property_length=False, index_timestamps=False, stopwords=_StopwordsConfig(preset=<StopwordsPreset.EN: 'en'>, additions=None, removals=None)), multi_tenancy_config=_MultiTenancyConfig(enabled=False, auto_tenant_creation=False, auto_tenant_activation=False), properties=[_Property(name='attribute', description=None, data_type=<DataType.INT: 'int'>, index_filterable=True, index_range_filters=False, index_searchable=False, nested_properties=None, tokenization=None, vectorizer_config=None, vectorizer='none')], references=[], replication_config=_ReplicationConfig(factor=1, async_enabled=False), reranker_config=None, sharding_config=_ShardingConfig(virtual_per_physical=128, desired_count=1, actual_count=1, desired_virtual_count=128, actual_virtual_count=128, key='_id', strategy='hash', function='murmur3'), vector_index_config=_VectorIndexConfigHNSW(quantizer=None, cleanup_interval_seconds=300, distance_metric=<VectorDistances.L2_SQUARED: 'l2-squared'>, dynamic_ef_min=100, dynamic_ef_max=500, dynamic_ef_factor=8, ef=-1, ef_construction=100, flat_search_cutoff=40000, max_connections=32, skip=False, vector_cache_max_objects=1000000000000), vector_index_type=<VectorIndexType.HNSW: 'hnsw'>, vectorizer_config=None, vectorizer=<Vectorizers.NONE: 'none'>, vector_config=None)}
Inserted data in 151.97665238380432
Memory usage:  5714724.0
Built index in  10.04366159439087
Index size:  1184.0
Running query argument group 1 of 5...
[weaviate] set_query_arguments: 100
[weaviate] Collection Config: _CollectionConfig(name='Test_weaviate', description=None, generative_config=None, inverted_index_config=_InvertedIndexConfig(bm25=_BM25Config(b=0.75, k1=1.2), cleanup_interval_seconds=60, index_null_state=False, index_property_length=False, index_timestamps=False, stopwords=_StopwordsConfig(preset=<StopwordsPreset.EN: 'en'>, additions=None, removals=None)), multi_tenancy_config=_MultiTenancyConfig(enabled=False, auto_tenant_creation=False, auto_tenant_activation=False), properties=[_Property(name='attribute', description=None, data_type=<DataType.INT: 'int'>, index_filterable=True, index_range_filters=False, index_searchable=False, nested_properties=None, tokenization=None, vectorizer_config=None, vectorizer='none')], references=[], replication_config=_ReplicationConfig(factor=1, async_enabled=False), reranker_config=None, sharding_config=_ShardingConfig(virtual_per_physical=128, desired_count=1, actual_count=1, desired_virtual_count=128, actual_virtual_count=128, key='_id', strategy='hash', function='murmur3'), vector_index_config=_VectorIndexConfigHNSW(quantizer=None, cleanup_interval_seconds=300, distance_metric=<VectorDistances.L2_SQUARED: 'l2-squared'>, dynamic_ef_min=100, dynamic_ef_max=500, dynamic_ef_factor=8, ef=100, ef_construction=100, flat_search_cutoff=40000, max_connections=32, skip=False, vector_cache_max_objects=1000000000000), vector_index_type=<VectorIndexType.HNSW: 'hnsw'>, vectorizer_config=None, vectorizer=<Vectorizers.NONE: 'none'>, vector_config=None)
Run 1/1...
Warmup round 1/2...
Processed 1000/10000 queries...
Warmup round 2/2...
Processed 2000/10000 queries...
Processed 3000/10000 queries...
Processed 4000/10000 queries...
Processed 5000/10000 queries...
Processed 6000/10000 queries...
Processed 7000/10000 queries...
Processed 8000/10000 queries...
Processed 9000/10000 queries...
Processed 10000/10000 queries...
Processed 11000/10000 queries...
Processed 12000/10000 queries...
Running query argument group 2 of 5...
[weaviate] set_query_arguments: 200
[weaviate] Collection Config: _CollectionConfig(name='Test_weaviate', description=None, generative_config=None, inverted_index_config=_InvertedIndexConfig(bm25=_BM25Config(b=0.75, k1=1.2), cleanup_interval_seconds=60, index_null_state=False, index_property_length=False, index_timestamps=False, stopwords=_StopwordsConfig(preset=<StopwordsPreset.EN: 'en'>, additions=None, removals=None)), multi_tenancy_config=_MultiTenancyConfig(enabled=False, auto_tenant_creation=False, auto_tenant_activation=False), properties=[_Property(name='attribute', description=None, data_type=<DataType.INT: 'int'>, index_filterable=True, index_range_filters=False, index_searchable=False, nested_properties=None, tokenization=None, vectorizer_config=None, vectorizer='none')], references=[], replication_config=_ReplicationConfig(factor=1, async_enabled=False), reranker_config=None, sharding_config=_ShardingConfig(virtual_per_physical=128, desired_count=1, actual_count=1, desired_virtual_count=128, actual_virtual_count=128, key='_id', strategy='hash', function='murmur3'), vector_index_config=_VectorIndexConfigHNSW(quantizer=None, cleanup_interval_seconds=300, distance_metric=<VectorDistances.L2_SQUARED: 'l2-squared'>, dynamic_ef_min=100, dynamic_ef_max=500, dynamic_ef_factor=8, ef=200, ef_construction=100, flat_search_cutoff=40000, max_connections=32, skip=False, vector_cache_max_objects=1000000000000), vector_index_type=<VectorIndexType.HNSW: 'hnsw'>, vectorizer_config=None, vectorizer=<Vectorizers.NONE: 'none'>, vector_config=None)
Run 1/1...
Warmup round 1/2...
Processed 1000/10000 queries...
Warmup round 2/2...
Processed 2000/10000 queries...
Processed 3000/10000 queries...
Processed 4000/10000 queries...
Processed 5000/10000 queries...
Processed 6000/10000 queries...
Processed 7000/10000 queries...
Processed 8000/10000 queries...
Processed 9000/10000 queries...
Processed 10000/10000 queries...
Processed 11000/10000 queries...
Processed 12000/10000 queries...
Running query argument group 3 of 5...
[weaviate] set_query_arguments: 400
[weaviate] Collection Config: _CollectionConfig(name='Test_weaviate', description=None, generative_config=None, inverted_index_config=_InvertedIndexConfig(bm25=_BM25Config(b=0.75, k1=1.2), cleanup_interval_seconds=60, index_null_state=False, index_property_length=False, index_timestamps=False, stopwords=_StopwordsConfig(preset=<StopwordsPreset.EN: 'en'>, additions=None, removals=None)), multi_tenancy_config=_MultiTenancyConfig(enabled=False, auto_tenant_creation=False, auto_tenant_activation=False), properties=[_Property(name='attribute', description=None, data_type=<DataType.INT: 'int'>, index_filterable=True, index_range_filters=False, index_searchable=False, nested_properties=None, tokenization=None, vectorizer_config=None, vectorizer='none')], references=[], replication_config=_ReplicationConfig(factor=1, async_enabled=False), reranker_config=None, sharding_config=_ShardingConfig(virtual_per_physical=128, desired_count=1, actual_count=1, desired_virtual_count=128, actual_virtual_count=128, key='_id', strategy='hash', function='murmur3'), vector_index_config=_VectorIndexConfigHNSW(quantizer=None, cleanup_interval_seconds=300, distance_metric=<VectorDistances.L2_SQUARED: 'l2-squared'>, dynamic_ef_min=100, dynamic_ef_max=500, dynamic_ef_factor=8, ef=400, ef_construction=100, flat_search_cutoff=40000, max_connections=32, skip=False, vector_cache_max_objects=1000000000000), vector_index_type=<VectorIndexType.HNSW: 'hnsw'>, vectorizer_config=None, vectorizer=<Vectorizers.NONE: 'none'>, vector_config=None)
Run 1/1...
Warmup round 1/2...
Processed 1000/10000 queries...
Warmup round 2/2...
Processed 2000/10000 queries...
Processed 3000/10000 queries...
Processed 4000/10000 queries...
Processed 5000/10000 queries...
Processed 6000/10000 queries...
Processed 7000/10000 queries...
Processed 8000/10000 queries...
Processed 9000/10000 queries...
Processed 10000/10000 queries...
Processed 11000/10000 queries...
Processed 12000/10000 queries...
Running query argument group 4 of 5...
[weaviate] set_query_arguments: 800
[weaviate] Collection Config: _CollectionConfig(name='Test_weaviate', description=None, generative_config=None, inverted_index_config=_InvertedIndexConfig(bm25=_BM25Config(b=0.75, k1=1.2), cleanup_interval_seconds=60, index_null_state=False, index_property_length=False, index_timestamps=False, stopwords=_StopwordsConfig(preset=<StopwordsPreset.EN: 'en'>, additions=None, removals=None)), multi_tenancy_config=_MultiTenancyConfig(enabled=False, auto_tenant_creation=False, auto_tenant_activation=False), properties=[_Property(name='attribute', description=None, data_type=<DataType.INT: 'int'>, index_filterable=True, index_range_filters=False, index_searchable=False, nested_properties=None, tokenization=None, vectorizer_config=None, vectorizer='none')], references=[], replication_config=_ReplicationConfig(factor=1, async_enabled=False), reranker_config=None, sharding_config=_ShardingConfig(virtual_per_physical=128, desired_count=1, actual_count=1, desired_virtual_count=128, actual_virtual_count=128, key='_id', strategy='hash', function='murmur3'), vector_index_config=_VectorIndexConfigHNSW(quantizer=None, cleanup_interval_seconds=300, distance_metric=<VectorDistances.L2_SQUARED: 'l2-squared'>, dynamic_ef_min=100, dynamic_ef_max=500, dynamic_ef_factor=8, ef=800, ef_construction=100, flat_search_cutoff=40000, max_connections=32, skip=False, vector_cache_max_objects=1000000000000), vector_index_type=<VectorIndexType.HNSW: 'hnsw'>, vectorizer_config=None, vectorizer=<Vectorizers.NONE: 'none'>, vector_config=None)
Run 1/1...
Warmup round 1/2...
Processed 1000/10000 queries...
Warmup round 2/2...
Processed 2000/10000 queries...
Processed 3000/10000 queries...
Processed 4000/10000 queries...
Processed 5000/10000 queries...
Processed 6000/10000 queries...
Processed 7000/10000 queries...
Processed 8000/10000 queries...
Processed 9000/10000 queries...
Processed 10000/10000 queries...
Processed 11000/10000 queries...
Processed 12000/10000 queries...
Running query argument group 5 of 5...
[weaviate] set_query_arguments: 1600
[weaviate] Collection Config: _CollectionConfig(name='Test_weaviate', description=None, generative_config=None, inverted_index_config=_InvertedIndexConfig(bm25=_BM25Config(b=0.75, k1=1.2), cleanup_interval_seconds=60, index_null_state=False, index_property_length=False, index_timestamps=False, stopwords=_StopwordsConfig(preset=<StopwordsPreset.EN: 'en'>, additions=None, removals=None)), multi_tenancy_config=_MultiTenancyConfig(enabled=False, auto_tenant_creation=False, auto_tenant_activation=False), properties=[_Property(name='attribute', description=None, data_type=<DataType.INT: 'int'>, index_filterable=True, index_range_filters=False, index_searchable=False, nested_properties=None, tokenization=None, vectorizer_config=None, vectorizer='none')], references=[], replication_config=_ReplicationConfig(factor=1, async_enabled=False), reranker_config=None, sharding_config=_ShardingConfig(virtual_per_physical=128, desired_count=1, actual_count=1, desired_virtual_count=128, actual_virtual_count=128, key='_id', strategy='hash', function='murmur3'), vector_index_config=_VectorIndexConfigHNSW(quantizer=None, cleanup_interval_seconds=300, distance_metric=<VectorDistances.L2_SQUARED: 'l2-squared'>, dynamic_ef_min=100, dynamic_ef_max=500, dynamic_ef_factor=8, ef=1600, ef_construction=100, flat_search_cutoff=40000, max_connections=32, skip=False, vector_cache_max_objects=1000000000000), vector_index_type=<VectorIndexType.HNSW: 'hnsw'>, vectorizer_config=None, vectorizer=<Vectorizers.NONE: 'none'>, vector_config=None)
Run 1/1...
Warmup round 1/2...
Processed 1000/10000 queries...
Warmup round 2/2...
Processed 2000/10000 queries...
Processed 3000/10000 queries...
Processed 4000/10000 queries...
Processed 5000/10000 queries...
Processed 6000/10000 queries...
Processed 7000/10000 queries...
Processed 8000/10000 queries...
Processed 9000/10000 queries...
Processed 10000/10000 queries...
Processed 11000/10000 queries...
Processed 12000/10000 queries...
Processed 0/10000 inserts...
Processed 1000/10000 inserts...
Processed 2000/10000 inserts...
 Container weaviate-weaviate-1  Stopping
 Container weaviate-weaviate-1  Stopped
 Container weaviate-weaviate-1  Removing
 Container weaviate-weaviate-1  Removed
 Network weaviate_default  Removing
 Network weaviate_default  Removed
 Network weaviate_default  Creating
 Network weaviate_default  Created
 Container weaviate-weaviate-1  Creating
 Container weaviate-weaviate-1  Created
 Container weaviate-weaviate-1  Starting
 Container weaviate-weaviate-1  Started
<remote_artifact> DeprecationWarning: Dep005: You are using weaviate-client version 4.7.1. The latest version is 4.23.0.
            Consider upgrading to the latest version. See https://weaviate.io/developers/weaviate/client-libraries/python for details.
  warnings.warn(
<remote_artifact> DeprecationWarning: __array__ implementation doesn't accept a copy keyword, so passing copy=False failed. __array__ must implement 'dtype' and 'copy' keyword arguments. To learn more, see the migration guide https://numpy.org/devdocs/numpy_2_0_migration_guide.html#adapting-to-changes-in-the-copy-keyword
  X_train = np.array(D["train_vec"])
<remote_artifact> DeprecationWarning: __array__ implementation doesn't accept a copy keyword, so passing copy=False failed. __array__ must implement 'dtype' and 'copy' keyword arguments. To learn more, see the migration guide https://numpy.org/devdocs/numpy_2_0_migration_guide.html#adapting-to-changes-in-the-copy-keyword
  X_train_label = np.array(D["train_label"])
<remote_artifact> DeprecationWarning: __array__ implementation doesn't accept a copy keyword, so passing copy=False failed. __array__ must implement 'dtype' and 'copy' keyword arguments. To learn more, see the migration guide https://numpy.org/devdocs/numpy_2_0_migration_guide.html#adapting-to-changes-in-the-copy-keyword
  X_test = np.array(D["test_vec"])
<remote_artifact> DeprecationWarning: __array__ implementation doesn't accept a copy keyword, so passing copy=False failed. __array__ must implement 'dtype' and 'copy' keyword arguments. To learn more, see the migration guide https://numpy.org/devdocs/numpy_2_0_migration_guide.html#adapting-to-changes-in-the-copy-keyword
  X_test_label = np.array(D["test_label"])
<remote_artifact> PydanticDeprecatedSince211: Accessing the 'model_fields' attribute on the instance is deprecated. Instead, you should access this attribute from the model class. Deprecated in Pydantic V2.11 to be removed in V3.0.
  for cls_field in self.model_fields:
<remote_artifact> PydanticDeprecatedSince211: Accessing the 'model_fields' attribute on the instance is deprecated. Instead, you should access this attribute from the model class. Deprecated in Pydantic V2.11 to be removed in V3.0.
  for cls_field in self.model_fields:
Processed 3000/10000 inserts...
Processed 4000/10000 inserts...
Processed 5000/10000 inserts...
Processed 6000/10000 inserts...
Processed 7000/10000 inserts...
Processed 8000/10000 inserts...
Processed 9000/10000 inserts...
Processed 0/10000 updates...
Processed 1000/10000 updates...
Processed 2000/10000 updates...
Processed 3000/10000 updates...
Processed 4000/10000 updates...
Processed 5000/10000 updates...
Processed 6000/10000 updates...
Processed 7000/10000 updates...
Processed 8000/10000 updates...
Processed 9000/10000 updates...
Processed 0/10000 deletes...
Processed 1000/10000 deletes...
Processed 2000/10000 deletes...
Processed 3000/10000 deletes...
Processed 4000/10000 deletes...
Processed 5000/10000 deletes...
Processed 6000/10000 deletes...
Processed 7000/10000 deletes...
Processed 8000/10000 deletes...
Processed 9000/10000 deletes...
[weaviate] docker compose down successfully!!!
Trying to instantiate bigvectorbench.algorithms.weaviate.WeaviateHNSW(['euclidean', {'M': 32, 'efConstruction': 400}])
[weaviate] docker compose up successfully!!!
Dataset type: filter-ann
Distance metric: euclidean
Got a train set of size               (991000 * 256) with 1 labels
label names: ['attribute']
label types: ['int32']
filter expression function: def filter_expr(attribute_low, attribute_high): return f'attribute >= {attribute_low} and attribute <= {attribute_high}'
Got 10000 queries
[weaviate] num_labels: 1
[weaviate] Start loading data with 991000 data...
[weaviate] load data with batch size: 1000
[weaviate] load AggregateReturn(properties={}, total_count=991000) data successfully!!!
[weaviate] client.collections.list_all(simple=False): {'Test_weaviate': _CollectionConfig(name='Test_weaviate', description=None, generative_config=None, inverted_index_config=_InvertedIndexConfig(bm25=_BM25Config(b=0.75, k1=1.2), cleanup_interval_seconds=60, index_null_state=False, index_property_length=False, index_timestamps=False, stopwords=_StopwordsConfig(preset=<StopwordsPreset.EN: 'en'>, additions=None, removals=None)), multi_tenancy_config=_MultiTenancyConfig(enabled=False, auto_tenant_creation=False, auto_tenant_activation=False), properties=[_Property(name='attribute', description=None, data_type=<DataType.INT: 'int'>, index_filterable=True, index_range_filters=False, index_searchable=False, nested_properties=None, tokenization=None, vectorizer_config=None, vectorizer='none')], references=[], replication_config=_ReplicationConfig(factor=1, async_enabled=False), reranker_config=None, sharding_config=_ShardingConfig(virtual_per_physical=128, desired_count=1, actual_count=1, desired_virtual_count=128, actual_virtual_count=128, key='_id', strategy='hash', function='murmur3'), vector_index_config=_VectorIndexConfigHNSW(quantizer=None, cleanup_interval_seconds=300, distance_metric=<VectorDistances.L2_SQUARED: 'l2-squared'>, dynamic_ef_min=100, dynamic_ef_max=500, dynamic_ef_factor=8, ef=-1, ef_construction=400, flat_search_cutoff=40000, max_connections=32, skip=False, vector_cache_max_objects=1000000000000), vector_index_type=<VectorIndexType.HNSW: 'hnsw'>, vectorizer_config=None, vectorizer=<Vectorizers.NONE: 'none'>, vector_config=None)}
Inserted data in 275.6049828529358
Memory usage:  6589084.0
Built index in  10.042943716049194
Index size:  -1459660.0
Running query argument group 1 of 5...
[weaviate] set_query_arguments: 100
[weaviate] Collection Config: _CollectionConfig(name='Test_weaviate', description=None, generative_config=None, inverted_index_config=_InvertedIndexConfig(bm25=_BM25Config(b=0.75, k1=1.2), cleanup_interval_seconds=60, index_null_state=False, index_property_length=False, index_timestamps=False, stopwords=_StopwordsConfig(preset=<StopwordsPreset.EN: 'en'>, additions=None, removals=None)), multi_tenancy_config=_MultiTenancyConfig(enabled=False, auto_tenant_creation=False, auto_tenant_activation=False), properties=[_Property(name='attribute', description=None, data_type=<DataType.INT: 'int'>, index_filterable=True, index_range_filters=False, index_searchable=False, nested_properties=None, tokenization=None, vectorizer_config=None, vectorizer='none')], references=[], replication_config=_ReplicationConfig(factor=1, async_enabled=False), reranker_config=None, sharding_config=_ShardingConfig(virtual_per_physical=128, desired_count=1, actual_count=1, desired_virtual_count=128, actual_virtual_count=128, key='_id', strategy='hash', function='murmur3'), vector_index_config=_VectorIndexConfigHNSW(quantizer=None, cleanup_interval_seconds=300, distance_metric=<VectorDistances.L2_SQUARED: 'l2-squared'>, dynamic_ef_min=100, dynamic_ef_max=500, dynamic_ef_factor=8, ef=100, ef_construction=400, flat_search_cutoff=40000, max_connections=32, skip=False, vector_cache_max_objects=1000000000000), vector_index_type=<VectorIndexType.HNSW: 'hnsw'>, vectorizer_config=None, vectorizer=<Vectorizers.NONE: 'none'>, vector_config=None)
Run 1/1...
Warmup round 1/2...
Processed 1000/10000 queries...
Warmup round 2/2...
Processed 2000/10000 queries...
Processed 3000/10000 queries...
Processed 4000/10000 queries...
Processed 5000/10000 queries...
Processed 6000/10000 queries...
Processed 7000/10000 queries...
Processed 8000/10000 queries...
Processed 9000/10000 queries...
Processed 10000/10000 queries...
Processed 11000/10000 queries...
Processed 12000/10000 queries...
Running query argument group 2 of 5...
[weaviate] set_query_arguments: 200
[weaviate] Collection Config: _CollectionConfig(name='Test_weaviate', description=None, generative_config=None, inverted_index_config=_InvertedIndexConfig(bm25=_BM25Config(b=0.75, k1=1.2), cleanup_interval_seconds=60, index_null_state=False, index_property_length=False, index_timestamps=False, stopwords=_StopwordsConfig(preset=<StopwordsPreset.EN: 'en'>, additions=None, removals=None)), multi_tenancy_config=_MultiTenancyConfig(enabled=False, auto_tenant_creation=False, auto_tenant_activation=False), properties=[_Property(name='attribute', description=None, data_type=<DataType.INT: 'int'>, index_filterable=True, index_range_filters=False, index_searchable=False, nested_properties=None, tokenization=None, vectorizer_config=None, vectorizer='none')], references=[], replication_config=_ReplicationConfig(factor=1, async_enabled=False), reranker_config=None, sharding_config=_ShardingConfig(virtual_per_physical=128, desired_count=1, actual_count=1, desired_virtual_count=128, actual_virtual_count=128, key='_id', strategy='hash', function='murmur3'), vector_index_config=_VectorIndexConfigHNSW(quantizer=None, cleanup_interval_seconds=300, distance_metric=<VectorDistances.L2_SQUARED: 'l2-squared'>, dynamic_ef_min=100, dynamic_ef_max=500, dynamic_ef_factor=8, ef=200, ef_construction=400, flat_search_cutoff=40000, max_connections=32, skip=False, vector_cache_max_objects=1000000000000), vector_index_type=<VectorIndexType.HNSW: 'hnsw'>, vectorizer_config=None, vectorizer=<Vectorizers.NONE: 'none'>, vector_config=None)
Run 1/1...
Warmup round 1/2...
Processed 1000/10000 queries...
Warmup round 2/2...
Processed 2000/10000 queries...
Processed 3000/10000 queries...
Processed 4000/10000 queries...
Processed 5000/10000 queries...
Processed 6000/10000 queries...
Processed 7000/10000 queries...
Processed 8000/10000 queries...
Processed 9000/10000 queries...
Processed 10000/10000 queries...
Processed 11000/10000 queries...
Processed 12000/10000 queries...
Running query argument group 3 of 5...
[weaviate] set_query_arguments: 400
 Container weaviate-weaviate-1  Stopping
 Container weaviate-weaviate-1  Stopped
 Container weaviate-weaviate-1  Removing
 Container weaviate-weaviate-1  Removed
 Network weaviate_default  Removing
 Network weaviate_default  Removed
 Network weaviate_default  Creating
 Network weaviate_default  Created
 Container weaviate-weaviate-1  Creating
 Container weaviate-weaviate-1  Created
 Container weaviate-weaviate-1  Starting
 Container weaviate-weaviate-1  Started
<remote_artifact> DeprecationWarning: Dep005: You are using weaviate-client version 4.7.1. The latest version is 4.23.0.
            Consider upgrading to the latest version. See https://weaviate.io/developers/weaviate/client-libraries/python for details.
  warnings.warn(
<remote_artifact> DeprecationWarning: __array__ implementation doesn't accept a copy keyword, so passing copy=False failed. __array__ must implement 'dtype' and 'copy' keyword arguments. To learn more, see the migration guide https://numpy.org/devdocs/numpy_2_0_migration_guide.html#adapting-to-changes-in-the-copy-keyword
  X_train = np.array(D["train_vec"])
<remote_artifact> DeprecationWarning: __array__ implementation doesn't accept a copy keyword, so passing copy=False failed. __array__ must implement 'dtype' and 'copy' keyword arguments. To learn more, see the migration guide https://numpy.org/devdocs/numpy_2_0_migration_guide.html#adapting-to-changes-in-the-copy-keyword
  X_train_label = np.array(D["train_label"])
<remote_artifact> DeprecationWarning: __array__ implementation doesn't accept a copy keyword, so passing copy=False failed. __array__ must implement 'dtype' and 'copy' keyword arguments. To learn more, see the migration guide https://numpy.org/devdocs/numpy_2_0_migration_guide.html#adapting-to-changes-in-the-copy-keyword
  X_test = np.array(D["test_vec"])
<remote_artifact> DeprecationWarning: __array__ implementation doesn't accept a copy keyword, so passing copy=False failed. __array__ must implement 'dtype' and 'copy' keyword arguments. To learn more, see the migration guide https://numpy.org/devdocs/numpy_2_0_migration_guide.html#adapting-to-changes-in-the-copy-keyword
  X_test_label = np.array(D["test_label"])
<remote_artifact> PydanticDeprecatedSince211: Accessing the 'model_fields' attribute on the instance is deprecated. Instead, you should access this attribute from the model class. Deprecated in Pydantic V2.11 to be removed in V3.0.
  for cls_field in self.model_fields:
[weaviate] Collection Config: _CollectionConfig(name='Test_weaviate', description=None, generative_config=None, inverted_index_config=_InvertedIndexConfig(bm25=_BM25Config(b=0.75, k1=1.2), cleanup_interval_seconds=60, index_null_state=False, index_property_length=False, index_timestamps=False, stopwords=_StopwordsConfig(preset=<StopwordsPreset.EN: 'en'>, additions=None, removals=None)), multi_tenancy_config=_MultiTenancyConfig(enabled=False, auto_tenant_creation=False, auto_tenant_activation=False), properties=[_Property(name='attribute', description=None, data_type=<DataType.INT: 'int'>, index_filterable=True, index_range_filters=False, index_searchable=False, nested_properties=None, tokenization=None, vectorizer_config=None, vectorizer='none')], references=[], replication_config=_ReplicationConfig(factor=1, async_enabled=False), reranker_config=None, sharding_config=_ShardingConfig(virtual_per_physical=128, desired_count=1, actual_count=1, desired_virtual_count=128, actual_virtual_count=128, key='_id', strategy='hash', function='murmur3'), vector_index_config=_VectorIndexConfigHNSW(quantizer=None, cleanup_interval_seconds=300, distance_metric=<VectorDistances.L2_SQUARED: 'l2-squared'>, dynamic_ef_min=100, dynamic_ef_max=500, dynamic_ef_factor=8, ef=400, ef_construction=400, flat_search_cutoff=40000, max_connections=32, skip=False, vector_cache_max_objects=1000000000000), vector_index_type=<VectorIndexType.HNSW: 'hnsw'>, vectorizer_config=None, vectorizer=<Vectorizers.NONE: 'none'>, vector_config=None)
Run 1/1...
Warmup round 1/2...
Processed 1000/10000 queries...
Warmup round 2/2...
Processed 2000/10000 queries...
Processed 3000/10000 queries...
Processed 4000/10000 queries...
Processed 5000/10000 queries...
Processed 6000/10000 queries...
Processed 7000/10000 queries...
Processed 8000/10000 queries...
Processed 9000/10000 queries...
Processed 10000/10000 queries...
Processed 11000/10000 queries...
Processed 12000/10000 queries...
Running query argument group 4 of 5...
[weaviate] set_query_arguments: 800
[weaviate] Collection Config: _CollectionConfig(name='Test_weaviate', description=None, generative_config=None, inverted_index_config=_InvertedIndexConfig(bm25=_BM25Config(b=0.75, k1=1.2), cleanup_interval_seconds=60, index_null_state=False, index_property_length=False, index_timestamps=False, stopwords=_StopwordsConfig(preset=<StopwordsPreset.EN: 'en'>, additions=None, removals=None)), multi_tenancy_config=_MultiTenancyConfig(enabled=False, auto_tenant_creation=False, auto_tenant_activation=False), properties=[_Property(name='attribute', description=None, data_type=<DataType.INT: 'int'>, index_filterable=True, index_range_filters=False, index_searchable=False, nested_properties=None, tokenization=None, vectorizer_config=None, vectorizer='none')], references=[], replication_config=_ReplicationConfig(factor=1, async_enabled=False), reranker_config=None, sharding_config=_ShardingConfig(virtual_per_physical=128, desired_count=1, actual_count=1, desired_virtual_count=128, actual_virtual_count=128, key='_id', strategy='hash', function='murmur3'), vector_index_config=_VectorIndexConfigHNSW(quantizer=None, cleanup_interval_seconds=300, distance_metric=<VectorDistances.L2_SQUARED: 'l2-squared'>, dynamic_ef_min=100, dynamic_ef_max=500, dynamic_ef_factor=8, ef=800, ef_construction=400, flat_search_cutoff=40000, max_connections=32, skip=False, vector_cache_max_objects=1000000000000), vector_index_type=<VectorIndexType.HNSW: 'hnsw'>, vectorizer_config=None, vectorizer=<Vectorizers.NONE: 'none'>, vector_config=None)
Run 1/1...
Warmup round 1/2...
Processed 1000/10000 queries...
Warmup round 2/2...
Processed 2000/10000 queries...
Processed 3000/10000 queries...
Processed 4000/10000 queries...
Processed 5000/10000 queries...
Processed 6000/10000 queries...
Processed 7000/10000 queries...
Processed 8000/10000 queries...
Processed 9000/10000 queries...
Processed 10000/10000 queries...
Processed 11000/10000 queries...
Processed 12000/10000 queries...
Running query argument group 5 of 5...
[weaviate] set_query_arguments: 1600
[weaviate] Collection Config: _CollectionConfig(name='Test_weaviate', description=None, generative_config=None, inverted_index_config=_InvertedIndexConfig(bm25=_BM25Config(b=0.75, k1=1.2), cleanup_interval_seconds=60, index_null_state=False, index_property_length=False, index_timestamps=False, stopwords=_StopwordsConfig(preset=<StopwordsPreset.EN: 'en'>, additions=None, removals=None)), multi_tenancy_config=_MultiTenancyConfig(enabled=False, auto_tenant_creation=False, auto_tenant_activation=False), properties=[_Property(name='attribute', description=None, data_type=<DataType.INT: 'int'>, index_filterable=True, index_range_filters=False, index_searchable=False, nested_properties=None, tokenization=None, vectorizer_config=None, vectorizer='none')], references=[], replication_config=_ReplicationConfig(factor=1, async_enabled=False), reranker_config=None, sharding_config=_ShardingConfig(virtual_per_physical=128, desired_count=1, actual_count=1, desired_virtual_count=128, actual_virtual_count=128, key='_id', strategy='hash', function='murmur3'), vector_index_config=_VectorIndexConfigHNSW(quantizer=None, cleanup_interval_seconds=300, distance_metric=<VectorDistances.L2_SQUARED: 'l2-squared'>, dynamic_ef_min=100, dynamic_ef_max=500, dynamic_ef_factor=8, ef=1600, ef_construction=400, flat_search_cutoff=40000, max_connections=32, skip=False, vector_cache_max_objects=1000000000000), vector_index_type=<VectorIndexType.HNSW: 'hnsw'>, vectorizer_config=None, vectorizer=<Vectorizers.NONE: 'none'>, vector_config=None)
Run 1/1...
Warmup round 1/2...
Processed 1000/10000 queries...
Warmup round 2/2...
Processed 2000/10000 queries...
Processed 3000/10000 queries...
Processed 4000/10000 queries...
Processed 5000/10000 queries...
Processed 6000/10000 queries...
Processed 7000/10000 queries...
Processed 8000/10000 queries...
Processed 9000/10000 queries...
Processed 10000/10000 queries...
Processed 11000/10000 queries...
Processed 12000/10000 queries...
Processed 0/10000 inserts...
Processed 1000/10000 inserts...
Processed 2000/10000 inserts...
Processed 3000/10000 inserts...
Processed 4000/10000 inserts...
Processed 5000/10000 inserts...
Processed 6000/10000 inserts...
Processed 7000/10000 inserts...
Processed 8000/10000 inserts...
Processed 9000/10000 inserts...
Processed 0/10000 updates...
Processed 1000/10000 updates...
Processed 2000/10000 updates...
Processed 3000/10000 updates...
Processed 4000/10000 updates...
Processed 5000/10000 updates...
Processed 6000/10000 updates...
Processed 7000/10000 updates...
Processed 8000/10000 updates...
Processed 9000/10000 updates...
Processed 0/10000 deletes...
Processed 1000/10000 deletes...
Processed 2000/10000 deletes...
Processed 3000/10000 deletes...
Processed 4000/10000 deletes...
Processed 5000/10000 deletes...
Processed 6000/10000 deletes...
Processed 7000/10000 deletes...
Processed 8000/10000 deletes...
Processed 9000/10000 deletes...
[weaviate] docker compose down successfully!!!
Trying to instantiate bigvectorbench.algorithms.weaviate.WeaviateHNSW(['euclidean', {'M': 64, 'efConstruction': 100}])
[weaviate] docker compose up successfully!!!
Dataset type: filter-ann
Distance metric: euclidean
Got a train set of size               (991000 * 256) with 1 labels
label names: ['attribute']
label types: ['int32']
filter expression function: def filter_expr(attribute_low, attribute_high): return f'attribute >= {attribute_low} and attribute <= {attribute_high}'
Got 10000 queries
[weaviate] num_labels: 1
[weaviate] Start loading data with 991000 data...
[weaviate] load data with batch size: 1000
[weaviate] load AggregateReturn(properties={}, total_count=991000) data successfully!!!
<remote_artifact> PydanticDeprecatedSince211: Accessing the 'model_fields' attribute on the instance is deprecated. Instead, you should access this attribute from the model class. Deprecated in Pydantic V2.11 to be removed in V3.0.
  for cls_field in self.model_fields:
[weaviate] client.collections.list_all(simple=False): {'Test_weaviate': _CollectionConfig(name='Test_weaviate', description=None, generative_config=None, inverted_index_config=_InvertedIndexConfig(bm25=_BM25Config(b=0.75, k1=1.2), cleanup_interval_seconds=60, index_null_state=False, index_property_length=False, index_timestamps=False, stopwords=_StopwordsConfig(preset=<StopwordsPreset.EN: 'en'>, additions=None, removals=None)), multi_tenancy_config=_MultiTenancyConfig(enabled=False, auto_tenant_creation=False, auto_tenant_activation=False), properties=[_Property(name='attribute', description=None, data_type=<DataType.INT: 'int'>, index_filterable=True, index_range_filters=False, index_searchable=False, nested_properties=None, tokenization=None, vectorizer_config=None, vectorizer='none')], references=[], replication_config=_ReplicationConfig(factor=1, async_enabled=False), reranker_config=None, sharding_config=_ShardingConfig(virtual_per_physical=128, desired_count=1, actual_count=1, desired_virtual_count=128, actual_virtual_count=128, key='_id', strategy='hash', function='murmur3'), vector_index_config=_VectorIndexConfigHNSW(quantizer=None, cleanup_interval_seconds=300, distance_metric=<VectorDistances.L2_SQUARED: 'l2-squared'>, dynamic_ef_min=100, dynamic_ef_max=500, dynamic_ef_factor=8, ef=-1, ef_construction=100, flat_search_cutoff=40000, max_connections=64, skip=False, vector_cache_max_objects=1000000000000), vector_index_type=<VectorIndexType.HNSW: 'hnsw'>, vectorizer_config=None, vectorizer=<Vectorizers.NONE: 'none'>, vector_config=None)}
Inserted data in 160.53061389923096
Memory usage:  6684600.0
Built index in  16.06521463394165
Index size:  -709772.0
Running query argument group 1 of 5...
[weaviate] set_query_arguments: 100
[weaviate] Collection Config: _CollectionConfig(name='Test_weaviate', description=None, generative_config=None, inverted_index_config=_InvertedIndexConfig(bm25=_BM25Config(b=0.75, k1=1.2), cleanup_interval_seconds=60, index_null_state=False, index_property_length=False, index_timestamps=False, stopwords=_StopwordsConfig(preset=<StopwordsPreset.EN: 'en'>, additions=None, removals=None)), multi_tenancy_config=_MultiTenancyConfig(enabled=False, auto_tenant_creation=False, auto_tenant_activation=False), properties=[_Property(name='attribute', description=None, data_type=<DataType.INT: 'int'>, index_filterable=True, index_range_filters=False, index_searchable=False, nested_properties=None, tokenization=None, vectorizer_config=None, vectorizer='none')], references=[], replication_config=_ReplicationConfig(factor=1, async_enabled=False), reranker_config=None, sharding_config=_ShardingConfig(virtual_per_physical=128, desired_count=1, actual_count=1, desired_virtual_count=128, actual_virtual_count=128, key='_id', strategy='hash', function='murmur3'), vector_index_config=_VectorIndexConfigHNSW(quantizer=None, cleanup_interval_seconds=300, distance_metric=<VectorDistances.L2_SQUARED: 'l2-squared'>, dynamic_ef_min=100, dynamic_ef_max=500, dynamic_ef_factor=8, ef=100, ef_construction=100, flat_search_cutoff=40000, max_connections=64, skip=False, vector_cache_max_objects=1000000000000), vector_index_type=<VectorIndexType.HNSW: 'hnsw'>, vectorizer_config=None, vectorizer=<Vectorizers.NONE: 'none'>, vector_config=None)
Run 1/1...
Warmup round 1/2...
Processed 1000/10000 queries...
Warmup round 2/2...
Processed 2000/10000 queries...
Processed 3000/10000 queries...
Processed 4000/10000 queries...
Processed 5000/10000 queries...
Processed 6000/10000 queries...
Processed 7000/10000 queries...
Processed 8000/10000 queries...
Processed 9000/10000 queries...
Processed 10000/10000 queries...
Processed 11000/10000 queries...
Processed 12000/10000 queries...
Running query argument group 2 of 5...
[weaviate] set_query_arguments: 200
[weaviate] Collection Config: _CollectionConfig(name='Test_weaviate', description=None, generative_config=None, inverted_index_config=_InvertedIndexConfig(bm25=_BM25Config(b=0.75, k1=1.2), cleanup_interval_seconds=60, index_null_state=False, index_property_length=False, index_timestamps=False, stopwords=_StopwordsConfig(preset=<StopwordsPreset.EN: 'en'>, additions=None, removals=None)), multi_tenancy_config=_MultiTenancyConfig(enabled=False, auto_tenant_creation=False, auto_tenant_activation=False), properties=[_Property(name='attribute', description=None, data_type=<DataType.INT: 'int'>, index_filterable=True, index_range_filters=False, index_searchable=False, nested_properties=None, tokenization=None, vectorizer_config=None, vectorizer='none')], references=[], replication_config=_ReplicationConfig(factor=1, async_enabled=False), reranker_config=None, sharding_config=_ShardingConfig(virtual_per_physical=128, desired_count=1, actual_count=1, desired_virtual_count=128, actual_virtual_count=128, key='_id', strategy='hash', function='murmur3'), vector_index_config=_VectorIndexConfigHNSW(quantizer=None, cleanup_interval_seconds=300, distance_metric=<VectorDistances.L2_SQUARED: 'l2-squared'>, dynamic_ef_min=100, dynamic_ef_max=500, dynamic_ef_factor=8, ef=200, ef_construction=100, flat_search_cutoff=40000, max_connections=64, skip=False, vector_cache_max_objects=1000000000000), vector_index_type=<VectorIndexType.HNSW: 'hnsw'>, vectorizer_config=None, vectorizer=<Vectorizers.NONE: 'none'>, vector_config=None)
Run 1/1...
Warmup round 1/2...
Processed 1000/10000 queries...
Warmup round 2/2...
Processed 2000/10000 queries...
Processed 3000/10000 queries...
Processed 4000/10000 queries...
Processed 5000/10000 queries...
Processed 6000/10000 queries...
Processed 7000/10000 queries...
Processed 8000/10000 queries...
Processed 9000/10000 queries...
Processed 10000/10000 queries...
Processed 11000/10000 queries...
Processed 12000/10000 queries...
Running query argument group 3 of 5...
[weaviate] set_query_arguments: 400
[weaviate] Collection Config: _CollectionConfig(name='Test_weaviate', description=None, generative_config=None, inverted_index_config=_InvertedIndexConfig(bm25=_BM25Config(b=0.75, k1=1.2), cleanup_interval_seconds=60, index_null_state=False, index_property_length=False, index_timestamps=False, stopwords=_StopwordsConfig(preset=<StopwordsPreset.EN: 'en'>, additions=None, removals=None)), multi_tenancy_config=_MultiTenancyConfig(enabled=False, auto_tenant_creation=False, auto_tenant_activation=False), properties=[_Property(name='attribute', description=None, data_type=<DataType.INT: 'int'>, index_filterable=True, index_range_filters=False, index_searchable=False, nested_properties=None, tokenization=None, vectorizer_config=None, vectorizer='none')], references=[], replication_config=_ReplicationConfig(factor=1, async_enabled=False), reranker_config=None, sharding_config=_ShardingConfig(virtual_per_physical=128, desired_count=1, actual_count=1, desired_virtual_count=128, actual_virtual_count=128, key='_id', strategy='hash', function='murmur3'), vector_index_config=_VectorIndexConfigHNSW(quantizer=None, cleanup_interval_seconds=300, distance_metric=<VectorDistances.L2_SQUARED: 'l2-squared'>, dynamic_ef_min=100, dynamic_ef_max=500, dynamic_ef_factor=8, ef=400, ef_construction=100, flat_search_cutoff=40000, max_connections=64, skip=False, vector_cache_max_objects=1000000000000), vector_index_type=<VectorIndexType.HNSW: 'hnsw'>, vectorizer_config=None, vectorizer=<Vectorizers.NONE: 'none'>, vector_config=None)
Run 1/1...
Warmup round 1/2...
Processed 1000/10000 queries...
Warmup round 2/2...
Processed 2000/10000 queries...
Processed 3000/10000 queries...
Processed 4000/10000 queries...
Processed 5000/10000 queries...
Processed 6000/10000 queries...
Processed 7000/10000 queries...
Processed 8000/10000 queries...
Processed 9000/10000 queries...
Processed 10000/10000 queries...
Processed 11000/10000 queries...
Processed 12000/10000 queries...
Running query argument group 4 of 5...
[weaviate] set_query_arguments: 800
 Container weaviate-weaviate-1  Stopping
 Container weaviate-weaviate-1  Stopped
 Container weaviate-weaviate-1  Removing
 Container weaviate-weaviate-1  Removed
 Network weaviate_default  Removing
 Network weaviate_default  Removed
[weaviate] Collection Config: _CollectionConfig(name='Test_weaviate', description=None, generative_config=None, inverted_index_config=_InvertedIndexConfig(bm25=_BM25Config(b=0.75, k1=1.2), cleanup_interval_seconds=60, index_null_state=False, index_property_length=False, index_timestamps=False, stopwords=_StopwordsConfig(preset=<StopwordsPreset.EN: 'en'>, additions=None, removals=None)), multi_tenancy_config=_MultiTenancyConfig(enabled=False, auto_tenant_creation=False, auto_tenant_activation=False), properties=[_Property(name='attribute', description=None, data_type=<DataType.INT: 'int'>, index_filterable=True, index_range_filters=False, index_searchable=False, nested_properties=None, tokenization=None, vectorizer_config=None, vectorizer='none')], references=[], replication_config=_ReplicationConfig(factor=1, async_enabled=False), reranker_config=None, sharding_config=_ShardingConfig(virtual_per_physical=128, desired_count=1, actual_count=1, desired_virtual_count=128, actual_virtual_count=128, key='_id', strategy='hash', function='murmur3'), vector_index_config=_VectorIndexConfigHNSW(quantizer=None, cleanup_interval_seconds=300, distance_metric=<VectorDistances.L2_SQUARED: 'l2-squared'>, dynamic_ef_min=100, dynamic_ef_max=500, dynamic_ef_factor=8, ef=800, ef_construction=100, flat_search_cutoff=40000, max_connections=64, skip=False, vector_cache_max_objects=1000000000000), vector_index_type=<VectorIndexType.HNSW: 'hnsw'>, vectorizer_config=None, vectorizer=<Vectorizers.NONE: 'none'>, vector_config=None)
Run 1/1...
Warmup round 1/2...
Processed 1000/10000 queries...
Warmup round 2/2...
Processed 2000/10000 queries...
Processed 3000/10000 queries...
Processed 4000/10000 queries...
Processed 5000/10000 queries...
Processed 6000/10000 queries...
Processed 7000/10000 queries...
Processed 8000/10000 queries...
Processed 9000/10000 queries...
Processed 10000/10000 queries...
Processed 11000/10000 queries...
Processed 12000/10000 queries...
Running query argument group 5 of 5...
[weaviate] set_query_arguments: 1600
[weaviate] Collection Config: _CollectionConfig(name='Test_weaviate', description=None, generative_config=None, inverted_index_config=_InvertedIndexConfig(bm25=_BM25Config(b=0.75, k1=1.2), cleanup_interval_seconds=60, index_null_state=False, index_property_length=False, index_timestamps=False, stopwords=_StopwordsConfig(preset=<StopwordsPreset.EN: 'en'>, additions=None, removals=None)), multi_tenancy_config=_MultiTenancyConfig(enabled=False, auto_tenant_creation=False, auto_tenant_activation=False), properties=[_Property(name='attribute', description=None, data_type=<DataType.INT: 'int'>, index_filterable=True, index_range_filters=False, index_searchable=False, nested_properties=None, tokenization=None, vectorizer_config=None, vectorizer='none')], references=[], replication_config=_ReplicationConfig(factor=1, async_enabled=False), reranker_config=None, sharding_config=_ShardingConfig(virtual_per_physical=128, desired_count=1, actual_count=1, desired_virtual_count=128, actual_virtual_count=128, key='_id', strategy='hash', function='murmur3'), vector_index_config=_VectorIndexConfigHNSW(quantizer=None, cleanup_interval_seconds=300, distance_metric=<VectorDistances.L2_SQUARED: 'l2-squared'>, dynamic_ef_min=100, dynamic_ef_max=500, dynamic_ef_factor=8, ef=1600, ef_construction=100, flat_search_cutoff=40000, max_connections=64, skip=False, vector_cache_max_objects=1000000000000), vector_index_type=<VectorIndexType.HNSW: 'hnsw'>, vectorizer_config=None, vectorizer=<Vectorizers.NONE: 'none'>, vector_config=None)
Run 1/1...
Warmup round 1/2...
Processed 1000/10000 queries...
Warmup round 2/2...
Processed 2000/10000 queries...
Processed 3000/10000 queries...
Processed 4000/10000 queries...
Processed 5000/10000 queries...
Processed 6000/10000 queries...
Processed 7000/10000 queries...
Processed 8000/10000 queries...
Processed 9000/10000 queries...
Processed 10000/10000 queries...
Processed 11000/10000 queries...
Processed 12000/10000 queries...
Processed 0/10000 inserts...
Processed 1000/10000 inserts...
Processed 2000/10000 inserts...
Processed 3000/10000 inserts...
Processed 4000/10000 inserts...
Processed 5000/10000 inserts...
Processed 6000/10000 inserts...
Processed 7000/10000 inserts...
Processed 8000/10000 inserts...
Processed 9000/10000 inserts...
Processed 0/10000 updates...
Processed 1000/10000 updates...
Processed 2000/10000 updates...
Processed 3000/10000 updates...
Processed 4000/10000 updates...
Processed 5000/10000 updates...
Processed 6000/10000 updates...
Processed 7000/10000 updates...
Processed 8000/10000 updates...
Processed 9000/10000 updates...
Processed 0/10000 deletes...
Processed 1000/10000 deletes...
Processed 2000/10000 deletes...
Processed 3000/10000 deletes...
Processed 4000/10000 deletes...
Processed 5000/10000 deletes...
Processed 6000/10000 deletes...
Processed 7000/10000 deletes...
Processed 8000/10000 deletes...
Processed 9000/10000 deletes...
[weaviate] docker compose down successfully!!!
2026-08-21 14:44:48,189 - bvb - INFO - Terminating 1 workers
<remote_artifact> line 81: rithms_corr: command not found
