id,insert_latency,update_latency,delete_latency
0,0.020247936248779297,0.015210628509521484,0.0037910938262939453
1,0.010964155197143555,0.013512134552001953,0.003719806671142578
2,0.013037443161010742,0.012895822525024414,0.0026922225952148438
3,0.011948585510253906,0.009876012802124023,0.0015795230865478516
4,0.00915837287902832,0.009151935577392578,0.0015666484832763672
5,0.011799812316894531,0.008965492248535156,0.0014545917510986328
6,0.01328134536743164,0.009550809860229492,0.001772165298461914
7,0.010290861129760742,0.014174461364746094,0.0014195442199707031
8,0.01783156394958496,0.014316320419311523,0.0015189647674560547
9,0.013372182846069336,0.011543035507202148,0.0015103816986083984
10,0.013778209686279297,0.011444568634033203,0.001501321792602539
11,0.013583898544311523,0.01388859748840332,0.001531362533569336
12,0.013520479202270508,0.014075040817260742,0.0015611648559570312
13,0.009640216827392578,0.008085966110229492,0.0015194416046142578
14,0.01025080680847168,0.008807182312011719,0.0014812946319580078
15,0.011427640914916992,0.012128114700317383,0.0015540122985839844
16,0.012066841125488281,0.009584665298461914,0.001477956771850586
17,0.013757944107055664,0.014482498168945312,0.0014488697052001953
18,0.014060735702514648,0.014629125595092773,0.0015151500701904297
19,0.01485300064086914,0.013317346572875977,0.0014300346374511719
20,0.009515047073364258,0.010505199432373047,0.0017077922821044922
21,0.014150619506835938,0.01132512092590332,0.0014789104461669922
22,0.0158538818359375,0.016157150268554688,0.0014545917510986328
23,0.01306009292602539,0.014403820037841797,0.0015218257904052734
24,0.012946844100952148,0.014883279800415039,0.0014362335205078125
25,0.012838125228881836,0.014887809753417969,0.0014274120330810547
26,0.012435436248779297,0.01318669319152832,0.0013899803161621094
27,0.012720584869384766,0.0170590877532959,0.0017621517181396484
28,0.009662628173828125,0.009534358978271484,0.0014410018920898438
29,0.012493133544921875,0.013761281967163086,0.001573324203491211
30,0.007491350173950195,0.00792837142944336,0.0014235973358154297
31,0.009415864944458008,0.010738134384155273,0.0015778541564941406
32,0.005115032196044922,0.0053615570068359375,0.0014257431030273438
33,0.013339996337890625,0.012860298156738281,0.0014121532440185547
34,0.013280630111694336,0.01186680793762207,0.0014057159423828125
35,0.009598493576049805,0.01026606559753418,0.0014486312866210938
36,0.010114908218383789,0.011002302169799805,0.0018320083618164062
37,0.009094476699829102,0.014853715896606445,0.0014462471008300781
38,0.011208295822143555,0.01898193359375,0.0015363693237304688
39,0.011189937591552734,0.012579917907714844,0.0014619827270507812
40,0.013078927993774414,0.013846635818481445,0.0014944076538085938
41,0.011941909790039062,0.01797318458557129,0.0014340877532958984
42,0.013185262680053711,0.012942790985107422,0.0013928413391113281
43,0.011003494262695312,0.015902042388916016,0.0014617443084716797
44,0.004645347595214844,0.005663156509399414,0.0015077590942382812
45,0.01177215576171875,0.012176036834716797,0.0014328956604003906
46,0.009607553482055664,0.013526439666748047,0.0014750957489013672
47,0.012190818786621094,0.011356353759765625,0.0014681816101074219
48,0.005677223205566406,0.011666059494018555,0.0015208721160888672
49,0.014062643051147461,0.01717352867126465,0.0014646053314208984
50,0.012022972106933594,0.01734614372253418,0.0014612674713134766
51,0.012490510940551758,0.014259815216064453,0.0014412403106689453
52,0.0075681209564208984,0.009171724319458008,0.0017457008361816406
53,0.012611865997314453,0.010164022445678711,0.0014491081237792969
54,0.009070396423339844,0.007944583892822266,0.0014085769653320312
55,0.015572786331176758,0.012436151504516602,0.001455545425415039
56,0.010524272918701172,0.009078025817871094,0.0014882087707519531
57,0.01857781410217285,0.018176555633544922,0.0014338493347167969
58,0.016722440719604492,0.014967679977416992,0.0014586448669433594
59,0.017522811889648438,0.017717599868774414,0.0014624595642089844
60,0.01195836067199707,0.009033679962158203,0.00138092041015625
61,0.013423681259155273,0.015167951583862305,0.001436471939086914
62,0.01318049430847168,0.011104345321655273,0.0014491081237792969
63,0.008295774459838867,0.011508464813232422,0.0014510154724121094
64,0.012412309646606445,0.01681995391845703,0.0014355182647705078
65,0.010501384735107422,0.010136604309082031,0.0014340877532958984
66,0.010542154312133789,0.009681224822998047,0.0014598369598388672
67,0.016127824783325195,0.011781454086303711,0.0015027523040771484
68,0.015697479248046875,0.0163571834564209,0.001699686050415039
69,0.014466285705566406,0.010511159896850586,0.0015306472778320312
70,0.015110969543457031,0.01707935333251953,0.0014543533325195312
71,0.01224207878112793,0.012738466262817383,0.0013976097106933594
72,0.00908970832824707,0.011072397232055664,0.0014591217041015625
73,0.012926816940307617,0.014304876327514648,0.001384735107421875
74,0.012665510177612305,0.0143280029296875,0.0015354156494140625
75,0.01676201820373535,0.016442060470581055,0.0013849735260009766
76,0.015706777572631836,0.017817974090576172,0.0015265941619873047
77,0.012699604034423828,0.00874638557434082,0.0015015602111816406
78,0.010792970657348633,0.010394573211669922,0.001554727554321289
79,0.007373332977294922,0.008330821990966797,0.0014469623565673828
80,0.012731552124023438,0.016057729721069336,0.001497507095336914
81,0.01311802864074707,0.011954069137573242,0.0014576911926269531
82,0.010387659072875977,0.007923603057861328,0.0014615058898925781
83,0.015931129455566406,0.01671147346496582,0.0014188289642333984
84,0.012776374816894531,0.012959718704223633,0.0016753673553466797
85,0.013545513153076172,0.011801958084106445,0.0016295909881591797
86,0.011262655258178711,0.01092839241027832,0.0014660358428955078
87,0.008985042572021484,0.010893821716308594,0.0015430450439453125
88,0.01372528076171875,0.016157865524291992,0.0014903545379638672
89,0.01378321647644043,0.010036706924438477,0.0014019012451171875
90,0.009210824966430664,0.007953882217407227,0.0014202594757080078
91,0.00840902328491211,0.013034343719482422,0.0013713836669921875
92,0.013855695724487305,0.014210224151611328,0.001409769058227539
93,0.010022401809692383,0.011218547821044922,0.0014352798461914062
94,0.011800050735473633,0.013012170791625977,0.001743316650390625
95,0.010548830032348633,0.010175466537475586,0.0014491081237792969
96,0.015247821807861328,0.01624894142150879,0.0016605854034423828
97,0.014222383499145508,0.011646032333374023,0.0015201568603515625
98,0.015167236328125,0.013188600540161133,0.0016312599182128906
99,0.008900880813598633,0.010452747344970703,0.0014421939849853516
100,0.009455680847167969,0.012891054153442383,0.001676797866821289
101,0.013354778289794922,0.010954618453979492,0.0016567707061767578
102,0.010940074920654297,0.013968944549560547,0.0014476776123046875
103,0.016179800033569336,0.013535022735595703,0.0016071796417236328
104,0.009849786758422852,0.009323358535766602,0.0013964176177978516
105,0.006040811538696289,0.009186744689941406,0.0014047622680664062
106,0.0067403316497802734,0.008419990539550781,0.0014383792877197266
107,0.010031461715698242,0.009170770645141602,0.0014672279357910156
108,0.011944770812988281,0.01032257080078125,0.0014221668243408203
109,0.01722264289855957,0.01572585105895996,0.001489400863647461
110,0.01246500015258789,0.011998891830444336,0.0013980865478515625
111,0.015298604965209961,0.013031721115112305,0.0014040470123291016
112,0.009813070297241211,0.01072835922241211,0.0014824867248535156
113,0.010267019271850586,0.008795022964477539,0.0014009475708007812
114,0.012618064880371094,0.01687908172607422,0.0014111995697021484
115,0.007960796356201172,0.010559797286987305,0.0014429092407226562
116,0.011220932006835938,0.014506816864013672,0.0017147064208984375
117,0.007531404495239258,0.01206350326538086,0.0014846324920654297
118,0.015306472778320312,0.01431131362915039,0.0015311241149902344
119,0.010193109512329102,0.012165069580078125,0.0014371871948242188
120,0.011998176574707031,0.010788917541503906,0.001596212387084961
121,0.009238481521606445,0.010791301727294922,0.001459360122680664
122,0.010737419128417969,0.011167287826538086,0.0014622211456298828
123,0.005937814712524414,0.00797724723815918,0.0014836788177490234
124,0.008418083190917969,0.011062383651733398,0.0014598369598388672
125,0.013553380966186523,0.01103663444519043,0.0013818740844726562
126,0.009416818618774414,0.009877443313598633,0.0014679431915283203
127,0.013899087905883789,0.016051769256591797,0.0014679431915283203
128,0.012238502502441406,0.008453607559204102,0.001444101333618164
129,0.014856576919555664,0.015877962112426758,0.0014338493347167969
130,0.015432596206665039,0.014338254928588867,0.0014603137969970703
131,0.01539158821105957,0.011314153671264648,0.0015053749084472656
132,0.005618095397949219,0.005457878112792969,0.0017116069793701172
133,0.01671767234802246,0.010313987731933594,0.0015115737915039062
134,0.006607532501220703,0.00591278076171875,0.0014467239379882812
135,0.009432077407836914,0.006764650344848633,0.001468658447265625
136,0.014660835266113281,0.012724876403808594,0.0014183521270751953
137,0.005755424499511719,0.00760960578918457,0.001461029052734375
138,0.015017271041870117,0.010591506958007812,0.0013782978057861328
139,0.015086889266967773,0.014109373092651367,0.0015134811401367188
140,0.01642155647277832,0.012616872787475586,0.0014429092407226562
141,0.013255596160888672,0.008704185485839844,0.0014061927795410156
142,0.00777125358581543,0.009215116500854492,0.0014433860778808594
143,0.010859489440917969,0.011635780334472656,0.0015368461608886719
144,0.016943693161010742,0.018155813217163086,0.0014564990997314453
145,0.011435747146606445,0.008659839630126953,0.0015201568603515625
146,0.013344526290893555,0.014241695404052734,0.0013947486877441406
147,0.011685848236083984,0.009922504425048828,0.0013930797576904297
148,0.00973367691040039,0.014894485473632812,0.0016312599182128906
149,0.014747858047485352,0.010302066802978516,0.0015163421630859375
150,0.010741472244262695,0.01473855972290039,0.00174713134765625
151,0.010811328887939453,0.014323949813842773,0.001399993896484375
152,0.009141683578491211,0.012114763259887695,0.0016574859619140625
153,0.010082721710205078,0.014218807220458984,0.0014238357543945312
154,0.008779525756835938,0.008136987686157227,0.001543283462524414
155,0.01324462890625,0.012937307357788086,0.001470804214477539
156,0.014505147933959961,0.014642477035522461,0.0015993118286132812
157,0.009137153625488281,0.010504007339477539,0.0017969608306884766
158,0.007919549942016602,0.00825047492980957,0.0014600753784179688
159,0.011786222457885742,0.011325359344482422,0.0016262531280517578
160,0.010094165802001953,0.013273477554321289,0.001485586166381836
161,0.008326053619384766,0.00963449478149414,0.0015473365783691406
162,0.009010076522827148,0.013436555862426758,0.001806497573852539
163,0.011631011962890625,0.014080286026000977,0.00147247314453125
164,0.013760566711425781,0.01238870620727539,0.0019059181213378906
165,0.009796142578125,0.012654304504394531,0.001531362533569336
166,0.009252071380615234,0.01096034049987793,0.0016732215881347656
167,0.009821653366088867,0.013897895812988281,0.0015249252319335938
168,0.014206886291503906,0.009648799896240234,0.0014774799346923828
169,0.008589029312133789,0.011112689971923828,0.0015192031860351562
170,0.012137651443481445,0.013528108596801758,0.0014653205871582031
171,0.005273103713989258,0.011371135711669922,0.001424551010131836
172,0.005997419357299805,0.009003162384033203,0.0014224052429199219
173,0.010824203491210938,0.014414548873901367,0.0014514923095703125
174,0.009417057037353516,0.009521484375,0.0015106201171875
175,0.012184858322143555,0.010321378707885742,0.0014400482177734375
176,0.00988459587097168,0.014211416244506836,0.0015184879302978516
177,0.010025739669799805,0.01567983627319336,0.0014541149139404297
178,0.011343002319335938,0.015411853790283203,0.0014770030975341797
179,0.005388975143432617,0.009618997573852539,0.0014481544494628906
180,0.009670257568359375,0.010518789291381836,0.0017206668853759766
181,0.012056350708007812,0.014471769332885742,0.0015270709991455078
182,0.013781309127807617,0.013897895812988281,0.0014328956604003906
183,0.01544189453125,0.017931461334228516,0.001422882080078125
184,0.011152267456054688,0.01183938980102539,0.0014050006866455078
185,0.010540008544921875,0.009836435317993164,0.001421213150024414
186,0.012188911437988281,0.012863636016845703,0.0015664100646972656
187,0.013825178146362305,0.015437602996826172,0.0014009475708007812
188,0.007510662078857422,0.0065190792083740234,0.0015463829040527344
189,0.012135505676269531,0.011902570724487305,0.0015177726745605469
190,0.013665914535522461,0.00973057746887207,0.0015795230865478516
191,0.012490272521972656,0.010099411010742188,0.00150299072265625
192,0.007386207580566406,0.006810188293457031,0.0014071464538574219
193,0.011905908584594727,0.011058807373046875,0.0014946460723876953
194,0.01213693618774414,0.011581897735595703,0.0014410018920898438
195,0.013239860534667969,0.012821197509765625,0.0015079975128173828
196,0.011460304260253906,0.011856317520141602,0.0017099380493164062
197,0.00827789306640625,0.012024641036987305,0.0015094280242919922
198,0.014816761016845703,0.016353368759155273,0.0014491081237792969
199,0.01573014259338379,0.011635303497314453,0.0014598369598388672
200,0.017261266708374023,0.01078939437866211,0.0014448165893554688
201,0.011972188949584961,0.009486913681030273,0.0015528202056884766
202,0.014142036437988281,0.013832330703735352,0.0014433860778808594
203,0.012563705444335938,0.009455204010009766,0.0014622211456298828
204,0.01591944694519043,0.012618064880371094,0.0015146732330322266
205,0.015805721282958984,0.014920949935913086,0.001665353775024414
206,0.013607025146484375,0.010550498962402344,0.0017163753509521484
207,0.006575822830200195,0.009281158447265625,0.0015554428100585938
208,0.01089167594909668,0.010877132415771484,0.0016810894012451172
209,0.01199197769165039,0.008945703506469727,0.0015914440155029297
210,0.013579368591308594,0.012991189956665039,0.0016438961029052734
211,0.013872623443603516,0.010701894760131836,0.0016160011291503906
212,0.012154579162597656,0.010785818099975586,0.0020792484283447266
213,0.009730815887451172,0.009776830673217773,0.0014874935150146484
214,0.012714385986328125,0.013997077941894531,0.0016815662384033203
215,0.009665966033935547,0.014678001403808594,0.0016012191772460938
216,0.014241695404052734,0.009568929672241211,0.0016205310821533203
217,0.014073371887207031,0.011440038681030273,0.0015919208526611328
218,0.013410806655883789,0.00786900520324707,0.0014452934265136719
219,0.009680986404418945,0.010426759719848633,0.0014445781707763672
220,0.014885902404785156,0.013796091079711914,0.001420736312866211
221,0.01407480239868164,0.009988069534301758,0.0014545917510986328
222,0.013762474060058594,0.013108968734741211,0.0014660358428955078
223,0.00967717170715332,0.008050680160522461,0.0014498233795166016
224,0.007378578186035156,0.007951021194458008,0.0015099048614501953
225,0.009723424911499023,0.006494283676147461,0.0015206336975097656
226,0.015192985534667969,0.014404296875,0.0015528202056884766
227,0.0156552791595459,0.010112524032592773,0.0014340877532958984
228,0.007616996765136719,0.008140087127685547,0.0017936229705810547
229,0.006748199462890625,0.007559299468994141,0.0014557838439941406
230,0.006857395172119141,0.007908344268798828,0.0013980865478515625
231,0.016646623611450195,0.012135744094848633,0.0014765262603759766
232,0.011704683303833008,0.010344743728637695,0.001703500747680664
233,0.008560895919799805,0.008161067962646484,0.001482248306274414
234,0.017197608947753906,0.015029430389404297,0.0015702247619628906
235,0.013802528381347656,0.01349949836730957,0.001424551010131836
236,0.006094217300415039,0.0065343379974365234,0.0015969276428222656
237,0.008598804473876953,0.011106491088867188,0.0014393329620361328
238,0.01025390625,0.014015913009643555,0.0015320777893066406
239,0.011297225952148438,0.006875038146972656,0.0015170574188232422
240,0.007600069046020508,0.01003718376159668,0.0015065670013427734
241,0.012804985046386719,0.010012626647949219,0.0015132427215576172
242,0.012023448944091797,0.011272907257080078,0.0014576911926269531
243,0.015259027481079102,0.010052204132080078,0.0014064311981201172
244,0.011295795440673828,0.008480072021484375,0.0017240047454833984
245,0.013626337051391602,0.015601396560668945,0.0015590190887451172
246,0.014733552932739258,0.012721061706542969,0.0014371871948242188
247,0.012333154678344727,0.00973963737487793,0.001477956771850586
248,0.007965564727783203,0.007776737213134766,0.001415252685546875
249,0.016471147537231445,0.012156248092651367,0.0015017986297607422
250,0.015242338180541992,0.01458287239074707,0.0014264583587646484
251,0.01332712173461914,0.009817123413085938,0.0014581680297851562
252,0.010237455368041992,0.009456157684326172,0.001482248306274414
253,0.009383440017700195,0.012167930603027344,0.001445770263671875
254,0.015496015548706055,0.010154247283935547,0.0014495849609375
255,0.014451026916503906,0.015116214752197266,0.0014069080352783203
256,0.010170936584472656,0.007036447525024414,0.0013964176177978516
257,0.009975671768188477,0.005795001983642578,0.0013878345489501953
258,0.011786937713623047,0.010854244232177734,0.0013632774353027344
259,0.006376504898071289,0.007768154144287109,0.0014433860778808594
260,0.012680768966674805,0.012924671173095703,0.0018308162689208984
261,0.01486349105834961,0.011950492858886719,0.0014650821685791016
262,0.01143956184387207,0.010564327239990234,0.001514434814453125
263,0.008432149887084961,0.009575128555297852,0.0014276504516601562
264,0.012428998947143555,0.01277613639831543,0.0014529228210449219
265,0.011992216110229492,0.01103353500366211,0.0014102458953857422
266,0.010054826736450195,0.014321088790893555,0.0014352798461914062
267,0.006411075592041016,0.004529714584350586,0.0013873577117919922
268,0.01020669937133789,0.006712913513183594,0.0014340877532958984
269,0.010360479354858398,0.013890266418457031,0.0013604164123535156
270,0.014791011810302734,0.011867284774780273,0.0013718605041503906
271,0.010296344757080078,0.013678312301635742,0.0014488697052001953
272,0.014131307601928711,0.011842727661132812,0.0014162063598632812
273,0.011960029602050781,0.014323711395263672,0.0014302730560302734
274,0.008914947509765625,0.007361412048339844,0.0015730857849121094
275,0.01129150390625,0.013075828552246094,0.0014238357543945312
276,0.0108489990234375,0.009095907211303711,0.0017609596252441406
277,0.011586427688598633,0.012853384017944336,0.0015437602996826172
278,0.011182785034179688,0.014673948287963867,0.0014109611511230469
279,0.014365196228027344,0.012870311737060547,0.001440286636352539
280,0.008910894393920898,0.013530254364013672,0.0013663768768310547
281,0.01069498062133789,0.008680105209350586,0.0014052391052246094
282,0.014983654022216797,0.013433456420898438,0.0014226436614990234
283,0.008174657821655273,0.009109973907470703,0.00144195556640625
284,0.007418632507324219,0.008042097091674805,0.0016770362854003906
285,0.013554573059082031,0.013751506805419922,0.0014722347259521484
286,0.014121532440185547,0.01600050926208496,0.001542806625366211
287,0.010072946548461914,0.007918119430541992,0.0014519691467285156
288,0.016819000244140625,0.017331361770629883,0.0014483928680419922
289,0.014067411422729492,0.013016223907470703,0.0014338493347167969
290,0.00814366340637207,0.009942770004272461,0.0014109611511230469
291,0.011770963668823242,0.008480072021484375,0.001430511474609375
292,0.010222196578979492,0.011595487594604492,0.0017163753509521484
293,0.008888483047485352,0.007147550582885742,0.0014371871948242188
294,0.01351165771484375,0.012946367263793945,0.001565694808959961
295,0.013101816177368164,0.008632421493530273,0.0014910697937011719
296,0.012683391571044922,0.014442205429077148,0.0015215873718261719
297,0.009660005569458008,0.008736133575439453,0.0014994144439697266
298,0.011242389678955078,0.013409614562988281,0.0015652179718017578
299,0.015334367752075195,0.017099857330322266,0.001444101333618164
300,0.008187294006347656,0.008017301559448242,0.0014040470123291016
301,0.011479377746582031,0.014122247695922852,0.0014011859893798828
302,0.012821435928344727,0.009368658065795898,0.0013632774353027344
303,0.007648944854736328,0.008605003356933594,0.001461029052734375
304,0.009723663330078125,0.006569385528564453,0.0014035701751708984
305,0.008612632751464844,0.010118484497070312,0.0013852119445800781
306,0.00859689712524414,0.007086277008056641,0.0014445781707763672
307,0.009533405303955078,0.011007547378540039,0.0015225410461425781
308,0.010938644409179688,0.01726555824279785,0.001659393310546875
309,0.010826349258422852,0.010132074356079102,0.0015058517456054688
310,0.007274627685546875,0.0072040557861328125,0.0013897418975830078
311,0.006497383117675781,0.007025718688964844,0.0014166831970214844
312,0.012900352478027344,0.012561559677124023,0.001420736312866211
313,0.004852771759033203,0.006220340728759766,0.0014028549194335938
314,0.008412599563598633,0.006738185882568359,0.0014507770538330078
315,0.01730823516845703,0.016762495040893555,0.001592397689819336
316,0.007559299468994141,0.011207342147827148,0.0014164447784423828
317,0.007628202438354492,0.00972127914428711,0.0015518665313720703
318,0.010815620422363281,0.010895252227783203,0.001453399658203125
319,0.010150671005249023,0.010893106460571289,0.001508951187133789
320,0.013994693756103516,0.012323856353759766,0.0014867782592773438
321,0.008447885513305664,0.011937618255615234,0.0014429092407226562
322,0.014121532440185547,0.013185501098632812,0.0014774799346923828
323,0.014017581939697266,0.016798734664916992,0.0014324188232421875
324,0.012566804885864258,0.012635946273803711,0.0016624927520751953
325,0.010334491729736328,0.01432657241821289,0.001402139663696289
326,0.012464284896850586,0.015519380569458008,0.0014028549194335938
327,0.008626937866210938,0.012215137481689453,0.0014069080352783203
328,0.017145156860351562,0.015979290008544922,0.0014810562133789062
329,0.013921976089477539,0.013840675354003906,0.0014014244079589844
330,0.012446165084838867,0.01180887222290039,0.0014355182647705078
331,0.017449140548706055,0.01573014259338379,0.0013875961303710938
332,0.014387369155883789,0.013037681579589844,0.0014557838439941406
333,0.014371395111083984,0.013191699981689453,0.0014216899871826172
334,0.011002540588378906,0.012315988540649414,0.0013799667358398438
335,0.01669001579284668,0.015375137329101562,0.0013573169708251953
336,0.014415264129638672,0.012877702713012695,0.0014204978942871094
337,0.012917041778564453,0.012989521026611328,0.0013964176177978516
338,0.014349222183227539,0.01391148567199707,0.0013790130615234375
339,0.014879941940307617,0.009203433990478516,0.0014126300811767578
340,0.008236885070800781,0.010910749435424805,0.0016362667083740234
341,0.013053178787231445,0.013810873031616211,0.001405954360961914
342,0.016767263412475586,0.010259151458740234,0.001439809799194336
343,0.016289472579956055,0.013097047805786133,0.0013947486877441406
344,0.010955810546875,0.01488637924194336,0.0013802051544189453
345,0.015015125274658203,0.015746355056762695,0.0013883113861083984
346,0.01703643798828125,0.007551431655883789,0.0014078617095947266
347,0.009874343872070312,0.011970281600952148,0.0014967918395996094
348,0.00981593132019043,0.010893821716308594,0.0013966560363769531
349,0.00726628303527832,0.010649681091308594,0.0015535354614257812
350,0.010723590850830078,0.007880687713623047,0.0014014244079589844
351,0.0085906982421875,0.009078502655029297,0.0015320777893066406
352,0.007630348205566406,0.00783085823059082,0.0014443397521972656
353,0.013575553894042969,0.010769128799438477,0.0013744831085205078
354,0.012727022171020508,0.008756637573242188,0.0014431476593017578
355,0.011644124984741211,0.012495994567871094,0.00141143798828125
356,0.013519525527954102,0.015121936798095703,0.001665353775024414
357,0.010131120681762695,0.008159875869750977,0.0014231204986572266
358,0.008295536041259766,0.010711669921875,0.0014641284942626953
359,0.011707305908203125,0.008707761764526367,0.0014677047729492188
360,0.009212017059326172,0.008749961853027344,0.0015959739685058594
361,0.012323379516601562,0.010560989379882812,0.0014452934265136719
362,0.01379251480102539,0.01363062858581543,0.0014545917510986328
363,0.013903617858886719,0.01115274429321289,0.0015652179718017578
364,0.012619733810424805,0.010106563568115234,0.0013880729675292969
365,0.010497808456420898,0.006414651870727539,0.0015118122100830078
366,0.011586904525756836,0.013665914535522461,0.0014274120330810547
367,0.013763427734375,0.010136842727661133,0.0015594959259033203
368,0.015259981155395508,0.01506185531616211,0.0014157295227050781
369,0.01671910285949707,0.01719355583190918,0.001394510269165039
370,0.014662027359008789,0.010132312774658203,0.0014007091522216797
371,0.007848501205444336,0.008707046508789062,0.0013620853424072266
372,0.015177488327026367,0.015894174575805664,0.0016608238220214844
373,0.010096073150634766,0.007100820541381836,0.0014984607696533203
374,0.011579513549804688,0.01093912124633789,0.0013952255249023438
375,0.009325981140136719,0.00683283805847168,0.0015041828155517578
376,0.008622884750366211,0.00849461555480957,0.0013911724090576172
377,0.011422395706176758,0.010280370712280273,0.001409292221069336
378,0.009463310241699219,0.010863542556762695,0.0014133453369140625
379,0.012098550796508789,0.009752750396728516,0.001439809799194336
380,0.01129460334777832,0.014512300491333008,0.0014159679412841797
381,0.009087085723876953,0.0070912837982177734,0.0013883113861083984
382,0.010652780532836914,0.012369632720947266,0.001417398452758789
383,0.009070158004760742,0.007207155227661133,0.0014116764068603516
384,0.012642383575439453,0.012721538543701172,0.0013880729675292969
385,0.01168966293334961,0.011803388595581055,0.0013835430145263672
386,0.010390758514404297,0.0106048583984375,0.0014150142669677734
387,0.012867212295532227,0.016042232513427734,0.0013806819915771484
388,0.011817216873168945,0.010595560073852539,0.0016145706176757812
389,0.01146554946899414,0.012028217315673828,0.0014317035675048828
390,0.012072086334228516,0.013946294784545898,0.0014061927795410156
391,0.011469364166259766,0.012278079986572266,0.0013878345489501953
392,0.00855112075805664,0.010713577270507812,0.0013842582702636719
393,0.01501011848449707,0.015973567962646484,0.0013904571533203125
394,0.0073392391204833984,0.007619142532348633,0.0014078617095947266
395,0.009134292602539062,0.011631011962890625,0.0013704299926757812
396,0.009038209915161133,0.010363578796386719,0.0014045238494873047
397,0.014242172241210938,0.0157167911529541,0.0014171600341796875
398,0.009632349014282227,0.010962247848510742,0.0014090538024902344
399,0.01100921630859375,0.009320974349975586,0.0013744831085205078
400,0.013788223266601562,0.014257431030273438,0.0014352798461914062
401,0.008564472198486328,0.007006406784057617,0.0013985633850097656
402,0.009618520736694336,0.007416248321533203,0.0013904571533203125
403,0.009691238403320312,0.010844230651855469,0.0013885498046875
404,0.007889747619628906,0.011001348495483398,0.0016269683837890625
405,0.012153863906860352,0.00867915153503418,0.001420736312866211
406,0.009925603866577148,0.00864553451538086,0.0013904571533203125
407,0.0124969482421875,0.01457357406616211,0.0015785694122314453
408,0.008874893188476562,0.010230541229248047,0.0014600753784179688
409,0.011446237564086914,0.009169578552246094,0.0014309883117675781
410,0.009518623352050781,0.011698246002197266,0.0014088153839111328
411,0.00946950912475586,0.010647296905517578,0.0014655590057373047
412,0.016273021697998047,0.010843753814697266,0.0014445781707763672
413,0.019582748413085938,0.01639103889465332,0.001447916030883789
414,0.012988805770874023,0.010294675827026367,0.0014374256134033203
415,0.013038396835327148,0.009433984756469727,0.0014050006866455078
416,0.01198434829711914,0.013039827346801758,0.0014562606811523438
417,0.011649847030639648,0.011654376983642578,0.0015096664428710938
418,0.014021635055541992,0.012949705123901367,0.0014369487762451172
419,0.01337575912475586,0.011175394058227539,0.001615762710571289
420,0.012546062469482422,0.013554096221923828,0.0017397403717041016
421,0.009793996810913086,0.010940074920654297,0.0015034675598144531
422,0.01343226432800293,0.011687517166137695,0.0014235973358154297
423,0.009809017181396484,0.009459972381591797,0.0014872550964355469
424,0.015254974365234375,0.014145851135253906,0.0014450550079345703
425,0.014698505401611328,0.01014399528503418,0.0015015602111816406
426,0.01161956787109375,0.01198720932006836,0.0014333724975585938
427,0.008062601089477539,0.0060749053955078125,0.0013926029205322266
428,0.0135498046875,0.010370969772338867,0.001417398452758789
429,0.01091313362121582,0.006829500198364258,0.0015184879302978516
430,0.008222579956054688,0.0067903995513916016,0.0013821125030517578
431,0.01339101791381836,0.012517929077148438,0.0014171600341796875
432,0.01636505126953125,0.011798381805419922,0.0015485286712646484
433,0.011964082717895508,0.009666204452514648,0.0014412403106689453
434,0.01594376564025879,0.010343790054321289,0.0014910697937011719
435,0.022600889205932617,0.01700878143310547,0.0014743804931640625
436,0.015000581741333008,0.011843204498291016,0.0018010139465332031
437,0.012341022491455078,0.013151884078979492,0.001466512680053711
438,0.01452493667602539,0.015021800994873047,0.0014324188232421875
439,0.01121664047241211,0.009431600570678711,0.0015091896057128906
440,0.010320901870727539,0.011782169342041016,0.0015866756439208984
441,0.012187719345092773,0.013662099838256836,0.0014026165008544922
442,0.016445398330688477,0.016210556030273438,0.0014872550964355469
443,0.005335330963134766,0.006867647171020508,0.001474618911743164
444,0.01235818862915039,0.009628772735595703,0.0014090538024902344
445,0.008768796920776367,0.007244110107421875,0.0013833045959472656
446,0.009796380996704102,0.011921882629394531,0.0013833045959472656
447,0.014013290405273438,0.015892982482910156,0.0014696121215820312
448,0.01064753532409668,0.010138273239135742,0.001359701156616211
449,0.009904623031616211,0.013193130493164062,0.001512765884399414
450,0.006125926971435547,0.006281137466430664,0.001392364501953125
451,0.008811235427856445,0.013050317764282227,0.0014386177062988281
452,0.012636423110961914,0.011953115463256836,0.0016667842864990234
453,0.00836634635925293,0.009409427642822266,0.0014262199401855469
454,0.005589008331298828,0.00932621955871582,0.001384735107421875
455,0.013321638107299805,0.01123666763305664,0.0013914108276367188
456,0.009836673736572266,0.013949871063232422,0.0014748573303222656
457,0.012548446655273438,0.013203144073486328,0.001435995101928711
458,0.01367330551147461,0.014794111251831055,0.0014846324920654297
459,0.013873577117919922,0.010720968246459961,0.0014047622680664062
460,0.012227773666381836,0.00993967056274414,0.0014934539794921875
461,0.00837087631225586,0.011317014694213867,0.0015070438385009766
462,0.01287388801574707,0.014150857925415039,0.0014805793762207031
463,0.00975942611694336,0.01003265380859375,0.001482248306274414
464,0.009061574935913086,0.011798620223999023,0.001444101333618164
465,0.011418342590332031,0.011351823806762695,0.0015134811401367188
466,0.013163566589355469,0.015325069427490234,0.0014901161193847656
467,0.010145425796508789,0.009813070297241211,0.0014390945434570312
468,0.009849071502685547,0.008616209030151367,0.0016901493072509766
469,0.012775421142578125,0.011423826217651367,0.0013782978057861328
470,0.014294862747192383,0.014814376831054688,0.0013952255249023438
471,0.015542030334472656,0.016484737396240234,0.0013594627380371094
472,0.014101743698120117,0.015116691589355469,0.0017082691192626953
473,0.009983539581298828,0.00935816764831543,0.001384735107421875
474,0.0126190185546875,0.015278339385986328,0.0015120506286621094
475,0.00948476791381836,0.008447408676147461,0.0014405250549316406
476,0.011043071746826172,0.013030767440795898,0.0015285015106201172
477,0.008262395858764648,0.009116172790527344,0.0014472007751464844
478,0.011998653411865234,0.0116729736328125,0.0014598369598388672
479,0.011856555938720703,0.010455131530761719,0.0015001296997070312
480,0.012021303176879883,0.012371063232421875,0.001508951187133789
481,0.008382320404052734,0.009652137756347656,0.001470804214477539
482,0.010223865509033203,0.007293224334716797,0.001468658447265625
483,0.015652179718017578,0.01638031005859375,0.0014226436614990234
484,0.011988162994384766,0.014389991760253906,0.0017316341400146484
485,0.013388872146606445,0.009061098098754883,0.001577615737915039
486,0.008656740188598633,0.01131892204284668,0.0014209747314453125
487,0.009131431579589844,0.0065457820892333984,0.0014872550964355469
488,0.015366792678833008,0.010552167892456055,0.0014133453369140625
489,0.013388395309448242,0.009618759155273438,0.0015151500701904297
490,0.01784825325012207,0.015705108642578125,0.0013837814331054688
491,0.011383295059204102,0.01078653335571289,0.0013861656188964844
492,0.007716178894042969,0.00785207748413086,0.001483917236328125
493,0.006842851638793945,0.006360530853271484,0.0014081001281738281
494,0.01048898696899414,0.007341146469116211,0.0015053749084472656
495,0.0110931396484375,0.017742395401000977,0.00144195556640625
496,0.008156061172485352,0.008830070495605469,0.0015573501586914062
497,0.006882905960083008,0.010827779769897461,0.0014445781707763672
498,0.010183095932006836,0.013608694076538086,0.0014081001281738281
499,0.010174751281738281,0.011008262634277344,0.0014514923095703125
500,0.009301424026489258,0.014430999755859375,0.0018463134765625
501,0.014991521835327148,0.012551307678222656,0.0017414093017578125
502,0.009309530258178711,0.01085519790649414,0.0015616416931152344
503,0.010345220565795898,0.01518702507019043,0.0017006397247314453
504,0.01170206069946289,0.015652894973754883,0.0015146732330322266
505,0.011877059936523438,0.013340950012207031,0.0014417171478271484
506,0.007731437683105469,0.011509895324707031,0.0016112327575683594
507,0.011695146560668945,0.012581586837768555,0.0014138221740722656
508,0.010263919830322266,0.010738134384155273,0.0015375614166259766
509,0.008129119873046875,0.012112855911254883,0.0013973712921142578
510,0.009610652923583984,0.010467529296875,0.0015671253204345703
511,0.012387275695800781,0.01611948013305664,0.0014357566833496094
512,0.008785009384155273,0.010926485061645508,0.001421213150024414
513,0.011668682098388672,0.012398242950439453,0.0014338493347167969
514,0.010396242141723633,0.012189149856567383,0.0014386177062988281
515,0.008223772048950195,0.009099960327148438,0.0014109611511230469
516,0.012950658798217773,0.014684677124023438,0.0017092227935791016
517,0.011367559432983398,0.008152484893798828,0.0014579296112060547
518,0.008029460906982422,0.011148929595947266,0.0015311241149902344
519,0.009876728057861328,0.015852689743041992,0.0014095306396484375
520,0.009844541549682617,0.012100696563720703,0.001514434814453125
521,0.005690097808837891,0.008397817611694336,0.0013990402221679688
522,0.019817829132080078,0.016811370849609375,0.0013780593872070312
523,0.009982824325561523,0.012584924697875977,0.0013821125030517578
524,0.010349035263061523,0.008985280990600586,0.0014023780822753906
525,0.013058900833129883,0.017402172088623047,0.0014486312866210938
526,0.01058650016784668,0.009270429611206055,0.0013833045959472656
527,0.012344598770141602,0.008148670196533203,0.0013728141784667969
528,0.015326261520385742,0.014843463897705078,0.0013766288757324219
529,0.015060186386108398,0.01475667953491211,0.0013861656188964844
530,0.008748054504394531,0.009441137313842773,0.001416921615600586
531,0.014399290084838867,0.012851476669311523,0.0014109611511230469
532,0.009768486022949219,0.01029515266418457,0.0016863346099853516
533,0.012554168701171875,0.012262105941772461,0.001573324203491211
534,0.013797521591186523,0.013312578201293945,0.001436471939086914
535,0.011669635772705078,0.010216712951660156,0.0015034675598144531
536,0.015364646911621094,0.01579594612121582,0.0014674663543701172
537,0.011032581329345703,0.010041236877441406,0.0014407634735107422
538,0.015880823135375977,0.014689207077026367,0.001405477523803711
539,0.012885570526123047,0.009601593017578125,0.0014467239379882812
540,0.008196115493774414,0.006507158279418945,0.0014486312866210938
541,0.01381683349609375,0.016643047332763672,0.0014567375183105469
542,0.014157772064208984,0.01148533821105957,0.0014214515686035156
543,0.01150655746459961,0.0067288875579833984,0.0014081001281738281
544,0.008030891418457031,0.007866144180297852,0.0014541149139404297
545,0.01151132583618164,0.007101774215698242,0.0014317035675048828
546,0.007880449295043945,0.007899999618530273,0.0015795230865478516
547,0.008509635925292969,0.008945703506469727,0.001392364501953125
548,0.015121936798095703,0.01636958122253418,0.0018002986907958984
549,0.010132789611816406,0.008663654327392578,0.0014340877532958984
550,0.014466285705566406,0.013766765594482422,0.0015032291412353516
551,0.009577035903930664,0.005972623825073242,0.0014698505401611328
552,0.015477657318115234,0.015306472778320312,0.0015499591827392578
553,0.009702205657958984,0.007242679595947266,0.0014345645904541016
554,0.012646198272705078,0.010054826736450195,0.0014028549194335938
555,0.012014389038085938,0.014210939407348633,0.0014057159423828125
556,0.014567375183105469,0.011797428131103516,0.0015482902526855469
557,0.01690506935119629,0.01727604866027832,0.0014083385467529297
558,0.014705419540405273,0.008498907089233398,0.0013973712921142578
559,0.010811567306518555,0.014361143112182617,0.0014121532440185547
560,0.006698131561279297,0.01034092903137207,0.0015139579772949219
561,0.007911443710327148,0.012912988662719727,0.0014908313751220703
562,0.008040428161621094,0.006711244583129883,0.0014848709106445312
563,0.012047052383422852,0.011994361877441406,0.0014612674713134766
564,0.010130882263183594,0.010744571685791016,0.0017881393432617188
565,0.014196395874023438,0.014109373092651367,0.0014712810516357422
566,0.012935161590576172,0.01161956787109375,0.0015118122100830078
567,0.011911869049072266,0.012993574142456055,0.0015101432800292969
568,0.016619443893432617,0.013839244842529297,0.0014452934265136719
569,0.014242410659790039,0.011430740356445312,0.001505136489868164
570,0.014040231704711914,0.014163732528686523,0.0018374919891357422
571,0.011894702911376953,0.010373115539550781,0.0015058517456054688
572,0.01269674301147461,0.014688491821289062,0.0016026496887207031
573,0.008768320083618164,0.006852388381958008,0.001401662826538086
574,0.013934612274169922,0.013342857360839844,0.0015757083892822266
575,0.009097099304199219,0.007564067840576172,0.0013778209686279297
576,0.013250112533569336,0.011380672454833984,0.0015783309936523438
577,0.011211156845092773,0.014133930206298828,0.0014443397521972656
578,0.014055252075195312,0.014159440994262695,0.001600027084350586
579,0.008661031723022461,0.007339000701904297,0.0016460418701171875
580,0.011483192443847656,0.015508651733398438,0.001840829849243164
581,0.012976408004760742,0.012896060943603516,0.0016252994537353516
582,0.007437944412231445,0.011770009994506836,0.0014221668243408203
583,0.009661197662353516,0.01073908805847168,0.0014715194702148438
584,0.012120723724365234,0.012166976928710938,0.0014650821685791016
585,0.012967109680175781,0.011811494827270508,0.0014691352844238281
586,0.014242172241210938,0.014466047286987305,0.0014181137084960938
587,0.01483917236328125,0.011809587478637695,0.001443624496459961
588,0.01837635040283203,0.015068769454956055,0.0015530586242675781
589,0.01581859588623047,0.014793634414672852,0.001390695571899414
590,0.009676694869995117,0.008924722671508789,0.00151824951171875
591,0.010861873626708984,0.009578943252563477,0.0014536380767822266
592,0.009471416473388672,0.007630586624145508,0.0014791488647460938
593,0.012785911560058594,0.01524806022644043,0.0016176700592041016
594,0.010498762130737305,0.008476495742797852,0.0014696121215820312
595,0.011955976486206055,0.011597156524658203,0.0015249252319335938
596,0.01014852523803711,0.011943817138671875,0.0017824172973632812
597,0.014045238494873047,0.013841629028320312,0.0015807151794433594
598,0.014443159103393555,0.013202428817749023,0.0014011859893798828
599,0.015104055404663086,0.015605449676513672,0.001451730728149414
600,0.011879444122314453,0.011681318283081055,0.0015289783477783203
601,0.012344121932983398,0.013510704040527344,0.0014069080352783203
602,0.01372075080871582,0.012855052947998047,0.001544952392578125
603,0.01551055908203125,0.014809608459472656,0.0014519691467285156
604,0.008873701095581055,0.013000249862670898,0.0016131401062011719
605,0.017191648483276367,0.01169443130493164,0.0014607906341552734
606,0.012555122375488281,0.011301994323730469,0.0014367103576660156
607,0.01330256462097168,0.01244211196899414,0.001504659652709961
608,0.017815351486206055,0.010169029235839844,0.00146484375
609,0.016393661499023438,0.016429662704467773,0.0014567375183105469
610,0.014351844787597656,0.011646509170532227,0.0015599727630615234
611,0.01468205451965332,0.015068292617797852,0.0014541149139404297
612,0.015277624130249023,0.01574540138244629,0.0018892288208007812
613,0.014539480209350586,0.013150691986083984,0.0014472007751464844
614,0.011006832122802734,0.009783744812011719,0.001447439193725586
615,0.012517213821411133,0.01380014419555664,0.0014200210571289062
616,0.00854349136352539,0.008559942245483398,0.0014083385467529297
617,0.014915227890014648,0.013210058212280273,0.0014379024505615234
618,0.013277769088745117,0.012214899063110352,0.0014264583587646484
619,0.012146949768066406,0.014371156692504883,0.0015201568603515625
620,0.010829687118530273,0.006499528884887695,0.0014061927795410156
621,0.012985706329345703,0.01409602165222168,0.0015349388122558594
622,0.015516281127929688,0.014642953872680664,0.0014302730560302734
623,0.010947465896606445,0.009995222091674805,0.0014967918395996094
624,0.009929656982421875,0.010649681091308594,0.0014488697052001953
625,0.013452529907226562,0.014514684677124023,0.0014636516571044922
626,0.01095438003540039,0.012047290802001953,0.0014510154724121094
627,0.014261007308959961,0.010989665985107422,0.0014142990112304688
628,0.013105154037475586,0.010767698287963867,0.0017075538635253906
629,0.015757322311401367,0.015000104904174805,0.0014202594757080078
630,0.014183998107910156,0.011313676834106445,0.0014462471008300781
631,0.009631633758544922,0.012580394744873047,0.0015554428100585938
632,0.010197639465332031,0.009564638137817383,0.0014231204986572266
633,0.011768579483032227,0.009337902069091797,0.0014121532440185547
634,0.01537179946899414,0.01373600959777832,0.0014002323150634766
635,0.01300191879272461,0.011927366256713867,0.0015139579772949219
636,0.011587858200073242,0.011935949325561523,0.0013718605041503906
637,0.010539770126342773,0.013147354125976562,0.0015416145324707031
638,0.012232303619384766,0.015221834182739258,0.0014505386352539062
639,0.01543426513671875,0.016184568405151367,0.0014832019805908203
640,0.013082742691040039,0.010678529739379883,0.00146484375
641,0.008736133575439453,0.009161949157714844,0.0014126300811767578
642,0.010826587677001953,0.009394407272338867,0.00147247314453125
643,0.009509086608886719,0.009390115737915039,0.0013625621795654297
644,0.009379863739013672,0.01065969467163086,0.001668691635131836
645,0.009244441986083984,0.008976459503173828,0.0014379024505615234
646,0.009893178939819336,0.010710477828979492,0.0014009475708007812
647,0.012994766235351562,0.01438593864440918,0.0016245841979980469
648,0.011456012725830078,0.011845827102661133,0.0014369487762451172
649,0.013581514358520508,0.01172637939453125,0.0015265941619873047
650,0.015173196792602539,0.013219356536865234,0.0013916492462158203
651,0.013407707214355469,0.014212846755981445,0.001495361328125
652,0.013418912887573242,0.013765335083007812,0.0013544559478759766
653,0.010276556015014648,0.010310888290405273,0.0014405250549316406
654,0.01381993293762207,0.013227462768554688,0.0016252994537353516
655,0.010434627532958984,0.008971691131591797,0.0015139579772949219
656,0.011566638946533203,0.013534784317016602,0.0015819072723388672
657,0.01442718505859375,0.0167233943939209,0.0015265941619873047
658,0.009900093078613281,0.008215904235839844,0.001538991928100586
659,0.015516042709350586,0.014046907424926758,0.0014061927795410156
660,0.016606569290161133,0.014995098114013672,0.001665353775024414
661,0.014455556869506836,0.01356959342956543,0.001523733139038086
662,0.012521982192993164,0.013934850692749023,0.0014226436614990234
663,0.009888172149658203,0.01068258285522461,0.0015077590942382812
664,0.013241291046142578,0.014716863632202148,0.0014717578887939453
665,0.014414548873901367,0.014467716217041016,0.0014798641204833984
666,0.011827707290649414,0.009123086929321289,0.001485586166381836
667,0.010992765426635742,0.009708404541015625,0.0014557838439941406
668,0.012128353118896484,0.010782480239868164,0.0014808177947998047
669,0.012325048446655273,0.009507417678833008,0.001420736312866211
670,0.012088537216186523,0.012795686721801758,0.0013816356658935547
671,0.009992361068725586,0.007938623428344727,0.0014934539794921875
672,0.014161109924316406,0.01564812660217285,0.0014514923095703125
673,0.013657093048095703,0.012573003768920898,0.0014584064483642578
674,0.014708518981933594,0.014920711517333984,0.001405954360961914
675,0.015182733535766602,0.012427568435668945,0.0014431476593017578
676,0.009413003921508789,0.009753704071044922,0.0016429424285888672
677,0.01372385025024414,0.014920711517333984,0.0014700889587402344
678,0.010540008544921875,0.014535903930664062,0.0015017986297607422
679,0.013796091079711914,0.010097503662109375,0.0013916492462158203
680,0.011277198791503906,0.014852285385131836,0.0015292167663574219
681,0.010786294937133789,0.013827323913574219,0.0014472007751464844
682,0.009294509887695312,0.01052403450012207,0.0013933181762695312
683,0.010387182235717773,0.012855768203735352,0.0014350414276123047
684,0.009494781494140625,0.0109405517578125,0.001491546630859375
685,0.011185884475708008,0.013906717300415039,0.0014476776123046875
686,0.014323949813842773,0.015207290649414062,0.0014863014221191406
687,0.012217998504638672,0.011471986770629883,0.001485586166381836
688,0.012358903884887695,0.012822151184082031,0.0014934539794921875
689,0.009488582611083984,0.014599084854125977,0.0014615058898925781
690,0.01320958137512207,0.009433746337890625,0.0014421939849853516
691,0.009635686874389648,0.00923776626586914,0.0015857219696044922
692,0.009832620620727539,0.008189916610717773,0.0016989707946777344
693,0.009212493896484375,0.013620138168334961,0.001428365707397461
694,0.010823488235473633,0.009341955184936523,0.0014986991882324219
695,0.010860443115234375,0.014205217361450195,0.0013980865478515625
696,0.013942480087280273,0.013364315032958984,0.0014789104461669922
697,0.014954566955566406,0.014456987380981445,0.0013937950134277344
698,0.012978076934814453,0.012142658233642578,0.0013682842254638672
699,0.00990438461303711,0.007823944091796875,0.0014843940734863281
700,0.010530710220336914,0.018023252487182617,0.001409292221069336
701,0.014379739761352539,0.015066385269165039,0.001453399658203125
702,0.014509439468383789,0.007408857345581055,0.001409292221069336
703,0.019148826599121094,0.01675581932067871,0.0014994144439697266
704,0.019049882888793945,0.015145063400268555,0.0014841556549072266
705,0.01485896110534668,0.00772404670715332,0.0014705657958984375
706,0.013362884521484375,0.011354446411132812,0.0014383792877197266
707,0.011189937591552734,0.0064580440521240234,0.0014407634735107422
708,0.011920452117919922,0.011303424835205078,0.0016794204711914062
709,0.013029813766479492,0.011450767517089844,0.0015268325805664062
710,0.01351475715637207,0.015642404556274414,0.0014662742614746094
711,0.01742267608642578,0.015495777130126953,0.0014748573303222656
712,0.011436939239501953,0.008549690246582031,0.0013935565948486328
713,0.011452436447143555,0.008588075637817383,0.001485586166381836
714,0.011793851852416992,0.01268458366394043,0.0013935565948486328
715,0.009350776672363281,0.008380651473999023,0.0013949871063232422
716,0.014271259307861328,0.013156414031982422,0.0014235973358154297
717,0.012059926986694336,0.014001131057739258,0.001375436782836914
718,0.013291597366333008,0.015720844268798828,0.0014789104461669922
719,0.015773296356201172,0.014934539794921875,0.0014421939849853516
720,0.01739192008972168,0.018069982528686523,0.001424551010131836
721,0.010116815567016602,0.011046648025512695,0.0014498233795166016
722,0.013661861419677734,0.011101007461547852,0.0015077590942382812
723,0.013788223266601562,0.010387659072875977,0.0014424324035644531
724,0.010025978088378906,0.01080942153930664,0.0016908645629882812
725,0.014544010162353516,0.010829448699951172,0.0014452934265136719
726,0.009893178939819336,0.008482217788696289,0.0014500617980957031
727,0.010692596435546875,0.014009714126586914,0.0014121532440185547
728,0.015179157257080078,0.01380467414855957,0.0013949871063232422
729,0.00923609733581543,0.0071468353271484375,0.001397848129272461
730,0.014384746551513672,0.013565540313720703,0.001382589340209961
731,0.00950479507446289,0.008598804473876953,0.0014333724975585938
732,0.016052722930908203,0.02046036720275879,0.0013816356658935547
733,0.016659259796142578,0.019433259963989258,0.0013594627380371094
734,0.010886669158935547,0.011063337326049805,0.001360177993774414
735,0.01457977294921875,0.014042854309082031,0.0015625953674316406
736,0.01444697380065918,0.013525009155273438,0.001367330551147461
737,0.014996767044067383,0.012956380844116211,0.0013794898986816406
738,0.0145111083984375,0.009901046752929688,0.0015017986297607422
739,0.011731386184692383,0.011865615844726562,0.0014102458953857422
740,0.014960289001464844,0.014224529266357422,0.0017771720886230469
741,0.011807441711425781,0.012504100799560547,0.001438140869140625
742,0.008948802947998047,0.012323379516601562,0.001438140869140625
743,0.014999866485595703,0.016386985778808594,0.0015025138854980469
744,0.013540029525756836,0.011952638626098633,0.001468658447265625
745,0.009856700897216797,0.010927677154541016,0.0014538764953613281
746,0.015793800354003906,0.0157015323638916,0.0014615058898925781
747,0.015701770782470703,0.013683557510375977,0.0014495849609375
748,0.013864994049072266,0.015027046203613281,0.0014629364013671875
749,0.014688253402709961,0.013808012008666992,0.0014100074768066406
750,0.012647390365600586,0.012781858444213867,0.0013494491577148438
751,0.012698888778686523,0.011881113052368164,0.0014460086822509766
752,0.015018939971923828,0.01586127281188965,0.0013949871063232422
753,0.013411283493041992,0.010270833969116211,0.0014934539794921875
754,0.011044502258300781,0.010540962219238281,0.0013952255249023438
755,0.010661840438842773,0.009521484375,0.0014622211456298828
756,0.016521453857421875,0.013758659362792969,0.0016832351684570312
757,0.01697254180908203,0.014291524887084961,0.0014922618865966797
758,0.009473800659179688,0.01155853271484375,0.0015888214111328125
759,0.01235055923461914,0.011187076568603516,0.0014140605926513672
760,0.011642217636108398,0.01641082763671875,0.0015184879302978516
761,0.013818979263305664,0.012051582336425781,0.001377105712890625
762,0.013473987579345703,0.01702427864074707,0.0015025138854980469
763,0.011188745498657227,0.01046895980834961,0.0014467239379882812
764,0.013600826263427734,0.012572050094604492,0.001401662826538086
765,0.013262033462524414,0.014227151870727539,0.0014996528625488281
766,0.012659788131713867,0.010077476501464844,0.0014257431030273438
767,0.007810831069946289,0.01117086410522461,0.0014410018920898438
768,0.010134696960449219,0.008741140365600586,0.0013856887817382812
769,0.009141683578491211,0.007982254028320312,0.0014643669128417969
770,0.011449098587036133,0.011250972747802734,0.0014083385467529297
771,0.010465383529663086,0.015753507614135742,0.0015361309051513672
772,0.01651167869567871,0.016019344329833984,0.0017485618591308594
773,0.012085914611816406,0.010047674179077148,0.0015382766723632812
774,0.012662410736083984,0.012119770050048828,0.0015196800231933594
775,0.009876728057861328,0.012092828750610352,0.001523733139038086
776,0.008909940719604492,0.009183406829833984,0.001428365707397461
777,0.007730960845947266,0.009359598159790039,0.0014300346374511719
778,0.007027387619018555,0.010990142822265625,0.0014526844024658203
779,0.012511968612670898,0.013246774673461914,0.0014069080352783203
780,0.0057277679443359375,0.006243467330932617,0.0014433860778808594
781,0.010346651077270508,0.011222124099731445,0.0013759136199951172
782,0.012788534164428711,0.01563715934753418,0.0013871192932128906
783,0.015337467193603516,0.0192868709564209,0.0014162063598632812
784,0.012734651565551758,0.011219501495361328,0.0014181137084960938
785,0.012674093246459961,0.015512466430664062,0.001438140869140625
786,0.010248422622680664,0.007581472396850586,0.0013802051544189453
787,0.010552644729614258,0.014333009719848633,0.001430511474609375
788,0.01476907730102539,0.016752004623413086,0.0016715526580810547
789,0.01127767562866211,0.015575885772705078,0.0014979839324951172
790,0.009610176086425781,0.01345682144165039,0.0013861656188964844
791,0.009585380554199219,0.008585453033447266,0.001405954360961914
792,0.01060342788696289,0.012542963027954102,0.0014646053314208984
793,0.013675689697265625,0.013084173202514648,0.001425027847290039
794,0.009081602096557617,0.0118865966796875,0.0013985633850097656
795,0.01325225830078125,0.014107942581176758,0.001382589340209961
796,0.008225202560424805,0.00837087631225586,0.0013713836669921875
797,0.015100955963134766,0.015346527099609375,0.0014760494232177734
798,0.016420841217041016,0.01530313491821289,0.0014371871948242188
799,0.011515378952026367,0.0130767822265625,0.001477956771850586
800,0.00679326057434082,0.008893251419067383,0.0014684200286865234
801,0.013351917266845703,0.015404462814331055,0.001440286636352539
802,0.012703180313110352,0.017160892486572266,0.0014948844909667969
803,0.011030197143554688,0.007176876068115234,0.0014522075653076172
804,0.012012958526611328,0.010736942291259766,0.0016596317291259766
805,0.013175249099731445,0.014075994491577148,0.0014538764953613281
806,0.014079093933105469,0.010031938552856445,0.0014281272888183594
807,0.009915590286254883,0.014023780822753906,0.0013911724090576172
808,0.0114898681640625,0.007793426513671875,0.0014927387237548828
809,0.01113438606262207,0.013055562973022461,0.0014553070068359375
810,0.014379739761352539,0.01508021354675293,0.0014736652374267578
811,0.009334802627563477,0.011527538299560547,0.0014357566833496094
812,0.00803685188293457,0.00903773307800293,0.0015015602111816406
813,0.011231660842895508,0.010312795639038086,0.0014958381652832031
814,0.009228706359863281,0.013004779815673828,0.0014166831970214844
815,0.01176905632019043,0.013630151748657227,0.0014891624450683594
816,0.012330055236816406,0.01636481285095215,0.0014150142669677734
817,0.010292530059814453,0.011965274810791016,0.0014553070068359375
818,0.010140657424926758,0.009577751159667969,0.0013937950134277344
819,0.009480714797973633,0.00590062141418457,0.0013420581817626953
820,0.012570858001708984,0.015330076217651367,0.0017132759094238281
821,0.008045673370361328,0.01028299331665039,0.0014836788177490234
822,0.016310691833496094,0.016379594802856445,0.0015249252319335938
823,0.016655683517456055,0.01527857780456543,0.0014238357543945312
824,0.015665769577026367,0.01197504997253418,0.001439809799194336
825,0.01613903045654297,0.01543736457824707,0.001438140869140625
826,0.013801813125610352,0.012558460235595703,0.0013911724090576172
827,0.012540340423583984,0.012311935424804688,0.0014467239379882812
828,0.015564918518066406,0.014793634414672852,0.0014030933380126953
829,0.009503602981567383,0.006597042083740234,0.0014297962188720703
830,0.010966300964355469,0.011088132858276367,0.001384735107421875
831,0.010844945907592773,0.008468866348266602,0.0014493465423583984
832,0.011750221252441406,0.015679359436035156,0.0014376640319824219
833,0.00799417495727539,0.007807493209838867,0.0014896392822265625
834,0.013700246810913086,0.016231298446655273,0.0014662742614746094
835,0.0114593505859375,0.012842178344726562,0.001445770263671875
836,0.010203361511230469,0.011028051376342773,0.0016798973083496094
837,0.013053178787231445,0.014979839324951172,0.0014116764068603516
838,0.008209943771362305,0.011830806732177734,0.0014276504516601562
839,0.01098322868347168,0.012368917465209961,0.0014357566833496094
840,0.015842437744140625,0.012473344802856445,0.0015344619750976562
841,0.008087396621704102,0.012366771697998047,0.0014357566833496094
842,0.011289358139038086,0.015293121337890625,0.0014939308166503906
843,0.008059978485107422,0.007266044616699219,0.001430511474609375
844,0.013389348983764648,0.009468555450439453,0.005408525466918945
845,0.014777421951293945,0.015190601348876953,0.002980947494506836
846,0.006363630294799805,0.009176254272460938,0.0024437904357910156
847,0.008150339126586914,0.01144266128540039,0.002325296401977539
848,0.012364387512207031,0.017930269241333008,0.0021491050720214844
849,0.009645223617553711,0.01576828956604004,0.0016331672668457031
850,0.012989997863769531,0.01144719123840332,0.0014431476593017578
851,0.010290384292602539,0.010131597518920898,0.001428842544555664
852,0.011068105697631836,0.015214204788208008,0.001699686050415039
853,0.017453908920288086,0.016385316848754883,0.0015003681182861328
854,0.016144275665283203,0.012461185455322266,0.0014500617980957031
855,0.011960029602050781,0.015116214752197266,0.0014662742614746094
856,0.01275181770324707,0.014609813690185547,0.0013973712921142578
857,0.01182699203491211,0.019417524337768555,0.0014219284057617188
858,0.016856670379638672,0.012263298034667969,0.0013930797576904297
859,0.012948989868164062,0.01718735694885254,0.001409769058227539
860,0.010452985763549805,0.008468389511108398,0.0014750957489013672
861,0.012290000915527344,0.014744758605957031,0.0014660358428955078
862,0.00978851318359375,0.010044336318969727,0.0015375614166259766
863,0.01166224479675293,0.015567302703857422,0.0014603137969970703
864,0.01242685317993164,0.011834383010864258,0.0015552043914794922
865,0.007064342498779297,0.00952601432800293,0.001417398452758789
866,0.007686138153076172,0.011477231979370117,0.0014538764953613281
867,0.014119625091552734,0.01566314697265625,0.0014834403991699219
868,0.017943382263183594,0.017955541610717773,0.0017812252044677734
869,0.019142866134643555,0.016817808151245117,0.0014734268188476562
870,0.010391950607299805,0.007302045822143555,0.0014312267303466797
871,0.00825810432434082,0.01134181022644043,0.0015003681182861328
872,0.014189720153808594,0.017592668533325195,0.0014998912811279297
873,0.008200883865356445,0.010496377944946289,0.0014905929565429688
874,0.014670133590698242,0.013394594192504883,0.0014209747314453125
875,0.009755134582519531,0.014310359954833984,0.0014061927795410156
876,0.014454364776611328,0.01211094856262207,0.0014145374298095703
877,0.009047269821166992,0.010515213012695312,0.0014693737030029297
878,0.00932168960571289,0.010948896408081055,0.0014443397521972656
879,0.011427640914916992,0.01199960708618164,0.0016086101531982422
880,0.012461423873901367,0.015553951263427734,0.0014827251434326172
881,0.010732173919677734,0.008112668991088867,0.0015037059783935547
882,0.013214111328125,0.013683557510375977,0.0014193058013916016
883,0.010519266128540039,0.011850357055664062,0.0015099048614501953
884,0.014759302139282227,0.014770030975341797,0.0017919540405273438
885,0.010431051254272461,0.012496471405029297,0.0014355182647705078
886,0.016351699829101562,0.017592906951904297,0.0015215873718261719
887,0.012453556060791016,0.012900114059448242,0.0013997554779052734
888,0.014900922775268555,0.016405820846557617,0.001537322998046875
889,0.013382434844970703,0.014471292495727539,0.0013651847839355469
890,0.009883642196655273,0.011684894561767578,0.0014333724975585938
891,0.015244245529174805,0.01349186897277832,0.001421213150024414
892,0.010998249053955078,0.011656761169433594,0.0013966560363769531
893,0.014992475509643555,0.011958837509155273,0.0014071464538574219
894,0.011183738708496094,0.015327215194702148,0.0016307830810546875
895,0.0066068172454833984,0.007096052169799805,0.0014386177062988281
896,0.011040210723876953,0.008980751037597656,0.0015583038330078125
897,0.01626110076904297,0.016256332397460938,0.0014126300811767578
898,0.01229548454284668,0.012100458145141602,0.0014255046844482422
899,0.012591123580932617,0.012479543685913086,0.001455068588256836
900,0.009105443954467773,0.013782262802124023,0.0017457008361816406
901,0.014566183090209961,0.014905214309692383,0.0014467239379882812
902,0.016851425170898438,0.01687169075012207,0.00156402587890625
903,0.01783466339111328,0.013378620147705078,0.0016341209411621094
904,0.011712789535522461,0.012495279312133789,0.0014801025390625
905,0.010110855102539062,0.011774778366088867,0.0016071796417236328
906,0.010513544082641602,0.013458967208862305,0.0014948844909667969
907,0.012876033782958984,0.010509490966796875,0.0014462471008300781
908,0.010788917541503906,0.008910655975341797,0.0013818740844726562
909,0.009988784790039062,0.010749101638793945,0.001416921615600586
910,0.01288151741027832,0.013445138931274414,0.0013613700866699219
911,0.015170812606811523,0.015709400177001953,0.0014691352844238281
912,0.010521173477172852,0.014465808868408203,0.0015668869018554688
913,0.012323617935180664,0.014419794082641602,0.0014758110046386719
914,0.014635801315307617,0.012683391571044922,0.00156402587890625
915,0.013088464736938477,0.013270139694213867,0.0014948844909667969
916,0.011715412139892578,0.011487722396850586,0.0017011165618896484
917,0.011771678924560547,0.01157832145690918,0.0014219284057617188
918,0.01452326774597168,0.014232635498046875,0.0014324188232421875
919,0.011244058609008789,0.014324665069580078,0.001422882080078125
920,0.010722637176513672,0.008903741836547852,0.0013859272003173828
921,0.015409469604492188,0.013927936553955078,0.0013856887817382812
922,0.015020132064819336,0.01596999168395996,0.0014328956604003906
923,0.013812065124511719,0.009253740310668945,0.001384735107421875
924,0.010769128799438477,0.012064933776855469,0.0013823509216308594
925,0.010125160217285156,0.012022256851196289,0.0013773441314697266
926,0.015225410461425781,0.011212348937988281,0.0013887882232666016
927,0.015638351440429688,0.015710115432739258,0.0014023780822753906
928,0.01111292839050293,0.007340908050537109,0.0013990402221679688
929,0.012271404266357422,0.013764381408691406,0.0013668537139892578
930,0.009626388549804688,0.01083683967590332,0.0013501644134521484
931,0.012353181838989258,0.013000249862670898,0.001428365707397461
932,0.013135433197021484,0.011924028396606445,0.0016279220581054688
933,0.014852046966552734,0.014849662780761719,0.0014700889587402344
934,0.012672901153564453,0.013270854949951172,0.0014262199401855469
935,0.009700536727905273,0.012380599975585938,0.0014007091522216797
936,0.010648250579833984,0.012154817581176758,0.0013899803161621094
937,0.010158777236938477,0.009469747543334961,0.0013647079467773438
938,0.016838788986206055,0.01144552230834961,0.001363515853881836
939,0.016254186630249023,0.01611781120300293,0.0014224052429199219
940,0.014873981475830078,0.014376640319824219,0.0013751983642578125
941,0.014452457427978516,0.012029409408569336,0.0013785362243652344
942,0.015486717224121094,0.01579880714416504,0.0014133453369140625
943,0.015049934387207031,0.01553654670715332,0.0014071464538574219
944,0.017659902572631836,0.012255430221557617,0.0013763904571533203
945,0.010169506072998047,0.008187294006347656,0.001373291015625
946,0.008763551712036133,0.007789134979248047,0.0013620853424072266
947,0.01248025894165039,0.013008832931518555,0.0014033317565917969
948,0.013594865798950195,0.009345054626464844,0.0016262531280517578
949,0.008040666580200195,0.00928354263305664,0.0013947486877441406
950,0.01598072052001953,0.013477802276611328,0.001409769058227539
951,0.016067028045654297,0.009064435958862305,0.001392364501953125
952,0.01635146141052246,0.014565706253051758,0.0013730525970458984
953,0.014288902282714844,0.009983539581298828,0.0013451576232910156
954,0.022170066833496094,0.01749110221862793,0.0014050006866455078
955,0.019023418426513672,0.01310586929321289,0.0013775825500488281
956,0.01765727996826172,0.012161970138549805,0.0013537406921386719
957,0.014826059341430664,0.010191917419433594,0.0014677047729492188
958,0.016998767852783203,0.012642621994018555,0.0015447139739990234
959,0.010239362716674805,0.006318092346191406,0.0014729499816894531
960,0.016789913177490234,0.014897823333740234,0.0014836788177490234
961,0.017770767211914062,0.01309514045715332,0.0014438629150390625
962,0.017347335815429688,0.01594400405883789,0.0013976097106933594
963,0.009867191314697266,0.008862495422363281,0.0014269351959228516
964,0.009463310241699219,0.013130903244018555,0.0016512870788574219
965,0.011270284652709961,0.010654211044311523,0.0014503002166748047
966,0.01607346534729004,0.013214826583862305,0.0014238357543945312
967,0.015715360641479492,0.012581825256347656,0.0014767646789550781
968,0.012653827667236328,0.011500358581542969,0.0015382766723632812
969,0.01234889030456543,0.013112545013427734,0.0013892650604248047
970,0.010535240173339844,0.011568069458007812,0.0014424324035644531
971,0.013751029968261719,0.012046098709106445,0.0013680458068847656
972,0.013314485549926758,0.016341447830200195,0.0014116764068603516
973,0.012259483337402344,0.010274887084960938,0.0014150142669677734
974,0.015959978103637695,0.014837265014648438,0.0013942718505859375
975,0.011242151260375977,0.0093841552734375,0.0014226436614990234
976,0.008828163146972656,0.008707046508789062,0.0013740062713623047
977,0.009850025177001953,0.00913238525390625,0.0014009475708007812
978,0.011101961135864258,0.009238719940185547,0.0013384819030761719
979,0.014247894287109375,0.014312267303466797,0.0014107227325439453
980,0.011348724365234375,0.011869192123413086,0.0016522407531738281
981,0.015682697296142578,0.013034343719482422,0.0015363693237304688
982,0.011700630187988281,0.01093149185180664,0.0016908645629882812
983,0.0107421875,0.008397579193115234,0.0015566349029541016
984,0.014582395553588867,0.010328292846679688,0.0015761852264404297
985,0.01011800765991211,0.00966024398803711,0.0013859272003173828
986,0.016582012176513672,0.014794349670410156,0.0014324188232421875
987,0.016130685806274414,0.016044139862060547,0.0014579296112060547
988,0.01388859748840332,0.00772857666015625,0.0014386177062988281
989,0.013931989669799805,0.013555765151977539,0.001420736312866211
990,0.0174560546875,0.013378620147705078,0.0014586448669433594
991,0.01583385467529297,0.011103153228759766,0.0014495849609375
992,0.010373353958129883,0.01149749755859375,0.0014045238494873047
993,0.015149116516113281,0.013777494430541992,0.001359701156616211
994,0.015075206756591797,0.015299081802368164,0.0014011859893798828
995,0.01187586784362793,0.010734319686889648,0.0013988018035888672
996,0.011782169342041016,0.013343095779418945,0.0015933513641357422
997,0.007046699523925781,0.007696866989135742,0.0014107227325439453
998,0.012541532516479492,0.00792074203491211,0.0013992786407470703
999,0.011271953582763672,0.010234355926513672,0.0013630390167236328
1000,0.009333372116088867,0.011641502380371094,0.0013933181762695312
1001,0.01202702522277832,0.011080503463745117,0.00174713134765625
1002,0.019081830978393555,0.016130924224853516,0.0014240741729736328
1003,0.01376199722290039,0.013542652130126953,0.0016543865203857422
1004,0.015822410583496094,0.01364445686340332,0.0014350414276123047
1005,0.01590108871459961,0.011702299118041992,0.0015628337860107422
1006,0.01269984245300293,0.012107372283935547,0.0014615058898925781
1007,0.014435291290283203,0.013451814651489258,0.0014317035675048828
1008,0.011847734451293945,0.0083465576171875,0.0014376640319824219
1009,0.014246940612792969,0.011138200759887695,0.0014052391052246094
1010,0.016359806060791016,0.011156082153320312,0.0014429092407226562
1011,0.013287544250488281,0.013283491134643555,0.0015149116516113281
1012,0.017813444137573242,0.01560068130493164,0.0016200542449951172
1013,0.013922929763793945,0.009572029113769531,0.001558542251586914
1014,0.015230655670166016,0.013085603713989258,0.0014119148254394531
1015,0.009692907333374023,0.013466596603393555,0.0013933181762695312
1016,0.016844749450683594,0.016979455947875977,0.001399993896484375
1017,0.007916450500488281,0.011271953582763672,0.0014438629150390625
1018,0.014142751693725586,0.014183282852172852,0.0014429092407226562
1019,0.018541574478149414,0.013323307037353516,0.0014462471008300781
1020,0.013457059860229492,0.012736082077026367,0.0014002323150634766
1021,0.012197732925415039,0.01305532455444336,0.0014107227325439453
1022,0.013474464416503906,0.010973930358886719,0.0016112327575683594
1023,0.016304492950439453,0.012278079986572266,0.0014171600341796875
1024,0.012508392333984375,0.017142057418823242,0.0015540122985839844
1025,0.009505033493041992,0.007431507110595703,0.0014388561248779297
1026,0.011357545852661133,0.012283802032470703,0.0015985965728759766
1027,0.01289224624633789,0.015222549438476562,0.0015108585357666016
1028,0.014605283737182617,0.012375831604003906,0.0016913414001464844
1029,0.011783123016357422,0.012907981872558594,0.0014672279357910156
1030,0.013312816619873047,0.013783454895019531,0.0014007091522216797
1031,0.011967182159423828,0.011690616607666016,0.0013926029205322266
1032,0.014491796493530273,0.013924598693847656,0.0014405250549316406
1033,0.012099742889404297,0.012726306915283203,0.0013689994812011719
1034,0.014108419418334961,0.015497684478759766,0.0014786720275878906
1035,0.011765003204345703,0.011755704879760742,0.001447439193725586
1036,0.012893199920654297,0.011572122573852539,0.0015556812286376953
1037,0.012260198593139648,0.012609243392944336,0.0014657974243164062
1038,0.012311220169067383,0.014247655868530273,0.0015289783477783203
1039,0.012525796890258789,0.013749361038208008,0.0014438629150390625
1040,0.011107206344604492,0.010878324508666992,0.0015189647674560547
1041,0.014317989349365234,0.011350154876708984,0.001444101333618164
1042,0.015075206756591797,0.01402735710144043,0.0014598369598388672
1043,0.014271974563598633,0.008771896362304688,0.0014488697052001953
1044,0.015020132064819336,0.012149810791015625,0.0017824172973632812
1045,0.014447450637817383,0.014040946960449219,0.0015017986297607422
1046,0.010227203369140625,0.011202812194824219,0.0015163421630859375
1047,0.009593486785888672,0.010247230529785156,0.0014445781707763672
1048,0.015812397003173828,0.013814687728881836,0.0015187263488769531
1049,0.012054681777954102,0.008052587509155273,0.0014247894287109375
1050,0.010143518447875977,0.00854945182800293,0.0014078617095947266
1051,0.013733386993408203,0.01444697380065918,0.0013751983642578125
1052,0.011610031127929688,0.008264303207397461,0.0014040470123291016
1053,0.013604164123535156,0.015741586685180664,0.0015673637390136719
1054,0.014223575592041016,0.012085914611816406,0.001424551010131836
1055,0.008038043975830078,0.007857322692871094,0.0015773773193359375
1056,0.01320958137512207,0.012968301773071289,0.0013921260833740234
1057,0.013672113418579102,0.013083696365356445,0.0015687942504882812
1058,0.01352834701538086,0.013167381286621094,0.001417398452758789
1059,0.015758514404296875,0.013449430465698242,0.0013957023620605469
1060,0.012652873992919922,0.010417699813842773,0.0016973018646240234
1061,0.015528202056884766,0.011701345443725586,0.001432657241821289
1062,0.01738715171813965,0.013088464736938477,0.0014650821685791016
1063,0.014713764190673828,0.014961957931518555,0.0014126300811767578
1064,0.011492490768432617,0.011871576309204102,0.00147247314453125
1065,0.01115727424621582,0.011880874633789062,0.0014848709106445312
1066,0.014640331268310547,0.010937213897705078,0.0013918876647949219
1067,0.01391291618347168,0.013915777206420898,0.0014064311981201172
1068,0.016603946685791016,0.013184547424316406,0.0014524459838867188
1069,0.017663240432739258,0.017775535583496094,0.0015718936920166016
1070,0.01451253890991211,0.01774120330810547,0.0014195442199707031
1071,0.015944242477416992,0.010601997375488281,0.0015392303466796875
1072,0.009415864944458008,0.008991718292236328,0.0014576911926269531
1073,0.011386394500732422,0.009468555450439453,0.001447916030883789
1074,0.014256000518798828,0.014991283416748047,0.0014050006866455078
1075,0.014387845993041992,0.013765573501586914,0.0014126300811767578
1076,0.010417938232421875,0.01305079460144043,0.0017619132995605469
1077,0.011273622512817383,0.010697126388549805,0.0015895366668701172
1078,0.0158846378326416,0.015053987503051758,0.0014815330505371094
1079,0.01427602767944336,0.012679576873779297,0.0015530586242675781
1080,0.01200723648071289,0.011445760726928711,0.001386880874633789
1081,0.012191534042358398,0.01308894157409668,0.0014369487762451172
1082,0.015206336975097656,0.014420270919799805,0.0013935565948486328
1083,0.009626626968383789,0.00978994369506836,0.0014193058013916016
1084,0.01239013671875,0.012990236282348633,0.0014524459838867188
1085,0.009952068328857422,0.010512590408325195,0.0014548301696777344
1086,0.010849237442016602,0.01177072525024414,0.0014674663543701172
1087,0.007710456848144531,0.009617328643798828,0.001422882080078125
1088,0.009836912155151367,0.007920503616333008,0.00144195556640625
1089,0.01518392562866211,0.013152599334716797,0.0014050006866455078
1090,0.010202646255493164,0.007519960403442383,0.0014615058898925781
1091,0.010470867156982422,0.011375904083251953,0.0014505386352539062
1092,0.014920473098754883,0.017347335815429688,0.0018875598907470703
1093,0.015925884246826172,0.015004634857177734,0.0014004707336425781
1094,0.015722990036010742,0.011168479919433594,0.0015017986297607422
1095,0.01246953010559082,0.00867152214050293,0.0014431476593017578
1096,0.012043237686157227,0.011199712753295898,0.0014884471893310547
1097,0.01179194450378418,0.008643150329589844,0.0013821125030517578
1098,0.011498689651489258,0.011425495147705078,0.0014119148254394531
1099,0.00992131233215332,0.012198686599731445,0.0014584064483642578
1100,0.01105356216430664,0.011602163314819336,0.0015969276428222656
1101,0.014710426330566406,0.01040196418762207,0.001399993896484375
1102,0.008849620819091797,0.005240917205810547,0.001550912857055664
1103,0.010124921798706055,0.011467695236206055,0.0014085769653320312
1104,0.009149789810180664,0.01069021224975586,0.001516580581665039
1105,0.011707305908203125,0.014998197555541992,0.0014002323150634766
1106,0.012240409851074219,0.013063669204711914,0.0014355182647705078
1107,0.013921499252319336,0.012690067291259766,0.0014617443084716797
1108,0.010914802551269531,0.010106801986694336,0.0019297599792480469
1109,0.011075735092163086,0.01159358024597168,0.0014650821685791016
1110,0.013619422912597656,0.015590190887451172,0.0015671253204345703
1111,0.013136625289916992,0.0126800537109375,0.0014913082122802734
1112,0.013107538223266602,0.01502680778503418,0.0015158653259277344
1113,0.012256860733032227,0.009338140487670898,0.001375436782836914
1114,0.012563228607177734,0.010825157165527344,0.001382589340209961
1115,0.012729406356811523,0.01074838638305664,0.0013952255249023438
1116,0.012314558029174805,0.01335287094116211,0.0013647079467773438
1117,0.014131546020507812,0.014452934265136719,0.0013794898986816406
1118,0.015600204467773438,0.017148494720458984,0.0015799999237060547
1119,0.01623988151550293,0.014634370803833008,0.0014171600341796875
1120,0.012279272079467773,0.009550809860229492,0.0015404224395751953
1121,0.012975931167602539,0.01762247085571289,0.0015349388122558594
1122,0.013772249221801758,0.014013051986694336,0.0014262199401855469
1123,0.01317453384399414,0.013240575790405273,0.0015206336975097656
1124,0.012720823287963867,0.012617826461791992,0.0017385482788085938
1125,0.011209249496459961,0.009094715118408203,0.0015301704406738281
1126,0.008109569549560547,0.009763956069946289,0.0015175342559814453
1127,0.012251138687133789,0.009578466415405273,0.001489877700805664
1128,0.013748407363891602,0.014883995056152344,0.0014448165893554688
1129,0.016198158264160156,0.016386985778808594,0.0014529228210449219
1130,0.011469841003417969,0.012004375457763672,0.0013964176177978516
1131,0.010465383529663086,0.013589143753051758,0.0013980865478515625
1132,0.011425495147705078,0.0068206787109375,0.0014867782592773438
1133,0.010532140731811523,0.009148359298706055,0.0014240741729736328
1134,0.012629508972167969,0.011635065078735352,0.0015611648559570312
1135,0.010334491729736328,0.011545658111572266,0.001474142074584961
1136,0.013069629669189453,0.014351129531860352,0.0014467239379882812
1137,0.01267695426940918,0.012700080871582031,0.0014519691467285156
1138,0.008485794067382812,0.011443138122558594,0.001468658447265625
1139,0.011968851089477539,0.013144731521606445,0.001447916030883789
1140,0.008797168731689453,0.012695789337158203,0.0017914772033691406
1141,0.011320114135742188,0.010628223419189453,0.0014123916625976562
1142,0.014753341674804688,0.017084836959838867,0.0013856887817382812
1143,0.011874675750732422,0.012870073318481445,0.0014047622680664062
1144,0.011232614517211914,0.008054018020629883,0.0014302730560302734
1145,0.013136625289916992,0.010723352432250977,0.0014309883117675781
1146,0.012411832809448242,0.012384414672851562,0.0014221668243408203
1147,0.012537479400634766,0.012656450271606445,0.0014057159423828125
1148,0.010880708694458008,0.013469696044921875,0.001384735107421875
1149,0.011525392532348633,0.007625579833984375,0.0014824867248535156
1150,0.011097908020019531,0.014198064804077148,0.0014193058013916016
1151,0.011629581451416016,0.012616157531738281,0.0014801025390625
1152,0.01232147216796875,0.010001420974731445,0.0013926029205322266
1153,0.010892868041992188,0.009995698928833008,0.001416921615600586
1154,0.011169195175170898,0.013421058654785156,0.0013952255249023438
1155,0.011799097061157227,0.009263992309570312,0.001402139663696289
1156,0.009516239166259766,0.009262561798095703,0.001787424087524414
1157,0.010579586029052734,0.012675285339355469,0.0014388561248779297
1158,0.008175849914550781,0.009184837341308594,0.001580953598022461
1159,0.0120086669921875,0.01007699966430664,0.0014431476593017578
1160,0.012143373489379883,0.013077735900878906,0.0015861988067626953
1161,0.01469278335571289,0.01470184326171875,0.0014498233795166016
1162,0.014683008193969727,0.015717506408691406,0.00157928466796875
1163,0.016172409057617188,0.012026786804199219,0.0014772415161132812
1164,0.015143156051635742,0.013103961944580078,0.0013823509216308594
1165,0.012159347534179688,0.013479948043823242,0.0014176368713378906
1166,0.01200246810913086,0.011774539947509766,0.0014829635620117188
1167,0.009618520736694336,0.009591341018676758,0.001356363296508789
1168,0.013857364654541016,0.010656118392944336,0.0015137195587158203
1169,0.009580373764038086,0.011298418045043945,0.0013880729675292969
1170,0.010536432266235352,0.011452674865722656,0.0014040470123291016
1171,0.010976552963256836,0.014370918273925781,0.0014505386352539062
1172,0.014821290969848633,0.011590242385864258,0.0016677379608154297
1173,0.016337156295776367,0.018692493438720703,0.0014660358428955078
1174,0.012100934982299805,0.010774374008178711,0.0014295578002929688
1175,0.011168718338012695,0.011499404907226562,0.0014467239379882812
1176,0.01665019989013672,0.01613616943359375,0.001425027847290039
1177,0.014008283615112305,0.016307830810546875,0.0015156269073486328
1178,0.01399850845336914,0.012281417846679688,0.001369476318359375
1179,0.014193058013916016,0.015134811401367188,0.0014939308166503906
1180,0.01775979995727539,0.012773513793945312,0.0014064311981201172
1181,0.016817569732666016,0.0167086124420166,0.0015788078308105469
1182,0.012668848037719727,0.013091325759887695,0.0014309883117675781
1183,0.015001296997070312,0.018014907836914062,0.0013852119445800781
1184,0.008604764938354492,0.00920724868774414,0.001604318618774414
1185,0.008655309677124023,0.010313987731933594,0.0014231204986572266
1186,0.011642932891845703,0.0102081298828125,0.001538991928100586
1187,0.014614582061767578,0.015013694763183594,0.001413106918334961
1188,0.013187408447265625,0.011945962905883789,0.0017828941345214844
1189,0.012228965759277344,0.0108489990234375,0.0014629364013671875
1190,0.015611648559570312,0.014961004257202148,0.0014383792877197266
1191,0.018256425857543945,0.011853456497192383,0.0014009475708007812
1192,0.010185480117797852,0.009972810745239258,0.0014467239379882812
1193,0.008253335952758789,0.011588096618652344,0.0014314651489257812
1194,0.012556314468383789,0.016173601150512695,0.001415252685546875
1195,0.013836145401000977,0.014299392700195312,0.0013887882232666016
1196,0.014199495315551758,0.011844158172607422,0.0013706684112548828
1197,0.008913755416870117,0.012591361999511719,0.0014028549194335938
1198,0.007525920867919922,0.008698225021362305,0.0014438629150390625
1199,0.007936477661132812,0.007733583450317383,0.0014216899871826172
1200,0.010005712509155273,0.011382818222045898,0.0014209747314453125
1201,0.009278059005737305,0.011543512344360352,0.0015871524810791016
1202,0.012019872665405273,0.014455080032348633,0.0014317035675048828
1203,0.013761758804321289,0.011422157287597656,0.0015501976013183594
1204,0.015101194381713867,0.013291120529174805,0.0016872882843017578
1205,0.01415562629699707,0.013882637023925781,0.0015308856964111328
1206,0.014203310012817383,0.013133525848388672,0.001554250717163086
1207,0.012687921524047852,0.013126373291015625,0.0014224052429199219
1208,0.011561393737792969,0.012564897537231445,0.00151824951171875
1209,0.015681982040405273,0.01500391960144043,0.0014696121215820312
1210,0.01633763313293457,0.011957645416259766,0.0015146732330322266
1211,0.013178586959838867,0.012538909912109375,0.0014386177062988281
1212,0.012249231338500977,0.01194620132446289,0.0014040470123291016
1213,0.01081991195678711,0.011002779006958008,0.0014111995697021484
1214,0.009192466735839844,0.009990453720092773,0.0014264583587646484
1215,0.009764671325683594,0.011240959167480469,0.0013971328735351562
1216,0.014654159545898438,0.013801336288452148,0.00135040283203125
1217,0.009904623031616211,0.011028051376342773,0.001451253890991211
1218,0.015065431594848633,0.011538267135620117,0.0013761520385742188
1219,0.014173269271850586,0.017204999923706055,0.001552581787109375
1220,0.012662649154663086,0.013600587844848633,0.0016336441040039062
1221,0.013498306274414062,0.013196468353271484,0.0015544891357421875
1222,0.008187055587768555,0.009399890899658203,0.0014338493347167969
1223,0.010881900787353516,0.011915922164916992,0.001524209976196289
1224,0.014458417892456055,0.012620687484741211,0.0014412403106689453
1225,0.009191751480102539,0.01062464714050293,0.001455545425415039
1226,0.010069608688354492,0.011582136154174805,0.0014119148254394531
1227,0.012227296829223633,0.011293172836303711,0.0014269351959228516
1228,0.012054443359375,0.013923406600952148,0.0014917850494384766
1229,0.014628171920776367,0.015137434005737305,0.001359701156616211
1230,0.009661436080932617,0.007643699645996094,0.0014197826385498047
1231,0.010362386703491211,0.008455753326416016,0.0013661384582519531
1232,0.01209878921508789,0.00894784927368164,0.001455068588256836
1233,0.011324882507324219,0.012483596801757812,0.0014297962188720703
1234,0.008362770080566406,0.009862899780273438,0.0014667510986328125
1235,0.012287139892578125,0.011467933654785156,0.0013992786407470703
1236,0.01004171371459961,0.008142709732055664,0.0017199516296386719
1237,0.01585841178894043,0.015676498413085938,0.0014507770538330078
1238,0.011160850524902344,0.01006174087524414,0.0014064311981201172
1239,0.012854576110839844,0.014123678207397461,0.0015397071838378906
1240,0.018386125564575195,0.014663934707641602,0.0014040470123291016
1241,0.01448965072631836,0.010242938995361328,0.0014886856079101562
1242,0.01273965835571289,0.009627342224121094,0.001390695571899414
1243,0.008163928985595703,0.009034156799316406,0.0014350414276123047
1244,0.011145830154418945,0.010174274444580078,0.0014743804931640625
1245,0.011234283447265625,0.012611865997314453,0.0015857219696044922
1246,0.012174606323242188,0.01309823989868164,0.0014061927795410156
1247,0.012226581573486328,0.012609720230102539,0.0014014244079589844
1248,0.014358043670654297,0.014012813568115234,0.0015628337860107422
1249,0.013703584671020508,0.014685869216918945,0.0014264583587646484
1250,0.01390695571899414,0.011830329895019531,0.0014176368713378906
1251,0.010264873504638672,0.009221076965332031,0.0013661384582519531
1252,0.015639781951904297,0.016479015350341797,0.001710653305053711
1253,0.014451980590820312,0.013096094131469727,0.001439809799194336
1254,0.008686542510986328,0.008450508117675781,0.0014798641204833984
1255,0.007531881332397461,0.006663799285888672,0.0014560222625732422
1256,0.01006317138671875,0.007304191589355469,0.0014181137084960938
1257,0.011799335479736328,0.012184619903564453,0.0014078617095947266
1258,0.013155460357666016,0.015117168426513672,0.0013821125030517578
1259,0.011168956756591797,0.013985872268676758,0.0014417171478271484
1260,0.01604747772216797,0.01610589027404785,0.0015485286712646484
1261,0.015319108963012695,0.015448570251464844,0.001386880874633789
1262,0.019033193588256836,0.011212348937988281,0.0014233589172363281
1263,0.012006521224975586,0.010117053985595703,0.0013833045959472656
1264,0.010746002197265625,0.010985612869262695,0.0014488697052001953
1265,0.013159513473510742,0.012314081192016602,0.0013852119445800781
1266,0.01114654541015625,0.009851694107055664,0.0014162063598632812
1267,0.013580560684204102,0.014586210250854492,0.0013856887817382812
1268,0.007071495056152344,0.007832050323486328,0.001619577407836914
1269,0.014563798904418945,0.014208555221557617,0.00141143798828125
1270,0.011414289474487305,0.008127689361572266,0.0013775825500488281
1271,0.012598276138305664,0.011909246444702148,0.0015528202056884766
1272,0.013710737228393555,0.016327381134033203,0.0013990402221679688
1273,0.015405654907226562,0.015040397644042969,0.0015058517456054688
1274,0.013070106506347656,0.011003255844116211,0.0014307498931884766
1275,0.01119089126586914,0.011424779891967773,0.0014472007751464844
1276,0.006376981735229492,0.005846977233886719,0.0014824867248535156
1277,0.009410381317138672,0.012879133224487305,0.0014369487762451172
1278,0.012020349502563477,0.012070894241333008,0.0014176368713378906
1279,0.014180183410644531,0.013233184814453125,0.0014085769653320312
1280,0.016170501708984375,0.015260696411132812,0.0014696121215820312
1281,0.020012855529785156,0.012171506881713867,0.0014264583587646484
1282,0.010005950927734375,0.010019779205322266,0.0015652179718017578
1283,0.011036396026611328,0.012520313262939453,0.0014154911041259766
1284,0.010929584503173828,0.012478828430175781,0.0017278194427490234
1285,0.007785320281982422,0.010912179946899414,0.001430511474609375
1286,0.008972644805908203,0.01331782341003418,0.0014142990112304688
1287,0.01489877700805664,0.013467073440551758,0.001371622085571289
1288,0.0158078670501709,0.010092735290527344,0.0014564990997314453
1289,0.016217947006225586,0.013857126235961914,0.0013911724090576172
1290,0.012961149215698242,0.012839317321777344,0.001413106918334961
1291,0.011121749877929688,0.012281417846679688,0.0013875961303710938
1292,0.00918436050415039,0.010697603225708008,0.0013897418975830078
1293,0.013254165649414062,0.015360832214355469,0.0015265941619873047
1294,0.013391971588134766,0.013702869415283203,0.0013952255249023438
1295,0.013457298278808594,0.009215354919433594,0.0014684200286865234
1296,0.014110326766967773,0.011949300765991211,0.0014069080352783203
1297,0.014832496643066406,0.015631914138793945,0.001543283462524414
1298,0.013914346694946289,0.012669563293457031,0.0014066696166992188
1299,0.012161493301391602,0.012143850326538086,0.0014057159423828125
1300,0.010642290115356445,0.011166095733642578,0.0017037391662597656
1301,0.016412973403930664,0.01604938507080078,0.0015704631805419922
1302,0.010604381561279297,0.012684345245361328,0.0014865398406982422
1303,0.015362262725830078,0.013700485229492188,0.0014986991882324219
1304,0.014602184295654297,0.010235786437988281,0.00147247314453125
1305,0.015321969985961914,0.012447595596313477,0.0016329288482666016
1306,0.013518810272216797,0.01447153091430664,0.00138092041015625
1307,0.009118080139160156,0.0074694156646728516,0.0015540122985839844
1308,0.015406370162963867,0.015975236892700195,0.0014069080352783203
1309,0.015896081924438477,0.015445232391357422,0.0014064311981201172
1310,0.012925148010253906,0.011410236358642578,0.0014617443084716797
1311,0.010313272476196289,0.011016607284545898,0.0014109611511230469
1312,0.011189460754394531,0.012126445770263672,0.0014863014221191406
1313,0.01163172721862793,0.01127934455871582,0.0014677047729492188
1314,0.014669656753540039,0.016882896423339844,0.0014684200286865234
1315,0.009081125259399414,0.009912967681884766,0.001435995101928711
1316,0.012688398361206055,0.013508796691894531,0.001745462417602539
1317,0.013241052627563477,0.014101266860961914,0.001421213150024414
1318,0.010155439376831055,0.008035421371459961,0.0015194416046142578
1319,0.00878286361694336,0.008321762084960938,0.0014495849609375
1320,0.011495828628540039,0.009156465530395508,0.0014040470123291016
1321,0.014161825180053711,0.015578031539916992,0.0013957023620605469
1322,0.01131582260131836,0.007648468017578125,0.0013623237609863281
1323,0.014263629913330078,0.013394355773925781,0.0014691352844238281
1324,0.014024496078491211,0.01027536392211914,0.0014145374298095703
1325,0.010279178619384766,0.009173154830932617,0.0013904571533203125
1326,0.012538433074951172,0.014478683471679688,0.0014357566833496094
1327,0.010874509811401367,0.0076751708984375,0.0013854503631591797
1328,0.013809919357299805,0.010892868041992188,0.001491546630859375
1329,0.0127410888671875,0.011101007461547852,0.0013992786407470703
1330,0.012895584106445312,0.013781070709228516,0.0015249252319335938
1331,0.012572526931762695,0.013378381729125977,0.0014033317565917969
1332,0.015443801879882812,0.018548250198364258,0.0016980171203613281
1333,0.01425933837890625,0.014261007308959961,0.0014090538024902344
1334,0.014877080917358398,0.013014793395996094,0.0014121532440185547
1335,0.015807151794433594,0.014890909194946289,0.0014033317565917969
1336,0.018732786178588867,0.012875556945800781,0.0014231204986572266
1337,0.012691259384155273,0.010694503784179688,0.00145721435546875
1338,0.011702537536621094,0.01055598258972168,0.0014917850494384766
1339,0.011564254760742188,0.011956453323364258,0.0015861988067626953
1340,0.00827479362487793,0.009673118591308594,0.0014240741729736328
1341,0.007956266403198242,0.011394262313842773,0.0015139579772949219
1342,0.011427640914916992,0.008162498474121094,0.0014469623565673828
1343,0.009444236755371094,0.009537220001220703,0.0014317035675048828
1344,0.012224435806274414,0.010911941528320312,0.0014214515686035156
1345,0.01123046875,0.01354670524597168,0.001413583755493164
1346,0.016168832778930664,0.017248153686523438,0.0014739036560058594
1347,0.012882709503173828,0.007996082305908203,0.001425027847290039
1348,0.011519193649291992,0.015083551406860352,0.0016427040100097656
1349,0.010526895523071289,0.009937286376953125,0.001413583755493164
1350,0.01101064682006836,0.011788129806518555,0.0014033317565917969
1351,0.00899052619934082,0.010377168655395508,0.0013926029205322266
1352,0.013672351837158203,0.014410018920898438,0.00138092041015625
1353,0.015972614288330078,0.013655424118041992,0.001405477523803711
1354,0.01759934425354004,0.011548757553100586,0.0015439987182617188
1355,0.010677099227905273,0.009299755096435547,0.0013763904571533203
1356,0.01105356216430664,0.012883901596069336,0.0014123916625976562
1357,0.012571096420288086,0.012046337127685547,0.0013697147369384766
1358,0.015126943588256836,0.01409292221069336,0.0014088153839111328
1359,0.02233719825744629,0.011881828308105469,0.0014297962188720703
1360,0.014051198959350586,0.014606475830078125,0.0014531612396240234
1361,0.011397838592529297,0.010887384414672852,0.0014107227325439453
1362,0.016030073165893555,0.013746261596679688,0.0014345645904541016
1363,0.018748998641967773,0.01591324806213379,0.0014362335205078125
1364,0.012486696243286133,0.010614395141601562,0.0016665458679199219
1365,0.015572547912597656,0.010398387908935547,0.001444101333618164
1366,0.016381025314331055,0.014725923538208008,0.0014088153839111328
1367,0.015624046325683594,0.01102590560913086,0.0014221668243408203
1368,0.016354799270629883,0.012298345565795898,0.0014126300811767578
1369,0.015975236892700195,0.015862464904785156,0.0014235973358154297
1370,0.018326520919799805,0.01128530502319336,0.0014100074768066406
1371,0.01514887809753418,0.014534950256347656,0.0015676021575927734
1372,0.01592111587524414,0.015392065048217773,0.0016400814056396484
1373,0.016246557235717773,0.01558828353881836,0.0014770030975341797
1374,0.014406442642211914,0.014679908752441406,0.0015985965728759766
1375,0.01146841049194336,0.011350631713867188,0.001451253890991211
1376,0.013763666152954102,0.014797210693359375,0.0014977455139160156
1377,0.014199972152709961,0.00939178466796875,0.0014345645904541016
1378,0.013778448104858398,0.015441656112670898,0.001512289047241211
1379,0.010469198226928711,0.008214473724365234,0.0014545917510986328
1380,0.015092849731445312,0.013908863067626953,0.0018126964569091797
1381,0.016560792922973633,0.015230655670166016,0.0014595985412597656
1382,0.01493978500366211,0.014998674392700195,0.001566171646118164
1383,0.014307975769042969,0.013327598571777344,0.0015482902526855469
1384,0.015790700912475586,0.013244152069091797,0.0015468597412109375
1385,0.01276540756225586,0.010844945907592773,0.0015053749084472656
1386,0.01806640625,0.012374639511108398,0.0015227794647216797
1387,0.011687517166137695,0.009329080581665039,0.0014431476593017578
1388,0.009231805801391602,0.009535551071166992,0.001373291015625
1389,0.011439800262451172,0.007914066314697266,0.001499176025390625
1390,0.017177343368530273,0.01741933822631836,0.0018558502197265625
1391,0.015551328659057617,0.011903524398803711,0.0015094280242919922
1392,0.009973764419555664,0.011080026626586914,0.0013806819915771484
1393,0.011207818984985352,0.008493900299072266,0.001619577407836914
1394,0.012135982513427734,0.008541107177734375,0.0014841556549072266
1395,0.01333475112915039,0.015122413635253906,0.0014338493347167969
1396,0.009134531021118164,0.008810281753540039,0.001733541488647461
1397,0.01124882698059082,0.010508537292480469,0.0014526844024658203
1398,0.00947260856628418,0.012669563293457031,0.0014829635620117188
1399,0.010643482208251953,0.009274959564208984,0.0014047622680664062
1400,0.013367891311645508,0.012967109680175781,0.0014712810516357422
1401,0.00891256332397461,0.009857654571533203,0.0015506744384765625
1402,0.012518882751464844,0.01221323013305664,0.001497507095336914
1403,0.010036468505859375,0.011072158813476562,0.0015397071838378906
1404,0.008633613586425781,0.010938882827758789,0.0014214515686035156
1405,0.007721662521362305,0.0077970027923583984,0.0015175342559814453
1406,0.01485133171081543,0.013495922088623047,0.0014164447784423828
1407,0.01813673973083496,0.017261266708374023,0.0014247894287109375
1408,0.01755213737487793,0.011288642883300781,0.001447439193725586
1409,0.010890722274780273,0.008722782135009766,0.0015354156494140625
1410,0.015563726425170898,0.016115188598632812,0.0013823509216308594
1411,0.014229536056518555,0.014887809753417969,0.0015540122985839844
1412,0.015088558197021484,0.014549732208251953,0.0016586780548095703
1413,0.011470794677734375,0.012243270874023438,0.00142669677734375
1414,0.015275716781616211,0.010741710662841797,0.0014181137084960938
1415,0.012349605560302734,0.010608673095703125,0.0015020370483398438
1416,0.008864164352416992,0.01065683364868164,0.0014595985412597656
1417,0.013088226318359375,0.012616872787475586,0.0014274120330810547
1418,0.017108678817749023,0.014854669570922852,0.0014569759368896484
1419,0.010725021362304688,0.01127314567565918,0.0015704631805419922
1420,0.011216402053833008,0.012161970138549805,0.001443624496459961
1421,0.01561117172241211,0.016811132431030273,0.0015377998352050781
1422,0.011221885681152344,0.008968830108642578,0.0014505386352539062
1423,0.01313924789428711,0.014858722686767578,0.0015366077423095703
1424,0.013945341110229492,0.015036344528198242,0.0014340877532958984
1425,0.009804964065551758,0.011099815368652344,0.0013561248779296875
1426,0.009660482406616211,0.008264303207397461,0.0014476776123046875
1427,0.012550115585327148,0.013089179992675781,0.0013630390167236328
1428,0.01430201530456543,0.01433563232421875,0.0017592906951904297
1429,0.011270523071289062,0.007097721099853516,0.0013575553894042969
1430,0.015970468521118164,0.015231609344482422,0.001422882080078125
1431,0.0131988525390625,0.012268543243408203,0.0014917850494384766
1432,0.015172243118286133,0.013081550598144531,0.0014491081237792969
1433,0.010789155960083008,0.010192394256591797,0.0014328956604003906
1434,0.013720512390136719,0.01304006576538086,0.0014579296112060547
1435,0.015172004699707031,0.016984939575195312,0.0014946460723876953
1436,0.012663602828979492,0.008716106414794922,0.001405954360961914
1437,0.008755683898925781,0.007712364196777344,0.0014548301696777344
1438,0.01230168342590332,0.01430654525756836,0.001598358154296875
1439,0.016562700271606445,0.012999534606933594,0.0014219284057617188
1440,0.01627802848815918,0.016378164291381836,0.0015799999237060547
1441,0.011325836181640625,0.011090755462646484,0.001394033432006836
1442,0.01161813735961914,0.00939488410949707,0.001409769058227539
1443,0.014264583587646484,0.014952421188354492,0.0014886856079101562
1444,0.015517234802246094,0.01671886444091797,0.0017163753509521484
1445,0.012404918670654297,0.011970043182373047,0.001528024673461914
1446,0.01314234733581543,0.01181340217590332,0.0015952587127685547
1447,0.013564586639404297,0.01250910758972168,0.0014748573303222656
1448,0.016723155975341797,0.015727996826171875,0.001516580581665039
1449,0.013867616653442383,0.012240886688232422,0.0014729499816894531
1450,0.012186288833618164,0.01168513298034668,0.0014986991882324219
1451,0.011788606643676758,0.013314247131347656,0.0014183521270751953
1452,0.0063707828521728516,0.007708072662353516,0.0014657974243164062
1453,0.014093160629272461,0.014103412628173828,0.0014586448669433594
1454,0.014036417007446289,0.01638031005859375,0.0015282630920410156
1455,0.010962486267089844,0.011425495147705078,0.0014460086822509766
1456,0.014234304428100586,0.008933067321777344,0.0014116764068603516
1457,0.013909578323364258,0.014574050903320312,0.0014536380767822266
1458,0.011963129043579102,0.011733770370483398,0.0013918876647949219
1459,0.008794307708740234,0.00787043571472168,0.0014157295227050781
1460,0.013981819152832031,0.019961833953857422,0.0016813278198242188
1461,0.014547586441040039,0.015983104705810547,0.0014681816101074219
1462,0.01598834991455078,0.014781951904296875,0.0013918876647949219
1463,0.015323400497436523,0.01821613311767578,0.0014107227325439453
1464,0.00934743881225586,0.012388467788696289,0.0016133785247802734
1465,0.01300048828125,0.014573812484741211,0.0014176368713378906
1466,0.011196136474609375,0.007831096649169922,0.0015583038330078125
1467,0.011221647262573242,0.010100364685058594,0.0014233589172363281
1468,0.012789011001586914,0.011570453643798828,0.00146484375
1469,0.009540081024169922,0.00851750373840332,0.0014188289642333984
1470,0.013902902603149414,0.014801502227783203,0.0014464855194091797
1471,0.009943008422851562,0.012712717056274414,0.0013844966888427734
1472,0.011651992797851562,0.013068914413452148,0.0014743804931640625
1473,0.010337114334106445,0.01230311393737793,0.0013992786407470703
1474,0.014515161514282227,0.012776613235473633,0.0014193058013916016
1475,0.01439976692199707,0.017149686813354492,0.0013723373413085938
1476,0.008355140686035156,0.007725715637207031,0.0016779899597167969
1477,0.013337135314941406,0.011725425720214844,0.0014011859893798828
1478,0.010457754135131836,0.010804414749145508,0.0014100074768066406
1479,0.013512134552001953,0.011895418167114258,0.00141143798828125
1480,0.013566970825195312,0.015709877014160156,0.0014071464538574219
1481,0.012151718139648438,0.010274171829223633,0.0014607906341552734
1482,0.015411376953125,0.015388011932373047,0.0013897418975830078
1483,0.014037609100341797,0.016755104064941406,0.0015411376953125
1484,0.007699489593505859,0.009759664535522461,0.001383066177368164
1485,0.010920286178588867,0.01313161849975586,0.0014226436614990234
1486,0.010303735733032227,0.015926361083984375,0.0013885498046875
1487,0.015421152114868164,0.012352943420410156,0.0014040470123291016
1488,0.010673284530639648,0.010147333145141602,0.0013704299926757812
1489,0.011080503463745117,0.012543439865112305,0.0014302730560302734
1490,0.014060020446777344,0.015781164169311523,0.001386404037475586
1491,0.012901067733764648,0.014683008193969727,0.0014073848724365234
1492,0.014028549194335938,0.016377687454223633,0.001674652099609375
1493,0.014721870422363281,0.00946044921875,0.0015516281127929688
1494,0.006127595901489258,0.0072057247161865234,0.0014495849609375
1495,0.01430201530456543,0.01391458511352539,0.0015306472778320312
1496,0.010207891464233398,0.008318185806274414,0.0014617443084716797
1497,0.011741399765014648,0.012273073196411133,0.001537322998046875
1498,0.009920835494995117,0.009178876876831055,0.0014224052429199219
1499,0.012868165969848633,0.01395273208618164,0.0014662742614746094
1500,0.010741472244262695,0.007938385009765625,0.001645803451538086
1501,0.012793779373168945,0.01413106918334961,0.0014088153839111328
1502,0.009671211242675781,0.009725809097290039,0.0015516281127929688
1503,0.009272098541259766,0.013307809829711914,0.0013742446899414062
1504,0.01048898696899414,0.012322425842285156,0.0014407634735107422
1505,0.01318216323852539,0.012575149536132812,0.0014166831970214844
1506,0.014897346496582031,0.01646709442138672,0.0014100074768066406
1507,0.015729188919067383,0.012712717056274414,0.0013327598571777344
1508,0.01414942741394043,0.014082670211791992,0.0016491413116455078
1509,0.014576911926269531,0.01328134536743164,0.0015380382537841797
1510,0.012703180313110352,0.012151479721069336,0.0014116764068603516
1511,0.012605428695678711,0.014973163604736328,0.0015304088592529297
1512,0.011160135269165039,0.010767936706542969,0.0014562606811523438
1513,0.014004707336425781,0.014697074890136719,0.0015871524810791016
1514,0.011664390563964844,0.011061906814575195,0.0014467239379882812
1515,0.009172916412353516,0.011109590530395508,0.0015587806701660156
1516,0.01563096046447754,0.012002944946289062,0.0014603137969970703
1517,0.010225296020507812,0.010547399520874023,0.0014491081237792969
1518,0.010950088500976562,0.013408422470092773,0.001539468765258789
1519,0.00910186767578125,0.010489463806152344,0.0014235973358154297
1520,0.010630130767822266,0.013314962387084961,0.0015492439270019531
1521,0.012639284133911133,0.013909578323364258,0.0014193058013916016
1522,0.012487411499023438,0.011339187622070312,0.0014650821685791016
1523,0.010259628295898438,0.00906825065612793,0.001428842544555664
1524,0.007486820220947266,0.0070934295654296875,0.0016891956329345703
1525,0.013220548629760742,0.01614689826965332,0.001397848129272461
1526,0.013062477111816406,0.012372732162475586,0.0015604496002197266
1527,0.010241270065307617,0.008293390274047852,0.0014269351959228516
1528,0.018006086349487305,0.010635614395141602,0.0015189647674560547
1529,0.010230541229248047,0.009176254272460938,0.0014166831970214844
1530,0.012180566787719727,0.009394168853759766,0.0015056133270263672
1531,0.01444387435913086,0.015106678009033203,0.0014126300811767578
1532,0.010788917541503906,0.009359598159790039,0.0014755725860595703
1533,0.01536870002746582,0.01314234733581543,0.0013976097106933594
1534,0.015284299850463867,0.013890743255615234,0.0014684200286865234
1535,0.014173507690429688,0.015455484390258789,0.0014281272888183594
1536,0.007128238677978516,0.008979082107543945,0.001344919204711914
1537,0.010168790817260742,0.012865066528320312,0.0013937950134277344
1538,0.014789581298828125,0.013670206069946289,0.00152587890625
1539,0.011038541793823242,0.007669210433959961,0.001402139663696289
1540,0.014555692672729492,0.015508413314819336,0.001664876937866211
1541,0.016166210174560547,0.015055418014526367,0.001416921615600586
1542,0.014100313186645508,0.01241922378540039,0.001405954360961914
1543,0.010040283203125,0.009897947311401367,0.0014030933380126953
1544,0.009663105010986328,0.0071446895599365234,0.001447439193725586
1545,0.01482248306274414,0.016692638397216797,0.001422882080078125
1546,0.011990785598754883,0.009829044342041016,0.0014603137969970703
1547,0.01298069953918457,0.010801076889038086,0.0014290809631347656
1548,0.017592191696166992,0.0168454647064209,0.0014100074768066406
1549,0.015831470489501953,0.017441749572753906,0.0014758110046386719
1550,0.010262012481689453,0.011254549026489258,0.0015306472778320312
1551,0.012000322341918945,0.011462926864624023,0.0014586448669433594
1552,0.012832880020141602,0.012607574462890625,0.0015099048614501953
1553,0.014607906341552734,0.015531063079833984,0.0014476776123046875
1554,0.014366865158081055,0.012687206268310547,0.0014896392822265625
1555,0.011761903762817383,0.010761737823486328,0.001405477523803711
1556,0.009487628936767578,0.01159048080444336,0.0017137527465820312
1557,0.014055013656616211,0.01640605926513672,0.0014579296112060547
1558,0.014333724975585938,0.013368844985961914,0.0014183521270751953
1559,0.014806509017944336,0.011331319808959961,0.0016095638275146484
1560,0.008303403854370117,0.011338233947753906,0.0015444755554199219
1561,0.006540775299072266,0.005640506744384766,0.0015325546264648438
1562,0.00722193717956543,0.011588096618652344,0.0015263557434082031
1563,0.014541387557983398,0.015908002853393555,0.0015325546264648438
1564,0.008846759796142578,0.014055252075195312,0.0015285015106201172
1565,0.011860370635986328,0.011137247085571289,0.0016074180603027344
1566,0.010533332824707031,0.013230323791503906,0.0013883113861083984
1567,0.010131120681762695,0.008168458938598633,0.0013933181762695312
1568,0.007135629653930664,0.01086735725402832,0.0013632774353027344
1569,0.006455183029174805,0.009175539016723633,0.001550912857055664
1570,0.009005546569824219,0.010529756546020508,0.0014567375183105469
1571,0.007977485656738281,0.012686729431152344,0.0015571117401123047
1572,0.015763521194458008,0.016469717025756836,0.00176239013671875
1573,0.012688636779785156,0.01238560676574707,0.0015935897827148438
1574,0.011983871459960938,0.013955116271972656,0.0014681816101074219
1575,0.010822296142578125,0.010208368301391602,0.0014100074768066406
1576,0.010174274444580078,0.015684843063354492,0.0014522075653076172
1577,0.010998964309692383,0.012961149215698242,0.0013835430145263672
1578,0.01691722869873047,0.01714301109313965,0.0014109611511230469
1579,0.012920141220092773,0.010933876037597656,0.0013821125030517578
1580,0.010967731475830078,0.011318206787109375,0.0015325546264648438
1581,0.010485172271728516,0.011492252349853516,0.0014960765838623047
1582,0.013277769088745117,0.008332014083862305,0.0015306472778320312
1583,0.012389659881591797,0.011925220489501953,0.0014328956604003906
1584,0.012629032135009766,0.010376691818237305,0.0014510154724121094
1585,0.006839275360107422,0.007914304733276367,0.0018458366394042969
1586,0.012039422988891602,0.00850057601928711,0.0015354156494140625
1587,0.009617805480957031,0.009724855422973633,0.0014476776123046875
1588,0.013131380081176758,0.011182069778442383,0.0017120838165283203
1589,0.010282278060913086,0.013663530349731445,0.0015225410461425781
1590,0.009056329727172852,0.007361650466918945,0.0014421939849853516
1591,0.015296459197998047,0.011930704116821289,0.0014693737030029297
1592,0.013913869857788086,0.009969234466552734,0.001451253890991211
1593,0.007941007614135742,0.006132602691650391,0.0014650821685791016
1594,0.01080012321472168,0.012685537338256836,0.0014278888702392578
1595,0.009252548217773438,0.008342504501342773,0.0014791488647460938
1596,0.00969243049621582,0.009901046752929688,0.0015451908111572266
1597,0.011754989624023438,0.015502452850341797,0.0015130043029785156
1598,0.007093191146850586,0.010899782180786133,0.0014128684997558594
1599,0.006958961486816406,0.010703325271606445,0.0014646053314208984
1600,0.012689352035522461,0.010964632034301758,0.00147247314453125
1601,0.010387182235717773,0.008821725845336914,0.0014901161193847656
1602,0.010617494583129883,0.011638879776000977,0.0014607906341552734
1603,0.011121273040771484,0.01452183723449707,0.0014302730560302734
1604,0.015045642852783203,0.015462398529052734,0.0016570091247558594
1605,0.013590812683105469,0.008933067321777344,0.0014562606811523438
1606,0.01569819450378418,0.013330698013305664,0.0016164779663085938
1607,0.010968685150146484,0.010283470153808594,0.0014214515686035156
1608,0.015766382217407227,0.016676902770996094,0.0015411376953125
1609,0.014880180358886719,0.011047124862670898,0.0014061927795410156
1610,0.01507258415222168,0.012548446655273438,0.0014333724975585938
1611,0.012735843658447266,0.012158393859863281,0.0013740062713623047
1612,0.007206916809082031,0.00874018669128418,0.0014386177062988281
1613,0.009198188781738281,0.008551359176635742,0.0014557838439941406
1614,0.010431766510009766,0.011405229568481445,0.0014657974243164062
1615,0.009918212890625,0.01052546501159668,0.0014591217041015625
1616,0.013015508651733398,0.013453006744384766,0.0014536380767822266
1617,0.013927698135375977,0.013309478759765625,0.001508951187133789
1618,0.016407489776611328,0.015388250350952148,0.0014123916625976562
1619,0.01607227325439453,0.017157793045043945,0.0014309883117675781
1620,0.009839296340942383,0.014214754104614258,0.0018756389617919922
1621,0.014974594116210938,0.011850595474243164,0.0014717578887939453
1622,0.014983415603637695,0.012834548950195312,0.0014560222625732422
1623,0.015029430389404297,0.012514352798461914,0.001455068588256836
1624,0.016698360443115234,0.010899066925048828,0.0014853477478027344
1625,0.013647317886352539,0.012083292007446289,0.0014834403991699219
1626,0.013988971710205078,0.015027999877929688,0.0014677047729492188
1627,0.01841115951538086,0.013665437698364258,0.0014736652374267578
1628,0.0174868106842041,0.016800642013549805,0.0013973712921142578
1629,0.017010211944580078,0.017138957977294922,0.0015285015106201172
1630,0.012386798858642578,0.011541128158569336,0.0014176368713378906
1631,0.013542413711547852,0.015064716339111328,0.001600027084350586
1632,0.01610732078552246,0.014353275299072266,0.0015339851379394531
1633,0.011162042617797852,0.011983156204223633,0.0015215873718261719
1634,0.009374618530273438,0.011230707168579102,0.0014536380767822266
1635,0.006788969039916992,0.009176969528198242,0.0014581680297851562
1636,0.006113290786743164,0.0068433284759521484,0.0017189979553222656
1637,0.013141870498657227,0.009421348571777344,0.0015213489532470703
1638,0.01134943962097168,0.013700008392333984,0.0014269351959228516
1639,0.013947725296020508,0.014031648635864258,0.0014333724975585938
1640,0.01522064208984375,0.014239311218261719,0.0014843940734863281
1641,0.012636184692382812,0.012802362442016602,0.0014162063598632812
1642,0.008423566818237305,0.011381149291992188,0.0014197826385498047
1643,0.00939321517944336,0.008923768997192383,0.0015423297882080078
1644,0.007117271423339844,0.0068569183349609375,0.001447916030883789
1645,0.009951353073120117,0.00853109359741211,0.0015516281127929688
1646,0.010442495346069336,0.01267385482788086,0.0015947818756103516
1647,0.013777971267700195,0.014015436172485352,0.0014717578887939453
1648,0.009855508804321289,0.014371395111083984,0.0015149116516113281
1649,0.0071563720703125,0.004780292510986328,0.0014581680297851562
1650,0.012199640274047852,0.010514259338378906,0.001489877700805664
1651,0.012725114822387695,0.013050556182861328,0.0014750957489013672
1652,0.011740446090698242,0.013176918029785156,0.0019681453704833984
1653,0.012664556503295898,0.012907266616821289,0.0015020370483398438
1654,0.013978242874145508,0.012814044952392578,0.0016925334930419922
1655,0.014205694198608398,0.011148929595947266,0.0014998912811279297
1656,0.01783466339111328,0.015661239624023438,0.0014111995697021484
1657,0.014852762222290039,0.012995481491088867,0.001397848129272461
1658,0.013826608657836914,0.013212203979492188,0.001455545425415039
1659,0.011684417724609375,0.00979757308959961,0.0014629364013671875
1660,0.015486478805541992,0.01467275619506836,0.0015134811401367188
1661,0.012425661087036133,0.010061264038085938,0.0015382766723632812
1662,0.012566328048706055,0.011272192001342773,0.0014684200286865234
1663,0.016188621520996094,0.014710426330566406,0.0014793872833251953
1664,0.014056682586669922,0.015105724334716797,0.0014791488647460938
1665,0.00986337661743164,0.008422613143920898,0.0014467239379882812
1666,0.011301994323730469,0.00854349136352539,0.0014379024505615234
1667,0.013884544372558594,0.014435529708862305,0.0015001296997070312
1668,0.012536764144897461,0.014672040939331055,0.0017211437225341797
1669,0.00949716567993164,0.008696556091308594,0.0015063285827636719
1670,0.012706518173217773,0.010876893997192383,0.0014166831970214844
1671,0.014912128448486328,0.014044761657714844,0.0014126300811767578
1672,0.018683195114135742,0.013161420822143555,0.0013926029205322266
1673,0.013985395431518555,0.0128021240234375,0.0014176368713378906
1674,0.015948772430419922,0.015584945678710938,0.001458883285522461
1675,0.011855125427246094,0.011286497116088867,0.0014395713806152344
1676,0.011893510818481445,0.011969566345214844,0.0014696121215820312
1677,0.012788772583007812,0.011635541915893555,0.0014824867248535156
1678,0.013514518737792969,0.015829086303710938,0.0014657974243164062
1679,0.01817774772644043,0.016317129135131836,0.0014393329620361328
1680,0.011489629745483398,0.011235237121582031,0.0017077922821044922
1681,0.011414051055908203,0.006838798522949219,0.00148773193359375
1682,0.00953221321105957,0.008724689483642578,0.0016214847564697266
1683,0.01439809799194336,0.015245914459228516,0.0014290809631347656
1684,0.01578664779663086,0.01085519790649414,0.0018494129180908203
1685,0.01485753059387207,0.014252424240112305,0.0014731884002685547
1686,0.01537632942199707,0.014889001846313477,0.0014438629150390625
1687,0.009783506393432617,0.011133193969726562,0.0014805793762207031
1688,0.012473106384277344,0.010993719100952148,0.001537322998046875
1689,0.009249448776245117,0.009633302688598633,0.0014903545379638672
1690,0.011102437973022461,0.006948232650756836,0.001447439193725586
1691,0.016588449478149414,0.016305208206176758,0.0014600753784179688
1692,0.010450124740600586,0.00809168815612793,0.0016028881072998047
1693,0.013585805892944336,0.01241612434387207,0.001422882080078125
1694,0.013926982879638672,0.013838529586791992,0.001516103744506836
1695,0.016742229461669922,0.016048431396484375,0.0014252662658691406
1696,0.016104936599731445,0.014936447143554688,0.0014977455139160156
1697,0.01746678352355957,0.016091108322143555,0.0014150142669677734
1698,0.012738227844238281,0.010398149490356445,0.0014314651489257812
1699,0.014895915985107422,0.015741586685180664,0.001428365707397461
1700,0.012744665145874023,0.013778924942016602,0.001706838607788086
1701,0.014307975769042969,0.013924360275268555,0.0014424324035644531
1702,0.013653278350830078,0.009113550186157227,0.0014259815216064453
1703,0.01569390296936035,0.017983198165893555,0.001468658447265625
1704,0.012825250625610352,0.012980461120605469,0.0014925003051757812
1705,0.014706850051879883,0.011354446411132812,0.0014731884002685547
1706,0.01923394203186035,0.01683330535888672,0.0014574527740478516
1707,0.015487432479858398,0.01275014877319336,0.0014414787292480469
1708,0.014734506607055664,0.013615131378173828,0.0014798641204833984
1709,0.0113525390625,0.010645151138305664,0.0014338493347167969
1710,0.011374711990356445,0.00892782211303711,0.00136566162109375
1711,0.009210586547851562,0.009379386901855469,0.0014417171478271484
1712,0.013399839401245117,0.01373910903930664,0.001451730728149414
1713,0.014946222305297852,0.010205984115600586,0.0014202594757080078
1714,0.013776779174804688,0.014454126358032227,0.0014011859893798828
1715,0.008654117584228516,0.009760141372680664,0.0014433860778808594
1716,0.007085084915161133,0.005987405776977539,0.001726388931274414
1717,0.007827281951904297,0.010378360748291016,0.001505136489868164
1718,0.008598804473876953,0.009004354476928711,0.0014491081237792969
1719,0.009833335876464844,0.011098146438598633,0.0016655921936035156
1720,0.0158846378326416,0.014965534210205078,0.0015568733215332031
1721,0.01649022102355957,0.014476776123046875,0.001631021499633789
1722,0.011260747909545898,0.011945009231567383,0.0014908313751220703
1723,0.013213396072387695,0.013524055480957031,0.0015740394592285156
1724,0.01265096664428711,0.016122817993164062,0.0014801025390625
1725,0.01441335678100586,0.015206336975097656,0.0014595985412597656
1726,0.010052919387817383,0.00934743881225586,0.0014462471008300781
1727,0.012204885482788086,0.012048959732055664,0.0014657974243164062
1728,0.011693716049194336,0.01230478286743164,0.00150299072265625
1729,0.01203012466430664,0.010659933090209961,0.0014271736145019531
1730,0.012387275695800781,0.011645078659057617,0.0014543533325195312
1731,0.012047290802001953,0.010670900344848633,0.001420736312866211
1732,0.012095212936401367,0.012013912200927734,0.0017213821411132812
1733,0.010634183883666992,0.01083517074584961,0.0014412403106689453
1734,0.006403446197509766,0.00652313232421875,0.0016629695892333984
1735,0.009256362915039062,0.009509563446044922,0.0014977455139160156
1736,0.007019758224487305,0.007879972457885742,0.0016300678253173828
1737,0.00757598876953125,0.008347749710083008,0.0014395713806152344
1738,0.0069751739501953125,0.010516881942749023,0.0015017986297607422
1739,0.01718425750732422,0.01770806312561035,0.001497507095336914
1740,0.014900684356689453,0.01541757583618164,0.0014824867248535156
1741,0.013840913772583008,0.013528585433959961,0.0014705657958984375
1742,0.008078813552856445,0.011836051940917969,0.0014781951904296875
1743,0.009255170822143555,0.013935327529907227,0.0014948844909667969
1744,0.013934135437011719,0.012525796890258789,0.0014564990997314453
1745,0.011589527130126953,0.018071889877319336,0.0014662742614746094
1746,0.01125478744506836,0.011757850646972656,0.0014176368713378906
1747,0.016514062881469727,0.015865564346313477,0.0014002323150634766
1748,0.017667055130004883,0.015428304672241211,0.001878976821899414
1749,0.0190579891204834,0.01952528953552246,0.001600027084350586
1750,0.011010408401489258,0.013111352920532227,0.0015332698822021484
1751,0.016216516494750977,0.01811838150024414,0.001470327377319336
1752,0.012598037719726562,0.010003328323364258,0.0016143321990966797
1753,0.007902860641479492,0.010191202163696289,0.0014810562133789062
1754,0.0074689388275146484,0.008936166763305664,0.0015761852264404297
1755,0.006925106048583984,0.008006095886230469,0.0015499591827392578
1756,0.009978771209716797,0.011677026748657227,0.001445770263671875
1757,0.008599281311035156,0.01133584976196289,0.0015485286712646484
1758,0.012404203414916992,0.011055707931518555,0.0013742446899414062
1759,0.008241415023803711,0.012946844100952148,0.0016078948974609375
1760,0.008042097091674805,0.0066106319427490234,0.001875162124633789
1761,0.014080524444580078,0.012420892715454102,0.0014386177062988281
1762,0.010343790054321289,0.015658855438232422,0.001711130142211914
1763,0.010736227035522461,0.012603998184204102,0.001416921615600586
1764,0.008491277694702148,0.012102127075195312,0.0018258094787597656
1765,0.013345003128051758,0.01386260986328125,0.0014777183532714844
1766,0.009992599487304688,0.013912200927734375,0.001552581787109375
1767,0.009308815002441406,0.011717796325683594,0.0016942024230957031
1768,0.0073854923248291016,0.011656999588012695,0.001560211181640625
1769,0.011460065841674805,0.015146970748901367,0.0015423297882080078
1770,0.012379169464111328,0.01708221435546875,0.0015621185302734375
1771,0.015006303787231445,0.017011404037475586,0.0015034675598144531
1772,0.011250734329223633,0.015331268310546875,0.0015263557434082031
1773,0.014488458633422852,0.011901617050170898,0.0014681816101074219
1774,0.01499032974243164,0.010928153991699219,0.0014891624450683594
1775,0.014414787292480469,0.013035058975219727,0.0015673637390136719
1776,0.009579658508300781,0.011041879653930664,0.001506805419921875
1777,0.011384010314941406,0.013910055160522461,0.0015158653259277344
1778,0.014389276504516602,0.014679431915283203,0.001489877700805664
1779,0.015546083450317383,0.012134790420532227,0.0015761852264404297
1780,0.014276742935180664,0.015240192413330078,0.001722097396850586
1781,0.013360261917114258,0.012186288833618164,0.0014722347259521484
1782,0.00963139533996582,0.008900642395019531,0.0014505386352539062
1783,0.011897087097167969,0.01601576805114746,0.001443624496459961
1784,0.011268377304077148,0.014564037322998047,0.001512765884399414
1785,0.014999866485595703,0.015380382537841797,0.0015842914581298828
1786,0.00823974609375,0.009813308715820312,0.0013890266418457031
1787,0.013338565826416016,0.013374090194702148,0.0014650821685791016
1788,0.010105133056640625,0.013011932373046875,0.0014379024505615234
1789,0.012537240982055664,0.01288604736328125,0.001489877700805664
1790,0.014105796813964844,0.009862661361694336,0.0014188289642333984
1791,0.01618218421936035,0.01578974723815918,0.0015153884887695312
1792,0.012769222259521484,0.016634702682495117,0.001528024673461914
1793,0.013795614242553711,0.0169217586517334,0.0014443397521972656
1794,0.01019287109375,0.012949943542480469,0.0014488697052001953
1795,0.013909339904785156,0.011945724487304688,0.001422882080078125
1796,0.01207113265991211,0.012268304824829102,0.0017580986022949219
1797,0.011383533477783203,0.016243457794189453,0.001596689224243164
1798,0.009600162506103516,0.0104522705078125,0.0014252662658691406
1799,0.01792740821838379,0.015561342239379883,0.0015821456909179688
1800,0.008239269256591797,0.013835430145263672,0.0014276504516601562
1801,0.011141061782836914,0.013325929641723633,0.00154876708984375
1802,0.010943412780761719,0.015311241149902344,0.0014319419860839844
1803,0.009413003921508789,0.012919902801513672,0.0014557838439941406
1804,0.00966787338256836,0.01117086410522461,0.0014383792877197266
1805,0.017098188400268555,0.008785009384155273,0.00136566162109375
1806,0.01530313491821289,0.016164064407348633,0.0014276504516601562
1807,0.011784791946411133,0.012031793594360352,0.0015742778778076172
1808,0.012479782104492188,0.01165461540222168,0.0014083385467529297
1809,0.016456127166748047,0.011412620544433594,0.0015959739685058594
1810,0.012294530868530273,0.012078523635864258,0.001482248306274414
1811,0.00897979736328125,0.009298324584960938,0.0014908313751220703
1812,0.015491485595703125,0.011615276336669922,0.0017409324645996094
1813,0.016888141632080078,0.015265226364135742,0.0015559196472167969
1814,0.011222362518310547,0.010338544845581055,0.0015101432800292969
1815,0.011235237121582031,0.0070743560791015625,0.0015523433685302734
1816,0.009647130966186523,0.008748292922973633,0.0015430450439453125
1817,0.013580560684204102,0.012893915176391602,0.0016968250274658203
1818,0.012272834777832031,0.010791301727294922,0.0015606880187988281
1819,0.011487960815429688,0.013655662536621094,0.001623392105102539
1820,0.016092300415039062,0.014447212219238281,0.001438140869140625
1821,0.00785374641418457,0.005515575408935547,0.0016353130340576172
1822,0.010329008102416992,0.009879589080810547,0.0016264915466308594
1823,0.01381826400756836,0.013321876525878906,0.0016155242919921875
1824,0.007849454879760742,0.008952140808105469,0.0016248226165771484
1825,0.01061391830444336,0.012887001037597656,0.001489400863647461
1826,0.014285564422607422,0.014318704605102539,0.0015964508056640625
1827,0.016210079193115234,0.01572251319885254,0.0015611648559570312
1828,0.010333776473999023,0.012787580490112305,0.0017194747924804688
1829,0.011948823928833008,0.011280298233032227,0.001584768295288086
1830,0.011624336242675781,0.015220403671264648,0.0014824867248535156
1831,0.01174306869506836,0.012462139129638672,0.00151824951171875
1832,0.014631986618041992,0.010319948196411133,0.001455068588256836
1833,0.010423898696899414,0.011723995208740234,0.0014181137084960938
1834,0.012938499450683594,0.011321306228637695,0.0014235973358154297
1835,0.016431808471679688,0.013942956924438477,0.0015079975128173828
1836,0.017477750778198242,0.01679539680480957,0.0016758441925048828
1837,0.005648374557495117,0.008124828338623047,0.0015065670013427734
1838,0.013330698013305664,0.010059356689453125,0.0015866756439208984
1839,0.01682901382446289,0.014227867126464844,0.0014874935150146484
1840,0.010457754135131836,0.010694742202758789,0.0014929771423339844
1841,0.013821840286254883,0.013323068618774414,0.001474618911743164
1842,0.013338088989257812,0.016550540924072266,0.0014286041259765625
1843,0.012673139572143555,0.009622335433959961,0.0014352798461914062
1844,0.011937618255615234,0.011360645294189453,0.0017011165618896484
1845,0.011672019958496094,0.013983488082885742,0.00152587890625
1846,0.010287284851074219,0.01116323471069336,0.0014736652374267578
1847,0.01521158218383789,0.013277292251586914,0.0014491081237792969
1848,0.006923198699951172,0.00807499885559082,0.0014989376068115234
1849,0.012147188186645508,0.011868476867675781,0.0014569759368896484
1850,0.014899969100952148,0.013877630233764648,0.0016701221466064453
1851,0.015598773956298828,0.01587843894958496,0.0014271736145019531
1852,0.009181022644042969,0.010284900665283203,0.0015876293182373047
1853,0.016162872314453125,0.008963584899902344,0.0016717910766601562
1854,0.010272502899169922,0.011885881423950195,0.0015895366668701172
1855,0.011565208435058594,0.011251449584960938,0.0015647411346435547
1856,0.02028822898864746,0.01548314094543457,0.0013780593872070312
1857,0.011320829391479492,0.012452840805053711,0.0014760494232177734
1858,0.010546207427978516,0.013941049575805664,0.001415252685546875
1859,0.013626337051391602,0.010105609893798828,0.0014739036560058594
1860,0.011491537094116211,0.012100458145141602,0.0017023086547851562
1861,0.014946222305297852,0.016433000564575195,0.0016069412231445312
1862,0.011944055557250977,0.012505054473876953,0.0015118122100830078
1863,0.0148468017578125,0.013535499572753906,0.0016307830810546875
1864,0.009936809539794922,0.008257389068603516,0.0017232894897460938
1865,0.01181173324584961,0.011191368103027344,0.0015561580657958984
1866,0.006995439529418945,0.004894733428955078,0.001493215560913086
1867,0.014312028884887695,0.012063026428222656,0.0014271736145019531
1868,0.009483098983764648,0.010162353515625,0.0015070438385009766
1869,0.008600711822509766,0.010429620742797852,0.0016143321990966797
1870,0.009701967239379883,0.005986690521240234,0.001537322998046875
1871,0.016132593154907227,0.014704465866088867,0.0015265941619873047
1872,0.018598079681396484,0.01840829849243164,0.0015680789947509766
1873,0.016232967376708984,0.012792825698852539,0.001615762710571289
1874,0.011366605758666992,0.01163172721862793,0.0014569759368896484
1875,0.014614105224609375,0.016426801681518555,0.0014328956604003906
1876,0.01208043098449707,0.008108377456665039,0.0017018318176269531
1877,0.013587474822998047,0.01090860366821289,0.0014824867248535156
1878,0.010700702667236328,0.01295018196105957,0.001445770263671875
1879,0.011953592300415039,0.009898662567138672,0.0014884471893310547
1880,0.01170802116394043,0.015538215637207031,0.0014886856079101562
1881,0.010912895202636719,0.013051271438598633,0.0014450550079345703
1882,0.010805368423461914,0.007869720458984375,0.0035305023193359375
1883,0.011241912841796875,0.012921571731567383,0.009543418884277344
1884,0.01558065414428711,0.01603102684020996,0.0019137859344482422
1885,0.012542724609375,0.01738262176513672,0.0017964839935302734
1886,0.013229846954345703,0.013107776641845703,0.0018515586853027344
1887,0.01321864128112793,0.011682510375976562,0.0016181468963623047
1888,0.013199090957641602,0.010921716690063477,0.007570505142211914
1889,0.015743732452392578,0.016170024871826172,0.002365589141845703
1890,0.011835098266601562,0.007833242416381836,0.002142190933227539
1891,0.011598348617553711,0.009738445281982422,0.0020661354064941406
1892,0.00858616828918457,0.008215904235839844,0.002534627914428711
1893,0.011959314346313477,0.012860298156738281,0.0015769004821777344
1894,0.010890007019042969,0.012424230575561523,0.0014834403991699219
1895,0.01352381706237793,0.01502227783203125,0.0015211105346679688
1896,0.009653329849243164,0.012146949768066406,0.0014748573303222656
1897,0.01276707649230957,0.011955022811889648,0.0014188289642333984
1898,0.012698650360107422,0.017505884170532227,0.0014290809631347656
1899,0.01426243782043457,0.013559818267822266,0.0014660358428955078
1900,0.010789155960083008,0.008782625198364258,0.0014042854309082031
1901,0.010831594467163086,0.013527154922485352,0.0013735294342041016
1902,0.01436924934387207,0.012484312057495117,0.0014300346374511719
1903,0.008348941802978516,0.011947154998779297,0.0013494491577148438
1904,0.0098724365234375,0.009105682373046875,0.0013871192932128906
1905,0.006513118743896484,0.009200572967529297,0.001272439956665039
1906,0.012335062026977539,0.012080907821655273,0.0013704299926757812
1907,0.015888214111328125,0.016950607299804688,0.0014073848724365234
1908,0.010261297225952148,0.008862018585205078,0.0015397071838378906
1909,0.014763832092285156,0.012285709381103516,0.0015137195587158203
1910,0.01147150993347168,0.012042760848999023,0.0013604164123535156
1911,0.011011123657226562,0.013872146606445312,0.0013976097106933594
1912,0.008954048156738281,0.013934135437011719,0.001453399658203125
1913,0.010350704193115234,0.008235931396484375,0.0014154911041259766
1914,0.010977983474731445,0.013462066650390625,0.0014395713806152344
1915,0.008496284484863281,0.007211923599243164,0.0013251304626464844
1916,0.00860738754272461,0.009998321533203125,0.0014340877532958984
1917,0.013137102127075195,0.014993667602539062,0.0012471675872802734
1918,0.008991003036499023,0.014284610748291016,0.0012760162353515625
1919,0.016307830810546875,0.01612091064453125,0.001390695571899414
1920,0.011616230010986328,0.015360355377197266,0.0012392997741699219
1921,0.013662099838256836,0.013238668441772461,0.0013773441314697266
1922,0.016219139099121094,0.013350963592529297,0.0012547969818115234
1923,0.008997917175292969,0.010118722915649414,0.0013585090637207031
1924,0.012080669403076172,0.013698816299438477,0.0017116069793701172
1925,0.010427713394165039,0.011352777481079102,0.0014946460723876953
1926,0.011739492416381836,0.013703584671020508,0.0014498233795166016
1927,0.011543512344360352,0.008865594863891602,0.0014581680297851562
1928,0.011371374130249023,0.011665821075439453,0.0014445781707763672
1929,0.00728154182434082,0.006786346435546875,0.0015339851379394531
1930,0.011571884155273438,0.01061248779296875,0.001451253890991211
1931,0.013741493225097656,0.011941194534301758,0.0014314651489257812
1932,0.012634038925170898,0.01339411735534668,0.0014646053314208984
1933,0.009583711624145508,0.007976531982421875,0.001552581787109375
1934,0.006710529327392578,0.007124900817871094,0.001447439193725586
1935,0.013100147247314453,0.011826753616333008,0.001491546630859375
1936,0.014532089233398438,0.009160995483398438,0.0014007091522216797
1937,0.00910186767578125,0.013047456741333008,0.0014083385467529297
1938,0.012711524963378906,0.012436389923095703,0.0013613700866699219
1939,0.012290716171264648,0.010455846786499023,0.001425027847290039
1940,0.007688760757446289,0.011239290237426758,0.0017001628875732422
1941,0.014890432357788086,0.014528512954711914,0.0013802051544189453
1942,0.01604294776916504,0.013241052627563477,0.00138092041015625
1943,0.013291358947753906,0.013788461685180664,0.0014145374298095703
1944,0.01659679412841797,0.014335393905639648,0.0013718605041503906
1945,0.009208202362060547,0.010746240615844727,0.0013849735260009766
1946,0.014634847640991211,0.01389765739440918,0.0015225410461425781
1947,0.015752077102661133,0.00972294807434082,0.0014042854309082031
1948,0.013913154602050781,0.012774467468261719,0.00144195556640625
1949,0.011149406433105469,0.013428688049316406,0.0013859272003173828
1950,0.011276483535766602,0.009588479995727539,0.0014295578002929688
1951,0.012676715850830078,0.01375889778137207,0.0014445781707763672
1952,0.01587963104248047,0.015830516815185547,0.0014045238494873047
1953,0.012480020523071289,0.01582193374633789,0.0013813972473144531
1954,0.01330423355102539,0.013148307800292969,0.0014040470123291016
1955,0.01667046546936035,0.015120267868041992,0.0015473365783691406
1956,0.01567244529724121,0.012459993362426758,0.0016057491302490234
1957,0.013103246688842773,0.013529062271118164,0.0015141963958740234
1958,0.0156710147857666,0.014813899993896484,0.0013976097106933594
1959,0.011112451553344727,0.009515047073364258,0.0014770030975341797
1960,0.013726234436035156,0.013422250747680664,0.0013866424560546875
1961,0.009696245193481445,0.0063359737396240234,0.0014586448669433594
1962,0.009186267852783203,0.00768733024597168,0.0015599727630615234
1963,0.013649702072143555,0.01235198974609375,0.001439809799194336
1964,0.008340835571289062,0.012441158294677734,0.0015306472778320312
1965,0.010381221771240234,0.01276540756225586,0.0013644695281982422
1966,0.014971256256103516,0.015668153762817383,0.0015294551849365234
1967,0.011835575103759766,0.011367082595825195,0.001375436782836914
1968,0.013593435287475586,0.015330076217651367,0.0013344287872314453
1969,0.00902247428894043,0.013241291046142578,0.0013370513916015625
1970,0.010241508483886719,0.010874509811401367,0.00136566162109375
1971,0.01110076904296875,0.008713483810424805,0.0013620853424072266
1972,0.010968685150146484,0.011597633361816406,0.0016074180603027344
1973,0.01369786262512207,0.015255451202392578,0.0013353824615478516
1974,0.008642911911010742,0.01110076904296875,0.0014553070068359375
1975,0.015858888626098633,0.010503768920898438,0.0017843246459960938
1976,0.014632463455200195,0.013575553894042969,0.0014066696166992188
1977,0.014504671096801758,0.012181997299194336,0.0012519359588623047
1978,0.010333776473999023,0.010468244552612305,0.001687765121459961
1979,0.008991718292236328,0.00671696662902832,0.0014755725860595703
1980,0.018150806427001953,0.010443925857543945,0.0014548301696777344
1981,0.009951591491699219,0.012891530990600586,0.0014426708221435547
1982,0.014904975891113281,0.016637563705444336,0.0014629364013671875
1983,0.008911609649658203,0.013562202453613281,0.0017359256744384766
1984,0.011173486709594727,0.010501623153686523,0.0015287399291992188
1985,0.007048368453979492,0.006792545318603516,0.001682281494140625
1986,0.012941360473632812,0.013375520706176758,0.0014400482177734375
1987,0.010698556900024414,0.016495943069458008,0.0014989376068115234
1988,0.010211467742919922,0.01102304458618164,0.0017399787902832031
1989,0.0069293975830078125,0.009289264678955078,0.0015146732330322266
1990,0.008669614791870117,0.008101224899291992,0.0014605522155761719
1991,0.010024785995483398,0.01278543472290039,0.0015385150909423828
1992,0.010005712509155273,0.009641408920288086,0.0014111995697021484
1993,0.0063440799713134766,0.010452985763549805,0.001600027084350586
1994,0.012603759765625,0.01184988021850586,0.001407623291015625
1995,0.007947206497192383,0.011397123336791992,0.0015444755554199219
1996,0.012516021728515625,0.011617898941040039,0.0014638900756835938
1997,0.007787466049194336,0.011110782623291016,0.0014564990997314453
1998,0.01078033447265625,0.011736392974853516,0.0014171600341796875
1999,0.011652708053588867,0.014956235885620117,0.00147247314453125
2000,0.011669158935546875,0.0149078369140625,0.0014681816101074219
2001,0.006435871124267578,0.010376453399658203,0.0014629364013671875
2002,0.01089787483215332,0.013016462326049805,0.0014910697937011719
2003,0.010652303695678711,0.014553070068359375,0.0014226436614990234
2004,0.013714790344238281,0.012445449829101562,0.0017292499542236328
2005,0.0070362091064453125,0.009970426559448242,0.0014357566833496094
2006,0.015749692916870117,0.012106180191040039,0.0014259815216064453
2007,0.012836456298828125,0.01203608512878418,0.0014183521270751953
2008,0.009032011032104492,0.008479833602905273,0.0013804435729980469
2009,0.014702558517456055,0.011469602584838867,0.0013775825500488281
2010,0.01428079605102539,0.014020442962646484,0.0015249252319335938
2011,0.016114234924316406,0.014785528182983398,0.0014569759368896484
2012,0.012399911880493164,0.013341188430786133,0.0015299320220947266
2013,0.013667821884155273,0.012135028839111328,0.0014495849609375
2014,0.01502370834350586,0.013335466384887695,0.001569986343383789
2015,0.010185718536376953,0.011874675750732422,0.0015411376953125
2016,0.012338399887084961,0.010329961776733398,0.0014574527740478516
2017,0.014894962310791016,0.016007661819458008,0.0014796257019042969
2018,0.013702392578125,0.01389622688293457,0.001459360122680664
2019,0.011320114135742188,0.013093709945678711,0.0015268325805664062
2020,0.00969076156616211,0.012000322341918945,0.0017504692077636719
2021,0.00765681266784668,0.00845193862915039,0.0014717578887939453
2022,0.016196012496948242,0.011523723602294922,0.0014002323150634766
2023,0.015452146530151367,0.014900684356689453,0.0014681816101074219
2024,0.01329350471496582,0.011995315551757812,0.0014498233795166016
2025,0.014209508895874023,0.011987447738647461,0.0014119148254394531
2026,0.015805959701538086,0.012566804885864258,0.0013587474822998047
2027,0.012202024459838867,0.009561538696289062,0.0013742446899414062
2028,0.010054349899291992,0.007574558258056641,0.0013473033905029297
2029,0.012084484100341797,0.010869264602661133,0.0014333724975585938
2030,0.011229276657104492,0.013512134552001953,0.001367330551147461
2031,0.015369892120361328,0.016796588897705078,0.0014047622680664062
2032,0.009848833084106445,0.010128021240234375,0.0014071464538574219
2033,0.012197494506835938,0.013631820678710938,0.0013873577117919922
2034,0.009297370910644531,0.009339570999145508,0.001409769058227539
2035,0.012981414794921875,0.009151220321655273,0.001405477523803711
2036,0.01136016845703125,0.010899543762207031,0.0016956329345703125
2037,0.010838747024536133,0.008580684661865234,0.0014100074768066406
2038,0.00792837142944336,0.010704517364501953,0.00139617919921875
2039,0.005536317825317383,0.008669614791870117,0.0014071464538574219
2040,0.013893842697143555,0.01078033447265625,0.0015804767608642578
2041,0.011492490768432617,0.0072705745697021484,0.0013980865478515625
2042,0.014338970184326172,0.014299631118774414,0.0015311241149902344
2043,0.012434959411621094,0.013605594635009766,0.0017535686492919922
2044,0.011504888534545898,0.008836507797241211,0.0015614032745361328
2045,0.014450788497924805,0.016092777252197266,0.0016345977783203125
2046,0.010878324508666992,0.010480403900146484,0.0013799667358398438
2047,0.012893915176391602,0.014421939849853516,0.0014567375183105469
2048,0.011168241500854492,0.009093284606933594,0.0014159679412841797
2049,0.00952768325805664,0.009168624877929688,0.001422882080078125
2050,0.010396480560302734,0.014829158782958984,0.001390218734741211
2051,0.010046243667602539,0.011732101440429688,0.0014493465423583984
2052,0.015839338302612305,0.013810396194458008,0.0018405914306640625
2053,0.013645172119140625,0.014517784118652344,0.0014104843139648438
2054,0.008307218551635742,0.011694908142089844,0.0015218257904052734
2055,0.01341390609741211,0.014684915542602539,0.0014624595642089844
2056,0.01184391975402832,0.0132598876953125,0.0013134479522705078
2057,0.010527610778808594,0.00833272933959961,0.0013499259948730469
2058,0.011817693710327148,0.014381885528564453,0.0013859272003173828
2059,0.01194620132446289,0.013245582580566406,0.001413583755493164
2060,0.012286663055419922,0.011521577835083008,0.0012581348419189453
2061,0.01007699966430664,0.011979341506958008,0.0013775825500488281
2062,0.010358810424804688,0.011212587356567383,0.0014536380767822266
2063,0.015770912170410156,0.015082836151123047,0.0012497901916503906
2064,0.012943267822265625,0.01398158073425293,0.0014011859893798828
2065,0.014236211776733398,0.017357587814331055,0.0014150142669677734
2066,0.012276649475097656,0.009206771850585938,0.0014362335205078125
2067,0.014070272445678711,0.014434099197387695,0.0013687610626220703
2068,0.00909423828125,0.009647846221923828,0.001644134521484375
2069,0.011346101760864258,0.013522863388061523,0.0014011859893798828
2070,0.014973878860473633,0.01249837875366211,0.0013537406921386719
2071,0.01438593864440918,0.012821197509765625,0.0013947486877441406
2072,0.008381128311157227,0.010553121566772461,0.0015156269073486328
2073,0.01156926155090332,0.0124053955078125,0.001382589340209961
2074,0.011092662811279297,0.012356042861938477,0.0014629364013671875
2075,0.01622152328491211,0.012700557708740234,0.0013594627380371094
2076,0.015671968460083008,0.01570272445678711,0.001417398452758789
2077,0.017063617706298828,0.016861438751220703,0.0014023780822753906
2078,0.011166810989379883,0.01459956169128418,0.0013699531555175781
2079,0.014944314956665039,0.013077259063720703,0.0013909339904785156
2080,0.013060331344604492,0.014348983764648438,0.0013804435729980469
2081,0.016055822372436523,0.0164947509765625,0.0015168190002441406
2082,0.009135246276855469,0.010275602340698242,0.0013933181762695312
2083,0.014095067977905273,0.009444713592529297,0.001483917236328125
2084,0.011147260665893555,0.014627456665039062,0.00164794921875
2085,0.012416839599609375,0.00842595100402832,0.001417398452758789
2086,0.018257617950439453,0.01587653160095215,0.0013680458068847656
2087,0.01002812385559082,0.010886907577514648,0.0013806819915771484
2088,0.010877132415771484,0.013311624526977539,0.0014033317565917969
2089,0.012597322463989258,0.013233661651611328,0.0014111995697021484
2090,0.012712478637695312,0.016533851623535156,0.0014111995697021484
2091,0.015366792678833008,0.010172128677368164,0.001361846923828125
2092,0.012788057327270508,0.011216402053833008,0.0014951229095458984
2093,0.010199785232543945,0.010106563568115234,0.0014078617095947266
2094,0.010777950286865234,0.008374691009521484,0.0014464855194091797
2095,0.013118267059326172,0.014639616012573242,0.0013871192932128906
2096,0.010183095932006836,0.01198887825012207,0.0015132427215576172
2097,0.013410091400146484,0.008674383163452148,0.0014104843139648438
2098,0.011530399322509766,0.016805410385131836,0.001413106918334961
2099,0.012807607650756836,0.012395620346069336,0.0014095306396484375
2100,0.015465259552001953,0.013727903366088867,0.0016820430755615234
2101,0.013990163803100586,0.01643657684326172,0.0014002323150634766
2102,0.01098012924194336,0.014235496520996094,0.0013644695281982422
2103,0.01302790641784668,0.015403985977172852,0.0013947486877441406
2104,0.01242375373840332,0.013092517852783203,0.0014257431030273438
2105,0.010500192642211914,0.00800466537475586,0.001383066177368164
2106,0.012910127639770508,0.009139776229858398,0.001561880111694336
2107,0.013038396835327148,0.011987686157226562,0.001378774642944336
2108,0.01166534423828125,0.01476430892944336,0.0015177726745605469
2109,0.012044906616210938,0.010288715362548828,0.001390695571899414
2110,0.01185154914855957,0.013713836669921875,0.0014789104461669922
2111,0.010499954223632812,0.014301538467407227,0.0014486312866210938
2112,0.008054494857788086,0.005892515182495117,0.0017139911651611328
2113,0.011159658432006836,0.010835647583007812,0.0014467239379882812
2114,0.00951838493347168,0.010535240173339844,0.0015497207641601562
2115,0.01259303092956543,0.014893293380737305,0.001405954360961914
2116,0.015893936157226562,0.014563798904418945,0.0017826557159423828
2117,0.014874935150146484,0.014551877975463867,0.0014119148254394531
2118,0.01344442367553711,0.013324737548828125,0.001463174819946289
2119,0.01230621337890625,0.00861215591430664,0.0015866756439208984
2120,0.015302419662475586,0.01419973373413086,0.0014696121215820312
2121,0.017774343490600586,0.0161745548248291,0.0015835762023925781
2122,0.01073002815246582,0.009348630905151367,0.0014662742614746094
2123,0.013242483139038086,0.012781858444213867,0.0015399456024169922
2124,0.01343083381652832,0.014190196990966797,0.0013811588287353516
2125,0.015017032623291016,0.014114856719970703,0.0013523101806640625
2126,0.008217096328735352,0.011492490768432617,0.001459360122680664
2127,0.010867595672607422,0.007828950881958008,0.0013642311096191406
2128,0.012479066848754883,0.012853145599365234,0.0013442039489746094
2129,0.015606164932250977,0.015715360641479492,0.0013554096221923828
2130,0.011836767196655273,0.01195979118347168,0.0017442703247070312
2131,0.014852762222290039,0.016040802001953125,0.0014052391052246094
2132,0.00920248031616211,0.007777690887451172,0.001825094223022461
2133,0.009424209594726562,0.014221668243408203,0.0014264583587646484
2134,0.014115333557128906,0.009617328643798828,0.001577615737915039
2135,0.016221284866333008,0.011619329452514648,0.0014171600341796875
2136,0.016632556915283203,0.013761520385742188,0.001369476318359375
2137,0.014300346374511719,0.01289057731628418,0.001425027847290039
2138,0.018182992935180664,0.013007164001464844,0.0014188289642333984
2139,0.011857032775878906,0.012777566909790039,0.0014455318450927734
2140,0.014569759368896484,0.012856483459472656,0.0013852119445800781
2141,0.008386850357055664,0.011299371719360352,0.0013611316680908203
2142,0.006237030029296875,0.009199142456054688,0.0014524459838867188
2143,0.014727592468261719,0.012349843978881836,0.001405954360961914
2144,0.013179540634155273,0.01096034049987793,0.001481771469116211
2145,0.01736736297607422,0.016369104385375977,0.0014536380767822266
2146,0.013251066207885742,0.007378101348876953,0.0014514923095703125
2147,0.010410070419311523,0.009953498840332031,0.0013484954833984375
2148,0.014697074890136719,0.014702320098876953,0.0016243457794189453
2149,0.012241125106811523,0.007292270660400391,0.00142669677734375
2150,0.01592087745666504,0.014000892639160156,0.0014767646789550781
2151,0.0151214599609375,0.013086318969726562,0.001405477523803711
2152,0.009238719940185547,0.009287595748901367,0.0013730525970458984
2153,0.009343147277832031,0.01098322868347168,0.0014638900756835938
2154,0.013813495635986328,0.008815288543701172,0.001375436782836914
2155,0.010673284530639648,0.01002955436706543,0.0014307498931884766
2156,0.015523672103881836,0.015197277069091797,0.0013725757598876953
2157,0.014968395233154297,0.012307882308959961,0.0015273094177246094
2158,0.01326608657836914,0.013143777847290039,0.0012998580932617188
2159,0.008327245712280273,0.00935053825378418,0.0014221668243408203
2160,0.011991262435913086,0.013351917266845703,0.0014190673828125
2161,0.015112161636352539,0.015218734741210938,0.0012621879577636719
2162,0.015048980712890625,0.015558719635009766,0.0013947486877441406
2163,0.009681224822998047,0.008776426315307617,0.0013675689697265625
2164,0.014761686325073242,0.010521650314331055,0.00147247314453125
2165,0.01604485511779785,0.014014959335327148,0.0014636516571044922
2166,0.010628938674926758,0.009452581405639648,0.0014121532440185547
2167,0.013099193572998047,0.015729427337646484,0.0013265609741210938
2168,0.01527094841003418,0.012326717376708984,0.001386404037475586
2169,0.018053293228149414,0.015243053436279297,0.0013759136199951172
2170,0.015228271484375,0.014426231384277344,0.001291513442993164
2171,0.013277292251586914,0.011784076690673828,0.0014374256134033203
2172,0.01091766357421875,0.01390981674194336,0.0013780593872070312
2173,0.012343406677246094,0.012658834457397461,0.0012218952178955078
2174,0.014323949813842773,0.013608694076538086,0.0013637542724609375
2175,0.0165097713470459,0.016448497772216797,0.001428842544555664
2176,0.009267091751098633,0.010165929794311523,0.0013763904571533203
2177,0.012565851211547852,0.008817195892333984,0.001466512680053711
2178,0.011945962905883789,0.010457277297973633,0.0013551712036132812
2179,0.013799667358398438,0.008149385452270508,0.0015075206756591797
2180,0.012450218200683594,0.014392852783203125,0.0017657279968261719
2181,0.008405685424804688,0.006350994110107422,0.0015716552734375
2182,0.014286518096923828,0.009464263916015625,0.00148773193359375
2183,0.012774229049682617,0.0076296329498291016,0.0015537738800048828
2184,0.010804891586303711,0.009544134140014648,0.0015406608581542969
2185,0.013730287551879883,0.01433706283569336,0.0013911724090576172
2186,0.0126190185546875,0.014518260955810547,0.0013751983642578125
2187,0.013529777526855469,0.013442516326904297,0.0015780925750732422
2188,0.01796126365661621,0.011815786361694336,0.0014073848724365234
2189,0.010365009307861328,0.00972747802734375,0.0015261173248291016
2190,0.011821985244750977,0.01177668571472168,0.0013761520385742188
2191,0.010381698608398438,0.012525558471679688,0.0015132427215576172
2192,0.011871576309204102,0.014834880828857422,0.001416921615600586
2193,0.014272928237915039,0.01437830924987793,0.0013568401336669922
2194,0.012943029403686523,0.009943962097167969,0.0013916492462158203
2195,0.014719486236572266,0.013440608978271484,0.0014765262603759766
2196,0.015136003494262695,0.011762380599975586,0.0016727447509765625
2197,0.013016939163208008,0.015235424041748047,0.001409292221069336
2198,0.008191823959350586,0.009689569473266602,0.001466989517211914
2199,0.014661788940429688,0.014866352081298828,0.0014204978942871094
2200,0.015640974044799805,0.01649761199951172,0.001497507095336914
2201,0.012973308563232422,0.013844966888427734,0.0013835430145263672
2202,0.013496637344360352,0.008779048919677734,0.0014452934265136719
2203,0.013148784637451172,0.008952617645263672,0.0013737678527832031
2204,0.011711597442626953,0.009864568710327148,0.0013887882232666016
2205,0.010915994644165039,0.012518167495727539,0.0013859272003173828
2206,0.012722969055175781,0.012819051742553711,0.0013697147369384766
2207,0.015136241912841797,0.01579141616821289,0.0014014244079589844
2208,0.013583660125732422,0.015422582626342773,0.0014309883117675781
2209,0.010159492492675781,0.011014223098754883,0.0014026165008544922
2210,0.014872312545776367,0.015634775161743164,0.0013968944549560547
2211,0.013124227523803711,0.011905431747436523,0.0014142990112304688
2212,0.011005401611328125,0.012919425964355469,0.0017130374908447266
2213,0.013174057006835938,0.01284646987915039,0.001384735107421875
2214,0.010355710983276367,0.009185552597045898,0.0014734268188476562
2215,0.01017141342163086,0.009342670440673828,0.0013976097106933594
2216,0.007592439651489258,0.008661985397338867,0.0013921260833740234
2217,0.015510082244873047,0.013700723648071289,0.0013751983642578125
2218,0.016518354415893555,0.012694358825683594,0.0014376640319824219
2219,0.01406240463256836,0.014093160629272461,0.0015697479248046875
2220,0.012936830520629883,0.013139486312866211,0.0014138221740722656
2221,0.013252019882202148,0.01188969612121582,0.001500844955444336
2222,0.008006811141967773,0.009029865264892578,0.0014810562133789062
2223,0.009731531143188477,0.007432699203491211,0.0017125606536865234
2224,0.010493755340576172,0.011700868606567383,0.001544952392578125
2225,0.013029813766479492,0.009145259857177734,0.0015573501586914062
2226,0.01644444465637207,0.015538692474365234,0.001453399658203125
2227,0.015270471572875977,0.014744758605957031,0.0015289783477783203
2228,0.01729440689086914,0.015554428100585938,0.0017707347869873047
2229,0.014333486557006836,0.013385772705078125,0.001363992691040039
2230,0.015906810760498047,0.01527547836303711,0.0014679431915283203
2231,0.01636505126953125,0.013002634048461914,0.0014963150024414062
2232,0.01473236083984375,0.013627052307128906,0.0013856887817382812
2233,0.018610715866088867,0.012963533401489258,0.0013613700866699219
2234,0.012241125106811523,0.01164698600769043,0.0014257431030273438
2235,0.010006427764892578,0.01375126838684082,0.0014290809631347656
2236,0.008115768432617188,0.011472463607788086,0.0014369487762451172
2237,0.012547016143798828,0.007466316223144531,0.0013723373413085938
2238,0.01725912094116211,0.01465916633605957,0.0013916492462158203
2239,0.013142824172973633,0.013460874557495117,0.001434326171875
2240,0.015811920166015625,0.014894247055053711,0.0014328956604003906
2241,0.016445636749267578,0.00996255874633789,0.0014290809631347656
2242,0.016560792922973633,0.015974044799804688,0.0013632774353027344
2243,0.011444091796875,0.01227712631225586,0.001459360122680664
2244,0.014270305633544922,0.011736154556274414,0.0016510486602783203
2245,0.012385129928588867,0.01428675651550293,0.0014874935150146484
2246,0.015007495880126953,0.015886545181274414,0.0014765262603759766
2247,0.006611347198486328,0.007744550704956055,0.0014276504516601562
2248,0.01222991943359375,0.013021230697631836,0.0013797283172607422
2249,0.013372421264648438,0.01238703727722168,0.0014345645904541016
2250,0.0061833858489990234,0.008878469467163086,0.0014879703521728516
2251,0.01052093505859375,0.012583255767822266,0.0014262199401855469
2252,0.013650894165039062,0.014016389846801758,0.001394033432006836
2253,0.009678125381469727,0.012723684310913086,0.0013785362243652344
2254,0.01200723648071289,0.01209712028503418,0.001447439193725586
2255,0.012683868408203125,0.012208938598632812,0.0013737678527832031
2256,0.011317968368530273,0.01440882682800293,0.0014393329620361328
2257,0.013857841491699219,0.010246753692626953,0.0013568401336669922
2258,0.014121294021606445,0.013659954071044922,0.00140380859375
2259,0.013226985931396484,0.011712789535522461,0.0014095306396484375
2260,0.013213634490966797,0.012032032012939453,0.00164794921875
2261,0.013915538787841797,0.012943029403686523,0.001458883285522461
2262,0.013214111328125,0.011568069458007812,0.0013911724090576172
2263,0.008027791976928711,0.01307225227355957,0.001397848129272461
2264,0.008467912673950195,0.00897359848022461,0.0015158653259277344
2265,0.013825654983520508,0.013769865036010742,0.0014290809631347656
2266,0.011723756790161133,0.01281881332397461,0.0013606548309326172
2267,0.011913537979125977,0.0075795650482177734,0.0014257431030273438
2268,0.011599063873291016,0.0185089111328125,0.0013928413391113281
2269,0.012688398361206055,0.01212930679321289,0.0013756752014160156
2270,0.008554697036743164,0.010984182357788086,0.0014166831970214844
2271,0.012297868728637695,0.012136220932006836,0.0013816356658935547
2272,0.009174346923828125,0.01149606704711914,0.0015194416046142578
2273,0.010965108871459961,0.013068914413452148,0.0014095306396484375
2274,0.013813257217407227,0.014556169509887695,0.0014567375183105469
2275,0.009403228759765625,0.012640237808227539,0.0013785362243652344
2276,0.01652050018310547,0.015115737915039062,0.0017845630645751953
2277,0.011110067367553711,0.012862920761108398,0.0014688968658447266
2278,0.010326147079467773,0.012242794036865234,0.0013885498046875
2279,0.01353597640991211,0.011665582656860352,0.0014216899871826172
2280,0.008651494979858398,0.006316661834716797,0.0014994144439697266
2281,0.0094146728515625,0.012264728546142578,0.0013968944549560547
2282,0.010711908340454102,0.00784158706665039,0.001417398452758789
2283,0.0057315826416015625,0.006012439727783203,0.0014111995697021484
2284,0.01113581657409668,0.009311914443969727,0.0014443397521972656
2285,0.014748096466064453,0.01390218734741211,0.0013973712921142578
2286,0.008259773254394531,0.012627601623535156,0.0014104843139648438
2287,0.01543569564819336,0.010168790817260742,0.0014083385467529297
2288,0.012455463409423828,0.01497340202331543,0.0013453960418701172
2289,0.012130260467529297,0.015066862106323242,0.0013647079467773438
2290,0.012605428695678711,0.015717744827270508,0.0013842582702636719
2291,0.009997129440307617,0.010481595993041992,0.001428365707397461
2292,0.011206626892089844,0.010536432266235352,0.0015954971313476562
2293,0.006595134735107422,0.010430574417114258,0.001447439193725586
2294,0.01600027084350586,0.015300750732421875,0.0013484954833984375
2295,0.013433694839477539,0.013327836990356445,0.0014123916625976562
2296,0.008046627044677734,0.007197856903076172,0.0013496875762939453
2297,0.013659477233886719,0.009408712387084961,0.0013854503631591797
2298,0.008908748626708984,0.009569644927978516,0.0015134811401367188
2299,0.010526180267333984,0.010110139846801758,0.0013663768768310547
2300,0.013172388076782227,0.01148223876953125,0.0014629364013671875
2301,0.01775336265563965,0.014354944229125977,0.0013911724090576172
2302,0.017585277557373047,0.01619553565979004,0.0014958381652832031
2303,0.015363454818725586,0.0139923095703125,0.0014009475708007812
2304,0.009661197662353516,0.008198022842407227,0.0013570785522460938
2305,0.00787806510925293,0.0049724578857421875,0.0013844966888427734
2306,0.013358354568481445,0.012003183364868164,0.0014259815216064453
2307,0.012801170349121094,0.012397289276123047,0.0014159679412841797
2308,0.01437520980834961,0.013150215148925781,0.0016918182373046875
2309,0.012264013290405273,0.011881351470947266,0.0014595985412597656
2310,0.01367044448852539,0.014013051986694336,0.0015075206756591797
2311,0.01462101936340332,0.010869264602661133,0.0013856887817382812
2312,0.011147260665893555,0.011568546295166016,0.0015349388122558594
2313,0.015546560287475586,0.015459537506103516,0.0013713836669921875
2314,0.011008024215698242,0.008965492248535156,0.0013463497161865234
2315,0.01014852523803711,0.011214017868041992,0.001434326171875
2316,0.014631509780883789,0.016689777374267578,0.0013670921325683594
2317,0.012314796447753906,0.017374277114868164,0.0017087459564208984
2318,0.012847185134887695,0.015207529067993164,0.0014526844024658203
2319,0.01298832893371582,0.013857841491699219,0.0015933513641357422
2320,0.016141414642333984,0.015175104141235352,0.0015442371368408203
2321,0.014755487442016602,0.01402902603149414,0.0014569759368896484
2322,0.014560222625732422,0.010258674621582031,0.0015628337860107422
2323,0.013772964477539062,0.015204668045043945,0.0014600753784179688
2324,0.012441635131835938,0.011813879013061523,0.001714944839477539
2325,0.014431476593017578,0.011655330657958984,0.0014522075653076172
2326,0.012636423110961914,0.012996673583984375,0.0014963150024414062
2327,0.011219978332519531,0.009634256362915039,0.0014691352844238281
2328,0.012211322784423828,0.011302709579467773,0.0015282630920410156
2329,0.00995492935180664,0.010267019271850586,0.0014107227325439453
2330,0.014364004135131836,0.012847185134887695,0.0014297962188720703
2331,0.006554365158081055,0.011617898941040039,0.0014758110046386719
2332,0.014523744583129883,0.012650489807128906,0.0013768672943115234
2333,0.012523889541625977,0.015396356582641602,0.001470804214477539
2334,0.009898185729980469,0.007084846496582031,0.0014078617095947266
2335,0.01094818115234375,0.010770797729492188,0.0013546943664550781
2336,0.012612342834472656,0.013220548629760742,0.0013859272003173828
2337,0.009557247161865234,0.006100654602050781,0.0015225410461425781
2338,0.014494657516479492,0.01233816146850586,0.0014040470123291016
2339,0.011891841888427734,0.011704444885253906,0.0015232563018798828
2340,0.012054443359375,0.011400938034057617,0.0016469955444335938
2341,0.011463165283203125,0.012898445129394531,0.001514434814453125
2342,0.012723922729492188,0.011272668838500977,0.0014052391052246094
2343,0.015871286392211914,0.015735149383544922,0.001371622085571289
2344,0.014702081680297852,0.01379251480102539,0.0014400482177734375
2345,0.013528823852539062,0.008689641952514648,0.0014030933380126953
2346,0.012184381484985352,0.011957883834838867,0.0013821125030517578
2347,0.013689994812011719,0.012576580047607422,0.0014657974243164062
2348,0.012103796005249023,0.014449596405029297,0.0014033317565917969
2349,0.008692741394042969,0.0099334716796875,0.0014071464538574219
2350,0.008197784423828125,0.00750732421875,0.0013527870178222656
2351,0.010221719741821289,0.008931398391723633,0.0014357566833496094
2352,0.01331782341003418,0.013681888580322266,0.0014367103576660156
2353,0.012908458709716797,0.01171565055847168,0.0014278888702392578
2354,0.013079643249511719,0.011669397354125977,0.001338958740234375
2355,0.010233402252197266,0.007688045501708984,0.0014142990112304688
2356,0.010553359985351562,0.013204813003540039,0.001592397689819336
2357,0.012416601181030273,0.01126718521118164,0.0013608932495117188
2358,0.006750345230102539,0.010309457778930664,0.0013697147369384766
2359,0.012570619583129883,0.008306503295898438,0.001398324966430664
2360,0.00892496109008789,0.0074422359466552734,0.0014209747314453125
2361,0.009337186813354492,0.009927988052368164,0.0014193058013916016
2362,0.013511896133422852,0.01416468620300293,0.001430511474609375
2363,0.01659107208251953,0.015361309051513672,0.0014493465423583984
2364,0.013179302215576172,0.012162208557128906,0.0013649463653564453
2365,0.014556169509887695,0.011857271194458008,0.0013878345489501953
2366,0.011671304702758789,0.013995885848999023,0.0014352798461914062
2367,0.013684272766113281,0.011890172958374023,0.0013926029205322266
2368,0.0113677978515625,0.009706735610961914,0.0014164447784423828
2369,0.011635065078735352,0.007616281509399414,0.001348257064819336
2370,0.014312267303466797,0.013704538345336914,0.0014576911926269531
2371,0.015053033828735352,0.01412343978881836,0.0013782978057861328
2372,0.013315677642822266,0.015674591064453125,0.0016455650329589844
2373,0.013855218887329102,0.013309717178344727,0.0014281272888183594
2374,0.012977361679077148,0.013873815536499023,0.001422882080078125
2375,0.013808727264404297,0.014214277267456055,0.001857757568359375
2376,0.012879610061645508,0.011103153228759766,0.0014259815216064453
2377,0.011499166488647461,0.009954452514648438,0.00159454345703125
2378,0.014596700668334961,0.011304616928100586,0.0014178752899169922
2379,0.013437032699584961,0.013662099838256836,0.0015120506286621094
2380,0.007778644561767578,0.012061595916748047,0.0014491081237792969
2381,0.012146711349487305,0.011476278305053711,0.0015344619750976562
2382,0.015478372573852539,0.011026382446289062,0.0014884471893310547
2383,0.014300346374511719,0.013359785079956055,0.0015037059783935547
2384,0.01383519172668457,0.009656667709350586,0.0015518665313720703
2385,0.01691412925720215,0.013626575469970703,0.0015091896057128906
2386,0.017579078674316406,0.015180349349975586,0.0014548301696777344
2387,0.012345552444458008,0.00925588607788086,0.0014553070068359375
2388,0.010375022888183594,0.010732173919677734,0.0017206668853759766
2389,0.009930133819580078,0.008758068084716797,0.0014748573303222656
2390,0.014904975891113281,0.015575647354125977,0.001462697982788086
2391,0.011886358261108398,0.012861013412475586,0.0015108585357666016
2392,0.01551508903503418,0.017138004302978516,0.0013985633850097656
2393,0.013316154479980469,0.010996580123901367,0.0015065670013427734
2394,0.01371002197265625,0.013427972793579102,0.0014269351959228516
2395,0.014023303985595703,0.015265703201293945,0.001430511474609375
2396,0.011253833770751953,0.012606620788574219,0.0014233589172363281
2397,0.01363515853881836,0.01447749137878418,0.0013527870178222656
2398,0.00881195068359375,0.009158611297607422,0.001432657241821289
2399,0.014262199401855469,0.014230966567993164,0.0015273094177246094
2400,0.010526418685913086,0.007925987243652344,0.001447916030883789
2401,0.011889934539794922,0.013158798217773438,0.0014925003051757812
2402,0.008788108825683594,0.01052236557006836,0.0014467239379882812
2403,0.011718034744262695,0.01254415512084961,0.0015113353729248047
2404,0.014101266860961914,0.015158653259277344,0.0017504692077636719
2405,0.013365507125854492,0.012356042861938477,0.0014927387237548828
2406,0.013136148452758789,0.012438535690307617,0.0013947486877441406
2407,0.014960527420043945,0.014976978302001953,0.0014429092407226562
2408,0.014763116836547852,0.010518312454223633,0.0015063285827636719
2409,0.0160064697265625,0.015285015106201172,0.0014808177947998047
2410,0.010983705520629883,0.014553546905517578,0.0014159679412841797
2411,0.017514467239379883,0.013097763061523438,0.0014765262603759766
2412,0.01727581024169922,0.013200044631958008,0.001428365707397461
2413,0.010877132415771484,0.00924539566040039,0.0014853477478027344
2414,0.013319730758666992,0.012784004211425781,0.0014619827270507812
2415,0.018804073333740234,0.015932798385620117,0.001558065414428711
2416,0.021055221557617188,0.017108440399169922,0.0014867782592773438
2417,0.017128705978393555,0.01530766487121582,0.001514434814453125
2418,0.015153884887695312,0.014826059341430664,0.0015339851379394531
2419,0.010193824768066406,0.005666971206665039,0.0014319419860839844
2420,0.01363372802734375,0.015820980072021484,0.0017275810241699219
2421,0.016498327255249023,0.015505313873291016,0.001497507095336914
2422,0.01156759262084961,0.010969400405883789,0.0014798641204833984
2423,0.009741067886352539,0.010772228240966797,0.0014908313751220703
2424,0.01242518424987793,0.01013636589050293,0.0015039443969726562
2425,0.013033866882324219,0.010820627212524414,0.001531839370727539
2426,0.011591196060180664,0.00842142105102539,0.001463174819946289
2427,0.01273345947265625,0.011953592300415039,0.001497507095336914
2428,0.012442588806152344,0.010844945907592773,0.0014500617980957031
2429,0.01309823989868164,0.012697696685791016,0.0014564990997314453
2430,0.011982202529907227,0.010919332504272461,0.0015196800231933594
2431,0.015012502670288086,0.015027761459350586,0.0015473365783691406
2432,0.006007194519042969,0.008813858032226562,0.0014858245849609375
2433,0.009944677352905273,0.00755763053894043,0.0014920234680175781
2434,0.013965129852294922,0.014354228973388672,0.0014424324035644531
2435,0.012822389602661133,0.01523590087890625,0.0014908313751220703
2436,0.015546321868896484,0.014942169189453125,0.0016942024230957031
2437,0.01668238639831543,0.013318061828613281,0.0014395713806152344
2438,0.010230779647827148,0.0074460506439208984,0.0014412403106689453
2439,0.009793519973754883,0.009459972381591797,0.0014498233795166016
2440,0.005013465881347656,0.007850408554077148,0.0014221668243408203
2441,0.015372276306152344,0.014888286590576172,0.0014486312866210938
2442,0.015166282653808594,0.013462305068969727,0.0014529228210449219
2443,0.014100313186645508,0.015633344650268555,0.0015306472778320312
2444,0.00914764404296875,0.007647037506103516,0.0014927387237548828
2445,0.015271186828613281,0.013778209686279297,0.0015158653259277344
2446,0.01296091079711914,0.014111518859863281,0.0014922618865966797
2447,0.012952089309692383,0.01222085952758789,0.0014605522155761719
2448,0.012705326080322266,0.009608745574951172,0.0014743804931640625
2449,0.009488582611083984,0.012122392654418945,0.0014176368713378906
2450,0.008835315704345703,0.01315760612487793,0.0015184879302978516
2451,0.014613151550292969,0.01456451416015625,0.0014202594757080078
2452,0.011562585830688477,0.013018369674682617,0.0017545223236083984
2453,0.013857841491699219,0.01591324806213379,0.0015246868133544922
2454,0.010203123092651367,0.005206108093261719,0.001558065414428711
2455,0.012766599655151367,0.014273643493652344,0.0015349388122558594
2456,0.017162322998046875,0.014383316040039062,0.0014815330505371094
2457,0.016063928604125977,0.0156402587890625,0.0015254020690917969
2458,0.01656174659729004,0.012060880661010742,0.0014986991882324219
2459,0.012750864028930664,0.014984846115112305,0.0014863014221191406
2460,0.013860225677490234,0.012123823165893555,0.001363992691040039
2461,0.011794090270996094,0.011906147003173828,0.0014772415161132812
2462,0.009479522705078125,0.011857032775878906,0.0014469623565673828
2463,0.015453338623046875,0.015182018280029297,0.00154876708984375
2464,0.016601085662841797,0.014922618865966797,0.0014295578002929688
2465,0.014446496963500977,0.012232065200805664,0.0015037059783935547
2466,0.012637615203857422,0.013111352920532227,0.0014834403991699219
2467,0.01603245735168457,0.01493692398071289,0.0015711784362792969
2468,0.009389638900756836,0.008104085922241211,0.001735687255859375
2469,0.009722232818603516,0.007740974426269531,0.0014264583587646484
2470,0.015187978744506836,0.015517473220825195,0.0015044212341308594
2471,0.008483648300170898,0.012197732925415039,0.0014586448669433594
2472,0.01757049560546875,0.01751112937927246,0.0014562606811523438
2473,0.016202449798583984,0.012735128402709961,0.0014948844909667969
2474,0.01278376579284668,0.013849020004272461,0.0014896392822265625
2475,0.012065649032592773,0.013856172561645508,0.0014357566833496094
2476,0.011763572692871094,0.012196779251098633,0.0014727115631103516
2477,0.010249137878417969,0.01128244400024414,0.001482248306274414
2478,0.007584571838378906,0.005595207214355469,0.001458883285522461
2479,0.009601593017578125,0.009287357330322266,0.001438140869140625
2480,0.011403322219848633,0.00802922248840332,0.0014789104461669922
2481,0.013048410415649414,0.015676021575927734,0.00140380859375
2482,0.011736392974853516,0.011720418930053711,0.0014712810516357422
2483,0.014519214630126953,0.014768838882446289,0.0014243125915527344
2484,0.010630607604980469,0.009703874588012695,0.00171661376953125
2485,0.007463932037353516,0.007925033569335938,0.001508474349975586
2486,0.011946916580200195,0.011382818222045898,0.0014147758483886719
2487,0.012044668197631836,0.015491247177124023,0.0015189647674560547
2488,0.00985860824584961,0.010416030883789062,0.0014998912811279297
2489,0.010765552520751953,0.01413106918334961,0.0014519691467285156
2490,0.013978719711303711,0.012340784072875977,0.0014164447784423828
2491,0.01372838020324707,0.012196779251098633,0.0013582706451416016
2492,0.009127616882324219,0.009801149368286133,0.0013942718505859375
2493,0.010172367095947266,0.013878107070922852,0.0014209747314453125
2494,0.014132022857666016,0.015887737274169922,0.001390695571899414
2495,0.009070873260498047,0.007046222686767578,0.0014162063598632812
2496,0.009998321533203125,0.01305842399597168,0.0014312267303466797
2497,0.011562824249267578,0.01219034194946289,0.0014677047729492188
2498,0.014113903045654297,0.014058828353881836,0.0014033317565917969
2499,0.012494087219238281,0.011999368667602539,0.0014526844024658203
2500,0.013524770736694336,0.012597799301147461,0.001720428466796875
2501,0.012404203414916992,0.012617349624633789,0.0014872550964355469
2502,0.013411283493041992,0.013783693313598633,0.0013980865478515625
2503,0.017217397689819336,0.01397562026977539,0.001398324966430664
2504,0.015653610229492188,0.015384197235107422,0.0014243125915527344
2505,0.015377998352050781,0.013003349304199219,0.0013773441314697266
2506,0.012529850006103516,0.010870218276977539,0.0014801025390625
2507,0.015507936477661133,0.016893863677978516,0.0014262199401855469
2508,0.01627826690673828,0.011749029159545898,0.0014827251434326172
2509,0.01653885841369629,0.01557612419128418,0.0015566349029541016
2510,0.013033866882324219,0.013503074645996094,0.001428365707397461
2511,0.016274690628051758,0.014598369598388672,0.001445770263671875
2512,0.014868974685668945,0.016109943389892578,0.0014748573303222656
2513,0.01372218132019043,0.01396489143371582,0.0014352798461914062
2514,0.012265443801879883,0.011728286743164062,0.0013828277587890625
2515,0.01634359359741211,0.015601158142089844,0.0014281272888183594
2516,0.01594400405883789,0.011156797409057617,0.00162506103515625
2517,0.012021303176879883,0.011657476425170898,0.0014789104461669922
2518,0.011845588684082031,0.013024330139160156,0.0014526844024658203
2519,0.010910272598266602,0.012689352035522461,0.001443624496459961
2520,0.012255191802978516,0.009718179702758789,0.001468658447265625
2521,0.012426137924194336,0.014470100402832031,0.0013885498046875
2522,0.011642932891845703,0.012415170669555664,0.001422882080078125
2523,0.012639045715332031,0.01393890380859375,0.0014514923095703125
2524,0.012674570083618164,0.010204792022705078,0.001638650894165039
2525,0.010286092758178711,0.01161050796508789,0.001695394515991211
2526,0.014359474182128906,0.012744426727294922,0.0016677379608154297
2527,0.016293764114379883,0.016324996948242188,0.0016474723815917969
2528,0.013042926788330078,0.014304161071777344,0.0014882087707519531
2529,0.010179281234741211,0.012181997299194336,0.0016186237335205078
2530,0.007784843444824219,0.00957036018371582,0.0014519691467285156
2531,0.01530313491821289,0.016349315643310547,0.0014531612396240234
2532,0.013419389724731445,0.009478092193603516,0.0018305778503417969
2533,0.013574361801147461,0.012296438217163086,0.0015826225280761719
2534,0.012732982635498047,0.01269388198852539,0.001558065414428711
2535,0.01455235481262207,0.014566183090209961,0.0014777183532714844
2536,0.01471090316772461,0.011248350143432617,0.0015211105346679688
2537,0.013488531112670898,0.01386880874633789,0.001438140869140625
2538,0.013415098190307617,0.012462377548217773,0.0015494823455810547
2539,0.009384393692016602,0.013082504272460938,0.0014557838439941406
2540,0.014860868453979492,0.015689611434936523,0.0014078617095947266
2541,0.010337352752685547,0.010599136352539062,0.0014920234680175781
2542,0.014154672622680664,0.01495218276977539,0.0014598369598388672
2543,0.012371301651000977,0.010255098342895508,0.0014667510986328125
2544,0.014243364334106445,0.011339187622070312,0.001386880874633789
2545,0.011993646621704102,0.014691352844238281,0.0014500617980957031
2546,0.012017488479614258,0.013361215591430664,0.0014905929565429688
2547,0.015752077102661133,0.010368824005126953,0.001409292221069336
2548,0.010162353515625,0.008898735046386719,0.0017542839050292969
2549,0.012099504470825195,0.011818647384643555,0.0016663074493408203
2550,0.014480829238891602,0.016103506088256836,0.0015223026275634766
2551,0.010193586349487305,0.01133871078491211,0.0016162395477294922
2552,0.01501774787902832,0.00941920280456543,0.0015707015991210938
2553,0.0194547176361084,0.017745256423950195,0.0014758110046386719
2554,0.014412164688110352,0.010942220687866211,0.0014910697937011719
2555,0.010327816009521484,0.009678840637207031,0.0014519691467285156
2556,0.014558076858520508,0.01160573959350586,0.0014634132385253906
2557,0.013292312622070312,0.01332235336303711,0.0015573501586914062
2558,0.010849237442016602,0.01019430160522461,0.001516580581665039
2559,0.008533000946044922,0.009201526641845703,0.0015616416931152344
2560,0.0129852294921875,0.010412931442260742,0.0015544891357421875
2561,0.012174129486083984,0.011673688888549805,0.00140380859375
2562,0.010024070739746094,0.006585597991943359,0.0015113353729248047
2563,0.011141300201416016,0.01047062873840332,0.0014116764068603516
2564,0.014783859252929688,0.013579607009887695,0.0018393993377685547
2565,0.01516866683959961,0.012340307235717773,0.0015211105346679688
2566,0.012866020202636719,0.01229405403137207,0.001524209976196289
2567,0.016118526458740234,0.018224477767944336,0.0014450550079345703
2568,0.01494741439819336,0.009749412536621094,0.0014290809631347656
2569,0.011715173721313477,0.010297060012817383,0.0014920234680175781
2570,0.012372970581054688,0.009253978729248047,0.0014271736145019531
2571,0.015783071517944336,0.01278066635131836,0.0014760494232177734
2572,0.012703895568847656,0.010096549987792969,0.0015017986297607422
2573,0.011577844619750977,0.010535001754760742,0.0015370845794677734
2574,0.007919788360595703,0.006918191909790039,0.0014388561248779297
2575,0.01233530044555664,0.010957717895507812,0.0013775825500488281
2576,0.011544942855834961,0.012598752975463867,0.001493692398071289
2577,0.009237289428710938,0.006560087203979492,0.0014023780822753906
2578,0.010827302932739258,0.009569883346557617,0.001466512680053711
2579,0.012004375457763672,0.013920783996582031,0.0014400482177734375
2580,0.01475977897644043,0.010392189025878906,0.0017147064208984375
2581,0.013558626174926758,0.010515689849853516,0.0015363693237304688
2582,0.01285243034362793,0.01134037971496582,0.00146484375
2583,0.016686677932739258,0.01410055160522461,0.0015130043029785156
2584,0.016312599182128906,0.013356447219848633,0.0014984607696533203
2585,0.014680624008178711,0.013742685317993164,0.001439809799194336
2586,0.01252436637878418,0.006888866424560547,0.001466989517211914
2587,0.013482332229614258,0.012505531311035156,0.001432657241821289
2588,0.01394963264465332,0.009992122650146484,0.0015137195587158203
2589,0.012109041213989258,0.00967550277709961,0.001497030258178711
2590,0.010995626449584961,0.014982938766479492,0.0014560222625732422
2591,0.018480539321899414,0.01766228675842285,0.0013377666473388672
2592,0.011423349380493164,0.007617950439453125,0.0014133453369140625
2593,0.011085033416748047,0.011521339416503906,0.0014979839324951172
2594,0.011288881301879883,0.011173725128173828,0.0014107227325439453
2595,0.010750293731689453,0.010406970977783203,0.0014920234680175781
2596,0.01629042625427246,0.016240596771240234,0.0016353130340576172
2597,0.011401653289794922,0.011791229248046875,0.0015501976013183594
2598,0.010756254196166992,0.016058921813964844,0.0013959407806396484
2599,0.010881185531616211,0.007759809494018555,0.0014646053314208984
2600,0.014868736267089844,0.01445627212524414,0.0015406608581542969
2601,0.010868310928344727,0.009920835494995117,0.0013813972473144531
2602,0.012732505798339844,0.0115966796875,0.0015408992767333984
2603,0.006375551223754883,0.012329816818237305,0.0014243125915527344
2604,0.010973453521728516,0.010919332504272461,0.001547098159790039
2605,0.014647245407104492,0.014765262603759766,0.0014510154724121094
2606,0.010990381240844727,0.009320974349975586,0.0015552043914794922
2607,0.013184547424316406,0.012427330017089844,0.0014116764068603516
2608,0.011354923248291016,0.010542631149291992,0.0013990402221679688
2609,0.009840726852416992,0.010246038436889648,0.0015192031860351562
2610,0.015848159790039062,0.01487112045288086,0.0014226436614990234
2611,0.010715007781982422,0.015323877334594727,0.0014667510986328125
2612,0.012468099594116211,0.012221574783325195,0.001668691635131836
2613,0.011993169784545898,0.012788057327270508,0.0014383792877197266
2614,0.010799646377563477,0.011250972747802734,0.0014238357543945312
2615,0.015285015106201172,0.00908803939819336,0.00144195556640625
2616,0.01061105728149414,0.01147913932800293,0.001461029052734375
2617,0.017292499542236328,0.016803264617919922,0.0014526844024658203
2618,0.012710809707641602,0.011990070343017578,0.0014383792877197266
2619,0.017611980438232422,0.01608419418334961,0.0015037059783935547
2620,0.018955230712890625,0.015890121459960938,0.0014331340789794922
2621,0.014436483383178711,0.014169931411743164,0.0014889240264892578
2622,0.011011838912963867,0.011279106140136719,0.0014142990112304688
2623,0.014569997787475586,0.014312267303466797,0.0013692378997802734
2624,0.01816868782043457,0.016383886337280273,0.0015892982482910156
2625,0.012711763381958008,0.007053852081298828,0.0014042854309082031
2626,0.006485939025878906,0.007060527801513672,0.0014688968658447266
2627,0.011621475219726562,0.011094808578491211,0.0014028549194335938
2628,0.013832807540893555,0.015056133270263672,0.0016391277313232422
2629,0.012853384017944336,0.014770984649658203,0.0014107227325439453
2630,0.015219926834106445,0.012354612350463867,0.0013976097106933594
2631,0.008462667465209961,0.009745121002197266,0.0014369487762451172
2632,0.0064928531646728516,0.008500814437866211,0.001470327377319336
2633,0.011829137802124023,0.012454748153686523,0.0015001296997070312
2634,0.013638496398925781,0.013549566268920898,0.0013663768768310547
2635,0.009037494659423828,0.00771331787109375,0.0015702247619628906
2636,0.007412433624267578,0.009927511215209961,0.0014414787292480469
2637,0.01295614242553711,0.013595104217529297,0.001424551010131836
2638,0.014026165008544922,0.013793468475341797,0.001500844955444336
2639,0.013710737228393555,0.013909339904785156,0.0015034675598144531
2640,0.012493133544921875,0.012158393859863281,0.0014929771423339844
2641,0.013483047485351562,0.01436614990234375,0.0015900135040283203
2642,0.012146949768066406,0.011647224426269531,0.0014493465423583984
2643,0.008929014205932617,0.012646913528442383,0.0014455318450927734
2644,0.016069889068603516,0.012434244155883789,0.0018055438995361328
2645,0.010923624038696289,0.009934663772583008,0.0015571117401123047
2646,0.011206626892089844,0.009147405624389648,0.0014085769653320312
2647,0.012394905090332031,0.012508392333984375,0.0014712810516357422
2648,0.013355731964111328,0.013515472412109375,0.0013625621795654297
2649,0.01576066017150879,0.01423501968383789,0.0013647079467773438
2650,0.016013622283935547,0.013808965682983398,0.0013833045959472656
2651,0.015950918197631836,0.015288114547729492,0.0015549659729003906
2652,0.008657693862915039,0.010349273681640625,0.0013883113861083984
2653,0.013298511505126953,0.013015985488891602,0.0015003681182861328
2654,0.010621070861816406,0.010215044021606445,0.0014758110046386719
2655,0.014629602432250977,0.012249469757080078,0.0014255046844482422
2656,0.010014772415161133,0.012689352035522461,0.001434326171875
2657,0.013373851776123047,0.012861013412475586,0.0015912055969238281
2658,0.008925199508666992,0.01238250732421875,0.0015888214111328125
2659,0.0111541748046875,0.013521671295166016,0.0015788078308105469
2660,0.008370637893676758,0.008215188980102539,0.0017518997192382812
2661,0.011991024017333984,0.012008905410766602,0.0015676021575927734
2662,0.022170543670654297,0.01830744743347168,0.001409769058227539
2663,0.015071630477905273,0.012750387191772461,0.0013966560363769531
2664,0.014047384262084961,0.014706134796142578,0.001512765884399414
2665,0.01107025146484375,0.008559703826904297,0.0015091896057128906
2666,0.011085271835327148,0.010043859481811523,0.0015995502471923828
2667,0.011557817459106445,0.012356281280517578,0.0015184879302978516
2668,0.009540319442749023,0.01096653938293457,0.0015630722045898438
2669,0.01240086555480957,0.012239217758178711,0.0015003681182861328
2670,0.005831480026245117,0.006406307220458984,0.0014333724975585938
2671,0.017026424407958984,0.017712116241455078,0.0013802051544189453
2672,0.014394760131835938,0.014255285263061523,0.0013947486877441406
2673,0.011488199234008789,0.011095523834228516,0.0014405250549316406
2674,0.012477874755859375,0.011271476745605469,0.0014231204986572266
2675,0.017789363861083984,0.014937162399291992,0.0014300346374511719
2676,0.012686491012573242,0.013696432113647461,0.001753091812133789
2677,0.014690399169921875,0.014699220657348633,0.0014638900756835938
2678,0.0093994140625,0.008788347244262695,0.0016031265258789062
2679,0.014640092849731445,0.015799999237060547,0.0014293193817138672
2680,0.012673616409301758,0.011933326721191406,0.0016109943389892578
2681,0.011934995651245117,0.013261079788208008,0.001451730728149414
2682,0.008794546127319336,0.012009382247924805,0.001462697982788086
2683,0.012176036834716797,0.011408090591430664,0.0014607906341552734
2684,0.011863470077514648,0.012401580810546875,0.0015096664428710938
2685,0.01144099235534668,0.013975858688354492,0.0014238357543945312
2686,0.012636423110961914,0.014473438262939453,0.001439809799194336
2687,0.011889457702636719,0.013540267944335938,0.0014462471008300781
2688,0.013297080993652344,0.008700132369995117,0.0017142295837402344
2689,0.014089584350585938,0.013877630233764648,0.0014793872833251953
2690,0.01028895378112793,0.011560201644897461,0.0015532970428466797
2691,0.015619993209838867,0.014366865158081055,0.0014469623565673828
2692,0.011009693145751953,0.009269237518310547,0.0018575191497802734
2693,0.016284465789794922,0.016521930694580078,0.001615762710571289
2694,0.010849237442016602,0.01603841781616211,0.0015196800231933594
2695,0.014582157135009766,0.012364625930786133,0.0015139579772949219
2696,0.013892889022827148,0.011063337326049805,0.0015027523040771484
2697,0.010033845901489258,0.011600255966186523,0.0014803409576416016
2698,0.008717060089111328,0.010164976119995117,0.0015673637390136719
2699,0.015578985214233398,0.015852689743041992,0.0014483928680419922
2700,0.008030176162719727,0.008508682250976562,0.0015156269073486328
2701,0.007260799407958984,0.007691621780395508,0.0014357566833496094
2702,0.010674715042114258,0.011548757553100586,0.0014927387237548828
2703,0.010176897048950195,0.010549783706665039,0.0013926029205322266
2704,0.007102012634277344,0.010746479034423828,0.0014717578887939453
2705,0.011617898941040039,0.013184547424316406,0.0014986991882324219
2706,0.012964487075805664,0.013803720474243164,0.0014667510986328125
2707,0.014780998229980469,0.015431642532348633,0.0015451908111572266
2708,0.013361454010009766,0.013705968856811523,0.0018355846405029297
2709,0.010564804077148438,0.014477968215942383,0.0015223026275634766
2710,0.012799263000488281,0.012858390808105469,0.001407623291015625
2711,0.011094808578491211,0.011675834655761719,0.0014793872833251953
2712,0.008745908737182617,0.010046720504760742,0.0015635490417480469
2713,0.017058610916137695,0.012216567993164062,0.0013675689697265625
2714,0.013202428817749023,0.01253056526184082,0.0015201568603515625
2715,0.013075828552246094,0.012560367584228516,0.0014493465423583984
2716,0.01771259307861328,0.013718843460083008,0.001489400863647461
2717,0.014367818832397461,0.012665510177612305,0.0014700889587402344
2718,0.01507258415222168,0.014766693115234375,0.0014460086822509766
2719,0.012035369873046875,0.013030529022216797,0.0014834403991699219
2720,0.014090776443481445,0.01524209976196289,0.0014808177947998047
2721,0.012421607971191406,0.012787342071533203,0.001415252685546875
2722,0.01688241958618164,0.014556169509887695,0.0014982223510742188
2723,0.012119531631469727,0.01144552230834961,0.0015604496002197266
2724,0.012362957000732422,0.00872659683227539,0.0017402172088623047
2725,0.01134490966796875,0.011786460876464844,0.0014750957489013672
2726,0.013025760650634766,0.011937379837036133,0.0015468597412109375
2727,0.010591745376586914,0.010602951049804688,0.0014688968658447266
2728,0.012829303741455078,0.014828681945800781,0.0013964176177978516
2729,0.012174367904663086,0.01199197769165039,0.0014221668243408203
2730,0.015641212463378906,0.015682458877563477,0.0015294551849365234
2731,0.014400959014892578,0.010003089904785156,0.001453399658203125
2732,0.014694452285766602,0.015273809432983398,0.0014958381652832031
2733,0.016224145889282227,0.014150142669677734,0.0014781951904296875
2734,0.013422489166259766,0.014181137084960938,0.0014348030090332031
2735,0.009747028350830078,0.011927127838134766,0.0014433860778808594
2736,0.01595473289489746,0.011616706848144531,0.0013885498046875
2737,0.013357162475585938,0.012221336364746094,0.001435995101928711
2738,0.01615118980407715,0.014283180236816406,0.0013904571533203125
2739,0.015394449234008789,0.014896154403686523,0.0014140605926513672
2740,0.011271953582763672,0.007767200469970703,0.0016677379608154297
2741,0.016071557998657227,0.014718294143676758,0.0014157295227050781
2742,0.018668651580810547,0.017119407653808594,0.0014269351959228516
2743,0.009215354919433594,0.012211084365844727,0.0015103816986083984
2744,0.010703563690185547,0.010354280471801758,0.0014300346374511719
2745,0.01186680793762207,0.009966135025024414,0.0015151500701904297
2746,0.015031576156616211,0.015387535095214844,0.0014116764068603516
2747,0.01627969741821289,0.01529693603515625,0.0013890266418457031
2748,0.013344287872314453,0.014137506484985352,0.001399993896484375
2749,0.010644674301147461,0.011507272720336914,0.0014271736145019531
2750,0.006766796112060547,0.010374307632446289,0.0014531612396240234
2751,0.01590442657470703,0.014533758163452148,0.0014846324920654297
2752,0.016265153884887695,0.016804218292236328,0.0014030933380126953
2753,0.014545679092407227,0.014848709106445312,0.0014367103576660156
2754,0.010409116744995117,0.011261940002441406,0.001458883285522461
2755,0.014062643051147461,0.012783050537109375,0.0014226436614990234
2756,0.015891075134277344,0.01355743408203125,0.00165557861328125
2757,0.012876749038696289,0.01091623306274414,0.0014357566833496094
2758,0.011152982711791992,0.01472163200378418,0.0015516281127929688
2759,0.010315179824829102,0.009682655334472656,0.0014181137084960938
2760,0.009356975555419922,0.0066912174224853516,0.0014851093292236328
2761,0.012007951736450195,0.011944293975830078,0.0013928413391113281
2762,0.012407541275024414,0.011316299438476562,0.0014622211456298828
2763,0.00916743278503418,0.013953447341918945,0.0014300346374511719
2764,0.013257503509521484,0.016583919525146484,0.0015325546264648438
2765,0.01067209243774414,0.008278608322143555,0.0013689994812011719
2766,0.015124320983886719,0.013941287994384766,0.0015032291412353516
2767,0.010347127914428711,0.009288311004638672,0.001461029052734375
2768,0.009112119674682617,0.010594844818115234,0.0015020370483398438
2769,0.014065980911254883,0.011605262756347656,0.0014383792877197266
2770,0.010335922241210938,0.009334087371826172,0.001407623291015625
2771,0.011298179626464844,0.011839151382446289,0.0013899803161621094
2772,0.014049530029296875,0.011609077453613281,0.0016841888427734375
2773,0.010726213455200195,0.009646177291870117,0.0014405250549316406
2774,0.01694488525390625,0.013833284378051758,0.001434326171875
2775,0.012869834899902344,0.012820959091186523,0.0014231204986572266
2776,0.012220382690429688,0.01430058479309082,0.001453399658203125
2777,0.010960817337036133,0.010759592056274414,0.0014445781707763672
2778,0.014742136001586914,0.014654397964477539,0.0015411376953125
2779,0.015117645263671875,0.017095565795898438,0.0013909339904785156
2780,0.015348434448242188,0.01611614227294922,0.0015025138854980469
2781,0.010252237319946289,0.006933689117431641,0.001399993896484375
2782,0.011940956115722656,0.010525226593017578,0.0014011859893798828
2783,0.016187667846679688,0.012712478637695312,0.0014431476593017578
2784,0.017665863037109375,0.01622152328491211,0.0014197826385498047
2785,0.014508485794067383,0.012207746505737305,0.001384735107421875
2786,0.012981176376342773,0.012337684631347656,0.001386404037475586
2787,0.013102054595947266,0.015168428421020508,0.001398324966430664
2788,0.012156248092651367,0.014611482620239258,0.0016217231750488281
2789,0.015946626663208008,0.014390707015991211,0.0014688968658447266
2790,0.010469436645507812,0.014990568161010742,0.0014925003051757812
2791,0.01383519172668457,0.012554407119750977,0.0014429092407226562
2792,0.009748220443725586,0.009337186813354492,0.0014600753784179688
2793,0.01741814613342285,0.01386713981628418,0.0017459392547607422
2794,0.016308307647705078,0.015129327774047852,0.0014219284057617188
2795,0.011994600296020508,0.01393890380859375,0.0016179084777832031
2796,0.015302658081054688,0.014543533325195312,0.0015032291412353516
2797,0.016860246658325195,0.016767263412475586,0.0014562606811523438
2798,0.014452695846557617,0.011543512344360352,0.0014553070068359375
2799,0.011962175369262695,0.012250185012817383,0.0014564990997314453
2800,0.011277198791503906,0.012047052383422852,0.0015363693237304688
2801,0.014223814010620117,0.011340856552124023,0.001718759536743164
2802,0.013299703598022461,0.012522697448730469,0.0014867782592773438
2803,0.011841297149658203,0.012981414794921875,0.001650094985961914
2804,0.01248311996459961,0.008909463882446289,0.0017173290252685547
2805,0.01549386978149414,0.015165567398071289,0.0015058517456054688
2806,0.01490926742553711,0.01429295539855957,0.0014235973358154297
2807,0.014259099960327148,0.01358652114868164,0.0015156269073486328
2808,0.013888835906982422,0.015887737274169922,0.0014317035675048828
2809,0.01179814338684082,0.011405229568481445,0.0014605522155761719
2810,0.013425350189208984,0.013482809066772461,0.0014166831970214844
2811,0.011689186096191406,0.01260685920715332,0.0014307498931884766
2812,0.013429403305053711,0.01109766960144043,0.0014302730560302734
2813,0.013050317764282227,0.01299428939819336,0.0013608932495117188
2814,0.009638309478759766,0.011443853378295898,0.0013790130615234375
2815,0.012986183166503906,0.012990713119506836,0.0015990734100341797
2816,0.012368917465209961,0.015403270721435547,0.0013937950134277344
2817,0.00930023193359375,0.008047103881835938,0.001512765884399414
2818,0.012639999389648438,0.015779972076416016,0.0014429092407226562
2819,0.015253543853759766,0.015072822570800781,0.001451253890991211
2820,0.009287357330322266,0.012485504150390625,0.0017161369323730469
2821,0.013188362121582031,0.013727188110351562,0.001432657241821289
2822,0.012552976608276367,0.010043859481811523,0.0015804767608642578
2823,0.011308431625366211,0.010657787322998047,0.0017974376678466797
2824,0.01723456382751465,0.013143539428710938,0.0015158653259277344
2825,0.013367176055908203,0.009613037109375,0.0014314651489257812
2826,0.013370752334594727,0.009339570999145508,0.0014162063598632812
2827,0.009880781173706055,0.014153718948364258,0.001390218734741211
2828,0.012049674987792969,0.014701128005981445,0.0016036033630371094
2829,0.01600193977355957,0.011384963989257812,0.0015120506286621094
2830,0.014493227005004883,0.015713930130004883,0.0015311241149902344
2831,0.009695291519165039,0.013275861740112305,0.001524209976196289
2832,0.010429620742797852,0.011208772659301758,0.0014944076538085938
2833,0.014096975326538086,0.011696815490722656,0.0015609264373779297
2834,0.01451253890991211,0.014084339141845703,0.001474142074584961
2835,0.014497995376586914,0.013527393341064453,0.0014150142669677734
2836,0.009510517120361328,0.009646177291870117,0.0017473697662353516
2837,0.01283407211303711,0.012536764144897461,0.0014655590057373047
2838,0.01032114028930664,0.011349916458129883,0.0014336109161376953
2839,0.015599250793457031,0.013042211532592773,0.0014944076538085938
2840,0.011719226837158203,0.010352134704589844,0.00144195556640625
2841,0.015831708908081055,0.013031244277954102,0.0014829635620117188
2842,0.011774778366088867,0.012098312377929688,0.0014338493347167969
2843,0.012354850769042969,0.01068878173828125,0.0016598701477050781
2844,0.013781309127807617,0.013396978378295898,0.0014576911926269531
2845,0.009855508804321289,0.00884866714477539,0.0014982223510742188
2846,0.01214289665222168,0.012462854385375977,0.0014007091522216797
2847,0.01351165771484375,0.015425443649291992,0.001519918441772461
2848,0.00932455062866211,0.010507822036743164,0.0014002323150634766
2849,0.008752822875976562,0.009276628494262695,0.0013494491577148438
2850,0.015779733657836914,0.016293764114379883,0.0013890266418457031
2851,0.01613926887512207,0.016680002212524414,0.0013461112976074219
2852,0.014894247055053711,0.014815807342529297,0.0017061233520507812
2853,0.011291027069091797,0.007459878921508789,0.0014224052429199219
2854,0.013653993606567383,0.013939857482910156,0.0014491081237792969
2855,0.010759592056274414,0.013782262802124023,0.0016062259674072266
2856,0.01420450210571289,0.010094165802001953,0.0014352798461914062
2857,0.009150028228759766,0.006623029708862305,0.0015091896057128906
2858,0.012514591217041016,0.014691829681396484,0.0014934539794921875
2859,0.00869297981262207,0.009725809097290039,0.0015010833740234375
2860,0.01326894760131836,0.01181936264038086,0.0014166831970214844
2861,0.011024236679077148,0.009322643280029297,0.0013799667358398438
2862,0.00797128677368164,0.009506940841674805,0.001425027847290039
2863,0.017630577087402344,0.016956329345703125,0.0014650821685791016
2864,0.01391744613647461,0.013560056686401367,0.0014882087707519531
2865,0.016091346740722656,0.01583266258239746,0.0014293193817138672
2866,0.014681816101074219,0.013214111328125,0.0014564990997314453
2867,0.01705002784729004,0.015912532806396484,0.0014116764068603516
2868,0.01102304458618164,0.010129451751708984,0.001687765121459961
2869,0.014566421508789062,0.014505147933959961,0.001435995101928711
2870,0.015195131301879883,0.009827136993408203,0.0014295578002929688
2871,0.012277603149414062,0.01045846939086914,0.0015709400177001953
2872,0.011184930801391602,0.012734174728393555,0.0014193058013916016
2873,0.012087583541870117,0.014129638671875,0.0015244483947753906
2874,0.011078596115112305,0.012820243835449219,0.0014410018920898438
2875,0.009516000747680664,0.008915901184082031,0.001486063003540039
2876,0.007862329483032227,0.011325836181640625,0.001477956771850586
2877,0.01306915283203125,0.013279199600219727,0.0015535354614257812
2878,0.009485006332397461,0.012666702270507812,0.0014297962188720703
2879,0.013677597045898438,0.014903783798217773,0.0015635490417480469
2880,0.013497352600097656,0.014105081558227539,0.001455068588256836
2881,0.01410222053527832,0.014086484909057617,0.0015583038330078125
2882,0.011791467666625977,0.01183629035949707,0.001458883285522461
2883,0.015794992446899414,0.01694488525390625,0.0013566017150878906
2884,0.013955354690551758,0.013515472412109375,0.0016963481903076172
2885,0.007134675979614258,0.011591911315917969,0.0014088153839111328
2886,0.008613348007202148,0.012657403945922852,0.0014216899871826172
2887,0.015743255615234375,0.014903783798217773,0.0014989376068115234
2888,0.016091108322143555,0.010663270950317383,0.0014262199401855469
2889,0.011710643768310547,0.008199214935302734,0.0015163421630859375
2890,0.007583141326904297,0.0066263675689697266,0.0013849735260009766
2891,0.012567996978759766,0.014282703399658203,0.0015027523040771484
2892,0.01005697250366211,0.009793281555175781,0.0015637874603271484
2893,0.010191917419433594,0.011968374252319336,0.0014204978942871094
2894,0.015691518783569336,0.014061927795410156,0.0015273094177246094
2895,0.012784957885742188,0.011604070663452148,0.001531362533569336
2896,0.011859416961669922,0.010893821716308594,0.0014591217041015625
2897,0.009547710418701172,0.007399320602416992,0.0015316009521484375
2898,0.010901689529418945,0.013434410095214844,0.001501321792602539
2899,0.012108564376831055,0.013505935668945312,0.0015590190887451172
2900,0.014841794967651367,0.015381097793579102,0.0017538070678710938
2901,0.012974262237548828,0.011663675308227539,0.0014934539794921875
2902,0.011879682540893555,0.015093088150024414,0.0014815330505371094
2903,0.012439489364624023,0.013053178787231445,0.0014886856079101562
2904,0.015822649002075195,0.016260862350463867,0.0014698505401611328
2905,0.016251325607299805,0.017304182052612305,0.0013840198516845703
2906,0.01214146614074707,0.013384103775024414,0.0014731884002685547
2907,0.01266932487487793,0.009191751480102539,0.0014286041259765625
2908,0.012363910675048828,0.013282060623168945,0.0014233589172363281
2909,0.011635065078735352,0.013705253601074219,0.0014917850494384766
2910,0.014260292053222656,0.013296842575073242,0.0014450550079345703
2911,0.012175798416137695,0.01199030876159668,0.0015010833740234375
2912,0.013628005981445312,0.011719942092895508,0.0014579296112060547
2913,0.011956930160522461,0.01500558853149414,0.001506805419921875
2914,0.011659383773803711,0.011628866195678711,0.0014698505401611328
2915,0.008562088012695312,0.00899815559387207,0.0014116764068603516
2916,0.014603137969970703,0.014053583145141602,0.0017170906066894531
2917,0.011770486831665039,0.012215137481689453,0.001455068588256836
2918,0.01563572883605957,0.0160367488861084,0.0014514923095703125
2919,0.01124119758605957,0.011739969253540039,0.0015358924865722656
2920,0.011507272720336914,0.011279821395874023,0.0014095306396484375
2921,0.010730981826782227,0.007690906524658203,0.001436471939086914
2922,0.01127481460571289,0.010486125946044922,0.0013849735260009766
2923,0.011518716812133789,0.012529373168945312,0.0034513473510742188
2924,0.012384891510009766,0.013639211654663086,0.0017619132995605469
2925,0.014188051223754883,0.012073993682861328,0.00167083740234375
2926,0.011626958847045898,0.011891841888427734,0.00173187255859375
2927,0.012801408767700195,0.011638641357421875,0.0015594959259033203
2928,0.010718584060668945,0.013587474822998047,0.0017161369323730469
2929,0.013572454452514648,0.013648271560668945,0.0013480186462402344
2930,0.011975526809692383,0.010709285736083984,0.0013806819915771484
2931,0.007915019989013672,0.011988162994384766,0.0013384819030761719
2932,0.01239466667175293,0.013157367706298828,0.001781463623046875
2933,0.01035928726196289,0.01121211051940918,0.0013875961303710938
2934,0.014963150024414062,0.01257467269897461,0.0013675689697265625
2935,0.014238357543945312,0.012091875076293945,0.001522064208984375
2936,0.015875577926635742,0.013756990432739258,0.001405954360961914
2937,0.0102691650390625,0.013488292694091797,0.001394033432006836
2938,0.00784444808959961,0.006640195846557617,0.0014214515686035156
2939,0.01413273811340332,0.012932777404785156,0.0015375614166259766
2940,0.012223482131958008,0.012128114700317383,0.0014448165893554688
2941,0.015386343002319336,0.014420747756958008,0.001489400863647461
2942,0.012009859085083008,0.008146524429321289,0.0014564990997314453
2943,0.01608729362487793,0.012997150421142578,0.0014808177947998047
2944,0.015924930572509766,0.013562917709350586,0.0014073848724365234
2945,0.014451026916503906,0.010794401168823242,0.0014772415161132812
2946,0.013667583465576172,0.013811588287353516,0.0014464855194091797
2947,0.00748133659362793,0.01055598258972168,0.0014438629150390625
2948,0.010802984237670898,0.012276411056518555,0.0016307830810546875
2949,0.010616302490234375,0.00927734375,0.0014424324035644531
2950,0.013098001480102539,0.015549182891845703,0.001422882080078125
2951,0.015260457992553711,0.016019582748413086,0.0013916492462158203
2952,0.012005329132080078,0.012040853500366211,0.0014293193817138672
2953,0.011326074600219727,0.013323068618774414,0.0014562606811523438
2954,0.004946231842041016,0.008290767669677734,0.0014333724975585938
2955,0.014409780502319336,0.010178565979003906,0.0014929771423339844
2956,0.013869285583496094,0.011584997177124023,0.0014386177062988281
2957,0.0067446231842041016,0.010923624038696289,0.0014758110046386719
2958,0.009983062744140625,0.0069315433502197266,0.0014450550079345703
2959,0.014045476913452148,0.011936664581298828,0.001497507095336914
2960,0.010086536407470703,0.011131525039672852,0.0014252662658691406
2961,0.011135578155517578,0.011223793029785156,0.0015454292297363281
2962,0.015024900436401367,0.013406038284301758,0.0014808177947998047
2963,0.012683868408203125,0.013554096221923828,0.0014829635620117188
2964,0.011961221694946289,0.00831747055053711,0.001695871353149414
2965,0.009481668472290039,0.007781267166137695,0.0015141963958740234
2966,0.013489961624145508,0.013094663619995117,0.0014262199401855469
2967,0.008098840713500977,0.011932134628295898,0.0014297962188720703
2968,0.00961923599243164,0.010671138763427734,0.0014204978942871094
2969,0.013625621795654297,0.012632608413696289,0.0014455318450927734
2970,0.01159811019897461,0.014706850051879883,0.0015799999237060547
2971,0.016423940658569336,0.014601469039916992,0.0013513565063476562
2972,0.011940956115722656,0.01231694221496582,0.0015492439270019531
2973,0.011467695236206055,0.008830547332763672,0.0014295578002929688
2974,0.012685298919677734,0.013244867324829102,0.001352548599243164
2975,0.012143135070800781,0.009186267852783203,0.0014302730560302734
2976,0.01057887077331543,0.008324861526489258,0.0014574527740478516
2977,0.012198925018310547,0.01337575912475586,0.0014235973358154297
2978,0.012587785720825195,0.013520956039428711,0.0014421939849853516
2979,0.008470773696899414,0.012198448181152344,0.0014030933380126953
2980,0.011745214462280273,0.010937213897705078,0.0016810894012451172
2981,0.012161970138549805,0.007601261138916016,0.0014181137084960938
2982,0.015268087387084961,0.013783693313598633,0.001382589340209961
2983,0.013675212860107422,0.011868953704833984,0.0014183521270751953
2984,0.01289987564086914,0.012123584747314453,0.0014140605926513672
2985,0.011505603790283203,0.012735605239868164,0.0013713836669921875
2986,0.013355016708374023,0.012314319610595703,0.001394033432006836
2987,0.010239601135253906,0.012705564498901367,0.001386404037475586
2988,0.014135360717773438,0.013301372528076172,0.0013890266418457031
2989,0.00894927978515625,0.00861811637878418,0.0014278888702392578
2990,0.012809276580810547,0.013859033584594727,0.0013954639434814453
2991,0.009722471237182617,0.0067577362060546875,0.0013549327850341797
2992,0.010232210159301758,0.012099742889404297,0.001436471939086914
2993,0.00907588005065918,0.011977672576904297,0.001508474349975586
2994,0.00981450080871582,0.009731292724609375,0.0016078948974609375
2995,0.007996797561645508,0.008152008056640625,0.0014729499816894531
2996,0.013341188430786133,0.012675762176513672,0.0017924308776855469
2997,0.013709306716918945,0.013379096984863281,0.0015180110931396484
2998,0.01543569564819336,0.014169931411743164,0.0014185905456542969
2999,0.010982275009155273,0.01186990737915039,0.001405477523803711
3000,0.011705636978149414,0.011743545532226562,0.0015609264373779297
3001,0.013561248779296875,0.009659051895141602,0.0014400482177734375
3002,0.009294509887695312,0.011689186096191406,0.0015468597412109375
3003,0.01028752326965332,0.009236812591552734,0.001416921615600586
3004,0.012662887573242188,0.01589488983154297,0.0014960765838623047
3005,0.014000177383422852,0.01048135757446289,0.0018157958984375
3006,0.012418508529663086,0.012420892715454102,0.001558065414428711
3007,0.013766765594482422,0.011406660079956055,0.0016193389892578125
3008,0.011820793151855469,0.01343083381652832,0.0014176368713378906
3009,0.010451555252075195,0.009259939193725586,0.0015659332275390625
3010,0.01219797134399414,0.010390758514404297,0.0015540122985839844
3011,0.008791923522949219,0.008400201797485352,0.0015819072723388672
3012,0.01074361801147461,0.01066136360168457,0.001821756362915039
3013,0.014538049697875977,0.015444517135620117,0.001528024673461914
3014,0.014477968215942383,0.014577150344848633,0.0015015602111816406
3015,0.01381993293762207,0.011678695678710938,0.001486063003540039
3016,0.011353731155395508,0.014235496520996094,0.0014348030090332031
3017,0.00839853286743164,0.009427070617675781,0.001451253890991211
3018,0.011753082275390625,0.010343790054321289,0.0014052391052246094
3019,0.011595726013183594,0.011739730834960938,0.0014157295227050781
3020,0.012659788131713867,0.011595010757446289,0.001516103744506836
3021,0.010221719741821289,0.009273052215576172,0.0013866424560546875
3022,0.009809255599975586,0.011419057846069336,0.0014421939849853516
3023,0.010480403900146484,0.015323638916015625,0.001405477523803711
3024,0.012365579605102539,0.010009050369262695,0.0014684200286865234
3025,0.013457536697387695,0.014082193374633789,0.0013916492462158203
3026,0.011831283569335938,0.014560461044311523,0.0014545917510986328
3027,0.017682790756225586,0.014081716537475586,0.0014350414276123047
3028,0.014490365982055664,0.014284372329711914,0.001619577407836914
3029,0.014150619506835938,0.010612964630126953,0.0014679431915283203
3030,0.009783506393432617,0.009909629821777344,0.001394510269165039
3031,0.012555837631225586,0.012389659881591797,0.0014107227325439453
3032,0.010512351989746094,0.012101888656616211,0.001434326171875
3033,0.11415410041809082,0.01250314712524414,0.0014634132385253906
3034,0.018674373626708984,0.01762700080871582,0.0014028549194335938
3035,0.012860298156738281,0.011507272720336914,0.0014450550079345703
3036,0.013641834259033203,0.010888814926147461,0.0014066696166992188
3037,0.013651371002197266,0.01227879524230957,0.0015404224395751953
3038,0.007426738739013672,0.007471561431884766,0.001436471939086914
3039,0.012423038482666016,0.009505033493041992,0.001495361328125
3040,0.01410222053527832,0.010929107666015625,0.0014545917510986328
3041,0.013528108596801758,0.012586593627929688,0.001458883285522461
3042,0.014117956161499023,0.019879579544067383,0.001413583755493164
3043,0.011324167251586914,0.013559818267822266,0.0014362335205078125
3044,0.014246940612792969,0.009248971939086914,0.0016694068908691406
3045,0.010674476623535156,0.012863636016845703,0.0014586448669433594
3046,0.014339923858642578,0.014978170394897461,0.001493692398071289
3047,0.010761499404907227,0.0070917606353759766,0.0014851093292236328
3048,0.01186823844909668,0.012223482131958008,0.0015187263488769531
3049,0.010498285293579102,0.008111715316772461,0.0014920234680175781
3050,0.012323617935180664,0.013238191604614258,0.0013654232025146484
3051,0.011593103408813477,0.01052236557006836,0.001491546630859375
3052,0.009134292602539062,0.011759042739868164,0.0014202594757080078
3053,0.012905597686767578,0.012747526168823242,0.0013661384582519531
3054,0.012885093688964844,0.010572195053100586,0.0014276504516601562
3055,0.012983083724975586,0.012580394744873047,0.0014677047729492188
3056,0.013309717178344727,0.0150299072265625,0.001458883285522461
3057,0.010206937789916992,0.00607752799987793,0.0013935565948486328
3058,0.013870000839233398,0.012966632843017578,0.0013833045959472656
3059,0.012708663940429688,0.013274431228637695,0.0014324188232421875
3060,0.012830018997192383,0.014087200164794922,0.0016732215881347656
3061,0.012197732925415039,0.011662960052490234,0.0014729499816894531
3062,0.01466679573059082,0.014944791793823242,0.0014293193817138672
3063,0.012851715087890625,0.01304769515991211,0.0014586448669433594
3064,0.009233713150024414,0.010066986083984375,0.0014257431030273438
3065,0.015101909637451172,0.014482975006103516,0.0015764236450195312
3066,0.011774778366088867,0.011458635330200195,0.0013897418975830078
3067,0.015849590301513672,0.015242815017700195,0.0016162395477294922
3068,0.012618541717529297,0.010703802108764648,0.00140380859375
3069,0.015076160430908203,0.015576839447021484,0.0015361309051513672
3070,0.013603448867797852,0.014800786972045898,0.0017485618591308594
3071,0.01046299934387207,0.012131690979003906,0.0015645027160644531
3072,0.00814509391784668,0.010599851608276367,0.001634359359741211
3073,0.013719558715820312,0.014277219772338867,0.0016243457794189453
3074,0.010833978652954102,0.012605428695678711,0.0013928413391113281
3075,0.012585163116455078,0.012375116348266602,0.0015766620635986328
3076,0.011168956756591797,0.01022791862487793,0.0016624927520751953
3077,0.010261297225952148,0.010566234588623047,0.001645803451538086
3078,0.018917083740234375,0.014872312545776367,0.001542806625366211
3079,0.008368968963623047,0.010318994522094727,0.0014824867248535156
3080,0.014415979385375977,0.013149023056030273,0.0015749931335449219
3081,0.018390417098999023,0.017150163650512695,0.0015223026275634766
3082,0.010175466537475586,0.006651163101196289,0.0016093254089355469
3083,0.014310359954833984,0.013273239135742188,0.0014662742614746094
3084,0.01024937629699707,0.011489391326904297,0.001432180404663086
3085,0.016330242156982422,0.014739274978637695,0.0014600753784179688
3086,0.010867118835449219,0.007192373275756836,0.0014424324035644531
3087,0.013657569885253906,0.011933565139770508,0.0014789104461669922
3088,0.013817310333251953,0.01541280746459961,0.001443624496459961
3089,0.009899616241455078,0.009938955307006836,0.0014412403106689453
3090,0.013233184814453125,0.016051054000854492,0.0013895034790039062
3091,0.015340328216552734,0.015218734741210938,0.0015392303466796875
3092,0.011478424072265625,0.010584592819213867,0.0018072128295898438
3093,0.008082389831542969,0.00854039192199707,0.0015802383422851562
3094,0.01663661003112793,0.016925573348999023,0.0015559196472167969
3095,0.015153646469116211,0.014926433563232422,0.0015308856964111328
3096,0.011137723922729492,0.009151697158813477,0.0014119148254394531
3097,0.005403041839599609,0.005614519119262695,0.001435995101928711
3098,0.009960651397705078,0.0123748779296875,0.001466512680053711
3099,0.01648235321044922,0.010888814926147461,0.0015048980712890625
3100,0.010556221008300781,0.009949445724487305,0.0014705657958984375
3101,0.009267330169677734,0.01073312759399414,0.0015027523040771484
3102,0.014738321304321289,0.014081001281738281,0.0015811920166015625
3103,0.013190984725952148,0.012805700302124023,0.0015842914581298828
3104,0.01450800895690918,0.013257741928100586,0.0015521049499511719
3105,0.011760473251342773,0.013345718383789062,0.0015349388122558594
3106,0.010394096374511719,0.011214971542358398,0.0015687942504882812
3107,0.012468576431274414,0.012125968933105469,0.0014171600341796875
3108,0.013277053833007812,0.01326298713684082,0.001650094985961914
3109,0.013118743896484375,0.011290311813354492,0.0014443397521972656
3110,0.008149862289428711,0.008268594741821289,0.001384735107421875
3111,0.01245570182800293,0.010378599166870117,0.0014989376068115234
3112,0.010958433151245117,0.011918783187866211,0.0015704631805419922
3113,0.011411428451538086,0.007721424102783203,0.0015418529510498047
3114,0.012603521347045898,0.011856794357299805,0.0015666484832763672
3115,0.01581263542175293,0.012768745422363281,0.0014278888702392578
3116,0.016509532928466797,0.01631307601928711,0.0015940666198730469
3117,0.011278867721557617,0.009042501449584961,0.0014526844024658203
3118,0.01304936408996582,0.014847993850708008,0.001397848129272461
3119,0.011458396911621094,0.012781858444213867,0.0014171600341796875
3120,0.011360406875610352,0.01473093032836914,0.0015826225280761719
3121,0.012386798858642578,0.011763811111450195,0.0015330314636230469
3122,0.013904571533203125,0.012818098068237305,0.0015265941619873047
3123,0.012952327728271484,0.015367746353149414,0.001512289047241211
3124,0.015454292297363281,0.013546228408813477,0.0017321109771728516
3125,0.015935182571411133,0.017719030380249023,0.0014905929565429688
3126,0.014383316040039062,0.010622739791870117,0.0014941692352294922
3127,0.008188724517822266,0.007177829742431641,0.0015330314636230469
3128,0.008240461349487305,0.00786590576171875,0.0015091896057128906
3129,0.018204450607299805,0.016927242279052734,0.0015163421630859375
3130,0.010143280029296875,0.00953221321105957,0.0015327930450439453
3131,0.009013891220092773,0.006651163101196289,0.001500844955444336
3132,0.01220560073852539,0.010641813278198242,0.0015795230865478516
3133,0.0158231258392334,0.016562700271606445,0.001470327377319336
3134,0.013906240463256836,0.014242887496948242,0.0014591217041015625
3135,0.011834859848022461,0.012360811233520508,0.0014681816101074219
3136,0.008240699768066406,0.007812738418579102,0.0014743804931640625
3137,0.007700443267822266,0.008431434631347656,0.0014662742614746094
3138,0.008432626724243164,0.00995326042175293,0.0016050338745117188
3139,0.013438940048217773,0.013040542602539062,0.0014030933380126953
3140,0.01650381088256836,0.011547565460205078,0.0018167495727539062
3141,0.015891313552856445,0.015503883361816406,0.001440286636352539
3142,0.011271953582763672,0.014717340469360352,0.0015158653259277344
3143,0.013854503631591797,0.01198434829711914,0.0014452934265136719
3144,0.012749671936035156,0.012703895568847656,0.0016090869903564453
3145,0.01022028923034668,0.009389638900756836,0.0014393329620361328
3146,0.011691570281982422,0.01274251937866211,0.001440286636352539
3147,0.014144182205200195,0.013322830200195312,0.001580953598022461
3148,0.01115560531616211,0.011084318161010742,0.0014190673828125
3149,0.0118865966796875,0.012606382369995117,0.0015544891357421875
3150,0.010500431060791016,0.009056568145751953,0.0014119148254394531
3151,0.01290130615234375,0.013118982315063477,0.0013921260833740234
3152,0.01150059700012207,0.012689352035522461,0.0014462471008300781
3153,0.013440370559692383,0.013022184371948242,0.0014269351959228516
3154,0.012030363082885742,0.011909008026123047,0.0014472007751464844
3155,0.01568150520324707,0.013230085372924805,0.001420736312866211
3156,0.0075376033782958984,0.008481502532958984,0.0017125606536865234
3157,0.008328676223754883,0.005024433135986328,0.0014615058898925781
3158,0.01300358772277832,0.011254310607910156,0.0014982223510742188
3159,0.014156818389892578,0.010049819946289062,0.0014317035675048828
3160,0.009216785430908203,0.011723518371582031,0.001554250717163086
3161,0.009047508239746094,0.010801076889038086,0.0014264583587646484
3162,0.014019250869750977,0.013620138168334961,0.0015022754669189453
3163,0.008483171463012695,0.012595891952514648,0.0015032291412353516
3164,0.008811712265014648,0.012478351593017578,0.0014462471008300781
3165,0.01016092300415039,0.011625289916992188,0.001499176025390625
3166,0.009540557861328125,0.007886171340942383,0.0014400482177734375
3167,0.014868736267089844,0.00986790657043457,0.0014507770538330078
3168,0.01313018798828125,0.009977340698242188,0.0014269351959228516
3169,0.01023101806640625,0.00816798210144043,0.0014729499816894531
3170,0.007760286331176758,0.008948564529418945,0.0014274120330810547
3171,0.012883901596069336,0.010905742645263672,0.0013647079467773438
3172,0.01428079605102539,0.014409542083740234,0.0017130374908447266
3173,0.01967906951904297,0.016597986221313477,0.0015137195587158203
3174,0.01105642318725586,0.008944034576416016,0.0014615058898925781
3175,0.016663789749145508,0.016306400299072266,0.0014371871948242188
3176,0.014494895935058594,0.013756990432739258,0.001491546630859375
3177,0.014107227325439453,0.009356260299682617,0.0014989376068115234
3178,0.013157129287719727,0.011842966079711914,0.0014159679412841797
3179,0.014659404754638672,0.012711286544799805,0.0014219284057617188
3180,0.012775182723999023,0.013006925582885742,0.0014386177062988281
3181,0.015450716018676758,0.01367044448852539,0.0014379024505615234
3182,0.010560035705566406,0.0116729736328125,0.0013930797576904297
3183,0.01301884651184082,0.010539531707763672,0.0015172958374023438
3184,0.008581399917602539,0.010789632797241211,0.0014722347259521484
3185,0.013824462890625,0.009620428085327148,0.0014984607696533203
3186,0.013512611389160156,0.012482881546020508,0.0014221668243408203
3187,0.011063575744628906,0.013910531997680664,0.0014128684997558594
3188,0.015149354934692383,0.012404680252075195,0.001706838607788086
3189,0.009946584701538086,0.008126258850097656,0.0014925003051757812
3190,0.016425132751464844,0.016283512115478516,0.0014369487762451172
3191,0.017463207244873047,0.010048151016235352,0.0014429092407226562
3192,0.017286300659179688,0.01511240005493164,0.0014328956604003906
3193,0.012430906295776367,0.007329225540161133,0.0013697147369384766
3194,0.010747432708740234,0.012594938278198242,0.001443624496459961
3195,0.011159896850585938,0.009327173233032227,0.0015828609466552734
3196,0.016026020050048828,0.01591014862060547,0.0013964176177978516
3197,0.013501405715942383,0.01358175277709961,0.001504659652709961
3198,0.012909173965454102,0.014079809188842773,0.0014085769653320312
3199,0.015810251235961914,0.009859561920166016,0.0015189647674560547
3200,0.015644311904907227,0.016017436981201172,0.0014536380767822266
3201,0.016979694366455078,0.01397395133972168,0.0014696121215820312
3202,0.009462833404541016,0.010908365249633789,0.0014834403991699219
3203,0.01095438003540039,0.011264801025390625,0.0014941692352294922
3204,0.014762163162231445,0.013785600662231445,0.0016527175903320312
3205,0.015680313110351562,0.014532327651977539,0.0015020370483398438
3206,0.013733386993408203,0.00975346565246582,0.0014171600341796875
3207,0.016791820526123047,0.012673377990722656,0.001413106918334961
3208,0.013545751571655273,0.011950254440307617,0.0014204978942871094
3209,0.013464212417602539,0.012713909149169922,0.0014274120330810547
3210,0.016344308853149414,0.0161740779876709,0.0013973712921142578
3211,0.014729022979736328,0.011269092559814453,0.0014123916625976562
3212,0.01011967658996582,0.006361961364746094,0.0013935565948486328
3213,0.009415626525878906,0.010329246520996094,0.0014591217041015625
3214,0.011683225631713867,0.010066509246826172,0.00142669677734375
3215,0.011867523193359375,0.012840509414672852,0.001413106918334961
3216,0.01300048828125,0.013997316360473633,0.0014085769653320312
3217,0.01508951187133789,0.01405191421508789,0.0014717578887939453
3218,0.01190805435180664,0.012897729873657227,0.001447439193725586
3219,0.013334274291992188,0.013487815856933594,0.0014262199401855469
3220,0.008859395980834961,0.008944034576416016,0.0017344951629638672
3221,0.008420705795288086,0.010133028030395508,0.001455068588256836
3222,0.010925054550170898,0.007421255111694336,0.0014727115631103516
3223,0.008972406387329102,0.012957096099853516,0.0013816356658935547
3224,0.015633821487426758,0.014394044876098633,0.001434326171875
3225,0.018784523010253906,0.016219139099121094,0.0014586448669433594
3226,0.01062154769897461,0.00996541976928711,0.0014657974243164062
3227,0.01595449447631836,0.018180370330810547,0.001405477523803711
3228,0.015420675277709961,0.015124082565307617,0.0014989376068115234
3229,0.016760826110839844,0.014936685562133789,0.0014290809631347656
3230,0.013858318328857422,0.012955904006958008,0.0014159679412841797
3231,0.011101484298706055,0.012071609497070312,0.0015251636505126953
3232,0.012055158615112305,0.014420270919799805,0.001470804214477539
3233,0.013346433639526367,0.014906883239746094,0.001544952392578125
3234,0.008812904357910156,0.011507272720336914,0.001547098159790039
3235,0.011964797973632812,0.011057853698730469,0.0015163421630859375
3236,0.014544486999511719,0.010151863098144531,0.0017652511596679688
3237,0.01796269416809082,0.015269279479980469,0.0015556812286376953
3238,0.012279510498046875,0.012549638748168945,0.0015118122100830078
3239,0.014055013656616211,0.015084505081176758,0.0015058517456054688
3240,0.012728691101074219,0.012094497680664062,0.0015149116516113281
3241,0.014429092407226562,0.012603998184204102,0.001535177230834961
3242,0.015679597854614258,0.013908147811889648,0.0014417171478271484
3243,0.013303518295288086,0.010649681091308594,0.0014636516571044922
3244,0.010802268981933594,0.010824441909790039,0.0015292167663574219
3245,0.019006013870239258,0.01435089111328125,0.0014247894287109375
3246,0.013049840927124023,0.014673709869384766,0.0014185905456542969
3247,0.010732173919677734,0.010521650314331055,0.001390695571899414
3248,0.013110876083374023,0.012928962707519531,0.0014393329620361328
3249,0.013650655746459961,0.011833906173706055,0.001430511474609375
3250,0.013274431228637695,0.013791322708129883,0.0014042854309082031
3251,0.013395547866821289,0.013871431350708008,0.0014338493347167969
3252,0.015929460525512695,0.016193628311157227,0.0019335746765136719
3253,0.00937962532043457,0.005728721618652344,0.001499176025390625
3254,0.011227607727050781,0.01375269889831543,0.0016255378723144531
3255,0.010982275009155273,0.009100914001464844,0.0014650821685791016
3256,0.012568473815917969,0.011307001113891602,0.0016679763793945312
3257,0.012822389602661133,0.012764692306518555,0.001451730728149414
3258,0.008460283279418945,0.0073223114013671875,0.0014460086822509766
3259,0.011551856994628906,0.01023411750793457,0.00141143798828125
3260,0.006838321685791016,0.008805513381958008,0.0016164779663085938
3261,0.01535344123840332,0.01661849021911621,0.0015206336975097656
3262,0.009672880172729492,0.007786989212036133,0.0015568733215332031
3263,0.010913610458374023,0.007314205169677734,0.0014314651489257812
3264,0.014050960540771484,0.013306140899658203,0.0014193058013916016
3265,0.008188962936401367,0.009047508239746094,0.0014433860778808594
3266,0.013965606689453125,0.01042795181274414,0.001379251480102539
3267,0.011924505233764648,0.012069463729858398,0.001346588134765625
3268,0.016005277633666992,0.016234874725341797,0.0016369819641113281
3269,0.010363101959228516,0.011947393417358398,0.0014176368713378906
3270,0.00967264175415039,0.008860349655151367,0.001409769058227539
3271,0.007754087448120117,0.0068454742431640625,0.0013782978057861328
3272,0.013079643249511719,0.013614654541015625,0.001421213150024414
3273,0.016011476516723633,0.012885332107543945,0.0014777183532714844
3274,0.015125036239624023,0.01131582260131836,0.0013892650604248047
3275,0.014376401901245117,0.011429071426391602,0.001434326171875
3276,0.011731863021850586,0.010383367538452148,0.001434326171875
3277,0.010592460632324219,0.012578964233398438,0.0014407634735107422
3278,0.010271787643432617,0.010676145553588867,0.0013949871063232422
3279,0.01595902442932129,0.010651826858520508,0.0014336109161376953
3280,0.010611295700073242,0.010444164276123047,0.00140380859375
3281,0.009943962097167969,0.009992599487304688,0.0014824867248535156
3282,0.008327007293701172,0.007770538330078125,0.0014526844024658203
3283,0.013897895812988281,0.011732339859008789,0.00141143798828125
3284,0.00911712646484375,0.008971691131591797,0.0017020702362060547
3285,0.010502099990844727,0.010420083999633789,0.0014460086822509766
3286,0.011722087860107422,0.014037847518920898,0.0014870166778564453
3287,0.009318351745605469,0.0067632198333740234,0.0014019012451171875
3288,0.01211690902709961,0.013529062271118164,0.001463174819946289
3289,0.0144500732421875,0.012488126754760742,0.0013797283172607422
3290,0.013367652893066406,0.014027118682861328,0.0013818740844726562
3291,0.01452779769897461,0.011013507843017578,0.0013699531555175781
3292,0.01656341552734375,0.01466226577758789,0.0014081001281738281
3293,0.01394796371459961,0.013947486877441406,0.0013775825500488281
3294,0.017505407333374023,0.015958786010742188,0.0014340877532958984
3295,0.01870274543762207,0.015192508697509766,0.0014209747314453125
3296,0.012166976928710938,0.013503551483154297,0.0014302730560302734
3297,0.0105743408203125,0.013308525085449219,0.0014121532440185547
3298,0.015260934829711914,0.012385368347167969,0.0014128684997558594
3299,0.014080286026000977,0.01277780532836914,0.0014069080352783203
3300,0.01571822166442871,0.015722990036010742,0.0016307830810546875
3301,0.012840747833251953,0.009659528732299805,0.0014009475708007812
3302,0.011046409606933594,0.010150671005249023,0.0013921260833740234
3303,0.012448549270629883,0.010347127914428711,0.0014023780822753906
3304,0.016459226608276367,0.014549732208251953,0.0013980865478515625
3305,0.01613450050354004,0.016334056854248047,0.001394033432006836
3306,0.017031431198120117,0.015230894088745117,0.0014243125915527344
3307,0.015854835510253906,0.016179561614990234,0.001424551010131836
3308,0.014281988143920898,0.015152454376220703,0.0014073848724365234
3309,0.012054443359375,0.011722087860107422,0.0014262199401855469
3310,0.015867948532104492,0.015872478485107422,0.00144195556640625
3311,0.012291908264160156,0.010422468185424805,0.0013875961303710938
3312,0.008990764617919922,0.007866382598876953,0.0014104843139648438
3313,0.016097307205200195,0.012412548065185547,0.0013666152954101562
3314,0.01604437828063965,0.016850948333740234,0.0013890266418457031
3315,0.0096588134765625,0.010464906692504883,0.0013883113861083984
3316,0.011773109436035156,0.007172822952270508,0.0016279220581054688
3317,0.013623714447021484,0.013529300689697266,0.001413583755493164
3318,0.010499238967895508,0.012240409851074219,0.0014376640319824219
3319,0.009955644607543945,0.008300542831420898,0.00140380859375
3320,0.006970643997192383,0.008855104446411133,0.0014314651489257812
3321,0.013564586639404297,0.014369726181030273,0.0014603137969970703
3322,0.0116729736328125,0.012083768844604492,0.0014667510986328125
3323,0.006829977035522461,0.010521173477172852,0.0014159679412841797
3324,0.009914875030517578,0.010243415832519531,0.0014190673828125
3325,0.011618614196777344,0.01218414306640625,0.001483917236328125
3326,0.014068841934204102,0.012295722961425781,0.0014123916625976562
3327,0.013104915618896484,0.014288902282714844,0.0015289783477783203
3328,0.0120086669921875,0.01307821273803711,0.0013988018035888672
3329,0.012420654296875,0.009251594543457031,0.0015170574188232422
3330,0.011334419250488281,0.012854337692260742,0.001415252685546875
3331,0.014749765396118164,0.01517939567565918,0.0013890266418457031
3332,0.012768983840942383,0.011324167251586914,0.001733541488647461
3333,0.009758710861206055,0.011740922927856445,0.0013866424560546875
3334,0.01190805435180664,0.01180720329284668,0.0014393329620361328
3335,0.013143301010131836,0.012572050094604492,0.00140380859375
3336,0.01395726203918457,0.015581369400024414,0.001443624496459961
3337,0.012421846389770508,0.0116119384765625,0.001390218734741211
3338,0.012085676193237305,0.012602806091308594,0.001405954360961914
3339,0.014399290084838867,0.014511823654174805,0.0014421939849853516
3340,0.014968156814575195,0.012641191482543945,0.0014927387237548828
3341,0.010963201522827148,0.010339021682739258,0.0014455318450927734
3342,0.012218236923217773,0.012468576431274414,0.0014824867248535156
3343,0.012361288070678711,0.013391256332397461,0.0014960765838623047
3344,0.015032768249511719,0.014735221862792969,0.0014925003051757812
3345,0.014014005661010742,0.010269880294799805,0.0014867782592773438
3346,0.014356613159179688,0.010309934616088867,0.0014412403106689453
3347,0.009990453720092773,0.010383129119873047,0.0014600753784179688
3348,0.01621842384338379,0.016382694244384766,0.0017027854919433594
3349,0.01262664794921875,0.01079106330871582,0.0014443397521972656
3350,0.012772560119628906,0.012293815612792969,0.0014851093292236328
3351,0.010927677154541016,0.013263463973999023,0.0014984607696533203
3352,0.013775825500488281,0.015418052673339844,0.0014617443084716797
3353,0.010022163391113281,0.010106086730957031,0.0015060901641845703
3354,0.017268657684326172,0.016106843948364258,0.0014853477478027344
3355,0.016537904739379883,0.016944408416748047,0.0014951229095458984
3356,0.01044011116027832,0.010657548904418945,0.0014772415161132812
3357,0.009742498397827148,0.0071146488189697266,0.0014369487762451172
3358,0.015737056732177734,0.016229867935180664,0.0014519691467285156
3359,0.010167360305786133,0.01668405532836914,0.001493215560913086
3360,0.015740156173706055,0.017765283584594727,0.001436471939086914
3361,0.011354446411132812,0.01102304458618164,0.0014498233795166016
3362,0.013302803039550781,0.010123729705810547,0.001478433609008789
3363,0.009160757064819336,0.00726628303527832,0.0014200210571289062
3364,0.009857654571533203,0.013827800750732422,0.001718759536743164
3365,0.011215925216674805,0.012147903442382812,0.0015668869018554688
3366,0.010261297225952148,0.009965896606445312,0.0014967918395996094
3367,0.011342763900756836,0.012595891952514648,0.0015540122985839844
3368,0.009551286697387695,0.011661052703857422,0.0014705657958984375
3369,0.011988639831542969,0.013221263885498047,0.0015881061553955078
3370,0.01047372817993164,0.007894754409790039,0.0014872550964355469
3371,0.01363682746887207,0.015274524688720703,0.0014069080352783203
3372,0.014207839965820312,0.012082576751708984,0.0014748573303222656
3373,0.009299993515014648,0.01160120964050293,0.0014619827270507812
3374,0.014954328536987305,0.014539480209350586,0.001470327377319336
3375,0.014777183532714844,0.014421224594116211,0.0015225410461425781
3376,0.01452493667602539,0.013585329055786133,0.0014252662658691406
3377,0.010518789291381836,0.014152050018310547,0.0014734268188476562
3378,0.015848636627197266,0.016815662384033203,0.0014586448669433594
3379,0.008773088455200195,0.010262727737426758,0.0015153884887695312
3380,0.015417337417602539,0.01022648811340332,0.0017328262329101562
3381,0.010259866714477539,0.011577367782592773,0.0015559196472167969
3382,0.008497476577758789,0.009047508239746094,0.001486063003540039
3383,0.016080856323242188,0.01602911949157715,0.001558542251586914
3384,0.017498254776000977,0.015510320663452148,0.001493215560913086
3385,0.013084650039672852,0.009235620498657227,0.0015797615051269531
3386,0.010197877883911133,0.013057231903076172,0.0014710426330566406
3387,0.01614522933959961,0.0146026611328125,0.0014846324920654297
3388,0.017142534255981445,0.012806177139282227,0.0014154911041259766
3389,0.014893054962158203,0.010840892791748047,0.0015265941619873047
3390,0.01275014877319336,0.01030111312866211,0.0014972686767578125
3391,0.011720418930053711,0.013244390487670898,0.0014698505401611328
3392,0.008220672607421875,0.005799293518066406,0.0013933181762695312
3393,0.012867212295532227,0.011499166488647461,0.0015311241149902344
3394,0.013417243957519531,0.009966373443603516,0.0014312267303466797
3395,0.017149925231933594,0.01620340347290039,0.0014350414276123047
3396,0.01403188705444336,0.010447263717651367,0.0017538070678710938
3397,0.010750770568847656,0.011841297149658203,0.0014998912811279297
3398,0.010590553283691406,0.009868383407592773,0.0014910697937011719
3399,0.012601852416992188,0.011179685592651367,0.0016613006591796875
3400,0.01037454605102539,0.011229276657104492,0.0016264915466308594
3401,0.01377558708190918,0.013598918914794922,0.001617431640625
3402,0.01184391975402832,0.010467290878295898,0.0015673637390136719
3403,0.01102137565612793,0.008614778518676758,0.001631021499633789
3404,0.010051727294921875,0.010796785354614258,0.0015556812286376953
3405,0.006567478179931641,0.005978107452392578,0.0013992786407470703
3406,0.012347698211669922,0.010356426239013672,0.0015530586242675781
3407,0.014778375625610352,0.014619112014770508,0.0014355182647705078
3408,0.015308380126953125,0.015768766403198242,0.0015516281127929688
3409,0.01318502426147461,0.012710332870483398,0.0014302730560302734
3410,0.012358427047729492,0.011250972747802734,0.0014500617980957031
3411,0.012978315353393555,0.012364625930786133,0.0014181137084960938
3412,0.013638973236083984,0.015066862106323242,0.0017445087432861328
3413,0.015180110931396484,0.01341390609741211,0.0014333724975585938
3414,0.007580280303955078,0.008054018020629883,0.0014908313751220703
3415,0.011182546615600586,0.009190082550048828,0.0015838146209716797
3416,0.008181571960449219,0.008304357528686523,0.001470804214477539
3417,0.010353565216064453,0.008947372436523438,0.0015671253204345703
3418,0.008301734924316406,0.00879526138305664,0.0014226436614990234
3419,0.01434016227722168,0.013347625732421875,0.001544952392578125
3420,0.011519432067871094,0.014331340789794922,0.0015206336975097656
3421,0.007911920547485352,0.007009744644165039,0.001554250717163086
3422,0.009717464447021484,0.006672382354736328,0.001474618911743164
3423,0.015051841735839844,0.015995264053344727,0.0013823509216308594
3424,0.015035867691040039,0.012009859085083008,0.0014312267303466797
3425,0.009135723114013672,0.010617256164550781,0.0014493465423583984
3426,0.01073908805847168,0.012131690979003906,0.0014061927795410156
3427,0.010876893997192383,0.015044689178466797,0.0014035701751708984
3428,0.014315366744995117,0.010318517684936523,0.0016319751739501953
3429,0.009406805038452148,0.008116960525512695,0.00148773193359375
3430,0.010985374450683594,0.013143062591552734,0.0014424324035644531
3431,0.011695623397827148,0.011549711227416992,0.0014050006866455078
3432,0.010754823684692383,0.008980989456176758,0.0014081001281738281
3433,0.006726741790771484,0.0066852569580078125,0.001453399658203125
3434,0.01509237289428711,0.016577959060668945,0.0014791488647460938
3435,0.009758710861206055,0.011313676834106445,0.0014233589172363281
3436,0.007005929946899414,0.00874471664428711,0.0014278888702392578
3437,0.012985467910766602,0.013734579086303711,0.001466989517211914
3438,0.014964103698730469,0.015269994735717773,0.00146484375
3439,0.010427713394165039,0.008533000946044922,0.0015273094177246094
3440,0.017383813858032227,0.012873172760009766,0.0014233589172363281
3441,0.012612342834472656,0.007324695587158203,0.0013775825500488281
3442,0.014432430267333984,0.013536691665649414,0.0014240741729736328
3443,0.01258087158203125,0.011702537536621094,0.0014095306396484375
3444,0.012939453125,0.012299776077270508,0.0016467571258544922
3445,0.012801885604858398,0.013913393020629883,0.001477956771850586
3446,0.00989675521850586,0.005682945251464844,0.0013911724090576172
3447,0.014428853988647461,0.010590553283691406,0.0014531612396240234
3448,0.014216899871826172,0.013250112533569336,0.0014188289642333984
3449,0.010022401809692383,0.0063588619232177734,0.0015020370483398438
3450,0.013126850128173828,0.011690616607666016,0.0014302730560302734
3451,0.011107444763183594,0.012279748916625977,0.0013575553894042969
3452,0.011982917785644531,0.014299392700195312,0.001369476318359375
3453,0.013913631439208984,0.016260862350463867,0.0014286041259765625
3454,0.012391805648803711,0.011297941207885742,0.0014185905456542969
3455,0.010628938674926758,0.010781288146972656,0.0013966560363769531
3456,0.010450363159179688,0.01160740852355957,0.0014431476593017578
3457,0.016177654266357422,0.015475273132324219,0.0015692710876464844
3458,0.013652801513671875,0.013956785202026367,0.0014405250549316406
3459,0.013674020767211914,0.012454748153686523,0.001477956771850586
3460,0.012811422348022461,0.014961957931518555,0.0016295909881591797
3461,0.013104915618896484,0.013145208358764648,0.001447916030883789
3462,0.00997161865234375,0.010652542114257812,0.0014090538024902344
3463,0.008746862411499023,0.008327245712280273,0.0013964176177978516
3464,0.012456893920898438,0.011326789855957031,0.0014147758483886719
3465,0.014161825180053711,0.013701200485229492,0.0014293193817138672
3466,0.011241674423217773,0.013645648956298828,0.001478433609008789
3467,0.01582956314086914,0.016646146774291992,0.001394033432006836
3468,0.010436773300170898,0.010925531387329102,0.001573801040649414
3469,0.010106563568115234,0.010072708129882812,0.0014705657958984375
3470,0.012773275375366211,0.013566255569458008,0.0015578269958496094
3471,0.014607667922973633,0.015156984329223633,0.0014369487762451172
3472,0.013019084930419922,0.011890411376953125,0.0015168190002441406
3473,0.01105642318725586,0.012335538864135742,0.0014715194702148438
3474,0.01342630386352539,0.014315128326416016,0.0014514923095703125
3475,0.014193296432495117,0.012084484100341797,0.001383066177368164
3476,0.010067462921142578,0.01370096206665039,0.0017547607421875
3477,0.016803979873657227,0.01515054702758789,0.0014352798461914062
3478,0.011519908905029297,0.012004613876342773,0.0014808177947998047
3479,0.013948440551757812,0.011941194534301758,0.0014045238494873047
3480,0.014294147491455078,0.012435197830200195,0.0015091896057128906
3481,0.008444786071777344,0.009271860122680664,0.0014243125915527344
3482,0.014915704727172852,0.013489007949829102,0.0013763904571533203
3483,0.011055707931518555,0.012419939041137695,0.0014605522155761719
3484,0.009149312973022461,0.011925220489501953,0.0013911724090576172
3485,0.01263284683227539,0.011893987655639648,0.001481771469116211
3486,0.013119220733642578,0.011988401412963867,0.00142669677734375
3487,0.008537054061889648,0.008702993392944336,0.0013713836669921875
3488,0.013124704360961914,0.008584737777709961,0.0014140605926513672
3489,0.013684988021850586,0.014168024063110352,0.0013935565948486328
3490,0.012142181396484375,0.013083934783935547,0.0014638900756835938
3491,0.012760639190673828,0.011913299560546875,0.0014247894287109375
3492,0.014095067977905273,0.014138460159301758,0.0017087459564208984
3493,0.016828060150146484,0.015945911407470703,0.0014567375183105469
3494,0.012228965759277344,0.012430191040039062,0.0014290809631347656
3495,0.015623331069946289,0.015141725540161133,0.0015223026275634766
3496,0.014434576034545898,0.009315013885498047,0.0014810562133789062
3497,0.013120412826538086,0.014209508895874023,0.0014464855194091797
3498,0.01723337173461914,0.015102624893188477,0.0014286041259765625
3499,0.011060714721679688,0.013010740280151367,0.001453399658203125
3500,0.012079715728759766,0.01245260238647461,0.0015761852264404297
3501,0.009934425354003906,0.008473396301269531,0.0014214515686035156
3502,0.012719154357910156,0.01425623893737793,0.001489400863647461
3503,0.013226509094238281,0.014732837677001953,0.0014345645904541016
3504,0.014487266540527344,0.015485525131225586,0.0015268325805664062
3505,0.009370803833007812,0.009282350540161133,0.001422882080078125
3506,0.008551597595214844,0.009589672088623047,0.0015609264373779297
3507,0.010288715362548828,0.009143829345703125,0.0014255046844482422
3508,0.009836196899414062,0.013154745101928711,0.0017428398132324219
3509,0.01174163818359375,0.015583276748657227,0.001470327377319336
3510,0.010569095611572266,0.01061558723449707,0.0014865398406982422
3511,0.009508132934570312,0.009784460067749023,0.0014827251434326172
3512,0.015772104263305664,0.019058704376220703,0.0014138221740722656
3513,0.010706901550292969,0.01161503791809082,0.0014507770538330078
3514,0.010904073715209961,0.014909029006958008,0.0014960765838623047
3515,0.00947713851928711,0.009122610092163086,0.0014204978942871094
3516,0.012920856475830078,0.010639190673828125,0.0014240741729736328
3517,0.0084991455078125,0.009070873260498047,0.0014328956604003906
3518,0.012231588363647461,0.009038686752319336,0.0014116764068603516
3519,0.012441873550415039,0.014547348022460938,0.0014202594757080078
3520,0.014741182327270508,0.01605701446533203,0.0014526844024658203
3521,0.01440119743347168,0.00895237922668457,0.0013885498046875
3522,0.014909029006958008,0.015087127685546875,0.0014219284057617188
3523,0.012046575546264648,0.015382528305053711,0.0013551712036132812
3524,0.012486934661865234,0.013372182846069336,0.0017066001892089844
3525,0.014007568359375,0.012854814529418945,0.0014085769653320312
3526,0.009126901626586914,0.007291316986083984,0.0014758110046386719
3527,0.01203465461730957,0.011705398559570312,0.0014295578002929688
3528,0.009453058242797852,0.012279033660888672,0.001538991928100586
3529,0.01410675048828125,0.013352632522583008,0.0015463829040527344
3530,0.01330423355102539,0.011101484298706055,0.0013959407806396484
3531,0.009380102157592773,0.0071446895599365234,0.001443624496459961
3532,0.010887622833251953,0.008941173553466797,0.0014450550079345703
3533,0.009206056594848633,0.008304357528686523,0.0014393329620361328
3534,0.008785724639892578,0.009424448013305664,0.0015556812286376953
3535,0.014299869537353516,0.010976314544677734,0.001409769058227539
3536,0.011353492736816406,0.01177978515625,0.0015590190887451172
3537,0.01046442985534668,0.008054018020629883,0.0015361309051513672
3538,0.014934062957763672,0.015089035034179688,0.0014605522155761719
3539,0.011812925338745117,0.00917363166809082,0.001481771469116211
3540,0.014620780944824219,0.010233402252197266,0.0017578601837158203
3541,0.01442265510559082,0.01392674446105957,0.0015017986297607422
3542,0.01329946517944336,0.014333486557006836,0.0014827251434326172
3543,0.012454032897949219,0.012825965881347656,0.0014424324035644531
3544,0.015297174453735352,0.01426076889038086,0.0015037059783935547
3545,0.009875774383544922,0.006618022918701172,0.0014452934265136719
3546,0.014575719833374023,0.01721358299255371,0.0014560222625732422
3547,0.01320958137512207,0.010473489761352539,0.0014848709106445312
3548,0.012375593185424805,0.01307821273803711,0.0014510154724121094
3549,0.011827230453491211,0.013063907623291016,0.0014803409576416016
3550,0.009864330291748047,0.008994102478027344,0.0014383792877197266
3551,0.013414144515991211,0.01374197006225586,0.0014812946319580078
3552,0.008932352066040039,0.009805917739868164,0.0014774799346923828
3553,0.014928579330444336,0.016254186630249023,0.0014603137969970703
3554,0.01316523551940918,0.013355731964111328,0.0014793872833251953
3555,0.01215505599975586,0.009969711303710938,0.0014085769653320312
3556,0.014918804168701172,0.010357141494750977,0.001689910888671875
3557,0.014029741287231445,0.014409780502319336,0.0014333724975585938
3558,0.014952659606933594,0.014847993850708008,0.0014197826385498047
3559,0.012078523635864258,0.012649774551391602,0.0014722347259521484
3560,0.014475584030151367,0.012756824493408203,0.001402139663696289
3561,0.013658523559570312,0.011202096939086914,0.0014569759368896484
3562,0.010175943374633789,0.010642051696777344,0.0014302730560302734
3563,0.016193866729736328,0.014480352401733398,0.0014166831970214844
3564,0.01971721649169922,0.016185283660888672,0.0014369487762451172
3565,0.013058185577392578,0.009406089782714844,0.0015387535095214844
3566,0.012414693832397461,0.0106353759765625,0.001458883285522461
3567,0.01150965690612793,0.012096881866455078,0.0014693737030029297
3568,0.013828277587890625,0.012499332427978516,0.0013954639434814453
3569,0.010034561157226562,0.012047767639160156,0.0014739036560058594
3570,0.009705066680908203,0.010973215103149414,0.001421213150024414
3571,0.01183462142944336,0.015031099319458008,0.0013458728790283203
3572,0.015720605850219727,0.014559507369995117,0.0017778873443603516
3573,0.01360011100769043,0.01514291763305664,0.0016450881958007812
3574,0.01167440414428711,0.009263038635253906,0.001523733139038086
3575,0.0048825740814208984,0.008341550827026367,0.00164031982421875
3576,0.011350631713867188,0.010340213775634766,0.0015566349029541016
3577,0.008155107498168945,0.012103557586669922,0.0015823841094970703
3578,0.014748096466064453,0.01421046257019043,0.0014696121215820312
3579,0.015985727310180664,0.010967254638671875,0.0015361309051513672
3580,0.014195680618286133,0.011029720306396484,0.0015339851379394531
3581,0.016648054122924805,0.012694835662841797,0.0014731884002685547
3582,0.014564275741577148,0.013537406921386719,0.0015342235565185547
3583,0.01268315315246582,0.008765697479248047,0.0015099048614501953
3584,0.010975360870361328,0.009547710418701172,0.0014333724975585938
3585,0.010955333709716797,0.012003183364868164,0.001499176025390625
3586,0.012303352355957031,0.010329008102416992,0.001495361328125
3587,0.014690399169921875,0.014046907424926758,0.0015506744384765625
3588,0.01215362548828125,0.00978398323059082,0.0017132759094238281
3589,0.017432689666748047,0.015949726104736328,0.0015177726745605469
3590,0.018945932388305664,0.017155885696411133,0.0014865398406982422
3591,0.014954090118408203,0.015605449676513672,0.0014433860778808594
3592,0.013367176055908203,0.012959480285644531,0.0014369487762451172
3593,0.010783910751342773,0.012003183364868164,0.0014700889587402344
3594,0.01157236099243164,0.012725591659545898,0.0014445781707763672
3595,0.010768413543701172,0.008404970169067383,0.0014541149139404297
3596,0.01742720603942871,0.018140077590942383,0.0014681816101074219
3597,0.018619537353515625,0.01882648468017578,0.0014033317565917969
3598,0.015656709671020508,0.013078689575195312,0.0014955997467041016
3599,0.016025066375732422,0.01531982421875,0.0014960765838623047
3600,0.015600919723510742,0.015559911727905273,0.001489400863647461
3601,0.013079643249511719,0.012281179428100586,0.0014870166778564453
3602,0.017377853393554688,0.017441511154174805,0.0014362335205078125
3603,0.012418985366821289,0.012063741683959961,0.0014827251434326172
3604,0.013149023056030273,0.013791322708129883,0.0020263195037841797
3605,0.008926630020141602,0.010923624038696289,0.0014657974243164062
3606,0.010272026062011719,0.012929677963256836,0.0016946792602539062
3607,0.012900590896606445,0.014594554901123047,0.0014622211456298828
3608,0.008623600006103516,0.007863283157348633,0.001430511474609375
3609,0.014064550399780273,0.012846708297729492,0.0015590190887451172
3610,0.016952991485595703,0.016225814819335938,0.0014388561248779297
3611,0.011001110076904297,0.011199712753295898,0.0015368461608886719
3612,0.010015487670898438,0.013849973678588867,0.0014498233795166016
3613,0.012940168380737305,0.014247894287109375,0.0014336109161376953
3614,0.011722803115844727,0.01146554946899414,0.0014734268188476562
3615,0.014953374862670898,0.012911796569824219,0.001435995101928711
3616,0.010490179061889648,0.009428977966308594,0.0015020370483398438
3617,0.014832496643066406,0.014100074768066406,0.0014455318450927734
3618,0.009769201278686523,0.007647991180419922,0.0014340877532958984
3619,0.01492452621459961,0.012342453002929688,0.0014734268188476562
3620,0.011532068252563477,0.008426904678344727,0.0016443729400634766
3621,0.012971878051757812,0.011928796768188477,0.0014302730560302734
3622,0.010429620742797852,0.012418985366821289,0.0015039443969726562
3623,0.008999824523925781,0.010138511657714844,0.0015180110931396484
3624,0.0060384273529052734,0.008334159851074219,0.0014834403991699219
3625,0.012612342834472656,0.012449026107788086,0.0014591217041015625
3626,0.013136625289916992,0.00986480712890625,0.0014238357543945312
3627,0.011305093765258789,0.010425329208374023,0.0014882087707519531
3628,0.015146970748901367,0.012555122375488281,0.0015282630920410156
3629,0.013795137405395508,0.013217687606811523,0.001478433609008789
3630,0.00922083854675293,0.009366512298583984,0.0014967918395996094
3631,0.014339208602905273,0.01232767105102539,0.0014989376068115234
3632,0.014556407928466797,0.015613317489624023,0.0015025138854980469
3633,0.014369964599609375,0.016196012496948242,0.0014698505401611328
3634,0.009144067764282227,0.009857892990112305,0.0014810562133789062
3635,0.011566877365112305,0.0116424560546875,0.001481771469116211
3636,0.009510517120361328,0.011190414428710938,0.0017230510711669922
3637,0.0075244903564453125,0.00870656967163086,0.0014231204986572266
3638,0.009325027465820312,0.011282682418823242,0.0014264583587646484
3639,0.009408950805664062,0.018710613250732422,0.0014367103576660156
3640,0.01777029037475586,0.018616199493408203,0.0014884471893310547
3641,0.010641336441040039,0.011758089065551758,0.0015325546264648438
3642,0.007355928421020508,0.010616064071655273,0.0014908313751220703
3643,0.009606599807739258,0.013909339904785156,0.001489400863647461
3644,0.01453256607055664,0.014460563659667969,0.0015375614166259766
3645,0.011485815048217773,0.00862884521484375,0.0014715194702148438
3646,0.014658689498901367,0.011159181594848633,0.0015816688537597656
3647,0.013262271881103516,0.010145187377929688,0.0014297962188720703
3648,0.008186101913452148,0.007877111434936523,0.0014567375183105469
3649,0.014282464981079102,0.014971733093261719,0.0014452934265136719
3650,0.012702465057373047,0.013610601425170898,0.0015614032745361328
3651,0.0160062313079834,0.01683831214904785,0.0014276504516601562
3652,0.012857198715209961,0.011601448059082031,0.00160980224609375
3653,0.015891551971435547,0.01599574089050293,0.0014755725860595703
3654,0.011615753173828125,0.008326292037963867,0.0015461444854736328
3655,0.010436296463012695,0.010699987411499023,0.0014493465423583984
3656,0.008660078048706055,0.009764671325683594,0.0013554096221923828
3657,0.012973785400390625,0.011811494827270508,0.0014848709106445312
3658,0.016399383544921875,0.018310070037841797,0.0014836788177490234
3659,0.012388944625854492,0.011672735214233398,0.0014777183532714844
3660,0.010350465774536133,0.011667013168334961,0.0014619827270507812
3661,0.016525745391845703,0.0164337158203125,0.0014543533325195312
3662,0.007526874542236328,0.012028217315673828,0.0014374256134033203
3663,0.013511419296264648,0.011312723159790039,0.0014646053314208984
3664,0.008506536483764648,0.010774850845336914,0.0014190673828125
3665,0.013103246688842773,0.013354301452636719,0.001428365707397461
3666,0.01691603660583496,0.015681982040405273,0.001384735107421875
3667,0.015166521072387695,0.01105809211730957,0.0014462471008300781
3668,0.011818885803222656,0.01006770133972168,0.0017440319061279297
3669,0.013600587844848633,0.013355731964111328,0.0014264583587646484
3670,0.015485763549804688,0.014833450317382812,0.001531362533569336
3671,0.011626005172729492,0.011379241943359375,0.0015752315521240234
3672,0.011301279067993164,0.013326406478881836,0.0014760494232177734
3673,0.014358043670654297,0.015300512313842773,0.0015611648559570312
3674,0.01311492919921875,0.011382341384887695,0.001451253890991211
3675,0.01371455192565918,0.013974428176879883,0.0014240741729736328
3676,0.014819622039794922,0.014784574508666992,0.0014734268188476562
3677,0.007295131683349609,0.011718511581420898,0.0014119148254394531
3678,0.010420799255371094,0.012946844100952148,0.0014941692352294922
3679,0.010300874710083008,0.012476444244384766,0.0014350414276123047
3680,0.012375593185424805,0.014567852020263672,0.0014252662658691406
3681,0.008188724517822266,0.011591434478759766,0.001394510269165039
3682,0.013115644454956055,0.011659622192382812,0.001478433609008789
3683,0.008509397506713867,0.011979818344116211,0.0013904571533203125
3684,0.01320195198059082,0.011657953262329102,0.0015940666198730469
3685,0.012999296188354492,0.011325836181640625,0.001461029052734375
3686,0.007951498031616211,0.008158206939697266,0.0013973712921142578
3687,0.014504432678222656,0.016718149185180664,0.001468658447265625
3688,0.016310691833496094,0.01568293571472168,0.0013668537139892578
3689,0.015717267990112305,0.01819443702697754,0.0014798641204833984
3690,0.018594026565551758,0.013237237930297852,0.001399993896484375
3691,0.012412071228027344,0.01903676986694336,0.0014328956604003906
3692,0.014580249786376953,0.011251211166381836,0.0014939308166503906
3693,0.009742021560668945,0.010613441467285156,0.0014574527740478516
3694,0.010613203048706055,0.011479377746582031,0.001383066177368164
3695,0.00944209098815918,0.011734724044799805,0.0014193058013916016
3696,0.012122869491577148,0.00977778434753418,0.0014183521270751953
3697,0.016542434692382812,0.01842355728149414,0.0014050006866455078
3698,0.015161275863647461,0.01648259162902832,0.001519918441772461
3699,0.013412714004516602,0.013180732727050781,0.001394510269165039
3700,0.014248847961425781,0.013397455215454102,0.001779794692993164
3701,0.0086669921875,0.008233308792114258,0.0015118122100830078
3702,0.01021122932434082,0.011500358581542969,0.001547098159790039
3703,0.012083053588867188,0.008565425872802734,0.0014641284942626953
3704,0.008074045181274414,0.009886503219604492,0.001369476318359375
3705,0.011986017227172852,0.013993978500366211,0.0014450550079345703
3706,0.012621641159057617,0.015062332153320312,0.0014781951904296875
3707,0.00979161262512207,0.013471841812133789,0.0014412403106689453
3708,0.013425588607788086,0.012722253799438477,0.0014421939849853516
3709,0.009375810623168945,0.010573863983154297,0.0014543533325195312
3710,0.013064146041870117,0.013700246810913086,0.0014681816101074219
3711,0.010625362396240234,0.012146711349487305,0.0014674663543701172
3712,0.010921955108642578,0.01177978515625,0.0014481544494628906
3713,0.012230634689331055,0.01507115364074707,0.0014269351959228516
3714,0.012432336807250977,0.009836435317993164,0.0014290809631347656
3715,0.00880575180053711,0.012706995010375977,0.0013904571533203125
3716,0.008848905563354492,0.007486581802368164,0.0016748905181884766
3717,0.009071826934814453,0.009578704833984375,0.001397848129272461
3718,0.013287544250488281,0.01442861557006836,0.0014753341674804688
3719,0.006003141403198242,0.008959531784057617,0.0013952255249023438
3720,0.011664152145385742,0.01331949234008789,0.0013947486877441406
3721,0.010166168212890625,0.013936042785644531,0.0013837814331054688
3722,0.010274171829223633,0.006634712219238281,0.0014700889587402344
3723,0.011779546737670898,0.01506185531616211,0.0014307498931884766
3724,0.011993408203125,0.011875391006469727,0.0014777183532714844
3725,0.016292333602905273,0.016920804977416992,0.0014410018920898438
3726,0.007242441177368164,0.01035928726196289,0.0013997554779052734
3727,0.013330936431884766,0.01288294792175293,0.0014462471008300781
3728,0.009250164031982422,0.010740280151367188,0.001458883285522461
3729,0.019423961639404297,0.017232418060302734,0.001402139663696289
3730,0.011229515075683594,0.00855255126953125,0.001520395278930664
3731,0.012320995330810547,0.008864879608154297,0.0014462471008300781
3732,0.010599374771118164,0.01432180404663086,0.0016982555389404297
3733,0.00904393196105957,0.011461257934570312,0.0014050006866455078
3734,0.012853145599365234,0.013116121292114258,0.0014743804931640625
3735,0.008769750595092773,0.009709596633911133,0.0013589859008789062
3736,0.010605335235595703,0.009622573852539062,0.0014433860778808594
3737,0.011871576309204102,0.013073205947875977,0.0013921260833740234
3738,0.012818574905395508,0.012140750885009766,0.0014300346374511719
3739,0.007418632507324219,0.006775856018066406,0.0015723705291748047
3740,0.009266138076782227,0.009486198425292969,0.001420736312866211
3741,0.015565872192382812,0.012023687362670898,0.0015020370483398438
3742,0.013264656066894531,0.01157236099243164,0.0014905929565429688
3743,0.011519432067871094,0.012312650680541992,0.0014810562133789062
3744,0.012762308120727539,0.016178607940673828,0.0014312267303466797
3745,0.01112508773803711,0.009089231491088867,0.0013880729675292969
3746,0.009992361068725586,0.009827375411987305,0.0014224052429199219
3747,0.013210296630859375,0.015799760818481445,0.0013937950134277344
3748,0.011875152587890625,0.013898611068725586,0.0017080307006835938
3749,0.01235818862915039,0.012477397918701172,0.0014421939849853516
3750,0.011871099472045898,0.014644145965576172,0.001466512680053711
3751,0.013734102249145508,0.012218236923217773,0.0014004707336425781
3752,0.01252889633178711,0.011765480041503906,0.001474618911743164
3753,0.011286258697509766,0.010026931762695312,0.001409769058227539
3754,0.009378910064697266,0.011923789978027344,0.001375436782836914
3755,0.008858919143676758,0.010259389877319336,0.0014598369598388672
3756,0.016898155212402344,0.011850595474243164,0.0015635490417480469
3757,0.01293325424194336,0.012105464935302734,0.0014414787292480469
3758,0.01025533676147461,0.009689807891845703,0.001538991928100586
3759,0.017082691192626953,0.015922069549560547,0.0014033317565917969
3760,0.010955095291137695,0.009829998016357422,0.001435995101928711
3761,0.012763023376464844,0.014781713485717773,0.001516580581665039
3762,0.013621330261230469,0.01396942138671875,0.0014123916625976562
3763,0.010827779769897461,0.009828805923461914,0.0013811588287353516
3764,0.007628679275512695,0.009588241577148438,0.0016782283782958984
3765,0.015294313430786133,0.012174606323242188,0.0014142990112304688
3766,0.01627206802368164,0.012965917587280273,0.0014150142669677734
3767,0.01599907875061035,0.01033926010131836,0.001392364501953125
3768,0.017685651779174805,0.015745878219604492,0.0014998912811279297
3769,0.008969783782958984,0.013197183609008789,0.0013849735260009766
3770,0.011932611465454102,0.010912179946899414,0.0015168190002441406
3771,0.010009765625,0.010430335998535156,0.0013816356658935547
3772,0.01370382308959961,0.013690710067749023,0.0015347003936767578
3773,0.014176130294799805,0.01278996467590332,0.0013911724090576172
3774,0.009493112564086914,0.009142637252807617,0.0013499259948730469
3775,0.012278318405151367,0.012019872665405273,0.001447439193725586
3776,0.011211395263671875,0.008274078369140625,0.0014202594757080078
3777,0.015158891677856445,0.01443791389465332,0.00141143798828125
3778,0.013052225112915039,0.01386713981628418,0.0014662742614746094
3779,0.010663986206054688,0.00800013542175293,0.001407623291015625
3780,0.0078008174896240234,0.011364936828613281,0.0017309188842773438
3781,0.008868932723999023,0.011562585830688477,0.0013968944549560547
3782,0.013498783111572266,0.012823820114135742,0.0014739036560058594
3783,0.009999990463256836,0.011403560638427734,0.0015058517456054688
3784,0.011915922164916992,0.011722087860107422,0.0013968944549560547
3785,0.012127399444580078,0.008991718292236328,0.0014581680297851562
3786,0.011812925338745117,0.012542963027954102,0.001420736312866211
3787,0.012517929077148438,0.01225900650024414,0.0014100074768066406
3788,0.014449119567871094,0.012302875518798828,0.0014688968658447266
3789,0.01594376564025879,0.012823343276977539,0.0014195442199707031
3790,0.016452312469482422,0.013720989227294922,0.0014028549194335938
3791,0.01780533790588379,0.011690139770507812,0.0014324188232421875
3792,0.013938665390014648,0.01304173469543457,0.0013885498046875
3793,0.013297080993652344,0.013720512390136719,0.001361846923828125
3794,0.014751911163330078,0.011400222778320312,0.0013697147369384766
3795,0.016298532485961914,0.010799884796142578,0.0013873577117919922
3796,0.015388011932373047,0.015228509902954102,0.0016753673553466797
3797,0.01556253433227539,0.016685009002685547,0.001659393310546875
3798,0.007334232330322266,0.01179647445678711,0.0013916492462158203
3799,0.00901484489440918,0.011580228805541992,0.001390218734741211
3800,0.01398921012878418,0.012988567352294922,0.0014338493347167969
3801,0.006560802459716797,0.008779525756835938,0.001374959945678711
3802,0.01134800910949707,0.009251832962036133,0.0014500617980957031
3803,0.00850534439086914,0.011448144912719727,0.0014450550079345703
3804,0.013316631317138672,0.010140657424926758,0.0014729499816894531
3805,0.008116722106933594,0.009378194808959961,0.0014221668243408203
3806,0.009899377822875977,0.012315750122070312,0.0014002323150634766
3807,0.011008262634277344,0.009548425674438477,0.0016026496887207031
3808,0.011858463287353516,0.008472442626953125,0.0015666484832763672
3809,0.013923883438110352,0.011703729629516602,0.001538991928100586
3810,0.009243488311767578,0.009629964828491211,0.0015201568603515625
3811,0.011505842208862305,0.011770486831665039,0.0015063285827636719
3812,0.013221502304077148,0.011775732040405273,0.001800537109375
3813,0.011207342147827148,0.009980440139770508,0.0014231204986572266
3814,0.00965261459350586,0.007292985916137695,0.0014100074768066406
3815,0.010926485061645508,0.012610197067260742,0.0014171600341796875
3816,0.010746955871582031,0.011908292770385742,0.0015723705291748047
3817,0.01000356674194336,0.012601137161254883,0.0014100074768066406
3818,0.012935161590576172,0.015918493270874023,0.0015306472778320312
3819,0.01562786102294922,0.012365341186523438,0.0013744831085205078
3820,0.010338306427001953,0.009918451309204102,0.0014302730560302734
3821,0.013303041458129883,0.01443624496459961,0.0014438629150390625
3822,0.01201009750366211,0.012603044509887695,0.0014073848724365234
3823,0.01636791229248047,0.016676664352416992,0.0013577938079833984
3824,0.008702278137207031,0.012332677841186523,0.0014688968658447266
3825,0.009428024291992188,0.011807918548583984,0.0014216899871826172
3826,0.012428045272827148,0.01312398910522461,0.0014357566833496094
3827,0.013873815536499023,0.013193845748901367,0.0013976097106933594
3828,0.01195526123046875,0.01277470588684082,0.0016794204711914062
3829,0.013175010681152344,0.012077093124389648,0.0015473365783691406
3830,0.010801076889038086,0.010892868041992188,0.001444101333618164
3831,0.00989222526550293,0.0063860416412353516,0.0014567375183105469
3832,0.013721227645874023,0.012804269790649414,0.001415252685546875
3833,0.013413190841674805,0.012827873229980469,0.0014202594757080078
3834,0.01293039321899414,0.01271677017211914,0.0014111995697021484
3835,0.010622501373291016,0.011114120483398438,0.0014014244079589844
3836,0.013932466506958008,0.014184713363647461,0.001466989517211914
3837,0.012756824493408203,0.011778116226196289,0.0014133453369140625
3838,0.016932964324951172,0.01584148406982422,0.0014657974243164062
3839,0.015560626983642578,0.01888298988342285,0.0014431476593017578
3840,0.011894941329956055,0.01295924186706543,0.0015330314636230469
3841,0.016707658767700195,0.015586137771606445,0.0014560222625732422
3842,0.01011967658996582,0.009310007095336914,0.0014715194702148438
3843,0.01304316520690918,0.012636661529541016,0.0014641284942626953
3844,0.01498866081237793,0.014827728271484375,0.0017321109771728516
3845,0.007879495620727539,0.00619196891784668,0.0014615058898925781
3846,0.008454322814941406,0.011955976486206055,0.0014925003051757812
3847,0.012884378433227539,0.015074968338012695,0.0014278888702392578
3848,0.012615442276000977,0.013587236404418945,0.0015227794647216797
3849,0.009757518768310547,0.008985280990600586,0.0014109611511230469
3850,0.013718843460083008,0.014331817626953125,0.0013554096221923828
3851,0.00887608528137207,0.00880742073059082,0.0014452934265136719
3852,0.010513544082641602,0.00854182243347168,0.0014121532440185547
3853,0.008160114288330078,0.012145519256591797,0.0014369487762451172
3854,0.009510993957519531,0.011060953140258789,0.0013866424560546875
3855,0.011379718780517578,0.012245893478393555,0.0014579296112060547
3856,0.00976705551147461,0.009731292724609375,0.0014331340789794922
3857,0.015540599822998047,0.013442516326904297,0.0014202594757080078
3858,0.01358175277709961,0.014360666275024414,0.0014417171478271484
3859,0.011264801025390625,0.011231184005737305,0.0014231204986572266
3860,0.014644384384155273,0.014061212539672852,0.0017557144165039062
3861,0.007021903991699219,0.009868621826171875,0.0014417171478271484
3862,0.01687002182006836,0.014101028442382812,0.0014145374298095703
3863,0.015830516815185547,0.013563156127929688,0.0014123916625976562
3864,0.01560521125793457,0.01462244987487793,0.0014705657958984375
3865,0.006962776184082031,0.009519577026367188,0.0013918876647949219
3866,0.012796163558959961,0.01002955436706543,0.0013675689697265625
3867,0.01607036590576172,0.010422468185424805,0.0014166831970214844
3868,0.017192602157592773,0.012608051300048828,0.0014412403106689453
3869,0.011867284774780273,0.012035369873046875,0.0014145374298095703
3870,0.01570415496826172,0.0160980224609375,0.0014226436614990234
3871,0.013755083084106445,0.01035165786743164,0.0014231204986572266
3872,0.018166780471801758,0.015341997146606445,0.0014197826385498047
3873,0.011762380599975586,0.011249303817749023,0.0014429092407226562
3874,0.013831377029418945,0.012283086776733398,0.0013756752014160156
3875,0.0116729736328125,0.011577606201171875,0.0014030933380126953
3876,0.013113021850585938,0.012725353240966797,0.001802206039428711
3877,0.013477802276611328,0.012789487838745117,0.0014846324920654297
3878,0.015930652618408203,0.014466285705566406,0.0015063285827636719
3879,0.012720346450805664,0.00908970832824707,0.0015368461608886719
3880,0.017446517944335938,0.012382745742797852,0.0013937950134277344
3881,0.010036706924438477,0.011539936065673828,0.0013966560363769531
3882,0.015347003936767578,0.01421666145324707,0.0014290809631347656
3883,0.011500120162963867,0.011495590209960938,0.0014536380767822266
3884,0.011674165725708008,0.011778116226196289,0.0014443397521972656
3885,0.013918399810791016,0.012810230255126953,0.0014264583587646484
3886,0.007266044616699219,0.010600805282592773,0.0014793872833251953
3887,0.010843515396118164,0.011390209197998047,0.0015034675598144531
3888,0.016541242599487305,0.017479896545410156,0.0015010833740234375
3889,0.011122941970825195,0.011147260665893555,0.0013957023620605469
3890,0.010748624801635742,0.011955976486206055,0.0014121532440185547
3891,0.013271570205688477,0.01318049430847168,0.0014958381652832031
3892,0.010389328002929688,0.005970478057861328,0.00167083740234375
3893,0.009755373001098633,0.00916743278503418,0.00148773193359375
3894,0.012447118759155273,0.012843608856201172,0.0015687942504882812
3895,0.011713743209838867,0.009100198745727539,0.001474618911743164
3896,0.013425588607788086,0.013972043991088867,0.0015001296997070312
3897,0.011722803115844727,0.01348423957824707,0.0014340877532958984
3898,0.012025594711303711,0.011389732360839844,0.0015320777893066406
3899,0.00836634635925293,0.008363962173461914,0.0014226436614990234
3900,0.01582956314086914,0.011081933975219727,0.0014770030975341797
3901,0.013012886047363281,0.011548042297363281,0.0015232563018798828
3902,0.00973367691040039,0.012193679809570312,0.0014519691467285156
3903,0.011168479919433594,0.011837005615234375,0.0014774799346923828
3904,0.014758110046386719,0.014555931091308594,0.0014672279357910156
3905,0.011560678482055664,0.013319253921508789,0.0014061927795410156
3906,0.012464523315429688,0.010093212127685547,0.0014536380767822266
3907,0.013745307922363281,0.012123823165893555,0.0013756752014160156
3908,0.0166013240814209,0.01972365379333496,0.0016362667083740234
3909,0.015454769134521484,0.014474153518676758,0.0014088153839111328
3910,0.012309789657592773,0.01549530029296875,0.0013709068298339844
3911,0.009888172149658203,0.011909008026123047,0.0014081001281738281
3912,0.016356706619262695,0.011490345001220703,0.0014297962188720703
3913,0.00956106185913086,0.009157896041870117,0.0015642642974853516
3914,0.012196540832519531,0.013838529586791992,0.001749277114868164
3915,0.007447004318237305,0.006754636764526367,0.0014994144439697266
3916,0.010405302047729492,0.012743949890136719,0.001428365707397461
3917,0.009053707122802734,0.008933305740356445,0.001680135726928711
3918,0.008471250534057617,0.007142305374145508,0.0014824867248535156
3919,0.01151418685913086,0.010898828506469727,0.0015041828155517578
3920,0.01031494140625,0.010361909866333008,0.0015006065368652344
3921,0.014350175857543945,0.014312982559204102,0.0014488697052001953
3922,0.016739368438720703,0.016163349151611328,0.001440286636352539
3923,0.01152944564819336,0.009295940399169922,0.0014050006866455078
3924,0.01015162467956543,0.011422157287597656,0.0016415119171142578
3925,0.010045528411865234,0.011625528335571289,0.001516580581665039
3926,0.012338638305664062,0.012320518493652344,0.0014200210571289062
3927,0.009969472885131836,0.009609222412109375,0.001497030258178711
3928,0.014078855514526367,0.0160677433013916,0.0014121532440185547
3929,0.01067972183227539,0.010367155075073242,0.0014755725860595703
3930,0.011901378631591797,0.00983738899230957,0.0015516281127929688
3931,0.010422468185424805,0.011935710906982422,0.001493692398071289
3932,0.006804227828979492,0.005260467529296875,0.0015206336975097656
3933,0.009618282318115234,0.008557558059692383,0.0014951229095458984
3934,0.012507915496826172,0.012492656707763672,0.001569509506225586
3935,0.00954890251159668,0.011713981628417969,0.0014755725860595703
3936,0.015438556671142578,0.014511585235595703,0.0013916492462158203
3937,0.016025543212890625,0.015724897384643555,0.0014395713806152344
3938,0.013096094131469727,0.013467073440551758,0.0015115737915039062
3939,0.012734651565551758,0.014185428619384766,0.001444101333618164
3940,0.012071847915649414,0.012752771377563477,0.0016949176788330078
3941,0.011895179748535156,0.012852668762207031,0.0014519691467285156
3942,0.010687828063964844,0.015395164489746094,0.001497507095336914
3943,0.012951135635375977,0.013072967529296875,0.001375436782836914
3944,0.011947870254516602,0.011931419372558594,0.0013680458068847656
3945,0.015231609344482422,0.013716936111450195,0.0015087127685546875
3946,0.012412071228027344,0.00874948501586914,0.0014607906341552734
3947,0.012626171112060547,0.012825965881347656,0.0016019344329833984
3948,0.011320829391479492,0.011461019515991211,0.0014834403991699219
3949,0.010674238204956055,0.009992122650146484,0.001561880111694336
3950,0.012748003005981445,0.013499259948730469,0.0014705657958984375
3951,0.01236271858215332,0.012145280838012695,0.0014913082122802734
3952,0.010652542114257812,0.013713598251342773,0.001451253890991211
3953,0.008618831634521484,0.006204366683959961,0.00144195556640625
3954,0.014478206634521484,0.01316380500793457,0.0014753341674804688
3955,0.018069028854370117,0.012792825698852539,0.001485586166381836
3956,0.014575004577636719,0.015802621841430664,0.0016787052154541016
3957,0.014594793319702148,0.014387130737304688,0.0014216899871826172
3958,0.011778831481933594,0.012193918228149414,0.0014531612396240234
3959,0.012371063232421875,0.010827779769897461,0.0014438629150390625
3960,0.01278233528137207,0.011745214462280273,0.0014100074768066406
3961,0.01074075698852539,0.011884450912475586,0.0014595985412597656
3962,0.012478351593017578,0.0077419281005859375,0.0014655590057373047
3963,0.010379552841186523,0.009664058685302734,0.0014498233795166016
3964,0.016136884689331055,0.015328645706176758,0.0014469623565673828
3965,0.014672994613647461,0.012916326522827148,0.0015254020690917969
3966,0.015448331832885742,0.014611959457397461,0.0014584064483642578
3967,0.010788917541503906,0.010251998901367188,0.0015146732330322266
3968,0.013422966003417969,0.011535406112670898,0.0014233589172363281
3969,0.010761499404907227,0.010486602783203125,0.001462697982788086
3970,0.013743877410888672,0.015354394912719727,0.0014307498931884766
3971,0.01303410530090332,0.013912677764892578,0.0014462471008300781
3972,0.011023521423339844,0.010993480682373047,0.001682281494140625
3973,0.01733684539794922,0.01508188247680664,0.001476287841796875
3974,0.015553712844848633,0.016516447067260742,0.0014772415161132812
3975,0.013766765594482422,0.014159679412841797,0.0014033317565917969
3976,0.009177684783935547,0.009560585021972656,0.0014941692352294922
3977,0.015960693359375,0.015393972396850586,0.0013718605041503906
3978,0.01370692253112793,0.014510393142700195,0.0014061927795410156
3979,0.01575922966003418,0.01087498664855957,0.0014672279357910156
3980,0.009407281875610352,0.010843276977539062,0.0014438629150390625
3981,0.011948347091674805,0.012210845947265625,0.001474618911743164
3982,0.010205268859863281,0.011533975601196289,0.0014176368713378906
3983,0.011646270751953125,0.014349222183227539,0.0014386177062988281
3984,0.015519857406616211,0.013768672943115234,0.0016117095947265625
3985,0.008643627166748047,0.0059549808502197266,0.0014560222625732422
3986,0.008962154388427734,0.01075291633605957,0.0014896392822265625
3987,0.014604568481445312,0.012679338455200195,0.001447439193725586
3988,0.010436058044433594,0.01175069808959961,0.0017366409301757812
3989,0.01634812355041504,0.012506246566772461,0.0014309883117675781
3990,0.012272357940673828,0.01078343391418457,0.0013892650604248047
3991,0.012247800827026367,0.013156652450561523,0.001451253890991211
3992,0.008821249008178711,0.009960412979125977,0.0014770030975341797
3993,0.012569189071655273,0.009459495544433594,0.0014126300811767578
3994,0.010696172714233398,0.009427547454833984,0.0015740394592285156
3995,0.013727426528930664,0.01603102684020996,0.001489877700805664
3996,0.013908863067626953,0.013011693954467773,0.0015249252319335938
3997,0.010306835174560547,0.009550333023071289,0.0014417171478271484
3998,0.009932518005371094,0.009002685546875,0.001440286636352539
3999,0.008827447891235352,0.012816905975341797,0.0014224052429199219
4000,0.01151132583618164,0.011069774627685547,0.0014445781707763672
4001,0.007951498031616211,0.00929570198059082,0.0014331340789794922
4002,0.012889385223388672,0.01292872428894043,0.0015270709991455078
4003,0.016743183135986328,0.015248775482177734,0.001470804214477539
4004,0.015053033828735352,0.012996196746826172,0.001705169677734375
4005,0.008796930313110352,0.01133108139038086,0.0014731884002685547
4006,0.014920473098754883,0.014065980911254883,0.0013604164123535156
4007,0.013756990432739258,0.014370441436767578,0.001447916030883789
4008,0.008987903594970703,0.011747598648071289,0.0014760494232177734
4009,0.008647441864013672,0.009725332260131836,0.0014202594757080078
4010,0.015610694885253906,0.01611018180847168,0.0014028549194335938
4011,0.013438940048217773,0.01360774040222168,0.00156402587890625
4012,0.01134800910949707,0.011082172393798828,0.0014009475708007812
4013,0.00807952880859375,0.007885217666625977,0.0014889240264892578
4014,0.01537322998046875,0.014973878860473633,0.0014979839324951172
4015,0.014035224914550781,0.015152215957641602,0.0014073848724365234
4016,0.017247915267944336,0.012520074844360352,0.0014829635620117188
4017,0.008646011352539062,0.009768486022949219,0.0014467239379882812
4018,0.01101994514465332,0.011517763137817383,0.0013730525970458984
4019,0.01293182373046875,0.013915538787841797,0.00142669677734375
4020,0.011297225952148438,0.007550954818725586,0.0016007423400878906
4021,0.01821303367614746,0.016339778900146484,0.0014147758483886719
4022,0.01122736930847168,0.012502670288085938,0.0013802051544189453
4023,0.01459503173828125,0.015340089797973633,0.0014874935150146484
4024,0.009086370468139648,0.005451679229736328,0.0013668537139892578
4025,0.009146690368652344,0.007465839385986328,0.0015370845794677734
4026,0.013009071350097656,0.012128591537475586,0.0013911724090576172
4027,0.012172698974609375,0.012951135635375977,0.0014972686767578125
4028,0.014106273651123047,0.010719537734985352,0.001421213150024414
4029,0.011165618896484375,0.015550613403320312,0.0013751983642578125
4030,0.013798713684082031,0.012649059295654297,0.001455545425415039
4031,0.011873245239257812,0.014319896697998047,0.0014383792877197266
4032,0.015465021133422852,0.016905546188354492,0.0014765262603759766
4033,0.01444244384765625,0.009916305541992188,0.0014786720275878906
4034,0.010399580001831055,0.010640621185302734,0.0014562606811523438
4035,0.009087324142456055,0.012020111083984375,0.0014379024505615234
4036,0.012170791625976562,0.014825582504272461,0.0017209053039550781
4037,0.01450657844543457,0.013786077499389648,0.0014595985412597656
4038,0.016899585723876953,0.01707315444946289,0.0014414787292480469
4039,0.015421152114868164,0.012620210647583008,0.0014176368713378906
4040,0.012079715728759766,0.013885498046875,0.0014455318450927734
4041,0.01385807991027832,0.011281728744506836,0.0014870166778564453
4042,0.014258146286010742,0.013090848922729492,0.0014340877532958984
4043,0.00815129280090332,0.009926557540893555,0.0014908313751220703
4044,0.017716169357299805,0.01607990264892578,0.001466512680053711
4045,0.01370382308959961,0.012613534927368164,0.0014820098876953125
4046,0.012141227722167969,0.015330314636230469,0.0014896392822265625
4047,0.014523506164550781,0.01708054542541504,0.001445770263671875
4048,0.00804901123046875,0.007799863815307617,0.0014963150024414062
4049,0.005704641342163086,0.006027936935424805,0.0014646053314208984
4050,0.013239622116088867,0.01095271110534668,0.0014514923095703125
4051,0.01067209243774414,0.01006627082824707,0.001428842544555664
4052,0.01602768898010254,0.013211727142333984,0.0016400814056396484
4053,0.014146089553833008,0.013365507125854492,0.0014426708221435547
4054,0.017614126205444336,0.01716446876525879,0.0014934539794921875
4055,0.014313697814941406,0.013925552368164062,0.0014553070068359375
4056,0.01232600212097168,0.01118779182434082,0.0015363693237304688
4057,0.012055635452270508,0.011297225952148438,0.001417398452758789
4058,0.015192270278930664,0.012300968170166016,0.0014710426330566406
4059,0.012346267700195312,0.012611627578735352,0.001420736312866211
4060,0.011960268020629883,0.009942293167114258,0.0014743804931640625
4061,0.010387659072875977,0.006111860275268555,0.0014102458953857422
4062,0.01688098907470703,0.01649308204650879,0.0014507770538330078
4063,0.010767459869384766,0.010191679000854492,0.0014460086822509766
4064,0.010699987411499023,0.010212182998657227,0.0013852119445800781
4065,0.014908790588378906,0.01742076873779297,0.0013954639434814453
4066,0.011109352111816406,0.008875608444213867,0.0013859272003173828
4067,0.011396408081054688,0.008059501647949219,0.0014815330505371094
4068,0.0077359676361083984,0.008164644241333008,0.0016720294952392578
4069,0.018575429916381836,0.017524242401123047,0.001569509506225586
4070,0.016175270080566406,0.01352834701538086,0.0014660358428955078
4071,0.014475107192993164,0.016025066375732422,0.00154876708984375
4072,0.01531076431274414,0.01476144790649414,0.0013959407806396484
4073,0.01029825210571289,0.010288000106811523,0.0015404224395751953
4074,0.010519742965698242,0.011898279190063477,0.0014777183532714844
4075,0.012061119079589844,0.013463735580444336,0.001394510269165039
4076,0.009462594985961914,0.008793354034423828,0.0014734268188476562
4077,0.013679027557373047,0.01417994499206543,0.0014863014221191406
4078,0.009809494018554688,0.00740361213684082,0.0014650821685791016
4079,0.01289987564086914,0.013390302658081055,0.0014712810516357422
4080,0.011610984802246094,0.013061761856079102,0.0016400814056396484
4081,0.011176824569702148,0.013766050338745117,0.0016758441925048828
4082,0.011632442474365234,0.008272171020507812,0.0015523433685302734
4083,0.013899564743041992,0.012604236602783203,0.0015976428985595703
4084,0.016115427017211914,0.012032508850097656,0.0018086433410644531
4085,0.012024879455566406,0.012730836868286133,0.0016143321990966797
4086,0.010885477066040039,0.012741804122924805,0.0014209747314453125
4087,0.01189875602722168,0.01074981689453125,0.0015380382537841797
4088,0.012947797775268555,0.013458967208862305,0.00147247314453125
4089,0.012300968170166016,0.008807182312011719,0.0014925003051757812
4090,0.010339498519897461,0.00912618637084961,0.001556396484375
4091,0.012180805206298828,0.013407707214355469,0.001489400863647461
4092,0.013039827346801758,0.012570858001708984,0.0015230178833007812
4093,0.015584468841552734,0.014514446258544922,0.0014333724975585938
4094,0.011732816696166992,0.00789785385131836,0.0014984607696533203
4095,0.011939048767089844,0.012369155883789062,0.0014700889587402344
4096,0.019010543823242188,0.01640009880065918,0.0015003681182861328
4097,0.018667221069335938,0.014406919479370117,0.0014770030975341797
4098,0.01571822166442871,0.015568971633911133,0.0014333724975585938
4099,0.01336359977722168,0.009521722793579102,0.001493215560913086
4100,0.014205455780029297,0.010346651077270508,0.0016949176788330078
4101,0.014394760131835938,0.014158010482788086,0.0014858245849609375
4102,0.009971857070922852,0.006221294403076172,0.0015103816986083984
4103,0.011520147323608398,0.013333559036254883,0.001554727554321289
4104,0.011612176895141602,0.011736154556274414,0.001451253890991211
4105,0.014052867889404297,0.014138221740722656,0.0014526844024658203
4106,0.01364588737487793,0.011030197143554688,0.0014040470123291016
4107,0.00976872444152832,0.009776830673217773,0.0014295578002929688
4108,0.00814056396484375,0.01007533073425293,0.001375436782836914
4109,0.015080451965332031,0.01318359375,0.001435995101928711
4110,0.012299537658691406,0.013572454452514648,0.0015294551849365234
4111,0.011793136596679688,0.007618427276611328,0.0014977455139160156
4112,0.014484167098999023,0.012930870056152344,0.0015137195587158203
4113,0.016402721405029297,0.014418363571166992,0.0014481544494628906
4114,0.017280101776123047,0.013603448867797852,0.0014684200286865234
4115,0.014208316802978516,0.0201568603515625,0.0014791488647460938
4116,0.01677727699279785,0.017101287841796875,0.0018231868743896484
4117,0.012849092483520508,0.013912677764892578,0.0014581680297851562
4118,0.016293048858642578,0.012645721435546875,0.0015723705291748047
4119,0.015352725982666016,0.009539365768432617,0.0014867782592773438
4120,0.015948772430419922,0.015074729919433594,0.0014579296112060547
4121,0.01240682601928711,0.008756399154663086,0.0015020370483398438
4122,0.010653257369995117,0.00794219970703125,0.0014927387237548828
4123,0.00870370864868164,0.012228965759277344,0.00146484375
4124,0.011570215225219727,0.007189273834228516,0.0014789104461669922
4125,0.01590108871459961,0.012972831726074219,0.0014324188232421875
4126,0.012945175170898438,0.010851621627807617,0.0015039443969726562
4127,0.011302709579467773,0.014981508255004883,0.0015723705291748047
4128,0.012110710144042969,0.013540506362915039,0.00146484375
4129,0.011523723602294922,0.009323358535766602,0.0015156269073486328
4130,0.01579594612121582,0.014431476593017578,0.0014367103576660156
4131,0.010269880294799805,0.013707637786865234,0.0015358924865722656
4132,0.014327764511108398,0.013932943344116211,0.0017285346984863281
4133,0.016817331314086914,0.014310598373413086,0.0015246868133544922
4134,0.009764909744262695,0.007838249206542969,0.0014564990997314453
4135,0.011124610900878906,0.013033866882324219,0.0013709068298339844
4136,0.008154630661010742,0.009069204330444336,0.001424551010131836
4137,0.009426593780517578,0.006131649017333984,0.001577615737915039
4138,0.010185956954956055,0.008053302764892578,0.001485586166381836
4139,0.0094451904296875,0.007436275482177734,0.0015091896057128906
4140,0.013599634170532227,0.011709928512573242,0.001463174819946289
4141,0.018890380859375,0.013246774673461914,0.001535654067993164
4142,0.014110565185546875,0.014170169830322266,0.0014736652374267578
4143,0.008593559265136719,0.009203910827636719,0.0014271736145019531
4144,0.015082120895385742,0.01607966423034668,0.001468658447265625
4145,0.016745805740356445,0.013866186141967773,0.0015764236450195312
4146,0.01239633560180664,0.010800838470458984,0.0015578269958496094
4147,0.014384269714355469,0.014260530471801758,0.0015001296997070312
4148,0.011563301086425781,0.011869192123413086,0.0018050670623779297
4149,0.010651111602783203,0.010705232620239258,0.0015702247619628906
4150,0.011896133422851562,0.011398792266845703,0.0014808177947998047
4151,0.014433860778808594,0.014053821563720703,0.001413583755493164
4152,0.008828878402709961,0.006593227386474609,0.001505136489868164
4153,0.012529611587524414,0.008777856826782227,0.0014190673828125
4154,0.011490583419799805,0.009372711181640625,0.0014503002166748047
4155,0.014763593673706055,0.014229774475097656,0.0014104843139648438
4156,0.013698339462280273,0.011885643005371094,0.0014412403106689453
4157,0.012585163116455078,0.012109756469726562,0.0014243125915527344
4158,0.008402347564697266,0.009998321533203125,0.001453399658203125
4159,0.01025843620300293,0.010847330093383789,0.0014011859893798828
4160,0.013677358627319336,0.013387441635131836,0.0014140605926513672
4161,0.011291980743408203,0.012955904006958008,0.0015065670013427734
4162,0.010753870010375977,0.00849151611328125,0.0014922618865966797
4163,0.009582757949829102,0.010004281997680664,0.0014801025390625
4164,0.01020359992980957,0.009755134582519531,0.0017209053039550781
4165,0.011830329895019531,0.014188766479492188,0.0014832019805908203
4166,0.013234376907348633,0.01303863525390625,0.0014641284942626953
4167,0.010861635208129883,0.008015155792236328,0.0014941692352294922
4168,0.013748407363891602,0.013245105743408203,0.001428842544555664
4169,0.012659549713134766,0.015004873275756836,0.0015230178833007812
4170,0.011809349060058594,0.008175373077392578,0.0014393329620361328
4171,0.005836963653564453,0.007673740386962891,0.0014786720275878906
4172,0.008889436721801758,0.012018442153930664,0.0015361309051513672
4173,0.014844417572021484,0.010368108749389648,0.0014905929565429688
4174,0.010555744171142578,0.008498191833496094,0.001491546630859375
4175,0.01154637336730957,0.013996124267578125,0.0014529228210449219
4176,0.013190984725952148,0.010570526123046875,0.001508474349975586
4177,0.016993284225463867,0.010951757431030273,0.0015032291412353516
4178,0.015210628509521484,0.014834165573120117,0.001508951187133789
4179,0.012314796447753906,0.011626005172729492,0.0014262199401855469
4180,0.010276556015014648,0.005131959915161133,0.0017702579498291016
4181,0.010231256484985352,0.008884906768798828,0.0014519691467285156
4182,0.013989686965942383,0.01201319694519043,0.0015091896057128906
4183,0.012449979782104492,0.01096343994140625,0.0014848709106445312
4184,0.01258540153503418,0.012856006622314453,0.0014162063598632812
4185,0.015495777130126953,0.013975858688354492,0.0014286041259765625
4186,0.009747743606567383,0.0054819583892822266,0.001438140869140625
4187,0.011857748031616211,0.00885915756225586,0.0014455318450927734
4188,0.009780406951904297,0.011262178421020508,0.001466512680053711
4189,0.014055490493774414,0.014640569686889648,0.0014133453369140625
4190,0.014307975769042969,0.010672807693481445,0.0014159679412841797
4191,0.01313471794128418,0.011339902877807617,0.00142669677734375
4192,0.014316082000732422,0.01452016830444336,0.0014331340789794922
4193,0.012522697448730469,0.008902311325073242,0.0013942718505859375
4194,0.013411283493041992,0.013630867004394531,0.0014116764068603516
4195,0.011248111724853516,0.011157035827636719,0.0014355182647705078
4196,0.010871410369873047,0.007628917694091797,0.001718759536743164
4197,0.012164115905761719,0.00908970832824707,0.0014371871948242188
4198,0.01794147491455078,0.016720294952392578,0.0014696121215820312
4199,0.015122175216674805,0.014268636703491211,0.0015435218811035156
4200,0.011649608612060547,0.006603240966796875,0.0014376640319824219
4201,0.012804031372070312,0.012473344802856445,0.00139617919921875
4202,0.012491703033447266,0.010795354843139648,0.0015044212341308594
4203,0.013691425323486328,0.011987447738647461,0.0014214515686035156
4204,0.016000986099243164,0.015451192855834961,0.00138092041015625
4205,0.016932964324951172,0.013622045516967773,0.001386404037475586
4206,0.01135706901550293,0.009142160415649414,0.001428842544555664
4207,0.01457834243774414,0.011204004287719727,0.0014615058898925781
4208,0.011780738830566406,0.010533332824707031,0.0014274120330810547
4209,0.016337871551513672,0.012820005416870117,0.0013883113861083984
4210,0.014090299606323242,0.010029315948486328,0.0014264583587646484
4211,0.011875391006469727,0.01017904281616211,0.0014407634735107422
4212,0.011480093002319336,0.010905265808105469,0.0016489028930664062
4213,0.012144327163696289,0.012987852096557617,0.0014524459838867188
4214,0.009470224380493164,0.010614156723022461,0.0015823841094970703
4215,0.013443231582641602,0.014373064041137695,0.0015118122100830078
4216,0.011463642120361328,0.010361433029174805,0.0015234947204589844
4217,0.008510351181030273,0.010056018829345703,0.0014660358428955078
4218,0.016440629959106445,0.017028093338012695,0.0015921592712402344
4219,0.011632680892944336,0.009218454360961914,0.0014297962188720703
4220,0.00853872299194336,0.008826971054077148,0.0013885498046875
4221,0.01612997055053711,0.016141414642333984,0.0014569759368896484
4222,0.011957168579101562,0.008243560791015625,0.0014417171478271484
4223,0.012243032455444336,0.012054681777954102,0.001409769058227539
4224,0.010776758193969727,0.008285760879516602,0.001444101333618164
4225,0.011368751525878906,0.00908803939819336,0.0014562606811523438
4226,0.013286352157592773,0.00790715217590332,0.0015115737915039062
4227,0.015243053436279297,0.016265392303466797,0.0014810562133789062
4228,0.00922083854675293,0.008206367492675781,0.001682281494140625
4229,0.014401435852050781,0.012590408325195312,0.0014591217041015625
4230,0.014098167419433594,0.011147737503051758,0.0014235973358154297
4231,0.015010595321655273,0.010878801345825195,0.0013866424560546875
4232,0.01707601547241211,0.016877174377441406,0.0013988018035888672
4233,0.01486968994140625,0.014688491821289062,0.0014493465423583984
4234,0.013160943984985352,0.016234636306762695,0.0014159679412841797
4235,0.009747743606567383,0.0071446895599365234,0.0014634132385253906
4236,0.013334512710571289,0.012458562850952148,0.001428365707397461
4237,0.013746500015258789,0.014383316040039062,0.0014998912811279297
4238,0.010462760925292969,0.011647462844848633,0.0014853477478027344
4239,0.011668920516967773,0.013593673706054688,0.0014946460723876953
4240,0.013197183609008789,0.013709545135498047,0.0014982223510742188
4241,0.015658855438232422,0.01702404022216797,0.0013341903686523438
4242,0.01522684097290039,0.008873462677001953,0.0014808177947998047
4243,0.007054567337036133,0.011359214782714844,0.0014014244079589844
4244,0.01369786262512207,0.014672994613647461,0.0016553401947021484
4245,0.012620925903320312,0.008712053298950195,0.0014107227325439453
4246,0.014316320419311523,0.011369705200195312,0.0014574527740478516
4247,0.00808405876159668,0.012341976165771484,0.0014116764068603516
4248,0.010049104690551758,0.009717941284179688,0.0014696121215820312
4249,0.015048980712890625,0.016063213348388672,0.0014224052429199219
4250,0.011059999465942383,0.010184764862060547,0.0013818740844726562
4251,0.014293909072875977,0.015413045883178711,0.0013957023620605469
4252,0.011504650115966797,0.009556055068969727,0.0014367103576660156
4253,0.011322736740112305,0.013234376907348633,0.0014162063598632812
4254,0.016496658325195312,0.014817953109741211,0.0014972686767578125
4255,0.013392925262451172,0.014018774032592773,0.0013751983642578125
4256,0.012226104736328125,0.011477947235107422,0.0014891624450683594
4257,0.01159977912902832,0.011203527450561523,0.0015366077423095703
4258,0.014686107635498047,0.015889406204223633,0.0014543533325195312
4259,0.013285398483276367,0.011634111404418945,0.0015287399291992188
4260,0.013098478317260742,0.014129161834716797,0.0017580986022949219
4261,0.014359474182128906,0.016045808792114258,0.0015399456024169922
4262,0.014256477355957031,0.013086557388305664,0.0014259815216064453
4263,0.008663415908813477,0.010369062423706055,0.0014424324035644531
4264,0.015552043914794922,0.01500558853149414,0.0015382766723632812
4265,0.01755356788635254,0.012116670608520508,0.0013897418975830078
4266,0.012295961380004883,0.013312339782714844,0.0014979839324951172
4267,0.012924671173095703,0.01102447509765625,0.001435995101928711
4268,0.012105226516723633,0.014434814453125,0.0014820098876953125
4269,0.012725353240966797,0.008669137954711914,0.0014216899871826172
4270,0.008574962615966797,0.008621454238891602,0.0013928413391113281
4271,0.0147552490234375,0.012163162231445312,0.0014882087707519531
4272,0.007396697998046875,0.007349491119384766,0.0014195442199707031
4273,0.011328935623168945,0.013412714004516602,0.001417398452758789
4274,0.013126134872436523,0.014183759689331055,0.001390695571899414
4275,0.01267099380493164,0.014358997344970703,0.0014584064483642578
4276,0.014256954193115234,0.013544797897338867,0.0016255378723144531
4277,0.009357452392578125,0.006734609603881836,0.0014142990112304688
4278,0.011746644973754883,0.012671470642089844,0.001486063003540039
4279,0.012239694595336914,0.011900901794433594,0.0014369487762451172
4280,0.015476226806640625,0.012715339660644531,0.0014407634735107422
4281,0.010101079940795898,0.010127067565917969,0.0013768672943115234
4282,0.014718294143676758,0.01472783088684082,0.0014917850494384766
4283,0.01997661590576172,0.01766037940979004,0.0015268325805664062
4284,0.012033462524414062,0.007657527923583984,0.001489877700805664
4285,0.014164209365844727,0.010910511016845703,0.0015146732330322266
4286,0.009450435638427734,0.010249614715576172,0.001440286636352539
4287,0.012961864471435547,0.012287378311157227,0.0014944076538085938
4288,0.015597105026245117,0.013400077819824219,0.0014770030975341797
4289,0.0171968936920166,0.017945051193237305,0.0014886856079101562
4290,0.015180587768554688,0.013267755508422852,0.0014033317565917969
4291,0.009699106216430664,0.0077250003814697266,0.0014622211456298828
4292,0.008494377136230469,0.009047508239746094,0.0016775131225585938
4293,0.013571977615356445,0.010702848434448242,0.0014157295227050781
4294,0.013035774230957031,0.014264822006225586,0.0013885498046875
4295,0.013706207275390625,0.015334606170654297,0.001409292221069336
4296,0.013060331344604492,0.012319803237915039,0.0013835430145263672
4297,0.010494709014892578,0.010208368301391602,0.0014543533325195312
4298,0.015748262405395508,0.013666391372680664,0.0013878345489501953
4299,0.014607906341552734,0.015187740325927734,0.001478433609008789
4300,0.012109518051147461,0.011287689208984375,0.001436471939086914
4301,0.014038562774658203,0.01361393928527832,0.0013866424560546875
4302,0.010131120681762695,0.007692098617553711,0.0014045238494873047
4303,0.012680530548095703,0.015668153762817383,0.0014121532440185547
4304,0.011139154434204102,0.011263132095336914,0.0014503002166748047
4305,0.009080171585083008,0.010771512985229492,0.0014126300811767578
4306,0.011702537536621094,0.012367725372314453,0.0014481544494628906
4307,0.013315677642822266,0.016065597534179688,0.0014503002166748047
4308,0.010558366775512695,0.007761716842651367,0.0017020702362060547
4309,0.015709877014160156,0.013029336929321289,0.001508951187133789
4310,0.013245344161987305,0.015092849731445312,0.0014591217041015625
4311,0.01816082000732422,0.011989355087280273,0.0014832019805908203
4312,0.015714645385742188,0.012239694595336914,0.0014195442199707031
4313,0.013418197631835938,0.014801502227783203,0.0014119148254394531
4314,0.012957334518432617,0.013529777526855469,0.0014362335205078125
4315,0.013981819152832031,0.011941909790039062,0.0014209747314453125
4316,0.012262105941772461,0.009706735610961914,0.0015261173248291016
4317,0.010261297225952148,0.011047840118408203,0.001438140869140625
4318,0.013171195983886719,0.014382362365722656,0.001508951187133789
4319,0.015772342681884766,0.012952089309692383,0.0014388561248779297
4320,0.016367197036743164,0.012000799179077148,0.001516580581665039
4321,0.01721930503845215,0.016443967819213867,0.001432180404663086
4322,0.01665663719177246,0.015438556671142578,0.0014693737030029297
4323,0.015323877334594727,0.01417684555053711,0.0014030933380126953
4324,0.012665271759033203,0.010598182678222656,0.0016977787017822266
4325,0.013821125030517578,0.01508474349975586,0.0014789104461669922
4326,0.008913993835449219,0.01133871078491211,0.0014462471008300781
4327,0.012462854385375977,0.012605428695678711,0.0014252662658691406
4328,0.011798381805419922,0.012481689453125,0.0013873577117919922
4329,0.012319087982177734,0.013543128967285156,0.0014352798461914062
4330,0.012723445892333984,0.010969161987304688,0.0014061927795410156
4331,0.014205455780029297,0.014748334884643555,0.0014586448669433594
4332,0.017898082733154297,0.016559362411499023,0.0014216899871826172
4333,0.012333154678344727,0.009330511093139648,0.0014920234680175781
4334,0.013968467712402344,0.013201475143432617,0.0014488697052001953
4335,0.010320663452148438,0.00849008560180664,0.0013539791107177734
4336,0.012665748596191406,0.011644363403320312,0.0014390945434570312
4337,0.011948585510253906,0.007045745849609375,0.0013613700866699219
4338,0.012663841247558594,0.012826919555664062,0.001514434814453125
4339,0.009413957595825195,0.008641481399536133,0.0014412403106689453
4340,0.010417699813842773,0.011279106140136719,0.001745462417602539
4341,0.01302480697631836,0.014152288436889648,0.0014793872833251953
4342,0.012140989303588867,0.010460853576660156,0.00150299072265625
4343,0.015360832214355469,0.011571645736694336,0.0014193058013916016
4344,0.012930154800415039,0.011620283126831055,0.0014314651489257812
4345,0.01093745231628418,0.010886430740356445,0.0014483928680419922
4346,0.012618303298950195,0.009164571762084961,0.0014116764068603516
4347,0.009874582290649414,0.009970664978027344,0.0014159679412841797
4348,0.012392759323120117,0.00927877426147461,0.0013833045959472656
4349,0.010096311569213867,0.012021303176879883,0.0014967918395996094
4350,0.010590314865112305,0.009637832641601562,0.0014164447784423828
4351,0.01359701156616211,0.013160228729248047,0.0015039443969726562
4352,0.013715744018554688,0.014105558395385742,0.0014820098876953125
4353,0.014283418655395508,0.012031078338623047,0.0014755725860595703
4354,0.012037038803100586,0.01360774040222168,0.0013988018035888672
4355,0.014490127563476562,0.014853239059448242,0.0014662742614746094
4356,0.010537147521972656,0.006051063537597656,0.001695394515991211
4357,0.012531280517578125,0.011307716369628906,0.0014090538024902344
4358,0.01217508316040039,0.010715246200561523,0.0014541149139404297
4359,0.009569168090820312,0.008481740951538086,0.0014574527740478516
4360,0.012719154357910156,0.007847309112548828,0.0014584064483642578
4361,0.013158559799194336,0.010370254516601562,0.0015037059783935547
4362,0.0176546573638916,0.010242223739624023,0.0013890266418457031
4363,0.01009511947631836,0.01214456558227539,0.0014367103576660156
4364,0.013062238693237305,0.009479522705078125,0.0014677047729492188
4365,0.009172201156616211,0.00805211067199707,0.0014834403991699219
4366,0.011190652847290039,0.013447284698486328,0.0014541149139404297
4367,0.011453390121459961,0.013781070709228516,0.001363515853881836
4368,0.011373043060302734,0.007915258407592773,0.0014998912811279297
4369,0.012320280075073242,0.008322954177856445,0.0014007091522216797
4370,0.012239933013916016,0.012506723403930664,0.0014123916625976562
4371,0.014302730560302734,0.010706424713134766,0.0014426708221435547
4372,0.016067981719970703,0.013521194458007812,0.0016515254974365234
4373,0.017473936080932617,0.012029409408569336,0.0015108585357666016
4374,0.012182950973510742,0.014430522918701172,0.0015170574188232422
4375,0.012601137161254883,0.013149023056030273,0.0014979839324951172
4376,0.011773347854614258,0.013203859329223633,0.0014886856079101562
4377,0.008289813995361328,0.00783848762512207,0.0013883113861083984
4378,0.01278996467590332,0.009919881820678711,0.0014827251434326172
4379,0.014111757278442383,0.01367497444152832,0.0014679431915283203
4380,0.014501571655273438,0.013820648193359375,0.001444101333618164
4381,0.012280702590942383,0.012219667434692383,0.0014185905456542969
4382,0.014817237854003906,0.01144552230834961,0.0014352798461914062
4383,0.012327432632446289,0.013819217681884766,0.0014781951904296875
4384,0.01067805290222168,0.010758399963378906,0.0016617774963378906
4385,0.012098073959350586,0.009222745895385742,0.0015201568603515625
4386,0.013540983200073242,0.012926340103149414,0.0015101432800292969
4387,0.01192474365234375,0.011556863784790039,0.00142669677734375
4388,0.014188289642333984,0.015264749526977539,0.001711130142211914
4389,0.010998964309692383,0.009865045547485352,0.0014257431030273438
4390,0.007794380187988281,0.009698867797851562,0.0014350414276123047
4391,0.017416954040527344,0.01590895652770996,0.0014166831970214844
4392,0.013466358184814453,0.008307933807373047,0.0013926029205322266
4393,0.011889457702636719,0.01332235336303711,0.0013852119445800781
4394,0.013933897018432617,0.014477729797363281,0.001462697982788086
4395,0.01111149787902832,0.008694171905517578,0.0013995170593261719
4396,0.009733915328979492,0.008416414260864258,0.0014617443084716797
4397,0.012444734573364258,0.013544559478759766,0.001359701156616211
4398,0.010832071304321289,0.011822938919067383,0.0013904571533203125
4399,0.01444864273071289,0.015021562576293945,0.001416921615600586
4400,0.010250568389892578,0.00873112678527832,0.0013766288757324219
4401,0.007634162902832031,0.008333683013916016,0.0015003681182861328
4402,0.014636993408203125,0.015465974807739258,0.001499176025390625
4403,0.010670185089111328,0.009968996047973633,0.0014958381652832031
4404,0.0066204071044921875,0.005170345306396484,0.0017063617706298828
4405,0.01408243179321289,0.011284351348876953,0.0015711784362792969
4406,0.009827852249145508,0.008950948715209961,0.0014770030975341797
4407,0.014205455780029297,0.010825872421264648,0.0013699531555175781
4408,0.010074615478515625,0.009535551071166992,0.0014698505401611328
4409,0.011216163635253906,0.012598514556884766,0.0014252662658691406
4410,0.010028600692749023,0.010754823684692383,0.0014722347259521484
4411,0.014684200286865234,0.014425039291381836,0.0014796257019042969
4412,0.01156926155090332,0.006534099578857422,0.0014879703521728516
4413,0.012963533401489258,0.014200448989868164,0.0015616416931152344
4414,0.013336896896362305,0.011853456497192383,0.0013670921325683594
4415,0.010099172592163086,0.010245561599731445,0.0013930797576904297
4416,0.0065462589263916016,0.008276224136352539,0.0014302730560302734
4417,0.011374235153198242,0.009993791580200195,0.0013897418975830078
4418,0.009670257568359375,0.007918119430541992,0.0014905929565429688
4419,0.019151926040649414,0.01222848892211914,0.0014214515686035156
4420,0.015243768692016602,0.01145029067993164,0.0017604827880859375
4421,0.012512683868408203,0.008446216583251953,0.0014710426330566406
4422,0.014013290405273438,0.011202096939086914,0.0016102790832519531
4423,0.008726119995117188,0.008188962936401367,0.0014634132385253906
4424,0.016241788864135742,0.011734962463378906,0.001600027084350586
4425,0.009085416793823242,0.008909940719604492,0.001474618911743164
4426,0.01284027099609375,0.010169744491577148,0.0014607906341552734
4427,0.010882854461669922,0.010954618453979492,0.0014495849609375
4428,0.010839223861694336,0.010651826858520508,0.001489877700805664
4429,0.013908147811889648,0.010985136032104492,0.0013997554779052734
4430,0.014742136001586914,0.012850046157836914,0.001415252685546875
4431,0.013158559799194336,0.0120697021484375,0.0014150142669677734
4432,0.01610589027404785,0.014021635055541992,0.001489400863647461
4433,0.015162467956542969,0.01305079460144043,0.0014157295227050781
4434,0.010071516036987305,0.00828409194946289,0.0014843940734863281
4435,0.01573038101196289,0.013069868087768555,0.0013799667358398438
4436,0.01828765869140625,0.014327049255371094,0.0016868114471435547
4437,0.010036230087280273,0.006909608840942383,0.0014319419860839844
4438,0.008652448654174805,0.009636878967285156,0.0014290809631347656
4439,0.013882160186767578,0.013329029083251953,0.0014548301696777344
4440,0.015141725540161133,0.013344764709472656,0.0015747547149658203
4441,0.013103485107421875,0.011985063552856445,0.0014190673828125
4442,0.010011672973632812,0.009375333786010742,0.001514434814453125
4443,0.018642425537109375,0.014381170272827148,0.0015196800231933594
4444,0.015275001525878906,0.012694597244262695,0.0015025138854980469
4445,0.012320756912231445,0.012583255767822266,0.0014879703521728516
4446,0.012088298797607422,0.012124061584472656,0.0013713836669921875
4447,0.015563488006591797,0.012312173843383789,0.0015146732330322266
4448,0.011298418045043945,0.011557579040527344,0.0015168190002441406
4449,0.01616048812866211,0.01487421989440918,0.001438140869140625
4450,0.010987281799316406,0.01141214370727539,0.0014960765838623047
4451,0.014544010162353516,0.016236305236816406,0.0014009475708007812
4452,0.014853477478027344,0.014473915100097656,0.0017528533935546875
4453,0.01397085189819336,0.013043642044067383,0.0015530586242675781
4454,0.01564478874206543,0.01648998260498047,0.0015864372253417969
4455,0.01049494743347168,0.006871461868286133,0.0014841556549072266
4456,0.005911111831665039,0.00593876838684082,0.0015311241149902344
4457,0.009648561477661133,0.012791872024536133,0.0014941692352294922
4458,0.014846563339233398,0.01547551155090332,0.0015711784362792969
4459,0.014241933822631836,0.011384248733520508,0.001501321792602539
4460,0.015918731689453125,0.013736486434936523,0.0015516281127929688
4461,0.015914201736450195,0.010718822479248047,0.0014455318450927734
4462,0.01686239242553711,0.014996767044067383,0.0015177726745605469
4463,0.012236833572387695,0.008744001388549805,0.001463174819946289
4464,0.008252620697021484,0.008278131484985352,0.001485586166381836
4465,0.014059066772460938,0.015058517456054688,0.0014948844909667969
4466,0.013876199722290039,0.015194892883300781,0.0014503002166748047
4467,0.01720452308654785,0.013067245483398438,0.0015354156494140625
4468,0.011687994003295898,0.010807037353515625,0.0017156600952148438
4469,0.0161435604095459,0.012730598449707031,0.0015192031860351562
4470,0.012184381484985352,0.012199640274047852,0.0014600753784179688
4471,0.0159609317779541,0.01775360107421875,0.0013675689697265625
4472,0.014806747436523438,0.014276266098022461,0.0014309883117675781
4473,0.008462905883789062,0.008904218673706055,0.001413106918334961
4474,0.013958215713500977,0.013927459716796875,0.0013988018035888672
4475,0.013498544692993164,0.008508682250976562,0.0014951229095458984
4476,0.008256912231445312,0.008768796920776367,0.0013928413391113281
4477,0.011477947235107422,0.013500452041625977,0.0013997554779052734
4478,0.012491703033447266,0.01366567611694336,0.0014033317565917969
4479,0.013960123062133789,0.01054072380065918,0.0014531612396240234
4480,0.011736392974853516,0.010019302368164062,0.0014386177062988281
4481,0.014043569564819336,0.014111995697021484,0.0013890266418457031
4482,0.0185091495513916,0.01186060905456543,0.001402139663696289
4483,0.008939743041992188,0.010746955871582031,0.0014119148254394531
4484,0.012517690658569336,0.010401725769042969,0.0016777515411376953
4485,0.012110471725463867,0.01297140121459961,0.0014007091522216797
4486,0.011255264282226562,0.011992931365966797,0.0014028549194335938
4487,0.011480569839477539,0.01261138916015625,0.0015113353729248047
4488,0.012060403823852539,0.01281285285949707,0.0014843940734863281
4489,0.01029825210571289,0.01053309440612793,0.0014002323150634766
4490,0.012181520462036133,0.012245655059814453,0.0014450550079345703
4491,0.012815475463867188,0.01384425163269043,0.0014438629150390625
4492,0.010207653045654297,0.008051633834838867,0.0013871192932128906
4493,0.014631986618041992,0.014183521270751953,0.0014111995697021484
4494,0.01409602165222168,0.013954639434814453,0.0015325546264648438
4495,0.013206720352172852,0.010878801345825195,0.0013973712921142578
4496,0.010743141174316406,0.010082006454467773,0.0014905929565429688
4497,0.01254725456237793,0.018110990524291992,0.001352548599243164
4498,0.008359193801879883,0.011553764343261719,0.0015363693237304688
4499,0.013990163803100586,0.012651443481445312,0.001405477523803711
4500,0.011774301528930664,0.008099555969238281,0.0017163753509521484
4501,0.009775638580322266,0.00919032096862793,0.0014493465423583984
4502,0.013268232345581055,0.013554096221923828,0.0014107227325439453
4503,0.013495206832885742,0.014892578125,0.0014233589172363281
4504,0.012885093688964844,0.014975547790527344,0.0014078617095947266
4505,0.011087417602539062,0.006469011306762695,0.0014004707336425781
4506,0.010741233825683594,0.010087966918945312,0.0014486312866210938
4507,0.01217198371887207,0.010595560073852539,0.0014274120330810547
4508,0.010050296783447266,0.010915517807006836,0.0015461444854736328
4509,0.014958381652832031,0.01300668716430664,0.001425027847290039
4510,0.016787052154541016,0.016877412796020508,0.0015130043029785156
4511,0.01205301284790039,0.009382963180541992,0.001386880874633789
4512,0.01238393783569336,0.016134023666381836,0.0014567375183105469
4513,0.013089656829833984,0.00986623764038086,0.0013871192932128906
4514,0.01683354377746582,0.01689767837524414,0.0014495849609375
4515,0.015952110290527344,0.014743804931640625,0.0014319419860839844
4516,0.015271663665771484,0.009842872619628906,0.001699686050415039
4517,0.01730966567993164,0.01653265953063965,0.001439809799194336
4518,0.014713048934936523,0.014664649963378906,0.0014286041259765625
4519,0.01597762107849121,0.011406421661376953,0.001443624496459961
4520,0.016221284866333008,0.01450967788696289,0.0014460086822509766
4521,0.00878596305847168,0.004596233367919922,0.0014486312866210938
4522,0.01171255111694336,0.010420560836791992,0.0013926029205322266
4523,0.01565074920654297,0.012895584106445312,0.0014128684997558594
4524,0.01124262809753418,0.008888483047485352,0.0014455318450927734
4525,0.008845329284667969,0.010200977325439453,0.0013747215270996094
4526,0.01736593246459961,0.01709127426147461,0.0013885498046875
4527,0.013371467590332031,0.009497404098510742,0.0013616085052490234
4528,0.008996009826660156,0.00831294059753418,0.0013990402221679688
4529,0.012241363525390625,0.012592554092407227,0.001397848129272461
4530,0.013487815856933594,0.01512908935546875,0.0014061927795410156
4531,0.01579451560974121,0.011472702026367188,0.001425027847290039
4532,0.0160977840423584,0.01418304443359375,0.001745462417602539
4533,0.00976705551147461,0.009477376937866211,0.0014495849609375
4534,0.010869741439819336,0.007373809814453125,0.001482248306274414
4535,0.00930166244506836,0.00452423095703125,0.0014736652374267578
4536,0.013648033142089844,0.012380361557006836,0.0014925003051757812
4537,0.013004779815673828,0.014452219009399414,0.001645803451538086
4538,0.00981283187866211,0.012990951538085938,0.0014243125915527344
4539,0.015483379364013672,0.015373468399047852,0.0015244483947753906
4540,0.00893545150756836,0.007359743118286133,0.0014119148254394531
4541,0.011991739273071289,0.01491093635559082,0.001470804214477539
4542,0.014468193054199219,0.009036540985107422,0.0013768672943115234
4543,0.009722232818603516,0.008564472198486328,0.0015306472778320312
4544,0.01182246208190918,0.008600950241088867,0.001504659652709961
4545,0.01360011100769043,0.013383150100708008,0.0014121532440185547
4546,0.012490510940551758,0.01307058334350586,0.0014607906341552734
4547,0.009908437728881836,0.0077724456787109375,0.001455068588256836
4548,0.015659809112548828,0.015561819076538086,0.0017139911651611328
4549,0.014475584030151367,0.01446533203125,0.0014910697937011719
4550,0.009841203689575195,0.0077991485595703125,0.0014448165893554688
4551,0.009505033493041992,0.010384559631347656,0.0014507770538330078
4552,0.013481855392456055,0.01386260986328125,0.001420736312866211
4553,0.01613020896911621,0.011085748672485352,0.0014955997467041016
4554,0.018516063690185547,0.013782739639282227,0.0014433860778808594
4555,0.010878801345825195,0.010808229446411133,0.001461029052734375
4556,0.010096073150634766,0.011275291442871094,0.0015153884887695312
4557,0.009697437286376953,0.005742549896240234,0.0015804767608642578
4558,0.014115095138549805,0.008895158767700195,0.0014801025390625
4559,0.009328126907348633,0.00760650634765625,0.0015451908111572266
4560,0.01658916473388672,0.016200542449951172,0.0014295578002929688
4561,0.009577512741088867,0.014095067977905273,0.0014257431030273438
4562,0.012837648391723633,0.008714914321899414,0.0014247894287109375
4563,0.01284480094909668,0.01277780532836914,0.0014638900756835938
4564,0.016060352325439453,0.017343521118164062,0.0016183853149414062
4565,0.01630115509033203,0.01346898078918457,0.0014712810516357422
4566,0.011688232421875,0.010120391845703125,0.001512765884399414
4567,0.009505271911621094,0.010154962539672852,0.0014188289642333984
4568,0.01623225212097168,0.011708259582519531,0.0014605522155761719
4569,0.016421079635620117,0.014214038848876953,0.0014643669128417969
4570,0.014833211898803711,0.010555744171142578,0.0014295578002929688
4571,0.012811422348022461,0.009342193603515625,0.0014674663543701172
4572,0.015682697296142578,0.015610456466674805,0.0014879703521728516
4573,0.018816232681274414,0.011678695678710938,0.0014691352844238281
4574,0.01604461669921875,0.01031041145324707,0.0015048980712890625
4575,0.02018427848815918,0.010155439376831055,0.0014355182647705078
4576,0.013978958129882812,0.012196063995361328,0.0014584064483642578
4577,0.01679515838623047,0.0101318359375,0.0014612674713134766
4578,0.012999296188354492,0.009100914001464844,0.00144195556640625
4579,0.014091730117797852,0.01374197006225586,0.0014071464538574219
4580,0.008479833602905273,0.01170039176940918,0.0016226768493652344
4581,0.014094114303588867,0.013397693634033203,0.0014159679412841797
4582,0.013171195983886719,0.011236429214477539,0.0014023780822753906
4583,0.007600545883178711,0.011174201965332031,0.0015418529510498047
4584,0.01641058921813965,0.015400886535644531,0.0013935565948486328
4585,0.014580249786376953,0.011731147766113281,0.0015261173248291016
4586,0.009928464889526367,0.008529186248779297,0.001409292221069336
4587,0.012732744216918945,0.013371706008911133,0.0014712810516357422
4588,0.015519857406616211,0.014643192291259766,0.0013957023620605469
4589,0.019005537033081055,0.015300750732421875,0.001447916030883789
4590,0.015341520309448242,0.01506185531616211,0.001552581787109375
4591,0.014522790908813477,0.010694026947021484,0.0015723705291748047
4592,0.012094259262084961,0.008126974105834961,0.0015430450439453125
4593,0.009864330291748047,0.009508609771728516,0.0015022754669189453
4594,0.010112762451171875,0.006804704666137695,0.0015630722045898438
4595,0.010689020156860352,0.009999275207519531,0.001535654067993164
4596,0.012493610382080078,0.010028839111328125,0.0016589164733886719
4597,0.008144855499267578,0.008558273315429688,0.0015575885772705078
4598,0.017246246337890625,0.013877153396606445,0.0015702247619628906
4599,0.014974832534790039,0.01282048225402832,0.001499176025390625
4600,0.012105703353881836,0.008351564407348633,0.0015404224395751953
4601,0.013034582138061523,0.010337352752685547,0.0014748573303222656
4602,0.012996196746826172,0.013785123825073242,0.0015330314636230469
4603,0.012406349182128906,0.00944828987121582,0.001451730728149414
4604,0.014029502868652344,0.009016036987304688,0.0014362335205078125
4605,0.01759791374206543,0.01264500617980957,0.0014841556549072266
4606,0.012240171432495117,0.0077588558197021484,0.0014147758483886719
4607,0.00943303108215332,0.00844717025756836,0.0014481544494628906
4608,0.013742923736572266,0.012203693389892578,0.0014460086822509766
4609,0.016362428665161133,0.011264801025390625,0.0014030933380126953
4610,0.010753393173217773,0.006691455841064453,0.0014221668243408203
4611,0.00963592529296875,0.009585142135620117,0.001416921615600586
4612,0.016628265380859375,0.018915891647338867,0.0018122196197509766
4613,0.014365196228027344,0.012123346328735352,0.0015101432800292969
4614,0.011451244354248047,0.008180856704711914,0.0015888214111328125
4615,0.010102510452270508,0.012311458587646484,0.0014636516571044922
4616,0.008397340774536133,0.0059812068939208984,0.0014698505401611328
4617,0.012426376342773438,0.011361837387084961,0.0014564990997314453
4618,0.011989116668701172,0.007855892181396484,0.0014142990112304688
4619,0.009802818298339844,0.008259773254394531,0.0014429092407226562
4620,0.011481523513793945,0.009410858154296875,0.0015795230865478516
4621,0.010352373123168945,0.00735020637512207,0.0014376640319824219
4622,0.013236761093139648,0.009601354598999023,0.0015134811401367188
4623,0.016463756561279297,0.014509916305541992,0.0014443397521972656
4624,0.01564812660217285,0.012736797332763672,0.0015408992767333984
4625,0.013785839080810547,0.008353233337402344,0.0014443397521972656
4626,0.017531633377075195,0.012996912002563477,0.0014693737030029297
4627,0.00949239730834961,0.00689244270324707,0.0014357566833496094
4628,0.010704994201660156,0.006479024887084961,0.0017600059509277344
4629,0.005795955657958984,0.0063288211822509766,0.0013873577117919922
4630,0.012698650360107422,0.012327432632446289,0.0013964176177978516
4631,0.011230945587158203,0.011092185974121094,0.0014884471893310547
4632,0.01207280158996582,0.010000467300415039,0.0013816356658935547
4633,0.011910438537597656,0.008442401885986328,0.0014853477478027344
4634,0.01290130615234375,0.00958395004272461,0.0015215873718261719
4635,0.013885259628295898,0.011560440063476562,0.0015339851379394531
4636,0.011629343032836914,0.008872509002685547,0.0015366077423095703
4637,0.0075147151947021484,0.00567626953125,0.0014886856079101562
4638,0.014427423477172852,0.010569095611572266,0.0014030933380126953
4639,0.011410236358642578,0.010349512100219727,0.0015132427215576172
4640,0.013602256774902344,0.010485172271728516,0.0015759468078613281
4641,0.01515650749206543,0.011675834655761719,0.001392364501953125
4642,0.013175725936889648,0.010418176651000977,0.0015244483947753906
4643,0.016664505004882812,0.013603687286376953,0.0013723373413085938
4644,0.011115789413452148,0.007418394088745117,0.0016818046569824219
4645,0.009926319122314453,0.008312463760375977,0.0014472007751464844
4646,0.014673948287963867,0.014157772064208984,0.0014071464538574219
4647,0.012102127075195312,0.00975489616394043,0.0014066696166992188
4648,0.01448678970336914,0.01095271110534668,0.0014960765838623047
4649,0.011632442474365234,0.010900497436523438,0.0015347003936767578
4650,0.015820026397705078,0.014768600463867188,0.0014722347259521484
4651,0.010554313659667969,0.011333465576171875,0.0015320777893066406
4652,0.01298975944519043,0.010175704956054688,0.001474618911743164
4653,0.011209487915039062,0.008420944213867188,0.00140380859375
4654,0.01311039924621582,0.008732795715332031,0.0013928413391113281
4655,0.01508474349975586,0.01053762435913086,0.0014719963073730469
4656,0.012065649032592773,0.00998687744140625,0.0014495849609375
4657,0.013053655624389648,0.011298179626464844,0.0014507770538330078
4658,0.013795614242553711,0.010631799697875977,0.0015535354614257812
4659,0.016460657119750977,0.010329961776733398,0.001428365707397461
4660,0.015742778778076172,0.012938976287841797,0.0017762184143066406
4661,0.011316537857055664,0.0077702999114990234,0.0014872550964355469
4662,0.01242518424987793,0.010602951049804688,0.001428842544555664
4663,0.013084888458251953,0.010423421859741211,0.0015325546264648438
4664,0.012377738952636719,0.010105371475219727,0.0015070438385009766
4665,0.011527299880981445,0.009285688400268555,0.0014750957489013672
4666,0.008101701736450195,0.00697636604309082,0.0015065670013427734
4667,0.012786149978637695,0.009595632553100586,0.0014195442199707031
4668,0.012643575668334961,0.010477542877197266,0.0014867782592773438
4669,0.014613628387451172,0.01148533821105957,0.001451253890991211
4670,0.01819753646850586,0.012801408767700195,0.0015871524810791016
4671,0.0075795650482177734,0.0075762271881103516,0.0015349388122558594
4672,0.011440038681030273,0.009173154830932617,0.001697540283203125
4673,0.014455795288085938,0.012727022171020508,0.0014891624450683594
4674,0.016200542449951172,0.011735916137695312,0.0014781951904296875
4675,0.01578831672668457,0.010190725326538086,0.0014231204986572266
4676,0.01395726203918457,0.011386871337890625,0.0017533302307128906
4677,0.011911869049072266,0.008700847625732422,0.0014421939849853516
4678,0.010410308837890625,0.007733821868896484,0.0014736652374267578
4679,0.00841522216796875,0.010187864303588867,0.0014832019805908203
4680,0.009911298751831055,0.007894039154052734,0.0014348030090332031
4681,0.013934850692749023,0.010650634765625,0.0014472007751464844
4682,0.012497901916503906,0.011728286743164062,0.0014157295227050781
4683,0.011096715927124023,0.008760213851928711,0.001581430435180664
4684,0.013416051864624023,0.008864164352416992,0.0015087127685546875
4685,0.012668132781982422,0.010032415390014648,0.0014643669128417969
4686,0.011696577072143555,0.011703729629516602,0.0014684200286865234
4687,0.014296531677246094,0.009690046310424805,0.001486063003540039
4688,0.012146234512329102,0.00921320915222168,0.0015177726745605469
4689,0.011066675186157227,0.009488582611083984,0.0014400482177734375
4690,0.018013477325439453,0.014941692352294922,0.0014717578887939453
4691,0.012855768203735352,0.008979082107543945,0.0013957023620605469
4692,0.016058683395385742,0.011976003646850586,0.001790761947631836
4693,0.008445024490356445,0.00560450553894043,0.0014929771423339844
4694,0.012638330459594727,0.008935928344726562,0.0015323162078857422
4695,0.014395713806152344,0.01285099983215332,0.0014171600341796875
4696,0.01353597640991211,0.010421991348266602,0.001420736312866211
4697,0.011919260025024414,0.012055397033691406,0.0014858245849609375
4698,0.01097416877746582,0.0099334716796875,0.001531362533569336
4699,0.012670755386352539,0.011824369430541992,0.0014901161193847656
4700,0.013531208038330078,0.010059118270874023,0.001556396484375
4701,0.011317253112792969,0.008648872375488281,0.0015196800231933594
4702,0.015439033508300781,0.013651132583618164,0.0015115737915039062
4703,0.010857582092285156,0.006944179534912109,0.0014214515686035156
4704,0.00975799560546875,0.007437705993652344,0.0013964176177978516
4705,0.014077901840209961,0.011704206466674805,0.0015187263488769531
4706,0.014463424682617188,0.012347221374511719,0.0014193058013916016
4707,0.01044917106628418,0.006923198699951172,0.0015187263488769531
4708,0.019896984100341797,0.012959718704223633,0.0017442703247070312
4709,0.014119863510131836,0.011246442794799805,0.001405954360961914
4710,0.014832496643066406,0.010933399200439453,0.00146484375
4711,0.015254974365234375,0.011365890502929688,0.0013823509216308594
4712,0.013408184051513672,0.009967565536499023,0.0014348030090332031
4713,0.011974334716796875,0.010997772216796875,0.001486063003540039
4714,0.012832403182983398,0.011819124221801758,0.001466989517211914
4715,0.013144731521606445,0.010710954666137695,0.0014977455139160156
4716,0.013608694076538086,0.011573076248168945,0.001542806625366211
4717,0.012226581573486328,0.010903596878051758,0.0014803409576416016
4718,0.016119003295898438,0.014687299728393555,0.0015711784362792969
4719,0.0100250244140625,0.006425619125366211,0.0014727115631103516
4720,0.015381336212158203,0.013506412506103516,0.0014102458953857422
4721,0.011571168899536133,0.01105642318725586,0.0014736652374267578
4722,0.016306638717651367,0.012021303176879883,0.0015532970428466797
4723,0.01048588752746582,0.00945138931274414,0.0014531612396240234
4724,0.014025211334228516,0.01251530647277832,0.0017313957214355469
4725,0.012326955795288086,0.01081538200378418,0.001495361328125
4726,0.009186506271362305,0.007884025573730469,0.001447916030883789
4727,0.012375831604003906,0.01201176643371582,0.0014507770538330078
4728,0.010324954986572266,0.00732421875,0.0014958381652832031
4729,0.012393951416015625,0.008759021759033203,0.0015785694122314453
4730,0.010298967361450195,0.008432149887084961,0.00148773193359375
4731,0.01323699951171875,0.013200044631958008,0.0015130043029785156
4732,0.01743936538696289,0.01280522346496582,0.0013973712921142578
4733,0.008905649185180664,0.010111093521118164,0.0015494823455810547
4734,0.01647663116455078,0.011191368103027344,0.0015437602996826172
4735,0.014697790145874023,0.010697364807128906,0.001489877700805664
4736,0.016214609146118164,0.011497020721435547,0.0014126300811767578
4737,0.01746654510498047,0.013460874557495117,0.001554250717163086
4738,0.011368036270141602,0.009476661682128906,0.0015635490417480469
4739,0.009180307388305664,0.00841069221496582,0.0014314651489257812
4740,0.01594376564025879,0.011303186416625977,0.001752614974975586
4741,0.012636899948120117,0.009896993637084961,0.001581430435180664
4742,0.012566328048706055,0.012346267700195312,0.0014789104461669922
4743,0.00931549072265625,0.009401082992553711,0.0015234947204589844
4744,0.010648250579833984,0.008571863174438477,0.0014400482177734375
4745,0.012491464614868164,0.008427143096923828,0.0015552043914794922
4746,0.009629487991333008,0.010020732879638672,0.0014445781707763672
4747,0.01523447036743164,0.010493755340576172,0.001363992691040039
4748,0.010705232620239258,0.007241010665893555,0.0015048980712890625
4749,0.01137232780456543,0.009709835052490234,0.0014204978942871094
4750,0.009644508361816406,0.007498741149902344,0.0014867782592773438
4751,0.009744882583618164,0.010527610778808594,0.00139617919921875
4752,0.012887954711914062,0.011058568954467773,0.0014026165008544922
4753,0.01330423355102539,0.009849071502685547,0.0014958381652832031
4754,0.013442277908325195,0.010380744934082031,0.0014371871948242188
4755,0.01051950454711914,0.007292509078979492,0.0014486312866210938
4756,0.013194799423217773,0.010287284851074219,0.0016808509826660156
4757,0.012610435485839844,0.008557319641113281,0.0015254020690917969
4758,0.00759124755859375,0.0063931941986083984,0.00142669677734375
4759,0.0092010498046875,0.006631374359130859,0.0014166831970214844
4760,0.011022806167602539,0.009473562240600586,0.0014102458953857422
4761,0.014893054962158203,0.012944936752319336,0.0014319419860839844
4762,0.01521444320678711,0.012523412704467773,0.0013816356658935547
4763,0.01723933219909668,0.013465642929077148,0.0014259815216064453
4764,0.009565591812133789,0.008347272872924805,0.001466989517211914
4765,0.014375686645507812,0.013456106185913086,0.0014808177947998047
4766,0.013868331909179688,0.011824369430541992,0.0014469623565673828
4767,0.0147247314453125,0.012593507766723633,0.0014646053314208984
4768,0.009807348251342773,0.008911371231079102,0.0014331340789794922
4769,0.010960102081298828,0.007256269454956055,0.0013921260833740234
4770,0.00963902473449707,0.007781028747558594,0.0013949871063232422
4771,0.0053212642669677734,0.005234718322753906,0.0014352798461914062
4772,0.009093523025512695,0.00782918930053711,0.0016772747039794922
4773,0.007914304733276367,0.006754636764526367,0.0014188289642333984
4774,0.011869668960571289,0.007650613784790039,0.0013997554779052734
4775,0.01306605339050293,0.01155853271484375,0.0014729499816894531
4776,0.010689258575439453,0.014230728149414062,0.001405477523803711
4777,0.009659767150878906,0.011442422866821289,0.0014200210571289062
4778,0.01476144790649414,0.017001867294311523,0.0013630390167236328
4779,0.011978387832641602,0.011180400848388672,0.001493692398071289
4780,0.015338420867919922,0.01677250862121582,0.0014286041259765625
4781,0.01659846305847168,0.013730049133300781,0.0014052391052246094
4782,0.014765739440917969,0.015391826629638672,0.001474618911743164
4783,0.010504961013793945,0.00817418098449707,0.0014104843139648438
4784,0.012353181838989258,0.009799480438232422,0.0015141963958740234
4785,0.011125564575195312,0.011030197143554688,0.001497030258178711
4786,0.01170659065246582,0.012091398239135742,0.0014848709106445312
4787,0.00904226303100586,0.009916305541992188,0.0014955997467041016
4788,0.010549306869506836,0.007450580596923828,0.0018167495727539062
4789,0.011221885681152344,0.009368896484375,0.0014541149139404297
4790,0.011618852615356445,0.010346174240112305,0.0015406608581542969
4791,0.01450490951538086,0.012710094451904297,0.0014514923095703125
4792,0.011806249618530273,0.012962818145751953,0.0015642642974853516
4793,0.011954069137573242,0.009661674499511719,0.0014269351959228516
4794,0.01311635971069336,0.012182950973510742,0.0013546943664550781
4795,0.010159730911254883,0.007359504699707031,0.0014309883117675781
4796,0.011765480041503906,0.00936269760131836,0.0014088153839111328
4797,0.015665769577026367,0.012401580810546875,0.0014615058898925781
4798,0.010316133499145508,0.008257150650024414,0.0014388561248779297
4799,0.01443934440612793,0.009927749633789062,0.0014238357543945312
4800,0.01326298713684082,0.014008045196533203,0.0014731884002685547
4801,0.011016607284545898,0.008351802825927734,0.0014226436614990234
4802,0.014569520950317383,0.011270284652709961,0.001453399658203125
4803,0.010562419891357422,0.008626699447631836,0.0014064311981201172
4804,0.01325845718383789,0.011351823806762695,0.0016710758209228516
4805,0.010580778121948242,0.00850677490234375,0.0014510154724121094
4806,0.01281595230102539,0.010391473770141602,0.0014107227325439453
4807,0.00992584228515625,0.00803518295288086,0.0014069080352783203
4808,0.01213383674621582,0.010039567947387695,0.0015516281127929688
4809,0.013176441192626953,0.009203910827636719,0.0014262199401855469
4810,0.014972686767578125,0.011697053909301758,0.0015006065368652344
4811,0.013027191162109375,0.010346651077270508,0.0014495849609375
4812,0.012067079544067383,0.009150266647338867,0.0015673637390136719
4813,0.013640880584716797,0.011961221694946289,0.0014557838439941406
4814,0.015115499496459961,0.013309240341186523,0.0014433860778808594
4815,0.01441049575805664,0.01102900505065918,0.0014863014221191406
4816,0.014768600463867188,0.008224964141845703,0.0014908313751220703
4817,0.01206064224243164,0.00954294204711914,0.001438140869140625
4818,0.009430646896362305,0.008083105087280273,0.0014104843139648438
4819,0.013211965560913086,0.010873079299926758,0.0013952255249023438
4820,0.015671968460083008,0.013207197189331055,0.0016932487487792969
4821,0.009636402130126953,0.0066301822662353516,0.001455545425415039
4822,0.010992050170898438,0.006851673126220703,0.001531362533569336
4823,0.008710145950317383,0.005966663360595703,0.0014278888702392578
4824,0.010096073150634766,0.007084846496582031,0.0014653205871582031
4825,0.016132354736328125,0.013679027557373047,0.0014865398406982422
4826,0.009157180786132812,0.006056785583496094,0.0016429424285888672
4827,0.016682863235473633,0.011826038360595703,0.0014190673828125
4828,0.012880086898803711,0.009382963180541992,0.0016121864318847656
4829,0.013263702392578125,0.01017618179321289,0.0014116764068603516
4830,0.01453852653503418,0.013434171676635742,0.0016095638275146484
4831,0.02058863639831543,0.012692928314208984,0.0014235973358154297
4832,0.011750221252441406,0.010580301284790039,0.0014319419860839844
4833,0.012456655502319336,0.009233713150024414,0.0015168190002441406
4834,0.01341867446899414,0.008060693740844727,0.0014443397521972656
4835,0.013104438781738281,0.011328697204589844,0.001523733139038086
4836,0.009114742279052734,0.0064966678619384766,0.0018429756164550781
4837,0.011013031005859375,0.009692192077636719,0.0014841556549072266
4838,0.012080192565917969,0.009104490280151367,0.0014383792877197266
4839,0.012614250183105469,0.00865483283996582,0.0014295578002929688
4840,0.011871814727783203,0.009546518325805664,0.0015249252319335938
4841,0.012699127197265625,0.009311676025390625,0.0014531612396240234
4842,0.01207733154296875,0.0077664852142333984,0.0014851093292236328
4843,0.008795738220214844,0.00987100601196289,0.001445770263671875
4844,0.01584649085998535,0.014185905456542969,0.0014727115631103516
4845,0.010658740997314453,0.007715940475463867,0.0014390945434570312
4846,0.010133743286132812,0.006572723388671875,0.0014190673828125
4847,0.014987707138061523,0.013838768005371094,0.0014655590057373047
4848,0.013932943344116211,0.010704755783081055,0.001436471939086914
4849,0.010067939758300781,0.008361101150512695,0.001447439193725586
4850,0.013786077499389648,0.012561559677124023,0.0014030933380126953
4851,0.008926630020141602,0.006719827651977539,0.0014035701751708984
4852,0.014519453048706055,0.011331796646118164,0.0017178058624267578
4853,0.015154600143432617,0.010360240936279297,0.0014598369598388672
4854,0.015260457992553711,0.012838125228881836,0.001470804214477539
4855,0.012034893035888672,0.014382600784301758,0.0014927387237548828
4856,0.010900259017944336,0.009727239608764648,0.001466989517211914
4857,0.013972043991088867,0.010188102722167969,0.001458883285522461
4858,0.010099172592163086,0.007679462432861328,0.0014376640319824219
4859,0.013430356979370117,0.009840965270996094,0.001425027847290039
4860,0.010943889617919922,0.011041641235351562,0.00147247314453125
4861,0.010436296463012695,0.0092315673828125,0.0014061927795410156
4862,0.015304327011108398,0.014751672744750977,0.001401662826538086
4863,0.01299428939819336,0.00850534439086914,0.0014293193817138672
4864,0.016603708267211914,0.013845205307006836,0.0014715194702148438
4865,0.012753963470458984,0.012590646743774414,0.0014240741729736328
4866,0.013404130935668945,0.012122392654418945,0.0014548301696777344
4867,0.012028694152832031,0.01212453842163086,0.0014400482177734375
4868,0.012383699417114258,0.010482311248779297,0.0018756389617919922
4869,0.009865283966064453,0.006644487380981445,0.001445770263671875
4870,0.0159149169921875,0.012085914611816406,0.0015864372253417969
4871,0.016513586044311523,0.01296377182006836,0.0015571117401123047
4872,0.01321268081665039,0.009486675262451172,0.0015587806701660156
4873,0.008900880813598633,0.00724339485168457,0.0014925003051757812
4874,0.01163935661315918,0.00870513916015625,0.0015017986297607422
4875,0.013371706008911133,0.010648727416992188,0.0014598369598388672
4876,0.01649785041809082,0.01360177993774414,0.0014433860778808594
4877,0.005536794662475586,0.00874185562133789,0.0014352798461914062
4878,0.010971784591674805,0.009360313415527344,0.0013871192932128906
4879,0.01031947135925293,0.0115509033203125,0.0014955997467041016
4880,0.012322425842285156,0.010001659393310547,0.001430511474609375
4881,0.014890432357788086,0.011387348175048828,0.0014770030975341797
4882,0.016310453414916992,0.012571573257446289,0.0014643669128417969
4883,0.01127481460571289,0.010445356369018555,0.0014195442199707031
4884,0.014122486114501953,0.009320497512817383,0.0016651153564453125
4885,0.008708715438842773,0.006319522857666016,0.001476287841796875
4886,0.014020681381225586,0.01139974594116211,0.0014278888702392578
4887,0.012886285781860352,0.009514808654785156,0.001455068588256836
4888,0.007873058319091797,0.0070438385009765625,0.0014178752899169922
4889,0.010833978652954102,0.007978677749633789,0.001529693603515625
4890,0.011477231979370117,0.010097742080688477,0.0014050006866455078
4891,0.013006210327148438,0.01123499870300293,0.0014331340789794922
4892,0.013951539993286133,0.010958194732666016,0.0013844966888427734
4893,0.012058019638061523,0.010087013244628906,0.001459360122680664
4894,0.01584649085998535,0.013478755950927734,0.0016167163848876953
4895,0.016895055770874023,0.014594554901123047,0.0015859603881835938
4896,0.011516809463500977,0.011055231094360352,0.0014259815216064453
4897,0.008585929870605469,0.0061686038970947266,0.0015354156494140625
4898,0.014542579650878906,0.012416839599609375,0.0014214515686035156
4899,0.012560367584228516,0.010254859924316406,0.0014388561248779297
4900,0.014885663986206055,0.011750936508178711,0.0017163753509521484
4901,0.013591766357421875,0.012583017349243164,0.001611471176147461
4902,0.013588428497314453,0.013294696807861328,0.0014193058013916016
4903,0.012441635131835938,0.009479045867919922,0.0016107559204101562
4904,0.012914896011352539,0.012124776840209961,0.0014367103576660156
4905,0.010693550109863281,0.009145498275756836,0.0015540122985839844
4906,0.014560461044311523,0.012061595916748047,0.0015048980712890625
4907,0.014415740966796875,0.010209083557128906,0.0014190673828125
4908,0.014481067657470703,0.011431217193603516,0.0015501976013183594
4909,0.01265263557434082,0.013357877731323242,0.0014903545379638672
4910,0.007380008697509766,0.007403135299682617,0.0014584064483642578
4911,0.014255285263061523,0.011813640594482422,0.0014808177947998047
4912,0.00862741470336914,0.00744175910949707,0.0014274120330810547
4913,0.011765718460083008,0.013027667999267578,0.0014090538024902344
4914,0.011854410171508789,0.01068258285522461,0.0014224052429199219
4915,0.01554107666015625,0.013814926147460938,0.0013675689697265625
4916,0.010782480239868164,0.00887751579284668,0.0016963481903076172
4917,0.015079021453857422,0.012190103530883789,0.0014629364013671875
4918,0.017731428146362305,0.013164758682250977,0.0014164447784423828
4919,0.013287544250488281,0.010174751281738281,0.0015909671783447266
4920,0.009509801864624023,0.011869668960571289,0.0014684200286865234
4921,0.010181665420532227,0.01079106330871582,0.0015447139739990234
4922,0.007864236831665039,0.007624626159667969,0.0014481544494628906
4923,0.014262914657592773,0.011335134506225586,0.0015404224395751953
4924,0.016983747482299805,0.012538671493530273,0.001470804214477539
4925,0.013538122177124023,0.012923002243041992,0.0014653205871582031
4926,0.01184844970703125,0.010401725769042969,0.0015759468078613281
4927,0.014096498489379883,0.01102590560913086,0.0015687942504882812
4928,0.012366294860839844,0.012061595916748047,0.0015416145324707031
4929,0.00922536849975586,0.006585836410522461,0.0014798641204833984
4930,0.013173580169677734,0.010581493377685547,0.0015277862548828125
4931,0.013367414474487305,0.00925135612487793,0.0014004707336425781
4932,0.01018977165222168,0.008469104766845703,0.001789093017578125
4933,0.009409904479980469,0.009351015090942383,0.001474142074584961
4934,0.01029658317565918,0.0065593719482421875,0.001382589340209961
4935,0.012192726135253906,0.010354757308959961,0.0014655590057373047
4936,0.009320497512817383,0.008895635604858398,0.0016121864318847656
4937,0.01153874397277832,0.008730649948120117,0.001458883285522461
4938,0.01253652572631836,0.011116981506347656,0.001558542251586914
4939,0.015259027481079102,0.014011621475219727,0.0014247894287109375
4940,0.010065078735351562,0.008838176727294922,0.0014495849609375
4941,0.013383626937866211,0.011368036270141602,0.0014328956604003906
4942,0.013198614120483398,0.013450145721435547,0.0014078617095947266
4943,0.014668941497802734,0.01334524154663086,0.0014853477478027344
4944,0.011961936950683594,0.012147188186645508,0.0013763904571533203
4945,0.013753652572631836,0.014289140701293945,0.0015387535095214844
4946,0.014864206314086914,0.012621402740478516,0.0014004707336425781
4947,0.010138511657714844,0.010983943939208984,0.001468658447265625
4948,0.013973236083984375,0.01169133186340332,0.0018012523651123047
4949,0.009860754013061523,0.011168241500854492,0.0015010833740234375
4950,0.011267662048339844,0.009762763977050781,0.0014235973358154297
4951,0.015743494033813477,0.011734724044799805,0.0015747547149658203
4952,0.016085386276245117,0.01311945915222168,0.0014209747314453125
4953,0.014392614364624023,0.011925220489501953,0.0015568733215332031
4954,0.010123491287231445,0.009930133819580078,0.0016183853149414062
4955,0.013490676879882812,0.013734102249145508,0.0015158653259277344
4956,0.013742446899414062,0.010218620300292969,0.0015609264373779297
4957,0.013028860092163086,0.010782957077026367,0.00144195556640625
4958,0.01009988784790039,0.008481502532958984,0.001554727554321289
4959,0.013328790664672852,0.008946657180786133,0.001417398452758789
4960,0.018362998962402344,0.011898517608642578,0.001399993896484375
4961,0.013770103454589844,0.01172018051147461,0.001611471176147461
4962,0.015323877334594727,0.0159761905670166,0.0016677379608154297
4963,0.01858830451965332,0.017079591751098633,0.0015311241149902344
4964,0.018149852752685547,0.01612687110900879,0.0018439292907714844
4965,0.016124248504638672,0.01215219497680664,0.0015425682067871094
4966,0.013319730758666992,0.010489940643310547,0.001478433609008789
4967,0.013328313827514648,0.01294398307800293,0.0014636516571044922
4968,0.009525537490844727,0.008647441864013672,0.0015006065368652344
4969,0.012045860290527344,0.012843847274780273,0.0015285015106201172
4970,0.013195276260375977,0.012913942337036133,0.001493692398071289
4971,0.014617919921875,0.010445594787597656,0.0014142990112304688
4972,0.00979757308959961,0.007639169692993164,0.0015759468078613281
4973,0.013457775115966797,0.013217926025390625,0.00145721435546875
4974,0.013841629028320312,0.01007390022277832,0.0015411376953125
4975,0.010300636291503906,0.011720895767211914,0.00144195556640625
4976,0.014310121536254883,0.015733957290649414,0.0015811920166015625
4977,0.01343679428100586,0.0113067626953125,0.0014507770538330078
4978,0.013100147247314453,0.009401321411132812,0.0014965534210205078
4979,0.011525154113769531,0.011423587799072266,0.0014040470123291016
4980,0.010054349899291992,0.009477853775024414,0.0017328262329101562
4981,0.013101577758789062,0.00870656967163086,0.0014433860778808594
4982,0.01464080810546875,0.011182785034179688,0.0014286041259765625
4983,0.013263940811157227,0.014131784439086914,0.0015065670013427734
4984,0.010959625244140625,0.010093927383422852,0.001415252685546875
4985,0.013108968734741211,0.010669231414794922,0.0014722347259521484
4986,0.012788772583007812,0.010926008224487305,0.001444101333618164
4987,0.009359598159790039,0.008442163467407227,0.001481771469116211
4988,0.009407997131347656,0.009294271469116211,0.0014216899871826172
4989,0.01304936408996582,0.012849807739257812,0.0014736652374267578
4990,0.014049768447875977,0.011566400527954102,0.0014638900756835938
4991,0.012166500091552734,0.01083993911743164,0.001453399658203125
4992,0.00972604751586914,0.007601261138916016,0.001424551010131836
4993,0.016710281372070312,0.013548851013183594,0.0014576911926269531
4994,0.012483358383178711,0.009946823120117188,0.0014829635620117188
4995,0.013403892517089844,0.009228944778442383,0.001428842544555664
4996,0.016387462615966797,0.012199640274047852,0.0017116069793701172
4997,0.013188362121582031,0.011376380920410156,0.0013730525970458984
4998,0.01152801513671875,0.008953332901000977,0.0014362335205078125
4999,0.012138128280639648,0.00820159912109375,0.001383066177368164
5000,0.012509584426879883,0.011739253997802734,0.0014369487762451172
5001,0.012219429016113281,0.008335590362548828,0.0015921592712402344
5002,0.01333928108215332,0.010071992874145508,0.0014650821685791016
5003,0.011077642440795898,0.011196136474609375,0.0014598369598388672
5004,0.01059579849243164,0.01015925407409668,0.0014483928680419922
5005,0.013002634048461914,0.011207342147827148,0.0015387535095214844
5006,0.013952970504760742,0.009362459182739258,0.0014870166778564453
5007,0.014060258865356445,0.011891841888427734,0.0014536380767822266
5008,0.014279365539550781,0.010629415512084961,0.0013916492462158203
5009,0.015069246292114258,0.013290643692016602,0.0013689994812011719
5010,0.010265111923217773,0.01053476333618164,0.0013840198516845703
5011,0.014189958572387695,0.01479649543762207,0.0014204978942871094
5012,0.013691186904907227,0.011515140533447266,0.0016849040985107422
5013,0.014879703521728516,0.011769294738769531,0.0014150142669677734
5014,0.010557889938354492,0.0072784423828125,0.0014262199401855469
5015,0.011075973510742188,0.008611679077148438,0.0014367103576660156
5016,0.015328407287597656,0.012243270874023438,0.0015594959259033203
5017,0.01277923583984375,0.008533954620361328,0.0014011859893798828
5018,0.009807586669921875,0.008812427520751953,0.0015773773193359375
5019,0.010889291763305664,0.009711742401123047,0.0014488697052001953
5020,0.015281438827514648,0.01149129867553711,0.0015566349029541016
5021,0.013345003128051758,0.009995698928833008,0.0014715194702148438
5022,0.014425992965698242,0.012639760971069336,0.0014376640319824219
5023,0.015751123428344727,0.012052774429321289,0.0014636516571044922
5024,0.015311479568481445,0.010284423828125,0.0014507770538330078
5025,0.01249551773071289,0.00948476791381836,0.001394033432006836
5026,0.012727499008178711,0.010897636413574219,0.0014450550079345703
5027,0.011949539184570312,0.010980367660522461,0.0014247894287109375
5028,0.011095285415649414,0.008893966674804688,0.0016548633575439453
5029,0.01296091079711914,0.011768102645874023,0.0014219284057617188
5030,0.012144088745117188,0.012139558792114258,0.0014548301696777344
5031,0.012698650360107422,0.010310649871826172,0.0015964508056640625
5032,0.015087604522705078,0.012161731719970703,0.0014221668243408203
5033,0.015459537506103516,0.010697603225708008,0.0015442371368408203
5034,0.011358022689819336,0.009295940399169922,0.0014281272888183594
5035,0.010066986083984375,0.008448600769042969,0.001436471939086914
5036,0.01533365249633789,0.01400303840637207,0.001432180404663086
5037,0.007549762725830078,0.005872249603271484,0.0014622211456298828
5038,0.011227607727050781,0.008382797241210938,0.001466989517211914
5039,0.011100053787231445,0.008031845092773438,0.0014886856079101562
5040,0.012530803680419922,0.012257575988769531,0.0015444755554199219
5041,0.011126041412353516,0.009484052658081055,0.0014300346374511719
5042,0.017412662506103516,0.012300252914428711,0.0015909671783447266
5043,0.016700029373168945,0.013763427734375,0.0014116764068603516
5044,0.012390375137329102,0.008237361907958984,0.0016674995422363281
5045,0.012517690658569336,0.009065866470336914,0.0014503002166748047
5046,0.014182329177856445,0.011336565017700195,0.001390218734741211
5047,0.012187480926513672,0.009889602661132812,0.0014982223510742188
5048,0.01473236083984375,0.013105630874633789,0.0014836788177490234
5049,0.0174863338470459,0.01242685317993164,0.0014503002166748047
5050,0.015135765075683594,0.009976387023925781,0.001447916030883789
5051,0.012248039245605469,0.009572744369506836,0.0014276504516601562
5052,0.013821601867675781,0.010826587677001953,0.0014438629150390625
5053,0.013784408569335938,0.010416507720947266,0.0014939308166503906
5054,0.01373291015625,0.015215635299682617,0.0014603137969970703
5055,0.011219978332519531,0.009054422378540039,0.0014450550079345703
5056,0.01597881317138672,0.012368440628051758,0.001474618911743164
5057,0.012801170349121094,0.011880874633789062,0.0015838146209716797
5058,0.013139963150024414,0.009746074676513672,0.0014374256134033203
5059,0.0091094970703125,0.008913516998291016,0.0015153884887695312
5060,0.00677180290222168,0.007344961166381836,0.0016889572143554688
5061,0.009992599487304688,0.007979631423950195,0.0015294551849365234
5062,0.01085972785949707,0.008446693420410156,0.0013875961303710938
5063,0.016144752502441406,0.013827323913574219,0.0014140605926513672
5064,0.01004481315612793,0.008294343948364258,0.0014581680297851562
5065,0.010221481323242188,0.009470701217651367,0.0014324188232421875
5066,0.012231826782226562,0.008369922637939453,0.0014324188232421875
5067,0.013707637786865234,0.009649991989135742,0.001436471939086914
5068,0.01091146469116211,0.010251998901367188,0.0014863014221191406
5069,0.011297225952148438,0.00798344612121582,0.0016160011291503906
5070,0.01230001449584961,0.009081840515136719,0.0013854503631591797
5071,0.00967550277709961,0.00917506217956543,0.00147247314453125
5072,0.009840250015258789,0.011677026748657227,0.0014171600341796875
5073,0.013310909271240234,0.009733915328979492,0.0014634132385253906
5074,0.0165097713470459,0.012344837188720703,0.0013821125030517578
5075,0.011518478393554688,0.009071588516235352,0.001451730728149414
5076,0.010616064071655273,0.011308908462524414,0.0017008781433105469
5077,0.008812427520751953,0.008382797241210938,0.0014140605926513672
5078,0.008980989456176758,0.008653640747070312,0.0014123916625976562
5079,0.01446080207824707,0.0194699764251709,0.0013916492462158203
5080,0.012636899948120117,0.00910806655883789,0.0014407634735107422
5081,0.010337591171264648,0.007906198501586914,0.001375436782836914
5082,0.011651039123535156,0.01256704330444336,0.0015065670013427734
5083,0.016010284423828125,0.013979673385620117,0.0013995170593261719
5084,0.01425027847290039,0.012357234954833984,0.0015087127685546875
5085,0.01712775230407715,0.014393806457519531,0.0014116764068603516
5086,0.016050338745117188,0.0106048583984375,0.0014019012451171875
5087,0.015022993087768555,0.014882564544677734,0.0013921260833740234
5088,0.011374950408935547,0.00906229019165039,0.0014047622680664062
5089,0.014646053314208984,0.012534379959106445,0.001474142074584961
5090,0.010531187057495117,0.008880615234375,0.0014231204986572266
5091,0.00995326042175293,0.0069200992584228516,0.001430511474609375
5092,0.00950002670288086,0.006727457046508789,0.0017437934875488281
5093,0.0104217529296875,0.009575605392456055,0.0014452934265136719
5094,0.009801387786865234,0.009305715560913086,0.0014424324035644531
5095,0.008493661880493164,0.0075092315673828125,0.0014071464538574219
5096,0.013200044631958008,0.012113094329833984,0.0014338493347167969
5097,0.010744094848632812,0.010524511337280273,0.0013775825500488281
5098,0.01904773712158203,0.0151214599609375,0.0014734268188476562
5099,0.015623807907104492,0.010036706924438477,0.0013911724090576172
5100,0.009124517440795898,0.00706028938293457,0.0012845993041992188
5101,0.013631582260131836,0.00940251350402832,0.0014820098876953125
5102,0.008638858795166016,0.009542226791381836,0.0014603137969970703
5103,0.011569976806640625,0.009896039962768555,0.0012478828430175781
5104,0.012887716293334961,0.010514259338378906,0.0014421939849853516
5105,0.015181779861450195,0.011394739151000977,0.0014100074768066406
5106,0.006652116775512695,0.00723576545715332,0.0012347698211669922
5107,0.01699376106262207,0.013556957244873047,0.0014095306396484375
5108,0.010691642761230469,0.009264945983886719,0.001683950424194336
5109,0.011564493179321289,0.011003971099853516,0.0013015270233154297
5110,0.010733842849731445,0.010344266891479492,0.0014102458953857422
5111,0.013034343719482422,0.010052204132080078,0.0014765262603759766
5112,0.00780940055847168,0.005240917205810547,0.0012929439544677734
5113,0.013236761093139648,0.009557962417602539,0.0014507770538330078
5114,0.014605045318603516,0.01080632209777832,0.0014081001281738281
5115,0.012181997299194336,0.011581659317016602,0.001222848892211914
5116,0.013300418853759766,0.014622688293457031,0.0014286041259765625
5117,0.010571479797363281,0.008891820907592773,0.0012674331665039062
5118,0.011234283447265625,0.009727716445922852,0.0013859272003173828
5119,0.011474370956420898,0.007919549942016602,0.0014235973358154297
5120,0.010571718215942383,0.011204957962036133,0.0014438629150390625
5121,0.013873577117919922,0.011905908584594727,0.00124359130859375
5122,0.011143207550048828,0.007780551910400391,0.0014443397521972656
5123,0.011879920959472656,0.010138511657714844,0.0013430118560791016
5124,0.013685226440429688,0.009391069412231445,0.001684427261352539
5125,0.014487743377685547,0.013195991516113281,0.0013263225555419922
5126,0.014397621154785156,0.012087821960449219,0.0014338493347167969
5127,0.014343738555908203,0.010554313659667969,0.0012695789337158203
5128,0.020644426345825195,0.012752771377563477,0.001478433609008789
5129,0.012384414672851562,0.011910438537597656,0.0012445449829101562
5130,0.014642715454101562,0.011469125747680664,0.0013897418975830078
5131,0.011525154113769531,0.008714437484741211,0.0012683868408203125
5132,0.008414268493652344,0.007119655609130859,0.0014121532440185547
5133,0.01640629768371582,0.013750553131103516,0.001226186752319336
5134,0.013872146606445312,0.011295318603515625,0.001434326171875
5135,0.013432502746582031,0.010514497756958008,0.0012454986572265625
5136,0.017815589904785156,0.01569962501525879,0.0014071464538574219
5137,0.010297775268554688,0.0073680877685546875,0.0012507438659667969
5138,0.010752677917480469,0.008869171142578125,0.0014314651489257812
5139,0.017742395401000977,0.01792144775390625,0.0012569427490234375
5140,0.012546300888061523,0.011083126068115234,0.0016486644744873047
5141,0.009643316268920898,0.010767221450805664,0.0012629032135009766
5142,0.013720035552978516,0.011988162994384766,0.0013599395751953125
5143,0.013448953628540039,0.009024620056152344,0.0012776851654052734
5144,0.01620030403137207,0.013293743133544922,0.0014789104461669922
5145,0.011218070983886719,0.009216547012329102,0.0013959407806396484
5146,0.012077808380126953,0.011451959609985352,0.0012600421905517578
5147,0.009885311126708984,0.008952617645263672,0.0014793872833251953
5148,0.014832735061645508,0.01257634162902832,0.0012478828430175781
5149,0.009033679962158203,0.007261753082275391,0.0014407634735107422
5150,0.008641958236694336,0.00891566276550293,0.001401662826538086
5151,0.013815164566040039,0.009065389633178711,0.0014164447784423828
5152,0.01761651039123535,0.016233444213867188,0.0012772083282470703
5153,0.01359701156616211,0.011122941970825195,0.0013911724090576172
5154,0.012151002883911133,0.01067972183227539,0.0012242794036865234
5155,0.013788938522338867,0.011984825134277344,0.0013971328735351562
5156,0.014447450637817383,0.010280132293701172,0.0017135143280029297
5157,0.011235952377319336,0.007559776306152344,0.0014314651489257812
5158,0.014205217361450195,0.013340234756469727,0.0012395381927490234
5159,0.013915538787841797,0.01127004623413086,0.0013909339904785156
5160,0.01429605484008789,0.011628389358520508,0.0015535354614257812
5161,0.011370658874511719,0.008875608444213867,0.0012450218200683594
5162,0.01330709457397461,0.009047746658325195,0.0014159679412841797
5163,0.014320135116577148,0.010007381439208984,0.0015802383422851562
5164,0.011352062225341797,0.009468555450439453,0.0017023086547851562
5165,0.007777690887451172,0.0070302486419677734,0.0013875961303710938
5166,0.010875225067138672,0.010783672332763672,0.0014851093292236328
5167,0.008858442306518555,0.010224342346191406,0.0014331340789794922
5168,0.018649578094482422,0.013217926025390625,0.0013442039489746094
5169,0.012333154678344727,0.009781599044799805,0.001451253890991211
5170,0.016736745834350586,0.014614105224609375,0.0012748241424560547
5171,0.012305974960327148,0.01015162467956543,0.0013957023620605469
5172,0.01594829559326172,0.013921976089477539,0.001834869384765625
5173,0.01268911361694336,0.009265661239624023,0.001430511474609375
5174,0.015415668487548828,0.01134943962097168,0.0015490055084228516
5175,0.01397085189819336,0.016810178756713867,0.001379251480102539
5176,0.01188206672668457,0.01362299919128418,0.0014030933380126953
5177,0.016441822052001953,0.012770652770996094,0.0014009475708007812
5178,0.014379739761352539,0.01107168197631836,0.001371622085571289
5179,0.01190328598022461,0.013654708862304688,0.001439809799194336
5180,0.014826774597167969,0.012047767639160156,0.001444101333618164
5181,0.017628192901611328,0.014740228652954102,0.0013895034790039062
5182,0.009772062301635742,0.006966114044189453,0.0013873577117919922
5183,0.00908660888671875,0.00687408447265625,0.0014035701751708984
5184,0.01432180404663086,0.014718294143676758,0.0014252662658691406
5185,0.00935983657836914,0.008169412612915039,0.0015649795532226562
5186,0.012638092041015625,0.013148069381713867,0.0013720989227294922
5187,0.015391826629638672,0.010315418243408203,0.0014989376068115234
5188,0.00994420051574707,0.008205413818359375,0.0016613006591796875
5189,0.014085769653320312,0.011387825012207031,0.0015184879302978516
5190,0.014419317245483398,0.012379169464111328,0.0014078617095947266
5191,0.011755228042602539,0.008832216262817383,0.0014150142669677734
5192,0.014537334442138672,0.010301589965820312,0.0014193058013916016
5193,0.012430667877197266,0.008208751678466797,0.0014188289642333984
5194,0.013620615005493164,0.011074066162109375,0.0013880729675292969
5195,0.01590561866760254,0.01357412338256836,0.0015757083892822266
5196,0.01390981674194336,0.014035463333129883,0.0014636516571044922
5197,0.010558128356933594,0.009444475173950195,0.0015387535095214844
5198,0.012469291687011719,0.00943136215209961,0.0014081001281738281
5199,0.010872840881347656,0.007937908172607422,0.0014348030090332031
5200,0.01734781265258789,0.014423608779907227,0.0014262199401855469
5201,0.016676664352416992,0.010455608367919922,0.0014736652374267578
5202,0.01579761505126953,0.012176036834716797,0.0014252662658691406
5203,0.009569406509399414,0.007622241973876953,0.0014450550079345703
5204,0.014481782913208008,0.0128631591796875,0.0018658638000488281
5205,0.014606714248657227,0.012844324111938477,0.0013895034790039062
5206,0.012320280075073242,0.010649442672729492,0.0015392303466796875
5207,0.01179957389831543,0.012581348419189453,0.001444101333618164
5208,0.01388406753540039,0.011936426162719727,0.0014452934265136719
5209,0.012491941452026367,0.011216878890991211,0.0014069080352783203
5210,0.016193628311157227,0.013402700424194336,0.0014657974243164062
5211,0.01121068000793457,0.009635210037231445,0.0014722347259521484
5212,0.01551675796508789,0.011861562728881836,0.0014865398406982422
5213,0.01385807991027832,0.01082468032836914,0.0014102458953857422
5214,0.014933347702026367,0.012401580810546875,0.0014443397521972656
5215,0.01453089714050293,0.011857271194458008,0.001520395278930664
5216,0.008569478988647461,0.007584571838378906,0.0014514923095703125
5217,0.011526346206665039,0.007880449295043945,0.0014727115631103516
5218,0.009641647338867188,0.009819984436035156,0.0014505386352539062
5219,0.014758825302124023,0.012432575225830078,0.0014731884002685547
5220,0.015516281127929688,0.01333165168762207,0.0017516613006591797
5221,0.01506948471069336,0.01575613021850586,0.0015454292297363281
5222,0.013738632202148438,0.010861396789550781,0.0014488697052001953
5223,0.012523651123046875,0.011611223220825195,0.0015027523040771484
5224,0.008167505264282227,0.008332490921020508,0.0014300346374511719
5225,0.013087987899780273,0.009286642074584961,0.0014553070068359375
5226,0.011245012283325195,0.008923768997192383,0.0014960765838623047
5227,0.012042045593261719,0.00950312614440918,0.001495361328125
5228,0.012971162796020508,0.01076650619506836,0.00146484375
5229,0.009422063827514648,0.00824427604675293,0.001500844955444336
5230,0.014442682266235352,0.01303553581237793,0.0014531612396240234
5231,0.010562658309936523,0.009917020797729492,0.001481771469116211
5232,0.009255647659301758,0.010286331176757812,0.001415252685546875
5233,0.01505136489868164,0.012722015380859375,0.00139617919921875
5234,0.013177156448364258,0.013556241989135742,0.0014243125915527344
5235,0.013353586196899414,0.016571044921875,0.0014238357543945312
5236,0.009772300720214844,0.009090662002563477,0.0018763542175292969
5237,0.01456761360168457,0.009805679321289062,0.0016319751739501953
5238,0.01639723777770996,0.01344609260559082,0.0015075206756591797
5239,0.011297941207885742,0.009751558303833008,0.0015342235565185547
5240,0.01526188850402832,0.014321327209472656,0.0013763904571533203
5241,0.011117219924926758,0.008261442184448242,0.0015399456024169922
5242,0.011866569519042969,0.0075266361236572266,0.001402139663696289
5243,0.012829303741455078,0.012105703353881836,0.0013585090637207031
5244,0.012081623077392578,0.009996891021728516,0.001392364501953125
5245,0.015066385269165039,0.011317729949951172,0.0015611648559570312
5246,0.01727151870727539,0.013691902160644531,0.0013692378997802734
5247,0.011594057083129883,0.010259151458740234,0.0015244483947753906
5248,0.014533758163452148,0.012490510940551758,0.0014004707336425781
5249,0.015091419219970703,0.013092517852783203,0.0014433860778808594
5250,0.014110088348388672,0.012577295303344727,0.001432180404663086
5251,0.015098333358764648,0.016132116317749023,0.0013871192932128906
5252,0.008487701416015625,0.007639884948730469,0.0016903877258300781
5253,0.01095890998840332,0.008768081665039062,0.0013720989227294922
5254,0.01476144790649414,0.009535074234008789,0.0014264583587646484
5255,0.013185262680053711,0.014278650283813477,0.001432180404663086
5256,0.007746696472167969,0.008423805236816406,0.0014452934265136719
5257,0.0107421875,0.00994420051574707,0.0013573169708251953
5258,0.01208639144897461,0.010671377182006836,0.0013937950134277344
5259,0.009077310562133789,0.0062787532806396484,0.0014154911041259766
5260,0.009225130081176758,0.00952768325805664,0.0014121532440185547
5261,0.013941764831542969,0.011419057846069336,0.0013997554779052734
5262,0.015814781188964844,0.011138200759887695,0.0014011859893798828
5263,0.013618946075439453,0.00951075553894043,0.001371622085571289
5264,0.013546228408813477,0.013560295104980469,0.0014421939849853516
5265,0.013180017471313477,0.015717267990112305,0.0013954639434814453
5266,0.01484823226928711,0.012815713882446289,0.0013775825500488281
5267,0.007705211639404297,0.011001825332641602,0.0014240741729736328
5268,0.012181758880615234,0.009778738021850586,0.0016617774963378906
5269,0.015372037887573242,0.012661218643188477,0.00156402587890625
5270,0.015244483947753906,0.011308908462524414,0.0014376640319824219
5271,0.01627969741821289,0.01175689697265625,0.0014081001281738281
5272,0.013715982437133789,0.011177301406860352,0.0015475749969482422
5273,0.012172460556030273,0.0121307373046875,0.0013883113861083984
5274,0.013378620147705078,0.009418249130249023,0.0014379024505615234
5275,0.012418270111083984,0.009861469268798828,0.0013899803161621094
5276,0.012378215789794922,0.01186990737915039,0.001434326171875
5277,0.011087894439697266,0.007550477981567383,0.0013349056243896484
5278,0.014264345169067383,0.012316226959228516,0.0013778209686279297
5279,0.01013803482055664,0.012802362442016602,0.0013818740844726562
5280,0.013755559921264648,0.010064840316772461,0.0015492439270019531
5281,0.018324851989746094,0.013702630996704102,0.0013897418975830078
5282,0.013112545013427734,0.01164388656616211,0.0014605522155761719
5283,0.014037847518920898,0.013405323028564453,0.0013921260833740234
5284,0.01718449592590332,0.01422882080078125,0.0016665458679199219
5285,0.014222145080566406,0.011826038360595703,0.001416921615600586
5286,0.012996912002563477,0.010921716690063477,0.0014340877532958984
5287,0.01113581657409668,0.00900578498840332,0.0013797283172607422
5288,0.016136884689331055,0.010725975036621094,0.00136566162109375
5289,0.010865926742553711,0.010404586791992188,0.0014233589172363281
5290,0.015071392059326172,0.012151241302490234,0.0014195442199707031
5291,0.009649515151977539,0.008992910385131836,0.0013854503631591797
5292,0.009980916976928711,0.008962631225585938,0.0014078617095947266
5293,0.01466822624206543,0.012000322341918945,0.0014622211456298828
5294,0.013020515441894531,0.010089397430419922,0.0014896392822265625
5295,0.011963367462158203,0.00988149642944336,0.0016291141510009766
5296,0.014510393142700195,0.012120246887207031,0.001425027847290039
5297,0.014466047286987305,0.011347293853759766,0.001455068588256836
5298,0.00839853286743164,0.006835460662841797,0.0014193058013916016
5299,0.012400627136230469,0.009946584701538086,0.0014801025390625
5300,0.01403665542602539,0.01070261001586914,0.0017921924591064453
5301,0.005947113037109375,0.006936550140380859,0.0014896392822265625
5302,0.012171745300292969,0.009906530380249023,0.0015900135040283203
5303,0.014714956283569336,0.012781858444213867,0.0014462471008300781
5304,0.009149312973022461,0.008125066757202148,0.0015828609466552734
5305,0.014028787612915039,0.011093616485595703,0.0015332698822021484
5306,0.011915206909179688,0.009296417236328125,0.001477956771850586
5307,0.010451555252075195,0.008242368698120117,0.0015997886657714844
5308,0.011936426162719727,0.008222341537475586,0.0014598369598388672
5309,0.013114452362060547,0.010351181030273438,0.0015425682067871094
5310,0.014869928359985352,0.01235818862915039,0.0015037059783935547
5311,0.012459039688110352,0.009226322174072266,0.0015857219696044922
5312,0.011586904525756836,0.009999275207519531,0.0014619827270507812
5313,0.009891033172607422,0.008895635604858398,0.001489877700805664
5314,0.007498502731323242,0.008323192596435547,0.0014595985412597656
5315,0.013736248016357422,0.010247230529785156,0.0014879703521728516
5316,0.012364864349365234,0.007994890213012695,0.0017917156219482422
5317,0.011342287063598633,0.012033700942993164,0.0014815330505371094
5318,0.01422882080078125,0.011742115020751953,0.0015401840209960938
5319,0.010853767395019531,0.008757352828979492,0.0014872550964355469
5320,0.013772010803222656,0.009740114212036133,0.0014185905456542969
5321,0.011653661727905273,0.00995635986328125,0.0014727115631103516
5322,0.015015363693237305,0.010586261749267578,0.0014920234680175781
5323,0.013485193252563477,0.010881662368774414,0.0015239715576171875
5324,0.01169443130493164,0.009242773056030273,0.0014624595642089844
5325,0.010527372360229492,0.007815122604370117,0.0014667510986328125
5326,0.016188859939575195,0.015464305877685547,0.0015003681182861328
5327,0.008127927780151367,0.006621837615966797,0.0014879703521728516
5328,0.008476734161376953,0.008049249649047852,0.001463174819946289
5329,0.013249874114990234,0.013604879379272461,0.0014772415161132812
5330,0.01578688621520996,0.012012004852294922,0.0014500617980957031
5331,0.015583038330078125,0.014943838119506836,0.0014185905456542969
5332,0.016222238540649414,0.014094829559326172,0.0017130374908447266
5333,0.014486551284790039,0.01322484016418457,0.0014369487762451172
5334,0.016809463500976562,0.01672220230102539,0.001444101333618164
5335,0.011747360229492188,0.008201122283935547,0.001397848129272461
5336,0.01114034652709961,0.010583639144897461,0.0014278888702392578
5337,0.010597944259643555,0.009484291076660156,0.0014193058013916016
5338,0.014250755310058594,0.010169506072998047,0.0014224052429199219
5339,0.013776540756225586,0.010835647583007812,0.0014598369598388672
5340,0.011113166809082031,0.009496450424194336,0.0014331340789794922
5341,0.010811567306518555,0.010030031204223633,0.001424551010131836
5342,0.01657891273498535,0.01175546646118164,0.0014340877532958984
5343,0.009492635726928711,0.008002996444702148,0.0015230178833007812
5344,0.010895252227783203,0.008503198623657227,0.0014579296112060547
5345,0.011891603469848633,0.01356053352355957,0.0016803741455078125
5346,0.013693094253540039,0.011569976806640625,0.0014579296112060547
5347,0.013034582138061523,0.010408878326416016,0.0015680789947509766
5348,0.008488178253173828,0.008503437042236328,0.0017316341400146484
5349,0.010123491287231445,0.010233879089355469,0.0014433860778808594
5350,0.010232210159301758,0.008647441864013672,0.0014481544494628906
5351,0.010003805160522461,0.00753474235534668,0.0014264583587646484
5352,0.013268232345581055,0.010984420776367188,0.0013651847839355469
5353,0.013184070587158203,0.011044979095458984,0.0014729499816894531
5354,0.007997274398803711,0.006925821304321289,0.0014431476593017578
5355,0.015877485275268555,0.012202739715576172,0.001430511474609375
5356,0.01439523696899414,0.010047197341918945,0.0014183521270751953
5357,0.009721994400024414,0.008131980895996094,0.0014328956604003906
5358,0.01312708854675293,0.011558294296264648,0.0014801025390625
5359,0.013812780380249023,0.012409210205078125,0.001615285873413086
5360,0.017231225967407227,0.012830257415771484,0.0014257431030273438
5361,0.016026973724365234,0.011204004287719727,0.0016658306121826172
5362,0.006393909454345703,0.006692409515380859,0.0014715194702148438
5363,0.012251615524291992,0.008346796035766602,0.0013892650604248047
5364,0.010464668273925781,0.0107574462890625,0.0017173290252685547
5365,0.01192331314086914,0.00886988639831543,0.0015461444854736328
5366,0.014478683471679688,0.011711359024047852,0.0014529228210449219
5367,0.015588045120239258,0.013245582580566406,0.00152587890625
5368,0.011352300643920898,0.0076482295989990234,0.0014472007751464844
5369,0.013662099838256836,0.010372400283813477,0.0015223026275634766
5370,0.008638620376586914,0.008486270904541016,0.0015647411346435547
5371,0.011475324630737305,0.011961221694946289,0.0014522075653076172
5372,0.011889457702636719,0.008839845657348633,0.001462697982788086
5373,0.0161740779876709,0.014094352722167969,0.00162506103515625
5374,0.012244701385498047,0.014121532440185547,0.0016019344329833984
5375,0.008827686309814453,0.00691676139831543,0.0016379356384277344
5376,0.011329889297485352,0.009321928024291992,0.0014917850494384766
5377,0.011934518814086914,0.010490655899047852,0.0013918876647949219
5378,0.0077779293060302734,0.009557485580444336,0.001537322998046875
5379,0.008523941040039062,0.007479190826416016,0.0015788078308105469
5380,0.012792587280273438,0.009548187255859375,0.0016968250274658203
5381,0.016240358352661133,0.011665105819702148,0.00146484375
5382,0.017096996307373047,0.011512517929077148,0.0014231204986572266
5383,0.013943672180175781,0.010673761367797852,0.0014219284057617188
5384,0.011291027069091797,0.010760068893432617,0.0015568733215332031
5385,0.011955976486206055,0.010375738143920898,0.0014586448669433594
5386,0.014590740203857422,0.011317968368530273,0.001550912857055664
5387,0.017496824264526367,0.013917922973632812,0.0014605522155761719
5388,0.010017871856689453,0.007043600082397461,0.0015451908111572266
5389,0.011872291564941406,0.010332584381103516,0.0014591217041015625
5390,0.013463497161865234,0.011976242065429688,0.001416921615600586
5391,0.013432025909423828,0.009772539138793945,0.0014910697937011719
5392,0.009305000305175781,0.012044191360473633,0.0014617443084716797
5393,0.011884927749633789,0.013492822647094727,0.0015451908111572266
5394,0.01661062240600586,0.018064022064208984,0.0014185905456542969
5395,0.008821725845336914,0.008023977279663086,0.0014772415161132812
5396,0.015143871307373047,0.013234615325927734,0.001720428466796875
5397,0.013992071151733398,0.012132406234741211,0.0014371871948242188
5398,0.009979724884033203,0.008530855178833008,0.001386404037475586
5399,0.015166759490966797,0.013152599334716797,0.0014102458953857422
5400,0.017347335815429688,0.013095378875732422,0.0014274120330810547
5401,0.0118560791015625,0.010171651840209961,0.0014560222625732422
5402,0.013117313385009766,0.009145498275756836,0.0013909339904785156
5403,0.01653313636779785,0.011842966079711914,0.0014698505401611328
5404,0.009674549102783203,0.006652355194091797,0.001474618911743164
5405,0.012902975082397461,0.01147007942199707,0.0014429092407226562
5406,0.009903192520141602,0.008975505828857422,0.0014650821685791016
5407,0.011583089828491211,0.008213520050048828,0.0014214515686035156
5408,0.015277385711669922,0.013353824615478516,0.0014264583587646484
5409,0.012293100357055664,0.010969877243041992,0.0014867782592773438
5410,0.014790058135986328,0.012408733367919922,0.0015277862548828125
5411,0.008517980575561523,0.00755620002746582,0.001489877700805664
5412,0.015374183654785156,0.011495590209960938,0.0016858577728271484
5413,0.012826919555664062,0.00852346420288086,0.001550912857055664
5414,0.01019430160522461,0.008305549621582031,0.0014612674713134766
5415,0.013098478317260742,0.009581565856933594,0.0014920234680175781
5416,0.012918472290039062,0.013534307479858398,0.0014252662658691406
5417,0.012778759002685547,0.014061927795410156,0.0014815330505371094
5418,0.014252901077270508,0.012195110321044922,0.0014224052429199219
5419,0.008792877197265625,0.007157087326049805,0.0015022754669189453
5420,0.012781381607055664,0.012545347213745117,0.0014562606811523438
5421,0.013131856918334961,0.009626388549804688,0.001415252685546875
5422,0.009735345840454102,0.008089780807495117,0.0015399456024169922
5423,0.0074231624603271484,0.007099151611328125,0.00147247314453125
5424,0.010978221893310547,0.007109880447387695,0.0015192031860351562
5425,0.011495351791381836,0.0093536376953125,0.0014905929565429688
5426,0.008075237274169922,0.008053779602050781,0.0015246868133544922
5427,0.015462398529052734,0.01303863525390625,0.0014967918395996094
5428,0.0161740779876709,0.013826608657836914,0.0016918182373046875
5429,0.016793251037597656,0.013314962387084961,0.0015377998352050781
5430,0.014262199401855469,0.010632514953613281,0.001489877700805664
5431,0.009373664855957031,0.00717926025390625,0.0013916492462158203
5432,0.014577627182006836,0.012090206146240234,0.0015370845794677734
5433,0.009075641632080078,0.007596015930175781,0.0013880729675292969
5434,0.02055835723876953,0.014371633529663086,0.0014615058898925781
5435,0.014186620712280273,0.017657041549682617,0.0013833045959472656
5436,0.013574361801147461,0.013041973114013672,0.0015003681182861328
5437,0.013449907302856445,0.012636423110961914,0.0014832019805908203
5438,0.01272892951965332,0.009359598159790039,0.001373291015625
5439,0.012665271759033203,0.009802579879760742,0.0015687942504882812
5440,0.012666940689086914,0.012809991836547852,0.0013959407806396484
5441,0.010248661041259766,0.00873112678527832,0.0014121532440185547
5442,0.007297992706298828,0.009543895721435547,0.001489400863647461
5443,0.010711431503295898,0.00896453857421875,0.001840353012084961
5444,0.012964010238647461,0.011333227157592773,0.0016779899597167969
5445,0.009742021560668945,0.011007308959960938,0.0016674995422363281
5446,0.013314485549926758,0.009789466857910156,0.0015964508056640625
5447,0.009026288986206055,0.008825540542602539,0.001584768295288086
5448,0.011183977127075195,0.008269309997558594,0.0015685558319091797
5449,0.010084867477416992,0.008006811141967773,0.0014469623565673828
5450,0.007759809494018555,0.00665283203125,0.0015325546264648438
5451,0.009369850158691406,0.006023883819580078,0.0015399456024169922
5452,0.009738683700561523,0.00948023796081543,0.0014710426330566406
5453,0.017303466796875,0.013745546340942383,0.0015375614166259766
5454,0.011444330215454102,0.010277748107910156,0.001577615737915039
5455,0.01320195198059082,0.010067939758300781,0.0015778541564941406
5456,0.012096643447875977,0.010403156280517578,0.0015265941619873047
5457,0.013663768768310547,0.014650106430053711,0.0015752315521240234
5458,0.014293670654296875,0.017728328704833984,0.0015425682067871094
5459,0.014686346054077148,0.013580560684204102,0.001483917236328125
5460,0.016785144805908203,0.014044046401977539,0.0017757415771484375
5461,0.011567354202270508,0.010435104370117188,0.0014903545379638672
5462,0.014616012573242188,0.010835886001586914,0.0015842914581298828
5463,0.014823436737060547,0.013791322708129883,0.0014503002166748047
5464,0.016906261444091797,0.012613773345947266,0.0014867782592773438
5465,0.015736818313598633,0.010825157165527344,0.0014302730560302734
5466,0.01587653160095215,0.013114213943481445,0.001470804214477539
5467,0.015012979507446289,0.012173175811767578,0.0014591217041015625
5468,0.013645172119140625,0.013647079467773438,0.0015158653259277344
5469,0.013210058212280273,0.01345968246459961,0.0014615058898925781
5470,0.010820865631103516,0.008195638656616211,0.0014414787292480469
5471,0.009224653244018555,0.010737895965576172,0.0014743804931640625
5472,0.010135412216186523,0.008229494094848633,0.0014681816101074219
5473,0.011902332305908203,0.00813150405883789,0.0015099048614501953
5474,0.008715391159057617,0.007567644119262695,0.0013952255249023438
5475,0.01198267936706543,0.01023411750793457,0.0014345645904541016
5476,0.012205362319946289,0.011000633239746094,0.0017714500427246094
5477,0.01097416877746582,0.012517213821411133,0.0014443397521972656
5478,0.012347698211669922,0.009873151779174805,0.0015156269073486328
5479,0.014313697814941406,0.012486457824707031,0.0014452934265136719
5480,0.01331782341003418,0.01195383071899414,0.0014929771423339844
5481,0.013085365295410156,0.010923147201538086,0.0014324188232421875
5482,0.012371063232421875,0.009605169296264648,0.001348733901977539
5483,0.012190103530883789,0.013332843780517578,0.0013661384582519531
5484,0.010859966278076172,0.00727534294128418,0.001600027084350586
5485,0.010277986526489258,0.011815071105957031,0.0014417171478271484
5486,0.013141870498657227,0.013108015060424805,0.0015728473663330078
5487,0.011990547180175781,0.01348257064819336,0.0014510154724121094
5488,0.01412343978881836,0.01080942153930664,0.0016036033630371094
5489,0.016241073608398438,0.011828184127807617,0.00151824951171875
5490,0.013117790222167969,0.008658170700073242,0.0013535022735595703
5491,0.010570764541625977,0.008839130401611328,0.0014712810516357422
5492,0.016663312911987305,0.012860536575317383,0.0017409324645996094
5493,0.013079166412353516,0.009184122085571289,0.0014526844024658203
5494,0.013641119003295898,0.011412858963012695,0.0015256404876708984
5495,0.008688688278198242,0.008934974670410156,0.0014431476593017578
5496,0.015056133270263672,0.011919260025024414,0.0015401840209960938
5497,0.010071039199829102,0.007682323455810547,0.0015347003936767578
5498,0.012731552124023438,0.009319782257080078,0.0014731884002685547
5499,0.007961750030517578,0.006396293640136719,0.001497030258178711
5500,0.013472795486450195,0.012798309326171875,0.0014789104461669922
5501,0.014210700988769531,0.015863656997680664,0.0014111995697021484
5502,0.011917829513549805,0.012112617492675781,0.0014476776123046875
5503,0.00907135009765625,0.007312774658203125,0.0014069080352783203
5504,0.010918140411376953,0.009896516799926758,0.0014712810516357422
5505,0.014594554901123047,0.013591766357421875,0.0014603137969970703
5506,0.01516866683959961,0.014193534851074219,0.0015239715576171875
5507,0.009146690368652344,0.006862640380859375,0.0014879703521728516
5508,0.014981985092163086,0.015124320983886719,0.0018379688262939453
5509,0.01335597038269043,0.015755176544189453,0.0014574527740478516
5510,0.01248621940612793,0.012799501419067383,0.0016026496887207031
5511,0.014169692993164062,0.011964559555053711,0.001434326171875
5512,0.014451026916503906,0.012177228927612305,0.0014004707336425781
5513,0.013738870620727539,0.014186620712280273,0.0014562606811523438
5514,0.009909391403198242,0.006445884704589844,0.00144195556640625
5515,0.011698722839355469,0.011360883712768555,0.0014553070068359375
5516,0.009120464324951172,0.00702214241027832,0.0014350414276123047
5517,0.007402181625366211,0.00947427749633789,0.00151824951171875
5518,0.00811147689819336,0.007138967514038086,0.0014986991882324219
5519,0.011586666107177734,0.009467840194702148,0.0014181137084960938
5520,0.01266169548034668,0.012004852294921875,0.0014469623565673828
5521,0.0175778865814209,0.01288604736328125,0.00142669677734375
5522,0.0152587890625,0.012948989868164062,0.0014095306396484375
5523,0.01274561882019043,0.010895967483520508,0.0014886856079101562
5524,0.010513544082641602,0.013190984725952148,0.0017001628875732422
5525,0.015398740768432617,0.010767221450805664,0.0015459060668945312
5526,0.01079559326171875,0.007992982864379883,0.0014429092407226562
5527,0.011977195739746094,0.01150655746459961,0.0015835762023925781
5528,0.009247779846191406,0.008685111999511719,0.0014548301696777344
5529,0.011707067489624023,0.025914430618286133,0.0014243125915527344
5530,0.010894060134887695,0.009641408920288086,0.001453399658203125
5531,0.010426044464111328,0.007868289947509766,0.001558065414428711
5532,0.013092994689941406,0.012427091598510742,0.0014483928680419922
5533,0.012693166732788086,0.011055469512939453,0.0014972686767578125
5534,0.01015782356262207,0.008250951766967773,0.0014688968658447266
5535,0.007600307464599609,0.007104158401489258,0.0014870166778564453
5536,0.01317143440246582,0.011891603469848633,0.0014495849609375
5537,0.01648426055908203,0.01283574104309082,0.0015330314636230469
5538,0.012502431869506836,0.00960850715637207,0.0014247894287109375
5539,0.00994110107421875,0.007883787155151367,0.001550912857055664
5540,0.005281925201416016,0.006078004837036133,0.0017464160919189453
5541,0.013505697250366211,0.013486862182617188,0.0014376640319824219
5542,0.01690530776977539,0.012247562408447266,0.0014529228210449219
5543,0.012592792510986328,0.013127326965332031,0.0014960765838623047
5544,0.0103302001953125,0.010310888290405273,0.0013766288757324219
5545,0.014101266860961914,0.013422012329101562,0.0014431476593017578
5546,0.014374971389770508,0.010912895202636719,0.0014014244079589844
5547,0.013234615325927734,0.01128077507019043,0.0014219284057617188
5548,0.0103759765625,0.0072863101959228516,0.0014293193817138672
5549,0.01575016975402832,0.01259922981262207,0.0013794898986816406
5550,0.014698028564453125,0.012170553207397461,0.0013928413391113281
5551,0.009111642837524414,0.009268045425415039,0.0014400482177734375
5552,0.014645099639892578,0.013405323028564453,0.001444101333618164
5553,0.010870695114135742,0.009114980697631836,0.0015716552734375
5554,0.013042926788330078,0.013595819473266602,0.001482248306274414
5555,0.01247262954711914,0.011694192886352539,0.0015761852264404297
5556,0.017506837844848633,0.017290830612182617,0.0017399787902832031
5557,0.011823177337646484,0.01023411750793457,0.0014564990997314453
5558,0.010210037231445312,0.007574319839477539,0.0014901161193847656
5559,0.014072179794311523,0.01036381721496582,0.0014760494232177734
5560,0.013771533966064453,0.012054204940795898,0.0014681816101074219
5561,0.012753725051879883,0.010155439376831055,0.00142669677734375
5562,0.010072469711303711,0.009269475936889648,0.001470804214477539
5563,0.008803129196166992,0.0068628787994384766,0.0014531612396240234
5564,0.012570619583129883,0.014960527420043945,0.0014681816101074219
5565,0.01187753677368164,0.008541107177734375,0.0014739036560058594
5566,0.012839078903198242,0.011931896209716797,0.0013685226440429688
5567,0.013377904891967773,0.01253199577331543,0.0015873908996582031
5568,0.014070510864257812,0.01106572151184082,0.0014188289642333984
5569,0.013982772827148438,0.010668039321899414,0.0014300346374511719
5570,0.01445913314819336,0.013267040252685547,0.0015017986297607422
5571,0.013566732406616211,0.011191844940185547,0.0014622211456298828
5572,0.014587879180908203,0.010339021682739258,0.0017714500427246094
5573,0.00889444351196289,0.007942676544189453,0.0015003681182861328
5574,0.013317584991455078,0.010602474212646484,0.0014667510986328125
5575,0.008701801300048828,0.008090496063232422,0.0014467239379882812
5576,0.014251708984375,0.01210641860961914,0.0014586448669433594
5577,0.011321544647216797,0.013143539428710938,0.001439809799194336
5578,0.016856670379638672,0.015003681182861328,0.0014002323150634766
5579,0.015509366989135742,0.011720895767211914,0.0014350414276123047
5580,0.014116764068603516,0.013386964797973633,0.0015017986297607422
5581,0.013028144836425781,0.014330625534057617,0.001447439193725586
5582,0.015383005142211914,0.012402772903442383,0.0014972686767578125
5583,0.013952255249023438,0.016860485076904297,0.0014500617980957031
5584,0.012420654296875,0.011084794998168945,0.0015077590942382812
5585,0.009891748428344727,0.00854945182800293,0.001489877700805664
5586,0.009783506393432617,0.009831428527832031,0.0014181137084960938
5587,0.013071775436401367,0.008903264999389648,0.0014843940734863281
5588,0.010869026184082031,0.010251760482788086,0.001718282699584961
5589,0.011434078216552734,0.009555339813232422,0.0015006065368652344
5590,0.012530803680419922,0.010309219360351562,0.0015566349029541016
5591,0.009454965591430664,0.01171422004699707,0.0014972686767578125
5592,0.01351785659790039,0.009021520614624023,0.001583099365234375
5593,0.009402751922607422,0.006701946258544922,0.0014810562133789062
5594,0.013801336288452148,0.012613058090209961,0.0014126300811767578
5595,0.01018381118774414,0.00879526138305664,0.0014472007751464844
5596,0.010235071182250977,0.010977745056152344,0.0014231204986572266
5597,0.011981964111328125,0.00895833969116211,0.0014140605926513672
5598,0.0072557926177978516,0.007962226867675781,0.0014224052429199219
5599,0.010701656341552734,0.008208513259887695,0.0014417171478271484
5600,0.014253377914428711,0.013083696365356445,0.0014405250549316406
5601,0.011898994445800781,0.009877443313598633,0.0015833377838134766
5602,0.014214515686035156,0.012900590896606445,0.0014531612396240234
5603,0.01435232162475586,0.01151275634765625,0.00157928466796875
5604,0.01003265380859375,0.011095523834228516,0.001737356185913086
5605,0.014163732528686523,0.009708881378173828,0.0014727115631103516
5606,0.0066034793853759766,0.0074961185455322266,0.0016217231750488281
5607,0.010143756866455078,0.0063495635986328125,0.0015947818756103516
5608,0.008621931076049805,0.008659601211547852,0.0016455650329589844
5609,0.007658958435058594,0.007936477661132812,0.0014410018920898438
5610,0.012515783309936523,0.010987043380737305,0.001436471939086914
5611,0.012964010238647461,0.012404203414916992,0.0014226436614990234
5612,0.007381439208984375,0.008054018020629883,0.0014557838439941406
5613,0.011868476867675781,0.009126663208007812,0.0015130043029785156
5614,0.013154745101928711,0.011216402053833008,0.0014488697052001953
5615,0.010187625885009766,0.008661508560180664,0.001581430435180664
5616,0.015009880065917969,0.013674497604370117,0.0016613006591796875
5617,0.011193990707397461,0.011523008346557617,0.0015408992767333984
5618,0.008305549621582031,0.009119033813476562,0.0015709400177001953
5619,0.011576652526855469,0.011677742004394531,0.0014176368713378906
5620,0.010632753372192383,0.007223606109619141,0.0017616748809814453
5621,0.014658212661743164,0.011458873748779297,0.001436471939086914
5622,0.016269922256469727,0.014384269714355469,0.0014612674713134766
5623,0.014263629913330078,0.00999140739440918,0.0014307498931884766
5624,0.012974977493286133,0.01177525520324707,0.001478433609008789
5625,0.016962766647338867,0.012209415435791016,0.0014612674713134766
5626,0.012498140335083008,0.007167816162109375,0.0014832019805908203
5627,0.010366678237915039,0.009183168411254883,0.0014045238494873047
5628,0.01009988784790039,0.011255502700805664,0.0014753341674804688
5629,0.011446475982666016,0.01083230972290039,0.0014524459838867188
5630,0.013183116912841797,0.011317968368530273,0.0014505386352539062
5631,0.011857032775878906,0.009048700332641602,0.0014951229095458984
5632,0.007734537124633789,0.006692171096801758,0.0014488697052001953
5633,0.011566877365112305,0.012251615524291992,0.001485586166381836
5634,0.0111846923828125,0.007574796676635742,0.0014371871948242188
5635,0.012532711029052734,0.010747194290161133,0.0014460086822509766
5636,0.00759577751159668,0.006342411041259766,0.0017275810241699219
5637,0.012972116470336914,0.010217666625976562,0.0014262199401855469
5638,0.00867152214050293,0.00859212875366211,0.0014510154724121094
5639,0.010458946228027344,0.013634204864501953,0.0014333724975585938
5640,0.012701749801635742,0.013024091720581055,0.0014748573303222656
5641,0.012191534042358398,0.015056848526000977,0.0015895366668701172
5642,0.011359930038452148,0.008322477340698242,0.0016133785247802734
5643,0.01331472396850586,0.011776208877563477,0.0014495849609375
5644,0.011745691299438477,0.010109663009643555,0.001584768295288086
5645,0.013752937316894531,0.010162115097045898,0.0014564990997314453
5646,0.01760387420654297,0.015778779983520508,0.0014655590057373047
5647,0.01610422134399414,0.012221097946166992,0.0014655590057373047
5648,0.014989614486694336,0.010315179824829102,0.0014345645904541016
5649,0.008512735366821289,0.006148815155029297,0.0014386177062988281
5650,0.009125947952270508,0.009715557098388672,0.0014095306396484375
5651,0.015405654907226562,0.013490676879882812,0.0014410018920898438
5652,0.009361028671264648,0.00825047492980957,0.0017147064208984375
5653,0.010204792022705078,0.008883237838745117,0.001466512680053711
5654,0.012444496154785156,0.010740518569946289,0.0014634132385253906
5655,0.007697343826293945,0.007613182067871094,0.0016865730285644531
5656,0.010868072509765625,0.013212919235229492,0.001466989517211914
5657,0.013140201568603516,0.01504659652709961,0.0015783309936523438
5658,0.016928911209106445,0.013205528259277344,0.0014488697052001953
5659,0.013527870178222656,0.011626482009887695,0.0014293193817138672
5660,0.007744312286376953,0.011196613311767578,0.0014655590057373047
5661,0.009093761444091797,0.009317636489868164,0.0014338493347167969
5662,0.016492128372192383,0.013758659362792969,0.0014803409576416016
5663,0.014488458633422852,0.013556241989135742,0.0014581680297851562
5664,0.015843868255615234,0.012186765670776367,0.0014383792877197266
5665,0.010608196258544922,0.011227130889892578,0.001491546630859375
5666,0.013822078704833984,0.012351036071777344,0.0014472007751464844
5667,0.012736797332763672,0.01001739501953125,0.00147247314453125
5668,0.013540983200073242,0.013640642166137695,0.0016734600067138672
5669,0.010038137435913086,0.007062435150146484,0.0014700889587402344
5670,0.013952255249023438,0.011324167251586914,0.0014591217041015625
5671,0.0156402587890625,0.014342308044433594,0.0014166831970214844
5672,0.012185811996459961,0.010747909545898438,0.002145051956176758
5673,0.015235662460327148,0.013031005859375,0.0027990341186523438
5674,0.010952472686767578,0.008214473724365234,0.002356290817260742
5675,0.012464284896850586,0.009331703186035156,0.0017290115356445312
5676,0.010840892791748047,0.010427474975585938,0.0017480850219726562
5677,0.013728857040405273,0.012425422668457031,0.001644134521484375
5678,0.016956567764282227,0.016025543212890625,0.0015671253204345703
5679,0.011609554290771484,0.01063084602355957,0.0016021728515625
5680,0.016302824020385742,0.012000322341918945,0.0015332698822021484
5681,0.015683889389038086,0.01161813735961914,0.0014972686767578125
5682,0.008116006851196289,0.007851600646972656,0.0014603137969970703
5683,0.008576154708862305,0.0064694881439208984,0.0014190673828125
5684,0.011755228042602539,0.012441396713256836,0.0017824172973632812
5685,0.012470245361328125,0.012459516525268555,0.0014767646789550781
5686,0.012623071670532227,0.010015726089477539,0.0014159679412841797
5687,0.01230764389038086,0.009217262268066406,0.0014390945434570312
5688,0.008890628814697266,0.007796049118041992,0.001461029052734375
5689,0.0134124755859375,0.011739969253540039,0.0014660358428955078
5690,0.013643503189086914,0.011626720428466797,0.0014233589172363281
5691,0.009579658508300781,0.008213996887207031,0.001453399658203125
5692,0.011895418167114258,0.00997614860534668,0.001470804214477539
5693,0.011964797973632812,0.009399890899658203,0.0014171600341796875
5694,0.01367950439453125,0.01146841049194336,0.0014176368713378906
5695,0.011374950408935547,0.009883880615234375,0.001482248306274414
5696,0.011779069900512695,0.016841650009155273,0.0014495849609375
5697,0.00965571403503418,0.0070154666900634766,0.0015101432800292969
5698,0.011991024017333984,0.008178234100341797,0.0014944076538085938
5699,0.007708311080932617,0.006508827209472656,0.0015416145324707031
5700,0.009921550750732422,0.008881330490112305,0.0017702579498291016
5701,0.012762308120727539,0.010006904602050781,0.001556396484375
5702,0.009574174880981445,0.013845443725585938,0.0014557838439941406
5703,0.012273073196411133,0.009641647338867188,0.0013709068298339844
5704,0.00804591178894043,0.011939525604248047,0.0014371871948242188
5705,0.013073444366455078,0.011366844177246094,0.0013859272003173828
5706,0.014210700988769531,0.01686692237854004,0.0015902519226074219
5707,0.016394615173339844,0.014109611511230469,0.001394033432006836
5708,0.015254020690917969,0.016338348388671875,0.0017504692077636719
5709,0.013779640197753906,0.012703418731689453,0.0016057491302490234
5710,0.014824151992797852,0.013731002807617188,0.0016138553619384766
5711,0.013454914093017578,0.013457775115966797,0.0015082359313964844
5712,0.013840913772583008,0.011486530303955078,0.0014579296112060547
5713,0.01203608512878418,0.010301828384399414,0.001425027847290039
5714,0.014222145080566406,0.014571905136108398,0.0014514923095703125
5715,0.011278867721557617,0.008735895156860352,0.0014700889587402344
5716,0.015752553939819336,0.012925148010253906,0.0017189979553222656
5717,0.011603116989135742,0.009569406509399414,0.0016341209411621094
5718,0.015370845794677734,0.014551639556884766,0.0014557838439941406
5719,0.015740633010864258,0.012817144393920898,0.0015454292297363281
5720,0.015236377716064453,0.011009454727172852,0.0014553070068359375
5721,0.012092351913452148,0.013428926467895508,0.0014696121215820312
5722,0.015199661254882812,0.012742996215820312,0.0014147758483886719
5723,0.014958620071411133,0.01072072982788086,0.0014483928680419922
5724,0.010200977325439453,0.007834911346435547,0.0014383792877197266
5725,0.010193109512329102,0.009722471237182617,0.0014982223510742188
5726,0.012581348419189453,0.010396957397460938,0.0014615058898925781
5727,0.011035680770874023,0.008153438568115234,0.0015206336975097656
5728,0.013756990432739258,0.010141849517822266,0.0014138221740722656
5729,0.009658336639404297,0.006953001022338867,0.0014891624450683594
5730,0.013008594512939453,0.011259317398071289,0.0014324188232421875
5731,0.014014720916748047,0.01318216323852539,0.001416921615600586
5732,0.014213323593139648,0.010218381881713867,0.001687765121459961
5733,0.010870933532714844,0.009442329406738281,0.0015690326690673828
5734,0.01355600357055664,0.010185480117797852,0.001529693603515625
5735,0.009776592254638672,0.00928950309753418,0.0015223026275634766
5736,0.016606569290161133,0.013001680374145508,0.0014677047729492188
5737,0.01758551597595215,0.014534473419189453,0.0014345645904541016
5738,0.015392303466796875,0.010859966278076172,0.0014536380767822266
5739,0.01089334487915039,0.009364604949951172,0.0014150142669677734
5740,0.00574183464050293,0.008791208267211914,0.0014681816101074219
5741,0.011421918869018555,0.008695125579833984,0.0014493465423583984
5742,0.006844520568847656,0.007839679718017578,0.001374959945678711
5743,0.013004779815673828,0.010874509811401367,0.0014522075653076172
5744,0.011751413345336914,0.010138750076293945,0.0014390945434570312
5745,0.008023977279663086,0.0071392059326171875,0.0014824867248535156
5746,0.012021064758300781,0.011224031448364258,0.0014142990112304688
5747,0.011514902114868164,0.008471012115478516,0.0014772415161132812
5748,0.013279199600219727,0.009909868240356445,0.0016396045684814453
5749,0.008541345596313477,0.008662700653076172,0.0014064311981201172
5750,0.0123443603515625,0.013221502304077148,0.0015099048614501953
5751,0.008715152740478516,0.008526802062988281,0.0014774799346923828
5752,0.01285862922668457,0.01287984848022461,0.0015423297882080078
5753,0.014033317565917969,0.010500907897949219,0.0014617443084716797
5754,0.013308048248291016,0.00929713249206543,0.001562356948852539
5755,0.015791893005371094,0.012851715087890625,0.0014946460723876953
5756,0.012499332427978516,0.010828971862792969,0.0014753341674804688
5757,0.017499208450317383,0.015769481658935547,0.0014138221740722656
5758,0.014890193939208984,0.012687921524047852,0.0014557838439941406
5759,0.02031874656677246,0.014887332916259766,0.0014090538024902344
5760,0.010324954986572266,0.01063394546508789,0.0014154911041259766
5761,0.016607284545898438,0.014341354370117188,0.0013928413391113281
5762,0.011647224426269531,0.008527994155883789,0.0014944076538085938
5763,0.011957406997680664,0.010950565338134766,0.0014407634735107422
5764,0.01215672492980957,0.010733842849731445,0.001750946044921875
5765,0.015805721282958984,0.01241922378540039,0.00148773193359375
5766,0.011738300323486328,0.008433341979980469,0.0014255046844482422
5767,0.010277032852172852,0.011247396469116211,0.0014960765838623047
5768,0.015667438507080078,0.014017820358276367,0.001455068588256836
5769,0.01425623893737793,0.014645814895629883,0.0014393329620361328
5770,0.015572309494018555,0.012029409408569336,0.001482248306274414
5771,0.011800765991210938,0.009342670440673828,0.0014145374298095703
5772,0.015028715133666992,0.012083768844604492,0.0014431476593017578
5773,0.011561870574951172,0.009747028350830078,0.0014615058898925781
5774,0.009546995162963867,0.010814189910888672,0.001565694808959961
5775,0.010923624038696289,0.010126113891601562,0.001424551010131836
5776,0.011548757553100586,0.010626792907714844,0.0031659603118896484
5777,0.011020183563232422,0.008746862411499023,0.0014619827270507812
5778,0.008431196212768555,0.009550094604492188,0.0015215873718261719
5779,0.011261224746704102,0.009654760360717773,0.0015320777893066406
5780,0.00776982307434082,0.010252714157104492,0.0018868446350097656
5781,0.013664722442626953,0.012176275253295898,0.0016243457794189453
5782,0.010829448699951172,0.008036136627197266,0.0017075538635253906
5783,0.015183687210083008,0.012803792953491211,0.001567840576171875
5784,0.011591196060180664,0.012839794158935547,0.0017077922821044922
5785,0.010825395584106445,0.009284496307373047,0.0015873908996582031
5786,0.010313272476196289,0.007278919219970703,0.0014116764068603516
5787,0.010311603546142578,0.011366605758666992,0.0014705657958984375
5788,0.009824514389038086,0.008229732513427734,0.0014178752899169922
5789,0.011099576950073242,0.008887767791748047,0.0014660358428955078
5790,0.015347480773925781,0.014639616012573242,0.001470327377319336
5791,0.016340017318725586,0.016289472579956055,0.0014345645904541016
5792,0.012475728988647461,0.012788534164428711,0.0014078617095947266
5793,0.01252889633178711,0.012776374816894531,0.0013926029205322266
5794,0.01400446891784668,0.013591766357421875,0.0014126300811767578
5795,0.013911008834838867,0.011040449142456055,0.001416921615600586
5796,0.01722121238708496,0.01528167724609375,0.0017135143280029297
5797,0.01088261604309082,0.009312868118286133,0.0014705657958984375
5798,0.009353160858154297,0.011301994323730469,0.0014183521270751953
5799,0.013348102569580078,0.012430667877197266,0.0013911724090576172
5800,0.010056495666503906,0.007745981216430664,0.0015876293182373047
5801,0.009063720703125,0.01015472412109375,0.0014412403106689453
5802,0.01576972007751465,0.012396574020385742,0.0015263557434082031
5803,0.010153055191040039,0.00940084457397461,0.0014166831970214844
5804,0.012377262115478516,0.011426448822021484,0.0015304088592529297
5805,0.014728069305419922,0.011957406997680664,0.0014514923095703125
5806,0.01115274429321289,0.010515213012695312,0.0014553070068359375
5807,0.012744426727294922,0.013155221939086914,0.0014526844024658203
5808,0.012461185455322266,0.015493154525756836,0.0014111995697021484
5809,0.010167837142944336,0.012102603912353516,0.0013756752014160156
5810,0.009720325469970703,0.008679389953613281,0.0014429092407226562
5811,0.014980554580688477,0.012351274490356445,0.0014150142669677734
5812,0.012740850448608398,0.011204719543457031,0.0016846656799316406
5813,0.009729385375976562,0.010776042938232422,0.0014743804931640625
5814,0.009388208389282227,0.008977174758911133,0.0015304088592529297
5815,0.009189605712890625,0.0070765018463134766,0.0014395713806152344
5816,0.014248371124267578,0.01242208480834961,0.0014677047729492188
5817,0.01168966293334961,0.009711265563964844,0.0015194416046142578
5818,0.014032602310180664,0.011688470840454102,0.0014748573303222656
5819,0.010689735412597656,0.008635520935058594,0.0015120506286621094
5820,0.012384891510009766,0.009689807891845703,0.0015037059783935547
5821,0.010434627532958984,0.012126445770263672,0.0015263557434082031
5822,0.016241073608398438,0.013876199722290039,0.0014340877532958984
5823,0.009253501892089844,0.007787466049194336,0.0014257431030273438
5824,0.010656118392944336,0.009430646896362305,0.001463174819946289
5825,0.008913755416870117,0.009528875350952148,0.0015544891357421875
5826,0.008200407028198242,0.008814334869384766,0.001379251480102539
5827,0.010641813278198242,0.008885622024536133,0.0014672279357910156
5828,0.011551380157470703,0.008960723876953125,0.001684427261352539
5829,0.010421276092529297,0.012095928192138672,0.0015130043029785156
5830,0.016823291778564453,0.015023469924926758,0.001402139663696289
5831,0.012648820877075195,0.010349273681640625,0.001550912857055664
5832,0.01278996467590332,0.011784076690673828,0.0014646053314208984
5833,0.013957738876342773,0.013030767440795898,0.0014774799346923828
5834,0.015320301055908203,0.013456344604492188,0.0014281272888183594
5835,0.011535167694091797,0.012227058410644531,0.0014646053314208984
5836,0.013967275619506836,0.01215672492980957,0.001497030258178711
5837,0.012372255325317383,0.01009678840637207,0.0014262199401855469
5838,0.011086225509643555,0.010571956634521484,0.0014216899871826172
5839,0.00862884521484375,0.008044004440307617,0.0015804767608642578
5840,0.01233220100402832,0.010962724685668945,0.0013668537139892578
5841,0.014074087142944336,0.011712789535522461,0.0013988018035888672
5842,0.01248621940612793,0.015842437744140625,0.001409769058227539
5843,0.00991201400756836,0.0086669921875,0.001462697982788086
5844,0.007524967193603516,0.008999109268188477,0.0016701221466064453
5845,0.010682344436645508,0.009759664535522461,0.0014951229095458984
5846,0.012294769287109375,0.010831832885742188,0.0014493465423583984
5847,0.012614011764526367,0.010359048843383789,0.0014808177947998047
5848,0.017543315887451172,0.014494895935058594,0.0014362335205078125
5849,0.012678146362304688,0.010690450668334961,0.001462697982788086
5850,0.012069225311279297,0.008487939834594727,0.001730203628540039
5851,0.012293100357055664,0.010954618453979492,0.0014066696166992188
5852,0.013619184494018555,0.01121377944946289,0.0016145706176757812
5853,0.010009288787841797,0.00789642333984375,0.0014216899871826172
5854,0.008446931838989258,0.00985097885131836,0.0014495849609375
5855,0.007214784622192383,0.0055048465728759766,0.0014383792877197266
5856,0.008924722671508789,0.012349128723144531,0.0014340877532958984
5857,0.011825323104858398,0.010645627975463867,0.0014853477478027344
5858,0.01302194595336914,0.012050867080688477,0.0014464855194091797
5859,0.011453866958618164,0.01150059700012207,0.0014486312866210938
5860,0.010218620300292969,0.011307477951049805,0.00171661376953125
5861,0.00939178466796875,0.00858759880065918,0.001439809799194336
5862,0.011338949203491211,0.008354902267456055,0.0013985633850097656
5863,0.014060020446777344,0.011206865310668945,0.0135650634765625
5864,0.015627622604370117,0.011352300643920898,0.0035681724548339844
5865,0.013657331466674805,0.012156009674072266,0.0035338401794433594
5866,0.01557469367980957,0.013312816619873047,0.003903627395629883
5867,0.009942293167114258,0.009405851364135742,0.0027539730072021484
5868,0.01202702522277832,0.013355255126953125,0.002539396286010742
5869,0.011515140533447266,0.010533332824707031,0.001984119415283203
5870,0.015146732330322266,0.010793447494506836,0.0014796257019042969
5871,0.015595197677612305,0.01342916488647461,0.0016117095947265625
5872,0.01499032974243164,0.010141134262084961,0.0014164447784423828
5873,0.010842323303222656,0.011175155639648438,0.0015707015991210938
5874,0.011622428894042969,0.01287841796875,0.0014529228210449219
5875,0.01663351058959961,0.013438224792480469,0.0015971660614013672
5876,0.015809059143066406,0.013776779174804688,0.0017423629760742188
5877,0.013386249542236328,0.010633468627929688,0.0014276504516601562
5878,0.009592771530151367,0.009074926376342773,0.0014722347259521484
5879,0.00881052017211914,0.009207963943481445,0.0015285015106201172
5880,0.012482881546020508,0.010525941848754883,0.0014927387237548828
5881,0.011118888854980469,0.009755134582519531,0.0015277862548828125
5882,0.008991479873657227,0.008561134338378906,0.0014276504516601562
5883,0.012407779693603516,0.011502981185913086,0.0015153884887695312
5884,0.011211156845092773,0.012750625610351562,0.0013537406921386719
5885,0.014473199844360352,0.01358938217163086,0.0014348030090332031
5886,0.013505220413208008,0.011771202087402344,0.0014641284942626953
5887,0.013307809829711914,0.00950169563293457,0.0012960433959960938
5888,0.015337705612182617,0.012817621231079102,0.0013914108276367188
5889,0.017121315002441406,0.013009786605834961,0.0016109943389892578
5890,0.010993719100952148,0.010702848434448242,0.001440286636352539
5891,0.008730649948120117,0.007013797760009766,0.00162506103515625
5892,0.012978792190551758,0.01086115837097168,0.0017535686492919922
5893,0.008666515350341797,0.009021997451782227,0.0015854835510253906
5894,0.014241456985473633,0.013451099395751953,0.0015177726745605469
5895,0.012853384017944336,0.013494253158569336,0.0013761520385742188
5896,0.014221668243408203,0.012145519256591797,0.0014905929565429688
5897,0.012315511703491211,0.011340618133544922,0.0014834403991699219
5898,0.01526498794555664,0.012089252471923828,0.0015802383422851562
5899,0.012556076049804688,0.013700485229492188,0.0014581680297851562
5900,0.010172128677368164,0.008354663848876953,0.0015132427215576172
5901,0.013536453247070312,0.00965571403503418,0.0014574527740478516
5902,0.014101266860961914,0.010675430297851562,0.0014216899871826172
5903,0.010953903198242188,0.009281635284423828,0.0014896392822265625
5904,0.013812541961669922,0.015520334243774414,0.0014767646789550781
5905,0.0069463253021240234,0.011736869812011719,0.001535177230834961
5906,0.015418767929077148,0.011651754379272461,0.0014743804931640625
5907,0.011404275894165039,0.007178544998168945,0.0014233589172363281
5908,0.014035940170288086,0.009992122650146484,0.001703023910522461
5909,0.015441179275512695,0.013727426528930664,0.0014536380767822266
5910,0.01964282989501953,0.018019676208496094,0.001556396484375
5911,0.014381885528564453,0.010558843612670898,0.0014235973358154297
5912,0.0069391727447509766,0.00723719596862793,0.001552581787109375
5913,0.014041662216186523,0.011927366256713867,0.0014700889587402344
5914,0.01501774787902832,0.010679244995117188,0.0014204978942871094
5915,0.012469053268432617,0.012108802795410156,0.0014176368713378906
5916,0.012418031692504883,0.008761882781982422,0.0014705657958984375
5917,0.012196540832519531,0.00989079475402832,0.0014638900756835938
5918,0.012351036071777344,0.00907588005065918,0.0014872550964355469
5919,0.008085250854492188,0.008806705474853516,0.0014810562133789062
5920,0.010266542434692383,0.007697582244873047,0.0015339851379394531
5921,0.010943412780761719,0.012137413024902344,0.0014922618865966797
5922,0.010760307312011719,0.010937690734863281,0.0016334056854248047
5923,0.013013601303100586,0.007340431213378906,0.0016429424285888672
5924,0.011015892028808594,0.008329629898071289,0.0019450187683105469
5925,0.008814096450805664,0.010185480117797852,0.0014638900756835938
5926,0.012813568115234375,0.015316486358642578,0.0016028881072998047
5927,0.013961076736450195,0.012911796569824219,0.0016596317291259766
5928,0.018938541412353516,0.012404918670654297,0.00167083740234375
5929,0.013058185577392578,0.013394594192504883,0.0015521049499511719
5930,0.01734018325805664,0.014589786529541016,0.001556396484375
5931,0.01542973518371582,0.012391090393066406,0.0015413761138916016
5932,0.009920835494995117,0.007463932037353516,0.0015861988067626953
5933,0.016465187072753906,0.014024734497070312,0.0019237995147705078
5934,0.013315677642822266,0.010834932327270508,0.0015721321105957031
5935,0.009620428085327148,0.009361505508422852,0.001676321029663086
5936,0.005869865417480469,0.005768775939941406,0.0014629364013671875
5937,0.010904312133789062,0.008726358413696289,0.0014646053314208984
5938,0.012911796569824219,0.009211540222167969,0.0015137195587158203
5939,0.015110492706298828,0.0118560791015625,0.0016286373138427734
5940,0.014988422393798828,0.011760950088500977,0.001706838607788086
5941,0.01298379898071289,0.011473417282104492,0.0015892982482910156
5942,0.00812387466430664,0.007216453552246094,0.0014376640319824219
5943,0.011131048202514648,0.011999845504760742,0.0014619827270507812
5944,0.01337575912475586,0.009868860244750977,0.0015609264373779297
5945,0.016455650329589844,0.012511491775512695,0.0014328956604003906
5946,0.011291265487670898,0.00874638557434082,0.0015902519226074219
5947,0.009582996368408203,0.006981611251831055,0.0014395713806152344
5948,0.009541988372802734,0.010124921798706055,0.0015654563903808594
5949,0.013696670532226562,0.009941577911376953,0.0014989376068115234
5950,0.013277769088745117,0.013164043426513672,0.0015141963958740234
5951,0.013918638229370117,0.011817216873168945,0.0015156269073486328
5952,0.013139009475708008,0.01178884506225586,0.0013878345489501953
5953,0.015921354293823242,0.013020753860473633,0.0014312267303466797
5954,0.015695810317993164,0.013928413391113281,0.00144195556640625
5955,0.011859893798828125,0.010873079299926758,0.0014033317565917969
5956,0.010269880294799805,0.009820699691772461,0.0016918182373046875
5957,0.01090550422668457,0.012112855911254883,0.0015811920166015625
5958,0.015454530715942383,0.012380838394165039,0.001631021499633789
5959,0.01473236083984375,0.012211322784423828,0.0015304088592529297
5960,0.014209270477294922,0.012273073196411133,0.0015926361083984375
5961,0.011922359466552734,0.012710809707641602,0.001394033432006836
5962,0.01442265510559082,0.010017156600952148,0.0014514923095703125
5963,0.010158300399780273,0.010447978973388672,0.0014443397521972656
5964,0.01701974868774414,0.013883113861083984,0.001451730728149414
5965,0.012538433074951172,0.016454458236694336,0.001458883285522461
5966,0.013198614120483398,0.011844635009765625,0.0014674663543701172
5967,0.016333341598510742,0.015722274780273438,0.0014281272888183594
5968,0.011384010314941406,0.009625434875488281,0.0016241073608398438
5969,0.009582996368408203,0.0072400569915771484,0.0014224052429199219
5970,0.012681007385253906,0.011882781982421875,0.0015616416931152344
5971,0.013562917709350586,0.011912822723388672,0.0014159679412841797
5972,0.016104698181152344,0.013192415237426758,0.0016443729400634766
5973,0.014939546585083008,0.010769367218017578,0.0014989376068115234
5974,0.009406089782714844,0.008434534072875977,0.0014383792877197266
5975,0.012892723083496094,0.010524988174438477,0.0014917850494384766
5976,0.013515233993530273,0.011945009231567383,0.0014595985412597656
5977,0.014861583709716797,0.011552810668945312,0.0014104843139648438
5978,0.01615428924560547,0.013049125671386719,0.0015943050384521484
5979,0.008365154266357422,0.0064089298248291016,0.0015017986297607422
5980,0.01363992691040039,0.012297868728637695,0.0014867782592773438
5981,0.010690927505493164,0.011406898498535156,0.0014984607696533203
5982,0.014763355255126953,0.014889240264892578,0.00142669677734375
5983,0.009292364120483398,0.012360095977783203,0.001392364501953125
5984,0.010071754455566406,0.008905410766601562,0.0014886856079101562
5985,0.010154962539672852,0.0077631473541259766,0.0014567375183105469
5986,0.008820772171020508,0.00796651840209961,0.0014736652374267578
5987,0.01243901252746582,0.010712862014770508,0.0014159679412841797
5988,0.012489795684814453,0.010934591293334961,0.0017576217651367188
5989,0.010152101516723633,0.0094146728515625,0.0014562606811523438
5990,0.010863065719604492,0.007269620895385742,0.0013701915740966797
5991,0.013732671737670898,0.012132644653320312,0.0015456676483154297
5992,0.01686406135559082,0.015164852142333984,0.0014395713806152344
5993,0.008795022964477539,0.01210165023803711,0.0014672279357910156
5994,0.012661218643188477,0.009905099868774414,0.0014369487762451172
5995,0.009763240814208984,0.014115095138549805,0.0014255046844482422
5996,0.015611410140991211,0.014547109603881836,0.0014562606811523438
5997,0.013041257858276367,0.0118408203125,0.001483917236328125
5998,0.014507532119750977,0.013085126876831055,0.0014300346374511719
5999,0.010770559310913086,0.009395599365234375,0.0014781951904296875
6000,0.012917757034301758,0.009600162506103516,0.0014483928680419922
6001,0.0068149566650390625,0.008009672164916992,0.0014033317565917969
6002,0.00931549072265625,0.009750843048095703,0.0014789104461669922
6003,0.011569738388061523,0.013391256332397461,0.0014514923095703125
6004,0.01464700698852539,0.015271663665771484,0.001737356185913086
6005,0.012591838836669922,0.011280536651611328,0.001516580581665039
6006,0.017248868942260742,0.01884317398071289,0.0014464855194091797
6007,0.008565187454223633,0.011767387390136719,0.0014438629150390625
6008,0.015230417251586914,0.011219024658203125,0.001413106918334961
6009,0.015192747116088867,0.012673616409301758,0.0014531612396240234
6010,0.01084589958190918,0.009048938751220703,0.0014295578002929688
6011,0.010508537292480469,0.011614799499511719,0.0014469623565673828
6012,0.012529373168945312,0.012817621231079102,0.0014226436614990234
6013,0.014201879501342773,0.012164831161499023,0.0015106201171875
6014,0.01481175422668457,0.011662721633911133,0.0014624595642089844
6015,0.014359474182128906,0.01706671714782715,0.0015022754669189453
6016,0.010306358337402344,0.009805440902709961,0.0014564990997314453
6017,0.013016223907470703,0.012056827545166016,0.0014972686767578125
6018,0.007329463958740234,0.0081329345703125,0.0015254020690917969
6019,0.010166645050048828,0.011710643768310547,0.0014379024505615234
6020,0.011142730712890625,0.007739543914794922,0.0017480850219726562
6021,0.011910676956176758,0.007784605026245117,0.0016086101531982422
6022,0.015078067779541016,0.012517213821411133,0.0014307498931884766
6023,0.014556407928466797,0.011524438858032227,0.0015344619750976562
6024,0.012250185012817383,0.008668184280395508,0.0015223026275634766
6025,0.008266925811767578,0.007134437561035156,0.0015108585357666016
6026,0.016215085983276367,0.013711690902709961,0.0015091896057128906
6027,0.012848615646362305,0.010101795196533203,0.00159454345703125
6028,0.01439046859741211,0.01350092887878418,0.0014655590057373047
6029,0.01186823844909668,0.011962413787841797,0.0015749931335449219
6030,0.012309551239013672,0.018052101135253906,0.001489877700805664
6031,0.013251066207885742,0.009435176849365234,0.0014758110046386719
6032,0.01494908332824707,0.011785268783569336,0.0014543533325195312
6033,0.013054132461547852,0.008184194564819336,0.0015037059783935547
6034,0.008728742599487305,0.008235454559326172,0.0014874935150146484
6035,0.013212919235229492,0.011929512023925781,0.0015153884887695312
6036,0.014153480529785156,0.010631322860717773,0.0016589164733886719
6037,0.009636402130126953,0.007047176361083984,0.0015132427215576172
6038,0.01327824592590332,0.011261224746704102,0.0014674663543701172
6039,0.01656031608581543,0.012925386428833008,0.0014584064483642578
6040,0.01675701141357422,0.013774394989013672,0.0014650821685791016
6041,0.015007972717285156,0.01411581039428711,0.0014634132385253906
6042,0.013448238372802734,0.011049985885620117,0.0015037059783935547
6043,0.010254383087158203,0.00783395767211914,0.001512289047241211
6044,0.015383481979370117,0.01362299919128418,0.001436471939086914
6045,0.011361360549926758,0.009991884231567383,0.0015215873718261719
6046,0.013707160949707031,0.012213945388793945,0.0015139579772949219
6047,0.010300397872924805,0.01198577880859375,0.0015006065368652344
6048,0.010748863220214844,0.009345293045043945,0.0014874935150146484
6049,0.011658668518066406,0.01015162467956543,0.0013766288757324219
6050,0.012326478958129883,0.010987043380737305,0.001455545425415039
6051,0.013953924179077148,0.0120086669921875,0.0014183521270751953
6052,0.010910987854003906,0.010099172592163086,0.0017056465148925781
6053,0.017423391342163086,0.012202739715576172,0.001485586166381836
6054,0.015081167221069336,0.01091623306274414,0.0014386177062988281
6055,0.016055822372436523,0.015006780624389648,0.0014543533325195312
6056,0.009692907333374023,0.010180473327636719,0.0015625953674316406
6057,0.011837959289550781,0.009935140609741211,0.0013947486877441406
6058,0.015751361846923828,0.011494636535644531,0.001413583755493164
6059,0.011318445205688477,0.009970903396606445,0.0013720989227294922
6060,0.008649110794067383,0.008610963821411133,0.001359701156616211
6061,0.012139081954956055,0.009935617446899414,0.0014243125915527344
6062,0.011842489242553711,0.008985519409179688,0.0014085769653320312
6063,0.014629840850830078,0.012776851654052734,0.0014328956604003906
6064,0.010526895523071289,0.013426780700683594,0.0015747547149658203
6065,0.012193679809570312,0.010216474533081055,0.0014319419860839844
6066,0.01247406005859375,0.008993864059448242,0.0015110969543457031
6067,0.014155387878417969,0.013904094696044922,0.0014498233795166016
6068,0.016819238662719727,0.014540910720825195,0.0016655921936035156
6069,0.011388063430786133,0.007466793060302734,0.001558065414428711
6070,0.011849403381347656,0.011116981506347656,0.0014464855194091797
6071,0.010391712188720703,0.009816408157348633,0.0014429092407226562
6072,0.01148676872253418,0.008743524551391602,0.0015048980712890625
6073,0.015063047409057617,0.014003515243530273,0.0014281272888183594
6074,0.018105745315551758,0.011777400970458984,0.0015132427215576172
6075,0.01248311996459961,0.00997471809387207,0.0015425682067871094
6076,0.012479066848754883,0.011723041534423828,0.0015418529510498047
6077,0.01664280891418457,0.012017250061035156,0.00154876708984375
6078,0.015066862106323242,0.011397838592529297,0.0014412403106689453
6079,0.01274871826171875,0.013787508010864258,0.0014450550079345703
6080,0.01177358627319336,0.012420415878295898,0.0015003681182861328
6081,0.01594376564025879,0.015424966812133789,0.0014247894287109375
6082,0.014341592788696289,0.014267206192016602,0.001451730728149414
6083,0.011928796768188477,0.014590024948120117,0.001444101333618164
6084,0.008686542510986328,0.007306814193725586,0.001718759536743164
6085,0.011921405792236328,0.009388446807861328,0.0015206336975097656
6086,0.010141849517822266,0.011427640914916992,0.0014069080352783203
6087,0.014602422714233398,0.015062093734741211,0.0014443397521972656
6088,0.010707616806030273,0.0109710693359375,0.0014653205871582031
6089,0.008634328842163086,0.0070171356201171875,0.0014495849609375
6090,0.011838197708129883,0.010537862777709961,0.0014407634735107422
6091,0.015684843063354492,0.011964559555053711,0.0015263557434082031
6092,0.016019582748413086,0.0162198543548584,0.0016033649444580078
6093,0.01455378532409668,0.012162446975708008,0.001596212387084961
6094,0.01627039909362793,0.01168370246887207,0.0015668869018554688
6095,0.012028932571411133,0.009224176406860352,0.0015141963958740234
6096,0.013274431228637695,0.011790990829467773,0.0016062259674072266
6097,0.014972925186157227,0.013627767562866211,0.0014650821685791016
6098,0.012994766235351562,0.010540485382080078,0.001415252685546875
6099,0.010500431060791016,0.012873172760009766,0.0014705657958984375
6100,0.015376806259155273,0.013207435607910156,0.0017421245574951172
6101,0.013138532638549805,0.011479616165161133,0.001499176025390625
6102,0.0118560791015625,0.00903177261352539,0.0013899803161621094
6103,0.006379604339599609,0.0058841705322265625,0.0014796257019042969
6104,0.014002799987792969,0.010057926177978516,0.0014107227325439453
6105,0.01280522346496582,0.011000394821166992,0.0014796257019042969
6106,0.013063430786132812,0.010611772537231445,0.001491546630859375
6107,0.013938665390014648,0.010995626449584961,0.0014896392822265625
6108,0.014536142349243164,0.012873411178588867,0.001489877700805664
6109,0.0139007568359375,0.011072397232055664,0.001386880874633789
6110,0.013572216033935547,0.010579109191894531,0.0014579296112060547
6111,0.009758949279785156,0.007205486297607422,0.0014951229095458984
6112,0.011214017868041992,0.012459516525268555,0.0014431476593017578
6113,0.011946678161621094,0.009356260299682617,0.001466512680053711
6114,0.01476430892944336,0.013847827911376953,0.0014317035675048828
6115,0.016379356384277344,0.013466358184814453,0.0015053749084472656
6116,0.01217508316040039,0.010175943374633789,0.0016930103302001953
6117,0.011691570281982422,0.010731220245361328,0.0015130043029785156
6118,0.007958173751831055,0.007489919662475586,0.0014934539794921875
6119,0.012231826782226562,0.008654356002807617,0.0014007091522216797
6120,0.013694524765014648,0.010146856307983398,0.001537322998046875
6121,0.010550975799560547,0.008587360382080078,0.0014989376068115234
6122,0.013509273529052734,0.01475667953491211,0.0013885498046875
6123,0.01299905776977539,0.011214017868041992,0.0015354156494140625
6124,0.011608123779296875,0.009505033493041992,0.0014138221740722656
6125,0.012359857559204102,0.011441469192504883,0.0015149116516113281
6126,0.00874185562133789,0.010597944259643555,0.0015106201171875
6127,0.017574548721313477,0.014314889907836914,0.0015380382537841797
6128,0.012379884719848633,0.014528989791870117,0.0014996528625488281
6129,0.012022733688354492,0.011071920394897461,0.0013728141784667969
6130,0.01124262809753418,0.009024620056152344,0.0014514923095703125
6131,0.00852203369140625,0.010072708129882812,0.0014541149139404297
6132,0.01140141487121582,0.00895237922668457,0.0017077922821044922
6133,0.007899761199951172,0.00888514518737793,0.0014750957489013672
6134,0.008750677108764648,0.010384798049926758,0.0014791488647460938
6135,0.01006174087524414,0.008796930313110352,0.0014562606811523438
6136,0.01597905158996582,0.01421046257019043,0.0014920234680175781
6137,0.014607667922973633,0.011868476867675781,0.0014927387237548828
6138,0.010059595108032227,0.008658647537231445,0.0013971328735351562
6139,0.013945817947387695,0.012488842010498047,0.001390218734741211
6140,0.010732889175415039,0.009605646133422852,0.001367807388305664
6141,0.013298273086547852,0.011153697967529297,0.00145721435546875
6142,0.010846138000488281,0.010413646697998047,0.0014624595642089844
6143,0.006684541702270508,0.0067212581634521484,0.001476287841796875
6144,0.013638734817504883,0.009540796279907227,0.001470327377319336
6145,0.015419244766235352,0.012970685958862305,0.001491546630859375
6146,0.01440882682800293,0.01277303695678711,0.0014753341674804688
6147,0.008789777755737305,0.0059354305267333984,0.0014672279357910156
6148,0.010489702224731445,0.00834202766418457,0.0017521381378173828
6149,0.013092756271362305,0.010451555252075195,0.0014178752899169922
6150,0.01682448387145996,0.012900114059448242,0.0014767646789550781
6151,0.011890411376953125,0.010093450546264648,0.0014233589172363281
6152,0.013296842575073242,0.012553691864013672,0.0013854503631591797
6153,0.017273664474487305,0.015413761138916016,0.0013818740844726562
6154,0.014424324035644531,0.01117253303527832,0.0014455318450927734
6155,0.007964134216308594,0.010505914688110352,0.0015151500701904297
6156,0.012472867965698242,0.009852409362792969,0.001474618911743164
6157,0.016570329666137695,0.013181924819946289,0.0015194416046142578
6158,0.01455235481262207,0.010007143020629883,0.0015239715576171875
6159,0.015028238296508789,0.01161646842956543,0.0014410018920898438
6160,0.010558128356933594,0.0070116519927978516,0.0015692710876464844
6161,0.014905214309692383,0.012792587280273438,0.0015218257904052734
6162,0.014841079711914062,0.011019706726074219,0.0015103816986083984
6163,0.013274431228637695,0.015202760696411133,0.0014495849609375
6164,0.011649370193481445,0.009598731994628906,0.0018246173858642578
6165,0.010493278503417969,0.01078343391418457,0.0015103816986083984
6166,0.014603614807128906,0.01579141616821289,0.0014379024505615234
6167,0.011187314987182617,0.01022958755493164,0.0014739036560058594
6168,0.007581233978271484,0.006024360656738281,0.0014944076538085938
6169,0.010734081268310547,0.009292364120483398,0.0015101432800292969
6170,0.015994787216186523,0.012576103210449219,0.0014843940734863281
6171,0.01169586181640625,0.008625030517578125,0.0014903545379638672
6172,0.014931440353393555,0.011021614074707031,0.0014312267303466797
6173,0.010541200637817383,0.008675813674926758,0.0014376640319824219
6174,0.013672828674316406,0.011886119842529297,0.0014879703521728516
6175,0.011425971984863281,0.010244607925415039,0.0014805793762207031
6176,0.015779733657836914,0.013334035873413086,0.0015401840209960938
6177,0.015168905258178711,0.01254725456237793,0.0014271736145019531
6178,0.016699552536010742,0.01359415054321289,0.0014674663543701172
6179,0.012187957763671875,0.014506816864013672,0.0014810562133789062
6180,0.013369083404541016,0.01448965072631836,0.0017173290252685547
6181,0.012169599533081055,0.010091543197631836,0.0015175342559814453
6182,0.010727167129516602,0.009588956832885742,0.0014410018920898438
6183,0.009759902954101562,0.009819984436035156,0.0014019012451171875
6184,0.015805959701538086,0.009386539459228516,0.0014264583587646484
6185,0.012360334396362305,0.011522769927978516,0.0014379024505615234
6186,0.013142585754394531,0.012332439422607422,0.0014886856079101562
6187,0.009167671203613281,0.008868694305419922,0.001405954360961914
6188,0.01042938232421875,0.008639812469482422,0.0014319419860839844
6189,0.014228105545043945,0.013916015625,0.0014646053314208984
6190,0.01320958137512207,0.010807275772094727,0.0014123916625976562
6191,0.010018110275268555,0.006899833679199219,0.0015380382537841797
6192,0.01602959632873535,0.014592409133911133,0.0014455318450927734
6193,0.019184112548828125,0.017028331756591797,0.0015835762023925781
6194,0.010396003723144531,0.008876800537109375,0.001466512680053711
6195,0.010053396224975586,0.0079803466796875,0.0015494823455810547
6196,0.01530313491821289,0.012148141860961914,0.0017361640930175781
6197,0.013906478881835938,0.01415252685546875,0.001462697982788086
6198,0.013638973236083984,0.009827375411987305,0.0014753341674804688
6199,0.011290311813354492,0.0081939697265625,0.0013887882232666016
6200,0.01501774787902832,0.01215505599975586,0.0014543533325195312
6201,0.011565685272216797,0.010633230209350586,0.0014247894287109375
6202,0.01646709442138672,0.013681888580322266,0.0013904571533203125
6203,0.01253056526184082,0.011504411697387695,0.0014677047729492188
6204,0.010187625885009766,0.009137630462646484,0.001425027847290039
6205,0.012314319610595703,0.009897232055664062,0.0015075206756591797
6206,0.013594627380371094,0.012236595153808594,0.0013885498046875
6207,0.014010906219482422,0.011816740036010742,0.00138092041015625
6208,0.014622688293457031,0.014697551727294922,0.0014042854309082031
6209,0.01435089111328125,0.01332235336303711,0.0014302730560302734
6210,0.013965606689453125,0.015152454376220703,0.001474618911743164
6211,0.013723611831665039,0.013277292251586914,0.0013973712921142578
6212,0.011273622512817383,0.008875131607055664,0.0016903877258300781
6213,0.014011621475219727,0.012775897979736328,0.0014286041259765625
6214,0.010869979858398438,0.012131690979003906,0.0014231204986572266
6215,0.013442277908325195,0.01238107681274414,0.0013990402221679688
6216,0.01306605339050293,0.011602163314819336,0.0015799999237060547
6217,0.012032032012939453,0.010845422744750977,0.0014617443084716797
6218,0.015860319137573242,0.013815641403198242,0.0015592575073242188
6219,0.011866331100463867,0.012147903442382812,0.0014345645904541016
6220,0.010267496109008789,0.008450031280517578,0.0014564990997314453
6221,0.011184453964233398,0.009042978286743164,0.0014684200286865234
6222,0.016120195388793945,0.014240026473999023,0.0013828277587890625
6223,0.0070765018463134766,0.007295131683349609,0.001451730728149414
6224,0.00992584228515625,0.006722927093505859,0.0014889240264892578
6225,0.011934995651245117,0.014601945877075195,0.0014581680297851562
6226,0.01000523567199707,0.007513523101806641,0.0014643669128417969
6227,0.015213489532470703,0.012630462646484375,0.0016415119171142578
6228,0.012505054473876953,0.009808063507080078,0.0017375946044921875
6229,0.011672258377075195,0.012533426284790039,0.0015349388122558594
6230,0.016234159469604492,0.015011787414550781,0.0014688968658447266
6231,0.013649225234985352,0.011949300765991211,0.0015151500701904297
6232,0.010238409042358398,0.007831096649169922,0.0014891624450683594
6233,0.010709762573242188,0.010138511657714844,0.0015017986297607422
6234,0.016956090927124023,0.015978574752807617,0.001470804214477539
6235,0.010705232620239258,0.008307456970214844,0.0014197826385498047
6236,0.009840965270996094,0.008603334426879883,0.0014755725860595703
6237,0.011989831924438477,0.01004338264465332,0.0014622211456298828
6238,0.009900093078613281,0.008479118347167969,0.001447439193725586
6239,0.009929180145263672,0.007623434066772461,0.0015659332275390625
6240,0.014723062515258789,0.013591289520263672,0.00147247314453125
6241,0.016662120819091797,0.012367486953735352,0.0015251636505126953
6242,0.01359415054321289,0.01240086555480957,0.0016040802001953125
6243,0.013497114181518555,0.00929403305053711,0.0014109611511230469
6244,0.013386249542236328,0.011870622634887695,0.0016894340515136719
6245,0.01001739501953125,0.011743783950805664,0.0014734268188476562
6246,0.00873422622680664,0.014975309371948242,0.0014636516571044922
6247,0.014806032180786133,0.013946056365966797,0.0014562606811523438
6248,0.011792898178100586,0.008357048034667969,0.001462697982788086
6249,0.010324716567993164,0.010432004928588867,0.0015285015106201172
6250,0.019308805465698242,0.014465808868408203,0.0015835762023925781
6251,0.013746261596679688,0.012527704238891602,0.0014870166778564453
6252,0.013782501220703125,0.012102842330932617,0.0015461444854736328
6253,0.016726016998291016,0.012075424194335938,0.0015034675598144531
6254,0.011199951171875,0.014181375503540039,0.0015416145324707031
6255,0.011475086212158203,0.012477874755859375,0.001453399658203125
6256,0.013362646102905273,0.014692068099975586,0.0014758110046386719
6257,0.009690999984741211,0.007681608200073242,0.00160980224609375
6258,0.01581859588623047,0.012856245040893555,0.0014793872833251953
6259,0.015233993530273438,0.013586997985839844,0.0015382766723632812
6260,0.009110450744628906,0.009395837783813477,0.0017635822296142578
6261,0.011869192123413086,0.01294565200805664,0.0015399456024169922
6262,0.00834202766418457,0.008982181549072266,0.0014510154724121094
6263,0.008036613464355469,0.008755207061767578,0.0014219284057617188
6264,0.014720916748046875,0.012950420379638672,0.0014598369598388672
6265,0.016591787338256836,0.013542652130126953,0.0014536380767822266
6266,0.015484333038330078,0.013257503509521484,0.0014286041259765625
6267,0.007659196853637695,0.005158185958862305,0.0014858245849609375
6268,0.0067882537841796875,0.007679939270019531,0.0014767646789550781
6269,0.00975942611694336,0.00798344612121582,0.0013937950134277344
6270,0.012981653213500977,0.01087188720703125,0.001447916030883789
6271,0.011413812637329102,0.010037899017333984,0.001434326171875
6272,0.014116525650024414,0.012942075729370117,0.0014393329620361328
6273,0.01547694206237793,0.011681795120239258,0.001405954360961914
6274,0.012686014175415039,0.009150981903076172,0.0014050006866455078
6275,0.009010553359985352,0.008120536804199219,0.0013737678527832031
6276,0.009593963623046875,0.007532835006713867,0.0017120838165283203
6277,0.010405540466308594,0.011982202529907227,0.001425027847290039
6278,0.010863304138183594,0.01096034049987793,0.001466989517211914
6279,0.01047372817993164,0.013035058975219727,0.0014886856079101562
6280,0.010095357894897461,0.010796546936035156,0.001489400863647461
6281,0.014084577560424805,0.012969970703125,0.0014951229095458984
6282,0.016109466552734375,0.013272762298583984,0.0014789104461669922
6283,0.01305079460144043,0.008590221405029297,0.001514434814453125
6284,0.007834911346435547,0.010475635528564453,0.0014965534210205078
6285,0.012506961822509766,0.012460947036743164,0.0014204978942871094
6286,0.009275674819946289,0.009060382843017578,0.0014674663543701172
6287,0.014799118041992188,0.01198124885559082,0.0014884471893310547
6288,0.011150121688842773,0.00978851318359375,0.0014982223510742188
6289,0.012378454208374023,0.015581130981445312,0.0014450550079345703
6290,0.015157699584960938,0.01442408561706543,0.0015227794647216797
6291,0.016153573989868164,0.014061927795410156,0.001432657241821289
6292,0.009019613265991211,0.0061740875244140625,0.0016617774963378906
6293,0.01016545295715332,0.0103607177734375,0.0014619827270507812
6294,0.016042709350585938,0.013601541519165039,0.001626729965209961
6295,0.013724803924560547,0.009754657745361328,0.0015113353729248047
6296,0.01060032844543457,0.007508993148803711,0.0016145706176757812
6297,0.01363992691040039,0.011336803436279297,0.0015728473663330078
6298,0.011156797409057617,0.012314558029174805,0.0014548301696777344
6299,0.009223222732543945,0.009755849838256836,0.0014727115631103516
6300,0.014452219009399414,0.010365724563598633,0.0015027523040771484
6301,0.01589798927307129,0.01229238510131836,0.0014984607696533203
6302,0.014045953750610352,0.013110160827636719,0.0014369487762451172
6303,0.010070085525512695,0.0075550079345703125,0.0014677047729492188
6304,0.01297140121459961,0.016797780990600586,0.0016815662384033203
6305,0.01606297492980957,0.012111186981201172,0.0014598369598388672
6306,0.011550664901733398,0.007215738296508789,0.0015680789947509766
6307,0.011441946029663086,0.010695219039916992,0.00145721435546875
6308,0.010447502136230469,0.009021759033203125,0.001722574234008789
6309,0.009972333908081055,0.007370948791503906,0.0014514923095703125
6310,0.01233053207397461,0.011811017990112305,0.001535654067993164
6311,0.010953187942504883,0.010418891906738281,0.0016064643859863281
6312,0.012380838394165039,0.009620904922485352,0.0015120506286621094
6313,0.013855934143066406,0.010803461074829102,0.0015490055084228516
6314,0.01106405258178711,0.010996103286743164,0.0014989376068115234
6315,0.013615846633911133,0.012589454650878906,0.0014774799346923828
6316,0.012809276580810547,0.011337995529174805,0.0014905929565429688
6317,0.009952545166015625,0.008096694946289062,0.0015108585357666016
6318,0.01085972785949707,0.010014057159423828,0.0014450550079345703
6319,0.008974552154541016,0.009266138076782227,0.0015130043029785156
6320,0.01374673843383789,0.014990568161010742,0.0015957355499267578
6321,0.014503002166748047,0.014170646667480469,0.0015478134155273438
6322,0.016393423080444336,0.015275716781616211,0.001649618148803711
6323,0.011989593505859375,0.009670257568359375,0.0014290809631347656
6324,0.014192342758178711,0.012986898422241211,0.0017998218536376953
6325,0.009327411651611328,0.011049985885620117,0.0015456676483154297
6326,0.009814739227294922,0.008283615112304688,0.001409292221069336
6327,0.010465145111083984,0.010671138763427734,0.0015099048614501953
6328,0.015549421310424805,0.013811349868774414,0.001453399658203125
6329,0.014502763748168945,0.011759519577026367,0.001493215560913086
6330,0.014716386795043945,0.014129638671875,0.0015490055084228516
6331,0.013788938522338867,0.014074087142944336,0.0016040802001953125
6332,0.01408696174621582,0.013882875442504883,0.0014595985412597656
6333,0.014966011047363281,0.01468205451965332,0.0015442371368408203
6334,0.017215967178344727,0.01569819450378418,0.0015308856964111328
6335,0.015969038009643555,0.012256383895874023,0.0015273094177246094
6336,0.017717361450195312,0.01397252082824707,0.0015325546264648438
6337,0.012029170989990234,0.014172077178955078,0.0013518333435058594
6338,0.013870000839233398,0.01641845703125,0.0014259815216064453
6339,0.013136148452758789,0.013397455215454102,0.0015811920166015625
6340,0.016119003295898438,0.015776634216308594,0.0017352104187011719
6341,0.01067662239074707,0.009168863296508789,0.0015692710876464844
6342,0.008645296096801758,0.006693363189697266,0.0014910697937011719
6343,0.013736724853515625,0.011233806610107422,0.0014483928680419922
6344,0.011620759963989258,0.00993204116821289,0.0014688968658447266
6345,0.00815582275390625,0.008451461791992188,0.0013539791107177734
6346,0.01878190040588379,0.011398792266845703,0.0015027523040771484
6347,0.01840829849243164,0.012447357177734375,0.0014908313751220703
6348,0.015522956848144531,0.011797904968261719,0.0014195442199707031
6349,0.01120138168334961,0.010107040405273438,0.0014300346374511719
6350,0.010157585144042969,0.011538982391357422,0.001455545425415039
6351,0.012480020523071289,0.01502537727355957,0.0014595985412597656
6352,0.01519012451171875,0.019318580627441406,0.0015349388122558594
6353,0.009168386459350586,0.009650230407714844,0.00147247314453125
6354,0.00926351547241211,0.00860595703125,0.0014812946319580078
6355,0.015007257461547852,0.018130779266357422,0.0014567375183105469
6356,0.015178203582763672,0.017794370651245117,0.0017278194427490234
6357,0.016852855682373047,0.019864559173583984,0.001537322998046875
6358,0.01231241226196289,0.016948699951171875,0.0015196800231933594
6359,0.011654376983642578,0.013470172882080078,0.0014622211456298828
6360,0.009876489639282227,0.012274503707885742,0.0014939308166503906
6361,0.011378049850463867,0.015860319137573242,0.001588582992553711
6362,0.011937856674194336,0.01630854606628418,0.001413583755493164
6363,0.012333393096923828,0.011963129043579102,0.0015397071838378906
6364,0.015641450881958008,0.012932062149047852,0.0014011859893798828
6365,0.015566110610961914,0.019259214401245117,0.0015246868133544922
6366,0.010791540145874023,0.011919498443603516,0.0014934539794921875
6367,0.01150369644165039,0.011565446853637695,0.0013916492462158203
6368,0.011371374130249023,0.013502836227416992,0.001409769058227539
6369,0.010212182998657227,0.014087915420532227,0.0015590190887451172
6370,0.014006376266479492,0.015850305557250977,0.0014472007751464844
6371,0.01558375358581543,0.027189254760742188,0.0014197826385498047
6372,0.014799118041992188,0.01241159439086914,0.0016748905181884766
6373,0.010827302932739258,0.008767843246459961,0.001497507095336914
6374,0.014294624328613281,0.01582169532775879,0.0014901161193847656
6375,0.010232925415039062,0.010345458984375,0.0014641284942626953
6376,0.012737274169921875,0.014792919158935547,0.0014979839324951172
6377,0.0117950439453125,0.013821840286254883,0.0014662742614746094
6378,0.01096796989440918,0.00981903076171875,0.0015075206756591797
6379,0.013626575469970703,0.01625537872314453,0.0014622211456298828
6380,0.014538288116455078,0.01724982261657715,0.0014491081237792969
6381,0.012071847915649414,0.009229660034179688,0.0014698505401611328
6382,0.009545564651489258,0.009090662002563477,0.001546621322631836
6383,0.00941920280456543,0.011991024017333984,0.001466512680053711
6384,0.009157896041870117,0.006012916564941406,0.001580953598022461
6385,0.01009988784790039,0.012914896011352539,0.0016193389892578125
6386,0.014095067977905273,0.01524806022644043,0.0015506744384765625
6387,0.012613773345947266,0.014607667922973633,0.0015506744384765625
6388,0.012288093566894531,0.010228395462036133,0.001684427261352539
6389,0.012070417404174805,0.011515617370605469,0.0015206336975097656
6390,0.014374971389770508,0.01434016227722168,0.00146484375
6391,0.011992692947387695,0.011419534683227539,0.0014498233795166016
6392,0.008598566055297852,0.009285211563110352,0.0014650821685791016
6393,0.013623714447021484,0.014647722244262695,0.001491546630859375
6394,0.015999555587768555,0.017050504684448242,0.0014946460723876953
6395,0.014694452285766602,0.011286258697509766,0.0014438629150390625
6396,0.013028144836425781,0.011625528335571289,0.001546621322631836
6397,0.007740020751953125,0.009095191955566406,0.001459360122680664
6398,0.016057252883911133,0.016170740127563477,0.001485586166381836
6399,0.010062694549560547,0.007376909255981445,0.0014617443084716797
6400,0.00998997688293457,0.009369850158691406,0.0015020370483398438
6401,0.012849569320678711,0.009667396545410156,0.0014367103576660156
6402,0.00942230224609375,0.010546207427978516,0.0014388561248779297
6403,0.016112327575683594,0.013917207717895508,0.001367807388305664
6404,0.015230417251586914,0.01742863655090332,0.0017421245574951172
6405,0.016526460647583008,0.011507749557495117,0.0014536380767822266
6406,0.015264272689819336,0.014455795288085938,0.0015408992767333984
6407,0.011734247207641602,0.01520228385925293,0.0014607906341552734
6408,0.01373744010925293,0.017994403839111328,0.0014843940734863281
6409,0.011729240417480469,0.009490728378295898,0.0014164447784423828
6410,0.013899087905883789,0.011708736419677734,0.0014433860778808594
6411,0.014728784561157227,0.015921592712402344,0.0015223026275634766
6412,0.01475071907043457,0.018301010131835938,0.0014939308166503906
6413,0.013686656951904297,0.013419389724731445,0.0014481544494628906
6414,0.009949684143066406,0.01058340072631836,0.0014781951904296875
6415,0.014343023300170898,0.015619993209838867,0.0014760494232177734
6416,0.008245706558227539,0.008066892623901367,0.0014629364013671875
6417,0.01634669303894043,0.01772761344909668,0.0014739036560058594
6418,0.015869617462158203,0.0164644718170166,0.0014314651489257812
6419,0.01585531234741211,0.017375469207763672,0.0014164447784423828
6420,0.017073631286621094,0.019535541534423828,0.0016548633575439453
6421,0.008918046951293945,0.008019447326660156,0.0014591217041015625
6422,0.013057470321655273,0.01400303840637207,0.0014188289642333984
6423,0.012975215911865234,0.014525175094604492,0.0015234947204589844
6424,0.00919961929321289,0.009310722351074219,0.001468658447265625
6425,0.009908914566040039,0.010526895523071289,0.0015649795532226562
6426,0.012720584869384766,0.012674808502197266,0.0014450550079345703
6427,0.01311039924621582,0.013895750045776367,0.001413583755493164
6428,0.009513139724731445,0.0071184635162353516,0.0014605522155761719
6429,0.013484001159667969,0.010974645614624023,0.00159454345703125
6430,0.012567996978759766,0.009534358978271484,0.001493215560913086
6431,0.01417231559753418,0.015424489974975586,0.0015590190887451172
6432,0.01087641716003418,0.010195493698120117,0.0015041828155517578
6433,0.012383699417114258,0.016292095184326172,0.0014488697052001953
6434,0.013979196548461914,0.012137174606323242,0.001443624496459961
6435,0.012050867080688477,0.011141538619995117,0.0013725757598876953
6436,0.012948274612426758,0.015533924102783203,0.0016219615936279297
6437,0.015483379364013672,0.016338348388671875,0.0014083385467529297
6438,0.014086246490478516,0.013131856918334961,0.0015716552734375
6439,0.015526294708251953,0.01656174659729004,0.0014710426330566406
6440,0.016730785369873047,0.01256561279296875,0.0016109943389892578
6441,0.014407873153686523,0.013071298599243164,0.0014727115631103516
6442,0.010995626449584961,0.006984710693359375,0.001565694808959961
6443,0.010047197341918945,0.010626077651977539,0.001543283462524414
6444,0.012296438217163086,0.013324499130249023,0.0014157295227050781
6445,0.012684106826782227,0.013023614883422852,0.0014820098876953125
6446,0.009981632232666016,0.01076054573059082,0.0014290809631347656
6447,0.009244680404663086,0.010434865951538086,0.0015263557434082031
6448,0.010261774063110352,0.015192031860351562,0.0014445781707763672
6449,0.012224435806274414,0.016062021255493164,0.0014252662658691406
6450,0.01628899574279785,0.015729665756225586,0.0014472007751464844
6451,0.012011051177978516,0.013197898864746094,0.0014767646789550781
6452,0.013994693756103516,0.013343334197998047,0.0016717910766601562
6453,0.011828899383544922,0.011207103729248047,0.0014526844024658203
6454,0.010388851165771484,0.012685537338256836,0.0015265941619873047
6455,0.016319990158081055,0.017865896224975586,0.0014503002166748047
6456,0.016008377075195312,0.013064146041870117,0.0014743804931640625
6457,0.011169195175170898,0.013267993927001953,0.0014452934265136719
6458,0.01471400260925293,0.014535665512084961,0.0014770030975341797
6459,0.013213396072387695,0.009459495544433594,0.0014638900756835938
6460,0.012292861938476562,0.0090789794921875,0.0014331340789794922
6461,0.01249551773071289,0.01096343994140625,0.0014238357543945312
6462,0.009920597076416016,0.011939764022827148,0.0014977455139160156
6463,0.013824224472045898,0.01110219955444336,0.0014340877532958984
6464,0.012932300567626953,0.011870622634887695,0.0013816356658935547
6465,0.011396169662475586,0.013388633728027344,0.0014431476593017578
6466,0.010931968688964844,0.0077250003814697266,0.0014047622680664062
6467,0.01423025131225586,0.012960672378540039,0.0016202926635742188
6468,0.009863615036010742,0.009246110916137695,0.0017399787902832031
6469,0.006168842315673828,0.009817838668823242,0.0016255378723144531
6470,0.013894081115722656,0.015070676803588867,0.0014719963073730469
6471,0.01112675666809082,0.013497114181518555,0.001482248306274414
6472,0.015990495681762695,0.014040470123291016,0.0015213489532470703
6473,0.010690927505493164,0.009266376495361328,0.0014824867248535156
6474,0.010594367980957031,0.007984638214111328,0.001394033432006836
6475,0.010782480239868164,0.011307716369628906,0.0013990402221679688
6476,0.01039886474609375,0.010807514190673828,0.0015819072723388672
6477,0.015442371368408203,0.013423681259155273,0.0013835430145263672
6478,0.016183853149414062,0.0168609619140625,0.0014729499816894531
6479,0.010824203491210938,0.010836124420166016,0.001413583755493164
6480,0.012845993041992188,0.016756296157836914,0.0015034675598144531
6481,0.012687921524047852,0.01430964469909668,0.001477956771850586
6482,0.015584945678710938,0.017158985137939453,0.0013728141784667969
6483,0.011599302291870117,0.008841276168823242,0.0015053749084472656
6484,0.011288166046142578,0.010620594024658203,0.001714944839477539
6485,0.013776302337646484,0.013559818267822266,0.0015268325805664062
6486,0.010354042053222656,0.012343645095825195,0.0014770030975341797
6487,0.011946916580200195,0.014594316482543945,0.0014481544494628906
6488,0.010127544403076172,0.010813474655151367,0.0014867782592773438
6489,0.014735698699951172,0.01574873924255371,0.00151824951171875
6490,0.015825986862182617,0.01745438575744629,0.001477956771850586
6491,0.012926340103149414,0.009713411331176758,0.0014967918395996094
6492,0.01496124267578125,0.018314123153686523,0.0014963150024414062
6493,0.01615309715270996,0.012805700302124023,0.0014634132385253906
6494,0.017563581466674805,0.01598644256591797,0.0014865398406982422
6495,0.013370037078857422,0.014525890350341797,0.001497030258178711
6496,0.013962268829345703,0.015932083129882812,0.001459360122680664
6497,0.01545858383178711,0.013293266296386719,0.0016019344329833984
6498,0.013277530670166016,0.010782003402709961,0.0014238357543945312
6499,0.011844158172607422,0.01294255256652832,0.001516580581665039
6500,0.016324520111083984,0.013600349426269531,0.001697540283203125
6501,0.008687973022460938,0.007124662399291992,0.0014543533325195312
6502,0.010115385055541992,0.008970975875854492,0.00141143798828125
6503,0.010668754577636719,0.012513875961303711,0.001415252685546875
6504,0.01198267936706543,0.013348817825317383,0.0015857219696044922
6505,0.015309810638427734,0.01688838005065918,0.0014417171478271484
6506,0.01041865348815918,0.010752201080322266,0.001535654067993164
6507,0.01218867301940918,0.013254404067993164,0.0014452934265136719
6508,0.010486841201782227,0.010405778884887695,0.0014371871948242188
6509,0.01149749755859375,0.0130767822265625,0.0014772415161132812
6510,0.01458430290222168,0.016310453414916992,0.0014946460723876953
6511,0.016782760620117188,0.015094995498657227,0.001523733139038086
6512,0.013788223266601562,0.010808467864990234,0.0014374256134033203
6513,0.015106678009033203,0.014360904693603516,0.0014858245849609375
6514,0.01461338996887207,0.016834735870361328,0.0014526844024658203
6515,0.010289907455444336,0.008533000946044922,0.0015716552734375
6516,0.016199827194213867,0.016922712326049805,0.0016894340515136719
6517,0.01615166664123535,0.017920255661010742,0.0016007423400878906
6518,0.010032892227172852,0.006880283355712891,0.001529693603515625
6519,0.012834787368774414,0.014946699142456055,0.001558065414428711
6520,0.012028217315673828,0.008925676345825195,0.001482248306274414
6521,0.011726617813110352,0.0070192813873291016,0.0015904903411865234
6522,0.005730628967285156,0.008087396621704102,0.0015101432800292969
6523,0.015714645385742188,0.014798641204833984,0.0014488697052001953
6524,0.014215469360351562,0.013664484024047852,0.001462697982788086
6525,0.016354799270629883,0.020447731018066406,0.0015015602111816406
6526,0.012539148330688477,0.0150299072265625,0.0014226436614990234
6527,0.008211374282836914,0.00928807258605957,0.0014755725860595703
6528,0.015326499938964844,0.01594400405883789,0.0014584064483642578
6529,0.013687610626220703,0.009882211685180664,0.0014715194702148438
6530,0.011867284774780273,0.01320791244506836,0.0015003681182861328
6531,0.007994413375854492,0.00799417495727539,0.0015218257904052734
6532,0.014881372451782227,0.015399932861328125,0.0016765594482421875
6533,0.013130664825439453,0.013707160949707031,0.001626729965209961
6534,0.010642051696777344,0.011889219284057617,0.0014324188232421875
6535,0.014473199844360352,0.015226364135742188,0.0015578269958496094
6536,0.010115861892700195,0.00831460952758789,0.0014235973358154297
6537,0.009669303894042969,0.009802818298339844,0.0015251636505126953
6538,0.015481948852539062,0.014192819595336914,0.001440286636352539
6539,0.014076709747314453,0.012456655502319336,0.0014314651489257812
6540,0.016344547271728516,0.012383222579956055,0.0014598369598388672
6541,0.012611150741577148,0.014286279678344727,0.0015566349029541016
6542,0.010204315185546875,0.012197494506835938,0.0014219284057617188
6543,0.010308504104614258,0.012218475341796875,0.0015609264373779297
6544,0.011243820190429688,0.014678239822387695,0.0014164447784423828
6545,0.011474609375,0.010184288024902344,0.0015633106231689453
6546,0.01253366470336914,0.014805078506469727,0.0014257431030273438
6547,0.014528989791870117,0.015329599380493164,0.0015799999237060547
6548,0.016950368881225586,0.016048669815063477,0.0017864704132080078
6549,0.012218236923217773,0.011858940124511719,0.0014476776123046875
6550,0.015091180801391602,0.01600933074951172,0.0016829967498779297
6551,0.009760618209838867,0.00825357437133789,0.001453399658203125
6552,0.011994600296020508,0.014045238494873047,0.001550912857055664
6553,0.015982627868652344,0.01555013656616211,0.0014655590057373047
6554,0.0185089111328125,0.016813039779663086,0.001451730728149414
6555,0.012784719467163086,0.009823322296142578,0.0014209747314453125
6556,0.016428232192993164,0.01549673080444336,0.001501321792602539
6557,0.014283895492553711,0.014035224914550781,0.0014684200286865234
6558,0.01710677146911621,0.015297412872314453,0.001477956771850586
6559,0.010379314422607422,0.01349639892578125,0.0014455318450927734
6560,0.012561321258544922,0.014247894287109375,0.0014653205871582031
6561,0.01311635971069336,0.01019287109375,0.0014750957489013672
6562,0.00992274284362793,0.011268377304077148,0.0015168190002441406
6563,0.012538671493530273,0.014104127883911133,0.0015802383422851562
6564,0.009485006332397461,0.007823705673217773,0.001657724380493164
6565,0.007881402969360352,0.008057832717895508,0.001552581787109375
6566,0.011951923370361328,0.017034530639648438,0.001434326171875
6567,0.010574579238891602,0.013185501098632812,0.0015513896942138672
6568,0.012616872787475586,0.010590791702270508,0.0014605522155761719
6569,0.016046524047851562,0.013391256332397461,0.0014412403106689453
6570,0.018957138061523438,0.018839120864868164,0.0015358924865722656
6571,0.013022184371948242,0.013695240020751953,0.0014405250549316406
6572,0.011549949645996094,0.013305187225341797,0.0015397071838378906
6573,0.008492708206176758,0.009206771850585938,0.0015587806701660156
6574,0.012698173522949219,0.012356996536254883,0.0015187263488769531
6575,0.009171247482299805,0.009233713150024414,0.0015094280242919922
6576,0.008067846298217773,0.008635520935058594,0.0014145374298095703
6577,0.014449596405029297,0.013825416564941406,0.0014088153839111328
6578,0.012988090515136719,0.013597965240478516,0.0015172958374023438
6579,0.010730981826782227,0.013108253479003906,0.001453399658203125
6580,0.009049177169799805,0.008371353149414062,0.0018627643585205078
6581,0.015830516815185547,0.016057252883911133,0.00146484375
6582,0.017688512802124023,0.017540454864501953,0.0015323162078857422
6583,0.014168739318847656,0.01549386978149414,0.0015094280242919922
6584,0.012786865234375,0.010920047760009766,0.0014722347259521484
6585,0.013763904571533203,0.012946844100952148,0.0015332698822021484
6586,0.017653942108154297,0.013591289520263672,0.0015268325805664062
6587,0.011715412139892578,0.007654905319213867,0.0014407634735107422
6588,0.012891530990600586,0.013003349304199219,0.0014011859893798828
6589,0.010217428207397461,0.009593009948730469,0.0016324520111083984
6590,0.009114503860473633,0.012853860855102539,0.0014338493347167969
6591,0.014899253845214844,0.013450384140014648,0.0015211105346679688
6592,0.011317729949951172,0.010979890823364258,0.0013763904571533203
6593,0.009027957916259766,0.010102033615112305,0.0015213489532470703
6594,0.012655496597290039,0.013640403747558594,0.0015244483947753906
6595,0.011217594146728516,0.013428688049316406,0.0014717578887939453
6596,0.009248018264770508,0.013363838195800781,0.001661062240600586
6597,0.010293245315551758,0.011345386505126953,0.0014317035675048828
6598,0.011987447738647461,0.015825748443603516,0.00147247314453125
6599,0.013219356536865234,0.011181116104125977,0.0014450550079345703
6600,0.016851425170898438,0.010568857192993164,0.0015463829040527344
6601,0.012927770614624023,0.013267040252685547,0.0014576911926269531
6602,0.015228033065795898,0.010406970977783203,0.0015106201171875
6603,0.010579586029052734,0.013048887252807617,0.0015170574188232422
6604,0.012539386749267578,0.012783288955688477,0.0014829635620117188
6605,0.012541770935058594,0.013787031173706055,0.0014352798461914062
6606,0.00549769401550293,0.008777856826782227,0.0014581680297851562
6607,0.012071609497070312,0.011594533920288086,0.0014719963073730469
6608,0.013409852981567383,0.014342069625854492,0.0014858245849609375
6609,0.016164302825927734,0.01659870147705078,0.0015611648559570312
6610,0.011187076568603516,0.012811899185180664,0.001524209976196289
6611,0.012743473052978516,0.010236024856567383,0.001505136489868164
6612,0.009798765182495117,0.015456199645996094,0.001756906509399414
6613,0.012983560562133789,0.009756326675415039,0.0014863014221191406
6614,0.01384282112121582,0.014363527297973633,0.0015311241149902344
6615,0.01118612289428711,0.010230302810668945,0.0014622211456298828
6616,0.01320791244506836,0.014153718948364258,0.0015361309051513672
6617,0.013588428497314453,0.01671767234802246,0.0014362335205078125
6618,0.011651754379272461,0.013312816619873047,0.001468658447265625
6619,0.011406898498535156,0.011885881423950195,0.0014231204986572266
6620,0.013630151748657227,0.012362241744995117,0.00146484375
6621,0.013421297073364258,0.014012336730957031,0.001415252685546875
6622,0.014856338500976562,0.013136148452758789,0.0014662742614746094
6623,0.012049674987792969,0.012840032577514648,0.0014445781707763672
6624,0.009459495544433594,0.01299285888671875,0.0015063285827636719
6625,0.015817880630493164,0.01616668701171875,0.0014491081237792969
6626,0.010344505310058594,0.014687061309814453,0.001402139663696289
6627,0.01514887809753418,0.013442754745483398,0.0014450550079345703
6628,0.009872198104858398,0.009705543518066406,0.001642465591430664
6629,0.01146245002746582,0.01306009292602539,0.0016715526580810547
6630,0.014734983444213867,0.017086029052734375,0.001577615737915039
6631,0.015134334564208984,0.012377500534057617,0.0015690326690673828
6632,0.015564918518066406,0.017647743225097656,0.001491546630859375
6633,0.012743949890136719,0.00929880142211914,0.0015468597412109375
6634,0.01480245590209961,0.019863605499267578,0.0015070438385009766
6635,0.011891365051269531,0.012884140014648438,0.0014734268188476562
6636,0.013695955276489258,0.01847386360168457,0.0015249252319335938
6637,0.0099029541015625,0.007855892181396484,0.001367807388305664
6638,0.014669656753540039,0.016846656799316406,0.0014824867248535156
6639,0.0152435302734375,0.015590906143188477,0.0014116764068603516
6640,0.016114473342895508,0.017902851104736328,0.001482248306274414
6641,0.012236833572387695,0.017638444900512695,0.0014607906341552734
6642,0.010202646255493164,0.01253819465637207,0.0014126300811767578
6643,0.011674880981445312,0.01643085479736328,0.0015134811401367188
6644,0.01502370834350586,0.01488351821899414,0.0016627311706542969
6645,0.014926671981811523,0.016854047775268555,0.0015332698822021484
6646,0.00975942611694336,0.00750732421875,0.0014543533325195312
6647,0.011571884155273438,0.013249635696411133,0.0014045238494873047
6648,0.01245427131652832,0.016382694244384766,0.001481771469116211
6649,0.012098550796508789,0.010771751403808594,0.0014581680297851562
6650,0.011453628540039062,0.011155128479003906,0.0014128684997558594
6651,0.0097503662109375,0.012545347213745117,0.0015439987182617188
6652,0.013594388961791992,0.011284828186035156,0.0014760494232177734
6653,0.012631893157958984,0.01204371452331543,0.001497030258178711
6654,0.013440370559692383,0.01616644859313965,0.0014829635620117188
6655,0.014460086822509766,0.017030715942382812,0.0014965534210205078
6656,0.01650214195251465,0.0201263427734375,0.00151824951171875
6657,0.014397144317626953,0.009906530380249023,0.0014927387237548828
6658,0.017626047134399414,0.017127275466918945,0.0015175342559814453
6659,0.01293492317199707,0.014048099517822266,0.0014564990997314453
6660,0.012985467910766602,0.011239290237426758,0.0016562938690185547
6661,0.015532255172729492,0.020563125610351562,0.0014865398406982422
6662,0.01146078109741211,0.013602495193481445,0.0014374256134033203
6663,0.010103702545166016,0.008339643478393555,0.0014541149139404297
6664,0.013842344284057617,0.013746023178100586,0.0015609264373779297
6665,0.017474651336669922,0.01844644546508789,0.001402139663696289
6666,0.01070547103881836,0.007826805114746094,0.00146484375
6667,0.015705347061157227,0.015843629837036133,0.0014033317565917969
6668,0.015455484390258789,0.0158998966217041,0.0014350414276123047
6669,0.01593017578125,0.014470100402832031,0.0014271736145019531
6670,0.016922473907470703,0.01820206642150879,0.0014743804931640625
6671,0.01619434356689453,0.014657974243164062,0.0013797283172607422
6672,0.009572982788085938,0.014206647872924805,0.0013773441314697266
6673,0.014618873596191406,0.016670942306518555,0.001455068588256836
6674,0.015140771865844727,0.013046503067016602,0.0014111995697021484
6675,0.01301717758178711,0.014039278030395508,0.0014109611511230469
6676,0.011320114135742188,0.012249469757080078,0.001725912094116211
6677,0.014281272888183594,0.016878128051757812,0.0014655590057373047
6678,0.012937068939208984,0.011032819747924805,0.0015077590942382812
6679,0.013556957244873047,0.015244007110595703,0.0014827251434326172
6680,0.016790390014648438,0.01875901222229004,0.0014789104461669922
6681,0.016452312469482422,0.013787031173706055,0.0015022754669189453
6682,0.014755964279174805,0.015166044235229492,0.0013873577117919922
6683,0.012445688247680664,0.008342981338500977,0.0015048980712890625
6684,0.010017156600952148,0.009706974029541016,0.0015020370483398438
6685,0.009561777114868164,0.01179051399230957,0.0014712810516357422
6686,0.013169527053833008,0.015623092651367188,0.0013780593872070312
6687,0.013886690139770508,0.012086153030395508,0.0014541149139404297
6688,0.012952089309692383,0.014873743057250977,0.0014429092407226562
6689,0.01454472541809082,0.012177705764770508,0.0014185905456542969
6690,0.012217044830322266,0.014783382415771484,0.0014314651489257812
6691,0.016420602798461914,0.015824317932128906,0.001474142074584961
6692,0.012440919876098633,0.0116729736328125,0.0017330646514892578
6693,0.0134124755859375,0.012897014617919922,0.0015075206756591797
6694,0.009868860244750977,0.012361526489257812,0.0014486312866210938
6695,0.009238958358764648,0.010508060455322266,0.0015192031860351562
6696,0.013766050338745117,0.01409912109375,0.001482248306274414
6697,0.01509237289428711,0.015502691268920898,0.0016422271728515625
6698,0.010952234268188477,0.010281801223754883,0.001558065414428711
6699,0.011412858963012695,0.013750791549682617,0.0017409324645996094
6700,0.01127767562866211,0.01233816146850586,0.0015020370483398438
6701,0.012963056564331055,0.014613151550292969,0.001603841781616211
6702,0.01607680320739746,0.012595653533935547,0.001627206802368164
6703,0.011942625045776367,0.009745359420776367,0.00154876708984375
6704,0.00969386100769043,0.010258913040161133,0.0015087127685546875
6705,0.010229349136352539,0.015076875686645508,0.001504659652709961
6706,0.013755321502685547,0.014289140701293945,0.0014913082122802734
6707,0.009967565536499023,0.010521888732910156,0.0015060901641845703
6708,0.011036396026611328,0.009037971496582031,0.0016782283782958984
6709,0.009218692779541016,0.008974075317382812,0.001527547836303711
6710,0.013577699661254883,0.01166081428527832,0.0014667510986328125
6711,0.010078191757202148,0.011174678802490234,0.001461029052734375
6712,0.011907815933227539,0.015286445617675781,0.0014412403106689453
6713,0.009632349014282227,0.008607864379882812,0.0014846324920654297
6714,0.015426874160766602,0.015587806701660156,0.0014700889587402344
6715,0.013427019119262695,0.014562368392944336,0.0014290809631347656
6716,0.016840219497680664,0.013766288757324219,0.0014584064483642578
6717,0.013135194778442383,0.014599084854125977,0.001459360122680664
6718,0.009641885757446289,0.006868600845336914,0.001455545425415039
6719,0.015934228897094727,0.015561342239379883,0.0014853477478027344
6720,0.010088205337524414,0.01292276382446289,0.0015490055084228516
6721,0.014236927032470703,0.012085676193237305,0.0015773773193359375
6722,0.012806177139282227,0.012939453125,0.0014624595642089844
6723,0.01363062858581543,0.014563322067260742,0.0015368461608886719
6724,0.009488821029663086,0.00753021240234375,0.0017027854919433594
6725,0.00980234146118164,0.010653495788574219,0.0014739036560058594
6726,0.010435819625854492,0.018257856369018555,0.0014126300811767578
6727,0.012314558029174805,0.008785724639892578,0.0014429092407226562
6728,0.020602941513061523,0.016409873962402344,0.0013298988342285156
6729,0.01251363754272461,0.010208606719970703,0.001463174819946289
6730,0.014636754989624023,0.01558828353881836,0.0013797283172607422
6731,0.009057760238647461,0.00959467887878418,0.0015604496002197266
6732,0.006644487380981445,0.0059087276458740234,0.0015554428100585938
6733,0.015332937240600586,0.014328479766845703,0.0015103816986083984
6734,0.016266584396362305,0.01633930206298828,0.0015437602996826172
6735,0.012959003448486328,0.01029515266418457,0.0014240741729736328
6736,0.014078617095947266,0.012820243835449219,0.0014927387237548828
6737,0.014164924621582031,0.01508188247680664,0.0014493465423583984
6738,0.01261138916015625,0.013985633850097656,0.0014278888702392578
6739,0.01014566421508789,0.009305953979492188,0.001714468002319336
6740,0.008590459823608398,0.008729696273803711,0.0017266273498535156
6741,0.014028310775756836,0.014745235443115234,0.0015795230865478516
6742,0.013592958450317383,0.013643741607666016,0.0015292167663574219
6743,0.016083955764770508,0.011636734008789062,0.0015528202056884766
6744,0.016745328903198242,0.015249967575073242,0.0013806819915771484
6745,0.015404224395751953,0.01025390625,0.0013959407806396484
6746,0.011590719223022461,0.012166500091552734,0.0014753341674804688
6747,0.009466409683227539,0.01376485824584961,0.0014257431030273438
6748,0.014377593994140625,0.009984970092773438,0.0015063285827636719
6749,0.010383129119873047,0.00983119010925293,0.001401662826538086
6750,0.015079975128173828,0.017901897430419922,0.0014541149139404297
6751,0.010757207870483398,0.011468648910522461,0.001468658447265625
6752,0.008571147918701172,0.009196043014526367,0.001481771469116211
6753,0.012372016906738281,0.014190912246704102,0.0015037059783935547
6754,0.011132001876831055,0.011682748794555664,0.0014300346374511719
6755,0.014928579330444336,0.016966581344604492,0.0014462471008300781
6756,0.009779214859008789,0.00867772102355957,0.00170135498046875
6757,0.007135868072509766,0.006301403045654297,0.0014035701751708984
6758,0.012109041213989258,0.014021635055541992,0.001482248306274414
6759,0.015811443328857422,0.017227888107299805,0.0015969276428222656
6760,0.010740041732788086,0.012009143829345703,0.001453399658203125
6761,0.016395092010498047,0.01581883430480957,0.001588582992553711
6762,0.014190435409545898,0.014772176742553711,0.0015397071838378906
6763,0.007802009582519531,0.01362466812133789,0.0014495849609375
6764,0.01026773452758789,0.008032560348510742,0.0015251636505126953
6765,0.0076274871826171875,0.011917352676391602,0.0014567375183105469
6766,0.008254528045654297,0.009137153625488281,0.001537322998046875
6767,0.015188217163085938,0.018090248107910156,0.0014765262603759766
6768,0.016726255416870117,0.018826007843017578,0.0014643669128417969
6769,0.010891199111938477,0.0082550048828125,0.0015184879302978516
6770,0.009026050567626953,0.012430667877197266,0.001470327377319336
6771,0.015774965286254883,0.01573014259338379,0.0014448165893554688
6772,0.00972127914428711,0.0066111087799072266,0.001725912094116211
6773,0.012587308883666992,0.015795230865478516,0.0014646053314208984
6774,0.01292729377746582,0.012911081314086914,0.0014810562133789062
6775,0.012546300888061523,0.010776758193969727,0.0014140605926513672
6776,0.010013580322265625,0.009798288345336914,0.001466989517211914
6777,0.011111736297607422,0.013956069946289062,0.0015418529510498047
6778,0.015937328338623047,0.016625165939331055,0.0014379024505615234
6779,0.011872291564941406,0.012221813201904297,0.0015003681182861328
6780,0.013489961624145508,0.016179323196411133,0.00141143798828125
6781,0.012148857116699219,0.01006770133972168,0.0014879703521728516
6782,0.011268854141235352,0.012285947799682617,0.0015528202056884766
6783,0.009272575378417969,0.013721942901611328,0.0014355182647705078
6784,0.01782083511352539,0.019246339797973633,0.0015041828155517578
6785,0.015886783599853516,0.0137939453125,0.0014390945434570312
6786,0.01692032814025879,0.015723228454589844,0.0014507770538330078
6787,0.012941598892211914,0.015668630599975586,0.001539468765258789
6788,0.012328624725341797,0.013741493225097656,0.0016887187957763672
6789,0.013571023941040039,0.012081146240234375,0.00152587890625
6790,0.012457847595214844,0.012361526489257812,0.0014832019805908203
6791,0.013740301132202148,0.013280630111694336,0.0015175342559814453
6792,0.01009058952331543,0.009389162063598633,0.001407623291015625
6793,0.008293390274047852,0.009557008743286133,0.001420736312866211
6794,0.01113748550415039,0.012703657150268555,0.00153350830078125
6795,0.01453256607055664,0.0171053409576416,0.0014278888702392578
6796,0.010213613510131836,0.008179664611816406,0.0014584064483642578
6797,0.011285066604614258,0.011257171630859375,0.0013849735260009766
6798,0.012094259262084961,0.010133028030395508,0.0014317035675048828
6799,0.014669418334960938,0.01407766342163086,0.00141143798828125
6800,0.010138750076293945,0.009665489196777344,0.0014107227325439453
6801,0.009115219116210938,0.007125377655029297,0.0014078617095947266
6802,0.01023411750793457,0.009879112243652344,0.00148773193359375
6803,0.009672403335571289,0.007508516311645508,0.0014088153839111328
6804,0.016920804977416992,0.02297377586364746,0.0017473697662353516
6805,0.01345515251159668,0.012954950332641602,0.0014910697937011719
6806,0.010476112365722656,0.013518810272216797,0.0014891624450683594
6807,0.016048192977905273,0.014785289764404297,0.0015039443969726562
6808,0.01147317886352539,0.013519763946533203,0.001478433609008789
6809,0.01359105110168457,0.01942133903503418,0.0015277862548828125
6810,0.014550924301147461,0.018215656280517578,0.0014255046844482422
6811,0.011937618255615234,0.013739347457885742,0.0014424324035644531
6812,0.009114980697631836,0.01177668571472168,0.001394033432006836
6813,0.013560295104980469,0.018247127532958984,0.0014863014221191406
6814,0.014375686645507812,0.015140771865844727,0.0014522075653076172
6815,0.016379356384277344,0.018356800079345703,0.001440286636352539
6816,0.01359415054321289,0.015176534652709961,0.0014889240264892578
6817,0.01563715934753418,0.01767253875732422,0.0014188289642333984
6818,0.016386032104492188,0.014852523803710938,0.0014600753784179688
6819,0.009756803512573242,0.014287471771240234,0.0014998912811279297
6820,0.01577019691467285,0.01204061508178711,0.0016586780548095703
6821,0.010725259780883789,0.013141632080078125,0.0014972686767578125
6822,0.012224435806274414,0.013741493225097656,0.001428842544555664
6823,0.009285449981689453,0.011667251586914062,0.0014262199401855469
6824,0.009351253509521484,0.01165914535522461,0.0014004707336425781
6825,0.015618324279785156,0.014508247375488281,0.0014455318450927734
6826,0.015025854110717773,0.018315553665161133,0.0014386177062988281
6827,0.014220476150512695,0.015779972076416016,0.001402139663696289
6828,0.018845319747924805,0.017748117446899414,0.0014116764068603516
6829,0.016899585723876953,0.01979541778564453,0.0014331340789794922
6830,0.008194684982299805,0.009447336196899414,0.0014767646789550781
6831,0.01286172866821289,0.015767812728881836,0.00159454345703125
6832,0.01079416275024414,0.014717578887939453,0.0014500617980957031
6833,0.01758599281311035,0.014624357223510742,0.001588582992553711
6834,0.013778924942016602,0.014003276824951172,0.0014719963073730469
6835,0.013802289962768555,0.01621532440185547,0.0015473365783691406
6836,0.015055179595947266,0.0164797306060791,0.001750946044921875
6837,0.011246204376220703,0.013931035995483398,0.0014181137084960938
6838,0.01286935806274414,0.011099100112915039,0.0014300346374511719
6839,0.012581348419189453,0.015427827835083008,0.0014579296112060547
6840,0.010403633117675781,0.009299039840698242,0.0014615058898925781
6841,0.015225887298583984,0.01827263832092285,0.0013959407806396484
6842,0.017391681671142578,0.01849508285522461,0.0015192031860351562
6843,0.009106159210205078,0.010536432266235352,0.0014286041259765625
6844,0.012202262878417969,0.014569520950317383,0.0014789104461669922
6845,0.008971452713012695,0.01097869873046875,0.0014629364013671875
6846,0.015861034393310547,0.015187740325927734,0.0014910697937011719
6847,0.012590646743774414,0.013448476791381836,0.0014977455139160156
6848,0.01673293113708496,0.013418436050415039,0.0013585090637207031
6849,0.013587474822998047,0.011898517608642578,0.0014488697052001953
6850,0.010314702987670898,0.010864973068237305,0.0015382766723632812
6851,0.013794183731079102,0.014062643051147461,0.0014548301696777344
6852,0.012270450592041016,0.014209508895874023,0.0017681121826171875
6853,0.012545108795166016,0.015244483947753906,0.001519918441772461
6854,0.014018774032592773,0.013414621353149414,0.0015087127685546875
6855,0.01848578453063965,0.01754593849182129,0.0013980865478515625
6856,0.013847112655639648,0.015256643295288086,0.0014324188232421875
6857,0.013840913772583008,0.014590263366699219,0.0014202594757080078
6858,0.009844064712524414,0.010276556015014648,0.0014057159423828125
6859,0.010584592819213867,0.013568878173828125,0.0014467239379882812
6860,0.013974189758300781,0.0157773494720459,0.0014355182647705078
6861,0.015409708023071289,0.01620936393737793,0.001493215560913086
6862,0.008893489837646484,0.008307456970214844,0.0015110969543457031
6863,0.00752711296081543,0.009432315826416016,0.0014514923095703125
6864,0.01030588150024414,0.015059232711791992,0.0016372203826904297
6865,0.012507438659667969,0.009551525115966797,0.001489400863647461
6866,0.015467166900634766,0.018045663833618164,0.0015604496002197266
6867,0.00803995132446289,0.011979341506958008,0.0014290809631347656
6868,0.013896942138671875,0.014682531356811523,0.0018215179443359375
6869,0.015077352523803711,0.012636184692382812,0.0016074180603027344
6870,0.008786201477050781,0.010091304779052734,0.0013594627380371094
6871,0.010870933532714844,0.012062788009643555,0.0015499591827392578
6872,0.011252880096435547,0.012158632278442383,0.0014421939849853516
6873,0.012620210647583008,0.015570640563964844,0.0013248920440673828
6874,0.013186216354370117,0.012192726135253906,0.0014340877532958984
6875,0.011982917785644531,0.016890287399291992,0.0014281272888183594
6876,0.0060536861419677734,0.007153987884521484,0.0012676715850830078
6877,0.009676694869995117,0.01083827018737793,0.0014390945434570312
6878,0.00789642333984375,0.008593559265136719,0.0013885498046875
6879,0.009601593017578125,0.009891271591186523,0.0013761520385742188
6880,0.009039878845214844,0.01479029655456543,0.0012583732604980469
6881,0.012990236282348633,0.01499485969543457,0.001453399658203125
6882,0.008031845092773438,0.009448528289794922,0.0014243125915527344
6883,0.01810145378112793,0.016222476959228516,0.0012292861938476562
6884,0.01161956787109375,0.013946294784545898,0.0016400814056396484
6885,0.014531373977661133,0.01553797721862793,0.0014681816101074219
6886,0.014683008193969727,0.011960744857788086,0.0012433528900146484
6887,0.013850927352905273,0.014718055725097656,0.0014138221740722656
6888,0.012569427490234375,0.009736299514770508,0.0014624595642089844
6889,0.014895439147949219,0.01386260986328125,0.0012423992156982422
6890,0.013509511947631836,0.009703636169433594,0.001394033432006836
6891,0.013175725936889648,0.013571500778198242,0.00592803955078125
6892,0.011510610580444336,0.01319432258605957,0.0012826919555664062
6893,0.014281988143920898,0.013744831085205078,0.0017604827880859375
6894,0.011863470077514648,0.012865304946899414,0.0017199516296386719
6895,0.012562036514282227,0.016362667083740234,0.0016903877258300781
6896,0.009971857070922852,0.009930849075317383,0.002000093460083008
6897,0.013725042343139648,0.01603245735168457,0.0016238689422607422
6898,0.010530710220336914,0.012301206588745117,0.0014166831970214844
6899,0.013098478317260742,0.012247323989868164,0.0012667179107666016
6900,0.011529922485351562,0.01362299919128418,0.0017657279968261719
6901,0.014000892639160156,0.012346982955932617,0.0014255046844482422
6902,0.014438629150390625,0.012948751449584961,0.0014407634735107422
6903,0.012511730194091797,0.013739585876464844,0.0015065670013427734
6904,0.012770652770996094,0.012651681900024414,0.0014483928680419922
6905,0.010247230529785156,0.013148307800292969,0.0014472007751464844
6906,0.014356613159179688,0.01483774185180664,0.0013933181762695312
6907,0.008812904357910156,0.006384134292602539,0.0014564990997314453
6908,0.010192632675170898,0.014996051788330078,0.0014088153839111328
6909,0.009296417236328125,0.00990605354309082,0.0014469623565673828
6910,0.012705087661743164,0.013200998306274414,0.0014119148254394531
6911,0.012975215911865234,0.01413416862487793,0.0015270709991455078
6912,0.013314962387084961,0.016377925872802734,0.0013990402221679688
6913,0.012723922729492188,0.014443635940551758,0.001493692398071289
6914,0.011317253112792969,0.014120101928710938,0.0013837814331054688
6915,0.011337757110595703,0.012479543685913086,0.0014235973358154297
6916,0.009760141372680664,0.012014150619506836,0.0017311573028564453
6917,0.009185314178466797,0.007943391799926758,0.0014600753784179688
6918,0.013753652572631836,0.015623331069946289,0.0015158653259277344
6919,0.010859489440917969,0.012512445449829102,0.0014781951904296875
6920,0.01120305061340332,0.011280536651611328,0.0014302730560302734
6921,0.011569499969482422,0.014088630676269531,0.001386880874633789
6922,0.010634422302246094,0.008450031280517578,0.0014417171478271484
6923,0.010523080825805664,0.011616945266723633,0.0016036033630371094
6924,0.01108694076538086,0.012298107147216797,0.001434326171875
6925,0.013896465301513672,0.015280961990356445,0.0015418529510498047
6926,0.013820886611938477,0.009137868881225586,0.0014481544494628906
6927,0.011072635650634766,0.016780614852905273,0.0015377998352050781
6928,0.012848377227783203,0.014235973358154297,0.0014293193817138672
6929,0.01704120635986328,0.017667293548583984,0.001422882080078125
6930,0.009962320327758789,0.008697032928466797,0.0014462471008300781
6931,0.010191679000854492,0.009526729583740234,0.0014848709106445312
6932,0.010594606399536133,0.014750480651855469,0.0017213821411132812
6933,0.012139081954956055,0.016800880432128906,0.0015120506286621094
6934,0.011449813842773438,0.007525205612182617,0.0014858245849609375
6935,0.014529228210449219,0.01626873016357422,0.0015325546264648438
6936,0.013269424438476562,0.014693260192871094,0.0014927387237548828
6937,0.010287284851074219,0.014809846878051758,0.0014095306396484375
6938,0.013181209564208984,0.010132789611816406,0.0014233589172363281
6939,0.011458158493041992,0.012542247772216797,0.0014393329620361328
6940,0.013939619064331055,0.016720294952392578,0.0015442371368408203
6941,0.015221357345581055,0.013391733169555664,0.0014476776123046875
6942,0.010469675064086914,0.011823892593383789,0.0015289783477783203
6943,0.007932901382446289,0.00700688362121582,0.0014688968658447266
6944,0.013160943984985352,0.013676881790161133,0.0016205310821533203
6945,0.011867523193359375,0.01735687255859375,0.0014455318450927734
6946,0.012161493301391602,0.009157419204711914,0.0014450550079345703
6947,0.011518239974975586,0.011056184768676758,0.001506805419921875
6948,0.01389765739440918,0.015890121459960938,0.0017228126525878906
6949,0.01582956314086914,0.011132955551147461,0.001478433609008789
6950,0.009758234024047852,0.010797977447509766,0.0014896392822265625
6951,0.009827613830566406,0.011745452880859375,0.001491546630859375
6952,0.013150691986083984,0.011441946029663086,0.0014717578887939453
6953,0.013533353805541992,0.01446390151977539,0.0014925003051757812
6954,0.013461112976074219,0.011157035827636719,0.0014290809631347656
6955,0.014273405075073242,0.014477729797363281,0.0014958381652832031
6956,0.012152671813964844,0.013625860214233398,0.0014100074768066406
6957,0.01010441780090332,0.008734703063964844,0.0014700889587402344
6958,0.012453317642211914,0.010479211807250977,0.0014171600341796875
6959,0.009509801864624023,0.009848833084106445,0.0014259815216064453
6960,0.016504526138305664,0.01644158363342285,0.0014300346374511719
6961,0.015526771545410156,0.01284027099609375,0.0014827251434326172
6962,0.012207269668579102,0.012670516967773438,0.0014307498931884766
6963,0.01112818717956543,0.014724016189575195,0.0014429092407226562
6964,0.01418757438659668,0.010711669921875,0.001934051513671875
6965,0.008116960525512695,0.007248640060424805,0.0015790462493896484
6966,0.009637117385864258,0.012724876403808594,0.0016295909881591797
6967,0.01328134536743164,0.013648748397827148,0.0015704631805419922
6968,0.013983011245727539,0.01384735107421875,0.0014793872833251953
6969,0.010821104049682617,0.01037740707397461,0.0014753341674804688
6970,0.01176905632019043,0.014722585678100586,0.0014281272888183594
6971,0.016817569732666016,0.017842769622802734,0.0014636516571044922
6972,0.014138936996459961,0.012325525283813477,0.0014328956604003906
6973,0.012326717376708984,0.013782262802124023,0.0014142990112304688
6974,0.01572895050048828,0.016742467880249023,0.0014488697052001953
6975,0.010650396347045898,0.008717775344848633,0.0014269351959228516
6976,0.012797832489013672,0.01239156723022461,0.0016450881958007812
6977,0.009658098220825195,0.012200593948364258,0.001436471939086914
6978,0.012610197067260742,0.010886669158935547,0.0015521049499511719
6979,0.0137176513671875,0.013079404830932617,0.001453399658203125
6980,0.01616048812866211,0.013083696365356445,0.0016515254974365234
6981,0.014206409454345703,0.011354684829711914,0.0014400482177734375
6982,0.01121377944946289,0.011217832565307617,0.0015442371368408203
6983,0.009998559951782227,0.012463808059692383,0.001474618911743164
6984,0.01487874984741211,0.01314091682434082,0.001631021499633789
6985,0.011249065399169922,0.011424064636230469,0.0015416145324707031
6986,0.011319637298583984,0.011979818344116211,0.00152587890625
6987,0.01942300796508789,0.01764225959777832,0.0013709068298339844
6988,0.01806354522705078,0.012130975723266602,0.0014843940734863281
6989,0.015320062637329102,0.012005329132080078,0.0015168190002441406
6990,0.012015581130981445,0.013141155242919922,0.0014367103576660156
6991,0.017269611358642578,0.015375375747680664,0.0014874935150146484
6992,0.011098623275756836,0.009427785873413086,0.0015020370483398438
6993,0.01015019416809082,0.011755228042602539,0.0014739036560058594
6994,0.011899232864379883,0.011309146881103516,0.0015926361083984375
6995,0.011660337448120117,0.01241612434387207,0.0015118122100830078
6996,0.010505437850952148,0.012071847915649414,0.0017733573913574219
6997,0.012761116027832031,0.01247096061706543,0.00154876708984375
6998,0.01217031478881836,0.012386560440063477,0.0014824867248535156
6999,0.009556055068969727,0.010458230972290039,0.0014462471008300781
7000,0.013839960098266602,0.014145612716674805,0.001470327377319336
7001,0.012165307998657227,0.013993501663208008,0.001428842544555664
7002,0.009830474853515625,0.007066249847412109,0.0014281272888183594
7003,0.012947797775268555,0.013481616973876953,0.001439809799194336
7004,0.011876821517944336,0.011771678924560547,0.0014994144439697266
7005,0.010947942733764648,0.017435550689697266,0.001466989517211914
7006,0.012061357498168945,0.011116504669189453,0.0013804435729980469
7007,0.013590574264526367,0.016115665435791016,0.0014202594757080078
7008,0.011423587799072266,0.013991355895996094,0.0014259815216064453
7009,0.01079249382019043,0.014724016189575195,0.0014240741729736328
7010,0.014418601989746094,0.014145612716674805,0.0015332698822021484
7011,0.011695623397827148,0.01112055778503418,0.0015218257904052734
7012,0.008487939834594727,0.010077953338623047,0.001802206039428711
7013,0.015153884887695312,0.01376199722290039,0.0015060901641845703
7014,0.011827945709228516,0.010123252868652344,0.001470804214477539
7015,0.011152982711791992,0.010273456573486328,0.0014369487762451172
7016,0.010988712310791016,0.014397144317626953,0.001439809799194336
7017,0.010141134262084961,0.011517524719238281,0.0014989376068115234
7018,0.01485443115234375,0.01622939109802246,0.0014164447784423828
7019,0.014880180358886719,0.01653003692626953,0.001497507095336914
7020,0.013453006744384766,0.01224064826965332,0.0013933181762695312
7021,0.013485431671142578,0.015267133712768555,0.0015027523040771484
7022,0.011538267135620117,0.013932466506958008,0.0015244483947753906
7023,0.013254642486572266,0.010403871536254883,0.001422882080078125
7024,0.01288151741027832,0.012533426284790039,0.0014204978942871094
7025,0.008944272994995117,0.010665416717529297,0.0015075206756591797
7026,0.007394552230834961,0.009197235107421875,0.0014889240264892578
7027,0.014658451080322266,0.016657590866088867,0.0015263557434082031
7028,0.01170659065246582,0.01061868667602539,0.0017404556274414062
7029,0.008291006088256836,0.010537147521972656,0.0015175342559814453
7030,0.016589641571044922,0.014249563217163086,0.0015709400177001953
7031,0.015184164047241211,0.015442848205566406,0.0015003681182861328
7032,0.012513875961303711,0.01424860954284668,0.0015387535095214844
7033,0.013293743133544922,0.010242462158203125,0.0015025138854980469
7034,0.011224746704101562,0.010160207748413086,0.0014667510986328125
7035,0.013962030410766602,0.01698780059814453,0.0015647411346435547
7036,0.012774944305419922,0.00996255874633789,0.001435995101928711
7037,0.015636444091796875,0.01638936996459961,0.001585245132446289
7038,0.014516353607177734,0.0166623592376709,0.001531362533569336
7039,0.013773918151855469,0.015532255172729492,0.0015556812286376953
7040,0.013846158981323242,0.013334274291992188,0.0014960765838623047
7041,0.010744094848632812,0.013741731643676758,0.0014503002166748047
7042,0.01442098617553711,0.01152181625366211,0.0015633106231689453
7043,0.01030278205871582,0.012741565704345703,0.001413106918334961
7044,0.01385641098022461,0.016958951950073242,0.0018181800842285156
7045,0.00944209098815918,0.009416341781616211,0.0014867782592773438
7046,0.015412092208862305,0.019458532333374023,0.0015194416046142578
7047,0.010268688201904297,0.009192228317260742,0.001499176025390625
7048,0.013875246047973633,0.019176006317138672,0.0015020370483398438
7049,0.012786388397216797,0.010708093643188477,0.0014286041259765625
7050,0.015717506408691406,0.018776416778564453,0.0014884471893310547
7051,0.011010885238647461,0.014986038208007812,0.001558065414428711
7052,0.011513233184814453,0.013634681701660156,0.001382589340209961
7053,0.01685953140258789,0.021152496337890625,0.0015823841094970703
7054,0.010004043579101562,0.009203195571899414,0.0014138221740722656
7055,0.011005163192749023,0.016241073608398438,0.0014908313751220703
7056,0.013330459594726562,0.013926982879638672,0.0014476776123046875
7057,0.012028932571411133,0.009996652603149414,0.0016384124755859375
7058,0.011175394058227539,0.01389622688293457,0.0014536380767822266
7059,0.011564016342163086,0.014013290405273438,0.0014715194702148438
7060,0.009418010711669922,0.01289987564086914,0.0016927719116210938
7061,0.009609222412109375,0.0082855224609375,0.0015170574188232422
7062,0.007886409759521484,0.008374452590942383,0.0014047622680664062
7063,0.008704423904418945,0.006885051727294922,0.001470327377319336
7064,0.01546168327331543,0.01688361167907715,0.0015137195587158203
7065,0.016791105270385742,0.015702486038208008,0.0014157295227050781
7066,0.009311199188232422,0.010740280151367188,0.0015404224395751953
7067,0.014206886291503906,0.014525890350341797,0.0014390945434570312
7068,0.016100645065307617,0.015003442764282227,0.001528024673461914
7069,0.013654470443725586,0.015575885772705078,0.0014903545379638672
7070,0.011372566223144531,0.01144266128540039,0.0015363693237304688
7071,0.015707731246948242,0.0166623592376709,0.001417398452758789
7072,0.011233329772949219,0.00915217399597168,0.0014090538024902344
7073,0.009215116500854492,0.012982845306396484,0.0014030933380126953
7074,0.011350870132446289,0.011870384216308594,0.0014605522155761719
7075,0.013517141342163086,0.012261152267456055,0.001367807388305664
7076,0.009063243865966797,0.014036178588867188,0.0017383098602294922
7077,0.011750459671020508,0.012845516204833984,0.0014514923095703125
7078,0.009977340698242188,0.010610342025756836,0.0014929771423339844
7079,0.012640953063964844,0.014843463897705078,0.0014781951904296875
7080,0.013499021530151367,0.011217117309570312,0.001486063003540039
7081,0.013740777969360352,0.015597343444824219,0.0014309883117675781
7082,0.010968923568725586,0.010238170623779297,0.0014204978942871094
7083,0.009150028228759766,0.014207601547241211,0.0014221668243408203
7084,0.010892868041992188,0.010435819625854492,0.0014433860778808594
7085,0.017413854598999023,0.01995563507080078,0.0015120506286621094
7086,0.008219480514526367,0.009781360626220703,0.001476287841796875
7087,0.011722564697265625,0.014984130859375,0.0014998912811279297
7088,0.01360940933227539,0.016239166259765625,0.0015304088592529297
7089,0.012514114379882812,0.014494657516479492,0.0015010833740234375
7090,0.011562347412109375,0.01208806037902832,0.001527547836303711
7091,0.013267040252685547,0.013477087020874023,0.0015630722045898438
7092,0.015358209609985352,0.01755046844482422,0.0016713142395019531
7093,0.01748347282409668,0.013002157211303711,0.0018239021301269531
7094,0.02012038230895996,0.020360946655273438,0.0015065670013427734
7095,0.012212038040161133,0.010204553604125977,0.001667022705078125
7096,0.012889862060546875,0.013789892196655273,0.0014274120330810547
7097,0.013061285018920898,0.01483297348022461,0.0014536380767822266
7098,0.01336359977722168,0.014744997024536133,0.0015647411346435547
7099,0.011632442474365234,0.012408733367919922,0.0014433860778808594
7100,0.008791685104370117,0.009542226791381836,0.0014865398406982422
7101,0.014543294906616211,0.017153263092041016,0.0014433860778808594
7102,0.011907815933227539,0.010324716567993164,0.0014977455139160156
7103,0.013223886489868164,0.011870861053466797,0.0014536380767822266
7104,0.009880304336547852,0.012405157089233398,0.0014934539794921875
7105,0.015146732330322266,0.018265724182128906,0.0014500617980957031
7106,0.016754627227783203,0.01640176773071289,0.0014808177947998047
7107,0.016290903091430664,0.011538505554199219,0.0014166831970214844
7108,0.014021635055541992,0.014769554138183594,0.0016973018646240234
7109,0.014927387237548828,0.011002302169799805,0.001508951187133789
7110,0.015231132507324219,0.015845537185668945,0.0013918876647949219
7111,0.014886617660522461,0.016064167022705078,0.0014734268188476562
7112,0.013241291046142578,0.01725482940673828,0.0015764236450195312
7113,0.009340047836303711,0.01182103157043457,0.0015234947204589844
7114,0.011605501174926758,0.011723041534423828,0.0015366077423095703
7115,0.014461517333984375,0.0177919864654541,0.0014138221740722656
7116,0.015979766845703125,0.0176084041595459,0.0014429092407226562
7117,0.009457826614379883,0.006351470947265625,0.0014851093292236328
7118,0.014264583587646484,0.016934633255004883,0.0013885498046875
7119,0.015780925750732422,0.012771368026733398,0.0014767646789550781
7120,0.015816926956176758,0.015225887298583984,0.0014379024505615234
7121,0.013440370559692383,0.018497467041015625,0.001451253890991211
7122,0.014500141143798828,0.011011838912963867,0.001493215560913086
7123,0.010058164596557617,0.008899688720703125,0.0014579296112060547
7124,0.010729074478149414,0.011860132217407227,0.0017113685607910156
7125,0.017961502075195312,0.017513275146484375,0.001478433609008789
7126,0.009279012680053711,0.007806062698364258,0.0015206336975097656
7127,0.01273036003112793,0.013266324996948242,0.0014770030975341797
7128,0.008722782135009766,0.012356281280517578,0.0014379024505615234
7129,0.014505386352539062,0.01692509651184082,0.0014696121215820312
7130,0.013342618942260742,0.011289596557617188,0.0016369819641113281
7131,0.010453939437866211,0.010604619979858398,0.0014758110046386719
7132,0.010091781616210938,0.012148380279541016,0.0015249252319335938
7133,0.011683225631713867,0.012668132781982422,0.0014505386352539062
7134,0.015660524368286133,0.016124248504638672,0.0015001296997070312
7135,0.01648259162902832,0.017496109008789062,0.0014564990997314453
7136,0.013788461685180664,0.014778375625610352,0.0014803409576416016
7137,0.014263391494750977,0.015674591064453125,0.0014274120330810547
7138,0.01136469841003418,0.008457422256469727,0.0014591217041015625
7139,0.009800195693969727,0.011851310729980469,0.0014734268188476562
7140,0.010324716567993164,0.012731313705444336,0.0016744136810302734
7141,0.015101432800292969,0.014340877532958984,0.0014834403991699219
7142,0.012058019638061523,0.010567903518676758,0.001474618911743164
7143,0.014311552047729492,0.015659809112548828,0.0014159679412841797
7144,0.010452032089233398,0.011184215545654297,0.0014600753784179688
7145,0.012887716293334961,0.01566624641418457,0.0014712810516357422
7146,0.013838529586791992,0.01380157470703125,0.0014188289642333984
7147,0.012963056564331055,0.010573387145996094,0.0015137195587158203
7148,0.009981393814086914,0.011069297790527344,0.0013964176177978516
7149,0.012684345245361328,0.014275074005126953,0.0015077590942382812
7150,0.013901710510253906,0.009842157363891602,0.001466989517211914
7151,0.015396833419799805,0.01588606834411621,0.0014488697052001953
7152,0.014873743057250977,0.015295267105102539,0.0013995170593261719
7153,0.013311386108398438,0.01577591896057129,0.0014808177947998047
7154,0.012851238250732422,0.008528470993041992,0.0014085769653320312
7155,0.014046669006347656,0.015314340591430664,0.0014641284942626953
7156,0.010839223861694336,0.016437768936157227,0.0016438961029052734
7157,0.012264251708984375,0.015964508056640625,0.0014452934265136719
7158,0.009444952011108398,0.010704278945922852,0.0014100074768066406
7159,0.013179302215576172,0.01575446128845215,0.0014367103576660156
7160,0.011522769927978516,0.008080005645751953,0.0014653205871582031
7161,0.007061481475830078,0.006348133087158203,0.0013964176177978516
7162,0.01814723014831543,0.016266584396362305,0.0014619827270507812
7163,0.011053323745727539,0.010511398315429688,0.0014750957489013672
7164,0.014958858489990234,0.014568328857421875,0.0014498233795166016
7165,0.014611005783081055,0.01707005500793457,0.0013988018035888672
7166,0.009128332138061523,0.0084381103515625,0.0014598369598388672
7167,0.013183116912841797,0.01366567611694336,0.0013594627380371094
7168,0.00931549072265625,0.01586747169494629,0.0015044212341308594
7169,0.011369705200195312,0.01037454605102539,0.0014808177947998047
7170,0.011539220809936523,0.013085603713989258,0.0014252662658691406
7171,0.013141155242919922,0.01519918441772461,0.0014884471893310547
7172,0.013160943984985352,0.014826536178588867,0.0017387866973876953
7173,0.008342742919921875,0.009939908981323242,0.0014421939849853516
7174,0.007586002349853516,0.009570598602294922,0.0015385150909423828
7175,0.011402368545532227,0.015114068984985352,0.0013883113861083984
7176,0.016633033752441406,0.01510930061340332,0.0013735294342041016
7177,0.011743307113647461,0.008117914199829102,0.001390695571899414
7178,0.012753725051879883,0.01045536994934082,0.0014030933380126953
7179,0.00982522964477539,0.009881258010864258,0.0014598369598388672
7180,0.01605677604675293,0.017669200897216797,0.001401662826538086
7181,0.012900829315185547,0.009789466857910156,0.0014421939849853516
7182,0.012824058532714844,0.01324319839477539,0.0013682842254638672
7183,0.012531042098999023,0.013772964477539062,0.0015282630920410156
7184,0.013893365859985352,0.010045528411865234,0.0014650821685791016
7185,0.016862154006958008,0.019367218017578125,0.0014181137084960938
7186,0.013422250747680664,0.011618852615356445,0.0014996528625488281
7187,0.013594865798950195,0.013360738754272461,0.0015294551849365234
7188,0.015621185302734375,0.016833066940307617,0.0016834735870361328
7189,0.015712976455688477,0.01381683349609375,0.0015277862548828125
7190,0.013620853424072266,0.013188838958740234,0.0014145374298095703
7191,0.013559103012084961,0.015198230743408203,0.0014781951904296875
7192,0.01111745834350586,0.00850057601928711,0.0013799667358398438
7193,0.013173103332519531,0.012481927871704102,0.0013988018035888672
7194,0.019107341766357422,0.014826536178588867,0.0014216899871826172
7195,0.012887954711914062,0.013706207275390625,0.0013594627380371094
7196,0.009588479995727539,0.008420944213867188,0.0015308856964111328
7197,0.009449958801269531,0.012331724166870117,0.0014181137084960938
7198,0.01023411750793457,0.009809494018554688,0.0014638900756835938
7199,0.008610963821411133,0.013161659240722656,0.0015118122100830078
7200,0.009413003921508789,0.010521411895751953,0.0014243125915527344
7201,0.011549234390258789,0.012596607208251953,0.001544952392578125
7202,0.015624523162841797,0.018391847610473633,0.0014193058013916016
7203,0.011523008346557617,0.009247303009033203,0.0015058517456054688
7204,0.010610818862915039,0.010928869247436523,0.0017175674438476562
7205,0.012251853942871094,0.013350963592529297,0.0015594959259033203
7206,0.008808374404907227,0.012144088745117188,0.0014851093292236328
7207,0.008570432662963867,0.01197052001953125,0.0014595985412597656
7208,0.012552976608276367,0.015044689178466797,0.0015063285827636719
7209,0.014693260192871094,0.012714862823486328,0.0014705657958984375
7210,0.012848377227783203,0.012024402618408203,0.0015244483947753906
7211,0.01253962516784668,0.014360189437866211,0.0014739036560058594
7212,0.008890628814697266,0.012209892272949219,0.0014383792877197266
7213,0.01508784294128418,0.015447378158569336,0.0014107227325439453
7214,0.01740717887878418,0.013096809387207031,0.0014476776123046875
7215,0.01593804359436035,0.016884565353393555,0.0014612674713134766
7216,0.013502836227416992,0.00903940200805664,0.0014734268188476562
7217,0.0076084136962890625,0.013827323913574219,0.001477956771850586
7218,0.018351078033447266,0.019910812377929688,0.0013859272003173828
7219,0.010782718658447266,0.010885000228881836,0.001558542251586914
7220,0.014466285705566406,0.013990163803100586,0.0017464160919189453
7221,0.010852813720703125,0.007817983627319336,0.0015411376953125
7222,0.011948347091674805,0.009629249572753906,0.0014548301696777344
7223,0.01136159896850586,0.01602768898010254,0.0015130043029785156
7224,0.014279365539550781,0.011666297912597656,0.0014722347259521484
7225,0.009998321533203125,0.011787652969360352,0.0014414787292480469
7226,0.009822607040405273,0.010275840759277344,0.0014693737030029297
7227,0.014622926712036133,0.016144752502441406,0.001466989517211914
7228,0.01416158676147461,0.01745772361755371,0.0014629364013671875
7229,0.013010740280151367,0.015276908874511719,0.0014142990112304688
7230,0.015392541885375977,0.012990951538085938,0.0014119148254394531
7231,0.013505697250366211,0.013840436935424805,0.001432180404663086
7232,0.010396718978881836,0.011822938919067383,0.001506805419921875
7233,0.01207733154296875,0.01289057731628418,0.001737833023071289
7234,0.008481264114379883,0.006906032562255859,0.0015788078308105469
7235,0.01121068000793457,0.013209342956542969,0.0016286373138427734
7236,0.0088043212890625,0.010401487350463867,0.0017969608306884766
7237,0.008439779281616211,0.014912843704223633,0.0016870498657226562
7238,0.013605356216430664,0.026515722274780273,0.0014619827270507812
7239,0.014796972274780273,0.012667179107666016,0.001611471176147461
7240,0.008945703506469727,0.008912086486816406,0.0014574527740478516
7241,0.010495901107788086,0.014386177062988281,0.0016312599182128906
7242,0.011294364929199219,0.010431289672851562,0.0014064311981201172
7243,0.01377415657043457,0.013978242874145508,0.0015273094177246094
7244,0.009828329086303711,0.010622262954711914,0.0015799999237060547
7245,0.01274871826171875,0.01200723648071289,0.0015506744384765625
7246,0.015669584274291992,0.01752161979675293,0.0015718936920166016
7247,0.013786792755126953,0.013199806213378906,0.0015537738800048828
7248,0.018002748489379883,0.017191410064697266,0.001524209976196289
7249,0.014316320419311523,0.015236854553222656,0.0015850067138671875
7250,0.013192176818847656,0.012614011764526367,0.0013654232025146484
7251,0.009902715682983398,0.013435840606689453,0.00140380859375
7252,0.009622573852539062,0.014850854873657227,0.0017976760864257812
7253,0.005306243896484375,0.004703521728515625,0.0014290809631347656
7254,0.011673927307128906,0.013527154922485352,0.0014986991882324219
7255,0.013260841369628906,0.017604589462280273,0.0014252662658691406
7256,0.012880325317382812,0.0157318115234375,0.0016269683837890625
7257,0.01354670524597168,0.010424375534057617,0.001596212387084961
7258,0.015761375427246094,0.015689373016357422,0.0015642642974853516
7259,0.010843515396118164,0.014337301254272461,0.0015764236450195312
7260,0.01397848129272461,0.012792110443115234,0.0015530586242675781
7261,0.016512393951416016,0.014075756072998047,0.0014829635620117188
7262,0.010318517684936523,0.008824825286865234,0.0014121532440185547
7263,0.012749671936035156,0.015638113021850586,0.0015163421630859375
7264,0.012104272842407227,0.012857198715209961,0.0015513896942138672
7265,0.01734161376953125,0.016293764114379883,0.0013840198516845703
7266,0.010950565338134766,0.012618064880371094,0.00151824951171875
7267,0.01260519027709961,0.011388778686523438,0.001445770263671875
7268,0.013737916946411133,0.014158248901367188,0.0017964839935302734
7269,0.011436223983764648,0.01393270492553711,0.0015592575073242188
7270,0.009313344955444336,0.016167402267456055,0.0014176368713378906
7271,0.012726306915283203,0.009637594223022461,0.0014636516571044922
7272,0.00970458984375,0.010172128677368164,0.0014739036560058594
7273,0.010776996612548828,0.015035867691040039,0.0014317035675048828
7274,0.014015436172485352,0.017713069915771484,0.00139617919921875
7275,0.01350855827331543,0.011960029602050781,0.001453399658203125
7276,0.015119075775146484,0.014771699905395508,0.0014538764953613281
7277,0.009568452835083008,0.009881973266601562,0.0014812946319580078
7278,0.011753082275390625,0.01381683349609375,0.0015482902526855469
7279,0.011319160461425781,0.012357711791992188,0.0015001296997070312
7280,0.010762929916381836,0.012313604354858398,0.0014603137969970703
7281,0.013564586639404297,0.013765573501586914,0.0014753341674804688
7282,0.01673603057861328,0.011821269989013672,0.001383066177368164
7283,0.013283967971801758,0.011370658874511719,0.0014195442199707031
7284,0.013461112976074219,0.01856064796447754,0.0017087459564208984
7285,0.011322736740112305,0.013860702514648438,0.0013964176177978516
7286,0.009112119674682617,0.014534235000610352,0.0014543533325195312
7287,0.013025522232055664,0.015856266021728516,0.0014443397521972656
7288,0.013238668441772461,0.015604019165039062,0.0014584064483642578
7289,0.013462066650390625,0.010637521743774414,0.0014295578002929688
7290,0.013951301574707031,0.015144109725952148,0.0014595985412597656
7291,0.013705253601074219,0.016347408294677734,0.001466989517211914
7292,0.013147592544555664,0.01070261001586914,0.001567840576171875
7293,0.012852191925048828,0.014035940170288086,0.0014147758483886719
7294,0.015710115432739258,0.013528108596801758,0.0015552043914794922
7295,0.010894060134887695,0.008771181106567383,0.0014233589172363281
7296,0.014072418212890625,0.013918638229370117,0.0014617443084716797
7297,0.011348962783813477,0.00997161865234375,0.0014538764953613281
7298,0.011816740036010742,0.015714406967163086,0.0014743804931640625
7299,0.015104532241821289,0.01702260971069336,0.0015099048614501953
7300,0.011735677719116211,0.01544332504272461,0.0017066001892089844
7301,0.008672714233398438,0.0075533390045166016,0.0015988349914550781
7302,0.013871908187866211,0.017328500747680664,0.001493692398071289
7303,0.017519235610961914,0.017139196395874023,0.0015044212341308594
7304,0.012741804122924805,0.01099252700805664,0.0014066696166992188
7305,0.01053762435913086,0.012284278869628906,0.001394510269165039
7306,0.01055455207824707,0.013876199722290039,0.001402139663696289
7307,0.01096963882446289,0.01369619369506836,0.0014157295227050781
7308,0.015082597732543945,0.012343645095825195,0.0015642642974853516
7309,0.011703252792358398,0.013939380645751953,0.0015711784362792969
7310,0.012271881103515625,0.015393972396850586,0.0016052722930908203
7311,0.013293027877807617,0.01813364028930664,0.0016057491302490234
7312,0.013994455337524414,0.01416635513305664,0.001535177230834961
7313,0.010973215103149414,0.006860256195068359,0.0014615058898925781
7314,0.009518861770629883,0.010499000549316406,0.0014286041259765625
7315,0.008212089538574219,0.007852554321289062,0.0014994144439697266
7316,0.010408639907836914,0.011483430862426758,0.001657724380493164
7317,0.01023721694946289,0.013731718063354492,0.0015056133270263672
7318,0.014373064041137695,0.015679597854614258,0.0014650821685791016
7319,0.009186029434204102,0.008116483688354492,0.0014934539794921875
7320,0.009232521057128906,0.007661104202270508,0.0014939308166503906
7321,0.016568660736083984,0.013742923736572266,0.0015268325805664062
7322,0.01373434066772461,0.012547969818115234,0.0014929771423339844
7323,0.009351730346679688,0.01497340202331543,0.001394033432006836
7324,0.011013507843017578,0.00821828842163086,0.0014488697052001953
7325,0.012239694595336914,0.011553287506103516,0.001497507095336914
7326,0.009573936462402344,0.009967803955078125,0.001451730728149414
7327,0.01346731185913086,0.013151884078979492,0.0014634132385253906
7328,0.013532638549804688,0.013616561889648438,0.001407623291015625
7329,0.008321046829223633,0.010457277297973633,0.0015301704406738281
7330,0.01396489143371582,0.013353109359741211,0.00148773193359375
7331,0.010106563568115234,0.013828277587890625,0.0014429092407226562
7332,0.012980222702026367,0.014332056045532227,0.0017163753509521484
7333,0.01050114631652832,0.011563539505004883,0.0014848709106445312
7334,0.010875940322875977,0.012831687927246094,0.0013968944549560547
7335,0.014734029769897461,0.013075113296508789,0.0013470649719238281
7336,0.009247064590454102,0.011622428894042969,0.0014851093292236328
7337,0.0119781494140625,0.013233423233032227,0.0016145706176757812
7338,0.01797199249267578,0.016693830490112305,0.0014383792877197266
7339,0.011674642562866211,0.007283210754394531,0.0016040802001953125
7340,0.010772705078125,0.007879018783569336,0.0015435218811035156
7341,0.015035629272460938,0.013621330261230469,0.0014622211456298828
7342,0.014762163162231445,0.016535282135009766,0.00154876708984375
7343,0.010972738265991211,0.013582468032836914,0.0014901161193847656
7344,0.009423017501831055,0.009607076644897461,0.0015120506286621094
7345,0.01164865493774414,0.00995326042175293,0.0015087127685546875
7346,0.012296676635742188,0.012825489044189453,0.0014209747314453125
7347,0.008066892623901367,0.007738351821899414,0.0015156269073486328
7348,0.013634681701660156,0.01361536979675293,0.0016946792602539062
7349,0.0128936767578125,0.014849424362182617,0.0015606880187988281
7350,0.014322280883789062,0.012625932693481445,0.001468658447265625
7351,0.014099359512329102,0.014315128326416016,0.0015680789947509766
7352,0.013194799423217773,0.012738466262817383,0.0014832019805908203
7353,0.014301300048828125,0.014461755752563477,0.0014235973358154297
7354,0.007252931594848633,0.005272388458251953,0.0014681816101074219
7355,0.009811162948608398,0.01013946533203125,0.0014841556549072266
7356,0.01121211051940918,0.013430595397949219,0.001523733139038086
7357,0.009560108184814453,0.013932228088378906,0.0013964176177978516
7358,0.009573936462402344,0.008955240249633789,0.0014429092407226562
7359,0.013138771057128906,0.015372753143310547,0.0014481544494628906
7360,0.011126041412353516,0.015543222427368164,0.0014264583587646484
7361,0.012346982955932617,0.012092828750610352,0.0014622211456298828
7362,0.008860111236572266,0.009306907653808594,0.0014042854309082031
7363,0.014150381088256836,0.01411890983581543,0.0014486312866210938
7364,0.014172077178955078,0.014014720916748047,0.0016486644744873047
7365,0.006470918655395508,0.008384227752685547,0.0014486312866210938
7366,0.009036064147949219,0.012698650360107422,0.0015873908996582031
7367,0.010528802871704102,0.013915061950683594,0.0016217231750488281
7368,0.014642477035522461,0.017805099487304688,0.0015556812286376953
7369,0.012581110000610352,0.009737968444824219,0.0015780925750732422
7370,0.014102935791015625,0.016283273696899414,0.0014832019805908203
7371,0.011196374893188477,0.01355886459350586,0.0015041828155517578
7372,0.017299175262451172,0.012802839279174805,0.0014796257019042969
7373,0.013301610946655273,0.015016555786132812,0.001438140869140625
7374,0.013418197631835938,0.014919519424438477,0.001436471939086914
7375,0.01465749740600586,0.017489194869995117,0.0014333724975585938
7376,0.014172077178955078,0.016499042510986328,0.0014963150024414062
7377,0.013448238372802734,0.013943910598754883,0.0014674663543701172
7378,0.008020877838134766,0.012223482131958008,0.0014684200286865234
7379,0.009099960327148438,0.010973453521728516,0.0015342235565185547
7380,0.015239477157592773,0.016880512237548828,0.0016937255859375
7381,0.01242685317993164,0.014423608779907227,0.0014498233795166016
7382,0.008208513259887695,0.008402109146118164,0.0014090538024902344
7383,0.011842727661132812,0.012454032897949219,0.0013997554779052734
7384,0.009784698486328125,0.008486509323120117,0.0014142990112304688
7385,0.013082027435302734,0.015532493591308594,0.0014865398406982422
7386,0.016333580017089844,0.016454696655273438,0.0014445781707763672
7387,0.009335994720458984,0.008760690689086914,0.001407623291015625
7388,0.010862350463867188,0.008787393569946289,0.0014379024505615234
7389,0.013788461685180664,0.015131711959838867,0.0014312267303466797
7390,0.00815582275390625,0.009939432144165039,0.0015134811401367188
7391,0.015354156494140625,0.011438608169555664,0.0015149116516113281
7392,0.012524604797363281,0.01344156265258789,0.001405954360961914
7393,0.011146068572998047,0.013929605484008789,0.001608133316040039
7394,0.008593320846557617,0.011564254760742188,0.0014071464538574219
7395,0.0076770782470703125,0.008353710174560547,0.0014622211456298828
7396,0.006587028503417969,0.007478237152099609,0.00176239013671875
7397,0.010123968124389648,0.011630773544311523,0.0014579296112060547
7398,0.007374286651611328,0.01065206527709961,0.0015227794647216797
7399,0.012702703475952148,0.014580249786376953,0.0014820098876953125
7400,0.011662006378173828,0.010873079299926758,0.0015416145324707031
7401,0.014792203903198242,0.015636205673217773,0.0015194416046142578
7402,0.009617090225219727,0.011410713195800781,0.0015006065368652344
7403,0.011007547378540039,0.00984048843383789,0.0014715194702148438
7404,0.010188579559326172,0.012952327728271484,0.0014736652374267578
7405,0.01102137565612793,0.015370368957519531,0.0014460086822509766
7406,0.010313272476196289,0.010016679763793945,0.0014238357543945312
7407,0.01506185531616211,0.015279293060302734,0.0014338493347167969
7408,0.013854503631591797,0.01527094841003418,0.0014221668243408203
7409,0.011591672897338867,0.011371612548828125,0.0014116764068603516
7410,0.013572216033935547,0.013815641403198242,0.0015025138854980469
7411,0.012687921524047852,0.014873027801513672,0.0013966560363769531
7412,0.010951519012451172,0.010290861129760742,0.0017132759094238281
7413,0.014159917831420898,0.015214920043945312,0.0014429092407226562
7414,0.017169475555419922,0.017536401748657227,0.0014576911926269531
7415,0.013277292251586914,0.014932870864868164,0.0014493465423583984
7416,0.01632380485534668,0.017320871353149414,0.0014226436614990234
7417,0.014464378356933594,0.012314796447753906,0.0014984607696533203
7418,0.017091751098632812,0.015222787857055664,0.0014476776123046875
7419,0.010252237319946289,0.011380434036254883,0.0014967918395996094
7420,0.015301704406738281,0.01651167869567871,0.0014486312866210938
7421,0.013484954833984375,0.009657621383666992,0.0014569759368896484
7422,0.010403633117675781,0.008009910583496094,0.001447439193725586
7423,0.010863304138183594,0.013561725616455078,0.0018570423126220703
7424,0.012707710266113281,0.015019655227661133,0.0014481544494628906
7425,0.0063817501068115234,0.006921291351318359,0.0016493797302246094
7426,0.01225137710571289,0.015514135360717773,0.0015072822570800781
7427,0.009651660919189453,0.01717686653137207,0.0014696121215820312
7428,0.012279748916625977,0.014423370361328125,0.0017540454864501953
7429,0.010340452194213867,0.015271663665771484,0.0015184879302978516
7430,0.01581883430480957,0.020609617233276367,0.0014979839324951172
7431,0.013457059860229492,0.018474817276000977,0.0014796257019042969
7432,0.010510921478271484,0.014488697052001953,0.0014870166778564453
7433,0.0173184871673584,0.016535043716430664,0.0016162395477294922
7434,0.016310930252075195,0.013452291488647461,0.0014328956604003906
7435,0.014528036117553711,0.012419700622558594,0.0015349388122558594
7436,0.011588096618652344,0.009876489639282227,0.0014801025390625
7437,0.015465021133422852,0.019516468048095703,0.0014903545379638672
7438,0.013513326644897461,0.011774063110351562,0.0015604496002197266
7439,0.011405229568481445,0.011440515518188477,0.0014736652374267578
7440,0.011257648468017578,0.013855695724487305,0.0014472007751464844
7441,0.011815309524536133,0.01582813262939453,0.0015277862548828125
7442,0.012230634689331055,0.015634775161743164,0.0014636516571044922
7443,0.013102054595947266,0.01519465446472168,0.0014643669128417969
7444,0.009732484817504883,0.011719226837158203,0.0017652511596679688
7445,0.013535499572753906,0.015591859817504883,0.0014562606811523438
7446,0.011722326278686523,0.010275602340698242,0.001489877700805664
7447,0.011234283447265625,0.014521598815917969,0.0013966560363769531
7448,0.007801532745361328,0.00993800163269043,0.0014858245849609375
7449,0.014345169067382812,0.013676881790161133,0.0014085769653320312
7450,0.01723623275756836,0.016310453414916992,0.0014808177947998047
7451,0.011641979217529297,0.012203693389892578,0.0014233589172363281
7452,0.015547513961791992,0.015275955200195312,0.00153350830078125
7453,0.01080775260925293,0.015348434448242188,0.00145721435546875
7454,0.012313365936279297,0.014688730239868164,0.0014338493347167969
7455,0.007115840911865234,0.006755352020263672,0.0015444755554199219
7456,0.010273456573486328,0.011434078216552734,0.0014412403106689453
7457,0.013535737991333008,0.013178348541259766,0.0014884471893310547
7458,0.007745265960693359,0.012161493301391602,0.001506805419921875
7459,0.011470794677734375,0.014434814453125,0.0015058517456054688
7460,0.013398408889770508,0.011631011962890625,0.0016636848449707031
7461,0.00812387466430664,0.005685329437255859,0.0015361309051513672
7462,0.014804840087890625,0.01453399658203125,0.001436471939086914
7463,0.01103353500366211,0.011993646621704102,0.0014650821685791016
7464,0.014056205749511719,0.01685476303100586,0.0013515949249267578
7465,0.015257835388183594,0.016115188598632812,0.0015268325805664062
7466,0.01281595230102539,0.013110876083374023,0.0014362335205078125
7467,0.010662317276000977,0.015540599822998047,0.0013933181762695312
7468,0.014121294021606445,0.012758016586303711,0.0015707015991210938
7469,0.009363889694213867,0.01131296157836914,0.0014491081237792969
7470,0.01442718505859375,0.01520228385925293,0.0015099048614501953
7471,0.012768745422363281,0.014525175094604492,0.0014693737030029297
7472,0.009990453720092773,0.008397817611694336,0.0014667510986328125
7473,0.009517669677734375,0.012784481048583984,0.0014374256134033203
7474,0.01359868049621582,0.014471769332885742,0.001462697982788086
7475,0.015314817428588867,0.012699365615844727,0.0015790462493896484
7476,0.009093999862670898,0.006757974624633789,0.0016765594482421875
7477,0.011402130126953125,0.010069131851196289,0.0015113353729248047
7478,0.011166095733642578,0.01241755485534668,0.001470327377319336
7479,0.011090755462646484,0.014603853225708008,0.0014145374298095703
7480,0.01423501968383789,0.01582956314086914,0.001438140869140625
7481,0.013945579528808594,0.00961613655090332,0.0013661384582519531
7482,0.012058496475219727,0.02016758918762207,0.0014681816101074219
7483,0.012067317962646484,0.009292364120483398,0.0013813972473144531
7484,0.010264873504638672,0.011702299118041992,0.0014734268188476562
7485,0.017603635787963867,0.018204450607299805,0.0014882087707519531
7486,0.01144099235534668,0.00966787338256836,0.0014679431915283203
7487,0.008736133575439453,0.012775897979736328,0.0014743804931640625
7488,0.015578031539916992,0.015943050384521484,0.0014102458953857422
7489,0.010130643844604492,0.011783361434936523,0.0014443397521972656
7490,0.011980056762695312,0.0132598876953125,0.0015320777893066406
7491,0.009081363677978516,0.008936405181884766,0.0015065670013427734
7492,0.006994724273681641,0.01004171371459961,0.0017540454864501953
7493,0.014236688613891602,0.01624464988708496,0.0014345645904541016
7494,0.01031494140625,0.012959957122802734,0.0013751983642578125
7495,0.015193700790405273,0.01870560646057129,0.0014696121215820312
7496,0.014426946640014648,0.013680458068847656,0.0014500617980957031
7497,0.012397527694702148,0.013361692428588867,0.0014293193817138672
7498,0.010197162628173828,0.012545585632324219,0.0014421939849853516
7499,0.011087417602539062,0.011627435684204102,0.0014348030090332031
7500,0.01720881462097168,0.018795013427734375,0.0014605522155761719
7501,0.01409006118774414,0.010898828506469727,0.0015642642974853516
7502,0.014875650405883789,0.009434223175048828,0.0014996528625488281
7503,0.012181997299194336,0.014641284942626953,0.0015554428100585938
7504,0.015189170837402344,0.018083810806274414,0.0014543533325195312
7505,0.01296687126159668,0.013951778411865234,0.0015232563018798828
7506,0.011913537979125977,0.014615058898925781,0.0014238357543945312
7507,0.0070171356201171875,0.00994873046875,0.0014028549194335938
7508,0.013643503189086914,0.015697479248046875,0.0016927719116210938
7509,0.010737180709838867,0.012518644332885742,0.001439809799194336
7510,0.012384414672851562,0.013601303100585938,0.0014793872833251953
7511,0.012300968170166016,0.009933710098266602,0.0014853477478027344
7512,0.010474920272827148,0.011401176452636719,0.0014727115631103516
7513,0.007050752639770508,0.011714935302734375,0.0014638900756835938
7514,0.010440349578857422,0.010171175003051758,0.001455068588256836
7515,0.017570018768310547,0.014823436737060547,0.0015408992767333984
7516,0.011322975158691406,0.012987375259399414,0.0014274120330810547
7517,0.013870716094970703,0.015316963195800781,0.0014832019805908203
7518,0.01163339614868164,0.009881734848022461,0.0014081001281738281
7519,0.015204191207885742,0.014298439025878906,0.0015108585357666016
7520,0.015400171279907227,0.01659846305847168,0.0014979839324951172
7521,0.010689258575439453,0.00792694091796875,0.001495361328125
7522,0.013854503631591797,0.013436079025268555,0.0014340877532958984
7523,0.009797096252441406,0.011138439178466797,0.0015087127685546875
7524,0.012916326522827148,0.014506340026855469,0.0017058849334716797
7525,0.01618051528930664,0.015453338623046875,0.0014257431030273438
7526,0.014074087142944336,0.010580062866210938,0.0015170574188232422
7527,0.013172626495361328,0.013331174850463867,0.0014407634735107422
7528,0.009624481201171875,0.013390302658081055,0.0014083385467529297
7529,0.012103796005249023,0.017359495162963867,0.0014090538024902344
7530,0.014339685440063477,0.01117086410522461,0.0014188289642333984
7531,0.01455545425415039,0.01631760597229004,0.0014338493347167969
7532,0.010022401809692383,0.011757612228393555,0.0015141963958740234
7533,0.01258707046508789,0.01470041275024414,0.0014078617095947266
7534,0.009402036666870117,0.007157325744628906,0.0014748573303222656
7535,0.014003276824951172,0.013794422149658203,0.001470327377319336
7536,0.01241445541381836,0.01237797737121582,0.0014379024505615234
7537,0.013664722442626953,0.015126705169677734,0.0014276504516601562
7538,0.00850820541381836,0.007091522216796875,0.0014529228210449219
7539,0.013985872268676758,0.01308584213256836,0.001491546630859375
7540,0.013494491577148438,0.015325784683227539,0.0017087459564208984
7541,0.012252569198608398,0.013718843460083008,0.0015039443969726562
7542,0.015295743942260742,0.015758514404296875,0.001470327377319336
7543,0.010135650634765625,0.013431787490844727,0.0014445781707763672
7544,0.013874292373657227,0.015403270721435547,0.0014286041259765625
7545,0.014842748641967773,0.01042628288269043,0.0014216899871826172
7546,0.021886348724365234,0.017236948013305664,0.001432180404663086
7547,0.011628150939941406,0.011844635009765625,0.0014362335205078125
7548,0.01596522331237793,0.018725872039794922,0.0013949871063232422
7549,0.009649276733398438,0.00799560546875,0.0015347003936767578
7550,0.011655569076538086,0.009198188781738281,0.001443624496459961
7551,0.008293867111206055,0.013705968856811523,0.0015223026275634766
7552,0.0174105167388916,0.016483545303344727,0.0015015602111816406
7553,0.010369062423706055,0.010287046432495117,0.0014638900756835938
7554,0.01379704475402832,0.012841463088989258,0.001508951187133789
7555,0.012170553207397461,0.013031721115112305,0.0014109611511230469
7556,0.011847734451293945,0.013711929321289062,0.0017175674438476562
7557,0.012321710586547852,0.012230634689331055,0.0015289783477783203
7558,0.010022640228271484,0.014798641204833984,0.0014622211456298828
7559,0.014558792114257812,0.01701045036315918,0.0015175342559814453
7560,0.013965606689453125,0.009371519088745117,0.0014221668243408203
7561,0.008732795715332031,0.008653640747070312,0.0013761520385742188
7562,0.009576082229614258,0.012477874755859375,0.00156402587890625
7563,0.010628461837768555,0.013285398483276367,0.001425027847290039
7564,0.01608872413635254,0.018795490264892578,0.0014493465423583984
7565,0.016277313232421875,0.01548004150390625,0.0013921260833740234
7566,0.01047062873840332,0.009997129440307617,0.0014824867248535156
7567,0.012672662734985352,0.014162302017211914,0.0014872550964355469
7568,0.012829065322875977,0.015676021575927734,0.0016512870788574219
7569,0.016853809356689453,0.01504659652709961,0.0014629364013671875
7570,0.013546228408813477,0.015590667724609375,0.001501321792602539
7571,0.014009237289428711,0.01611042022705078,0.0015103816986083984
7572,0.013762235641479492,0.015429019927978516,0.0017142295837402344
7573,0.010998964309692383,0.01354670524597168,0.0015320777893066406
7574,0.010653257369995117,0.013337850570678711,0.0015418529510498047
7575,0.011804342269897461,0.009043693542480469,0.0014216899871826172
7576,0.012210845947265625,0.013872623443603516,0.0014965534210205078
7577,0.014261007308959961,0.015326738357543945,0.0014133453369140625
7578,0.014350652694702148,0.015042781829833984,0.0014705657958984375
7579,0.012175559997558594,0.01219320297241211,0.0013625621795654297
7580,0.01380014419555664,0.01564955711364746,0.001638174057006836
7581,0.011999845504760742,0.014781713485717773,0.0014719963073730469
7582,0.013176918029785156,0.011214256286621094,0.0014028549194335938
7583,0.014476776123046875,0.015624046325683594,0.0015850067138671875
7584,0.016610145568847656,0.01265573501586914,0.0014827251434326172
7585,0.010967016220092773,0.009001016616821289,0.0016009807586669922
7586,0.017481565475463867,0.017453670501708984,0.0014934539794921875
7587,0.014747381210327148,0.013905763626098633,0.0014026165008544922
7588,0.014122962951660156,0.014661073684692383,0.0017189979553222656
7589,0.012686014175415039,0.009625911712646484,0.0015196800231933594
7590,0.011339187622070312,0.008813858032226562,0.0014519691467285156
7591,0.011052131652832031,0.011640071868896484,0.001447439193725586
7592,0.013098478317260742,0.013594388961791992,0.0015244483947753906
7593,0.015780925750732422,0.017383813858032227,0.00145721435546875
7594,0.013785362243652344,0.016939401626586914,0.0014677047729492188
7595,0.013045787811279297,0.012659788131713867,0.0013914108276367188
7596,0.014675140380859375,0.015146017074584961,0.0014884471893310547
7597,0.012285470962524414,0.014651298522949219,0.001440286636352539
7598,0.012699127197265625,0.009954452514648438,0.0014216899871826172
7599,0.011512994766235352,0.013086795806884766,0.0015230178833007812
7600,0.01019430160522461,0.013470649719238281,0.0015828609466552734
7601,0.013872146606445312,0.015607833862304688,0.001499176025390625
7602,0.011171340942382812,0.009827375411987305,0.0015218257904052734
7603,0.011284112930297852,0.012190818786621094,0.0014390945434570312
7604,0.01406240463256836,0.015130996704101562,0.0017406940460205078
7605,0.010439634323120117,0.010901451110839844,0.0014748573303222656
7606,0.012392997741699219,0.015662431716918945,0.0015048980712890625
7607,0.01366734504699707,0.01130366325378418,0.0014171600341796875
7608,0.013048410415649414,0.011763334274291992,0.0014579296112060547
7609,0.012816905975341797,0.015877246856689453,0.0014030933380126953
7610,0.016113758087158203,0.017856836318969727,0.0015664100646972656
7611,0.012935876846313477,0.01079559326171875,0.0014102458953857422
7612,0.009117603302001953,0.011314868927001953,0.0015528202056884766
7613,0.013080120086669922,0.016419649124145508,0.001463174819946289
7614,0.015528678894042969,0.01124119758605957,0.0014545917510986328
7615,0.015023946762084961,0.015691518783569336,0.001405954360961914
7616,0.015080451965332031,0.01172637939453125,0.0014750957489013672
7617,0.01088261604309082,0.011088132858276367,0.001413583755493164
7618,0.015050649642944336,0.012354373931884766,0.0015168190002441406
7619,0.013797760009765625,0.013144493103027344,0.0014331340789794922
7620,0.01753997802734375,0.018978118896484375,0.00171661376953125
7621,0.008023500442504883,0.008203744888305664,0.0015234947204589844
7622,0.009893417358398438,0.011453628540039062,0.0014753341674804688
7623,0.012714862823486328,0.012712717056274414,0.00145721435546875
7624,0.01324772834777832,0.014003515243530273,0.0013835430145263672
7625,0.009124994277954102,0.0067026615142822266,0.0014219284057617188
7626,0.01443791389465332,0.00967264175415039,0.0013790130615234375
7627,0.010195016860961914,0.010169744491577148,0.0014111995697021484
7628,0.011385202407836914,0.013808727264404297,0.0014841556549072266
7629,0.014707803726196289,0.01588916778564453,0.0014553070068359375
7630,0.010508298873901367,0.009729385375976562,0.00146484375
7631,0.013193130493164062,0.014299869537353516,0.0015883445739746094
7632,0.012276887893676758,0.013843536376953125,0.0015010833740234375
7633,0.011937618255615234,0.011960506439208984,0.0014698505401611328
7634,0.012316465377807617,0.01250457763671875,0.0013935565948486328
7635,0.015103578567504883,0.01682257652282715,0.0015082359313964844
7636,0.014833450317382812,0.017251014709472656,0.0017278194427490234
7637,0.016292572021484375,0.01701831817626953,0.0015194416046142578
7638,0.012675285339355469,0.011169910430908203,0.0014324188232421875
7639,0.008173227310180664,0.013379096984863281,0.0014836788177490234
7640,0.011579036712646484,0.013819456100463867,0.001528024673461914
7641,0.01134037971496582,0.00886988639831543,0.0014042854309082031
7642,0.006296396255493164,0.009063482284545898,0.0016169548034667969
7643,0.010394096374511719,0.008143901824951172,0.001432657241821289
7644,0.012495756149291992,0.014963388442993164,0.0015249252319335938
7645,0.016286373138427734,0.015984296798706055,0.001451253890991211
7646,0.013968944549560547,0.012266874313354492,0.0013759136199951172
7647,0.014824628829956055,0.013527631759643555,0.0015072822570800781
7648,0.015761852264404297,0.014555692672729492,0.0013835430145263672
7649,0.011971712112426758,0.013411998748779297,0.0014729499816894531
7650,0.014702320098876953,0.017322063446044922,0.0013685226440429688
7651,0.015815258026123047,0.013663291931152344,0.0014476776123046875
7652,0.01033473014831543,0.012145042419433594,0.0017426013946533203
7653,0.014203786849975586,0.013849973678588867,0.0014722347259521484
7654,0.009485483169555664,0.006855964660644531,0.0015025138854980469
7655,0.014890670776367188,0.011890411376953125,0.001390218734741211
7656,0.012332916259765625,0.011991024017333984,0.001455068588256836
7657,0.009876012802124023,0.013447761535644531,0.0014009475708007812
7658,0.014907360076904297,0.008930683135986328,0.0014560222625732422
7659,0.012944698333740234,0.012132883071899414,0.0014743804931640625
7660,0.007359743118286133,0.012665748596191406,0.0015850067138671875
7661,0.013157129287719727,0.014536619186401367,0.0014257431030273438
7662,0.015542030334472656,0.013328313827514648,0.00154876708984375
7663,0.014674186706542969,0.012156486511230469,0.0014462471008300781
7664,0.011114835739135742,0.012384653091430664,0.001524209976196289
7665,0.010539531707763672,0.011903524398803711,0.001462697982788086
7666,0.013085126876831055,0.01674485206604004,0.0014491081237792969
7667,0.011205673217773438,0.009871482849121094,0.0014507770538330078
7668,0.014497756958007812,0.016936063766479492,0.0018312931060791016
7669,0.015122413635253906,0.013702869415283203,0.0016102790832519531
7670,0.01013636589050293,0.011698246002197266,0.0016121864318847656
7671,0.011729955673217773,0.01349329948425293,0.0015799999237060547
7672,0.013391494750976562,0.015286922454833984,0.0014977455139160156
7673,0.012248039245605469,0.01450967788696289,0.0014557838439941406
7674,0.013915300369262695,0.011380434036254883,0.001455068588256836
7675,0.010070085525512695,0.010426998138427734,0.0015027523040771484
7676,0.010864973068237305,0.013226509094238281,0.0014595985412597656
7677,0.011551380157470703,0.016384601593017578,0.001562356948852539
7678,0.013428211212158203,0.0108184814453125,0.001558065414428711
7679,0.012584209442138672,0.016428232192993164,0.0015385150909423828
7680,0.01083827018737793,0.0076847076416015625,0.0015714168548583984
7681,0.014407634735107422,0.01636362075805664,0.0013768672943115234
7682,0.013215780258178711,0.01260685920715332,0.0015316009521484375
7683,0.014080047607421875,0.015275239944458008,0.0015294551849365234
7684,0.013246774673461914,0.0160982608795166,0.001626729965209961
7685,0.014798164367675781,0.012599706649780273,0.0015683174133300781
7686,0.011130809783935547,0.010776281356811523,0.0014810562133789062
7687,0.008215188980102539,0.008626937866210938,0.0015766620635986328
7688,0.011107921600341797,0.015196084976196289,0.0014445781707763672
7689,0.011957406997680664,0.014067888259887695,0.0015599727630615234
7690,0.012534141540527344,0.009533882141113281,0.001538991928100586
7691,0.01106572151184082,0.009233236312866211,0.001377105712890625
7692,0.009723663330078125,0.011991024017333984,0.0014772415161132812
7693,0.014689207077026367,0.009728193283081055,0.0014345645904541016
7694,0.010416269302368164,0.01140451431274414,0.0014107227325439453
7695,0.011270761489868164,0.011981964111328125,0.0015425682067871094
7696,0.014545679092407227,0.014965534210205078,0.0015251636505126953
7697,0.013359546661376953,0.012785196304321289,0.0015797615051269531
7698,0.014446258544921875,0.014519691467285156,0.0015196800231933594
7699,0.013275861740112305,0.014733314514160156,0.001478433609008789
7700,0.012185811996459961,0.015290260314941406,0.00173187255859375
7701,0.010008096694946289,0.008492708206176758,0.0015020370483398438
7702,0.01272726058959961,0.011809110641479492,0.0015544891357421875
7703,0.009120941162109375,0.008166313171386719,0.0015034675598144531
7704,0.009575366973876953,0.010303974151611328,0.0015726089477539062
7705,0.013100624084472656,0.012714147567749023,0.0015099048614501953
7706,0.01690816879272461,0.011780738830566406,0.0015444755554199219
7707,0.010979413986206055,0.012078285217285156,0.0014338493347167969
7708,0.009881019592285156,0.009063959121704102,0.0015170574188232422
7709,0.011226415634155273,0.013929605484008789,0.0014739036560058594
7710,0.013585090637207031,0.012697458267211914,0.0016527175903320312
7711,0.015567779541015625,0.014450311660766602,0.001461029052734375
7712,0.011283159255981445,0.0139007568359375,0.001573801040649414
7713,0.013668298721313477,0.015369892120361328,0.0014526844024658203
7714,0.009248495101928711,0.01127314567565918,0.0014834403991699219
7715,0.008031845092773438,0.008780717849731445,0.0013992786407470703
7716,0.013700723648071289,0.016733169555664062,0.001743316650390625
7717,0.01417994499206543,0.020215272903442383,0.001584768295288086
7718,0.013109922409057617,0.02157759666442871,0.0014622211456298828
7719,0.01515340805053711,0.015666961669921875,0.0015726089477539062
7720,0.014395952224731445,0.013561010360717773,0.0014448165893554688
7721,0.015875816345214844,0.019498348236083984,0.0014154911041259766
7722,0.009245634078979492,0.008094549179077148,0.0014224052429199219
7723,0.01552128791809082,0.016322851181030273,0.0014438629150390625
7724,0.016037464141845703,0.017052650451660156,0.0014545917510986328
7725,0.01829361915588379,0.018645048141479492,0.0014684200286865234
7726,0.013573408126831055,0.014970064163208008,0.0015447139739990234
7727,0.012447118759155273,0.01604008674621582,0.0014414787292480469
7728,0.012046575546264648,0.009050846099853516,0.0015728473663330078
7729,0.010022878646850586,0.01168203353881836,0.0014166831970214844
7730,0.010354995727539062,0.013161897659301758,0.0014081001281738281
7731,0.013066291809082031,0.011615514755249023,0.0014438629150390625
7732,0.011646747589111328,0.015568017959594727,0.001668691635131836
7733,0.007826089859008789,0.007162809371948242,0.0015006065368652344
7734,0.015394926071166992,0.013885021209716797,0.0014374256134033203
7735,0.009421825408935547,0.008019447326660156,0.0014753341674804688
7736,0.010213136672973633,0.012893915176391602,0.0015308856964111328
7737,0.014823198318481445,0.016984939575195312,0.0014219284057617188
7738,0.014727592468261719,0.016869068145751953,0.0015614032745361328
7739,0.009726285934448242,0.0071790218353271484,0.0013949871063232422
7740,0.012796401977539062,0.009833335876464844,0.001447439193725586
7741,0.012007474899291992,0.013586044311523438,0.0014307498931884766
7742,0.009172916412353516,0.014010190963745117,0.0014538764953613281
7743,0.015778541564941406,0.015420913696289062,0.001453399658203125
7744,0.013687610626220703,0.015992403030395508,0.0015676021575927734
7745,0.01609349250793457,0.016741275787353516,0.0014619827270507812
7746,0.009707212448120117,0.012877941131591797,0.0016255378723144531
7747,0.013985633850097656,0.015502452850341797,0.0014853477478027344
7748,0.009437084197998047,0.011304378509521484,0.001814126968383789
7749,0.014209270477294922,0.01408243179321289,0.0015299320220947266
7750,0.02318406105041504,0.017727136611938477,0.0014739036560058594
7751,0.018364906311035156,0.016016006469726562,0.0024743080139160156
7752,0.010768890380859375,0.013307332992553711,0.003518342971801758
7753,0.009115457534790039,0.009352684020996094,0.003480672836303711
7754,0.012221813201904297,0.012054443359375,0.0018565654754638672
7755,0.010898113250732422,0.01331639289855957,0.0014853477478027344
7756,0.012311458587646484,0.014299392700195312,0.0015404224395751953
7757,0.008826017379760742,0.006750822067260742,0.0014362335205078125
7758,0.016602039337158203,0.014190435409545898,0.0015082359313964844
7759,0.00859832763671875,0.00974130630493164,0.001438140869140625
7760,0.009521722793579102,0.011593341827392578,0.0014955997467041016
7761,0.008315086364746094,0.009707212448120117,0.0014586448669433594
7762,0.012690067291259766,0.013886213302612305,0.00141143798828125
7763,0.01490330696105957,0.01685786247253418,0.0014853477478027344
7764,0.010738372802734375,0.012221574783325195,0.0018172264099121094
7765,0.012669563293457031,0.01508331298828125,0.0014801025390625
7766,0.013586759567260742,0.014186382293701172,0.0015592575073242188
7767,0.01675891876220703,0.017702341079711914,0.0014400482177734375
7768,0.013315677642822266,0.012168645858764648,0.0014722347259521484
7769,0.009752511978149414,0.01288747787475586,0.0014243125915527344
7770,0.014527320861816406,0.015098333358764648,0.0014233589172363281
7771,0.012765645980834961,0.009134054183959961,0.0013668537139892578
7772,0.01548624038696289,0.014456510543823242,0.0014786720275878906
7773,0.014172077178955078,0.013492345809936523,0.0013928413391113281
7774,0.061762332916259766,0.01703810691833496,0.0015482902526855469
7775,0.01691293716430664,0.01283717155456543,0.001438140869140625
7776,0.01709270477294922,0.01379704475402832,0.0015087127685546875
7777,0.013526201248168945,0.009926557540893555,0.0014405250549316406
7778,0.013300895690917969,0.017292499542236328,0.0015778541564941406
7779,0.013587474822998047,0.013389110565185547,0.0014150142669677734
7780,0.012096881866455078,0.012949943542480469,0.001680135726928711
7781,0.012118101119995117,0.014096260070800781,0.0014622211456298828
7782,0.014571905136108398,0.01663064956665039,0.0014433860778808594
7783,0.011112213134765625,0.010396480560302734,0.0014505386352539062
7784,0.011018514633178711,0.011419534683227539,0.0015330314636230469
7785,0.011525392532348633,0.014980792999267578,0.0016512870788574219
7786,0.01181340217590332,0.009046792984008789,0.0014843940734863281
7787,0.015212774276733398,0.01824474334716797,0.001569509506225586
7788,0.014303445816040039,0.012630939483642578,0.0014636516571044922
7789,0.011424064636230469,0.011977910995483398,0.001508951187133789
7790,0.01244807243347168,0.010950088500976562,0.0014495849609375
7791,0.011445045471191406,0.012160778045654297,0.0014145374298095703
7792,0.011823892593383789,0.013615131378173828,0.0014545917510986328
7793,0.009665966033935547,0.0072705745697021484,0.0014269351959228516
7794,0.013149499893188477,0.01155710220336914,0.0014586448669433594
7795,0.014090776443481445,0.011558294296264648,0.0014548301696777344
7796,0.011376619338989258,0.012959718704223633,0.0017962455749511719
7797,0.013952493667602539,0.010517120361328125,0.0014803409576416016
7798,0.012725591659545898,0.012153863906860352,0.0014660358428955078
7799,0.009256839752197266,0.010553598403930664,0.001451253890991211
7800,0.012445211410522461,0.015458345413208008,0.001455068588256836
7801,0.011707067489624023,0.010601520538330078,0.0014736652374267578
7802,0.015430688858032227,0.014939308166503906,0.0015006065368652344
7803,0.01437997817993164,0.013286590576171875,0.0015175342559814453
7804,0.012969017028808594,0.013573169708251953,0.001443624496459961
7805,0.010483503341674805,0.013873815536499023,0.0014033317565917969
7806,0.013133049011230469,0.013445615768432617,0.00154876708984375
7807,0.012428998947143555,0.00975656509399414,0.0014433860778808594
7808,0.00850057601928711,0.011168479919433594,0.001512289047241211
7809,0.013617277145385742,0.013959646224975586,0.0014150142669677734
7810,0.009674549102783203,0.012289285659790039,0.0015263557434082031
7811,0.009210586547851562,0.011000633239746094,0.0014700889587402344
7812,0.015178680419921875,0.014688730239868164,0.0017795562744140625
7813,0.014043569564819336,0.010230064392089844,0.0014719963073730469
7814,0.01619744300842285,0.01760387420654297,0.0015141963958740234
7815,0.010908365249633789,0.011894702911376953,0.0014302730560302734
7816,0.01461172103881836,0.016524553298950195,0.0013773441314697266
7817,0.011993885040283203,0.014220952987670898,0.0014240741729736328
7818,0.014390230178833008,0.013196706771850586,0.0014226436614990234
7819,0.011101961135864258,0.014191150665283203,0.0013747215270996094
7820,0.015214681625366211,0.018579721450805664,0.0014271736145019531
7821,0.011343955993652344,0.014107465744018555,0.0015363693237304688
7822,0.011628866195678711,0.014327049255371094,0.0015168190002441406
7823,0.012131214141845703,0.00810098648071289,0.0014948844909667969
7824,0.011773347854614258,0.016899824142456055,0.0015101432800292969
7825,0.016374588012695312,0.018094539642333984,0.0014159679412841797
7826,0.012474775314331055,0.014748096466064453,0.0015163421630859375
7827,0.013387203216552734,0.016906023025512695,0.0014367103576660156
7828,0.013224601745605469,0.012484312057495117,0.0016980171203613281
7829,0.012990951538085938,0.014552116394042969,0.0015118122100830078
7830,0.01272892951965332,0.009733915328979492,0.0016245841979980469
7831,0.01757025718688965,0.0173494815826416,0.0015401840209960938
7832,0.013132333755493164,0.012913227081298828,0.0015850067138671875
7833,0.010740041732788086,0.010970115661621094,0.001588582992553711
7834,0.01748967170715332,0.015940427780151367,0.0014407634735107422
7835,0.011414766311645508,0.013375282287597656,0.0015521049499511719
7836,0.01031637191772461,0.008011579513549805,0.00159454345703125
7837,0.014119863510131836,0.012590169906616211,0.0014526844024658203
7838,0.01767754554748535,0.015960216522216797,0.0014743804931640625
7839,0.009978532791137695,0.01123952865600586,0.0014591217041015625
7840,0.013953685760498047,0.012179136276245117,0.0015017986297607422
7841,0.016523122787475586,0.016937732696533203,0.0014984607696533203
7842,0.010730504989624023,0.011901140213012695,0.0014696121215820312
7843,0.011363506317138672,0.013772964477539062,0.001504659652709961
7844,0.013546943664550781,0.010810613632202148,0.0016384124755859375
7845,0.016091585159301758,0.01653122901916504,0.0015101432800292969
7846,0.014769554138183594,0.014870643615722656,0.0015459060668945312
7847,0.013260126113891602,0.014608383178710938,0.0015387535095214844
7848,0.008235931396484375,0.009653091430664062,0.0015461444854736328
7849,0.013052940368652344,0.010328292846679688,0.0015401840209960938
7850,0.013732433319091797,0.012622833251953125,0.00150299072265625
7851,0.01334691047668457,0.0156707763671875,0.0014986991882324219
7852,0.012115240097045898,0.0097503662109375,0.0015599727630615234
7853,0.009890079498291016,0.011471271514892578,0.00145721435546875
7854,0.013770103454589844,0.015588760375976562,0.0014562606811523438
7855,0.008357763290405273,0.010433435440063477,0.0013895034790039062
7856,0.015596389770507812,0.01635599136352539,0.0015544891357421875
7857,0.01645803451538086,0.014328479766845703,0.0014619827270507812
7858,0.018645286560058594,0.01763319969177246,0.001535654067993164
7859,0.014594078063964844,0.011332988739013672,0.0014734268188476562
7860,0.011970758438110352,0.015089273452758789,0.001718282699584961
7861,0.01357722282409668,0.009937047958374023,0.0014557838439941406
7862,0.014369010925292969,0.01468038558959961,0.0015997886657714844
7863,0.01251077651977539,0.01485133171081543,0.0015020370483398438
7864,0.015579462051391602,0.01559901237487793,0.0015175342559814453
7865,0.014805078506469727,0.014906644821166992,0.0014979839324951172
7866,0.011131525039672852,0.010985612869262695,0.0015192031860351562
7867,0.015150070190429688,0.01597118377685547,0.0014424324035644531
7868,0.016399145126342773,0.01447296142578125,0.001338958740234375
7869,0.011118888854980469,0.007786750793457031,0.0015263557434082031
7870,0.013950347900390625,0.01454615592956543,0.001371145248413086
7871,0.011804580688476562,0.012874364852905273,0.0014986991882324219
7872,0.015152931213378906,0.014913082122802734,0.0015442371368408203
7873,0.012379169464111328,0.011953592300415039,0.0014319419860839844
7874,0.013590097427368164,0.01473689079284668,0.0015869140625
7875,0.011934995651245117,0.01178598403930664,0.001550436019897461
7876,0.0134735107421875,0.013789892196655273,0.0017790794372558594
7877,0.010973453521728516,0.012207746505737305,0.001482248306274414
7878,0.011734247207641602,0.01361703872680664,0.0015065670013427734
7879,0.012646913528442383,0.014580488204956055,0.0015459060668945312
7880,0.013773202896118164,0.011198043823242188,0.0014815330505371094
7881,0.01054525375366211,0.013227701187133789,0.0016181468963623047
7882,0.016664981842041016,0.014054536819458008,0.0015726089477539062
7883,0.015216350555419922,0.014046192169189453,0.0016388893127441406
7884,0.012778997421264648,0.008311033248901367,0.0015838146209716797
7885,0.014075040817260742,0.013257503509521484,0.0015149116516113281
7886,0.011590719223022461,0.01344156265258789,0.0014405250549316406
7887,0.012289762496948242,0.013871908187866211,0.0014603137969970703
7888,0.013603448867797852,0.014064311981201172,0.0014750957489013672
7889,0.012972354888916016,0.015226125717163086,0.0013935565948486328
7890,0.011939525604248047,0.015073537826538086,0.001434326171875
7891,0.008301734924316406,0.011966228485107422,0.001434326171875
7892,0.010235071182250977,0.011574506759643555,0.00164031982421875
7893,0.015483856201171875,0.013875722885131836,0.0014183521270751953
7894,0.009980201721191406,0.011238813400268555,0.001432657241821289
7895,0.013070344924926758,0.012010335922241211,0.0014433860778808594
7896,0.01095438003540039,0.013015508651733398,0.0014057159423828125
7897,0.011445283889770508,0.013777017593383789,0.0015485286712646484
7898,0.013659477233886719,0.015592336654663086,0.0015444755554199219
7899,0.010075569152832031,0.012366533279418945,0.0016026496887207031
7900,0.01600337028503418,0.018754243850708008,0.0015850067138671875
7901,0.01134347915649414,0.008044958114624023,0.0016126632690429688
7902,0.012234210968017578,0.014429569244384766,0.001592874526977539
7903,0.010719537734985352,0.012518167495727539,0.0014386177062988281
7904,0.01017308235168457,0.011730432510375977,0.0014293193817138672
7905,0.010920047760009766,0.012228965759277344,0.0014972686767578125
7906,0.014310598373413086,0.0185394287109375,0.0014193058013916016
7907,0.013285160064697266,0.009580135345458984,0.001519918441772461
7908,0.0133056640625,0.010706186294555664,0.001657247543334961
7909,0.011553764343261719,0.014127969741821289,0.0014920234680175781
7910,0.011600255966186523,0.010183572769165039,0.0015015602111816406
7911,0.01126718521118164,0.011165380477905273,0.0014789104461669922
7912,0.013767719268798828,0.014573335647583008,0.001417398452758789
7913,0.012662172317504883,0.015417337417602539,0.0014595985412597656
7914,0.010116100311279297,0.0073413848876953125,0.0014500617980957031
7915,0.016011714935302734,0.01584792137145996,0.0014655590057373047
7916,0.016095399856567383,0.015207767486572266,0.0013990402221679688
7917,0.013776540756225586,0.014362573623657227,0.0014121532440185547
7918,0.010556697845458984,0.007205486297607422,0.0015056133270263672
7919,0.008236885070800781,0.012876272201538086,0.001485586166381836
7920,0.015337705612182617,0.017420291900634766,0.0015292167663574219
7921,0.014506340026855469,0.015880823135375977,0.0014660358428955078
7922,0.013028621673583984,0.01452326774597168,0.0015666484832763672
7923,0.010860919952392578,0.013946294784545898,0.0016067028045654297
7924,0.011412620544433594,0.011243104934692383,0.0017714500427246094
7925,0.013159513473510742,0.01641249656677246,0.0015506744384765625
7926,0.012548685073852539,0.014228105545043945,0.0014119148254394531
7927,0.00916433334350586,0.012777566909790039,0.001538991928100586
7928,0.010722637176513672,0.01345372200012207,0.0015261173248291016
7929,0.011200904846191406,0.012715578079223633,0.0014126300811767578
7930,0.011555194854736328,0.014587163925170898,0.0015583038330078125
7931,0.01270604133605957,0.013989925384521484,0.001466512680053711
7932,0.014017343521118164,0.012857913970947266,0.0014367103576660156
7933,0.008641719818115234,0.011272907257080078,0.0013985633850097656
7934,0.01137995719909668,0.01255941390991211,0.0015344619750976562
7935,0.010677337646484375,0.008994102478027344,0.001424551010131836
7936,0.006620645523071289,0.010837078094482422,0.0014808177947998047
7937,0.01316690444946289,0.014842033386230469,0.0013980865478515625
7938,0.012160778045654297,0.009556055068969727,0.0014824867248535156
7939,0.016369342803955078,0.016716480255126953,0.001493692398071289
7940,0.015001773834228516,0.016746044158935547,0.001699686050415039
7941,0.014277458190917969,0.010917186737060547,0.0014438629150390625
7942,0.010452985763549805,0.01190638542175293,0.0015201568603515625
7943,0.01425480842590332,0.016567707061767578,0.0014503002166748047
7944,0.014456510543823242,0.014450311660766602,0.0014505386352539062
7945,0.010917901992797852,0.013696908950805664,0.0014824867248535156
7946,0.012382030487060547,0.015110015869140625,0.0014150142669677734
7947,0.011943817138671875,0.010929584503173828,0.0014522075653076172
7948,0.011393070220947266,0.009753704071044922,0.0014815330505371094
7949,0.01480722427368164,0.012227058410644531,0.0014042854309082031
7950,0.013401269912719727,0.013741493225097656,0.0014302730560302734
7951,0.016571760177612305,0.014073610305786133,0.0014188289642333984
7952,0.01218271255493164,0.01444244384765625,0.001453399658203125
7953,0.01681661605834961,0.014100074768066406,0.0015850067138671875
7954,0.012122392654418945,0.011823177337646484,0.001439809799194336
7955,0.017647504806518555,0.015651226043701172,0.001524209976196289
7956,0.012582778930664062,0.014353513717651367,0.001692056655883789
7957,0.014558076858520508,0.01574254035949707,0.0014307498931884766
7958,0.014032363891601562,0.014554738998413086,0.0015854835510253906
7959,0.013575315475463867,0.013198137283325195,0.0014951229095458984
7960,0.011389970779418945,0.012110233306884766,0.0015423297882080078
7961,0.00976109504699707,0.010116100311279297,0.001470804214477539
7962,0.01141977310180664,0.012290000915527344,0.0014903545379638672
7963,0.015894174575805664,0.014188528060913086,0.0014455318450927734
7964,0.014291524887084961,0.013469696044921875,0.0015552043914794922
7965,0.011719942092895508,0.015818119049072266,0.0014438629150390625
7966,0.013421058654785156,0.013907909393310547,0.0013861656188964844
7967,0.013429880142211914,0.016068696975708008,0.0015020370483398438
7968,0.010367393493652344,0.010555505752563477,0.0014200210571289062
7969,0.009551048278808594,0.010607004165649414,0.0015137195587158203
7970,0.012782573699951172,0.011093854904174805,0.0013911724090576172
7971,0.013660907745361328,0.01614069938659668,0.0015001296997070312
7972,0.014136791229248047,0.014878511428833008,0.0017392635345458984
7973,0.013268232345581055,0.014936447143554688,0.0014503002166748047
7974,0.014859676361083984,0.01509547233581543,0.0015196800231933594
7975,0.014048099517822266,0.010066509246826172,0.001417398452758789
7976,0.012722969055175781,0.009518146514892578,0.0015180110931396484
7977,0.01197195053100586,0.012930154800415039,0.0014345645904541016
7978,0.016544580459594727,0.017368316650390625,0.001377105712890625
7979,0.01095890998840332,0.007589578628540039,0.001455068588256836
7980,0.010341644287109375,0.013605594635009766,0.0014042854309082031
7981,0.01063847541809082,0.010331392288208008,0.0014770030975341797
7982,0.011319398880004883,0.013235330581665039,0.0013823509216308594
7983,0.013198137283325195,0.014508724212646484,0.0014300346374511719
7984,0.017786264419555664,0.015761613845825195,0.0014789104461669922
7985,0.008823156356811523,0.011663436889648438,0.001474142074584961
7986,0.012067079544067383,0.01229715347290039,0.0014789104461669922
7987,0.011840343475341797,0.016507625579833984,0.0014624595642089844
7988,0.012911319732666016,0.009433746337890625,0.0018668174743652344
7989,0.009145736694335938,0.011799812316894531,0.0014867782592773438
7990,0.014559507369995117,0.015941619873046875,0.0015227794647216797
7991,0.009296894073486328,0.010227441787719727,0.0014507770538330078
7992,0.011049270629882812,0.012458562850952148,0.0014874935150146484
7993,0.010808706283569336,0.013790130615234375,0.0014982223510742188
7994,0.009999275207519531,0.010112762451171875,0.0013883113861083984
7995,0.012724637985229492,0.016571760177612305,0.001415252685546875
7996,0.018251419067382812,0.016953229904174805,0.001422882080078125
7997,0.01319742202758789,0.016596078872680664,0.00142669677734375
7998,0.009434938430786133,0.014722824096679688,0.0013589859008789062
7999,0.016118288040161133,0.014836549758911133,0.0014870166778564453
8000,0.010721206665039062,0.00976252555847168,0.001405477523803711
8001,0.013875246047973633,0.009418010711669922,0.0014657974243164062
8002,0.009573698043823242,0.01078486442565918,0.0014834403991699219
8003,0.011856794357299805,0.013824462890625,0.0014481544494628906
8004,0.012630701065063477,0.00914764404296875,0.0017240047454833984
8005,0.014773845672607422,0.013781309127807617,0.0014684200286865234
8006,0.01602315902709961,0.016783952713012695,0.0014100074768066406
8007,0.012162208557128906,0.012143611907958984,0.0013883113861083984
8008,0.014170169830322266,0.01706409454345703,0.0013778209686279297
8009,0.00984048843383789,0.009872674942016602,0.001554250717163086
8010,0.009360074996948242,0.007958412170410156,0.0013980865478515625
8011,0.015420675277709961,0.015203475952148438,0.0013709068298339844
8012,0.011834859848022461,0.012690305709838867,0.0015482902526855469
8013,0.014130353927612305,0.011811971664428711,0.001382589340209961
8014,0.014348983764648438,0.012655258178710938,0.0013556480407714844
8015,0.008739709854125977,0.012009620666503906,0.0013854503631591797
8016,0.01505422592163086,0.01574420928955078,0.001486063003540039
8017,0.0077631473541259766,0.011911869049072266,0.0013730525970458984
8018,0.015305519104003906,0.015526533126831055,0.0014717578887939453
8019,0.012147903442382812,0.01471257209777832,0.0014765262603759766
8020,0.009332656860351562,0.011044025421142578,0.0017027854919433594
8021,0.012545347213745117,0.013645410537719727,0.0014667510986328125
8022,0.010489463806152344,0.00926518440246582,0.0014929771423339844
8023,0.011389970779418945,0.010481595993041992,0.0014581680297851562
8024,0.01459503173828125,0.01547551155090332,0.0015039443969726562
8025,0.01353144645690918,0.01330876350402832,0.001416921615600586
8026,0.009185314178466797,0.00832676887512207,0.001421213150024414
8027,0.013008594512939453,0.01239323616027832,0.0014426708221435547
8028,0.014069795608520508,0.014846324920654297,0.0014178752899169922
8029,0.008842945098876953,0.009430408477783203,0.0014696121215820312
8030,0.01231527328491211,0.012169837951660156,0.0013802051544189453
8031,0.009382486343383789,0.009108781814575195,0.001458883285522461
8032,0.0140838623046875,0.01383066177368164,0.001501321792602539
8033,0.012027502059936523,0.01143503189086914,0.0014069080352783203
8034,0.014130592346191406,0.015230178833007812,0.0014605522155761719
8035,0.014306068420410156,0.013163328170776367,0.001592874526977539
8036,0.012790918350219727,0.012987852096557617,0.0017368793487548828
8037,0.01555633544921875,0.014387369155883789,0.0015442371368408203
8038,0.012331485748291016,0.013583183288574219,0.0015225410461425781
8039,0.010895490646362305,0.009659767150878906,0.0015919208526611328
8040,0.012646913528442383,0.0167086124420166,0.0014262199401855469
8041,0.013021469116210938,0.012605428695678711,0.0014331340789794922
8042,0.00990152359008789,0.011021614074707031,0.0016155242919921875
8043,0.008930206298828125,0.012083053588867188,0.0014498233795166016
8044,0.008378028869628906,0.005396127700805664,0.001477956771850586
8045,0.014566421508789062,0.015507221221923828,0.0014171600341796875
8046,0.01376795768737793,0.01504826545715332,0.0014410018920898438
8047,0.01280355453491211,0.00811147689819336,0.0014111995697021484
8048,0.008087396621704102,0.01257014274597168,0.0013942718505859375
8049,0.014333963394165039,0.013804912567138672,0.0013689994812011719
8050,0.008633613586425781,0.011143922805786133,0.0013649463653564453
8051,0.011292695999145508,0.012161493301391602,0.001558065414428711
8052,0.011456012725830078,0.009034872055053711,0.0016298294067382812
8053,0.015056371688842773,0.014678716659545898,0.0015935897827148438
8054,0.015493631362915039,0.015203237533569336,0.0014221668243408203
8055,0.011458873748779297,0.01101064682006836,0.0013971328735351562
8056,0.01640486717224121,0.018245220184326172,0.0014040470123291016
8057,0.009262323379516602,0.010588407516479492,0.00136566162109375
8058,0.008908510208129883,0.0074923038482666016,0.0014619827270507812
8059,0.008188009262084961,0.009777307510375977,0.0014417171478271484
8060,0.013760566711425781,0.013936281204223633,0.00153350830078125
8061,0.014803409576416016,0.015223503112792969,0.0014240741729736328
8062,0.017568588256835938,0.018983125686645508,0.0015137195587158203
8063,0.013561725616455078,0.013860940933227539,0.0014510154724121094
8064,0.014310121536254883,0.013437271118164062,0.001430511474609375
8065,0.014341592788696289,0.015480279922485352,0.0014450550079345703
8066,0.012797355651855469,0.01495051383972168,0.0013952255249023438
8067,0.011468887329101562,0.015622615814208984,0.0014355182647705078
8068,0.012969493865966797,0.011278629302978516,0.0016391277313232422
8069,0.012994050979614258,0.011997461318969727,0.0015566349029541016
8070,0.012342691421508789,0.012927770614624023,0.001445770263671875
8071,0.015938520431518555,0.017114639282226562,0.0015311241149902344
8072,0.01601696014404297,0.013985633850097656,0.001470804214477539
8073,0.014611482620239258,0.013210773468017578,0.0014503002166748047
8074,0.011904001235961914,0.013711690902709961,0.0014204978942871094
8075,0.01627945899963379,0.012604475021362305,0.0014309883117675781
8076,0.011925697326660156,0.01327371597290039,0.001394510269165039
8077,0.012280941009521484,0.013632059097290039,0.001466989517211914
8078,0.010173320770263672,0.0066318511962890625,0.0014412403106689453
8079,0.007027387619018555,0.010502338409423828,0.0014786720275878906
8080,0.014930009841918945,0.015032529830932617,0.0014414787292480469
8081,0.008243322372436523,0.010531425476074219,0.0015087127685546875
8082,0.012933492660522461,0.011803388595581055,0.001481771469116211
8083,0.014127492904663086,0.009027957916259766,0.0014622211456298828
8084,0.008443355560302734,0.013605356216430664,0.0017120838165283203
8085,0.013088226318359375,0.01910686492919922,0.00146484375
8086,0.012774944305419922,0.012779474258422852,0.0014829635620117188
8087,0.013032197952270508,0.018898963928222656,0.001434326171875
8088,0.011583566665649414,0.011715173721313477,0.0014541149139404297
8089,0.012924909591674805,0.01798725128173828,0.0014696121215820312
8090,0.010511636734008789,0.00862741470336914,0.0016047954559326172
8091,0.014644622802734375,0.015092849731445312,0.0014872550964355469
8092,0.012850046157836914,0.01569390296936035,0.0014278888702392578
8093,0.010341882705688477,0.012486934661865234,0.0015673637390136719
8094,0.011167287826538086,0.014714956283569336,0.001508474349975586
8095,0.014150142669677734,0.017031431198120117,0.0015444755554199219
8096,0.009007453918457031,0.011035919189453125,0.0014643669128417969
8097,0.011488914489746094,0.012459754943847656,0.0015902519226074219
8098,0.011402130126953125,0.014182329177856445,0.0014684200286865234
8099,0.010213375091552734,0.00726628303527832,0.001443624496459961
8100,0.014008760452270508,0.015695571899414062,0.0017104148864746094
8101,0.010831356048583984,0.011631250381469727,0.0014994144439697266
8102,0.009895801544189453,0.011682987213134766,0.0016241073608398438
8103,0.012419700622558594,0.014066219329833984,0.001455545425415039
8104,0.015062332153320312,0.012666940689086914,0.0014925003051757812
8105,0.01337122917175293,0.01070404052734375,0.0016009807586669922
8106,0.012073993682861328,0.014123201370239258,0.0014040470123291016
8107,0.013600826263427734,0.016580581665039062,0.0014643669128417969
8108,0.012661218643188477,0.015388965606689453,0.0014693737030029297
8109,0.01491236686706543,0.017096519470214844,0.001486063003540039
8110,0.013887882232666016,0.012256622314453125,0.0014033317565917969
8111,0.015182018280029297,0.015062332153320312,0.0014662742614746094
8112,0.010859251022338867,0.01117563247680664,0.0014355182647705078
8113,0.012702226638793945,0.010149717330932617,0.0014767646789550781
8114,0.016237974166870117,0.019654512405395508,0.00141143798828125
8115,0.01536870002746582,0.0141448974609375,0.0014216899871826172
8116,0.009879350662231445,0.013845443725585938,0.0017628669738769531
8117,0.012466192245483398,0.014919281005859375,0.001432180404663086
8118,0.011701107025146484,0.01050114631652832,0.00151824951171875
8119,0.01781177520751953,0.017396211624145508,0.00145721435546875
8120,0.014029264450073242,0.017413616180419922,0.001483917236328125
8121,0.014277219772338867,0.022607088088989258,0.0013892650604248047
8122,0.010975360870361328,0.009984970092773438,0.0014734268188476562
8123,0.012965917587280273,0.015528678894042969,0.0015251636505126953
8124,0.011050224304199219,0.010526180267333984,0.0014450550079345703
8125,0.010493755340576172,0.0154571533203125,0.0014743804931640625
8126,0.015427350997924805,0.01348257064819336,0.0015301704406738281
8127,0.01250910758972168,0.0103759765625,0.0014803409576416016
8128,0.013454675674438477,0.014646768569946289,0.001378774642944336
8129,0.013240337371826172,0.011549711227416992,0.0014882087707519531
8130,0.009432554244995117,0.009401082992553711,0.0014491081237792969
8131,0.010305643081665039,0.009404420852661133,0.0015873908996582031
8132,0.013639688491821289,0.014626741409301758,0.00165557861328125
8133,0.01503610610961914,0.019017457962036133,0.0015718936920166016
8134,0.010931015014648438,0.012935161590576172,0.0014951229095458984
8135,0.013686656951904297,0.012666463851928711,0.0014827251434326172
8136,0.014135360717773438,0.010165929794311523,0.0014951229095458984
8137,0.014800310134887695,0.013716697692871094,0.0018303394317626953
8138,0.011801004409790039,0.012708425521850586,0.0014564990997314453
8139,0.015725374221801758,0.01605057716369629,0.0016407966613769531
8140,0.01353144645690918,0.009845733642578125,0.001486063003540039
8141,0.014258623123168945,0.014820098876953125,0.0014503002166748047
8142,0.00509333610534668,0.007861137390136719,0.0014557838439941406
8143,0.010109186172485352,0.008325338363647461,0.0015349388122558594
8144,0.014798164367675781,0.015361785888671875,0.0014309883117675781
8145,0.013838768005371094,0.014874696731567383,0.0014693737030029297
8146,0.011596918106079102,0.011920690536499023,0.00141143798828125
8147,0.009934186935424805,0.012191057205200195,0.0014717578887939453
8148,0.016147136688232422,0.017351150512695312,0.0016427040100097656
8149,0.015142679214477539,0.016192197799682617,0.0015101432800292969
8150,0.007974624633789062,0.009529352188110352,0.0014569759368896484
8151,0.013213396072387695,0.01241159439086914,0.001531839370727539
8152,0.0170290470123291,0.01688218116760254,0.0014469623565673828
8153,0.01280069351196289,0.015177011489868164,0.0014147758483886719
8154,0.01941204071044922,0.021343708038330078,0.0013990402221679688
8155,0.016324520111083984,0.011462688446044922,0.0014989376068115234
8156,0.010747194290161133,0.009985923767089844,0.0014119148254394531
8157,0.01316976547241211,0.01824665069580078,0.0014612674713134766
8158,0.0131072998046875,0.010762453079223633,0.0014927387237548828
8159,0.011467933654785156,0.010667562484741211,0.0015265941619873047
8160,0.01089930534362793,0.011805534362792969,0.0014767646789550781
8161,0.01264643669128418,0.014674663543701172,0.0014438629150390625
8162,0.011131525039672852,0.011888265609741211,0.0015387535095214844
8163,0.011890411376953125,0.01190638542175293,0.00147247314453125
8164,0.009952783584594727,0.010417699813842773,0.001695871353149414
8165,0.010488033294677734,0.010838747024536133,0.0015759468078613281
8166,0.013977289199829102,0.014178276062011719,0.001588582992553711
8167,0.01301431655883789,0.013509035110473633,0.0015225410461425781
8168,0.014516353607177734,0.013381719589233398,0.0014808177947998047
8169,0.01429128646850586,0.013176679611206055,0.0015645027160644531
8170,0.015891313552856445,0.0172879695892334,0.0014395713806152344
8171,0.015221357345581055,0.015418529510498047,0.0015649795532226562
8172,0.01701641082763672,0.018549442291259766,0.001447439193725586
8173,0.018512725830078125,0.023293018341064453,0.0015797615051269531
8174,0.015352487564086914,0.016794681549072266,0.0014977455139160156
8175,0.010159969329833984,0.009587764739990234,0.0015597343444824219
8176,0.010256528854370117,0.011368513107299805,0.001558065414428711
8177,0.013123750686645508,0.016111373901367188,0.0013966560363769531
8178,0.013556241989135742,0.014002799987792969,0.001483917236328125
8179,0.01575779914855957,0.014952421188354492,0.0014646053314208984
8180,0.010492324829101562,0.012145280838012695,0.0016818046569824219
8181,0.014341592788696289,0.011636495590209961,0.001485586166381836
8182,0.013164758682250977,0.014575958251953125,0.0014045238494873047
8183,0.012041807174682617,0.012918472290039062,0.0014071464538574219
8184,0.015695571899414062,0.01655721664428711,0.0014612674713134766
8185,0.00905156135559082,0.00982809066772461,0.0013952255249023438
8186,0.010974884033203125,0.009862661361694336,0.001360177993774414
8187,0.012427091598510742,0.013005256652832031,0.0014781951904296875
8188,0.00952768325805664,0.007896184921264648,0.0013735294342041016
8189,0.008058786392211914,0.012599945068359375,0.0014569759368896484
8190,0.013338327407836914,0.015621662139892578,0.0014278888702392578
8191,0.013620138168334961,0.01762700080871582,0.001447916030883789
8192,0.017554521560668945,0.014055490493774414,0.0014255046844482422
8193,0.01322627067565918,0.013556718826293945,0.0014331340789794922
8194,0.011149883270263672,0.012829780578613281,0.001483917236328125
8195,0.015638113021850586,0.014008760452270508,0.0014731884002685547
8196,0.011325359344482422,0.013443708419799805,0.0017344951629638672
8197,0.013251304626464844,0.014809370040893555,0.001481771469116211
8198,0.012698888778686523,0.014137744903564453,0.0015044212341308594
8199,0.015603065490722656,0.017289161682128906,0.0014159679412841797
8200,0.011841297149658203,0.014317989349365234,0.00138092041015625
8201,0.011769533157348633,0.01221919059753418,0.0014584064483642578
8202,0.012032032012939453,0.013654947280883789,0.0014810562133789062
8203,0.011811971664428711,0.014254570007324219,0.0013952255249023438
8204,0.012686729431152344,0.0162203311920166,0.0015265941619873047
8205,0.01493692398071289,0.012039899826049805,0.001360177993774414
8206,0.017269372940063477,0.015474081039428711,0.0014417171478271484
8207,0.011229753494262695,0.0077724456787109375,0.0013992786407470703
8208,0.008829593658447266,0.008639097213745117,0.0013647079467773438
8209,0.009414911270141602,0.009043693542480469,0.001398324966430664
8210,0.012056350708007812,0.013333797454833984,0.0014498233795166016
8211,0.009047985076904297,0.009455442428588867,0.0015676021575927734
8212,0.01273036003112793,0.01178741455078125,0.0016813278198242188
8213,0.014685869216918945,0.015285730361938477,0.0015516281127929688
8214,0.011698722839355469,0.011310100555419922,0.0014503002166748047
8215,0.01291656494140625,0.014031648635864258,0.0014269351959228516
8216,0.012885808944702148,0.015467166900634766,0.0014081001281738281
8217,0.012528181076049805,0.014486551284790039,0.0014188289642333984
8218,0.01265859603881836,0.012816905975341797,0.001409292221069336
8219,0.009462833404541016,0.01318979263305664,0.001447916030883789
8220,0.01262521743774414,0.018175840377807617,0.0013852119445800781
8221,0.01639103889465332,0.011613845825195312,0.0014193058013916016
8222,0.012929916381835938,0.015264272689819336,0.0014247894287109375
8223,0.012620210647583008,0.009468555450439453,0.0014491081237792969
8224,0.01681065559387207,0.01690077781677246,0.0015101432800292969
8225,0.011914730072021484,0.014204740524291992,0.0013992786407470703
8226,0.011844873428344727,0.013195037841796875,0.0015003681182861328
8227,0.010472536087036133,0.011427164077758789,0.0014495849609375
8228,0.015695810317993164,0.01789689064025879,0.0017189979553222656
8229,0.012257814407348633,0.01390981674194336,0.0014824867248535156
8230,0.01125192642211914,0.010778665542602539,0.0014510154724121094
8231,0.013689756393432617,0.013321399688720703,0.0015323162078857422
8232,0.013567209243774414,0.014724254608154297,0.0014197826385498047
8233,0.007700681686401367,0.010274887084960938,0.0014944076538085938
8234,0.008528709411621094,0.007325649261474609,0.0014331340789794922
8235,0.012036800384521484,0.014972686767578125,0.0014603137969970703
8236,0.016306638717651367,0.018242359161376953,0.0014488697052001953
8237,0.008118391036987305,0.011039495468139648,0.0013990402221679688
8238,0.013280153274536133,0.01557612419128418,0.0014214515686035156
8239,0.0054149627685546875,0.008210420608520508,0.001466512680053711
8240,0.009352922439575195,0.009008169174194336,0.0015387535095214844
8241,0.012694835662841797,0.014028549194335938,0.0015716552734375
8242,0.00739741325378418,0.012645959854125977,0.0014259815216064453
8243,0.010153770446777344,0.010451555252075195,0.0015263557434082031
8244,0.01188349723815918,0.013013362884521484,0.0017015933990478516
8245,0.012073993682861328,0.011718034744262695,0.0015842914581298828
8246,0.012964248657226562,0.012101411819458008,0.0014224052429199219
8247,0.01209712028503418,0.012730836868286133,0.001416921615600586
8248,0.012903213500976562,0.015045166015625,0.0014448165893554688
8249,0.012312650680541992,0.010627508163452148,0.0015254020690917969
8250,0.008707284927368164,0.009015321731567383,0.0014252662658691406
8251,0.01543283462524414,0.015514850616455078,0.0015234947204589844
8252,0.014171838760375977,0.016864538192749023,0.0015239715576171875
8253,0.015993356704711914,0.015113115310668945,0.0015101432800292969
8254,0.010878324508666992,0.009369373321533203,0.0014233589172363281
8255,0.012924909591674805,0.015010595321655273,0.001421213150024414
8256,0.011729955673217773,0.010124921798706055,0.0014641284942626953
8257,0.014145612716674805,0.015564441680908203,0.001573324203491211
8258,0.010067462921142578,0.009741067886352539,0.0015707015991210938
8259,0.015260934829711914,0.014617919921875,0.0015344619750976562
8260,0.014709949493408203,0.01601266860961914,0.0018279552459716797
8261,0.008489370346069336,0.00859689712524414,0.0015478134155273438
8262,0.014328241348266602,0.014731407165527344,0.0015895366668701172
8263,0.015131235122680664,0.010547637939453125,0.0014221668243408203
8264,0.013469696044921875,0.00997161865234375,0.001447439193725586
8265,0.00640416145324707,0.009298324584960938,0.0016744136810302734
8266,0.012761592864990234,0.01227712631225586,0.0014510154724121094
8267,0.010208606719970703,0.010098695755004883,0.0015957355499267578
8268,0.014586925506591797,0.013980627059936523,0.001485586166381836
8269,0.014908552169799805,0.01175832748413086,0.0015747547149658203
8270,0.015197515487670898,0.014209747314453125,0.0014908313751220703
8271,0.011941671371459961,0.014271974563598633,0.0014886856079101562
8272,0.012609004974365234,0.010325908660888672,0.0013966560363769531
8273,0.01513218879699707,0.00987696647644043,0.0015587806701660156
8274,0.015597820281982422,0.01666736602783203,0.0014178752899169922
8275,0.013623476028442383,0.014684438705444336,0.0015194416046142578
8276,0.017166852951049805,0.01740264892578125,0.0017085075378417969
8277,0.00974583625793457,0.011417150497436523,0.00141143798828125
8278,0.016090869903564453,0.011959314346313477,0.0014269351959228516
8279,0.009851217269897461,0.008687973022460938,0.0014181137084960938
8280,0.011749267578125,0.00872659683227539,0.0014073848724365234
8281,0.013957023620605469,0.015212297439575195,0.001470327377319336
8282,0.01106882095336914,0.010261058807373047,0.0014107227325439453
8283,0.007485628128051758,0.00870966911315918,0.0014162063598632812
8284,0.012542963027954102,0.013234138488769531,0.0015583038330078125
8285,0.010220527648925781,0.015366792678833008,0.0014507770538330078
8286,0.014304876327514648,0.011556386947631836,0.001605987548828125
8287,0.010753154754638672,0.011153936386108398,0.0014393329620361328
8288,0.005318164825439453,0.008710384368896484,0.0015163421630859375
8289,0.013657569885253906,0.016240596771240234,0.0014846324920654297
8290,0.015073776245117188,0.015948057174682617,0.0014617443084716797
8291,0.014669179916381836,0.01636338233947754,0.0014548301696777344
8292,0.01066446304321289,0.008394002914428711,0.0016486644744873047
8293,0.016469717025756836,0.016891956329345703,0.0014605522155761719
8294,0.012694120407104492,0.010769367218017578,0.0014677047729492188
8295,0.01121830940246582,0.01342153549194336,0.001436471939086914
8296,0.015561342239379883,0.016958951950073242,0.0014493465423583984
8297,0.014828205108642578,0.014845848083496094,0.0014345645904541016
8298,0.015406370162963867,0.014692544937133789,0.0015311241149902344
8299,0.009125471115112305,0.010850191116333008,0.0014467239379882812
8300,0.012420892715454102,0.015474796295166016,0.0015244483947753906
8301,0.0135955810546875,0.017965316772460938,0.001424551010131836
8302,0.009267568588256836,0.010608673095703125,0.0015196800231933594
8303,0.012928247451782227,0.01019144058227539,0.0014989376068115234
8304,0.01124715805053711,0.013214111328125,0.0014216899871826172
8305,0.014345884323120117,0.016616344451904297,0.0015306472778320312
8306,0.007953643798828125,0.008168220520019531,0.0015366077423095703
8307,0.015337705612182617,0.012546777725219727,0.0015244483947753906
8308,0.013068675994873047,0.014024496078491211,0.0018000602722167969
8309,0.009084939956665039,0.009040117263793945,0.0015749931335449219
8310,0.01314234733581543,0.012344121932983398,0.0015380382537841797
8311,0.011769294738769531,0.010772228240966797,0.0014519691467285156
8312,0.013158559799194336,0.013664484024047852,0.0015268325805664062
8313,0.010043859481811523,0.014368772506713867,0.0015859603881835938
8314,0.011787652969360352,0.008265495300292969,0.0015711784362792969
8315,0.011535167694091797,0.015080690383911133,0.001600027084350586
8316,0.007603168487548828,0.012612581253051758,0.0015149116516113281
8317,0.013675212860107422,0.016368389129638672,0.0014057159423828125
8318,0.011188507080078125,0.012267589569091797,0.0014412403106689453
8319,0.012040853500366211,0.01012873649597168,0.0015032291412353516
8320,0.013855457305908203,0.014304637908935547,0.0014235973358154297
8321,0.020212173461914062,0.016757726669311523,0.0014624595642089844
8322,0.007687807083129883,0.010119915008544922,0.0014781951904296875
8323,0.01581597328186035,0.015873193740844727,0.0014955997467041016
8324,0.009947776794433594,0.00957942008972168,0.0017545223236083984
8325,0.012810945510864258,0.017632007598876953,0.0015289783477783203
8326,0.007237672805786133,0.00729680061340332,0.0014951229095458984
8327,0.0165555477142334,0.016138076782226562,0.0015561580657958984
8328,0.012141227722167969,0.010564565658569336,0.0014293193817138672
8329,0.016910552978515625,0.017545461654663086,0.0016102790832519531
8330,0.015219449996948242,0.015495777130126953,0.0014438629150390625
8331,0.017235517501831055,0.019225358963012695,0.0014231204986572266
8332,0.018009424209594727,0.015265464782714844,0.0014193058013916016
8333,0.016254186630249023,0.016902923583984375,0.0015752315521240234
8334,0.011022567749023438,0.013629436492919922,0.0014519691467285156
8335,0.008274555206298828,0.01124262809753418,0.001481771469116211
8336,0.010907411575317383,0.014132499694824219,0.0014698505401611328
8337,0.015090465545654297,0.01600027084350586,0.0014460086822509766
8338,0.013324975967407227,0.013400554656982422,0.0014770030975341797
8339,0.016577482223510742,0.01639246940612793,0.0014691352844238281
8340,0.017061710357666016,0.017691850662231445,0.0016875267028808594
8341,0.014539003372192383,0.010671377182006836,0.0014622211456298828
8342,0.013244152069091797,0.014851808547973633,0.001421213150024414
8343,0.013381004333496094,0.012860774993896484,0.0015091896057128906
8344,0.012683868408203125,0.01225423812866211,0.0015358924865722656
8345,0.011133432388305664,0.012816667556762695,0.001581430435180664
8346,0.010532379150390625,0.013202905654907227,0.0015583038330078125
8347,0.009622335433959961,0.009844064712524414,0.0014598369598388672
8348,0.009821653366088867,0.013877630233764648,0.0015835762023925781
8349,0.013800382614135742,0.01609945297241211,0.0014400482177734375
8350,0.008176803588867188,0.012871265411376953,0.0014734268188476562
8351,0.011381864547729492,0.011837005615234375,0.0014979839324951172
8352,0.015830516815185547,0.015281438827514648,0.0014743804931640625
8353,0.013330221176147461,0.015213251113891602,0.0014836788177490234
8354,0.010149478912353516,0.010503768920898438,0.0014731884002685547
8355,0.011279106140136719,0.012226343154907227,0.0014832019805908203
8356,0.012112140655517578,0.01440286636352539,0.0017466545104980469
8357,0.012478828430175781,0.0137176513671875,0.0015399456024169922
8358,0.012439250946044922,0.00905466079711914,0.0014960765838623047
8359,0.009279966354370117,0.011871814727783203,0.0014281272888183594
8360,0.013971328735351562,0.012052059173583984,0.001514434814453125
8361,0.014043569564819336,0.01398015022277832,0.0015943050384521484
8362,0.014751911163330078,0.012758493423461914,0.0015211105346679688
8363,0.01148533821105957,0.012468338012695312,0.0014433860778808594
8364,0.013647079467773438,0.014394998550415039,0.0014865398406982422
8365,0.010694026947021484,0.010268449783325195,0.0013959407806396484
8366,0.015858173370361328,0.015938520431518555,0.0015101432800292969
8367,0.011168956756591797,0.013318300247192383,0.0015206336975097656
8368,0.014892101287841797,0.011974573135375977,0.0015194416046142578
8369,0.01368260383605957,0.011859416961669922,0.0014846324920654297
8370,0.009530067443847656,0.01023721694946289,0.0013892650604248047
8371,0.0076885223388671875,0.00665283203125,0.0015270709991455078
8372,0.01410818099975586,0.015090703964233398,0.0019512176513671875
8373,0.009887218475341797,0.010777950286865234,0.0015451908111572266
8374,0.014430046081542969,0.01125645637512207,0.001683950424194336
8375,0.01134181022644043,0.011688709259033203,0.001512289047241211
8376,0.008718490600585938,0.010863065719604492,0.001531839370727539
8377,0.014221429824829102,0.013595104217529297,0.0014710426330566406
8378,0.010643959045410156,0.011343240737915039,0.0015285015106201172
8379,0.012987852096557617,0.014258861541748047,0.001422882080078125
8380,0.013498544692993164,0.015210151672363281,0.0015239715576171875
8381,0.01315450668334961,0.013922691345214844,0.0014526844024658203
8382,0.009975433349609375,0.011239051818847656,0.0015377998352050781
8383,0.009773731231689453,0.009781122207641602,0.0015404224395751953
8384,0.011229515075683594,0.01377725601196289,0.0015845298767089844
8385,0.016402006149291992,0.01297760009765625,0.0014455318450927734
8386,0.013808727264404297,0.01418161392211914,0.0014045238494873047
8387,0.01596975326538086,0.01184225082397461,0.0016491413116455078
8388,0.009290933609008789,0.008393526077270508,0.0016825199127197266
8389,0.00952768325805664,0.00980067253112793,0.0014231204986572266
8390,0.01160430908203125,0.011561393737792969,0.0016100406646728516
8391,0.013290882110595703,0.01416158676147461,0.0014500617980957031
8392,0.014067888259887695,0.015953779220581055,0.0015387535095214844
8393,0.018247365951538086,0.014679431915283203,0.0013890266418457031
8394,0.020979881286621094,0.013893604278564453,0.0015106201171875
8395,0.01247859001159668,0.007119417190551758,0.001483917236328125
8396,0.01805710792541504,0.016594409942626953,0.001596689224243164
8397,0.021314382553100586,0.01710343360900879,0.0014586448669433594
8398,0.012090206146240234,0.010507583618164062,0.001542806625366211
8399,0.01100611686706543,0.007487773895263672,0.0014638900756835938
8400,0.013002634048461914,0.01662158966064453,0.0015187263488769531
8401,0.0124053955078125,0.011192798614501953,0.0015857219696044922
8402,0.009259462356567383,0.012111186981201172,0.0014758110046386719
8403,0.015797138214111328,0.013538122177124023,0.001581430435180664
8404,0.015684843063354492,0.014664411544799805,0.0017559528350830078
8405,0.009749412536621094,0.00882101058959961,0.0015709400177001953
8406,0.011153936386108398,0.012444257736206055,0.0014243125915527344
8407,0.008261680603027344,0.008152484893798828,0.0014569759368896484
8408,0.013096332550048828,0.012009143829345703,0.001447916030883789
8409,0.019321441650390625,0.017414331436157227,0.001434326171875
8410,0.015172958374023438,0.012112855911254883,0.0014111995697021484
8411,0.01811695098876953,0.01770186424255371,0.0015969276428222656
8412,0.01574420928955078,0.017955303192138672,0.0015683174133300781
8413,0.012215614318847656,0.009797811508178711,0.0015499591827392578
8414,0.021680593490600586,0.016994476318359375,0.0015375614166259766
8415,0.01773691177368164,0.014988899230957031,0.0014622211456298828
8416,0.008438587188720703,0.007658481597900391,0.001581430435180664
8417,0.013212919235229492,0.012592077255249023,0.0014448165893554688
8418,0.011614084243774414,0.012218952178955078,0.0014040470123291016
8419,0.010329246520996094,0.010361671447753906,0.0014414787292480469
8420,0.009015083312988281,0.006650209426879883,0.001847982406616211
8421,0.0073468685150146484,0.012162923812866211,0.0016071796417236328
8422,0.01789712905883789,0.017588376998901367,0.0015559196472167969
8423,0.013681411743164062,0.015391826629638672,0.001550436019897461
8424,0.01683187484741211,0.016042232513427734,0.0014717578887939453
8425,0.010814189910888672,0.011305570602416992,0.0014820098876953125
8426,0.013251781463623047,0.014948368072509766,0.0014314651489257812
8427,0.01437830924987793,0.01172780990600586,0.0014941692352294922
8428,0.01623392105102539,0.013674020767211914,0.0014753341674804688
8429,0.013818740844726562,0.011925697326660156,0.0014660358428955078
8430,0.012715578079223633,0.014767169952392578,0.0015187263488769531
8431,0.013413667678833008,0.017724037170410156,0.001514434814453125
8432,0.017254352569580078,0.017194032669067383,0.001539468765258789
8433,0.017524003982543945,0.015992403030395508,0.0015215873718261719
8434,0.01568436622619629,0.014552593231201172,0.0013892650604248047
8435,0.010529041290283203,0.01132655143737793,0.0014920234680175781
8436,0.010515689849853516,0.009815454483032227,0.0018489360809326172
8437,0.015097856521606445,0.015564918518066406,0.0015764236450195312
8438,0.013351678848266602,0.014769792556762695,0.0016498565673828125
8439,0.015952110290527344,0.01554560661315918,0.0016770362854003906
8440,0.012693643569946289,0.012226104736328125,0.0015330314636230469
8441,0.009786844253540039,0.010376453399658203,0.0015544891357421875
8442,0.010770559310913086,0.011986017227172852,0.0014770030975341797
8443,0.01210927963256836,0.012860774993896484,0.0014529228210449219
8444,0.010823249816894531,0.010736942291259766,0.0014846324920654297
8445,0.010462045669555664,0.010065555572509766,0.0014195442199707031
8446,0.012327909469604492,0.012266874313354492,0.0014040470123291016
8447,0.01296687126159668,0.014549016952514648,0.0014624595642089844
8448,0.010085344314575195,0.01090097427368164,0.0015933513641357422
8449,0.015887737274169922,0.013121843338012695,0.0015208721160888672
8450,0.014311075210571289,0.015185832977294922,0.0016083717346191406
8451,0.008628368377685547,0.008885860443115234,0.0015041828155517578
8452,0.013404130935668945,0.0138092041015625,0.0017025470733642578
8453,0.011966466903686523,0.012789011001586914,0.001558542251586914
8454,0.008064985275268555,0.012569189071655273,0.0014336109161376953
8455,0.013145923614501953,0.015034914016723633,0.0015587806701660156
8456,0.013921499252319336,0.013576269149780273,0.0015530586242675781
8457,0.011203527450561523,0.010986089706420898,0.0015385150909423828
8458,0.013462066650390625,0.01347970962524414,0.0015411376953125
8459,0.013869285583496094,0.01248311996459961,0.0015406608581542969
8460,0.014372587203979492,0.013416290283203125,0.0014469623565673828
8461,0.013557672500610352,0.012935161590576172,0.0015399456024169922
8462,0.012776374816894531,0.013604879379272461,0.0014307498931884766
8463,0.00943613052368164,0.011914730072021484,0.0015518665313720703
8464,0.014414072036743164,0.013548135757446289,0.0015680789947509766
8465,0.009517669677734375,0.011768579483032227,0.0015177726745605469
8466,0.010365486145019531,0.010305643081665039,0.0016112327575683594
8467,0.005818605422973633,0.006256103515625,0.0015788078308105469
8468,0.014851570129394531,0.016930818557739258,0.00171661376953125
8469,0.013159036636352539,0.014193296432495117,0.0015130043029785156
8470,0.012341976165771484,0.013140678405761719,0.0014824867248535156
8471,0.013319015502929688,0.01387786865234375,0.001485586166381836
8472,0.015974760055541992,0.014098644256591797,0.001428842544555664
8473,0.016040325164794922,0.012325763702392578,0.0016021728515625
8474,0.013138771057128906,0.01450657844543457,0.0015537738800048828
8475,0.013851404190063477,0.013939380645751953,0.001516580581665039
8476,0.011499881744384766,0.011657476425170898,0.0015380382537841797
8477,0.013832569122314453,0.013323783874511719,0.0016088485717773438
8478,0.011592626571655273,0.012205362319946289,0.0014400482177734375
8479,0.011457204818725586,0.013700246810913086,0.0015590190887451172
8480,0.010234355926513672,0.011110544204711914,0.0015704631805419922
8481,0.012305736541748047,0.010969161987304688,0.001407623291015625
8482,0.014027118682861328,0.015303611755371094,0.001561880111694336
8483,0.013051509857177734,0.011057376861572266,0.001369476318359375
8484,0.011160850524902344,0.009330511093139648,0.0017542839050292969
8485,0.012770652770996094,0.013531923294067383,0.0015056133270263672
8486,0.012737274169921875,0.011197566986083984,0.0014710426330566406
8487,0.011370658874511719,0.010861873626708984,0.0014789104461669922
8488,0.013984203338623047,0.012377262115478516,0.0014638900756835938
8489,0.007565021514892578,0.011332511901855469,0.0015125274658203125
8490,0.010091781616210938,0.010013580322265625,0.001519918441772461
8491,0.015647172927856445,0.01501774787902832,0.0014698505401611328
8492,0.016614198684692383,0.01903080940246582,0.0014481544494628906
8493,0.011971473693847656,0.01394200325012207,0.0014612674713134766
8494,0.013728141784667969,0.01522684097290039,0.0015370845794677734
8495,0.008779525756835938,0.010118961334228516,0.0015017986297607422
8496,0.011646032333374023,0.015363693237304688,0.001508951187133789
8497,0.0200502872467041,0.019938945770263672,0.0014891624450683594
8498,0.014163732528686523,0.011041641235351562,0.0014181137084960938
8499,0.012275934219360352,0.013689756393432617,0.0015592575073242188
8500,0.011834859848022461,0.009228944778442383,0.0017476081848144531
8501,0.01143646240234375,0.013602733612060547,0.001474618911743164
8502,0.015419960021972656,0.01617574691772461,0.0015418529510498047
8503,0.010366201400756836,0.011291027069091797,0.0016009807586669922
8504,0.01074671745300293,0.014607429504394531,0.0014657974243164062
8505,0.01377725601196289,0.011693239212036133,0.0015685558319091797
8506,0.014449596405029297,0.014799356460571289,0.0015501976013183594
8507,0.010858297348022461,0.011312246322631836,0.0014781951904296875
8508,0.009867668151855469,0.01228475570678711,0.001516580581665039
8509,0.010555267333984375,0.012733221054077148,0.0013985633850097656
8510,0.01621079444885254,0.014316797256469727,0.0015883445739746094
8511,0.013403892517089844,0.01541590690612793,0.0014376640319824219
8512,0.012547969818115234,0.011559486389160156,0.0015544891357421875
8513,0.010823249816894531,0.012049436569213867,0.0014960765838623047
8514,0.012106895446777344,0.010859251022338867,0.0015437602996826172
8515,0.006636857986450195,0.009022951126098633,0.001508474349975586
8516,0.012582778930664062,0.013251781463623047,0.0016744136810302734
8517,0.014171123504638672,0.013596773147583008,0.0015094280242919922
8518,0.010973691940307617,0.009694099426269531,0.0014469623565673828
8519,0.006449699401855469,0.006014347076416016,0.0014848709106445312
8520,0.01686835289001465,0.017329692840576172,0.0015625953674316406
8521,0.010366439819335938,0.00975942611694336,0.0015103816986083984
8522,0.006929159164428711,0.009335517883300781,0.0015645027160644531
8523,0.01157832145690918,0.012305974960327148,0.0014758110046386719
8524,0.013593912124633789,0.012547731399536133,0.0015349388122558594
8525,0.014960050582885742,0.015793561935424805,0.001458883285522461
8526,0.011507987976074219,0.01054072380065918,0.001565694808959961
8527,0.011933088302612305,0.012661218643188477,0.0014543533325195312
8528,0.010779142379760742,0.009883880615234375,0.001547098159790039
8529,0.011454343795776367,0.012181758880615234,0.0014853477478027344
8530,0.01102137565612793,0.010041475296020508,0.0014743804931640625
8531,0.013179540634155273,0.015234231948852539,0.0014450550079345703
8532,0.009370803833007812,0.010992050170898438,0.0017256736755371094
8533,0.011247396469116211,0.01702141761779785,0.0015120506286621094
8534,0.016733169555664062,0.015762805938720703,0.0015037059783935547
8535,0.012584686279296875,0.010318756103515625,0.0015730857849121094
8536,0.01624608039855957,0.013928413391113281,0.0015954971313476562
8537,0.014820337295532227,0.0155487060546875,0.0015115737915039062
8538,0.013876676559448242,0.009491443634033203,0.0015642642974853516
8539,0.010774374008178711,0.014581441879272461,0.001550912857055664
8540,0.010087966918945312,0.00872039794921875,0.0015625953674316406
8541,0.013994455337524414,0.015823841094970703,0.0015480518341064453
8542,0.013096332550048828,0.012330770492553711,0.0014553070068359375
8543,0.01626133918762207,0.01786065101623535,0.0015163421630859375
8544,0.011510372161865234,0.009251117706298828,0.001417398452758789
8545,0.013783693313598633,0.014274358749389648,0.0015230178833007812
8546,0.01312708854675293,0.013390779495239258,0.0014603137969970703
8547,0.007625102996826172,0.008167743682861328,0.001468658447265625
8548,0.00864553451538086,0.009066104888916016,0.001674652099609375
8549,0.011781692504882812,0.010068893432617188,0.0015015602111816406
8550,0.01092219352722168,0.00954127311706543,0.0014464855194091797
8551,0.01116633415222168,0.010174274444580078,0.0015079975128173828
8552,0.013010740280151367,0.014387369155883789,0.001483917236328125
8553,0.011436700820922852,0.010807991027832031,0.0014481544494628906
8554,0.013177633285522461,0.009853363037109375,0.001422882080078125
8555,0.014616012573242188,0.016833066940307617,0.0014340877532958984
8556,0.01186060905456543,0.01165008544921875,0.0014309883117675781
8557,0.014501810073852539,0.016954421997070312,0.0015714168548583984
8558,0.011595010757446289,0.012376070022583008,0.0014514923095703125
8559,0.015275716781616211,0.011796712875366211,0.0014996528625488281
8560,0.014058828353881836,0.012683391571044922,0.0014729499816894531
8561,0.010924816131591797,0.007817983627319336,0.0014467239379882812
8562,0.013469219207763672,0.011823654174804688,0.0013990402221679688
8563,0.01408839225769043,0.015521049499511719,0.0015711784362792969
8564,0.01286935806274414,0.009649515151977539,0.001682281494140625
8565,0.009511709213256836,0.011780977249145508,0.0014955997467041016
8566,0.016051769256591797,0.013264894485473633,0.0017986297607421875
8567,0.015021562576293945,0.014328479766845703,0.0014896392822265625
8568,0.013501167297363281,0.011994361877441406,0.0015549659729003906
8569,0.012171745300292969,0.011381149291992188,0.0015187263488769531
8570,0.010214090347290039,0.005998134613037109,0.0015096664428710938
8571,0.01555013656616211,0.015983104705810547,0.0016486644744873047
8572,0.016400575637817383,0.014610052108764648,0.0015575885772705078
8573,0.01294708251953125,0.014845609664916992,0.0015158653259277344
8574,0.01232147216796875,0.013370752334594727,0.0014801025390625
8575,0.009644746780395508,0.008777618408203125,0.0014598369598388672
8576,0.012151241302490234,0.013963937759399414,0.0015881061553955078
8577,0.008048057556152344,0.008733987808227539,0.0015294551849365234
8578,0.01303553581237793,0.010926008224487305,0.0015635490417480469
8579,0.01357722282409668,0.014367103576660156,0.0014495849609375
8580,0.0146026611328125,0.01333928108215332,0.0018236637115478516
8581,0.014544486999511719,0.013783454895019531,0.0015599727630615234
8582,0.011292695999145508,0.008163928985595703,0.0014157295227050781
8583,0.014217615127563477,0.012417078018188477,0.0014276504516601562
8584,0.01480555534362793,0.01592087745666504,0.001486063003540039
8585,0.014672279357910156,0.0139312744140625,0.0014536380767822266
8586,0.010043621063232422,0.009521245956420898,0.001522064208984375
8587,0.00971841812133789,0.01141977310180664,0.0014107227325439453
8588,0.015655040740966797,0.013153553009033203,0.0015192031860351562
8589,0.015081167221069336,0.015679597854614258,0.0016903877258300781
8590,0.013032197952270508,0.015510320663452148,0.0015447139739990234
8591,0.01274251937866211,0.014180421829223633,0.0015430450439453125
8592,0.007812738418579102,0.006639957427978516,0.001550912857055664
8593,0.01110219955444336,0.013545036315917969,0.0015230178833007812
8594,0.012861013412475586,0.015536785125732422,0.0014705657958984375
8595,0.014096498489379883,0.012206792831420898,0.0014004707336425781
8596,0.008643865585327148,0.007799625396728516,0.0017633438110351562
8597,0.013041973114013672,0.013185739517211914,0.0014264583587646484
8598,0.015138864517211914,0.015483856201171875,0.0015022754669189453
8599,0.014673948287963867,0.014899253845214844,0.0013997554779052734
8600,0.015265464782714844,0.01825881004333496,0.001519918441772461
8601,0.011677980422973633,0.009516239166259766,0.0014286041259765625
8602,0.009568214416503906,0.009980440139770508,0.0015668869018554688
8603,0.007170677185058594,0.01865530014038086,0.0015120506286621094
8604,0.012431621551513672,0.01780986785888672,0.001420736312866211
8605,0.011928081512451172,0.008939266204833984,0.0014672279357910156
8606,0.01042485237121582,0.007429838180541992,0.001444101333618164
8607,0.019393444061279297,0.0164031982421875,0.0013964176177978516
8608,0.016812562942504883,0.016869306564331055,0.0014493465423583984
8609,0.011248588562011719,0.01106572151184082,0.0014646053314208984
8610,0.013351678848266602,0.01280355453491211,0.001474618911743164
8611,0.018164873123168945,0.010031461715698242,0.0014121532440185547
8612,0.01699042320251465,0.014580965042114258,0.001688241958618164
8613,0.01862311363220215,0.014822244644165039,0.0015115737915039062
8614,0.011752128601074219,0.009740114212036133,0.0014595985412597656
8615,0.00951528549194336,0.007017612457275391,0.0014672279357910156
8616,0.013054847717285156,0.010838747024536133,0.001455068588256836
8617,0.015383481979370117,0.0171048641204834,0.0014264583587646484
8618,0.018229246139526367,0.015496969223022461,0.0014464855194091797
8619,0.015259742736816406,0.0129547119140625,0.0013818740844726562
8620,0.018552064895629883,0.014937639236450195,0.0014355182647705078
8621,0.013239145278930664,0.013929367065429688,0.0013818740844726562
8622,0.016314029693603516,0.0156402587890625,0.001392364501953125
8623,0.010788440704345703,0.014895200729370117,0.001384735107421875
8624,0.011478662490844727,0.009952545166015625,0.0015323162078857422
8625,0.014441728591918945,0.01420450210571289,0.0014338493347167969
8626,0.01735687255859375,0.016698360443115234,0.001539468765258789
8627,0.016726016998291016,0.016119718551635742,0.0014476776123046875
8628,0.008925676345825195,0.007893800735473633,0.0018572807312011719
8629,0.015480279922485352,0.014895439147949219,0.0015308856964111328
8630,0.014187812805175781,0.014411449432373047,0.0014600753784179688
8631,0.011655807495117188,0.013585329055786133,0.0014657974243164062
8632,0.016873836517333984,0.01300501823425293,0.001516103744506836
8633,0.010680437088012695,0.012308359146118164,0.0014405250549316406
8634,0.010681867599487305,0.0094146728515625,0.0016405582427978516
8635,0.011621475219726562,0.011717557907104492,0.0013976097106933594
8636,0.010825634002685547,0.013083934783935547,0.0016331672668457031
8637,0.010267972946166992,0.008529901504516602,0.0013737678527832031
8638,0.012132406234741211,0.010682106018066406,0.0015606880187988281
8639,0.010337352752685547,0.01024627685546875,0.0015954971313476562
8640,0.015553712844848633,0.01552438735961914,0.0014221668243408203
8641,0.010882377624511719,0.01326441764831543,0.001514434814453125
8642,0.012598276138305664,0.012995481491088867,0.0016913414001464844
8643,0.014785289764404297,0.015469551086425781,0.0016887187957763672
8644,0.010324954986572266,0.014872550964355469,0.0019199848175048828
8645,0.015480995178222656,0.017370223999023438,0.0015227794647216797
8646,0.017244815826416016,0.01756882667541504,0.0015597343444824219
8647,0.014489412307739258,0.016193389892578125,0.0015437602996826172
8648,0.013087749481201172,0.01298666000366211,0.0015988349914550781
8649,0.009879112243652344,0.008578062057495117,0.0014765262603759766
8650,0.009815454483032227,0.010250329971313477,0.00147247314453125
8651,0.013333320617675781,0.009166955947875977,0.0014011859893798828
8652,0.012456178665161133,0.01338505744934082,0.00156402587890625
8653,0.01414036750793457,0.01466059684753418,0.0014319419860839844
8654,0.012744903564453125,0.012694597244262695,0.0014638900756835938
8655,0.013381481170654297,0.013036489486694336,0.0013985633850097656
8656,0.015321969985961914,0.015410900115966797,0.0014107227325439453
8657,0.012670516967773438,0.010591506958007812,0.001424551010131836
8658,0.014484405517578125,0.01469874382019043,0.0014801025390625
8659,0.013693094253540039,0.013177871704101562,0.0014791488647460938
8660,0.009074687957763672,0.008820056915283203,0.0016982555389404297
8661,0.009799957275390625,0.009052038192749023,0.001508474349975586
8662,0.006526947021484375,0.007173776626586914,0.0015189647674560547
8663,0.005769252777099609,0.00842905044555664,0.00148773193359375
8664,0.014277935028076172,0.014226436614990234,0.0015554428100585938
8665,0.015137910842895508,0.016292572021484375,0.001483917236328125
8666,0.011448860168457031,0.012057304382324219,0.0015935897827148438
8667,0.009677886962890625,0.012040376663208008,0.0014617443084716797
8668,0.0143585205078125,0.015807390213012695,0.0015821456909179688
8669,0.009862184524536133,0.010752677917480469,0.0014803409576416016
8670,0.014824628829956055,0.012840986251831055,0.0015225410461425781
8671,0.014451742172241211,0.014364480972290039,0.00159454345703125
8672,0.012931585311889648,0.012013435363769531,0.0016245841979980469
8673,0.01289510726928711,0.012467384338378906,0.0015187263488769531
8674,0.015276908874511719,0.014068841934204102,0.001466512680053711
8675,0.010050058364868164,0.010720252990722656,0.0015223026275634766
8676,0.010301351547241211,0.010101318359375,0.0017325878143310547
8677,0.010326385498046875,0.011463165283203125,0.0014510154724121094
8678,0.014540433883666992,0.013707160949707031,0.0014786720275878906
8679,0.011105537414550781,0.01120615005493164,0.0014774799346923828
8680,0.010380029678344727,0.012714385986328125,0.0014438629150390625
8681,0.014453887939453125,0.011764764785766602,0.0014605522155761719
8682,0.011307239532470703,0.011908769607543945,0.0014383792877197266
8683,0.014863014221191406,0.015432357788085938,0.0014500617980957031
8684,0.017911434173583984,0.018798828125,0.0014104843139648438
8685,0.01647162437438965,0.0168612003326416,0.0014986991882324219
8686,0.010803699493408203,0.010750293731689453,0.0013663768768310547
8687,0.014813899993896484,0.017124652862548828,0.001476287841796875
8688,0.014375448226928711,0.015106678009033203,0.0014598369598388672
8689,0.013789653778076172,0.013890504837036133,0.0015349388122558594
8690,0.014232635498046875,0.015586614608764648,0.0014922618865966797
8691,0.014642000198364258,0.019478797912597656,0.0014081001281738281
8692,0.010786056518554688,0.015616893768310547,0.0017189979553222656
8693,0.011091232299804688,0.010679006576538086,0.0016126632690429688
8694,0.017539024353027344,0.01669764518737793,0.0014629364013671875
8695,0.015035390853881836,0.013306856155395508,0.0014605522155761719
8696,0.012995243072509766,0.01931285858154297,0.0014216899871826172
8697,0.008746623992919922,0.0115814208984375,0.0014357566833496094
8698,0.015996694564819336,0.013513326644897461,0.0014383792877197266
8699,0.016568422317504883,0.016478538513183594,0.0014491081237792969
8700,0.011649847030639648,0.012845516204833984,0.0014231204986572266
8701,0.015693187713623047,0.01671624183654785,0.0014452934265136719
8702,0.01616382598876953,0.011897563934326172,0.0014913082122802734
8703,0.013048171997070312,0.011937618255615234,0.001432657241821289
8704,0.0100250244140625,0.01347208023071289,0.001481771469116211
8705,0.012923002243041992,0.014348268508911133,0.001482248306274414
8706,0.012234687805175781,0.013672351837158203,0.0015151500701904297
8707,0.012348413467407227,0.010685443878173828,0.0013997554779052734
8708,0.015667438507080078,0.017297744750976562,0.0016739368438720703
8709,0.012995004653930664,0.009393692016601562,0.0015027523040771484
8710,0.011583805084228516,0.005983829498291016,0.0014929771423339844
8711,0.012528419494628906,0.0156707763671875,0.0014193058013916016
8712,0.01147150993347168,0.012913227081298828,0.0015025138854980469
8713,0.011875391006469727,0.010231733322143555,0.001416921615600586
8714,0.014976739883422852,0.015589237213134766,0.0014004707336425781
8715,0.009856700897216797,0.015322208404541016,0.001428365707397461
8716,0.013098716735839844,0.01121830940246582,0.0014595985412597656
8717,0.015657901763916016,0.011972665786743164,0.001447916030883789
8718,0.01556849479675293,0.01578211784362793,0.0014030933380126953
8719,0.015867948532104492,0.014306306838989258,0.001444101333618164
8720,0.014495611190795898,0.015135765075683594,0.0014767646789550781
8721,0.016876935958862305,0.014577865600585938,0.0014755725860595703
8722,0.015017271041870117,0.014620542526245117,0.001581430435180664
8723,0.015528678894042969,0.017026901245117188,0.0014660358428955078
8724,0.014744043350219727,0.01468658447265625,0.00177001953125
8725,0.013645648956298828,0.01563858985900879,0.0015265941619873047
8726,0.011760711669921875,0.014022350311279297,0.0014998912811279297
8727,0.012173175811767578,0.012332916259765625,0.0014731884002685547
8728,0.013565778732299805,0.014696121215820312,0.0016064643859863281
8729,0.008836030960083008,0.00908517837524414,0.0015087127685546875
8730,0.009345293045043945,0.011467218399047852,0.0014395713806152344
8731,0.00952005386352539,0.010613679885864258,0.0014569759368896484
8732,0.012013435363769531,0.011985540390014648,0.0014350414276123047
8733,0.010043144226074219,0.012454748153686523,0.0015294551849365234
8734,0.01687312126159668,0.016088247299194336,0.001470327377319336
8735,0.014417171478271484,0.015512704849243164,0.0013871192932128906
8736,0.013924598693847656,0.016987085342407227,0.001453399658203125
8737,0.014958620071411133,0.015946149826049805,0.0014519691467285156
8738,0.01275634765625,0.01378011703491211,0.0014464855194091797
8739,0.008294343948364258,0.00640106201171875,0.0014491081237792969
8740,0.009767293930053711,0.01112222671508789,0.0016980171203613281
8741,0.011084556579589844,0.016101598739624023,0.0015974044799804688
8742,0.014728307723999023,0.01587224006652832,0.0014691352844238281
8743,0.01105046272277832,0.01089334487915039,0.0014805793762207031
8744,0.009101390838623047,0.011843442916870117,0.0014867782592773438
8745,0.011578559875488281,0.0112762451171875,0.0014796257019042969
8746,0.01128244400024414,0.01781940460205078,0.0014448165893554688
8747,0.006463766098022461,0.006802082061767578,0.001416921615600586
8748,0.013673067092895508,0.017382383346557617,0.0015101432800292969
8749,0.008252859115600586,0.013098001480102539,0.0014834403991699219
8750,0.012099981307983398,0.012765645980834961,0.0015032291412353516
8751,0.01603555679321289,0.012747526168823242,0.001428365707397461
8752,0.013939857482910156,0.014831781387329102,0.0014910697937011719
8753,0.010752439498901367,0.013655662536621094,0.0014562606811523438
8754,0.013629913330078125,0.013294458389282227,0.0014204978942871094
8755,0.015091657638549805,0.015786170959472656,0.0014204978942871094
8756,0.010957002639770508,0.012727975845336914,0.0017142295837402344
8757,0.011718273162841797,0.012814521789550781,0.0014960765838623047
8758,0.0173795223236084,0.017926692962646484,0.0014753341674804688
8759,0.014304876327514648,0.014427423477172852,0.0015039443969726562
8760,0.014267683029174805,0.010005950927734375,0.0015020370483398438
8761,0.011584043502807617,0.013778448104858398,0.0014162063598632812
8762,0.014191865921020508,0.011164426803588867,0.0015044212341308594
8763,0.00881648063659668,0.010204553604125977,0.0014867782592773438
8764,0.015185832977294922,0.015170812606811523,0.0014345645904541016
8765,0.015298604965209961,0.012064456939697266,0.0014846324920654297
8766,0.015728235244750977,0.016143798828125,0.0014357566833496094
8767,0.009782552719116211,0.012735843658447266,0.0014414787292480469
8768,0.009883880615234375,0.01051473617553711,0.0014719963073730469
8769,0.014283418655395508,0.013900041580200195,0.001382589340209961
8770,0.00919032096862793,0.010847330093383789,0.0014159679412841797
8771,0.01542353630065918,0.0176393985748291,0.0014262199401855469
8772,0.01206827163696289,0.009765148162841797,0.0016436576843261719
8773,0.00852513313293457,0.0095367431640625,0.001363992691040039
8774,0.01005244255065918,0.014541864395141602,0.0013973712921142578
8775,0.013033151626586914,0.013437032699584961,0.0015184879302978516
8776,0.013761281967163086,0.01295781135559082,0.0014429092407226562
8777,0.015984773635864258,0.016458749771118164,0.0014748573303222656
8778,0.010216236114501953,0.013820886611938477,0.0013937950134277344
8779,0.013469457626342773,0.016577720642089844,0.0015139579772949219
8780,0.01002192497253418,0.014646530151367188,0.0014362335205078125
8781,0.008919477462768555,0.008899927139282227,0.0013995170593261719
8782,0.012034893035888672,0.00945281982421875,0.0014939308166503906
8783,0.015242576599121094,0.015403509140014648,0.0014655590057373047
8784,0.010322809219360352,0.010213375091552734,0.0014581680297851562
8785,0.010001659393310547,0.007294654846191406,0.0014195442199707031
8786,0.012361764907836914,0.012480497360229492,0.0014390945434570312
8787,0.012668609619140625,0.013855934143066406,0.0014026165008544922
8788,0.010147809982299805,0.01206350326538086,0.0017399787902832031
8789,0.011638402938842773,0.015612602233886719,0.0014028549194335938
8790,0.010765552520751953,0.007493019104003906,0.001516103744506836
8791,0.011962890625,0.011954069137573242,0.0014452934265136719
8792,0.010472297668457031,0.013756752014160156,0.0014955997467041016
8793,0.008310317993164062,0.010257244110107422,0.0014598369598388672
8794,0.011723041534423828,0.010360956192016602,0.0014162063598632812
8795,0.010920524597167969,0.011966943740844727,0.0014905929565429688
8796,0.014867305755615234,0.015784740447998047,0.001443624496459961
8797,0.012622356414794922,0.012253284454345703,0.0014336109161376953
8798,0.011661052703857422,0.012789011001586914,0.0014986991882324219
8799,0.015201330184936523,0.010932445526123047,0.0014901161193847656
8800,0.014739751815795898,0.015522480010986328,0.0014925003051757812
8801,0.01100468635559082,0.015273332595825195,0.0014805793762207031
8802,0.013477325439453125,0.010463476181030273,0.0014646053314208984
8803,0.015541791915893555,0.01622772216796875,0.0014443397521972656
8804,0.01129913330078125,0.014653921127319336,0.0017206668853759766
8805,0.010811328887939453,0.015341043472290039,0.0013661384582519531
8806,0.012996435165405273,0.01259160041809082,0.0014574527740478516
8807,0.016260862350463867,0.018898963928222656,0.0014324188232421875
8808,0.016261816024780273,0.016255617141723633,0.0015153884887695312
8809,0.012027978897094727,0.012922048568725586,0.0014889240264892578
8810,0.011115074157714844,0.009699821472167969,0.0014324188232421875
8811,0.014671802520751953,0.008918285369873047,0.0015027523040771484
8812,0.020012855529785156,0.014221429824829102,0.0015604496002197266
8813,0.014087677001953125,0.011550188064575195,0.0015141963958740234
8814,0.013013601303100586,0.01205897331237793,0.0015022754669189453
8815,0.01369786262512207,0.012230157852172852,0.0013971328735351562
8816,0.011088371276855469,0.009842634201049805,0.0014448165893554688
8817,0.009034395217895508,0.00989079475402832,0.0014729499816894531
8818,0.014615774154663086,0.009113311767578125,0.001405954360961914
8819,0.017176389694213867,0.01579117774963379,0.0014450550079345703
8820,0.011381149291992188,0.011746406555175781,0.003473520278930664
8821,0.015865325927734375,0.01274418830871582,0.0014874935150146484
8822,0.011789798736572266,0.010591268539428711,0.0015039443969726562
8823,0.015850305557250977,0.013996362686157227,0.0015108585357666016
8824,0.011484622955322266,0.010261774063110352,0.001596689224243164
8825,0.015231609344482422,0.013988494873046875,0.0017137527465820312
8826,0.01597309112548828,0.01553797721862793,0.001756906509399414
8827,0.018602371215820312,0.014119863510131836,0.0016968250274658203
8828,0.020400047302246094,0.02118968963623047,0.0017595291137695312
8829,0.012701272964477539,0.014594316482543945,0.0016245841979980469
8830,0.010004520416259766,0.008636474609375,0.001401662826538086
8831,0.015624284744262695,0.016011476516723633,0.0014836788177490234
8832,0.013794660568237305,0.010326147079467773,0.001363515853881836
8833,0.018805742263793945,0.017209768295288086,0.0015790462493896484
8834,0.013211965560913086,0.01376032829284668,0.0015096664428710938
8835,0.012436628341674805,0.008628368377685547,0.0014829635620117188
8836,0.016344308853149414,0.014719486236572266,0.0018362998962402344
8837,0.009195566177368164,0.010825157165527344,0.0015418529510498047
8838,0.0075321197509765625,0.011652708053588867,0.0015397071838378906
8839,0.01406097412109375,0.013595104217529297,0.0014085769653320312
8840,0.011524200439453125,0.008368968963623047,0.0014841556549072266
8841,0.014676570892333984,0.014006853103637695,0.0014679431915283203
8842,0.012878894805908203,0.013117074966430664,0.0014569759368896484
8843,0.016524314880371094,0.01968669891357422,0.0014574527740478516
8844,0.012004613876342773,0.014447927474975586,0.0014858245849609375
8845,0.015013933181762695,0.016599655151367188,0.0016186237335205078
8846,0.010102510452270508,0.007139682769775391,0.0014836788177490234
8847,0.012542963027954102,0.011499881744384766,0.0015473365783691406
8848,0.012954950332641602,0.013631343841552734,0.00150299072265625
8849,0.011707067489624023,0.01237797737121582,0.0015819072723388672
8850,0.014043807983398438,0.015983104705810547,0.0015056133270263672
8851,0.013703584671020508,0.014833211898803711,0.0013988018035888672
8852,0.015636920928955078,0.016260862350463867,0.0017714500427246094
8853,0.011580228805541992,0.012290000915527344,0.0014653205871582031
8854,0.013149261474609375,0.010962724685668945,0.0014955997467041016
8855,0.011093616485595703,0.008910179138183594,0.0014739036560058594
8856,0.01085519790649414,0.008355379104614258,0.0014200210571289062
8857,0.016002893447875977,0.013534069061279297,0.0014481544494628906
8858,0.018215179443359375,0.020298480987548828,0.0014569759368896484
8859,0.016295433044433594,0.01620936393737793,0.001413106918334961
8860,0.010140657424926758,0.012121915817260742,0.0014562606811523438
8861,0.013065099716186523,0.015378236770629883,0.0014317035675048828
8862,0.01532602310180664,0.014081001281738281,0.0014579296112060547
8863,0.014301300048828125,0.011652231216430664,0.0014944076538085938
8864,0.011628866195678711,0.013036012649536133,0.0014183521270751953
8865,0.013272285461425781,0.013220071792602539,0.0014810562133789062
8866,0.007866621017456055,0.012054443359375,0.0013985633850097656
8867,0.012635946273803711,0.012224197387695312,0.0013575553894042969
8868,0.014332056045532227,0.015312433242797852,0.0016357898712158203
8869,0.014750957489013672,0.010067939758300781,0.001415252685546875
8870,0.015796422958374023,0.014565229415893555,0.0014150142669677734
8871,0.012725114822387695,0.01353597640991211,0.0015685558319091797
8872,0.008089065551757812,0.010754823684692383,0.0014047622680664062
8873,0.011875152587890625,0.012308120727539062,0.0015106201171875
8874,0.013198614120483398,0.0163118839263916,0.0014300346374511719
8875,0.015266180038452148,0.011971235275268555,0.0013823509216308594
8876,0.010205507278442383,0.013018369674682617,0.001451253890991211
8877,0.012625694274902344,0.009273052215576172,0.0016314983367919922
8878,0.0070307254791259766,0.0101470947265625,0.0014605522155761719
8879,0.0184018611907959,0.014094829559326172,0.0016720294952392578
8880,0.01192927360534668,0.011226654052734375,0.001435995101928711
8881,0.009174585342407227,0.008942365646362305,0.001455068588256836
8882,0.012897253036499023,0.011302947998046875,0.0014734268188476562
8883,0.015299320220947266,0.017825841903686523,0.0014123916625976562
8884,0.010209798812866211,0.012106895446777344,0.0017845630645751953
8885,0.005069732666015625,0.005599260330200195,0.0015330314636230469
8886,0.013712882995605469,0.016156673431396484,0.0014617443084716797
8887,0.0157015323638916,0.013650655746459961,0.0015120506286621094
8888,0.017255783081054688,0.014278888702392578,0.0015060901641845703
8889,0.015622377395629883,0.015546560287475586,0.0015282630920410156
8890,0.014320135116577148,0.016239404678344727,0.0014810562133789062
8891,0.009330034255981445,0.012619256973266602,0.0014801025390625
8892,0.01316070556640625,0.014581680297851562,0.0015132427215576172
8893,0.01457071304321289,0.012103796005249023,0.0014104843139648438
8894,0.015490531921386719,0.01564335823059082,0.0015497207641601562
8895,0.009181022644042969,0.011231660842895508,0.0017232894897460938
8896,0.01238703727722168,0.009429216384887695,0.0015642642974853516
8897,0.01507425308227539,0.017160415649414062,0.0015904903411865234
8898,0.009690999984741211,0.008626222610473633,0.0014300346374511719
8899,0.011672735214233398,0.011762380599975586,0.0014693737030029297
8900,0.015212059020996094,0.013628482818603516,0.001847982406616211
8901,0.012135028839111328,0.010848283767700195,0.0015902519226074219
8902,0.012431859970092773,0.010269641876220703,0.0014913082122802734
8903,0.011495113372802734,0.011460542678833008,0.0017256736755371094
8904,0.015564680099487305,0.012643098831176758,0.0015261173248291016
8905,0.015402793884277344,0.013104677200317383,0.0013973712921142578
8906,0.01659536361694336,0.01589179039001465,0.0013985633850097656
8907,0.013294696807861328,0.012176752090454102,0.0015380382537841797
8908,0.01072549819946289,0.010397911071777344,0.0014235973358154297
8909,0.013214588165283203,0.014381885528564453,0.0014352798461914062
8910,0.007529735565185547,0.01038813591003418,0.0013866424560546875
8911,0.010478973388671875,0.012506484985351562,0.0014662742614746094
8912,0.012365341186523438,0.013810157775878906,0.001470804214477539
8913,0.017859458923339844,0.01591324806213379,0.0014755725860595703
8914,0.011505842208862305,0.011085271835327148,0.0016236305236816406
8915,0.011219024658203125,0.010595083236694336,0.0014920234680175781
8916,0.012261390686035156,0.016117095947265625,0.001856088638305664
8917,0.01038360595703125,0.010838985443115234,0.0015330314636230469
8918,0.013887882232666016,0.013745546340942383,0.001474618911743164
8919,0.013326644897460938,0.01416325569152832,0.0015521049499511719
8920,0.01222372055053711,0.013500213623046875,0.0014643669128417969
8921,0.015102624893188477,0.015398502349853516,0.0015327930450439453
8922,0.015753984451293945,0.012812376022338867,0.001476287841796875
8923,0.015958070755004883,0.016027450561523438,0.0014595985412597656
8924,0.010630130767822266,0.01060175895690918,0.0015172958374023438
8925,0.011769533157348633,0.008872747421264648,0.0015137195587158203
8926,0.011768102645874023,0.01329803466796875,0.0014994144439697266
8927,0.016077518463134766,0.014713048934936523,0.001422882080078125
8928,0.011966466903686523,0.013016939163208008,0.0014917850494384766
8929,0.014168262481689453,0.01116037368774414,0.0014846324920654297
8930,0.011243820190429688,0.01070713996887207,0.0013818740844726562
8931,0.008216619491577148,0.009118795394897461,0.0014643669128417969
8932,0.009923458099365234,0.011981725692749023,0.001678466796875
8933,0.011349678039550781,0.011208295822143555,0.0015015602111816406
8934,0.01324152946472168,0.014011383056640625,0.0016045570373535156
8935,0.015288829803466797,0.015555620193481445,0.0016148090362548828
8936,0.012385129928588867,0.01291203498840332,0.0015840530395507812
8937,0.012455224990844727,0.009465932846069336,0.001512765884399414
8938,0.016405344009399414,0.01147150993347168,0.0014500617980957031
8939,0.013212203979492188,0.011948108673095703,0.001461029052734375
8940,0.014078855514526367,0.012769222259521484,0.001486063003540039
8941,0.012006044387817383,0.00979757308959961,0.0015406608581542969
8942,0.01653289794921875,0.015430927276611328,0.0019817352294921875
8943,0.0074541568756103516,0.0073778629302978516,0.00141143798828125
8944,0.011632204055786133,0.011020660400390625,0.0014638900756835938
8945,0.015827417373657227,0.012334108352661133,0.0014979839324951172
8946,0.010510921478271484,0.009558677673339844,0.0015859603881835938
8947,0.0067822933197021484,0.009862184524536133,0.0014348030090332031
8948,0.00572657585144043,0.009123563766479492,0.0018665790557861328
8949,0.011067390441894531,0.013203620910644531,0.0015234947204589844
8950,0.012048721313476562,0.013112545013427734,0.0017371177673339844
8951,0.014212369918823242,0.01374363899230957,0.0014908313751220703
8952,0.014821529388427734,0.01402735710144043,0.0014812946319580078
8953,0.014321088790893555,0.012277841567993164,0.0015790462493896484
8954,0.010032415390014648,0.010524988174438477,0.0013651847839355469
8955,0.010413885116577148,0.012133598327636719,0.0015106201171875
8956,0.017310142517089844,0.017348766326904297,0.0014290809631347656
8957,0.015171051025390625,0.016078948974609375,0.001482248306274414
8958,0.01239633560180664,0.008475065231323242,0.0014197826385498047
8959,0.014009952545166016,0.012797832489013672,0.0014293193817138672
8960,0.01535940170288086,0.01625227928161621,0.001542806625366211
8961,0.007496833801269531,0.009659290313720703,0.0014522075653076172
8962,0.014091730117797852,0.015830278396606445,0.0015740394592285156
8963,0.01478886604309082,0.01625537872314453,0.0018434524536132812
8964,0.010259628295898438,0.008448362350463867,0.0017268657684326172
8965,0.010671138763427734,0.006782054901123047,0.0015528202056884766
8966,0.007169008255004883,0.006819725036621094,0.0014781951904296875
8967,0.014284372329711914,0.01528310775756836,0.0015249252319335938
8968,0.010049819946289062,0.011258602142333984,0.0015857219696044922
8969,0.013101577758789062,0.017174959182739258,0.0014595985412597656
8970,0.011208057403564453,0.012300729751586914,0.001506805419921875
8971,0.007580280303955078,0.011606454849243164,0.0014116764068603516
8972,0.013802051544189453,0.00936126708984375,0.0015134811401367188
8973,0.012737274169921875,0.014006853103637695,0.001430511474609375
8974,0.015033483505249023,0.014945745468139648,0.001409292221069336
8975,0.010602474212646484,0.011652708053588867,0.0015423297882080078
8976,0.01083993911743164,0.013029098510742188,0.0014793872833251953
8977,0.014827728271484375,0.01653575897216797,0.0015666484832763672
8978,0.012140989303588867,0.012922048568725586,0.0014455318450927734
8979,0.014974594116210938,0.01277470588684082,0.0014576911926269531
8980,0.014687776565551758,0.015422821044921875,0.0017066001892089844
8981,0.012342214584350586,0.014397144317626953,0.0014774799346923828
8982,0.010401725769042969,0.013271570205688477,0.0014407634735107422
8983,0.011665582656860352,0.010366201400756836,0.0014140605926513672
8984,0.008767366409301758,0.013427257537841797,0.0015249252319335938
8985,0.012589693069458008,0.012717247009277344,0.0014879703521728516
8986,0.0122833251953125,0.011295557022094727,0.0014429092407226562
8987,0.008398056030273438,0.007652759552001953,0.0014801025390625
8988,0.017360925674438477,0.01854252815246582,0.0015075206756591797
8989,0.013353347778320312,0.013266563415527344,0.0014879703521728516
8990,0.012523889541625977,0.008301258087158203,0.0014920234680175781
8991,0.011225461959838867,0.013379573822021484,0.0014805793762207031
8992,0.009623527526855469,0.011308431625366211,0.0015707015991210938
8993,0.016649246215820312,0.017499923706054688,0.0014929771423339844
8994,0.01423192024230957,0.01473689079284668,0.0014464855194091797
8995,0.013226032257080078,0.009678363800048828,0.001453399658203125
8996,0.013653039932250977,0.016466379165649414,0.0017666816711425781
8997,0.009305477142333984,0.010050058364868164,0.0014851093292236328
8998,0.011883020401000977,0.011645317077636719,0.0014255046844482422
8999,0.015332937240600586,0.015112161636352539,0.0015702247619628906
9000,0.0162656307220459,0.015314817428588867,0.0014438629150390625
9001,0.008003473281860352,0.013628244400024414,0.0014777183532714844
9002,0.014970779418945312,0.015984773635864258,0.0014030933380126953
9003,0.009855508804321289,0.008412837982177734,0.0014691352844238281
9004,0.013314008712768555,0.014867544174194336,0.0014133453369140625
9005,0.01021718978881836,0.007472515106201172,0.001476287841796875
9006,0.013609647750854492,0.010364294052124023,0.0014576911926269531
9007,0.011960029602050781,0.011791467666625977,0.0015060901641845703
9008,0.011013507843017578,0.012282371520996094,0.0014655590057373047
9009,0.012155771255493164,0.011600732803344727,0.001435995101928711
9010,0.010858774185180664,0.008087635040283203,0.0014500617980957031
9011,0.012535333633422852,0.010912418365478516,0.001447439193725586
9012,0.011560440063476562,0.011734962463378906,0.0016739368438720703
9013,0.012716531753540039,0.013776063919067383,0.001514434814453125
9014,0.013048171997070312,0.014842033386230469,0.0014498233795166016
9015,0.012312650680541992,0.013489484786987305,0.0015075206756591797
9016,0.01574254035949707,0.014602899551391602,0.0014638900756835938
9017,0.005869626998901367,0.006619930267333984,0.0014028549194335938
9018,0.010537862777709961,0.01306915283203125,0.0014221668243408203
9019,0.014086008071899414,0.009935855865478516,0.001474618911743164
9020,0.012617826461791992,0.01278543472290039,0.0014023780822753906
9021,0.012334585189819336,0.014045000076293945,0.0014281272888183594
9022,0.011076211929321289,0.011919260025024414,0.0015082359313964844
9023,0.013582706451416016,0.009827375411987305,0.0014679431915283203
9024,0.014755487442016602,0.012468338012695312,0.0015072822570800781
9025,0.01589512825012207,0.013251781463623047,0.0014584064483642578
9026,0.01457977294921875,0.011267662048339844,0.0014338493347167969
9027,0.007378578186035156,0.011955976486206055,0.0015192031860351562
9028,0.009716987609863281,0.013628482818603516,0.0017199516296386719
9029,0.014071941375732422,0.014145851135253906,0.0014410018920898438
9030,0.01397705078125,0.01153564453125,0.0015289783477783203
9031,0.014363527297973633,0.013250350952148438,0.0014951229095458984
9032,0.013360977172851562,0.013654232025146484,0.001422882080078125
9033,0.011061668395996094,0.009283781051635742,0.0014705657958984375
9034,0.01518392562866211,0.015912294387817383,0.0014729499816894531
9035,0.011821508407592773,0.011729717254638672,0.0015130043029785156
9036,0.010914325714111328,0.012285470962524414,0.0014164447784423828
9037,0.015607357025146484,0.016442060470581055,0.0015692710876464844
9038,0.0164031982421875,0.014319658279418945,0.0015156269073486328
9039,0.010762691497802734,0.011629104614257812,0.0014057159423828125
9040,0.012772083282470703,0.013153791427612305,0.001478433609008789
9041,0.011147022247314453,0.013869524002075195,0.0014805793762207031
9042,0.012509584426879883,0.012796640396118164,0.0014026165008544922
9043,0.010870695114135742,0.011650323867797852,0.0014889240264892578
9044,0.01314091682434082,0.016678810119628906,0.0017273426055908203
9045,0.014380693435668945,0.01109004020690918,0.0014781951904296875
9046,0.010147809982299805,0.01065969467163086,0.0014731884002685547
9047,0.016208887100219727,0.015327692031860352,0.0013701915740966797
9048,0.012705564498901367,0.013171911239624023,0.0015146732330322266
9049,0.012426614761352539,0.01189732551574707,0.0014324188232421875
9050,0.017100811004638672,0.01616191864013672,0.0014984607696533203
9051,0.011261701583862305,0.01407313346862793,0.00142669677734375
9052,0.012884140014648438,0.014478683471679688,0.001505136489868164
9053,0.00989842414855957,0.011792898178100586,0.0015392303466796875
9054,0.014856815338134766,0.014767169952392578,0.0014431476593017578
9055,0.01338052749633789,0.015701770782470703,0.001486063003540039
9056,0.014307975769042969,0.013865947723388672,0.0014903545379638672
9057,0.00968623161315918,0.013968229293823242,0.0015168190002441406
9058,0.012590169906616211,0.01233220100402832,0.0014841556549072266
9059,0.00918269157409668,0.013485431671142578,0.0013887882232666016
9060,0.01470804214477539,0.015095233917236328,0.00177001953125
9061,0.012389421463012695,0.013226032257080078,0.0015385150909423828
9062,0.014536142349243164,0.01691889762878418,0.0014486312866210938
9063,0.00913548469543457,0.011209726333618164,0.0015091896057128906
9064,0.015219688415527344,0.017657995223999023,0.0014901161193847656
9065,0.013989448547363281,0.009976863861083984,0.0014672279357910156
9066,0.011523246765136719,0.011154890060424805,0.0014100074768066406
9067,0.010986804962158203,0.011783361434936523,0.0014729499816894531
9068,0.011900901794433594,0.013190746307373047,0.0014197826385498047
9069,0.014074325561523438,0.01456904411315918,0.0014774799346923828
9070,0.015500307083129883,0.017041921615600586,0.001432657241821289
9071,0.018249034881591797,0.01538705825805664,0.0013937950134277344
9072,0.011012077331542969,0.011154413223266602,0.0014841556549072266
9073,0.012786626815795898,0.013360023498535156,0.0015268325805664062
9074,0.011129379272460938,0.011182069778442383,0.0014121532440185547
9075,0.011115789413452148,0.01213693618774414,0.0015001296997070312
9076,0.010377645492553711,0.011855840682983398,0.0017075538635253906
9077,0.006939411163330078,0.01011800765991211,0.0015304088592529297
9078,0.007841348648071289,0.008531332015991211,0.0014510154724121094
9079,0.012918949127197266,0.013567924499511719,0.0014202594757080078
9080,0.010816574096679688,0.01522517204284668,0.0016489028930664062
9081,0.015772342681884766,0.016390323638916016,0.0015461444854736328
9082,0.01676487922668457,0.014604806900024414,0.001552581787109375
9083,0.012527942657470703,0.010111808776855469,0.0015952587127685547
9084,0.016473054885864258,0.017062902450561523,0.0015225410461425781
9085,0.01032710075378418,0.010200738906860352,0.0015032291412353516
9086,0.009053707122802734,0.011963129043579102,0.0014927387237548828
9087,0.014833688735961914,0.015005826950073242,0.00148773193359375
9088,0.012917041778564453,0.01028132438659668,0.0014941692352294922
9089,0.01209878921508789,0.008076667785644531,0.0013976097106933594
9090,0.01398015022277832,0.01500082015991211,0.0013687610626220703
9091,0.017025232315063477,0.01219630241394043,0.0013818740844726562
9092,0.012861251831054688,0.008100032806396484,0.0017578601837158203
9093,0.009035110473632812,0.008605003356933594,0.001420736312866211
9094,0.017078161239624023,0.01687932014465332,0.0015475749969482422
9095,0.010843753814697266,0.010030031204223633,0.0015020370483398438
9096,0.010660886764526367,0.014882326126098633,0.0014414787292480469
9097,0.013533353805541992,0.016527891159057617,0.0014445781707763672
9098,0.015631437301635742,0.01679396629333496,0.0014388561248779297
9099,0.01265859603881836,0.01454305648803711,0.0015044212341308594
9100,0.015095710754394531,0.016341209411621094,0.0014414787292480469
9101,0.012887239456176758,0.013643264770507812,0.0014240741729736328
9102,0.008618354797363281,0.013580799102783203,0.0016891956329345703
9103,0.013041019439697266,0.010435819625854492,0.0014390945434570312
9104,0.013268470764160156,0.013853311538696289,0.0016105175018310547
9105,0.009290218353271484,0.0059261322021484375,0.0014121532440185547
9106,0.010499715805053711,0.013697147369384766,0.0015714168548583984
9107,0.011594295501708984,0.011811971664428711,0.001470327377319336
9108,0.008926153182983398,0.011799335479736328,0.0017743110656738281
9109,0.014355182647705078,0.015349388122558594,0.0015125274658203125
9110,0.007598400115966797,0.009089231491088867,0.0015833377838134766
9111,0.008287429809570312,0.007225513458251953,0.001483917236328125
9112,0.0116424560546875,0.013735532760620117,0.0014615058898925781
9113,0.010810375213623047,0.008728265762329102,0.001482248306274414
9114,0.014457464218139648,0.015582084655761719,0.001455545425415039
9115,0.01086568832397461,0.012287139892578125,0.0015091896057128906
9116,0.013769388198852539,0.014404058456420898,0.0015137195587158203
9117,0.01430368423461914,0.012181997299194336,0.0014295578002929688
9118,0.012042522430419922,0.012288093566894531,0.0015676021575927734
9119,0.008782148361206055,0.011217594146728516,0.0014503002166748047
9120,0.012846231460571289,0.013883590698242188,0.0014722347259521484
9121,0.009068489074707031,0.010288000106811523,0.001401662826538086
9122,0.01237797737121582,0.013803958892822266,0.0013899803161621094
9123,0.01719498634338379,0.016249895095825195,0.0014004707336425781
9124,0.012324333190917969,0.014189481735229492,0.0018162727355957031
9125,0.01276540756225586,0.01550149917602539,0.0014832019805908203
9126,0.015911102294921875,0.011367559432983398,0.00154876708984375
9127,0.010385751724243164,0.009095907211303711,0.0014929771423339844
9128,0.016574621200561523,0.016801118850708008,0.001569986343383789
9129,0.014514923095703125,0.013158321380615234,0.0015015602111816406
9130,0.013012409210205078,0.01339864730834961,0.0014231204986572266
9131,0.011920690536499023,0.01413416862487793,0.0014684200286865234
9132,0.015025854110717773,0.016297578811645508,0.0014545917510986328
9133,0.01216745376586914,0.012248992919921875,0.0014705657958984375
9134,0.012720108032226562,0.01163935661315918,0.0015559196472167969
9135,0.01087331771850586,0.010561704635620117,0.0014772415161132812
9136,0.011949539184570312,0.010971307754516602,0.0014905929565429688
9137,0.015073299407958984,0.016880512237548828,0.0014278888702392578
9138,0.010372161865234375,0.01191258430480957,0.0015590190887451172
9139,0.0149078369140625,0.01814103126525879,0.001443624496459961
9140,0.0180056095123291,0.01781153678894043,0.0016736984252929688
9141,0.016298294067382812,0.015205621719360352,0.001455068588256836
9142,0.015583038330078125,0.014507770538330078,0.001523733139038086
9143,0.01168060302734375,0.013102531433105469,0.0015666484832763672
9144,0.0120391845703125,0.014388799667358398,0.0015668869018554688
9145,0.016190528869628906,0.010689973831176758,0.0015916824340820312
9146,0.016065597534179688,0.017297744750976562,0.0015132427215576172
9147,0.01217031478881836,0.014017820358276367,0.0014300346374511719
9148,0.009689092636108398,0.015979290008544922,0.0014584064483642578
9149,0.016494035720825195,0.013613224029541016,0.0014848709106445312
9150,0.016533613204956055,0.013102054595947266,0.0014111995697021484
9151,0.010911941528320312,0.010723352432250977,0.0014693737030029297
9152,0.012842655181884766,0.01683664321899414,0.0013730525970458984
9153,0.010413408279418945,0.008345842361450195,0.0015497207641601562
9154,0.013345956802368164,0.01421213150024414,0.001432180404663086
9155,0.011868715286254883,0.012480735778808594,0.001560211181640625
9156,0.013221979141235352,0.014689922332763672,0.0016541481018066406
9157,0.013717174530029297,0.013501882553100586,0.0014317035675048828
9158,0.01006174087524414,0.01077580451965332,0.0014314651489257812
9159,0.013073444366455078,0.014947652816772461,0.0015256404876708984
9160,0.009989738464355469,0.006262779235839844,0.0014448165893554688
9161,0.01105499267578125,0.015549421310424805,0.0015215873718261719
9162,0.013381004333496094,0.015386343002319336,0.0014386177062988281
9163,0.012864112854003906,0.00930929183959961,0.0014557838439941406
9164,0.016055583953857422,0.015218496322631836,0.001413106918334961
9165,0.012024402618408203,0.008106470108032227,0.00147247314453125
9166,0.014814615249633789,0.015825271606445312,0.0014116764068603516
9167,0.01684403419494629,0.014863014221191406,0.0013937950134277344
9168,0.012209653854370117,0.012835502624511719,0.0015666484832763672
9169,0.014738321304321289,0.017557621002197266,0.0015726089477539062
9170,0.012851238250732422,0.012613058090209961,0.0015366077423095703
9171,0.012126684188842773,0.012418746948242188,0.0014655590057373047
9172,0.009696483612060547,0.012344598770141602,0.0018458366394042969
9173,0.012324333190917969,0.011016130447387695,0.0015666484832763672
9174,0.013695001602172852,0.01347041130065918,0.0014531612396240234
9175,0.01691293716430664,0.017123699188232422,0.0015251636505126953
9176,0.01276087760925293,0.014605998992919922,0.0014531612396240234
9177,0.01155543327331543,0.011855602264404297,0.0014803409576416016
9178,0.011398077011108398,0.015625953674316406,0.0013828277587890625
9179,0.01321268081665039,0.01065683364868164,0.0014274120330810547
9180,0.01417398452758789,0.009917974472045898,0.0015439987182617188
9181,0.009710073471069336,0.013089418411254883,0.0013780593872070312
9182,0.01253819465637207,0.014672517776489258,0.0017452239990234375
9183,0.009432554244995117,0.011001825332641602,0.0014667510986328125
9184,0.014989137649536133,0.014760971069335938,0.0014896392822265625
9185,0.015724897384643555,0.01807093620300293,0.0014622211456298828
9186,0.013050317764282227,0.010960817337036133,0.0014202594757080078
9187,0.012440204620361328,0.01392817497253418,0.0014429092407226562
9188,0.011133670806884766,0.011909008026123047,0.001758575439453125
9189,0.011989831924438477,0.01774430274963379,0.0014383792877197266
9190,0.011572122573852539,0.009299755096435547,0.0015597343444824219
9191,0.014779806137084961,0.013166427612304688,0.0014526844024658203
9192,0.01219630241394043,0.012964725494384766,0.0014903545379638672
9193,0.00993800163269043,0.007896184921264648,0.0015244483947753906
9194,0.010400056838989258,0.0070705413818359375,0.0014388561248779297
9195,0.012524843215942383,0.009855985641479492,0.001505136489868164
9196,0.010474920272827148,0.014380693435668945,0.0014452934265136719
9197,0.011781692504882812,0.013293027877807617,0.001470327377319336
9198,0.011553049087524414,0.01298213005065918,0.0015132427215576172
9199,0.011371850967407227,0.01204538345336914,0.0014765262603759766
9200,0.011279582977294922,0.012522220611572266,0.0015256404876708984
9201,0.014807701110839844,0.015006303787231445,0.0014607906341552734
9202,0.010278940200805664,0.009870767593383789,0.0014908313751220703
9203,0.01386260986328125,0.015077829360961914,0.001428365707397461
9204,0.01094508171081543,0.011398077011108398,0.0016589164733886719
9205,0.01085972785949707,0.012909889221191406,0.0015101432800292969
9206,0.010176897048950195,0.009774208068847656,0.0014531612396240234
9207,0.009395360946655273,0.008289813995361328,0.0015368461608886719
9208,0.012292146682739258,0.013944864273071289,0.0014448165893554688
9209,0.01356053352355957,0.015577077865600586,0.0015385150909423828
9210,0.014935970306396484,0.017090797424316406,0.0014443397521972656
9211,0.012770891189575195,0.015192031860351562,0.0014677047729492188
9212,0.011174440383911133,0.009158611297607422,0.0015025138854980469
9213,0.013419389724731445,0.012407064437866211,0.0014507770538330078
9214,0.009597301483154297,0.014641523361206055,0.001445770263671875
9215,0.016148090362548828,0.010138511657714844,0.0014727115631103516
9216,0.01336812973022461,0.012229681015014648,0.0015032291412353516
9217,0.0151824951171875,0.01611042022705078,0.00150299072265625
9218,0.011814355850219727,0.010802984237670898,0.0014536380767822266
9219,0.015089750289916992,0.011441707611083984,0.0014634132385253906
9220,0.012253284454345703,0.013184070587158203,0.0017008781433105469
9221,0.011452436447143555,0.016956567764282227,0.0014863014221191406
9222,0.014697551727294922,0.015912532806396484,0.0014743804931640625
9223,0.013480901718139648,0.014039993286132812,0.0015015602111816406
9224,0.011074304580688477,0.013595104217529297,0.0015020370483398438
9225,0.010940313339233398,0.008475780487060547,0.0014493465423583984
9226,0.012132883071899414,0.013189077377319336,0.0014331340789794922
9227,0.014040946960449219,0.016786813735961914,0.0015523433685302734
9228,0.015118122100830078,0.01771712303161621,0.001512765884399414
9229,0.014076709747314453,0.015237092971801758,0.0015864372253417969
9230,0.008981943130493164,0.013353347778320312,0.0014424324035644531
9231,0.014716386795043945,0.01648855209350586,0.0015261173248291016
9232,0.009931802749633789,0.00952768325805664,0.0014870166778564453
9233,0.00916433334350586,0.010955333709716797,0.0014255046844482422
9234,0.011451244354248047,0.016723155975341797,0.0015799999237060547
9235,0.011092901229858398,0.011754989624023438,0.001583099365234375
9236,0.01644444465637207,0.013708353042602539,0.0018236637115478516
9237,0.012130498886108398,0.019493579864501953,0.0016405582427978516
9238,0.016155719757080078,0.016589641571044922,0.0014805793762207031
9239,0.010151863098144531,0.009916543960571289,0.001499176025390625
9240,0.011169910430908203,0.01137089729309082,0.0015172958374023438
9241,0.012862443923950195,0.00975346565246582,0.0014379024505615234
9242,0.01235198974609375,0.013578653335571289,0.0015320777893066406
9243,0.013597965240478516,0.011133432388305664,0.0014348030090332031
9244,0.010412931442260742,0.008808135986328125,0.001501321792602539
9245,0.007954120635986328,0.01370859146118164,0.0015463829040527344
9246,0.010242700576782227,0.011301994323730469,0.0014386177062988281
9247,0.010913610458374023,0.015505313873291016,0.0013914108276367188
9248,0.009233474731445312,0.01015925407409668,0.0014681816101074219
9249,0.01773238182067871,0.01802849769592285,0.0014951229095458984
9250,0.016646623611450195,0.01763629913330078,0.0014536380767822266
9251,0.00990438461303711,0.013164043426513672,0.0014405250549316406
9252,0.01022481918334961,0.013615608215332031,0.0017333030700683594
9253,0.014777660369873047,0.013319015502929688,0.001583099365234375
9254,0.009002447128295898,0.010104656219482422,0.0014791488647460938
9255,0.018680810928344727,0.016582489013671875,0.001491546630859375
9256,0.016579151153564453,0.018520832061767578,0.0014574527740478516
9257,0.014391183853149414,0.013270378112792969,0.001506805419921875
9258,0.010416030883789062,0.00911402702331543,0.0014045238494873047
9259,0.012029886245727539,0.010295391082763672,0.0014798641204833984
9260,0.016684293746948242,0.016610383987426758,0.0013880729675292969
9261,0.011351346969604492,0.011761188507080078,0.0014960765838623047
9262,0.012183427810668945,0.015588045120239258,0.0014495849609375
9263,0.012345314025878906,0.015995264053344727,0.0014102458953857422
9264,0.006864786148071289,0.009278297424316406,0.0014529228210449219
9265,0.008528709411621094,0.008221626281738281,0.00148773193359375
9266,0.009722709655761719,0.011769533157348633,0.0015692710876464844
9267,0.013930797576904297,0.013018608093261719,0.001470327377319336
9268,0.012151956558227539,0.012935400009155273,0.0017843246459960938
9269,0.016056299209594727,0.015091657638549805,0.0015048980712890625
9270,0.020829200744628906,0.017836809158325195,0.0015630722045898438
9271,0.012732744216918945,0.010486364364624023,0.001459360122680664
9272,0.00769805908203125,0.01127934455871582,0.0014040470123291016
9273,0.013506650924682617,0.012132883071899414,0.00147247314453125
9274,0.015196800231933594,0.0134429931640625,0.0013861656188964844
9275,0.011595010757446289,0.01145315170288086,0.0013928413391113281
9276,0.015362024307250977,0.015555858612060547,0.0014595985412597656
9277,0.010380744934082031,0.012506484985351562,0.0014638900756835938
9278,0.010850191116333008,0.013973474502563477,0.0014865398406982422
9279,0.014294147491455078,0.016536235809326172,0.0014920234680175781
9280,0.009412765502929688,0.012995481491088867,0.0014674663543701172
9281,0.012817144393920898,0.013790369033813477,0.0014872550964355469
9282,0.0068225860595703125,0.012638092041015625,0.001588582992553711
9283,0.014052629470825195,0.011843204498291016,0.0014159679412841797
9284,0.009522199630737305,0.01441812515258789,0.001615285873413086
9285,0.012565851211547852,0.014567852020263672,0.0015094280242919922
9286,0.010835647583007812,0.008601665496826172,0.0015461444854736328
9287,0.008751153945922852,0.010219573974609375,0.0014595985412597656
9288,0.012802839279174805,0.01638031005859375,0.0015511512756347656
9289,0.01631903648376465,0.01779961585998535,0.0014832019805908203
9290,0.0065195560455322266,0.006162405014038086,0.0014483928680419922
9291,0.012330055236816406,0.015921354293823242,0.001459360122680664
9292,0.009339094161987305,0.013457298278808594,0.0014030933380126953
9293,0.009619712829589844,0.007672786712646484,0.00144195556640625
9294,0.01399850845336914,0.013168096542358398,0.0014808177947998047
9295,0.014048099517822266,0.010819673538208008,0.0013988018035888672
9296,0.009853363037109375,0.013675689697265625,0.0014319419860839844
9297,0.01108694076538086,0.008345603942871094,0.0014400482177734375
9298,0.008035659790039062,0.01337575912475586,0.001413583755493164
9299,0.008902788162231445,0.011820077896118164,0.0014739036560058594
9300,0.013102054595947266,0.013380050659179688,0.0016906261444091797
9301,0.008343935012817383,0.013890981674194336,0.0014209747314453125
9302,0.012218952178955078,0.01399087905883789,0.0016367435455322266
9303,0.010632038116455078,0.015243053436279297,0.0015141963958740234
9304,0.011742591857910156,0.017887353897094727,0.0015709400177001953
9305,0.011233806610107422,0.012742280960083008,0.0014579296112060547
9306,0.014450550079345703,0.014378547668457031,0.001554250717163086
9307,0.0068187713623046875,0.01153707504272461,0.0014584064483642578
9308,0.012270927429199219,0.011435270309448242,0.0013699531555175781
9309,0.012692928314208984,0.013908863067626953,0.0014252662658691406
9310,0.007144451141357422,0.010489702224731445,0.0014340877532958984
9311,0.011074066162109375,0.013801336288452148,0.0014827251434326172
9312,0.008466720581054688,0.01259160041809082,0.0014421939849853516
9313,0.012266874313354492,0.013273477554321289,0.0014681816101074219
9314,0.014434814453125,0.01788496971130371,0.0014226436614990234
9315,0.013432502746582031,0.014841556549072266,0.0015227794647216797
9316,0.010432004928588867,0.00913858413696289,0.0017483234405517578
9317,0.012133598327636719,0.015848875045776367,0.0015125274658203125
9318,0.007656574249267578,0.013073921203613281,0.0014638900756835938
9319,0.01024317741394043,0.014206647872924805,0.0014667510986328125
9320,0.009191036224365234,0.007479190826416016,0.001489400863647461
9321,0.01215052604675293,0.013030529022216797,0.0014760494232177734
9322,0.016140222549438477,0.015700101852416992,0.0014977455139160156
9323,0.015758037567138672,0.014304399490356445,0.0013928413391113281
9324,0.012664794921875,0.013100385665893555,0.0014650821685791016
9325,0.012137413024902344,0.014440059661865234,0.0014531612396240234
9326,0.011662960052490234,0.008867740631103516,0.001438140869140625
9327,0.009449005126953125,0.00833582878112793,0.001377105712890625
9328,0.010850191116333008,0.011337041854858398,0.0014340877532958984
9329,0.01679396629333496,0.014890193939208984,0.0015077590942382812
9330,0.009189367294311523,0.007520437240600586,0.0014185905456542969
9331,0.015287637710571289,0.016022682189941406,0.0014650821685791016
9332,0.01531362533569336,0.015607595443725586,0.0017006397247314453
9333,0.010164737701416016,0.01720404624938965,0.001468658447265625
9334,0.010295391082763672,0.012398004531860352,0.0015468597412109375
9335,0.010868072509765625,0.01179957389831543,0.0014111995697021484
9336,0.01151585578918457,0.013076305389404297,0.0014820098876953125
9337,0.011336565017700195,0.010634183883666992,0.0014541149139404297
9338,0.01136469841003418,0.012090444564819336,0.0013892650604248047
9339,0.014117240905761719,0.013978958129882812,0.0013954639434814453
9340,0.011322259902954102,0.007860183715820312,0.0014967918395996094
9341,0.009738922119140625,0.013659477233886719,0.0014271736145019531
9342,0.013994932174682617,0.014170408248901367,0.001430511474609375
9343,0.013091087341308594,0.009215593338012695,0.0014674663543701172
9344,0.014176130294799805,0.012348413467407227,0.0016984939575195312
9345,0.013568878173828125,0.014871835708618164,0.0014264583587646484
9346,0.017987728118896484,0.014013290405273438,0.0016222000122070312
9347,0.012984275817871094,0.010838985443115234,0.0014634132385253906
9348,0.014442682266235352,0.014823436737060547,0.0018072128295898438
9349,0.009551048278808594,0.007652759552001953,0.0014772415161132812
9350,0.013139963150024414,0.011626482009887695,0.001466512680053711
9351,0.013223409652709961,0.01297903060913086,0.0014715194702148438
9352,0.012695074081420898,0.014516592025756836,0.0015137195587158203
9353,0.012024641036987305,0.007852315902709961,0.0014698505401611328
9354,0.013631343841552734,0.011812448501586914,0.001529693603515625
9355,0.010787487030029297,0.013260841369628906,0.0014584064483642578
9356,0.010357379913330078,0.011198759078979492,0.0014157295227050781
9357,0.015485286712646484,0.016704559326171875,0.0014493465423583984
9358,0.015423774719238281,0.01450657844543457,0.0014843940734863281
9359,0.012338876724243164,0.012138605117797852,0.0014190673828125
9360,0.010775089263916016,0.010160207748413086,0.001519918441772461
9361,0.012921810150146484,0.014549016952514648,0.0014340877532958984
9362,0.007236957550048828,0.012559652328491211,0.0013937950134277344
9363,0.011832714080810547,0.010433673858642578,0.0014383792877197266
9364,0.008690834045410156,0.012448787689208984,0.0016698837280273438
9365,0.014380693435668945,0.01389002799987793,0.0014853477478027344
9366,0.010293006896972656,0.014904260635375977,0.0014545917510986328
9367,0.011309385299682617,0.01125025749206543,0.001401662826538086
9368,0.00759577751159668,0.011153936386108398,0.001481771469116211
9369,0.014508247375488281,0.014311790466308594,0.0014464855194091797
9370,0.012590885162353516,0.017320871353149414,0.001455068588256836
9371,0.017187833786010742,0.017166852951049805,0.0014333724975585938
9372,0.007715702056884766,0.012954950332641602,0.001468658447265625
9373,0.010915756225585938,0.011748552322387695,0.0013861656188964844
9374,0.009357452392578125,0.012476682662963867,0.0014617443084716797
9375,0.016852140426635742,0.01753854751586914,0.0014615058898925781
9376,0.009056806564331055,0.015704631805419922,0.0014712810516357422
9377,0.008362531661987305,0.011967658996582031,0.0014507770538330078
9378,0.010990619659423828,0.014543294906616211,0.0014069080352783203
9379,0.014181852340698242,0.01401066780090332,0.0014612674713134766
9380,0.011734724044799805,0.015285491943359375,0.0017511844635009766
9381,0.007946968078613281,0.012642145156860352,0.001398324966430664
9382,0.009977102279663086,0.010123729705810547,0.0014481544494628906
9383,0.00935816764831543,0.014211654663085938,0.001428842544555664
9384,0.011530637741088867,0.016554594039916992,0.0014576911926269531
9385,0.012424468994140625,0.012720108032226562,0.001390695571899414
9386,0.009186983108520508,0.013395547866821289,0.00145721435546875
9387,0.010864734649658203,0.013455867767333984,0.0015568733215332031
9388,0.016620874404907227,0.016326904296875,0.0014405250549316406
9389,0.013075113296508789,0.007955551147460938,0.0014519691467285156
9390,0.009629011154174805,0.014684915542602539,0.00142669677734375
9391,0.011918306350708008,0.01363682746887207,0.0014767646789550781
9392,0.008064746856689453,0.011683940887451172,0.0014579296112060547
9393,0.014641761779785156,0.010576248168945312,0.001474618911743164
9394,0.008495569229125977,0.012036323547363281,0.0014195442199707031
9395,0.013167142868041992,0.013113737106323242,0.001491546630859375
9396,0.011628389358520508,0.011246442794799805,0.0017254352569580078
9397,0.009076356887817383,0.009265899658203125,0.0015320777893066406
9398,0.010260581970214844,0.013731718063354492,0.0014188289642333984
9399,0.012833356857299805,0.01261591911315918,0.0014476776123046875
9400,0.011811971664428711,0.015074014663696289,0.0015065670013427734
9401,0.017199993133544922,0.01658153533935547,0.0014448165893554688
9402,0.01108098030090332,0.008751392364501953,0.001424551010131836
9403,0.01128244400024414,0.012676239013671875,0.0014450550079345703
9404,0.01031804084777832,0.012841224670410156,0.0014083385467529297
9405,0.011921405792236328,0.01307535171508789,0.0014538764953613281
9406,0.012291431427001953,0.013274908065795898,0.0015940666198730469
9407,0.01395416259765625,0.009665966033935547,0.0013971328735351562
9408,0.016764402389526367,0.016656160354614258,0.0015769004821777344
9409,0.013932466506958008,0.013763666152954102,0.0014543533325195312
9410,0.012805700302124023,0.019834041595458984,0.0014405250549316406
9411,0.017676591873168945,0.018049955368041992,0.0014390945434570312
9412,0.009235858917236328,0.011310815811157227,0.0017573833465576172
9413,0.01517176628112793,0.012757301330566406,0.001501321792602539
9414,0.011678457260131836,0.013395547866821289,0.0014433860778808594
9415,0.012516498565673828,0.013859748840332031,0.0014393329620361328
9416,0.009359598159790039,0.013174295425415039,0.0014410018920898438
9417,0.013637304306030273,0.013413429260253906,0.0014154911041259766
9418,0.008415937423706055,0.009756326675415039,0.0015025138854980469
9419,0.012495756149291992,0.01428842544555664,0.0013957023620605469
9420,0.018266677856445312,0.01779460906982422,0.0014650821685791016
9421,0.010708093643188477,0.014756202697753906,0.001466512680053711
9422,0.014006376266479492,0.013477325439453125,0.0014312267303466797
9423,0.01119232177734375,0.012766122817993164,0.0014548301696777344
9424,0.01298379898071289,0.014395475387573242,0.0014536380767822266
9425,0.011215448379516602,0.01656317710876465,0.0015003681182861328
9426,0.015256643295288086,0.012437105178833008,0.0014348030090332031
9427,0.00994729995727539,0.012070655822753906,0.0014190673828125
9428,0.010469436645507812,0.00944828987121582,0.0016124248504638672
9429,0.009226799011230469,0.011266946792602539,0.001455068588256836
9430,0.012698888778686523,0.013032674789428711,0.001489877700805664
9431,0.011444091796875,0.01409006118774414,0.0014426708221435547
9432,0.009344100952148438,0.011772632598876953,0.0014967918395996094
9433,0.017841815948486328,0.015312671661376953,0.001428365707397461
9434,0.00938558578491211,0.012006759643554688,0.0013947486877441406
9435,0.010973691940307617,0.011631965637207031,0.001508951187133789
9436,0.009860992431640625,0.010735034942626953,0.001409769058227539
9437,0.009091854095458984,0.008972406387329102,0.0014262199401855469
9438,0.009456872940063477,0.015070438385009766,0.0015273094177246094
9439,0.017656564712524414,0.01917123794555664,0.0014698505401611328
9440,0.013466835021972656,0.013311147689819336,0.0015196800231933594
9441,0.011663198471069336,0.013432502746582031,0.0013921260833740234
9442,0.011924505233764648,0.015527963638305664,0.0014300346374511719
9443,0.015629053115844727,0.012033939361572266,0.0014808177947998047
9444,0.015663862228393555,0.01367640495300293,0.0016515254974365234
9445,0.013993978500366211,0.017725467681884766,0.0014944076538085938
9446,0.010632753372192383,0.017476797103881836,0.001421213150024414
9447,0.007596254348754883,0.011444091796875,0.0015301704406738281
9448,0.009866476058959961,0.01239156723022461,0.0014889240264892578
9449,0.015112161636352539,0.015758037567138672,0.0014803409576416016
9450,0.009911775588989258,0.009343147277832031,0.0014600753784179688
9451,0.014178037643432617,0.01670384407043457,0.0014529228210449219
9452,0.011048316955566406,0.007279396057128906,0.001371145248413086
9453,0.011150121688842773,0.012266874313354492,0.001528024673461914
9454,0.015080928802490234,0.016460180282592773,0.0014295578002929688
9455,0.008804798126220703,0.010752201080322266,0.0014851093292236328
9456,0.009146690368652344,0.015995025634765625,0.0014545917510986328
9457,0.014367341995239258,0.014685392379760742,0.0014834403991699219
9458,0.0157773494720459,0.015787839889526367,0.0015139579772949219
9459,0.009214401245117188,0.01227259635925293,0.0014410018920898438
9460,0.011152982711791992,0.014786243438720703,0.0017099380493164062
9461,0.009566783905029297,0.009619474411010742,0.0014734268188476562
9462,0.011521100997924805,0.013739347457885742,0.0014801025390625
9463,0.011978864669799805,0.01474618911743164,0.0014500617980957031
9464,0.014308691024780273,0.013621330261230469,0.0015404224395751953
9465,0.006472587585449219,0.009225130081176758,0.0015103816986083984
9466,0.009231090545654297,0.00687861442565918,0.0013966560363769531
9467,0.009330987930297852,0.016122817993164062,0.0015103816986083984
9468,0.011843442916870117,0.011031627655029297,0.0014510154724121094
9469,0.014379739761352539,0.013844728469848633,0.0014481544494628906
9470,0.014372587203979492,0.01534891128540039,0.0015442371368408203
9471,0.015590906143188477,0.012322425842285156,0.0013744831085205078
9472,0.014324426651000977,0.012795686721801758,0.0014984607696533203
9473,0.014397144317626953,0.011913061141967773,0.001477956771850586
9474,0.013796091079711914,0.016510486602783203,0.0014367103576660156
9475,0.011543750762939453,0.013620376586914062,0.0014467239379882812
9476,0.011024951934814453,0.012445211410522461,0.0016837120056152344
9477,0.013592720031738281,0.013024091720581055,0.0014612674713134766
9478,0.009502410888671875,0.009007453918457031,0.001519918441772461
9479,0.01376199722290039,0.01370549201965332,0.0014355182647705078
9480,0.009566068649291992,0.010634660720825195,0.001491546630859375
9481,0.011168956756591797,0.013287067413330078,0.0014462471008300781
9482,0.014229536056518555,0.011236190795898438,0.0014414787292480469
9483,0.01266336441040039,0.01367044448852539,0.0015380382537841797
9484,0.015208005905151367,0.010475873947143555,0.0014617443084716797
9485,0.014355897903442383,0.017113447189331055,0.0014514923095703125
9486,0.011037111282348633,0.012824296951293945,0.0014672279357910156
9487,0.009497642517089844,0.013629674911499023,0.0014507770538330078
9488,0.0159761905670166,0.016017675399780273,0.0014390945434570312
9489,0.01488947868347168,0.014504432678222656,0.0014731884002685547
9490,0.011485815048217773,0.012950420379638672,0.0014941692352294922
9491,0.008982181549072266,0.011835336685180664,0.0014450550079345703
9492,0.013512134552001953,0.015718460083007812,0.001734018325805664
9493,0.009474039077758789,0.013900279998779297,0.0014259815216064453
9494,0.008524417877197266,0.010188817977905273,0.0015285015106201172
9495,0.014297246932983398,0.013007164001464844,0.001461029052734375
9496,0.010339498519897461,0.00944662094116211,0.0014641284942626953
9497,0.010241270065307617,0.009229421615600586,0.0014338493347167969
9498,0.01328420639038086,0.012443780899047852,0.0014071464538574219
9499,0.012887954711914062,0.016137361526489258,0.001491546630859375
9500,0.009508132934570312,0.015073060989379883,0.0014429092407226562
9501,0.011555194854736328,0.011835813522338867,0.0014529228210449219
9502,0.013308525085449219,0.013737916946411133,0.001407623291015625
9503,0.013486623764038086,0.016376256942749023,0.0014462471008300781
9504,0.00931239128112793,0.010472297668457031,0.0014598369598388672
9505,0.010904788970947266,0.012075662612915039,0.0014393329620361328
9506,0.007150411605834961,0.010596752166748047,0.0014355182647705078
9507,0.011844396591186523,0.012242555618286133,0.0014255046844482422
9508,0.011926889419555664,0.013341665267944336,0.0017693042755126953
9509,0.014937400817871094,0.01590728759765625,0.0014672279357910156
9510,0.016618967056274414,0.012176752090454102,0.0014870166778564453
9511,0.015990257263183594,0.017510652542114258,0.0014050006866455078
9512,0.014150857925415039,0.014095783233642578,0.0014133453369140625
9513,0.011633634567260742,0.012453794479370117,0.0014014244079589844
9514,0.01422119140625,0.014764785766601562,0.0013935565948486328
9515,0.013800859451293945,0.01510930061340332,0.001436471939086914
9516,0.014641046524047852,0.012758255004882812,0.0014483928680419922
9517,0.009491205215454102,0.007285356521606445,0.0014438629150390625
9518,0.010388851165771484,0.010807514190673828,0.0014929771423339844
9519,0.01325845718383789,0.015247344970703125,0.0014946460723876953
9520,0.012077093124389648,0.013338327407836914,0.0014684200286865234
9521,0.011586189270019531,0.011492252349853516,0.0014727115631103516
9522,0.007479429244995117,0.01233983039855957,0.0014884471893310547
9523,0.00835275650024414,0.0065958499908447266,0.0014493465423583984
9524,0.010880470275878906,0.016023635864257812,0.0017049312591552734
9525,0.012299299240112305,0.013727664947509766,0.0015003681182861328
9526,0.011316299438476562,0.013605833053588867,0.0014562606811523438
9527,0.012990951538085938,0.013826608657836914,0.0014488697052001953
9528,0.013358831405639648,0.011619091033935547,0.0014047622680664062
9529,0.012774467468261719,0.015066385269165039,0.0015447139739990234
9530,0.009897470474243164,0.010974884033203125,0.0014293193817138672
9531,0.00651097297668457,0.011383771896362305,0.0014126300811767578
9532,0.011500120162963867,0.010246038436889648,0.001447439193725586
9533,0.012671470642089844,0.0186159610748291,0.0014214515686035156
9534,0.010966062545776367,0.012324094772338867,0.0014767646789550781
9535,0.006011486053466797,0.008734464645385742,0.0014677047729492188
9536,0.007452249526977539,0.007997274398803711,0.0014445781707763672
9537,0.010821819305419922,0.01258993148803711,0.0015363693237304688
9538,0.01442861557006836,0.01635885238647461,0.0014965534210205078
9539,0.009870529174804688,0.01582956314086914,0.0015110969543457031
9540,0.011176347732543945,0.010067939758300781,0.0016777515411376953
9541,0.009675025939941406,0.015954971313476562,0.0014100074768066406
9542,0.012073993682861328,0.01026296615600586,0.0014004707336425781
9543,0.01052093505859375,0.013534069061279297,0.0014777183532714844
9544,0.012742280960083008,0.013271331787109375,0.0014955997467041016
9545,0.01319742202758789,0.01497197151184082,0.001445770263671875
9546,0.01688408851623535,0.013418436050415039,0.0015254020690917969
9547,0.016291141510009766,0.01696181297302246,0.0014934539794921875
9548,0.01840496063232422,0.018277406692504883,0.0016036033630371094
9549,0.01405024528503418,0.012802362442016602,0.001474142074584961
9550,0.012462854385375977,0.011522531509399414,0.0014469623565673828
9551,0.009999990463256836,0.010275602340698242,0.001468658447265625
9552,0.011339187622070312,0.014885187149047852,0.0015413761138916016
9553,0.011917829513549805,0.010383367538452148,0.0014896392822265625
9554,0.009662866592407227,0.015872478485107422,0.0015497207641601562
9555,0.012244224548339844,0.015410900115966797,0.0014579296112060547
9556,0.007681846618652344,0.012143135070800781,0.0018014907836914062
9557,0.0074176788330078125,0.011960506439208984,0.0014650821685791016
9558,0.0141448974609375,0.013634920120239258,0.00138092041015625
9559,0.013635396957397461,0.012622594833374023,0.001512765884399414
9560,0.010641336441040039,0.012183666229248047,0.0014717578887939453
9561,0.011589527130126953,0.012295961380004883,0.0014946460723876953
9562,0.015106439590454102,0.01920151710510254,0.0014643669128417969
9563,0.017319917678833008,0.019188880920410156,0.0014984607696533203
9564,0.007750749588012695,0.011895895004272461,0.0015063285827636719
9565,0.009385824203491211,0.007175922393798828,0.0015020370483398438
9566,0.013672113418579102,0.015114307403564453,0.0014505386352539062
9567,0.013589143753051758,0.013083696365356445,0.0014278888702392578
9568,0.01642584800720215,0.016904115676879883,0.0015070438385009766
9569,0.011268138885498047,0.011620283126831055,0.0014300346374511719
9570,0.01498270034790039,0.013699531555175781,0.0014324188232421875
9571,0.011035680770874023,0.013213157653808594,0.0013844966888427734
9572,0.010804414749145508,0.008537530899047852,0.0016922950744628906
9573,0.008647441864013672,0.007834434509277344,0.0014355182647705078
9574,0.013037919998168945,0.015204429626464844,0.0014438629150390625
9575,0.013796567916870117,0.013184070587158203,0.0014777183532714844
9576,0.013027667999267578,0.01600193977355957,0.0014760494232177734
9577,0.017151355743408203,0.01721930503845215,0.0014431476593017578
9578,0.012157440185546875,0.01251840591430664,0.0014293193817138672
9579,0.007877588272094727,0.010004043579101562,0.001420736312866211
9580,0.011256694793701172,0.014207839965820312,0.0015039443969726562
9581,0.013042449951171875,0.013489961624145508,0.0014376640319824219
9582,0.010880470275878906,0.009807586669921875,0.0014240741729736328
9583,0.009859323501586914,0.010969161987304688,0.0016024112701416016
9584,0.01091909408569336,0.011390924453735352,0.001459360122680664
9585,0.009651899337768555,0.009809017181396484,0.0015320777893066406
9586,0.009142637252807617,0.01415562629699707,0.0015056133270263672
9587,0.014295101165771484,0.015292882919311523,0.0015690326690673828
9588,0.00978708267211914,0.012870550155639648,0.0017399787902832031
9589,0.013294219970703125,0.014451265335083008,0.0014543533325195312
9590,0.011146306991577148,0.017348766326904297,0.0016217231750488281
9591,0.009390115737915039,0.008069038391113281,0.0015845298767089844
9592,0.009409666061401367,0.01258993148803711,0.001550436019897461
9593,0.014251232147216797,0.01266622543334961,0.0015139579772949219
9594,0.011363506317138672,0.01493525505065918,0.0015277862548828125
9595,0.009175777435302734,0.01028752326965332,0.0014781951904296875
9596,0.010061502456665039,0.014431953430175781,0.0014460086822509766
9597,0.00928807258605957,0.00692296028137207,0.0014853477478027344
9598,0.009795665740966797,0.014901876449584961,0.0014429092407226562
9599,0.010019302368164062,0.012589693069458008,0.001493215560913086
9600,0.006745100021362305,0.009478330612182617,0.0015053749084472656
9601,0.012690544128417969,0.009075641632080078,0.0014522075653076172
9602,0.016047954559326172,0.017009258270263672,0.0014736652374267578
9603,0.009721755981445312,0.009987354278564453,0.001435995101928711
9604,0.009541511535644531,0.011022567749023438,0.0016798973083496094
9605,0.012897253036499023,0.01538395881652832,0.0015616416931152344
9606,0.011291265487670898,0.012394905090332031,0.0014545917510986328
9607,0.015058755874633789,0.016091108322143555,0.0014507770538330078
9608,0.014682769775390625,0.013100147247314453,0.0014710426330566406
9609,0.015175580978393555,0.017688751220703125,0.0014674663543701172
9610,0.010539531707763672,0.013269186019897461,0.0014357566833496094
9611,0.010226011276245117,0.010037899017333984,0.0014195442199707031
9612,0.01169276237487793,0.011211633682250977,0.0014841556549072266
9613,0.008737802505493164,0.012881994247436523,0.0014636516571044922
9614,0.00982213020324707,0.01087188720703125,0.0014333724975585938
9615,0.009365320205688477,0.012260913848876953,0.0015187263488769531
9616,0.012333393096923828,0.011303424835205078,0.0014472007751464844
9617,0.009150028228759766,0.014441251754760742,0.0015184879302978516
9618,0.013834953308105469,0.01666569709777832,0.0014624595642089844
9619,0.013450860977172852,0.016745328903198242,0.0016021728515625
9620,0.013422250747680664,0.01414036750793457,0.0017375946044921875
9621,0.013611555099487305,0.014286041259765625,0.001401662826538086
9622,0.009305238723754883,0.009421110153198242,0.0014243125915527344
9623,0.012556076049804688,0.013391256332397461,0.0014941692352294922
9624,0.015038728713989258,0.015270709991455078,0.0014622211456298828
9625,0.007471561431884766,0.006201505661010742,0.001405954360961914
9626,0.009419441223144531,0.012279510498046875,0.0014123916625976562
9627,0.014369010925292969,0.013630151748657227,0.0014879703521728516
9628,0.014247894287109375,0.015314102172851562,0.0014176368713378906
9629,0.013173341751098633,0.015042543411254883,0.0014410018920898438
9630,0.01153874397277832,0.010503292083740234,0.0014426708221435547
9631,0.014678001403808594,0.014732599258422852,0.0014781951904296875
9632,0.013433218002319336,0.013196706771850586,0.0014066696166992188
9633,0.011235952377319336,0.013360738754272461,0.0014574527740478516
9634,0.014310598373413086,0.015921831130981445,0.0015017986297607422
9635,0.013220787048339844,0.012772798538208008,0.0014331340789794922
9636,0.008567333221435547,0.010665655136108398,0.0017023086547851562
9637,0.010015487670898438,0.011332273483276367,0.0014312267303466797
9638,0.010516643524169922,0.011076688766479492,0.0014600753784179688
9639,0.013370752334594727,0.016013383865356445,0.0014195442199707031
9640,0.00866246223449707,0.012081384658813477,0.0014879703521728516
9641,0.014839649200439453,0.019051790237426758,0.0014314651489257812
9642,0.008882761001586914,0.011394262313842773,0.0014548301696777344
9643,0.012517452239990234,0.013673067092895508,0.0014431476593017578
9644,0.01672077178955078,0.016419649124145508,0.0014121532440185547
9645,0.011304140090942383,0.009852170944213867,0.0014650821685791016
9646,0.008059024810791016,0.009664773941040039,0.001470804214477539
9647,0.014413833618164062,0.014636039733886719,0.0014505386352539062
9648,0.009057044982910156,0.011554241180419922,0.0014514923095703125
9649,0.011993646621704102,0.014653205871582031,0.0013964176177978516
9650,0.013081550598144531,0.011106252670288086,0.001434326171875
9651,0.009958505630493164,0.009942293167114258,0.0014760494232177734
9652,0.010997533798217773,0.010677814483642578,0.0016341209411621094
9653,0.013801813125610352,0.014848709106445312,0.0014445781707763672
9654,0.009968042373657227,0.010033845901489258,0.0014977455139160156
9655,0.008926630020141602,0.012810945510864258,0.0014188289642333984
9656,0.01209568977355957,0.01232004165649414,0.0014560222625732422
9657,0.013372421264648438,0.01189112663269043,0.0013866424560546875
9658,0.01207590103149414,0.015462398529052734,0.0016262531280517578
9659,0.013294696807861328,0.014507770538330078,0.0014338493347167969
9660,0.0073986053466796875,0.008531332015991211,0.0015206336975097656
9661,0.01684403419494629,0.01588129997253418,0.0014431476593017578
9662,0.012264490127563477,0.017121315002441406,0.0014214515686035156
9663,0.016510725021362305,0.013861894607543945,0.0014684200286865234
9664,0.008713245391845703,0.013116598129272461,0.0014834403991699219
9665,0.012457847595214844,0.012198209762573242,0.0014910697937011719
9666,0.010278701782226562,0.013908863067626953,0.0014684200286865234
9667,0.014014005661010742,0.01241755485534668,0.0015077590942382812
9668,0.006319999694824219,0.007340431213378906,0.0017070770263671875
9669,0.006722450256347656,0.009054183959960938,0.0015058517456054688
9670,0.006593465805053711,0.011606693267822266,0.001413583755493164
9671,0.01061391830444336,0.013832330703735352,0.0014235973358154297
9672,0.01150202751159668,0.016028404235839844,0.0014295578002929688
9673,0.01149439811706543,0.011182069778442383,0.0014221668243408203
9674,0.00844573974609375,0.00971531867980957,0.0015063285827636719
9675,0.01798725128173828,0.014667034149169922,0.0014278888702392578
9676,0.007699012756347656,0.010934114456176758,0.0015783309936523438
9677,0.015084266662597656,0.012248992919921875,0.0014615058898925781
9678,0.008322000503540039,0.01262974739074707,0.0014657974243164062
9679,0.010853767395019531,0.014230728149414062,0.0014934539794921875
9680,0.009992361068725586,0.015822649002075195,0.0014030933380126953
9681,0.01238250732421875,0.011798620223999023,0.0015087127685546875
9682,0.010275840759277344,0.011285066604614258,0.0015156269073486328
9683,0.009664058685302734,0.00946497917175293,0.0015070438385009766
9684,0.008350610733032227,0.012377738952636719,0.0017194747924804688
9685,0.013770580291748047,0.01380777359008789,0.0014584064483642578
9686,0.009735822677612305,0.013838052749633789,0.0014481544494628906
9687,0.008582353591918945,0.011207103729248047,0.0013852119445800781
9688,0.011927366256713867,0.015184164047241211,0.0015873908996582031
9689,0.015556573867797852,0.01611804962158203,0.0014796257019042969
9690,0.009773492813110352,0.013983011245727539,0.0015323162078857422
9691,0.012822151184082031,0.01449894905090332,0.0014221668243408203
9692,0.009121894836425781,0.01278996467590332,0.0014140605926513672
9693,0.01415252685546875,0.013927698135375977,0.0014562606811523438
9694,0.007197141647338867,0.011124849319458008,0.001477956771850586
9695,0.0118408203125,0.012311220169067383,0.0014884471893310547
9696,0.01768183708190918,0.013357162475585938,0.00144195556640625
9697,0.012229681015014648,0.013910293579101562,0.0014073848724365234
9698,0.01114797592163086,0.00821828842163086,0.0014140605926513672
9699,0.01620316505432129,0.015706300735473633,0.0014624595642089844
9700,0.008334159851074219,0.012071847915649414,0.0016388893127441406
9701,0.016134262084960938,0.014012813568115234,0.0014929771423339844
9702,0.013126134872436523,0.0109405517578125,0.001608133316040039
9703,0.014972448348999023,0.011276483535766602,0.0014276504516601562
9704,0.017398595809936523,0.016541481018066406,0.0015630722045898438
9705,0.011219501495361328,0.010148286819458008,0.0014927387237548828
9706,0.015476703643798828,0.014717817306518555,0.0014429092407226562
9707,0.01145792007446289,0.010449647903442383,0.0014870166778564453
9708,0.015818119049072266,0.014969587326049805,0.001413106918334961
9709,0.015368461608886719,0.012315511703491211,0.0015189647674560547
9710,0.019661426544189453,0.014956235885620117,0.0016024112701416016
9711,0.013500690460205078,0.013777971267700195,0.001531839370727539
9712,0.013736248016357422,0.013997077941894531,0.0015871524810791016
9713,0.012096166610717773,0.01140284538269043,0.0015137195587158203
9714,0.016861915588378906,0.01752328872680664,0.0014984607696533203
9715,0.014516830444335938,0.01339268684387207,0.0014307498931884766
9716,0.013257026672363281,0.012638330459594727,0.0017039775848388672
9717,0.014025449752807617,0.014536142349243164,0.0014927387237548828
9718,0.017229795455932617,0.013148069381713867,0.0014770030975341797
9719,0.01599740982055664,0.013378620147705078,0.0014429092407226562
9720,0.010098695755004883,0.011121988296508789,0.0014252662658691406
9721,0.012778282165527344,0.012135982513427734,0.0014295578002929688
9722,0.016532421112060547,0.014370441436767578,0.0014004707336425781
9723,0.01324772834777832,0.01335597038269043,0.0014507770538330078
9724,0.014187812805175781,0.01312708854675293,0.0014309883117675781
9725,0.016634464263916016,0.016211986541748047,0.0015265941619873047
9726,0.017281532287597656,0.015995502471923828,0.0014798641204833984
9727,0.012379646301269531,0.011924982070922852,0.0014853477478027344
9728,0.012400150299072266,0.009634256362915039,0.0014519691467285156
9729,0.010589838027954102,0.011147737503051758,0.0014948844909667969
9730,0.008438825607299805,0.009325265884399414,0.0014777183532714844
9731,0.014214277267456055,0.017050504684448242,0.0013973712921142578
9732,0.013313055038452148,0.013885021209716797,0.0016777515411376953
9733,0.012356281280517578,0.012708425521850586,0.0014765262603759766
9734,0.013055086135864258,0.011092185974121094,0.0014836788177490234
9735,0.015442132949829102,0.017052888870239258,0.0014107227325439453
9736,0.008133411407470703,0.010837554931640625,0.001558542251586914
9737,0.013389348983764648,0.013270854949951172,0.0014791488647460938
9738,0.012108802795410156,0.01483154296875,0.0014309883117675781
9739,0.010334968566894531,0.008200883865356445,0.0014586448669433594
9740,0.009836673736572266,0.013592004776000977,0.0014848709106445312
9741,0.014455080032348633,0.016544580459594727,0.0015196800231933594
9742,0.012258768081665039,0.01596832275390625,0.0014870166778564453
9743,0.010800361633300781,0.012424468994140625,0.0014951229095458984
9744,0.013410329818725586,0.011572122573852539,0.0014705657958984375
9745,0.01116037368774414,0.014403820037841797,0.0015001296997070312
9746,0.015605449676513672,0.014190435409545898,0.0014126300811767578
9747,0.014662981033325195,0.014852046966552734,0.001516103744506836
9748,0.01565241813659668,0.01422262191772461,0.0016605854034423828
9749,0.011167049407958984,0.013480663299560547,0.0015077590942382812
9750,0.011695384979248047,0.01224064826965332,0.001402139663696289
9751,0.010489940643310547,0.011848688125610352,0.0014796257019042969
9752,0.011597633361816406,0.015750646591186523,0.0015320777893066406
9753,0.015119791030883789,0.014597415924072266,0.0014851093292236328
9754,0.011305809020996094,0.016939163208007812,0.0015454292297363281
9755,0.006110429763793945,0.011631488800048828,0.0015349388122558594
9756,0.012024641036987305,0.013388395309448242,0.0014431476593017578
9757,0.013674497604370117,0.011503458023071289,0.001409292221069336
9758,0.00929713249206543,0.009113311767578125,0.0014312267303466797
9759,0.010816574096679688,0.013349533081054688,0.0014448165893554688
9760,0.014899969100952148,0.017894506454467773,0.0014233589172363281
9761,0.013816118240356445,0.009990692138671875,0.001436471939086914
9762,0.012582540512084961,0.014184713363647461,0.0013682842254638672
9763,0.010218381881713867,0.00886225700378418,0.0014469623565673828
9764,0.015692710876464844,0.017908096313476562,0.0016777515411376953
9765,0.016419410705566406,0.018125057220458984,0.001462697982788086
9766,0.0146942138671875,0.015606164932250977,0.0014486312866210938
9767,0.014015913009643555,0.013419389724731445,0.0014147758483886719
9768,0.012477397918701172,0.011261463165283203,0.0014319419860839844
9769,0.012236833572387695,0.013919591903686523,0.0014081001281738281
9770,0.011329889297485352,0.014994382858276367,0.0014340877532958984
9771,0.010962247848510742,0.012938261032104492,0.0014755725860595703
9772,0.014919757843017578,0.015353918075561523,0.0014567375183105469
9773,0.009892940521240234,0.010694265365600586,0.0015206336975097656
9774,0.008135557174682617,0.008495330810546875,0.0014684200286865234
9775,0.011793375015258789,0.010648965835571289,0.001428842544555664
9776,0.013787031173706055,0.018311500549316406,0.0014154911041259766
9777,0.015635967254638672,0.018224000930786133,0.0014917850494384766
9778,0.009400367736816406,0.013563394546508789,0.0014162063598632812
9779,0.014414072036743164,0.012395143508911133,0.0014758110046386719
9780,0.010684013366699219,0.016360044479370117,0.0016584396362304688
9781,0.014955759048461914,0.01232004165649414,0.0014808177947998047
9782,0.008573532104492188,0.013911962509155273,0.001497030258178711
9783,0.012218952178955078,0.059209346771240234,0.0014262199401855469
9784,0.007950544357299805,0.010979652404785156,0.0014655590057373047
9785,0.010122299194335938,0.006762266159057617,0.0015006065368652344
9786,0.006042003631591797,0.009988546371459961,0.0015206336975097656
9787,0.009914636611938477,0.01569676399230957,0.001439809799194336
9788,0.008548974990844727,0.01136469841003418,0.0014619827270507812
9789,0.017627954483032227,0.01815342903137207,0.0015556812286376953
9790,0.009890556335449219,0.0072400569915771484,0.0014679431915283203
9791,0.01416468620300293,0.0138092041015625,0.0015604496002197266
9792,0.017374277114868164,0.017426729202270508,0.0014460086822509766
9793,0.009542226791381836,0.013103008270263672,0.0015511512756347656
9794,0.016443729400634766,0.019618511199951172,0.0014042854309082031
9795,0.009574651718139648,0.015517473220825195,0.0014567375183105469
9796,0.01346731185913086,0.015012741088867188,0.0016808509826660156
9797,0.009871959686279297,0.0153961181640625,0.001489877700805664
9798,0.014206409454345703,0.018733501434326172,0.0014812946319580078
9799,0.009906530380249023,0.016076087951660156,0.001514434814453125
9800,0.010560274124145508,0.014250516891479492,0.0014336109161376953
9801,0.010352134704589844,0.011188030242919922,0.0014595985412597656
9802,0.011436700820922852,0.012002944946289062,0.0014564990997314453
9803,0.01237344741821289,0.018810272216796875,0.0014421939849853516
9804,0.013586997985839844,0.011477947235107422,0.0014636516571044922
9805,0.009869098663330078,0.01361703872680664,0.0014138221740722656
9806,0.011191368103027344,0.012626171112060547,0.0014221668243408203
9807,0.007838249206542969,0.011379480361938477,0.0014624595642089844
9808,0.013169288635253906,0.014192342758178711,0.0014681816101074219
9809,0.01011037826538086,0.014577150344848633,0.0014300346374511719
9810,0.007261514663696289,0.0065250396728515625,0.0014579296112060547
9811,0.012718677520751953,0.016857624053955078,0.0014796257019042969
9812,0.014470100402832031,0.013680458068847656,0.0017251968383789062
9813,0.01145792007446289,0.012497186660766602,0.0015461444854736328
9814,0.009138345718383789,0.011324644088745117,0.0013930797576904297
9815,0.010054588317871094,0.013164043426513672,0.0015444755554199219
9816,0.009102821350097656,0.01069498062133789,0.0013797283172607422
9817,0.012605667114257812,0.014312505722045898,0.0015077590942382812
9818,0.006870746612548828,0.006418466567993164,0.0014758110046386719
9819,0.008681058883666992,0.010761737823486328,0.001422882080078125
9820,0.013866901397705078,0.01642298698425293,0.0015060901641845703
9821,0.016533851623535156,0.019986867904663086,0.0014636516571044922
9822,0.01643657684326172,0.016277313232421875,0.001482248306274414
9823,0.014159917831420898,0.010726451873779297,0.0014379024505615234
9824,0.011438846588134766,0.012421607971191406,0.0014109611511230469
9825,0.01024317741394043,0.011958599090576172,0.0014545917510986328
9826,0.013525009155273438,0.012133121490478516,0.0015914440155029297
9827,0.01415872573852539,0.011847734451293945,0.0013899803161621094
9828,0.008543729782104492,0.013029336929321289,0.0017766952514648438
9829,0.01237344741821289,0.009141683578491211,0.001438140869140625
9830,0.009413003921508789,0.015570402145385742,0.0015110969543457031
9831,0.015447139739990234,0.012622356414794922,0.0014452934265136719
9832,0.013238906860351562,0.01853632926940918,0.0013511180877685547
9833,0.01646590232849121,0.01825404167175293,0.001455068588256836
9834,0.010215997695922852,0.010952234268188477,0.0014393329620361328
9835,0.010516881942749023,0.013171672821044922,0.0014805793762207031
9836,0.01614093780517578,0.0172884464263916,0.0013930797576904297
9837,0.010043144226074219,0.010779857635498047,0.00153350830078125
9838,0.008374452590942383,0.012843132019042969,0.0014271736145019531
9839,0.007503509521484375,0.012173652648925781,0.0015170574188232422
9840,0.010376930236816406,0.013396024703979492,0.0014815330505371094
9841,0.013644695281982422,0.010094642639160156,0.0015113353729248047
9842,0.01444554328918457,0.013203620910644531,0.0014531612396240234
9843,0.008375883102416992,0.012115240097045898,0.0014078617095947266
9844,0.009566068649291992,0.011525154113769531,0.0017163753509521484
9845,0.014032840728759766,0.015343427658081055,0.0014374256134033203
9846,0.012766361236572266,0.013419389724731445,0.0015110969543457031
9847,0.013248205184936523,0.01485443115234375,0.001566171646118164
9848,0.015195369720458984,0.015357017517089844,0.0015044212341308594
9849,0.011431455612182617,0.011406421661376953,0.0015082359313964844
9850,0.009698152542114258,0.006189584732055664,0.0014393329620361328
9851,0.009015798568725586,0.009981393814086914,0.0013949871063232422
9852,0.014220237731933594,0.014627218246459961,0.001443624496459961
9853,0.014127016067504883,0.012197494506835938,0.0014121532440185547
9854,0.01605701446533203,0.01529383659362793,0.0014128684997558594
9855,0.012359857559204102,0.013130903244018555,0.0013909339904785156
9856,0.009162187576293945,0.011325597763061523,0.0014615058898925781
9857,0.013144493103027344,0.01415562629699707,0.0014386177062988281
9858,0.01173257827758789,0.007092952728271484,0.0015130043029785156
9859,0.011765003204345703,0.010317325592041016,0.0014111995697021484
9860,0.012878179550170898,0.012948989868164062,0.0017347335815429688
9861,0.01391458511352539,0.014671564102172852,0.0014009475708007812
9862,0.012189626693725586,0.010134696960449219,0.0014286041259765625
9863,0.014571428298950195,0.014958381652832031,0.0014853477478027344
9864,0.012027263641357422,0.012594938278198242,0.0014309883117675781
9865,0.012665987014770508,0.012653827667236328,0.0014293193817138672
9866,0.01169586181640625,0.013309717178344727,0.0014522075653076172
9867,0.013117790222167969,0.014931440353393555,0.0014438629150390625
9868,0.013080835342407227,0.013321161270141602,0.0014448165893554688
9869,0.011055469512939453,0.009781360626220703,0.0013892650604248047
9870,0.015235662460327148,0.01316523551940918,0.0014371871948242188
9871,0.012603044509887695,0.011979341506958008,0.001405477523803711
9872,0.016262054443359375,0.016571521759033203,0.0014777183532714844
9873,0.014084100723266602,0.015455245971679688,0.0013797283172607422
9874,0.012461423873901367,0.01346278190612793,0.0014204978942871094
9875,0.010025739669799805,0.013356924057006836,0.0014417171478271484
9876,0.014079809188842773,0.016265869140625,0.0016474723815917969
9877,0.018175363540649414,0.014698982238769531,0.0014901161193847656
9878,0.013622283935546875,0.008669614791870117,0.0014481544494628906
9879,0.011310100555419922,0.0146484375,0.0014278888702392578
9880,0.013139724731445312,0.013713359832763672,0.0014226436614990234
9881,0.01366281509399414,0.011159896850585938,0.0015647411346435547
9882,0.010287046432495117,0.00992727279663086,0.0014443397521972656
9883,0.01161503791809082,0.01159214973449707,0.0015463829040527344
9884,0.012517929077148438,0.013234376907348633,0.001415252685546875
9885,0.01186060905456543,0.014394521713256836,0.0015213489532470703
9886,0.016304731369018555,0.012548685073852539,0.0013966560363769531
9887,0.012556314468383789,0.01352834701538086,0.0015304088592529297
9888,0.008388042449951172,0.010506629943847656,0.0014679431915283203
9889,0.01659083366394043,0.017053604125976562,0.0014607906341552734
9890,0.015432357788085938,0.011970996856689453,0.0014388561248779297
9891,0.010002613067626953,0.007303714752197266,0.0014007091522216797
9892,0.009818315505981445,0.014930248260498047,0.0016846656799316406
9893,0.011328697204589844,0.00926971435546875,0.0015375614166259766
9894,0.010009527206420898,0.008592367172241211,0.0014812946319580078
9895,0.009499073028564453,0.014301776885986328,0.0014843940734863281
9896,0.01032400131225586,0.014168262481689453,0.0015628337860107422
9897,0.011035919189453125,0.011136770248413086,0.0014622211456298828
9898,0.012614250183105469,0.011490821838378906,0.001516580581665039
9899,0.012969017028808594,0.015183210372924805,0.001447916030883789
9900,0.014266490936279297,0.014631271362304688,0.001520395278930664
9901,0.010723590850830078,0.01123046875,0.0015511512756347656
9902,0.007993459701538086,0.008828878402709961,0.0015037059783935547
9903,0.009358882904052734,0.011754274368286133,0.0014414787292480469
9904,0.013107061386108398,0.013705968856811523,0.0014908313751220703
9905,0.010076761245727539,0.012902498245239258,0.0014390945434570312
9906,0.015014410018920898,0.015949249267578125,0.0014607906341552734
9907,0.017232656478881836,0.01378631591796875,0.0014088153839111328
9908,0.015796184539794922,0.017127037048339844,0.0017037391662597656
9909,0.010541915893554688,0.010531187057495117,0.0014927387237548828
9910,0.013959407806396484,0.014816999435424805,0.0013794898986816406
9911,0.010451316833496094,0.011876583099365234,0.0014157295227050781
9912,0.008175373077392578,0.00897359848022461,0.0015094280242919922
9913,0.00851297378540039,0.010677099227905273,0.0014414787292480469
9914,0.01148533821105957,0.010800361633300781,0.0014200210571289062
9915,0.007292032241821289,0.00592494010925293,0.0015082359313964844
9916,0.011929750442504883,0.01253199577331543,0.0014276504516601562
9917,0.015694856643676758,0.01708197593688965,0.0014967918395996094
9918,0.015314102172851562,0.015223026275634766,0.0014116764068603516
9919,0.012451171875,0.012640237808227539,0.0014712810516357422
9920,0.017151594161987305,0.018087387084960938,0.001520395278930664
9921,0.015105962753295898,0.014506101608276367,0.0014383792877197266
9922,0.012296676635742188,0.011748552322387695,0.0014376640319824219
9923,0.01485133171081543,0.011793375015258789,0.001477956771850586
9924,0.015862703323364258,0.01772141456604004,0.0016739368438720703
9925,0.015330076217651367,0.013765096664428711,0.0014052391052246094
9926,0.018730878829956055,0.01833343505859375,0.0015692710876464844
9927,0.015422821044921875,0.01069951057434082,0.001489877700805664
9928,0.01531672477722168,0.016779184341430664,0.0016293525695800781
9929,0.010770320892333984,0.008602142333984375,0.0015323162078857422
9930,0.012594461441040039,0.009219884872436523,0.0016009807586669922
9931,0.008844375610351562,0.014323949813842773,0.0014841556549072266
9932,0.012912511825561523,0.011715412139892578,0.0014362335205078125
9933,0.009188175201416016,0.008138895034790039,0.0014469623565673828
9934,0.010378837585449219,0.012633562088012695,0.0014584064483642578
9935,0.015668630599975586,0.016419410705566406,0.0014405250549316406
9936,0.01312565803527832,0.01848292350769043,0.0014584064483642578
9937,0.013150691986083984,0.01415395736694336,0.0014595985412597656
9938,0.010302305221557617,0.010437250137329102,0.0014426708221435547
9939,0.013820886611938477,0.014651060104370117,0.0015115737915039062
9940,0.013906002044677734,0.012594938278198242,0.0016880035400390625
9941,0.018173694610595703,0.013425588607788086,0.0014624595642089844
9942,0.01249551773071289,0.013551473617553711,0.0015773773193359375
9943,0.010972261428833008,0.014058828353881836,0.0014636516571044922
9944,0.01026773452758789,0.012222528457641602,0.0014612674713134766
9945,0.011167764663696289,0.016307353973388672,0.001458883285522461
9946,0.009881258010864258,0.012011528015136719,0.0014827251434326172
9947,0.015769243240356445,0.015664339065551758,0.0014271736145019531
9948,0.0113067626953125,0.0075566768646240234,0.0014233589172363281
9949,0.013414144515991211,0.012883186340332031,0.0014495849609375
9950,0.015077352523803711,0.014547109603881836,0.001435995101928711
9951,0.016597509384155273,0.01662278175354004,0.0014505386352539062
9952,0.016154050827026367,0.0171356201171875,0.0014977455139160156
9953,0.012877225875854492,0.013196229934692383,0.0014216899871826172
9954,0.015228748321533203,0.01272726058959961,0.001519918441772461
9955,0.009312868118286133,0.009193658828735352,0.0014729499816894531
9956,0.010184288024902344,0.00978398323059082,0.0016410350799560547
9957,0.009053945541381836,0.01334691047668457,0.001455068588256836
9958,0.01703476905822754,0.013805866241455078,0.0015256404876708984
9959,0.009681224822998047,0.013001441955566406,0.0014696121215820312
9960,0.013644695281982422,0.014364480972290039,0.0014417171478271484
9961,0.010728120803833008,0.015758275985717773,0.001436471939086914
9962,0.01575756072998047,0.015661954879760742,0.0015172958374023438
9963,0.016019344329833984,0.016130685806274414,0.0015239715576171875
9964,0.015413761138916016,0.015527963638305664,0.0015096664428710938
9965,0.012217044830322266,0.01351165771484375,0.0014328956604003906
9966,0.009641885757446289,0.011087417602539062,0.0014798641204833984
9967,0.01643991470336914,0.017172574996948242,0.001447916030883789
9968,0.016849517822265625,0.017656803131103516,0.0014235973358154297
9969,0.013885259628295898,0.01320791244506836,0.0014507770538330078
9970,0.013715028762817383,0.012317657470703125,0.0013759136199951172
9971,0.014538049697875977,0.014613866806030273,0.0014159679412841797
9972,0.0139617919921875,0.01706385612487793,0.001628875732421875
9973,0.012341022491455078,0.014063596725463867,0.0014414787292480469
9974,0.011085987091064453,0.017813920974731445,0.0014529228210449219
9975,0.011701822280883789,0.010762214660644531,0.001603841781616211
9976,0.009570598602294922,0.014214277267456055,0.00142669677734375
9977,0.012688875198364258,0.01328897476196289,0.0015451908111572266
9978,0.008599042892456055,0.01357126235961914,0.0013971328735351562
9979,0.01217961311340332,0.014499902725219727,0.0015635490417480469
9980,0.008806467056274414,0.01050257682800293,0.0015423297882080078
9981,0.010137081146240234,0.011039972305297852,0.0014374256134033203
9982,0.010301351547241211,0.009907960891723633,0.0017571449279785156
9983,0.007893562316894531,0.011280536651611328,0.0015473365783691406
9984,0.01195669174194336,0.013426542282104492,0.0014698505401611328
9985,0.011609315872192383,0.014709711074829102,0.001512765884399414
9986,0.01119089126586914,0.008450031280517578,0.0014200210571289062
9987,0.012596845626831055,0.015959739685058594,0.0014591217041015625
9988,0.012947320938110352,0.015594482421875,0.0016696453094482422
9989,0.012461662292480469,0.011754274368286133,0.0014197826385498047
9990,0.010889053344726562,0.008484363555908203,0.001523733139038086
9991,0.018094301223754883,0.01521754264831543,0.0014946460723876953
9992,0.009616851806640625,0.014015913009643555,0.0014832019805908203
9993,0.011413812637329102,0.013583183288574219,0.0014591217041015625
9994,0.016985654830932617,0.017283201217651367,0.0014922618865966797
9995,0.013786792755126953,0.012150287628173828,0.0014433860778808594
9996,0.011089086532592773,0.01275491714477539,0.0014832019805908203
9997,0.011441707611083984,0.012243032455444336,0.0013818740844726562
9998,0.013650178909301758,0.01669001579284668,0.001394033432006836
9999,0.010883808135986328,0.00810098648071289,0.0015032291412353516
average,0.012513083744049072,0.012245573711395263,0.0014918789625167847
