id,insert_latency,update_latency,delete_latency
0,0.03769373893737793,1.52587890625e-05,3.5762786865234375e-06
1,0.014218807220458984,2.86102294921875e-06,4.76837158203125e-07
2,0.019043445587158203,1.6689300537109375e-06,4.76837158203125e-07
3,0.012474298477172852,1.6689300537109375e-06,2.384185791015625e-07
4,0.009989500045776367,1.6689300537109375e-06,2.384185791015625e-07
5,0.018761634826660156,1.6689300537109375e-06,2.384185791015625e-07
6,0.02147531509399414,1.6689300537109375e-06,2.384185791015625e-07
7,0.016737699508666992,1.6689300537109375e-06,2.384185791015625e-07
8,0.028761863708496094,1.6689300537109375e-06,4.76837158203125e-07
9,0.01484060287475586,1.9073486328125e-06,2.384185791015625e-07
10,0.016459226608276367,2.1457672119140625e-06,2.384185791015625e-07
11,0.018692493438720703,1.9073486328125e-06,4.76837158203125e-07
12,0.01824021339416504,1.9073486328125e-06,2.384185791015625e-07
13,0.005501508712768555,1.6689300537109375e-06,2.384185791015625e-07
14,0.009873151779174805,1.6689300537109375e-06,2.384185791015625e-07
15,0.0162808895111084,1.6689300537109375e-06,2.384185791015625e-07
16,0.015299797058105469,1.6689300537109375e-06,2.384185791015625e-07
17,0.014477014541625977,1.6689300537109375e-06,2.384185791015625e-07
18,0.014539480209350586,1.9073486328125e-06,4.76837158203125e-07
19,0.018724679946899414,2.1457672119140625e-06,4.76837158203125e-07
20,0.009492158889770508,1.6689300537109375e-06,2.384185791015625e-07
21,0.016684532165527344,1.6689300537109375e-06,2.384185791015625e-07
22,0.017385482788085938,1.9073486328125e-06,2.384185791015625e-07
23,0.01286768913269043,1.6689300537109375e-06,2.384185791015625e-07
24,0.01309347152709961,1.6689300537109375e-06,2.384185791015625e-07
25,0.014522552490234375,1.6689300537109375e-06,2.384185791015625e-07
26,0.01401376724243164,1.6689300537109375e-06,2.384185791015625e-07
27,0.013345003128051758,1.9073486328125e-06,7.152557373046875e-07
28,0.0070078372955322266,1.6689300537109375e-06,2.384185791015625e-07
29,0.011988639831542969,1.6689300537109375e-06,2.384185791015625e-07
30,0.0068645477294921875,1.6689300537109375e-06,2.384185791015625e-07
31,0.008969306945800781,1.9073486328125e-06,2.384185791015625e-07
32,0.0048370361328125,2.1457672119140625e-06,2.384185791015625e-07
33,0.012030601501464844,1.6689300537109375e-06,2.384185791015625e-07
34,0.014227867126464844,1.6689300537109375e-06,2.384185791015625e-07
35,0.0069277286529541016,1.9073486328125e-06,4.76837158203125e-07
36,0.012581825256347656,1.9073486328125e-06,2.384185791015625e-07
37,0.011523246765136719,1.6689300537109375e-06,2.384185791015625e-07
38,0.010423660278320312,1.6689300537109375e-06,2.384185791015625e-07
39,0.008128881454467773,1.6689300537109375e-06,2.384185791015625e-07
40,0.01008152961730957,1.6689300537109375e-06,2.384185791015625e-07
41,0.010951519012451172,1.9073486328125e-06,4.76837158203125e-07
42,0.01183462142944336,1.9073486328125e-06,2.384185791015625e-07
43,0.00896000862121582,2.1457672119140625e-06,2.384185791015625e-07
44,0.004911661148071289,1.9073486328125e-06,2.384185791015625e-07
45,0.008897542953491211,1.6689300537109375e-06,2.384185791015625e-07
46,0.007873058319091797,1.6689300537109375e-06,2.384185791015625e-07
47,0.010578393936157227,1.6689300537109375e-06,2.384185791015625e-07
48,0.006860494613647461,1.6689300537109375e-06,2.384185791015625e-07
49,0.012425661087036133,1.9073486328125e-06,4.76837158203125e-07
50,0.01119089126586914,1.9073486328125e-06,2.384185791015625e-07
51,0.009119033813476562,1.9073486328125e-06,2.384185791015625e-07
52,0.008765935897827148,1.9073486328125e-06,2.384185791015625e-07
53,0.007040500640869141,1.6689300537109375e-06,4.76837158203125e-07
54,0.007431983947753906,1.6689300537109375e-06,2.384185791015625e-07
55,0.008503198623657227,2.1457672119140625e-06,2.384185791015625e-07
56,0.007907629013061523,1.6689300537109375e-06,2.384185791015625e-07
57,0.01298666000366211,1.6689300537109375e-06,2.384185791015625e-07
58,0.011634588241577148,1.9073486328125e-06,2.384185791015625e-07
59,0.011959075927734375,1.9073486328125e-06,4.76837158203125e-07
60,0.0077915191650390625,1.6689300537109375e-06,4.76837158203125e-07
61,0.009566783905029297,1.9073486328125e-06,2.384185791015625e-07
62,0.010225534439086914,1.9073486328125e-06,4.76837158203125e-07
63,0.007721900939941406,1.9073486328125e-06,4.76837158203125e-07
64,0.01225733757019043,1.6689300537109375e-06,4.76837158203125e-07
65,0.008386850357055664,1.6689300537109375e-06,4.76837158203125e-07
66,0.005655050277709961,1.6689300537109375e-06,2.384185791015625e-07
67,0.009450197219848633,1.6689300537109375e-06,2.384185791015625e-07
68,0.011909008026123047,1.6689300537109375e-06,2.384185791015625e-07
69,0.009248495101928711,1.430511474609375e-06,4.76837158203125e-07
70,0.0113525390625,1.9073486328125e-06,2.384185791015625e-07
71,0.007936954498291016,2.1457672119140625e-06,2.384185791015625e-07
72,0.005995988845825195,1.9073486328125e-06,2.384185791015625e-07
73,0.00921940803527832,1.9073486328125e-06,2.384185791015625e-07
74,0.010396718978881836,1.9073486328125e-06,2.384185791015625e-07
75,0.011803627014160156,1.9073486328125e-06,2.384185791015625e-07
76,0.011837959289550781,1.9073486328125e-06,2.384185791015625e-07
77,0.007991790771484375,1.6689300537109375e-06,2.384185791015625e-07
78,0.008049964904785156,1.9073486328125e-06,2.384185791015625e-07
79,0.004092216491699219,1.430511474609375e-06,2.384185791015625e-07
80,0.01032710075378418,1.9073486328125e-06,2.384185791015625e-07
81,0.010328054428100586,1.6689300537109375e-06,2.384185791015625e-07
82,0.0062749385833740234,1.6689300537109375e-06,2.384185791015625e-07
83,0.010830163955688477,1.6689300537109375e-06,2.384185791015625e-07
84,0.006953239440917969,1.9073486328125e-06,2.384185791015625e-07
85,0.008460044860839844,1.9073486328125e-06,2.384185791015625e-07
86,0.007094860076904297,1.9073486328125e-06,2.384185791015625e-07
87,0.006108283996582031,1.9073486328125e-06,2.384185791015625e-07
88,0.010800361633300781,1.9073486328125e-06,2.384185791015625e-07
89,0.009337902069091797,1.9073486328125e-06,2.384185791015625e-07
90,0.00717616081237793,1.9073486328125e-06,2.384185791015625e-07
91,0.008051633834838867,2.1457672119140625e-06,2.384185791015625e-07
92,0.010489702224731445,1.9073486328125e-06,2.384185791015625e-07
93,0.007101774215698242,1.6689300537109375e-06,2.384185791015625e-07
94,0.008963823318481445,2.1457672119140625e-06,2.384185791015625e-07
95,0.007415056228637695,2.1457672119140625e-06,2.384185791015625e-07
96,0.01097726821899414,2.384185791015625e-06,2.384185791015625e-07
97,0.010535717010498047,1.9073486328125e-06,4.76837158203125e-07
98,0.009848833084106445,1.9073486328125e-06,4.76837158203125e-07
99,0.004824161529541016,1.9073486328125e-06,2.384185791015625e-07
100,0.009634733200073242,1.9073486328125e-06,2.384185791015625e-07
101,0.010373115539550781,2.1457672119140625e-06,4.76837158203125e-07
102,0.008205175399780273,2.1457672119140625e-06,2.384185791015625e-07
103,0.012243032455444336,2.1457672119140625e-06,2.384185791015625e-07
104,0.009237289428710938,2.1457672119140625e-06,2.384185791015625e-07
105,0.005090475082397461,1.9073486328125e-06,2.384185791015625e-07
106,0.0056493282318115234,1.9073486328125e-06,4.76837158203125e-07
107,0.006102561950683594,2.1457672119140625e-06,2.384185791015625e-07
108,0.00845193862915039,1.6689300537109375e-06,4.76837158203125e-07
109,0.011614799499511719,2.1457672119140625e-06,2.384185791015625e-07
110,0.010109186172485352,1.6689300537109375e-06,4.76837158203125e-07
111,0.01186513900756836,1.9073486328125e-06,4.76837158203125e-07
112,0.005908012390136719,1.9073486328125e-06,2.384185791015625e-07
113,0.006049156188964844,1.6689300537109375e-06,2.384185791015625e-07
114,0.010182857513427734,2.384185791015625e-06,2.384185791015625e-07
115,0.005866289138793945,2.86102294921875e-06,4.76837158203125e-07
116,0.008659839630126953,2.1457672119140625e-06,4.76837158203125e-07
117,0.006335020065307617,1.6689300537109375e-06,4.76837158203125e-07
118,0.009241819381713867,1.6689300537109375e-06,4.76837158203125e-07
119,0.007860898971557617,1.6689300537109375e-06,2.384185791015625e-07
120,0.007818460464477539,1.6689300537109375e-06,2.384185791015625e-07
121,0.005188465118408203,1.6689300537109375e-06,2.384185791015625e-07
122,0.0043485164642333984,1.9073486328125e-06,2.384185791015625e-07
123,0.004944801330566406,1.9073486328125e-06,2.384185791015625e-07
124,0.007438182830810547,2.1457672119140625e-06,2.384185791015625e-07
125,0.01087045669555664,1.6689300537109375e-06,2.384185791015625e-07
126,0.006252765655517578,1.9073486328125e-06,2.384185791015625e-07
127,0.01023721694946289,1.9073486328125e-06,2.384185791015625e-07
128,0.007255077362060547,1.9073486328125e-06,2.384185791015625e-07
129,0.011511802673339844,1.9073486328125e-06,4.76837158203125e-07
130,0.008757829666137695,1.430511474609375e-06,2.384185791015625e-07
131,0.010588884353637695,1.6689300537109375e-06,2.384185791015625e-07
132,0.0027027130126953125,1.9073486328125e-06,2.384185791015625e-07
133,0.009207010269165039,2.1457672119140625e-06,2.384185791015625e-07
134,0.0059435367584228516,1.9073486328125e-06,2.384185791015625e-07
135,0.006743907928466797,2.1457672119140625e-06,2.384185791015625e-07
136,0.01342630386352539,1.6689300537109375e-06,4.76837158203125e-07
137,0.004286766052246094,2.1457672119140625e-06,4.76837158203125e-07
138,0.008690595626831055,2.1457672119140625e-06,4.76837158203125e-07
139,0.011896610260009766,1.9073486328125e-06,4.76837158203125e-07
140,0.013113975524902344,2.1457672119140625e-06,2.384185791015625e-07
141,0.009437322616577148,1.9073486328125e-06,2.384185791015625e-07
142,0.0054285526275634766,1.9073486328125e-06,2.384185791015625e-07
143,0.010648250579833984,1.9073486328125e-06,2.384185791015625e-07
144,0.012303829193115234,1.9073486328125e-06,2.384185791015625e-07
145,0.006459474563598633,1.6689300537109375e-06,2.384185791015625e-07
146,0.009237289428710938,1.9073486328125e-06,2.384185791015625e-07
147,0.009232044219970703,1.9073486328125e-06,4.76837158203125e-07
148,0.009196996688842773,1.9073486328125e-06,4.76837158203125e-07
149,0.009320974349975586,1.6689300537109375e-06,2.384185791015625e-07
150,0.009546995162963867,1.6689300537109375e-06,2.384185791015625e-07
151,0.008100748062133789,1.9073486328125e-06,2.384185791015625e-07
152,0.008709430694580078,1.9073486328125e-06,2.384185791015625e-07
153,0.008034944534301758,1.9073486328125e-06,2.384185791015625e-07
154,0.006548643112182617,1.6689300537109375e-06,2.384185791015625e-07
155,0.008122444152832031,2.1457672119140625e-06,2.384185791015625e-07
156,0.008975982666015625,1.9073486328125e-06,2.384185791015625e-07
157,0.0069370269775390625,1.9073486328125e-06,4.76837158203125e-07
158,0.004034996032714844,1.6689300537109375e-06,2.384185791015625e-07
159,0.010025739669799805,1.9073486328125e-06,2.384185791015625e-07
160,0.009652376174926758,1.6689300537109375e-06,2.384185791015625e-07
161,0.00509190559387207,2.1457672119140625e-06,2.384185791015625e-07
162,0.007782459259033203,1.9073486328125e-06,2.384185791015625e-07
163,0.009085416793823242,1.9073486328125e-06,2.384185791015625e-07
164,0.008789777755737305,1.9073486328125e-06,2.384185791015625e-07
165,0.007012367248535156,1.6689300537109375e-06,4.76837158203125e-07
166,0.005716800689697266,1.6689300537109375e-06,7.152557373046875e-07
167,0.008783578872680664,1.9073486328125e-06,4.76837158203125e-07
168,0.008992433547973633,1.9073486328125e-06,2.384185791015625e-07
169,0.008411169052124023,1.6689300537109375e-06,2.384185791015625e-07
170,0.008861064910888672,1.9073486328125e-06,2.384185791015625e-07
171,0.003805875778198242,1.6689300537109375e-06,2.384185791015625e-07
172,0.005282402038574219,1.6689300537109375e-06,2.384185791015625e-07
173,0.010246038436889648,1.6689300537109375e-06,2.384185791015625e-07
174,0.009495735168457031,1.6689300537109375e-06,2.384185791015625e-07
175,0.008903026580810547,1.6689300537109375e-06,2.384185791015625e-07
176,0.009314775466918945,1.6689300537109375e-06,2.384185791015625e-07
177,0.009940385818481445,1.6689300537109375e-06,2.384185791015625e-07
178,0.010738611221313477,1.6689300537109375e-06,2.384185791015625e-07
179,0.004403114318847656,1.9073486328125e-06,2.384185791015625e-07
180,0.006342172622680664,1.9073486328125e-06,2.384185791015625e-07
181,0.009927749633789062,1.9073486328125e-06,2.384185791015625e-07
182,0.00871133804321289,1.9073486328125e-06,2.384185791015625e-07
183,0.011156082153320312,2.1457672119140625e-06,2.384185791015625e-07
184,0.0062792301177978516,1.9073486328125e-06,2.384185791015625e-07
185,0.0068776607513427734,1.6689300537109375e-06,2.384185791015625e-07
186,0.008493185043334961,1.6689300537109375e-06,2.384185791015625e-07
187,0.00952768325805664,2.1457672119140625e-06,2.384185791015625e-07
188,0.0044100284576416016,1.9073486328125e-06,4.76837158203125e-07
189,0.0067615509033203125,2.1457672119140625e-06,4.76837158203125e-07
190,0.00830388069152832,1.9073486328125e-06,4.76837158203125e-07
191,0.008072614669799805,1.430511474609375e-06,2.384185791015625e-07
192,0.0051305294036865234,1.6689300537109375e-06,2.384185791015625e-07
193,0.007405757904052734,2.1457672119140625e-06,2.384185791015625e-07
194,0.00990748405456543,1.430511474609375e-06,2.384185791015625e-07
195,0.007816553115844727,1.9073486328125e-06,2.384185791015625e-07
196,0.006683826446533203,1.9073486328125e-06,2.384185791015625e-07
197,0.006944179534912109,1.9073486328125e-06,7.152557373046875e-07
198,0.009220361709594727,1.6689300537109375e-06,2.384185791015625e-07
199,0.011459589004516602,1.6689300537109375e-06,2.384185791015625e-07
200,0.009531736373901367,1.6689300537109375e-06,2.384185791015625e-07
201,0.009039640426635742,1.9073486328125e-06,4.76837158203125e-07
202,0.007889986038208008,1.6689300537109375e-06,2.384185791015625e-07
203,0.006925344467163086,1.430511474609375e-06,2.384185791015625e-07
204,0.01168370246887207,1.9073486328125e-06,2.384185791015625e-07
205,0.009200334548950195,1.6689300537109375e-06,2.384185791015625e-07
206,0.008848428726196289,1.1205673217773438e-05,2.384185791015625e-07
207,0.005656242370605469,2.1457672119140625e-06,2.384185791015625e-07
208,0.0067021846771240234,1.9073486328125e-06,4.76837158203125e-07
209,0.007797718048095703,1.6689300537109375e-06,4.76837158203125e-07
210,0.008968114852905273,1.6689300537109375e-06,2.384185791015625e-07
211,0.010843038558959961,1.6689300537109375e-06,7.152557373046875e-07
212,0.008078813552856445,1.6689300537109375e-06,2.384185791015625e-07
213,0.00926661491394043,1.9073486328125e-06,2.384185791015625e-07
214,0.009102344512939453,1.9073486328125e-06,4.76837158203125e-07
215,0.009082317352294922,1.9073486328125e-06,2.384185791015625e-07
216,0.009083271026611328,1.9073486328125e-06,2.384185791015625e-07
217,0.00808405876159668,2.1457672119140625e-06,2.384185791015625e-07
218,0.006284236907958984,1.9073486328125e-06,2.384185791015625e-07
219,0.006028890609741211,1.9073486328125e-06,2.384185791015625e-07
220,0.010246038436889648,1.6689300537109375e-06,4.76837158203125e-07
221,0.009550094604492188,1.6689300537109375e-06,2.384185791015625e-07
222,0.008556604385375977,1.9073486328125e-06,2.384185791015625e-07
223,0.005490779876708984,1.6689300537109375e-06,2.384185791015625e-07
224,0.006612539291381836,1.6689300537109375e-06,2.384185791015625e-07
225,0.006081342697143555,1.6689300537109375e-06,4.76837158203125e-07
226,0.010535955429077148,1.9073486328125e-06,2.384185791015625e-07
227,0.00925302505493164,1.9073486328125e-06,2.384185791015625e-07
228,0.0029604434967041016,1.6689300537109375e-06,2.384185791015625e-07
229,0.005324125289916992,1.6689300537109375e-06,2.384185791015625e-07
230,0.005800485610961914,1.9073486328125e-06,4.76837158203125e-07
231,0.01068735122680664,1.6689300537109375e-06,2.384185791015625e-07
232,0.03060173988342285,2.1457672119140625e-06,2.384185791015625e-07
233,0.0041027069091796875,1.6689300537109375e-06,4.76837158203125e-07
234,0.009685277938842773,1.6689300537109375e-06,4.76837158203125e-07
235,0.008949756622314453,1.6689300537109375e-06,2.384185791015625e-07
236,0.004739522933959961,1.9073486328125e-06,2.384185791015625e-07
237,0.0064165592193603516,1.9073486328125e-06,2.384185791015625e-07
238,0.0072841644287109375,1.6689300537109375e-06,2.384185791015625e-07
239,0.005573749542236328,1.6689300537109375e-06,4.76837158203125e-07
240,0.006352901458740234,1.6689300537109375e-06,2.384185791015625e-07
241,0.008365631103515625,1.6689300537109375e-06,2.384185791015625e-07
242,0.006951332092285156,1.9073486328125e-06,2.384185791015625e-07
243,0.008546590805053711,2.1457672119140625e-06,2.384185791015625e-07
244,0.005102396011352539,1.9073486328125e-06,2.384185791015625e-07
245,0.00917363166809082,1.9073486328125e-06,2.384185791015625e-07
246,0.009598255157470703,2.1457672119140625e-06,2.384185791015625e-07
247,0.007965087890625,1.6689300537109375e-06,2.384185791015625e-07
248,0.004087924957275391,1.9073486328125e-06,4.76837158203125e-07
249,0.011230945587158203,1.6689300537109375e-06,4.76837158203125e-07
250,0.00868988037109375,1.9073486328125e-06,4.76837158203125e-07
251,0.008271455764770508,1.6689300537109375e-06,2.384185791015625e-07
252,0.005944490432739258,1.6689300537109375e-06,2.384185791015625e-07
253,0.007331132888793945,1.6689300537109375e-06,4.76837158203125e-07
254,0.008434772491455078,1.6689300537109375e-06,2.384185791015625e-07
255,0.00910043716430664,1.430511474609375e-06,4.76837158203125e-07
256,0.005009651184082031,1.9073486328125e-06,2.384185791015625e-07
257,0.005311489105224609,1.9073486328125e-06,2.384185791015625e-07
258,0.008014202117919922,1.9073486328125e-06,2.384185791015625e-07
259,0.0054056644439697266,1.6689300537109375e-06,2.384185791015625e-07
260,0.008974313735961914,1.9073486328125e-06,2.384185791015625e-07
261,0.010887861251831055,1.9073486328125e-06,7.152557373046875e-07
262,0.007237672805786133,1.9073486328125e-06,4.76837158203125e-07
263,0.008541345596313477,1.6689300537109375e-06,2.384185791015625e-07
264,0.010655403137207031,1.6689300537109375e-06,2.384185791015625e-07
265,0.008066892623901367,1.6689300537109375e-06,7.152557373046875e-07
266,0.008790254592895508,1.6689300537109375e-06,2.384185791015625e-07
267,0.0029473304748535156,1.9073486328125e-06,2.384185791015625e-07
268,0.0064618587493896484,2.1457672119140625e-06,2.384185791015625e-07
269,0.00990748405456543,1.6689300537109375e-06,7.152557373046875e-07
270,0.01121068000793457,1.6689300537109375e-06,2.384185791015625e-07
271,0.009572267532348633,1.430511474609375e-06,2.384185791015625e-07
272,0.009240150451660156,1.9073486328125e-06,4.76837158203125e-07
273,0.01112508773803711,1.9073486328125e-06,4.76837158203125e-07
274,0.006276607513427734,1.9073486328125e-06,2.384185791015625e-07
275,0.01171422004699707,2.1457672119140625e-06,2.384185791015625e-07
276,0.008740663528442383,1.9073486328125e-06,2.384185791015625e-07
277,0.009091377258300781,1.9073486328125e-06,2.384185791015625e-07
278,0.008386611938476562,2.1457672119140625e-06,4.76837158203125e-07
279,0.01169133186340332,1.9073486328125e-06,7.152557373046875e-07
280,0.009507417678833008,1.6689300537109375e-06,2.384185791015625e-07
281,0.007831811904907227,1.6689300537109375e-06,2.384185791015625e-07
282,0.009965896606445312,1.9073486328125e-06,2.384185791015625e-07
283,0.00825643539428711,1.9073486328125e-06,4.76837158203125e-07
284,0.004829883575439453,1.9073486328125e-06,2.384185791015625e-07
285,0.009650945663452148,2.1457672119140625e-06,4.76837158203125e-07
286,0.011077880859375,1.9073486328125e-06,2.384185791015625e-07
287,0.0065000057220458984,1.6689300537109375e-06,2.384185791015625e-07
288,0.01160740852355957,1.6689300537109375e-06,4.76837158203125e-07
289,0.00937032699584961,1.6689300537109375e-06,2.384185791015625e-07
290,0.0054683685302734375,1.9073486328125e-06,2.384185791015625e-07
291,0.007765769958496094,1.6689300537109375e-06,2.384185791015625e-07
292,0.007798194885253906,1.9073486328125e-06,2.384185791015625e-07
293,0.005485057830810547,1.6689300537109375e-06,7.152557373046875e-07
294,0.009207487106323242,1.6689300537109375e-06,2.384185791015625e-07
295,0.007706403732299805,1.6689300537109375e-06,4.76837158203125e-07
296,0.009420633316040039,1.6689300537109375e-06,4.76837158203125e-07
297,0.0070438385009765625,1.6689300537109375e-06,2.384185791015625e-07
298,0.0097808837890625,1.6689300537109375e-06,2.384185791015625e-07
299,0.012392044067382812,1.9073486328125e-06,4.76837158203125e-07
300,0.0055234432220458984,1.9073486328125e-06,2.384185791015625e-07
301,0.009431123733520508,1.6689300537109375e-06,2.384185791015625e-07
302,0.0088958740234375,2.1457672119140625e-06,7.152557373046875e-07
303,0.005171537399291992,2.1457672119140625e-06,4.76837158203125e-07
304,0.005732536315917969,2.384185791015625e-06,4.76837158203125e-07
305,0.009122848510742188,1.9073486328125e-06,2.384185791015625e-07
306,0.006432771682739258,2.1457672119140625e-06,2.384185791015625e-07
307,0.006467342376708984,1.9073486328125e-06,2.384185791015625e-07
308,0.011227607727050781,2.384185791015625e-06,2.384185791015625e-07
309,0.00812840461730957,1.9073486328125e-06,2.384185791015625e-07
310,0.0052030086517333984,1.430511474609375e-06,4.76837158203125e-07
311,0.00585484504699707,1.9073486328125e-06,7.152557373046875e-07
312,0.009141683578491211,1.9073486328125e-06,2.384185791015625e-07
313,0.005338191986083984,1.9073486328125e-06,2.384185791015625e-07
314,0.0058248043060302734,1.9073486328125e-06,9.5367431640625e-07
315,0.012095451354980469,1.9073486328125e-06,4.76837158203125e-07
316,0.0066831111907958984,1.9073486328125e-06,4.76837158203125e-07
317,0.005652189254760742,1.9073486328125e-06,2.384185791015625e-07
318,0.007719755172729492,1.6689300537109375e-06,2.384185791015625e-07
319,0.006306171417236328,2.1457672119140625e-06,2.384185791015625e-07
320,0.01128387451171875,1.9073486328125e-06,2.384185791015625e-07
321,0.008729934692382812,1.9073486328125e-06,2.384185791015625e-07
322,0.009411096572875977,2.1457672119140625e-06,2.384185791015625e-07
323,0.01041412353515625,1.9073486328125e-06,4.76837158203125e-07
324,0.010069131851196289,1.9073486328125e-06,2.384185791015625e-07
325,0.00945138931274414,2.1457672119140625e-06,2.384185791015625e-07
326,0.01063847541809082,2.1457672119140625e-06,2.384185791015625e-07
327,0.008367061614990234,2.1457672119140625e-06,2.384185791015625e-07
328,0.011581659317016602,1.9073486328125e-06,2.384185791015625e-07
329,0.009253263473510742,1.6689300537109375e-06,2.384185791015625e-07
330,0.007555484771728516,1.9073486328125e-06,2.384185791015625e-07
331,0.012552261352539062,1.9073486328125e-06,2.384185791015625e-07
332,0.008961677551269531,1.9073486328125e-06,4.76837158203125e-07
333,0.008226633071899414,1.6689300537109375e-06,4.76837158203125e-07
334,0.007579803466796875,1.9073486328125e-06,2.384185791015625e-07
335,0.011208057403564453,1.9073486328125e-06,2.384185791015625e-07
336,0.010691165924072266,1.430511474609375e-06,4.76837158203125e-07
337,0.008259296417236328,1.6689300537109375e-06,4.76837158203125e-07
338,0.008673667907714844,1.6689300537109375e-06,2.384185791015625e-07
339,0.00829172134399414,1.9073486328125e-06,2.384185791015625e-07
340,0.0072307586669921875,1.9073486328125e-06,2.384185791015625e-07
341,0.00884103775024414,1.6689300537109375e-06,2.384185791015625e-07
342,0.009342193603515625,1.6689300537109375e-06,2.384185791015625e-07
343,0.010529279708862305,1.6689300537109375e-06,2.384185791015625e-07
344,0.00904536247253418,1.6689300537109375e-06,2.384185791015625e-07
345,0.009590864181518555,1.6689300537109375e-06,2.384185791015625e-07
346,0.006760835647583008,1.9073486328125e-06,2.384185791015625e-07
347,0.00814366340637207,1.9073486328125e-06,2.384185791015625e-07
348,0.006428241729736328,1.6689300537109375e-06,2.384185791015625e-07
349,0.005892276763916016,1.6689300537109375e-06,4.76837158203125e-07
350,0.006750583648681641,1.6689300537109375e-06,4.76837158203125e-07
351,0.007360935211181641,1.430511474609375e-06,4.76837158203125e-07
352,0.006890296936035156,1.6689300537109375e-06,4.76837158203125e-07
353,0.009430885314941406,1.6689300537109375e-06,2.384185791015625e-07
354,0.007078886032104492,1.6689300537109375e-06,4.76837158203125e-07
355,0.006406307220458984,1.6689300537109375e-06,2.384185791015625e-07
356,0.007909536361694336,1.6689300537109375e-06,2.384185791015625e-07
357,0.005810260772705078,1.6689300537109375e-06,4.76837158203125e-07
358,0.0066797733306884766,1.9073486328125e-06,2.384185791015625e-07
359,0.007416486740112305,2.1457672119140625e-06,7.152557373046875e-07
360,0.004129886627197266,1.9073486328125e-06,2.384185791015625e-07
361,0.009088277816772461,1.9073486328125e-06,2.384185791015625e-07
362,0.007860183715820312,1.9073486328125e-06,4.76837158203125e-07
363,0.009173393249511719,1.6689300537109375e-06,7.152557373046875e-07
364,0.00636601448059082,1.6689300537109375e-06,2.384185791015625e-07
365,0.0049419403076171875,1.430511474609375e-06,2.384185791015625e-07
366,0.0069959163665771484,1.9073486328125e-06,2.384185791015625e-07
367,0.008363485336303711,1.9073486328125e-06,2.384185791015625e-07
368,0.009048223495483398,1.9073486328125e-06,4.76837158203125e-07
369,0.009552240371704102,1.9073486328125e-06,2.384185791015625e-07
370,0.007847070693969727,2.1457672119140625e-06,2.384185791015625e-07
371,0.0058116912841796875,1.9073486328125e-06,2.384185791015625e-07
372,0.008980274200439453,1.9073486328125e-06,2.384185791015625e-07
373,0.004915952682495117,1.9073486328125e-06,2.384185791015625e-07
374,0.009274959564208984,1.9073486328125e-06,2.384185791015625e-07
375,0.004186868667602539,1.6689300537109375e-06,2.384185791015625e-07
376,0.006890773773193359,1.6689300537109375e-06,2.384185791015625e-07
377,0.0049059391021728516,1.6689300537109375e-06,4.76837158203125e-07
378,0.006100177764892578,1.6689300537109375e-06,2.384185791015625e-07
379,0.008321762084960938,1.6689300537109375e-06,4.76837158203125e-07
380,0.00790858268737793,1.6689300537109375e-06,2.384185791015625e-07
381,0.004926919937133789,1.6689300537109375e-06,4.76837158203125e-07
382,0.006948709487915039,1.430511474609375e-06,4.76837158203125e-07
383,0.00379180908203125,1.6689300537109375e-06,4.76837158203125e-07
384,0.00700688362121582,1.9073486328125e-06,2.384185791015625e-07
385,0.010894060134887695,1.6689300537109375e-06,4.76837158203125e-07
386,0.005953550338745117,1.6689300537109375e-06,2.384185791015625e-07
387,0.01026463508605957,1.6689300537109375e-06,4.76837158203125e-07
388,0.00919032096862793,1.6689300537109375e-06,2.384185791015625e-07
389,0.007130861282348633,1.6689300537109375e-06,2.384185791015625e-07
390,0.009782791137695312,1.9073486328125e-06,2.384185791015625e-07
391,0.007441520690917969,2.1457672119140625e-06,4.76837158203125e-07
392,0.006539821624755859,1.6689300537109375e-06,2.384185791015625e-07
393,0.01193690299987793,1.6689300537109375e-06,4.76837158203125e-07
394,0.004999637603759766,1.6689300537109375e-06,2.384185791015625e-07
395,0.008030414581298828,1.9073486328125e-06,4.76837158203125e-07
396,0.009295463562011719,2.1457672119140625e-06,2.384185791015625e-07
397,0.010981082916259766,2.1457672119140625e-06,2.384185791015625e-07
398,0.010019302368164062,1.9073486328125e-06,2.384185791015625e-07
399,0.006937503814697266,1.9073486328125e-06,2.384185791015625e-07
400,0.011732816696166992,1.6689300537109375e-06,2.384185791015625e-07
401,0.006685972213745117,1.6689300537109375e-06,2.384185791015625e-07
402,0.006420612335205078,1.6689300537109375e-06,2.384185791015625e-07
403,0.0080413818359375,1.6689300537109375e-06,4.76837158203125e-07
404,0.005820512771606445,2.1457672119140625e-06,4.76837158203125e-07
405,0.008630752563476562,1.6689300537109375e-06,4.76837158203125e-07
406,0.00793600082397461,1.6689300537109375e-06,2.384185791015625e-07
407,0.009824037551879883,1.6689300537109375e-06,2.384185791015625e-07
408,0.006130695343017578,1.6689300537109375e-06,2.384185791015625e-07
409,0.008482933044433594,1.6689300537109375e-06,2.384185791015625e-07
410,0.007478952407836914,1.6689300537109375e-06,4.76837158203125e-07
411,0.006221294403076172,2.384185791015625e-06,2.384185791015625e-07
412,0.009302616119384766,2.1457672119140625e-06,2.384185791015625e-07
413,0.011874198913574219,1.9073486328125e-06,2.384185791015625e-07
414,0.00648188591003418,2.1457672119140625e-06,4.76837158203125e-07
415,0.0067408084869384766,1.9073486328125e-06,2.384185791015625e-07
416,0.007743120193481445,2.1457672119140625e-06,4.76837158203125e-07
417,0.00810694694519043,2.1457672119140625e-06,2.384185791015625e-07
418,0.009707450866699219,2.1457672119140625e-06,2.384185791015625e-07
419,0.007374286651611328,1.9073486328125e-06,2.384185791015625e-07
420,0.008745670318603516,1.6689300537109375e-06,2.384185791015625e-07
421,0.0061795711517333984,1.9073486328125e-06,2.384185791015625e-07
422,0.008417844772338867,1.6689300537109375e-06,2.384185791015625e-07
423,0.005052804946899414,2.384185791015625e-06,2.384185791015625e-07
424,0.010492801666259766,1.6689300537109375e-06,4.76837158203125e-07
425,0.00993037223815918,1.6689300537109375e-06,2.384185791015625e-07
426,0.008025884628295898,2.1457672119140625e-06,2.384185791015625e-07
427,0.005239009857177734,1.6689300537109375e-06,2.384185791015625e-07
428,0.00826716423034668,1.6689300537109375e-06,2.384185791015625e-07
429,0.0059893131256103516,1.9073486328125e-06,2.384185791015625e-07
430,0.005391359329223633,1.9073486328125e-06,2.384185791015625e-07
431,0.00856637954711914,1.9073486328125e-06,4.76837158203125e-07
432,0.009813785552978516,1.9073486328125e-06,2.384185791015625e-07
433,0.0050814151763916016,2.1457672119140625e-06,4.76837158203125e-07
434,0.007129669189453125,1.9073486328125e-06,2.384185791015625e-07
435,0.011016130447387695,1.9073486328125e-06,2.384185791015625e-07
436,0.007390737533569336,2.1457672119140625e-06,2.384185791015625e-07
437,0.007297515869140625,1.9073486328125e-06,4.76837158203125e-07
438,0.01088261604309082,2.1457672119140625e-06,2.384185791015625e-07
439,0.007607460021972656,1.9073486328125e-06,4.76837158203125e-07
440,0.008779764175415039,1.9073486328125e-06,4.76837158203125e-07
441,0.008572578430175781,1.9073486328125e-06,2.384185791015625e-07
442,0.010818004608154297,1.9073486328125e-06,2.384185791015625e-07
443,0.00457453727722168,1.9073486328125e-06,2.384185791015625e-07
444,0.009116888046264648,1.9073486328125e-06,2.384185791015625e-07
445,0.005719423294067383,1.6689300537109375e-06,2.384185791015625e-07
446,0.00849604606628418,1.9073486328125e-06,2.384185791015625e-07
447,0.00938558578491211,1.9073486328125e-06,7.152557373046875e-07
448,0.007603168487548828,1.9073486328125e-06,2.384185791015625e-07
449,0.00876927375793457,2.1457672119140625e-06,4.76837158203125e-07
450,0.005866289138793945,1.9073486328125e-06,4.76837158203125e-07
451,0.007093906402587891,2.1457672119140625e-06,2.384185791015625e-07
452,0.006627798080444336,1.9073486328125e-06,2.384185791015625e-07
453,0.0077211856842041016,1.9073486328125e-06,2.384185791015625e-07
454,0.0050258636474609375,1.9073486328125e-06,2.384185791015625e-07
455,0.010007381439208984,2.1457672119140625e-06,2.384185791015625e-07
456,0.009792089462280273,1.9073486328125e-06,2.384185791015625e-07
457,0.007659196853637695,1.9073486328125e-06,2.384185791015625e-07
458,0.009447574615478516,1.9073486328125e-06,2.384185791015625e-07
459,0.010209798812866211,1.9073486328125e-06,2.384185791015625e-07
460,0.00914144515991211,1.9073486328125e-06,4.76837158203125e-07
461,0.005990028381347656,1.6689300537109375e-06,2.384185791015625e-07
462,0.008577585220336914,1.9073486328125e-06,2.384185791015625e-07
463,0.005508899688720703,1.9073486328125e-06,2.384185791015625e-07
464,0.006707429885864258,2.1457672119140625e-06,2.384185791015625e-07
465,0.007105112075805664,1.9073486328125e-06,7.152557373046875e-07
466,0.009694576263427734,1.6689300537109375e-06,2.384185791015625e-07
467,0.007286787033081055,1.6689300537109375e-06,2.384185791015625e-07
468,0.006766080856323242,1.6689300537109375e-06,4.76837158203125e-07
469,0.006060600280761719,1.6689300537109375e-06,2.384185791015625e-07
470,0.011005878448486328,2.1457672119140625e-06,2.384185791015625e-07
471,0.011173009872436523,1.9073486328125e-06,2.384185791015625e-07
472,0.010767936706542969,2.1457672119140625e-06,2.384185791015625e-07
473,0.005712270736694336,2.1457672119140625e-06,4.76837158203125e-07
474,0.00795435905456543,1.9073486328125e-06,2.384185791015625e-07
475,0.006765127182006836,1.9073486328125e-06,2.384185791015625e-07
476,0.008699655532836914,1.6689300537109375e-06,2.384185791015625e-07
477,0.0057525634765625,1.9073486328125e-06,2.384185791015625e-07
478,0.00807952880859375,1.9073486328125e-06,2.384185791015625e-07
479,0.007146596908569336,1.6689300537109375e-06,2.384185791015625e-07
480,0.007956981658935547,1.6689300537109375e-06,4.76837158203125e-07
481,0.005471706390380859,1.6689300537109375e-06,2.384185791015625e-07
482,0.0062253475189208984,1.9073486328125e-06,2.384185791015625e-07
483,0.012429475784301758,1.6689300537109375e-06,7.152557373046875e-07
484,0.00857853889465332,1.6689300537109375e-06,2.384185791015625e-07
485,0.007107257843017578,1.6689300537109375e-06,4.76837158203125e-07
486,0.007219552993774414,1.6689300537109375e-06,4.76837158203125e-07
487,0.0054590702056884766,1.9073486328125e-06,2.384185791015625e-07
488,0.009749889373779297,2.1457672119140625e-06,7.152557373046875e-07
489,0.008725643157958984,1.9073486328125e-06,4.76837158203125e-07
490,0.010900020599365234,1.9073486328125e-06,4.76837158203125e-07
491,0.008864402770996094,1.9073486328125e-06,2.384185791015625e-07
492,0.007220268249511719,1.9073486328125e-06,2.384185791015625e-07
493,0.00528264045715332,1.9073486328125e-06,2.384185791015625e-07
494,0.005856990814208984,2.1457672119140625e-06,2.384185791015625e-07
495,0.006805896759033203,1.9073486328125e-06,2.384185791015625e-07
496,0.004227876663208008,1.9073486328125e-06,2.384185791015625e-07
497,0.004720926284790039,1.9073486328125e-06,2.384185791015625e-07
498,0.006591081619262695,1.6689300537109375e-06,2.384185791015625e-07
499,0.0062444210052490234,1.9073486328125e-06,2.384185791015625e-07
500,0.005396366119384766,1.9073486328125e-06,2.384185791015625e-07
501,0.006097555160522461,1.6689300537109375e-06,4.76837158203125e-07
502,0.005528926849365234,1.430511474609375e-06,2.384185791015625e-07
503,0.00614166259765625,1.9073486328125e-06,2.384185791015625e-07
504,0.0067059993743896484,2.1457672119140625e-06,2.384185791015625e-07
505,0.007231235504150391,1.9073486328125e-06,2.384185791015625e-07
506,0.004462242126464844,1.6689300537109375e-06,2.384185791015625e-07
507,0.010889768600463867,1.6689300537109375e-06,2.384185791015625e-07
508,0.004941701889038086,1.6689300537109375e-06,2.384185791015625e-07
509,0.0075757503509521484,1.6689300537109375e-06,4.76837158203125e-07
510,0.009500265121459961,1.6689300537109375e-06,7.152557373046875e-07
511,0.009504318237304688,1.6689300537109375e-06,2.384185791015625e-07
512,0.009506464004516602,1.6689300537109375e-06,2.384185791015625e-07
513,0.0075414180755615234,1.6689300537109375e-06,2.384185791015625e-07
514,0.005797147750854492,1.6689300537109375e-06,2.384185791015625e-07
515,0.0113372802734375,1.6689300537109375e-06,4.76837158203125e-07
516,0.008585453033447266,1.6689300537109375e-06,4.76837158203125e-07
517,0.005989789962768555,1.6689300537109375e-06,4.76837158203125e-07
518,0.00739741325378418,1.9073486328125e-06,4.76837158203125e-07
519,0.008572578430175781,1.9073486328125e-06,7.152557373046875e-07
520,0.006375551223754883,1.9073486328125e-06,4.76837158203125e-07
521,0.004112720489501953,2.1457672119140625e-06,2.384185791015625e-07
522,0.012041807174682617,2.1457672119140625e-06,2.384185791015625e-07
523,0.008196115493774414,1.9073486328125e-06,4.76837158203125e-07
524,0.008039474487304688,1.9073486328125e-06,2.384185791015625e-07
525,0.009659051895141602,1.9073486328125e-06,2.384185791015625e-07
526,0.004786491394042969,1.6689300537109375e-06,2.384185791015625e-07
527,0.0076198577880859375,1.6689300537109375e-06,2.384185791015625e-07
528,0.011408090591430664,1.9073486328125e-06,2.384185791015625e-07
529,0.009621381759643555,1.6689300537109375e-06,2.384185791015625e-07
530,0.0075130462646484375,1.9073486328125e-06,2.384185791015625e-07
531,0.009138107299804688,1.9073486328125e-06,4.76837158203125e-07
532,0.007768154144287109,1.6689300537109375e-06,2.384185791015625e-07
533,0.00865626335144043,1.9073486328125e-06,2.384185791015625e-07
534,0.009802103042602539,1.6689300537109375e-06,2.384185791015625e-07
535,0.007460594177246094,1.6689300537109375e-06,2.384185791015625e-07
536,0.010557413101196289,1.9073486328125e-06,2.384185791015625e-07
537,0.006688356399536133,1.6689300537109375e-06,4.76837158203125e-07
538,0.008594274520874023,1.6689300537109375e-06,2.384185791015625e-07
539,0.007153987884521484,1.6689300537109375e-06,2.384185791015625e-07
540,0.005165576934814453,1.9073486328125e-06,2.384185791015625e-07
541,0.010441064834594727,1.430511474609375e-06,7.152557373046875e-07
542,0.008292436599731445,1.6689300537109375e-06,2.384185791015625e-07
543,0.00604557991027832,1.9073486328125e-06,2.384185791015625e-07
544,0.0036678314208984375,1.6689300537109375e-06,2.384185791015625e-07
545,0.006670713424682617,1.6689300537109375e-06,4.76837158203125e-07
546,0.007014036178588867,1.9073486328125e-06,4.76837158203125e-07
547,0.004698514938354492,2.1457672119140625e-06,2.384185791015625e-07
548,0.010667085647583008,1.6689300537109375e-06,2.384185791015625e-07
549,0.006661415100097656,1.9073486328125e-06,2.384185791015625e-07
550,0.01130366325378418,1.9073486328125e-06,4.76837158203125e-07
551,0.005176067352294922,1.9073486328125e-06,2.384185791015625e-07
552,0.010899543762207031,1.9073486328125e-06,2.384185791015625e-07
553,0.005704164505004883,1.9073486328125e-06,2.384185791015625e-07
554,0.005931854248046875,1.9073486328125e-06,2.384185791015625e-07
555,0.008071660995483398,1.6689300537109375e-06,2.384185791015625e-07
556,0.010239362716674805,1.9073486328125e-06,2.384185791015625e-07
557,0.009656190872192383,1.9073486328125e-06,2.384185791015625e-07
558,0.007178306579589844,2.1457672119140625e-06,2.384185791015625e-07
559,0.007489681243896484,1.6689300537109375e-06,4.76837158203125e-07
560,0.0059964656829833984,1.9073486328125e-06,2.384185791015625e-07
561,0.007544994354248047,1.9073486328125e-06,2.384185791015625e-07
562,0.005060434341430664,1.9073486328125e-06,2.384185791015625e-07
563,0.008728504180908203,2.1457672119140625e-06,2.384185791015625e-07
564,0.010078191757202148,1.9073486328125e-06,2.384185791015625e-07
565,0.0085906982421875,2.1457672119140625e-06,2.384185791015625e-07
566,0.009363412857055664,2.1457672119140625e-06,2.384185791015625e-07
567,0.007513284683227539,1.9073486328125e-06,2.384185791015625e-07
568,0.01201939582824707,2.1457672119140625e-06,4.76837158203125e-07
569,0.009374380111694336,1.9073486328125e-06,2.384185791015625e-07
570,0.008961677551269531,1.9073486328125e-06,4.76837158203125e-07
571,0.008769035339355469,1.9073486328125e-06,2.384185791015625e-07
572,0.009532928466796875,1.9073486328125e-06,4.76837158203125e-07
573,0.004825592041015625,1.9073486328125e-06,2.384185791015625e-07
574,0.009007692337036133,2.1457672119140625e-06,2.384185791015625e-07
575,0.0063648223876953125,1.9073486328125e-06,2.384185791015625e-07
576,0.010293245315551758,2.1457672119140625e-06,4.76837158203125e-07
577,0.0077855587005615234,1.9073486328125e-06,2.384185791015625e-07
578,0.008402585983276367,1.9073486328125e-06,2.384185791015625e-07
579,0.00477910041809082,1.9073486328125e-06,4.76837158203125e-07
580,0.009708881378173828,1.9073486328125e-06,4.76837158203125e-07
581,0.0072748661041259766,1.9073486328125e-06,2.384185791015625e-07
582,0.007647275924682617,1.9073486328125e-06,4.76837158203125e-07
583,0.005881786346435547,2.1457672119140625e-06,2.384185791015625e-07
584,0.006020545959472656,2.1457672119140625e-06,2.384185791015625e-07
585,0.007300615310668945,1.6689300537109375e-06,2.384185791015625e-07
586,0.008320093154907227,1.9073486328125e-06,2.384185791015625e-07
587,0.007673978805541992,1.6689300537109375e-06,2.384185791015625e-07
588,0.01045536994934082,1.9073486328125e-06,2.384185791015625e-07
589,0.009711742401123047,1.6689300537109375e-06,2.384185791015625e-07
590,0.00491023063659668,1.6689300537109375e-06,2.384185791015625e-07
591,0.004750251770019531,1.9073486328125e-06,2.384185791015625e-07
592,0.004739284515380859,1.6689300537109375e-06,2.384185791015625e-07
593,0.007276296615600586,1.9073486328125e-06,2.384185791015625e-07
594,0.005380153656005859,1.6689300537109375e-06,2.384185791015625e-07
595,0.008585691452026367,1.6689300537109375e-06,2.384185791015625e-07
596,0.006190299987792969,1.9073486328125e-06,2.384185791015625e-07
597,0.007773399353027344,1.6689300537109375e-06,2.384185791015625e-07
598,0.008813858032226562,1.6689300537109375e-06,4.76837158203125e-07
599,0.008902549743652344,1.9073486328125e-06,2.384185791015625e-07
600,0.00892186164855957,1.430511474609375e-06,4.76837158203125e-07
601,0.007752418518066406,1.9073486328125e-06,2.384185791015625e-07
602,0.00761103630065918,1.430511474609375e-06,4.76837158203125e-07
603,0.00896453857421875,1.6689300537109375e-06,4.76837158203125e-07
604,0.007234334945678711,1.9073486328125e-06,2.384185791015625e-07
605,0.007117033004760742,2.1457672119140625e-06,2.384185791015625e-07
606,0.005425453186035156,2.1457672119140625e-06,2.384185791015625e-07
607,0.007248401641845703,1.9073486328125e-06,2.384185791015625e-07
608,0.009542226791381836,1.9073486328125e-06,2.384185791015625e-07
609,0.00938105583190918,2.1457672119140625e-06,2.384185791015625e-07
610,0.007828712463378906,1.9073486328125e-06,2.384185791015625e-07
611,0.009772062301635742,1.9073486328125e-06,2.384185791015625e-07
612,0.009383916854858398,1.9073486328125e-06,4.76837158203125e-07
613,0.00850987434387207,1.9073486328125e-06,2.384185791015625e-07
614,0.00538945198059082,1.9073486328125e-06,4.76837158203125e-07
615,0.009301900863647461,1.9073486328125e-06,4.76837158203125e-07
616,0.005203962326049805,2.1457672119140625e-06,2.384185791015625e-07
617,0.010046958923339844,1.9073486328125e-06,4.76837158203125e-07
618,0.007004976272583008,1.9073486328125e-06,4.76837158203125e-07
619,0.007581949234008789,1.9073486328125e-06,4.76837158203125e-07
620,0.005270719528198242,1.9073486328125e-06,4.76837158203125e-07
621,0.007691860198974609,1.6689300537109375e-06,4.76837158203125e-07
622,0.009029388427734375,1.6689300537109375e-06,2.384185791015625e-07
623,0.005030155181884766,1.9073486328125e-06,2.384185791015625e-07
624,0.006128549575805664,1.9073486328125e-06,2.384185791015625e-07
625,0.008742570877075195,1.6689300537109375e-06,2.384185791015625e-07
626,0.0064144134521484375,1.6689300537109375e-06,2.384185791015625e-07
627,0.00804901123046875,2.1457672119140625e-06,2.384185791015625e-07
628,0.007306337356567383,1.6689300537109375e-06,2.384185791015625e-07
629,0.010541915893554688,1.6689300537109375e-06,2.384185791015625e-07
630,0.007761955261230469,1.6689300537109375e-06,4.76837158203125e-07
631,0.007318258285522461,1.6689300537109375e-06,2.384185791015625e-07
632,0.004958152770996094,1.9073486328125e-06,2.384185791015625e-07
633,0.007883071899414062,1.6689300537109375e-06,4.76837158203125e-07
634,0.009344339370727539,1.9073486328125e-06,2.384185791015625e-07
635,0.007972955703735352,1.9073486328125e-06,2.384185791015625e-07
636,0.007535219192504883,1.6689300537109375e-06,2.384185791015625e-07
637,0.009265661239624023,1.6689300537109375e-06,2.384185791015625e-07
638,0.011205196380615234,1.6689300537109375e-06,2.384185791015625e-07
639,0.010597705841064453,1.6689300537109375e-06,7.152557373046875e-07
640,0.009060144424438477,1.9073486328125e-06,2.384185791015625e-07
641,0.004063844680786133,1.430511474609375e-06,4.76837158203125e-07
642,0.008564233779907227,1.6689300537109375e-06,4.76837158203125e-07
643,0.005278587341308594,1.6689300537109375e-06,2.384185791015625e-07
644,0.005656719207763672,1.6689300537109375e-06,2.384185791015625e-07
645,0.004362821578979492,1.6689300537109375e-06,2.384185791015625e-07
646,0.006166934967041016,1.9073486328125e-06,2.384185791015625e-07
647,0.009296655654907227,2.1457672119140625e-06,2.384185791015625e-07
648,0.007086753845214844,2.1457672119140625e-06,4.76837158203125e-07
649,0.007753133773803711,1.6689300537109375e-06,2.384185791015625e-07
650,0.010376930236816406,1.6689300537109375e-06,2.384185791015625e-07
651,0.016014814376831055,1.6689300537109375e-06,4.76837158203125e-07
652,0.010209321975708008,1.6689300537109375e-06,4.76837158203125e-07
653,0.006829977035522461,1.6689300537109375e-06,4.76837158203125e-07
654,0.011156797409057617,1.6689300537109375e-06,2.384185791015625e-07
655,0.006289958953857422,1.9073486328125e-06,2.384185791015625e-07
656,0.012480497360229492,1.9073486328125e-06,2.384185791015625e-07
657,0.011722803115844727,1.9073486328125e-06,2.384185791015625e-07
658,0.007842063903808594,1.9073486328125e-06,2.384185791015625e-07
659,0.010020971298217773,2.1457672119140625e-06,2.384185791015625e-07
660,0.011689901351928711,2.1457672119140625e-06,0.0
661,0.010850667953491211,1.9073486328125e-06,4.76837158203125e-07
662,0.007843017578125,1.9073486328125e-06,7.152557373046875e-07
663,0.006279706954956055,1.6689300537109375e-06,2.384185791015625e-07
664,0.01122426986694336,1.9073486328125e-06,2.384185791015625e-07
665,0.009927749633789062,1.9073486328125e-06,4.76837158203125e-07
666,0.0057582855224609375,1.6689300537109375e-06,2.384185791015625e-07
667,0.00635528564453125,1.6689300537109375e-06,7.152557373046875e-07
668,0.007161378860473633,1.6689300537109375e-06,4.76837158203125e-07
669,0.007127046585083008,1.9073486328125e-06,2.384185791015625e-07
670,0.006989240646362305,2.1457672119140625e-06,4.76837158203125e-07
671,0.005642414093017578,2.1457672119140625e-06,7.152557373046875e-07
672,0.012120723724365234,1.9073486328125e-06,2.384185791015625e-07
673,0.00980687141418457,1.9073486328125e-06,2.384185791015625e-07
674,0.01009225845336914,2.1457672119140625e-06,2.384185791015625e-07
675,0.00887751579284668,1.9073486328125e-06,2.384185791015625e-07
676,0.008523702621459961,2.1457672119140625e-06,4.76837158203125e-07
677,0.009179115295410156,1.9073486328125e-06,2.384185791015625e-07
678,0.01013636589050293,1.6689300537109375e-06,4.76837158203125e-07
679,0.008643627166748047,1.6689300537109375e-06,2.384185791015625e-07
680,0.010915756225585938,2.1457672119140625e-06,2.384185791015625e-07
681,0.00769352912902832,1.6689300537109375e-06,2.384185791015625e-07
682,0.00494384765625,1.9073486328125e-06,2.384185791015625e-07
683,0.007877349853515625,1.9073486328125e-06,2.384185791015625e-07
684,0.006674289703369141,1.9073486328125e-06,2.384185791015625e-07
685,0.008591413497924805,2.1457672119140625e-06,4.76837158203125e-07
686,0.00839853286743164,2.1457672119140625e-06,2.384185791015625e-07
687,0.007537364959716797,1.9073486328125e-06,2.384185791015625e-07
688,0.007268667221069336,1.9073486328125e-06,2.384185791015625e-07
689,0.007166385650634766,1.9073486328125e-06,2.384185791015625e-07
690,0.0076389312744140625,2.1457672119140625e-06,2.384185791015625e-07
691,0.007711887359619141,2.1457672119140625e-06,2.384185791015625e-07
692,0.005460977554321289,2.1457672119140625e-06,2.384185791015625e-07
693,0.005894184112548828,2.1457672119140625e-06,2.384185791015625e-07
694,0.007349967956542969,1.9073486328125e-06,4.76837158203125e-07
695,0.007187366485595703,1.9073486328125e-06,2.384185791015625e-07
696,0.008549213409423828,2.1457672119140625e-06,2.384185791015625e-07
697,0.008339643478393555,2.384185791015625e-06,4.76837158203125e-07
698,0.0067517757415771484,2.1457672119140625e-06,7.152557373046875e-07
699,0.005879878997802734,2.1457672119140625e-06,2.384185791015625e-07
700,0.008404254913330078,1.9073486328125e-06,2.384185791015625e-07
701,0.00864863395690918,1.6689300537109375e-06,2.384185791015625e-07
702,0.005182981491088867,1.9073486328125e-06,7.152557373046875e-07
703,0.009672880172729492,1.6689300537109375e-06,2.384185791015625e-07
704,0.009949445724487305,1.9073486328125e-06,2.384185791015625e-07
705,0.00578761100769043,1.9073486328125e-06,2.384185791015625e-07
706,0.0059702396392822266,2.1457672119140625e-06,4.76837158203125e-07
707,0.004938602447509766,2.1457672119140625e-06,2.384185791015625e-07
708,0.006540775299072266,1.6689300537109375e-06,2.384185791015625e-07
709,0.007227420806884766,1.6689300537109375e-06,4.76837158203125e-07
710,0.009509086608886719,1.6689300537109375e-06,4.76837158203125e-07
711,0.008327245712280273,2.1457672119140625e-06,2.384185791015625e-07
712,0.006350994110107422,1.9073486328125e-06,4.76837158203125e-07
713,0.005002260208129883,1.9073486328125e-06,2.384185791015625e-07
714,0.006715536117553711,1.9073486328125e-06,2.384185791015625e-07
715,0.0052642822265625,2.384185791015625e-06,7.152557373046875e-07
716,0.00945138931274414,2.1457672119140625e-06,2.384185791015625e-07
717,0.009882688522338867,2.1457672119140625e-06,2.384185791015625e-07
718,0.010540485382080078,1.9073486328125e-06,2.384185791015625e-07
719,0.009738683700561523,1.9073486328125e-06,2.384185791015625e-07
720,0.0109710693359375,2.1457672119140625e-06,4.76837158203125e-07
721,0.006228446960449219,1.9073486328125e-06,2.384185791015625e-07
722,0.007582664489746094,1.9073486328125e-06,2.384185791015625e-07
723,0.008446931838989258,1.6689300537109375e-06,4.76837158203125e-07
724,0.00708770751953125,2.1457672119140625e-06,4.76837158203125e-07
725,0.006756782531738281,1.6689300537109375e-06,2.384185791015625e-07
726,0.0072629451751708984,1.9073486328125e-06,2.384185791015625e-07
727,0.009189605712890625,1.6689300537109375e-06,2.384185791015625e-07
728,0.009278059005737305,1.6689300537109375e-06,4.76837158203125e-07
729,0.005307674407958984,1.9073486328125e-06,4.76837158203125e-07
730,0.008616924285888672,1.6689300537109375e-06,2.384185791015625e-07
731,0.00499725341796875,1.9073486328125e-06,4.76837158203125e-07
732,0.013862848281860352,2.1457672119140625e-06,2.384185791015625e-07
733,0.01179814338684082,1.9073486328125e-06,2.384185791015625e-07
734,0.006302356719970703,1.6689300537109375e-06,4.76837158203125e-07
735,0.009631872177124023,1.6689300537109375e-06,2.384185791015625e-07
736,0.011007070541381836,1.9073486328125e-06,4.76837158203125e-07
737,0.009374141693115234,1.6689300537109375e-06,2.384185791015625e-07
738,0.008727073669433594,1.6689300537109375e-06,2.384185791015625e-07
739,0.006341218948364258,1.9073486328125e-06,2.384185791015625e-07
740,0.009230613708496094,1.9073486328125e-06,4.76837158203125e-07
741,0.008154630661010742,1.6689300537109375e-06,2.384185791015625e-07
742,0.005814552307128906,1.6689300537109375e-06,2.384185791015625e-07
743,0.009393453598022461,1.9073486328125e-06,2.384185791015625e-07
744,0.009685516357421875,1.9073486328125e-06,2.384185791015625e-07
745,0.00755763053894043,1.6689300537109375e-06,4.76837158203125e-07
746,0.01084756851196289,1.6689300537109375e-06,4.76837158203125e-07
747,0.009883880615234375,1.6689300537109375e-06,4.76837158203125e-07
748,0.009528398513793945,1.6689300537109375e-06,2.384185791015625e-07
749,0.007824182510375977,1.6689300537109375e-06,2.384185791015625e-07
750,0.0065174102783203125,1.6689300537109375e-06,2.384185791015625e-07
751,0.005640268325805664,1.9073486328125e-06,4.76837158203125e-07
752,0.0061266422271728516,1.9073486328125e-06,4.76837158203125e-07
753,0.005617618560791016,1.6689300537109375e-06,2.384185791015625e-07
754,0.0045430660247802734,1.6689300537109375e-06,4.76837158203125e-07
755,0.00370025634765625,1.6689300537109375e-06,2.384185791015625e-07
756,0.005713939666748047,1.6689300537109375e-06,2.384185791015625e-07
757,0.0072591304779052734,1.6689300537109375e-06,2.384185791015625e-07
758,0.006150960922241211,1.6689300537109375e-06,2.384185791015625e-07
759,0.009811878204345703,1.9073486328125e-06,2.384185791015625e-07
760,0.011060714721679688,1.9073486328125e-06,2.384185791015625e-07
761,0.007571697235107422,2.1457672119140625e-06,4.76837158203125e-07
762,0.011716842651367188,1.9073486328125e-06,4.76837158203125e-07
763,0.008041620254516602,2.1457672119140625e-06,2.384185791015625e-07
764,0.009654760360717773,2.1457672119140625e-06,4.76837158203125e-07
765,0.008673667907714844,1.9073486328125e-06,2.384185791015625e-07
766,0.008200645446777344,1.9073486328125e-06,7.152557373046875e-07
767,0.0056285858154296875,2.1457672119140625e-06,2.384185791015625e-07
768,0.007791042327880859,2.1457672119140625e-06,4.76837158203125e-07
769,0.006733894348144531,1.6689300537109375e-06,2.384185791015625e-07
770,0.007094621658325195,1.6689300537109375e-06,2.384185791015625e-07
771,0.008788585662841797,1.6689300537109375e-06,2.384185791015625e-07
772,0.010277509689331055,1.9073486328125e-06,2.384185791015625e-07
773,0.008724689483642578,1.6689300537109375e-06,2.384185791015625e-07
774,0.008840799331665039,1.9073486328125e-06,2.384185791015625e-07
775,0.006892204284667969,1.6689300537109375e-06,4.76837158203125e-07
776,0.004618644714355469,2.7894973754882812e-05,2.384185791015625e-07
777,0.004773616790771484,2.384185791015625e-06,2.384185791015625e-07
778,0.0057108402252197266,1.9073486328125e-06,2.384185791015625e-07
779,0.008405208587646484,2.1457672119140625e-06,2.384185791015625e-07
780,0.002523660659790039,2.6226043701171875e-06,2.384185791015625e-07
781,0.007241725921630859,2.86102294921875e-06,2.384185791015625e-07
782,0.00961446762084961,1.6689300537109375e-06,4.76837158203125e-07
783,0.011943340301513672,1.6689300537109375e-06,2.384185791015625e-07
784,0.009360790252685547,1.6689300537109375e-06,4.76837158203125e-07
785,0.011053800582885742,1.6689300537109375e-06,2.384185791015625e-07
786,0.0051860809326171875,1.6689300537109375e-06,2.384185791015625e-07
787,0.009705781936645508,1.6689300537109375e-06,2.384185791015625e-07
788,0.010437965393066406,1.6689300537109375e-06,2.384185791015625e-07
789,0.009535789489746094,1.6689300537109375e-06,2.384185791015625e-07
790,0.00860285758972168,2.1457672119140625e-06,2.384185791015625e-07
791,0.007088422775268555,2.1457672119140625e-06,2.384185791015625e-07
792,0.00973200798034668,1.9073486328125e-06,2.384185791015625e-07
793,0.008218526840209961,1.9073486328125e-06,4.76837158203125e-07
794,0.0074367523193359375,1.9073486328125e-06,4.76837158203125e-07
795,0.00912022590637207,2.384185791015625e-06,4.76837158203125e-07
796,0.006937503814697266,1.9073486328125e-06,4.76837158203125e-07
797,0.011234283447265625,1.9073486328125e-06,2.384185791015625e-07
798,0.01427149772644043,2.1457672119140625e-06,2.384185791015625e-07
799,0.006535530090332031,1.9073486328125e-06,2.384185791015625e-07
800,0.00554656982421875,1.9073486328125e-06,2.384185791015625e-07
801,0.00812077522277832,2.1457672119140625e-06,2.384185791015625e-07
802,0.007870197296142578,1.9073486328125e-06,4.76837158203125e-07
803,0.003879547119140625,1.9073486328125e-06,2.384185791015625e-07
804,0.004040241241455078,2.1457672119140625e-06,2.384185791015625e-07
805,0.007918357849121094,1.6689300537109375e-06,4.76837158203125e-07
806,0.008752107620239258,2.1457672119140625e-06,2.384185791015625e-07
807,0.008408546447753906,2.384185791015625e-06,2.384185791015625e-07
808,0.006439924240112305,1.9073486328125e-06,2.384185791015625e-07
809,0.009419679641723633,2.1457672119140625e-06,2.384185791015625e-07
810,0.009931087493896484,2.1457672119140625e-06,2.384185791015625e-07
811,0.005494832992553711,2.1457672119140625e-06,4.76837158203125e-07
812,0.0059473514556884766,1.6689300537109375e-06,2.384185791015625e-07
813,0.005753278732299805,1.9073486328125e-06,2.384185791015625e-07
814,0.007749319076538086,1.6689300537109375e-06,2.384185791015625e-07
815,0.00673222541809082,1.6689300537109375e-06,2.384185791015625e-07
816,0.009565353393554688,1.6689300537109375e-06,2.384185791015625e-07
817,0.005690097808837891,2.1457672119140625e-06,4.76837158203125e-07
818,0.0066339969635009766,1.9073486328125e-06,2.384185791015625e-07
819,0.004299163818359375,1.9073486328125e-06,2.384185791015625e-07
820,0.009630680084228516,1.9073486328125e-06,7.152557373046875e-07
821,0.0068817138671875,1.9073486328125e-06,4.76837158203125e-07
822,0.009912729263305664,1.6689300537109375e-06,2.384185791015625e-07
823,0.010496377944946289,1.9073486328125e-06,4.76837158203125e-07
824,0.011016368865966797,1.6689300537109375e-06,7.152557373046875e-07
825,0.009957313537597656,1.9073486328125e-06,7.152557373046875e-07
826,0.007384061813354492,1.9073486328125e-06,4.76837158203125e-07
827,0.007191658020019531,1.6689300537109375e-06,4.76837158203125e-07
828,0.009118795394897461,1.6689300537109375e-06,2.384185791015625e-07
829,0.0055959224700927734,1.9073486328125e-06,2.384185791015625e-07
830,0.0063800811767578125,1.6689300537109375e-06,2.384185791015625e-07
831,0.006842136383056641,1.6689300537109375e-06,2.384185791015625e-07
832,0.009854316711425781,1.6689300537109375e-06,2.384185791015625e-07
833,0.0034532546997070312,2.1457672119140625e-06,4.76837158203125e-07
834,0.009881734848022461,1.9073486328125e-06,4.76837158203125e-07
835,0.009947776794433594,1.6689300537109375e-06,2.384185791015625e-07
836,0.006220817565917969,1.6689300537109375e-06,4.76837158203125e-07
837,0.008801937103271484,1.6689300537109375e-06,2.384185791015625e-07
838,0.005468845367431641,1.6689300537109375e-06,2.384185791015625e-07
839,0.008350610733032227,2.1457672119140625e-06,2.384185791015625e-07
840,0.008352041244506836,1.9073486328125e-06,2.384185791015625e-07
841,0.004786968231201172,2.1457672119140625e-06,2.384185791015625e-07
842,0.006559610366821289,2.1457672119140625e-06,2.384185791015625e-07
843,0.00432133674621582,1.9073486328125e-06,4.76837158203125e-07
844,0.00532841682434082,1.6689300537109375e-06,2.384185791015625e-07
845,0.009101152420043945,2.1457672119140625e-06,2.384185791015625e-07
846,0.003605365753173828,2.384185791015625e-06,2.384185791015625e-07
847,0.005325794219970703,1.6689300537109375e-06,2.384185791015625e-07
848,0.007458686828613281,1.9073486328125e-06,7.152557373046875e-07
849,0.007319211959838867,1.6689300537109375e-06,2.384185791015625e-07
850,0.007833242416381836,1.9073486328125e-06,2.384185791015625e-07
851,0.004284858703613281,1.6689300537109375e-06,2.384185791015625e-07
852,0.008400440216064453,1.6689300537109375e-06,2.384185791015625e-07
853,0.010274887084960938,1.9073486328125e-06,2.384185791015625e-07
854,0.008678674697875977,1.6689300537109375e-06,2.384185791015625e-07
855,0.006024599075317383,1.6689300537109375e-06,2.384185791015625e-07
856,0.008193254470825195,1.9073486328125e-06,2.384185791015625e-07
857,0.009502172470092773,1.6689300537109375e-06,4.76837158203125e-07
858,0.009665489196777344,1.9073486328125e-06,2.384185791015625e-07
859,0.010586023330688477,1.9073486328125e-06,2.384185791015625e-07
860,0.0066187381744384766,1.6689300537109375e-06,4.76837158203125e-07
861,0.006789207458496094,1.9073486328125e-06,4.76837158203125e-07
862,0.00479435920715332,1.9073486328125e-06,2.384185791015625e-07
863,0.006569623947143555,1.6689300537109375e-06,2.384185791015625e-07
864,0.0050106048583984375,1.9073486328125e-06,2.384185791015625e-07
865,0.003164052963256836,2.1457672119140625e-06,2.384185791015625e-07
866,0.003915071487426758,2.1457672119140625e-06,4.76837158203125e-07
867,0.006645679473876953,2.1457672119140625e-06,2.384185791015625e-07
868,0.010182619094848633,1.9073486328125e-06,2.384185791015625e-07
869,0.010524749755859375,1.9073486328125e-06,2.384185791015625e-07
870,0.0056095123291015625,1.6689300537109375e-06,2.384185791015625e-07
871,0.006114959716796875,1.9073486328125e-06,2.384185791015625e-07
872,0.01061701774597168,1.6689300537109375e-06,4.76837158203125e-07
873,0.004323005676269531,1.9073486328125e-06,2.384185791015625e-07
874,0.010281801223754883,1.9073486328125e-06,2.384185791015625e-07
875,0.006583452224731445,1.6689300537109375e-06,4.76837158203125e-07
876,0.009707927703857422,1.6689300537109375e-06,2.384185791015625e-07
877,0.004810810089111328,1.9073486328125e-06,4.76837158203125e-07
878,0.005423307418823242,1.9073486328125e-06,2.384185791015625e-07
879,0.00469207763671875,1.9073486328125e-06,2.384185791015625e-07
880,0.0055010318756103516,2.1457672119140625e-06,4.76837158203125e-07
881,0.004486560821533203,2.1457672119140625e-06,2.384185791015625e-07
882,0.006536245346069336,1.9073486328125e-06,2.384185791015625e-07
883,0.00410008430480957,1.9073486328125e-06,2.384185791015625e-07
884,0.005843639373779297,2.1457672119140625e-06,4.76837158203125e-07
885,0.004409313201904297,1.9073486328125e-06,7.152557373046875e-07
886,0.007717609405517578,1.9073486328125e-06,4.76837158203125e-07
887,0.0049762725830078125,1.9073486328125e-06,2.384185791015625e-07
888,0.010624408721923828,1.9073486328125e-06,2.384185791015625e-07
889,0.006439685821533203,1.6689300537109375e-06,2.384185791015625e-07
890,0.005507469177246094,1.9073486328125e-06,2.384185791015625e-07
891,0.006963253021240234,2.1457672119140625e-06,2.384185791015625e-07
892,0.0037841796875,2.384185791015625e-06,2.384185791015625e-07
893,0.0074367523193359375,1.9073486328125e-06,4.76837158203125e-07
894,0.00643467903137207,2.1457672119140625e-06,7.152557373046875e-07
895,0.0017552375793457031,2.1457672119140625e-06,4.76837158203125e-07
896,0.00400543212890625,2.1457672119140625e-06,4.76837158203125e-07
897,0.0068280696868896484,1.9073486328125e-06,2.384185791015625e-07
898,0.00543522834777832,1.9073486328125e-06,4.76837158203125e-07
899,0.004750490188598633,2.1457672119140625e-06,2.384185791015625e-07
900,0.005240201950073242,2.1457672119140625e-06,2.384185791015625e-07
901,0.006611347198486328,1.6689300537109375e-06,4.76837158203125e-07
902,0.006918668746948242,2.1457672119140625e-06,4.76837158203125e-07
903,0.007198810577392578,1.9073486328125e-06,2.384185791015625e-07
904,0.0044438838958740234,1.9073486328125e-06,4.76837158203125e-07
905,0.004225015640258789,1.9073486328125e-06,2.384185791015625e-07
906,0.0052716732025146484,1.6689300537109375e-06,2.384185791015625e-07
907,0.00561833381652832,1.6689300537109375e-06,4.76837158203125e-07
908,0.003526449203491211,1.9073486328125e-06,4.76837158203125e-07
909,0.003514528274536133,1.9073486328125e-06,4.76837158203125e-07
910,0.0051975250244140625,1.6689300537109375e-06,4.76837158203125e-07
911,0.006665468215942383,1.9073486328125e-06,4.76837158203125e-07
912,0.0056726932525634766,1.6689300537109375e-06,7.152557373046875e-07
913,0.005279541015625,1.6689300537109375e-06,2.384185791015625e-07
914,0.005663394927978516,1.6689300537109375e-06,2.384185791015625e-07
915,0.005116939544677734,1.6689300537109375e-06,2.384185791015625e-07
916,0.005060911178588867,1.6689300537109375e-06,4.76837158203125e-07
917,0.0038847923278808594,1.6689300537109375e-06,2.384185791015625e-07
918,0.006105899810791016,1.6689300537109375e-06,2.384185791015625e-07
919,0.005995750427246094,1.6689300537109375e-06,2.384185791015625e-07
920,0.004660367965698242,1.6689300537109375e-06,4.76837158203125e-07
921,0.005888700485229492,1.6689300537109375e-06,2.384185791015625e-07
922,0.00652313232421875,1.9073486328125e-06,4.76837158203125e-07
923,0.005436420440673828,1.6689300537109375e-06,4.76837158203125e-07
924,0.0056154727935791016,1.6689300537109375e-06,2.384185791015625e-07
925,0.004139423370361328,1.6689300537109375e-06,2.384185791015625e-07
926,0.0063664913177490234,1.6689300537109375e-06,2.384185791015625e-07
927,0.0065801143646240234,1.6689300537109375e-06,2.384185791015625e-07
928,0.003883838653564453,1.6689300537109375e-06,2.384185791015625e-07
929,0.006086826324462891,2.1457672119140625e-06,2.384185791015625e-07
930,0.0035924911499023438,1.9073486328125e-06,4.76837158203125e-07
931,0.005265474319458008,1.6689300537109375e-06,2.384185791015625e-07
932,0.004662275314331055,1.6689300537109375e-06,2.384185791015625e-07
933,0.006181240081787109,2.1457672119140625e-06,2.384185791015625e-07
934,0.0049173831939697266,2.1457672119140625e-06,2.384185791015625e-07
935,0.003626585006713867,1.9073486328125e-06,2.384185791015625e-07
936,0.004784345626831055,1.9073486328125e-06,2.384185791015625e-07
937,0.0031685829162597656,1.9073486328125e-06,2.384185791015625e-07
938,0.00651240348815918,2.1457672119140625e-06,2.384185791015625e-07
939,0.0070705413818359375,1.9073486328125e-06,7.152557373046875e-07
940,0.005557537078857422,2.1457672119140625e-06,2.384185791015625e-07
941,0.005388021469116211,2.1457672119140625e-06,2.384185791015625e-07
942,0.0073816776275634766,1.6689300537109375e-06,2.384185791015625e-07
943,0.007977962493896484,2.1457672119140625e-06,2.384185791015625e-07
944,0.009288549423217773,1.9073486328125e-06,2.384185791015625e-07
945,0.0056896209716796875,1.9073486328125e-06,2.384185791015625e-07
946,0.004197835922241211,2.1457672119140625e-06,2.384185791015625e-07
947,0.00664210319519043,1.9073486328125e-06,4.76837158203125e-07
948,0.006776094436645508,1.9073486328125e-06,2.384185791015625e-07
949,0.006618976593017578,2.1457672119140625e-06,2.384185791015625e-07
950,0.006619453430175781,2.1457672119140625e-06,2.384185791015625e-07
951,0.0069239139556884766,2.1457672119140625e-06,2.384185791015625e-07
952,0.007807254791259766,1.9073486328125e-06,7.152557373046875e-07
953,0.006394863128662109,1.9073486328125e-06,2.384185791015625e-07
954,0.01028132438659668,1.6689300537109375e-06,2.384185791015625e-07
955,0.00699615478515625,1.6689300537109375e-06,2.384185791015625e-07
956,0.009320497512817383,1.9073486328125e-06,2.384185791015625e-07
957,0.007468223571777344,1.6689300537109375e-06,2.384185791015625e-07
958,0.007607221603393555,1.6689300537109375e-06,2.384185791015625e-07
959,0.002599954605102539,1.430511474609375e-06,2.384185791015625e-07
960,0.006121635437011719,1.9073486328125e-06,2.384185791015625e-07
961,0.005213737487792969,1.9073486328125e-06,2.384185791015625e-07
962,0.0074977874755859375,1.9073486328125e-06,2.384185791015625e-07
963,0.002535581588745117,1.9073486328125e-06,2.384185791015625e-07
964,0.004548311233520508,2.1457672119140625e-06,2.384185791015625e-07
965,0.004041433334350586,2.1457672119140625e-06,2.384185791015625e-07
966,0.005458354949951172,1.6689300537109375e-06,7.152557373046875e-07
967,0.005831718444824219,1.9073486328125e-06,4.76837158203125e-07
968,0.004108428955078125,2.1457672119140625e-06,4.76837158203125e-07
969,0.005003452301025391,2.1457672119140625e-06,4.76837158203125e-07
970,0.0049953460693359375,2.1457672119140625e-06,2.384185791015625e-07
971,0.004189729690551758,1.9073486328125e-06,4.76837158203125e-07
972,0.006394624710083008,2.1457672119140625e-06,4.76837158203125e-07
973,0.004183292388916016,1.9073486328125e-06,2.384185791015625e-07
974,0.005936861038208008,2.1457672119140625e-06,2.384185791015625e-07
975,0.0030107498168945312,2.1457672119140625e-06,2.384185791015625e-07
976,0.0026025772094726562,2.1457672119140625e-06,2.384185791015625e-07
977,0.003087282180786133,1.9073486328125e-06,4.76837158203125e-07
978,0.0032165050506591797,1.9073486328125e-06,4.76837158203125e-07
979,0.005866289138793945,1.9073486328125e-06,7.152557373046875e-07
980,0.004523754119873047,1.9073486328125e-06,2.384185791015625e-07
981,0.005743265151977539,1.9073486328125e-06,2.384185791015625e-07
982,0.004431486129760742,2.1457672119140625e-06,2.384185791015625e-07
983,0.0036008358001708984,1.9073486328125e-06,2.384185791015625e-07
984,0.0076634883880615234,2.1457672119140625e-06,2.384185791015625e-07
985,0.005383729934692383,1.9073486328125e-06,2.384185791015625e-07
986,0.009064197540283203,1.9073486328125e-06,2.384185791015625e-07
987,0.010121345520019531,1.9073486328125e-06,2.384185791015625e-07
988,0.007288455963134766,2.1457672119140625e-06,4.76837158203125e-07
989,0.008402585983276367,2.1457672119140625e-06,4.76837158203125e-07
990,0.010790824890136719,2.1457672119140625e-06,2.384185791015625e-07
991,0.00806283950805664,2.1457672119140625e-06,2.384185791015625e-07
992,0.006422758102416992,1.9073486328125e-06,2.384185791015625e-07
993,0.008151769638061523,1.9073486328125e-06,2.384185791015625e-07
994,0.009757518768310547,2.1457672119140625e-06,2.384185791015625e-07
995,0.0060939788818359375,2.1457672119140625e-06,2.384185791015625e-07
996,0.005980253219604492,2.1457672119140625e-06,2.384185791015625e-07
997,0.0021839141845703125,1.9073486328125e-06,2.384185791015625e-07
998,0.004372358322143555,1.9073486328125e-06,2.384185791015625e-07
999,0.003741025924682617,1.9073486328125e-06,2.384185791015625e-07
1000,0.00451207160949707,2.1457672119140625e-06,2.384185791015625e-07
1001,0.0040166378021240234,2.1457672119140625e-06,7.152557373046875e-07
1002,0.00692439079284668,1.6689300537109375e-06,2.384185791015625e-07
1003,0.005600929260253906,1.6689300537109375e-06,2.384185791015625e-07
1004,0.005526304244995117,1.6689300537109375e-06,2.384185791015625e-07
1005,0.005265235900878906,1.6689300537109375e-06,2.384185791015625e-07
1006,0.004571437835693359,1.6689300537109375e-06,2.384185791015625e-07
1007,0.004930734634399414,1.9073486328125e-06,2.384185791015625e-07
1008,0.004006624221801758,1.9073486328125e-06,2.384185791015625e-07
1009,0.005213022232055664,1.6689300537109375e-06,7.152557373046875e-07
1010,0.006308078765869141,1.6689300537109375e-06,4.76837158203125e-07
1011,0.005829334259033203,1.6689300537109375e-06,4.76837158203125e-07
1012,0.007495403289794922,1.9073486328125e-06,2.384185791015625e-07
1013,0.005573749542236328,1.6689300537109375e-06,2.384185791015625e-07
1014,0.0071370601654052734,1.6689300537109375e-06,2.384185791015625e-07
1015,0.004979372024536133,1.9073486328125e-06,2.384185791015625e-07
1016,0.007262468338012695,1.9073486328125e-06,2.384185791015625e-07
1017,0.003998279571533203,1.6689300537109375e-06,2.384185791015625e-07
1018,0.006513833999633789,1.9073486328125e-06,4.76837158203125e-07
1019,0.007556438446044922,1.6689300537109375e-06,2.384185791015625e-07
1020,0.004339456558227539,1.6689300537109375e-06,2.384185791015625e-07
1021,0.005300760269165039,1.6689300537109375e-06,4.76837158203125e-07
1022,0.005660533905029297,1.9073486328125e-06,4.76837158203125e-07
1023,0.006014823913574219,1.9073486328125e-06,2.384185791015625e-07
1024,0.007023334503173828,1.9073486328125e-06,2.384185791015625e-07
1025,0.0034110546112060547,1.6689300537109375e-06,2.384185791015625e-07
1026,0.004723548889160156,2.1457672119140625e-06,2.384185791015625e-07
1027,0.007729768753051758,1.9073486328125e-06,4.76837158203125e-07
1028,0.01031637191772461,1.6689300537109375e-06,2.384185791015625e-07
1029,0.006984710693359375,1.6689300537109375e-06,2.384185791015625e-07
1030,0.009079694747924805,1.6689300537109375e-06,2.384185791015625e-07
1031,0.007869243621826172,1.6689300537109375e-06,2.384185791015625e-07
1032,0.008719682693481445,1.6689300537109375e-06,2.384185791015625e-07
1033,0.007353305816650391,1.6689300537109375e-06,4.76837158203125e-07
1034,0.010192394256591797,1.6689300537109375e-06,2.384185791015625e-07
1035,0.006232738494873047,1.9073486328125e-06,2.384185791015625e-07
1036,0.0072174072265625,1.9073486328125e-06,2.384185791015625e-07
1037,0.008695363998413086,1.9073486328125e-06,2.384185791015625e-07
1038,0.009165287017822266,1.6689300537109375e-06,2.384185791015625e-07
1039,0.007443904876708984,1.9073486328125e-06,4.76837158203125e-07
1040,0.0062618255615234375,1.6689300537109375e-06,7.152557373046875e-07
1041,0.008243083953857422,1.6689300537109375e-06,2.384185791015625e-07
1042,0.009351491928100586,1.6689300537109375e-06,2.384185791015625e-07
1043,0.007275581359863281,1.9073486328125e-06,2.384185791015625e-07
1044,0.007432460784912109,1.6689300537109375e-06,4.76837158203125e-07
1045,0.009667396545410156,1.6689300537109375e-06,2.384185791015625e-07
1046,0.006304502487182617,1.6689300537109375e-06,2.384185791015625e-07
1047,0.005338430404663086,1.9073486328125e-06,2.384185791015625e-07
1048,0.008214235305786133,1.9073486328125e-06,2.384185791015625e-07
1049,0.005889892578125,1.6689300537109375e-06,7.152557373046875e-07
1050,0.00708460807800293,1.6689300537109375e-06,2.384185791015625e-07
1051,0.008345842361450195,1.9073486328125e-06,2.384185791015625e-07
1052,0.007045745849609375,1.6689300537109375e-06,2.384185791015625e-07
1053,0.00990605354309082,1.6689300537109375e-06,2.384185791015625e-07
1054,0.008574485778808594,1.9073486328125e-06,4.76837158203125e-07
1055,0.004250526428222656,1.9073486328125e-06,2.384185791015625e-07
1056,0.00879979133605957,1.6689300537109375e-06,2.384185791015625e-07
1057,0.006936073303222656,1.6689300537109375e-06,2.384185791015625e-07
1058,0.007610321044921875,1.6689300537109375e-06,2.384185791015625e-07
1059,0.009042024612426758,1.6689300537109375e-06,4.76837158203125e-07
1060,0.0061664581298828125,1.6689300537109375e-06,4.76837158203125e-07
1061,0.010309457778930664,1.9073486328125e-06,4.76837158203125e-07
1062,0.010221242904663086,1.6689300537109375e-06,4.76837158203125e-07
1063,0.008454322814941406,1.9073486328125e-06,7.152557373046875e-07
1064,0.006786823272705078,1.9073486328125e-06,4.76837158203125e-07
1065,0.007697105407714844,1.9073486328125e-06,4.76837158203125e-07
1066,0.0068187713623046875,1.6689300537109375e-06,4.76837158203125e-07
1067,0.009958028793334961,1.9073486328125e-06,2.384185791015625e-07
1068,0.009218454360961914,2.1457672119140625e-06,2.384185791015625e-07
1069,0.011492013931274414,2.1457672119140625e-06,2.384185791015625e-07
1070,0.010264873504638672,1.9073486328125e-06,2.384185791015625e-07
1071,0.008788108825683594,1.9073486328125e-06,2.384185791015625e-07
1072,0.004848957061767578,1.9073486328125e-06,4.76837158203125e-07
1073,0.008057832717895508,1.9073486328125e-06,2.384185791015625e-07
1074,0.009382247924804688,2.1457672119140625e-06,2.384185791015625e-07
1075,0.008992195129394531,1.9073486328125e-06,2.384185791015625e-07
1076,0.0064487457275390625,2.1457672119140625e-06,4.76837158203125e-07
1077,0.008137226104736328,2.1457672119140625e-06,2.384185791015625e-07
1078,0.007328033447265625,1.9073486328125e-06,4.76837158203125e-07
1079,0.006903171539306641,1.9073486328125e-06,2.384185791015625e-07
1080,0.007547616958618164,2.1457672119140625e-06,4.76837158203125e-07
1081,0.00613093376159668,1.9073486328125e-06,2.384185791015625e-07
1082,0.00624537467956543,1.9073486328125e-06,2.384185791015625e-07
1083,0.0034148693084716797,1.9073486328125e-06,2.384185791015625e-07
1084,0.005374908447265625,1.9073486328125e-06,2.384185791015625e-07
1085,0.004191398620605469,1.9073486328125e-06,2.384185791015625e-07
1086,0.004568815231323242,2.1457672119140625e-06,2.384185791015625e-07
1087,0.003250598907470703,2.1457672119140625e-06,2.384185791015625e-07
1088,0.004233837127685547,2.1457672119140625e-06,2.384185791015625e-07
1089,0.0058345794677734375,2.1457672119140625e-06,2.384185791015625e-07
1090,0.0030891895294189453,2.1457672119140625e-06,4.76837158203125e-07
1091,0.004787921905517578,2.1457672119140625e-06,2.384185791015625e-07
1092,0.006989955902099609,1.9073486328125e-06,2.384185791015625e-07
1093,0.0064945220947265625,1.9073486328125e-06,4.76837158203125e-07
1094,0.0053064823150634766,1.9073486328125e-06,2.384185791015625e-07
1095,0.004163026809692383,1.6689300537109375e-06,2.384185791015625e-07
1096,0.004701852798461914,2.1457672119140625e-06,2.384185791015625e-07
1097,0.004115104675292969,1.9073486328125e-06,2.384185791015625e-07
1098,0.0040476322174072266,1.9073486328125e-06,4.76837158203125e-07
1099,0.004979848861694336,1.9073486328125e-06,4.76837158203125e-07
1100,0.0048754215240478516,1.9073486328125e-06,4.76837158203125e-07
1101,0.004823207855224609,1.9073486328125e-06,2.384185791015625e-07
1102,0.0022432804107666016,1.9073486328125e-06,2.384185791015625e-07
1103,0.005507707595825195,1.9073486328125e-06,2.384185791015625e-07
1104,0.004656314849853516,1.9073486328125e-06,2.384185791015625e-07
1105,0.005778312683105469,1.9073486328125e-06,4.76837158203125e-07
1106,0.00547480583190918,2.384185791015625e-06,2.384185791015625e-07
1107,0.00536036491394043,1.9073486328125e-06,2.384185791015625e-07
1108,0.004178285598754883,1.9073486328125e-06,4.76837158203125e-07
1109,0.0053708553314208984,1.9073486328125e-06,2.384185791015625e-07
1110,0.006670713424682617,1.9073486328125e-06,2.384185791015625e-07
1111,0.004147529602050781,1.9073486328125e-06,2.384185791015625e-07
1112,0.006003856658935547,1.6689300537109375e-06,2.384185791015625e-07
1113,0.00533604621887207,1.6689300537109375e-06,4.76837158203125e-07
1114,0.003930568695068359,1.6689300537109375e-06,4.76837158203125e-07
1115,0.005099058151245117,1.9073486328125e-06,2.384185791015625e-07
1116,0.005209922790527344,1.6689300537109375e-06,2.384185791015625e-07
1117,0.006319999694824219,1.9073486328125e-06,2.384185791015625e-07
1118,0.010024547576904297,1.9073486328125e-06,2.384185791015625e-07
1119,0.008085250854492188,1.6689300537109375e-06,2.384185791015625e-07
1120,0.005751848220825195,2.1457672119140625e-06,2.384185791015625e-07
1121,0.0075702667236328125,1.6689300537109375e-06,4.76837158203125e-07
1122,0.006014108657836914,1.9073486328125e-06,2.384185791015625e-07
1123,0.00586700439453125,1.6689300537109375e-06,2.384185791015625e-07
1124,0.004813671112060547,1.6689300537109375e-06,2.384185791015625e-07
1125,0.004615068435668945,1.9073486328125e-06,2.384185791015625e-07
1126,0.0036864280700683594,1.6689300537109375e-06,2.384185791015625e-07
1127,0.005146503448486328,1.6689300537109375e-06,2.384185791015625e-07
1128,0.00696873664855957,1.6689300537109375e-06,2.384185791015625e-07
1129,0.006844282150268555,1.6689300537109375e-06,2.384185791015625e-07
1130,0.0044519901275634766,1.6689300537109375e-06,2.384185791015625e-07
1131,0.005441427230834961,1.9073486328125e-06,2.384185791015625e-07
1132,0.005145072937011719,1.9073486328125e-06,2.384185791015625e-07
1133,0.0050661563873291016,1.6689300537109375e-06,2.384185791015625e-07
1134,0.006443500518798828,1.9073486328125e-06,2.384185791015625e-07
1135,0.006182670593261719,1.6689300537109375e-06,4.76837158203125e-07
1136,0.007948875427246094,1.6689300537109375e-06,2.384185791015625e-07
1137,0.006635904312133789,1.6689300537109375e-06,4.76837158203125e-07
1138,0.004987001419067383,1.6689300537109375e-06,2.384185791015625e-07
1139,0.006677150726318359,1.9073486328125e-06,2.384185791015625e-07
1140,0.0070459842681884766,1.9073486328125e-06,2.384185791015625e-07
1141,0.005293607711791992,1.6689300537109375e-06,2.384185791015625e-07
1142,0.009787797927856445,1.6689300537109375e-06,2.384185791015625e-07
1143,0.006544351577758789,1.430511474609375e-06,2.384185791015625e-07
1144,0.005122661590576172,1.6689300537109375e-06,4.76837158203125e-07
1145,0.008062124252319336,1.9073486328125e-06,2.384185791015625e-07
1146,0.006066322326660156,1.6689300537109375e-06,2.384185791015625e-07
1147,0.006135225296020508,2.1457672119140625e-06,4.76837158203125e-07
1148,0.00618290901184082,1.9073486328125e-06,4.76837158203125e-07
1149,0.0060880184173583984,1.9073486328125e-06,2.384185791015625e-07
1150,0.006973743438720703,1.9073486328125e-06,2.384185791015625e-07
1151,0.006269216537475586,1.9073486328125e-06,2.384185791015625e-07
1152,0.006857872009277344,2.1457672119140625e-06,2.384185791015625e-07
1153,0.005236387252807617,2.1457672119140625e-06,2.384185791015625e-07
1154,0.007614850997924805,1.9073486328125e-06,2.384185791015625e-07
1155,0.00713801383972168,1.9073486328125e-06,2.384185791015625e-07
1156,0.004328727722167969,1.9073486328125e-06,2.384185791015625e-07
1157,0.007165193557739258,1.9073486328125e-06,4.76837158203125e-07
1158,0.004029989242553711,1.9073486328125e-06,2.384185791015625e-07
1159,0.005380392074584961,1.9073486328125e-06,2.384185791015625e-07
1160,0.007343769073486328,1.9073486328125e-06,2.384185791015625e-07
1161,0.009113550186157227,1.9073486328125e-06,2.384185791015625e-07
1162,0.008200883865356445,1.9073486328125e-06,4.76837158203125e-07
1163,0.011291980743408203,1.9073486328125e-06,2.384185791015625e-07
1164,0.008630752563476562,2.1457672119140625e-06,2.384185791015625e-07
1165,0.008795499801635742,2.1457672119140625e-06,2.384185791015625e-07
1166,0.007653951644897461,1.9073486328125e-06,2.384185791015625e-07
1167,0.005367279052734375,2.1457672119140625e-06,2.384185791015625e-07
1168,0.0077915191650390625,2.1457672119140625e-06,2.384185791015625e-07
1169,0.005862236022949219,1.9073486328125e-06,2.384185791015625e-07
1170,0.00578761100769043,2.384185791015625e-06,2.384185791015625e-07
1171,0.0076673030853271484,2.1457672119140625e-06,7.152557373046875e-07
1172,0.010355234146118164,1.9073486328125e-06,2.384185791015625e-07
1173,0.010931730270385742,1.9073486328125e-06,4.76837158203125e-07
1174,0.007442951202392578,1.9073486328125e-06,4.76837158203125e-07
1175,0.006684064865112305,1.9073486328125e-06,2.384185791015625e-07
1176,0.010018110275268555,1.9073486328125e-06,2.384185791015625e-07
1177,0.008297920227050781,1.9073486328125e-06,2.384185791015625e-07
1178,0.006830453872680664,1.9073486328125e-06,7.152557373046875e-07
1179,0.0077056884765625,2.1457672119140625e-06,7.152557373046875e-07
1180,0.011074066162109375,1.6689300537109375e-06,4.76837158203125e-07
1181,0.01055598258972168,1.6689300537109375e-06,4.76837158203125e-07
1182,0.00649261474609375,1.6689300537109375e-06,2.384185791015625e-07
1183,0.010215282440185547,1.6689300537109375e-06,2.384185791015625e-07
1184,0.005099058151245117,1.9073486328125e-06,2.384185791015625e-07
1185,0.005921363830566406,1.6689300537109375e-06,2.384185791015625e-07
1186,0.0061910152435302734,1.9073486328125e-06,2.384185791015625e-07
1187,0.009635686874389648,1.6689300537109375e-06,2.384185791015625e-07
1188,0.007474422454833984,1.9073486328125e-06,4.76837158203125e-07
1189,0.006268739700317383,1.6689300537109375e-06,2.384185791015625e-07
1190,0.010519266128540039,1.9073486328125e-06,2.384185791015625e-07
1191,0.010460376739501953,2.1457672119140625e-06,2.384185791015625e-07
1192,0.005204439163208008,1.9073486328125e-06,2.384185791015625e-07
1193,0.005351066589355469,1.9073486328125e-06,2.384185791015625e-07
1194,0.010821104049682617,1.9073486328125e-06,2.384185791015625e-07
1195,0.008543252944946289,1.9073486328125e-06,4.76837158203125e-07
1196,0.009883880615234375,2.1457672119140625e-06,2.384185791015625e-07
1197,0.007513999938964844,2.1457672119140625e-06,4.76837158203125e-07
1198,0.005496025085449219,1.9073486328125e-06,2.384185791015625e-07
1199,0.005735874176025391,1.9073486328125e-06,2.384185791015625e-07
1200,0.005703926086425781,2.1457672119140625e-06,2.384185791015625e-07
1201,0.006132841110229492,2.1457672119140625e-06,7.152557373046875e-07
1202,0.009830951690673828,1.9073486328125e-06,4.76837158203125e-07
1203,0.009839773178100586,1.9073486328125e-06,2.384185791015625e-07
1204,0.008826255798339844,2.1457672119140625e-06,4.76837158203125e-07
1205,0.007128000259399414,1.6689300537109375e-06,2.384185791015625e-07
1206,0.007769346237182617,1.6689300537109375e-06,2.384185791015625e-07
1207,0.008516550064086914,2.1457672119140625e-06,4.76837158203125e-07
1208,0.00658726692199707,2.1457672119140625e-06,7.152557373046875e-07
1209,0.009804725646972656,1.9073486328125e-06,2.384185791015625e-07
1210,0.010524272918701172,2.1457672119140625e-06,4.76837158203125e-07
1211,0.006687164306640625,1.6689300537109375e-06,2.384185791015625e-07
1212,0.006203174591064453,2.1457672119140625e-06,4.76837158203125e-07
1213,0.006542682647705078,2.1457672119140625e-06,2.384185791015625e-07
1214,0.005294084548950195,2.1457672119140625e-06,2.384185791015625e-07
1215,0.0064105987548828125,2.1457672119140625e-06,4.76837158203125e-07
1216,0.008295774459838867,2.1457672119140625e-06,2.384185791015625e-07
1217,0.005161762237548828,1.9073486328125e-06,4.76837158203125e-07
1218,0.010490894317626953,1.9073486328125e-06,2.384185791015625e-07
1219,0.011574983596801758,1.9073486328125e-06,2.384185791015625e-07
1220,0.007436990737915039,1.9073486328125e-06,2.384185791015625e-07
1221,0.008275270462036133,2.1457672119140625e-06,4.76837158203125e-07
1222,0.00487828254699707,1.9073486328125e-06,2.384185791015625e-07
1223,0.007386445999145508,1.9073486328125e-06,2.384185791015625e-07
1224,0.009404182434082031,1.9073486328125e-06,4.76837158203125e-07
1225,0.00589442253112793,1.9073486328125e-06,2.384185791015625e-07
1226,0.006939888000488281,1.9073486328125e-06,4.76837158203125e-07
1227,0.0065615177154541016,1.6689300537109375e-06,2.384185791015625e-07
1228,0.01020193099975586,1.6689300537109375e-06,2.384185791015625e-07
1229,0.008909463882446289,1.6689300537109375e-06,2.384185791015625e-07
1230,0.004670619964599609,1.6689300537109375e-06,2.384185791015625e-07
1231,0.0068836212158203125,1.9073486328125e-06,2.384185791015625e-07
1232,0.0074443817138671875,1.9073486328125e-06,2.384185791015625e-07
1233,0.008244037628173828,1.9073486328125e-06,2.384185791015625e-07
1234,0.00592041015625,1.6689300537109375e-06,2.384185791015625e-07
1235,0.006955385208129883,1.9073486328125e-06,4.76837158203125e-07
1236,0.006897926330566406,2.1457672119140625e-06,2.384185791015625e-07
1237,0.01151132583618164,2.1457672119140625e-06,2.384185791015625e-07
1238,0.005637168884277344,2.1457672119140625e-06,2.384185791015625e-07
1239,0.00820469856262207,2.1457672119140625e-06,2.384185791015625e-07
1240,0.009314775466918945,2.1457672119140625e-06,2.384185791015625e-07
1241,0.00755620002746582,1.9073486328125e-06,4.76837158203125e-07
1242,0.007197141647338867,2.1457672119140625e-06,2.384185791015625e-07
1243,0.004536151885986328,1.9073486328125e-06,2.384185791015625e-07
1244,0.005086660385131836,1.9073486328125e-06,2.384185791015625e-07
1245,0.0067403316497802734,1.6689300537109375e-06,2.384185791015625e-07
1246,0.007149934768676758,1.6689300537109375e-06,2.384185791015625e-07
1247,0.00780034065246582,1.9073486328125e-06,2.384185791015625e-07
1248,0.009084224700927734,2.1457672119140625e-06,2.384185791015625e-07
1249,0.008085012435913086,1.9073486328125e-06,2.384185791015625e-07
1250,0.010031461715698242,1.6689300537109375e-06,2.384185791015625e-07
1251,0.004178762435913086,1.9073486328125e-06,2.384185791015625e-07
1252,0.01039266586303711,1.9073486328125e-06,2.384185791015625e-07
1253,0.008338212966918945,1.9073486328125e-06,2.384185791015625e-07
1254,0.0059087276458740234,2.1457672119140625e-06,2.384185791015625e-07
1255,0.005002498626708984,1.9073486328125e-06,4.76837158203125e-07
1256,0.03199887275695801,1.9073486328125e-06,2.384185791015625e-07
1257,0.006503582000732422,1.9073486328125e-06,7.152557373046875e-07
1258,0.009117841720581055,1.9073486328125e-06,4.76837158203125e-07
1259,0.008012056350708008,1.9073486328125e-06,2.384185791015625e-07
1260,0.010343551635742188,1.9073486328125e-06,4.76837158203125e-07
1261,0.018465042114257812,1.9073486328125e-06,2.384185791015625e-07
1262,0.010607004165649414,2.1457672119140625e-06,2.384185791015625e-07
1263,0.007606029510498047,1.9073486328125e-06,2.384185791015625e-07
1264,0.008945941925048828,1.9073486328125e-06,2.384185791015625e-07
1265,0.007612705230712891,2.1457672119140625e-06,2.384185791015625e-07
1266,0.007519245147705078,2.1457672119140625e-06,2.384185791015625e-07
1267,0.010526180267333984,1.9073486328125e-06,2.384185791015625e-07
1268,0.0057561397552490234,2.1457672119140625e-06,2.384185791015625e-07
1269,0.009522199630737305,2.1457672119140625e-06,2.384185791015625e-07
1270,0.0074405670166015625,2.1457672119140625e-06,2.384185791015625e-07
1271,0.010254144668579102,1.9073486328125e-06,2.384185791015625e-07
1272,0.010538816452026367,1.9073486328125e-06,4.76837158203125e-07
1273,0.010619163513183594,2.1457672119140625e-06,2.384185791015625e-07
1274,0.0063059329986572266,1.9073486328125e-06,2.384185791015625e-07
1275,0.007806062698364258,1.9073486328125e-06,2.384185791015625e-07
1276,0.002643585205078125,1.9073486328125e-06,4.76837158203125e-07
1277,0.007700920104980469,2.1457672119140625e-06,2.384185791015625e-07
1278,0.005869626998901367,2.1457672119140625e-06,2.384185791015625e-07
1279,0.008849620819091797,1.9073486328125e-06,2.384185791015625e-07
1280,0.009670019149780273,1.9073486328125e-06,2.384185791015625e-07
1281,0.011076927185058594,2.1457672119140625e-06,4.76837158203125e-07
1282,0.0058858394622802734,2.1457672119140625e-06,2.384185791015625e-07
1283,0.007810831069946289,1.9073486328125e-06,7.152557373046875e-07
1284,0.007096767425537109,1.9073486328125e-06,2.384185791015625e-07
1285,0.005254030227661133,1.9073486328125e-06,2.384185791015625e-07
1286,0.007124185562133789,2.384185791015625e-06,2.384185791015625e-07
1287,0.008800268173217773,1.9073486328125e-06,2.384185791015625e-07
1288,0.008924722671508789,1.9073486328125e-06,2.384185791015625e-07
1289,0.008536338806152344,1.9073486328125e-06,2.384185791015625e-07
1290,0.005396604537963867,2.1457672119140625e-06,2.384185791015625e-07
1291,0.0054318904876708984,1.9073486328125e-06,2.384185791015625e-07
1292,0.0033111572265625,2.1457672119140625e-06,4.76837158203125e-07
1293,0.005725383758544922,1.9073486328125e-06,2.384185791015625e-07
1294,0.005800962448120117,1.9073486328125e-06,2.384185791015625e-07
1295,0.005040884017944336,2.384185791015625e-06,2.384185791015625e-07
1296,0.005369424819946289,2.1457672119140625e-06,2.384185791015625e-07
1297,0.006464958190917969,1.9073486328125e-06,2.384185791015625e-07
1298,0.005458831787109375,2.1457672119140625e-06,2.384185791015625e-07
1299,0.005376338958740234,1.9073486328125e-06,2.384185791015625e-07
1300,0.004588127136230469,1.9073486328125e-06,2.384185791015625e-07
1301,0.010031700134277344,1.9073486328125e-06,2.384185791015625e-07
1302,0.006836891174316406,2.1457672119140625e-06,2.384185791015625e-07
1303,0.010900259017944336,2.1457672119140625e-06,2.384185791015625e-07
1304,0.008101701736450195,1.9073486328125e-06,4.76837158203125e-07
1305,0.007688999176025391,1.9073486328125e-06,2.384185791015625e-07
1306,0.0073812007904052734,1.9073486328125e-06,4.76837158203125e-07
1307,0.005121707916259766,2.1457672119140625e-06,4.76837158203125e-07
1308,0.00937032699584961,2.1457672119140625e-06,4.76837158203125e-07
1309,0.008199453353881836,1.9073486328125e-06,2.384185791015625e-07
1310,0.005796670913696289,1.9073486328125e-06,2.384185791015625e-07
1311,0.0065517425537109375,1.9073486328125e-06,2.384185791015625e-07
1312,0.006804943084716797,2.1457672119140625e-06,2.384185791015625e-07
1313,0.005808353424072266,1.9073486328125e-06,4.76837158203125e-07
1314,0.010554313659667969,2.1457672119140625e-06,2.384185791015625e-07
1315,0.004290580749511719,1.9073486328125e-06,7.152557373046875e-07
1316,0.00760960578918457,2.1457672119140625e-06,4.76837158203125e-07
1317,0.0071773529052734375,2.1457672119140625e-06,2.384185791015625e-07
1318,0.004925727844238281,2.1457672119140625e-06,2.384185791015625e-07
1319,0.0046465396881103516,1.9073486328125e-06,4.76837158203125e-07
1320,0.005511283874511719,1.9073486328125e-06,2.384185791015625e-07
1321,0.009462833404541016,1.9073486328125e-06,2.384185791015625e-07
1322,0.004399538040161133,1.9073486328125e-06,2.384185791015625e-07
1323,0.0071909427642822266,2.1457672119140625e-06,2.384185791015625e-07
1324,0.007714033126831055,1.9073486328125e-06,2.384185791015625e-07
1325,0.004974365234375,1.9073486328125e-06,2.384185791015625e-07
1326,0.008111238479614258,1.9073486328125e-06,2.384185791015625e-07
1327,0.005579233169555664,2.1457672119140625e-06,4.76837158203125e-07
1328,0.007478237152099609,2.1457672119140625e-06,2.384185791015625e-07
1329,0.007441520690917969,1.9073486328125e-06,2.384185791015625e-07
1330,0.008374214172363281,1.6689300537109375e-06,2.384185791015625e-07
1331,0.007695913314819336,1.9073486328125e-06,2.384185791015625e-07
1332,0.006963968276977539,1.9073486328125e-06,2.384185791015625e-07
1333,0.005414724349975586,1.9073486328125e-06,2.384185791015625e-07
1334,0.0052642822265625,2.1457672119140625e-06,4.76837158203125e-07
1335,0.005231142044067383,2.1457672119140625e-06,2.384185791015625e-07
1336,0.008146286010742188,1.9073486328125e-06,2.384185791015625e-07
1337,0.0042188167572021484,2.1457672119140625e-06,2.384185791015625e-07
1338,0.004393339157104492,1.9073486328125e-06,2.384185791015625e-07
1339,0.005067348480224609,2.1457672119140625e-06,2.384185791015625e-07
1340,0.0024077892303466797,1.9073486328125e-06,4.76837158203125e-07
1341,0.003397703170776367,1.9073486328125e-06,2.384185791015625e-07
1342,0.004680633544921875,2.1457672119140625e-06,7.152557373046875e-07
1343,0.0030486583709716797,2.1457672119140625e-06,2.384185791015625e-07
1344,0.005628824234008789,1.9073486328125e-06,2.384185791015625e-07
1345,0.005019187927246094,1.9073486328125e-06,4.76837158203125e-07
1346,0.0075299739837646484,1.9073486328125e-06,7.152557373046875e-07
1347,0.0062618255615234375,1.6689300537109375e-06,2.384185791015625e-07
1348,0.006268739700317383,1.6689300537109375e-06,2.384185791015625e-07
1349,0.0038192272186279297,1.6689300537109375e-06,2.384185791015625e-07
1350,0.005059719085693359,1.9073486328125e-06,2.384185791015625e-07
1351,0.0036163330078125,2.1457672119140625e-06,2.384185791015625e-07
1352,0.005024909973144531,1.9073486328125e-06,2.384185791015625e-07
1353,0.0059320926666259766,2.1457672119140625e-06,2.384185791015625e-07
1354,0.006150722503662109,1.9073486328125e-06,2.384185791015625e-07
1355,0.0040073394775390625,1.9073486328125e-06,4.76837158203125e-07
1356,0.0062885284423828125,1.9073486328125e-06,2.384185791015625e-07
1357,0.0045664310455322266,2.1457672119140625e-06,2.384185791015625e-07
1358,0.007196903228759766,1.9073486328125e-06,2.384185791015625e-07
1359,0.006010293960571289,1.9073486328125e-06,2.384185791015625e-07
1360,0.0047779083251953125,1.9073486328125e-06,2.384185791015625e-07
1361,0.0037949085235595703,1.9073486328125e-06,2.384185791015625e-07
1362,0.006653785705566406,1.9073486328125e-06,2.384185791015625e-07
1363,0.00721430778503418,2.1457672119140625e-06,2.384185791015625e-07
1364,0.003531217575073242,1.9073486328125e-06,4.76837158203125e-07
1365,0.0059146881103515625,2.1457672119140625e-06,2.384185791015625e-07
1366,0.005563259124755859,2.1457672119140625e-06,2.384185791015625e-07
1367,0.005872249603271484,1.9073486328125e-06,2.384185791015625e-07
1368,0.005673885345458984,1.9073486328125e-06,2.384185791015625e-07
1369,0.006457328796386719,1.9073486328125e-06,2.384185791015625e-07
1370,0.006050586700439453,2.1457672119140625e-06,2.384185791015625e-07
1371,0.006225109100341797,1.9073486328125e-06,2.384185791015625e-07
1372,0.006053447723388672,1.9073486328125e-06,2.384185791015625e-07
1373,0.0061032772064208984,1.9073486328125e-06,2.384185791015625e-07
1374,0.006216287612915039,1.9073486328125e-06,2.384185791015625e-07
1375,0.0038352012634277344,1.9073486328125e-06,4.76837158203125e-07
1376,0.005286216735839844,1.6689300537109375e-06,4.76837158203125e-07
1377,0.004051685333251953,2.1457672119140625e-06,2.384185791015625e-07
1378,0.00540924072265625,1.9073486328125e-06,2.384185791015625e-07
1379,0.0035305023193359375,2.1457672119140625e-06,2.384185791015625e-07
1380,0.006037473678588867,1.9073486328125e-06,2.384185791015625e-07
1381,0.005584239959716797,1.9073486328125e-06,2.384185791015625e-07
1382,0.006399393081665039,1.9073486328125e-06,7.152557373046875e-07
1383,0.005327939987182617,1.9073486328125e-06,2.384185791015625e-07
1384,0.006709098815917969,1.6689300537109375e-06,2.384185791015625e-07
1385,0.003763437271118164,1.9073486328125e-06,2.384185791015625e-07
1386,0.006402254104614258,1.6689300537109375e-06,2.384185791015625e-07
1387,0.005691051483154297,1.6689300537109375e-06,2.384185791015625e-07
1388,0.006035327911376953,1.6689300537109375e-06,4.76837158203125e-07
1389,0.006673574447631836,1.6689300537109375e-06,4.76837158203125e-07
1390,0.009295940399169922,2.1457672119140625e-06,2.384185791015625e-07
1391,0.007056713104248047,1.6689300537109375e-06,2.384185791015625e-07
1392,0.0035228729248046875,1.9073486328125e-06,2.384185791015625e-07
1393,0.0036683082580566406,1.9073486328125e-06,2.384185791015625e-07
1394,0.003994464874267578,1.9073486328125e-06,2.384185791015625e-07
1395,0.005949258804321289,1.6689300537109375e-06,2.384185791015625e-07
1396,0.0034477710723876953,1.430511474609375e-06,2.384185791015625e-07
1397,0.004025459289550781,1.6689300537109375e-06,2.384185791015625e-07
1398,0.004010438919067383,1.6689300537109375e-06,2.384185791015625e-07
1399,0.003956794738769531,1.9073486328125e-06,2.384185791015625e-07
1400,0.00461125373840332,1.9073486328125e-06,4.76837158203125e-07
1401,0.003389120101928711,1.9073486328125e-06,0.0
1402,0.0048029422760009766,1.6689300537109375e-06,2.384185791015625e-07
1403,0.0038144588470458984,1.6689300537109375e-06,2.384185791015625e-07
1404,0.003779172897338867,1.6689300537109375e-06,2.384185791015625e-07
1405,0.003214597702026367,1.430511474609375e-06,2.384185791015625e-07
1406,0.005707740783691406,1.6689300537109375e-06,2.384185791015625e-07
1407,0.007824182510375977,1.6689300537109375e-06,2.384185791015625e-07
1408,0.006804466247558594,1.9073486328125e-06,2.384185791015625e-07
1409,0.003433704376220703,1.9073486328125e-06,4.76837158203125e-07
1410,0.0065212249755859375,2.1457672119140625e-06,2.384185791015625e-07
1411,0.005267620086669922,1.6689300537109375e-06,2.384185791015625e-07
1412,0.006852388381958008,1.6689300537109375e-06,2.384185791015625e-07
1413,0.005076885223388672,1.6689300537109375e-06,2.384185791015625e-07
1414,0.005408525466918945,1.6689300537109375e-06,2.384185791015625e-07
1415,0.005095243453979492,1.6689300537109375e-06,2.384185791015625e-07
1416,0.003550291061401367,1.6689300537109375e-06,4.76837158203125e-07
1417,0.0050640106201171875,1.9073486328125e-06,2.384185791015625e-07
1418,0.005645036697387695,1.9073486328125e-06,4.76837158203125e-07
1419,0.004185199737548828,1.6689300537109375e-06,2.384185791015625e-07
1420,0.004129171371459961,1.6689300537109375e-06,2.384185791015625e-07
1421,0.0071370601654052734,1.6689300537109375e-06,2.384185791015625e-07
1422,0.003786802291870117,1.9073486328125e-06,2.384185791015625e-07
1423,0.006555318832397461,1.9073486328125e-06,2.384185791015625e-07
1424,0.009174823760986328,1.9073486328125e-06,2.384185791015625e-07
1425,0.0055696964263916016,1.6689300537109375e-06,2.384185791015625e-07
1426,0.005469083786010742,1.6689300537109375e-06,2.384185791015625e-07
1427,0.006987810134887695,1.9073486328125e-06,4.76837158203125e-07
1428,0.007915019989013672,1.6689300537109375e-06,2.384185791015625e-07
1429,0.004724264144897461,1.9073486328125e-06,2.384185791015625e-07
1430,0.007736682891845703,1.9073486328125e-06,2.384185791015625e-07
1431,0.005057334899902344,1.9073486328125e-06,2.384185791015625e-07
1432,0.005979299545288086,1.6689300537109375e-06,2.384185791015625e-07
1433,0.0033833980560302734,1.6689300537109375e-06,2.384185791015625e-07
1434,0.005341768264770508,1.6689300537109375e-06,4.76837158203125e-07
1435,0.006611347198486328,1.6689300537109375e-06,4.76837158203125e-07
1436,0.004685401916503906,1.9073486328125e-06,2.384185791015625e-07
1437,0.0027649402618408203,1.6689300537109375e-06,4.76837158203125e-07
1438,0.0053555965423583984,1.6689300537109375e-06,4.76837158203125e-07
1439,0.006795644760131836,1.6689300537109375e-06,2.384185791015625e-07
1440,0.0065076351165771484,1.6689300537109375e-06,2.384185791015625e-07
1441,0.0033769607543945312,1.6689300537109375e-06,2.384185791015625e-07
1442,0.0053179264068603516,1.9073486328125e-06,2.384185791015625e-07
1443,0.005976438522338867,1.9073486328125e-06,2.384185791015625e-07
1444,0.006577491760253906,1.9073486328125e-06,2.384185791015625e-07
1445,0.004708528518676758,1.6689300537109375e-06,2.384185791015625e-07
1446,0.005577564239501953,1.6689300537109375e-06,2.384185791015625e-07
1447,0.0056819915771484375,1.9073486328125e-06,2.384185791015625e-07
1448,0.007626771926879883,1.6689300537109375e-06,2.384185791015625e-07
1449,0.005135536193847656,1.9073486328125e-06,2.384185791015625e-07
1450,0.004583120346069336,1.9073486328125e-06,2.384185791015625e-07
1451,0.005280017852783203,1.6689300537109375e-06,2.384185791015625e-07
1452,0.0032308101654052734,1.430511474609375e-06,2.384185791015625e-07
1453,0.00784921646118164,1.9073486328125e-06,2.384185791015625e-07
1454,0.00827169418334961,1.6689300537109375e-06,4.76837158203125e-07
1455,0.0060117244720458984,1.6689300537109375e-06,2.384185791015625e-07
1456,0.006077289581298828,1.6689300537109375e-06,2.384185791015625e-07
1457,0.005223751068115234,1.6689300537109375e-06,4.76837158203125e-07
1458,0.004745960235595703,1.6689300537109375e-06,2.384185791015625e-07
1459,0.0029039382934570312,1.6689300537109375e-06,4.76837158203125e-07
1460,0.005784273147583008,1.6689300537109375e-06,4.76837158203125e-07
1461,0.006310939788818359,1.9073486328125e-06,2.384185791015625e-07
1462,0.0057849884033203125,1.9073486328125e-06,2.384185791015625e-07
1463,0.006777048110961914,1.6689300537109375e-06,4.76837158203125e-07
1464,0.0039823055267333984,1.9073486328125e-06,2.384185791015625e-07
1465,0.0058095455169677734,1.9073486328125e-06,2.384185791015625e-07
1466,0.00394892692565918,1.430511474609375e-06,2.384185791015625e-07
1467,0.005053997039794922,1.9073486328125e-06,4.76837158203125e-07
1468,0.005033969879150391,1.9073486328125e-06,2.384185791015625e-07
1469,0.002990245819091797,1.9073486328125e-06,2.384185791015625e-07
1470,0.0054552555084228516,1.6689300537109375e-06,2.384185791015625e-07
1471,0.004185676574707031,1.6689300537109375e-06,2.384185791015625e-07
1472,0.005430459976196289,1.6689300537109375e-06,4.76837158203125e-07
1473,0.004617214202880859,1.6689300537109375e-06,2.384185791015625e-07
1474,0.004400491714477539,1.9073486328125e-06,2.384185791015625e-07
1475,0.006332874298095703,1.6689300537109375e-06,2.384185791015625e-07
1476,0.003641843795776367,1.6689300537109375e-06,2.384185791015625e-07
1477,0.004752635955810547,1.6689300537109375e-06,2.384185791015625e-07
1478,0.004075050354003906,1.6689300537109375e-06,2.384185791015625e-07
1479,0.0052738189697265625,1.6689300537109375e-06,4.76837158203125e-07
1480,0.005225658416748047,1.430511474609375e-06,4.76837158203125e-07
1481,0.004996538162231445,1.6689300537109375e-06,4.76837158203125e-07
1482,0.006385087966918945,1.9073486328125e-06,4.76837158203125e-07
1483,0.005548000335693359,1.9073486328125e-06,4.76837158203125e-07
1484,0.0034303665161132812,2.1457672119140625e-06,2.384185791015625e-07
1485,0.005372285842895508,2.1457672119140625e-06,2.384185791015625e-07
1486,0.005563259124755859,1.6689300537109375e-06,2.384185791015625e-07
1487,0.0071065425872802734,1.6689300537109375e-06,2.384185791015625e-07
1488,0.0037086009979248047,1.9073486328125e-06,2.384185791015625e-07
1489,0.005228996276855469,1.9073486328125e-06,2.384185791015625e-07
1490,0.005656003952026367,1.9073486328125e-06,2.384185791015625e-07
1491,0.004798412322998047,1.9073486328125e-06,2.384185791015625e-07
1492,0.006387233734130859,2.1457672119140625e-06,2.384185791015625e-07
1493,0.005057811737060547,1.9073486328125e-06,2.384185791015625e-07
1494,0.0036461353302001953,1.9073486328125e-06,2.384185791015625e-07
1495,0.005648136138916016,2.1457672119140625e-06,2.384185791015625e-07
1496,0.004747152328491211,1.9073486328125e-06,2.384185791015625e-07
1497,0.004280805587768555,1.6689300537109375e-06,2.384185791015625e-07
1498,0.004404306411743164,2.1457672119140625e-06,2.384185791015625e-07
1499,0.005473613739013672,1.9073486328125e-06,2.384185791015625e-07
1500,0.004034757614135742,1.9073486328125e-06,2.384185791015625e-07
1501,0.005209207534790039,1.9073486328125e-06,2.384185791015625e-07
1502,0.003054380416870117,1.9073486328125e-06,2.384185791015625e-07
1503,0.0051195621490478516,1.9073486328125e-06,2.384185791015625e-07
1504,0.004494905471801758,1.9073486328125e-06,4.76837158203125e-07
1505,0.004862308502197266,1.9073486328125e-06,2.384185791015625e-07
1506,0.006563663482666016,1.9073486328125e-06,2.384185791015625e-07
1507,0.006532192230224609,2.1457672119140625e-06,2.384185791015625e-07
1508,0.005998849868774414,2.1457672119140625e-06,2.384185791015625e-07
1509,0.0045397281646728516,2.6226043701171875e-06,2.384185791015625e-07
1510,0.004976034164428711,1.9073486328125e-06,2.384185791015625e-07
1511,0.0053157806396484375,1.9073486328125e-06,2.384185791015625e-07
1512,0.0035305023193359375,1.9073486328125e-06,4.76837158203125e-07
1513,0.006106376647949219,1.6689300537109375e-06,4.76837158203125e-07
1514,0.0032672882080078125,1.6689300537109375e-06,4.76837158203125e-07
1515,0.004003047943115234,1.6689300537109375e-06,2.384185791015625e-07
1516,0.0060558319091796875,1.6689300537109375e-06,2.384185791015625e-07
1517,0.0034224987030029297,1.6689300537109375e-06,2.384185791015625e-07
1518,0.005020856857299805,2.1457672119140625e-06,2.384185791015625e-07
1519,0.0036988258361816406,1.6689300537109375e-06,2.384185791015625e-07
1520,0.00543975830078125,2.1457672119140625e-06,2.384185791015625e-07
1521,0.0052127838134765625,1.6689300537109375e-06,2.384185791015625e-07
1522,0.004395484924316406,1.6689300537109375e-06,4.76837158203125e-07
1523,0.0037708282470703125,1.430511474609375e-06,2.384185791015625e-07
1524,0.0028057098388671875,1.9073486328125e-06,4.76837158203125e-07
1525,0.005870342254638672,1.6689300537109375e-06,2.384185791015625e-07
1526,0.004715919494628906,1.6689300537109375e-06,4.76837158203125e-07
1527,0.0031785964965820312,1.6689300537109375e-06,2.384185791015625e-07
1528,0.006952047348022461,1.9073486328125e-06,2.384185791015625e-07
1529,0.0027763843536376953,1.9073486328125e-06,4.76837158203125e-07
1530,0.00390934944152832,1.6689300537109375e-06,2.384185791015625e-07
1531,0.007836341857910156,1.9073486328125e-06,4.76837158203125e-07
1532,0.004651546478271484,1.6689300537109375e-06,4.76837158203125e-07
1533,0.010469675064086914,1.6689300537109375e-06,4.76837158203125e-07
1534,0.009250164031982422,1.9073486328125e-06,4.76837158203125e-07
1535,0.009580135345458984,1.6689300537109375e-06,4.76837158203125e-07
1536,0.00446772575378418,1.9073486328125e-06,7.152557373046875e-07
1537,0.008107185363769531,1.6689300537109375e-06,2.384185791015625e-07
1538,0.008489131927490234,1.6689300537109375e-06,2.384185791015625e-07
1539,0.0055429935455322266,1.6689300537109375e-06,2.384185791015625e-07
1540,0.010827302932739258,1.6689300537109375e-06,2.384185791015625e-07
1541,0.009841442108154297,1.6689300537109375e-06,2.384185791015625e-07
1542,0.00812387466430664,1.9073486328125e-06,2.384185791015625e-07
1543,0.005139827728271484,1.6689300537109375e-06,2.384185791015625e-07
1544,0.00539851188659668,2.1457672119140625e-06,2.384185791015625e-07
1545,0.010020732879638672,1.430511474609375e-06,2.384185791015625e-07
1546,0.004916191101074219,1.6689300537109375e-06,2.384185791015625e-07
1547,0.0074214935302734375,1.6689300537109375e-06,4.76837158203125e-07
1548,0.010817289352416992,1.6689300537109375e-06,4.76837158203125e-07
1549,0.011173009872436523,1.6689300537109375e-06,7.152557373046875e-07
1550,0.0051958560943603516,1.9073486328125e-06,4.76837158203125e-07
1551,0.00813746452331543,1.6689300537109375e-06,2.384185791015625e-07
1552,0.007797718048095703,2.1457672119140625e-06,2.384185791015625e-07
1553,0.010332584381103516,1.9073486328125e-06,4.76837158203125e-07
1554,0.007598876953125,2.1457672119140625e-06,4.76837158203125e-07
1555,0.009957313537597656,1.9073486328125e-06,2.384185791015625e-07
1556,0.005879878997802734,2.1457672119140625e-06,2.384185791015625e-07
1557,0.009951353073120117,1.6689300537109375e-06,2.384185791015625e-07
1558,0.007953166961669922,1.9073486328125e-06,2.384185791015625e-07
1559,0.008912801742553711,1.9073486328125e-06,2.384185791015625e-07
1560,0.0070302486419677734,1.9073486328125e-06,2.384185791015625e-07
1561,0.0035572052001953125,1.9073486328125e-06,2.384185791015625e-07
1562,0.006113529205322266,1.9073486328125e-06,2.384185791015625e-07
1563,0.010339498519897461,1.6689300537109375e-06,2.384185791015625e-07
1564,0.006914854049682617,2.1457672119140625e-06,2.384185791015625e-07
1565,0.00893402099609375,1.6689300537109375e-06,4.76837158203125e-07
1566,0.00960993766784668,2.1457672119140625e-06,4.76837158203125e-07
1567,0.006640195846557617,2.1457672119140625e-06,2.384185791015625e-07
1568,0.005641937255859375,2.1457672119140625e-06,2.384185791015625e-07
1569,0.0062024593353271484,1.9073486328125e-06,4.76837158203125e-07
1570,0.005441188812255859,1.9073486328125e-06,2.384185791015625e-07
1571,0.006547451019287109,2.384185791015625e-06,2.384185791015625e-07
1572,0.010293722152709961,1.9073486328125e-06,4.76837158203125e-07
1573,0.006506204605102539,1.9073486328125e-06,2.384185791015625e-07
1574,0.008692741394042969,2.1457672119140625e-06,2.384185791015625e-07
1575,0.006199836730957031,1.9073486328125e-06,2.384185791015625e-07
1576,0.00945425033569336,2.1457672119140625e-06,2.384185791015625e-07
1577,0.007659912109375,1.9073486328125e-06,2.384185791015625e-07
1578,0.011334657669067383,1.6689300537109375e-06,4.76837158203125e-07
1579,0.006326913833618164,1.6689300537109375e-06,4.76837158203125e-07
1580,0.00722050666809082,1.6689300537109375e-06,2.384185791015625e-07
1581,0.006440162658691406,1.9073486328125e-06,7.152557373046875e-07
1582,0.007257223129272461,1.6689300537109375e-06,2.384185791015625e-07
1583,0.00735783576965332,1.9073486328125e-06,2.384185791015625e-07
1584,0.009279012680053711,1.6689300537109375e-06,2.384185791015625e-07
1585,0.0036356449127197266,1.6689300537109375e-06,2.384185791015625e-07
1586,0.006810665130615234,1.6689300537109375e-06,2.384185791015625e-07
1587,0.0047795772552490234,1.430511474609375e-06,2.384185791015625e-07
1588,0.006764650344848633,2.1457672119140625e-06,2.384185791015625e-07
1589,0.008691787719726562,1.6689300537109375e-06,2.384185791015625e-07
1590,0.0059795379638671875,1.6689300537109375e-06,4.76837158203125e-07
1591,0.009166479110717773,1.6689300537109375e-06,2.384185791015625e-07
1592,0.005761623382568359,1.9073486328125e-06,2.384185791015625e-07
1593,0.00170135498046875,2.1457672119140625e-06,2.384185791015625e-07
1594,0.005901813507080078,1.6689300537109375e-06,2.384185791015625e-07
1595,0.0036509037017822266,1.9073486328125e-06,2.384185791015625e-07
1596,0.0056340694427490234,1.9073486328125e-06,2.384185791015625e-07
1597,0.008851766586303711,2.1457672119140625e-06,2.384185791015625e-07
1598,0.0055408477783203125,1.6689300537109375e-06,4.76837158203125e-07
1599,0.005266904830932617,1.9073486328125e-06,2.384185791015625e-07
1600,0.009964466094970703,1.9073486328125e-06,2.384185791015625e-07
1601,0.004918098449707031,1.9073486328125e-06,2.384185791015625e-07
1602,0.00686192512512207,1.9073486328125e-06,2.384185791015625e-07
1603,0.006961345672607422,1.9073486328125e-06,2.384185791015625e-07
1604,0.008882761001586914,1.9073486328125e-06,2.384185791015625e-07
1605,0.00783991813659668,1.9073486328125e-06,2.384185791015625e-07
1606,0.008158445358276367,2.1457672119140625e-06,2.384185791015625e-07
1607,0.004986286163330078,1.9073486328125e-06,7.152557373046875e-07
1608,0.010822057723999023,2.1457672119140625e-06,4.76837158203125e-07
1609,0.009508132934570312,1.9073486328125e-06,2.384185791015625e-07
1610,0.007619380950927734,1.9073486328125e-06,2.384185791015625e-07
1611,0.007385969161987305,1.9073486328125e-06,2.384185791015625e-07
1612,0.004088640213012695,1.9073486328125e-06,2.384185791015625e-07
1613,0.006020545959472656,1.6689300537109375e-06,2.384185791015625e-07
1614,0.007081270217895508,1.430511474609375e-06,2.384185791015625e-07
1615,0.007663726806640625,1.6689300537109375e-06,4.76837158203125e-07
1616,0.008919239044189453,1.6689300537109375e-06,2.384185791015625e-07
1617,0.007441282272338867,1.6689300537109375e-06,2.384185791015625e-07
1618,0.009267568588256836,1.6689300537109375e-06,2.384185791015625e-07
1619,0.010292530059814453,1.430511474609375e-06,2.384185791015625e-07
1620,0.0062596797943115234,1.6689300537109375e-06,2.384185791015625e-07
1621,0.009002685546875,1.6689300537109375e-06,2.384185791015625e-07
1622,0.007450580596923828,1.6689300537109375e-06,2.384185791015625e-07
1623,0.008898496627807617,1.9073486328125e-06,2.384185791015625e-07
1624,0.007737874984741211,1.9073486328125e-06,2.384185791015625e-07
1625,0.0056667327880859375,1.6689300537109375e-06,2.384185791015625e-07
1626,0.0073697566986083984,1.9073486328125e-06,2.384185791015625e-07
1627,0.010691642761230469,1.6689300537109375e-06,2.384185791015625e-07
1628,0.009821653366088867,1.6689300537109375e-06,2.384185791015625e-07
1629,0.010150909423828125,1.6689300537109375e-06,2.384185791015625e-07
1630,0.004971027374267578,1.6689300537109375e-06,2.384185791015625e-07
1631,0.007188558578491211,1.430511474609375e-06,2.384185791015625e-07
1632,0.0076367855072021484,1.6689300537109375e-06,4.76837158203125e-07
1633,0.00558161735534668,1.9073486328125e-06,2.384185791015625e-07
1634,0.004846096038818359,1.6689300537109375e-06,7.152557373046875e-07
1635,0.004170656204223633,1.6689300537109375e-06,4.76837158203125e-07
1636,0.002853870391845703,1.6689300537109375e-06,2.384185791015625e-07
1637,0.00608372688293457,1.430511474609375e-06,4.76837158203125e-07
1638,0.00806427001953125,1.6689300537109375e-06,2.384185791015625e-07
1639,0.008539676666259766,1.6689300537109375e-06,2.384185791015625e-07
1640,0.008867740631103516,1.6689300537109375e-06,2.384185791015625e-07
1641,0.0067751407623291016,2.1457672119140625e-06,2.384185791015625e-07
1642,0.006705045700073242,2.1457672119140625e-06,2.384185791015625e-07
1643,0.003361940383911133,1.9073486328125e-06,4.76837158203125e-07
1644,0.0028879642486572266,1.9073486328125e-06,2.384185791015625e-07
1645,0.0040438175201416016,1.6689300537109375e-06,2.384185791015625e-07
1646,0.007872819900512695,1.9073486328125e-06,2.384185791015625e-07
1647,0.007734775543212891,2.1457672119140625e-06,2.384185791015625e-07
1648,0.007564067840576172,1.9073486328125e-06,4.76837158203125e-07
1649,0.0028030872344970703,1.9073486328125e-06,2.384185791015625e-07
1650,0.006507396697998047,1.9073486328125e-06,2.384185791015625e-07
1651,0.007680654525756836,1.9073486328125e-06,2.384185791015625e-07
1652,0.007070302963256836,1.9073486328125e-06,2.384185791015625e-07
1653,0.007529735565185547,1.9073486328125e-06,2.384185791015625e-07
1654,0.0074961185455322266,1.9073486328125e-06,2.384185791015625e-07
1655,0.007647514343261719,2.1457672119140625e-06,4.76837158203125e-07
1656,0.010645389556884766,2.1457672119140625e-06,2.384185791015625e-07
1657,0.008450508117675781,1.9073486328125e-06,2.384185791015625e-07
1658,0.0063817501068115234,1.6689300537109375e-06,2.384185791015625e-07
1659,0.004419565200805664,2.1457672119140625e-06,2.384185791015625e-07
1660,0.006254673004150391,1.9073486328125e-06,4.76837158203125e-07
1661,0.006427288055419922,1.9073486328125e-06,2.384185791015625e-07
1662,0.008432149887084961,1.6689300537109375e-06,2.384185791015625e-07
1663,0.011085033416748047,1.9073486328125e-06,2.384185791015625e-07
1664,0.009033918380737305,1.9073486328125e-06,2.384185791015625e-07
1665,0.005163908004760742,1.6689300537109375e-06,2.384185791015625e-07
1666,0.0056722164154052734,1.6689300537109375e-06,2.384185791015625e-07
1667,0.008497238159179688,1.6689300537109375e-06,2.384185791015625e-07
1668,0.007285356521606445,1.9073486328125e-06,4.76837158203125e-07
1669,0.004054069519042969,2.1457672119140625e-06,4.76837158203125e-07
1670,0.0068285465240478516,1.6689300537109375e-06,4.76837158203125e-07
1671,0.009717464447021484,1.6689300537109375e-06,4.76837158203125e-07
1672,0.009994268417358398,1.6689300537109375e-06,4.76837158203125e-07
1673,0.006844282150268555,1.9073486328125e-06,2.384185791015625e-07
1674,0.008865833282470703,2.1457672119140625e-06,2.384185791015625e-07
1675,0.004834890365600586,1.6689300537109375e-06,2.384185791015625e-07
1676,0.005881071090698242,1.6689300537109375e-06,2.384185791015625e-07
1677,0.006754875183105469,1.430511474609375e-06,2.384185791015625e-07
1678,0.008397817611694336,1.6689300537109375e-06,2.384185791015625e-07
1679,0.009796619415283203,1.6689300537109375e-06,2.384185791015625e-07
1680,0.004715681076049805,1.6689300537109375e-06,7.152557373046875e-07
1681,0.0054473876953125,1.6689300537109375e-06,2.384185791015625e-07
1682,0.004935741424560547,1.9073486328125e-06,2.384185791015625e-07
1683,0.009490489959716797,1.6689300537109375e-06,2.384185791015625e-07
1684,0.008876562118530273,1.9073486328125e-06,2.384185791015625e-07
1685,0.00907135009765625,1.6689300537109375e-06,2.384185791015625e-07
1686,0.010854721069335938,1.9073486328125e-06,2.384185791015625e-07
1687,0.005367279052734375,2.1457672119140625e-06,2.384185791015625e-07
1688,0.006106376647949219,1.9073486328125e-06,2.384185791015625e-07
1689,0.0047261714935302734,1.9073486328125e-06,2.384185791015625e-07
1690,0.005388498306274414,1.9073486328125e-06,2.384185791015625e-07
1691,0.011406898498535156,1.9073486328125e-06,2.384185791015625e-07
1692,0.006089448928833008,1.9073486328125e-06,2.384185791015625e-07
1693,0.00731968879699707,2.1457672119140625e-06,2.384185791015625e-07
1694,0.009020328521728516,1.9073486328125e-06,4.76837158203125e-07
1695,0.010229825973510742,1.9073486328125e-06,2.384185791015625e-07
1696,0.01036214828491211,1.9073486328125e-06,2.384185791015625e-07
1697,0.012037277221679688,1.6689300537109375e-06,2.384185791015625e-07
1698,0.007872819900512695,2.1457672119140625e-06,4.76837158203125e-07
1699,0.011251449584960938,1.9073486328125e-06,2.384185791015625e-07
1700,0.007796764373779297,1.9073486328125e-06,2.384185791015625e-07
1701,0.007427215576171875,1.9073486328125e-06,4.76837158203125e-07
1702,0.008362531661987305,2.1457672119140625e-06,2.384185791015625e-07
1703,0.011229753494262695,2.1457672119140625e-06,2.384185791015625e-07
1704,0.0078046321868896484,2.1457672119140625e-06,2.384185791015625e-07
1705,0.008362770080566406,2.1457672119140625e-06,2.384185791015625e-07
1706,0.011246681213378906,1.9073486328125e-06,2.384185791015625e-07
1707,0.007889270782470703,1.9073486328125e-06,4.76837158203125e-07
1708,0.008693933486938477,1.9073486328125e-06,2.384185791015625e-07
1709,0.00597071647644043,1.9073486328125e-06,2.384185791015625e-07
1710,0.0062427520751953125,1.9073486328125e-06,2.384185791015625e-07
1711,0.004812717437744141,2.1457672119140625e-06,2.384185791015625e-07
1712,0.009708404541015625,2.6226043701171875e-06,4.76837158203125e-07
1713,0.00920557975769043,1.9073486328125e-06,2.384185791015625e-07
1714,0.009299516677856445,1.9073486328125e-06,2.384185791015625e-07
1715,0.0053730010986328125,1.9073486328125e-06,4.76837158203125e-07
1716,0.007710933685302734,1.9073486328125e-06,2.384185791015625e-07
1717,0.006877899169921875,2.1457672119140625e-06,2.384185791015625e-07
1718,0.004404544830322266,1.9073486328125e-06,4.76837158203125e-07
1719,0.008681058883666992,1.9073486328125e-06,2.384185791015625e-07
1720,0.009869813919067383,1.9073486328125e-06,2.384185791015625e-07
1721,0.00885152816772461,1.9073486328125e-06,2.384185791015625e-07
1722,0.008919477462768555,2.1457672119140625e-06,4.76837158203125e-07
1723,0.008411645889282227,2.1457672119140625e-06,7.152557373046875e-07
1724,0.011033058166503906,1.9073486328125e-06,2.384185791015625e-07
1725,0.010022163391113281,1.9073486328125e-06,2.384185791015625e-07
1726,0.00867605209350586,2.1457672119140625e-06,2.384185791015625e-07
1727,0.00915670394897461,1.9073486328125e-06,2.384185791015625e-07
1728,0.007440805435180664,1.9073486328125e-06,2.384185791015625e-07
1729,0.006974458694458008,1.9073486328125e-06,4.76837158203125e-07
1730,0.005610942840576172,1.6689300537109375e-06,4.76837158203125e-07
1731,0.005550861358642578,1.9073486328125e-06,2.384185791015625e-07
1732,0.00837397575378418,1.9073486328125e-06,4.76837158203125e-07
1733,0.006970882415771484,1.6689300537109375e-06,2.384185791015625e-07
1734,0.0037097930908203125,1.9073486328125e-06,2.384185791015625e-07
1735,0.005456447601318359,1.6689300537109375e-06,2.384185791015625e-07
1736,0.005991458892822266,2.1457672119140625e-06,4.76837158203125e-07
1737,0.0048978328704833984,1.6689300537109375e-06,2.384185791015625e-07
1738,0.005654335021972656,2.1457672119140625e-06,2.384185791015625e-07
1739,0.011212587356567383,1.9073486328125e-06,2.384185791015625e-07
1740,0.012631416320800781,1.430511474609375e-06,2.384185791015625e-07
1741,0.008583307266235352,1.6689300537109375e-06,4.76837158203125e-07
1742,0.006603717803955078,1.9073486328125e-06,2.384185791015625e-07
1743,0.006155729293823242,1.6689300537109375e-06,2.384185791015625e-07
1744,0.005562305450439453,1.6689300537109375e-06,4.76837158203125e-07
1745,0.009971380233764648,1.6689300537109375e-06,2.384185791015625e-07
1746,0.0062448978424072266,1.6689300537109375e-06,2.384185791015625e-07
1747,0.009332895278930664,1.6689300537109375e-06,2.384185791015625e-07
1748,0.011011838912963867,1.6689300537109375e-06,2.384185791015625e-07
1749,0.012017011642456055,1.9073486328125e-06,2.384185791015625e-07
1750,0.005886554718017578,1.6689300537109375e-06,2.384185791015625e-07
1751,0.011058330535888672,2.1457672119140625e-06,2.384185791015625e-07
1752,0.008187294006347656,1.9073486328125e-06,2.384185791015625e-07
1753,0.004483938217163086,1.6689300537109375e-06,4.76837158203125e-07
1754,0.004614353179931641,1.9073486328125e-06,4.76837158203125e-07
1755,0.005606174468994141,2.1457672119140625e-06,2.384185791015625e-07
1756,0.0057146549224853516,2.1457672119140625e-06,4.76837158203125e-07
1757,0.006846189498901367,1.9073486328125e-06,2.384185791015625e-07
1758,0.0062351226806640625,1.9073486328125e-06,2.384185791015625e-07
1759,0.0071561336517333984,1.9073486328125e-06,2.384185791015625e-07
1760,0.003771543502807617,1.9073486328125e-06,4.76837158203125e-07
1761,0.008071184158325195,1.6689300537109375e-06,4.76837158203125e-07
1762,0.008850812911987305,1.6689300537109375e-06,2.384185791015625e-07
1763,0.006605386734008789,2.1457672119140625e-06,2.384185791015625e-07
1764,0.00690150260925293,2.1457672119140625e-06,2.384185791015625e-07
1765,0.009188652038574219,1.430511474609375e-06,2.384185791015625e-07
1766,0.008550643920898438,1.6689300537109375e-06,2.384185791015625e-07
1767,0.006376981735229492,1.6689300537109375e-06,2.384185791015625e-07
1768,0.0062274932861328125,1.6689300537109375e-06,2.384185791015625e-07
1769,0.00928187370300293,1.6689300537109375e-06,2.384185791015625e-07
1770,0.009864568710327148,1.6689300537109375e-06,2.384185791015625e-07
1771,0.009416818618774414,1.6689300537109375e-06,2.384185791015625e-07
1772,0.009990692138671875,1.9073486328125e-06,2.384185791015625e-07
1773,0.010460138320922852,1.9073486328125e-06,2.384185791015625e-07
1774,0.008695363998413086,1.9073486328125e-06,2.384185791015625e-07
1775,0.008286714553833008,2.1457672119140625e-06,2.384185791015625e-07
1776,0.008267402648925781,1.9073486328125e-06,2.384185791015625e-07
1777,0.007597446441650391,2.1457672119140625e-06,2.384185791015625e-07
1778,0.009084939956665039,2.1457672119140625e-06,2.384185791015625e-07
1779,0.010102272033691406,1.9073486328125e-06,2.384185791015625e-07
1780,0.009386777877807617,1.9073486328125e-06,2.384185791015625e-07
1781,0.006432771682739258,1.9073486328125e-06,2.384185791015625e-07
1782,0.00497889518737793,1.9073486328125e-06,2.384185791015625e-07
1783,0.00986790657043457,1.9073486328125e-06,2.384185791015625e-07
1784,0.00791788101196289,1.9073486328125e-06,2.384185791015625e-07
1785,0.009257078170776367,1.9073486328125e-06,2.384185791015625e-07
1786,0.007821083068847656,1.9073486328125e-06,2.384185791015625e-07
1787,0.007597446441650391,1.9073486328125e-06,2.384185791015625e-07
1788,0.008616209030151367,1.9073486328125e-06,2.384185791015625e-07
1789,0.008015155792236328,1.9073486328125e-06,2.384185791015625e-07
1790,0.008034229278564453,1.9073486328125e-06,4.76837158203125e-07
1791,0.009265661239624023,1.9073486328125e-06,2.384185791015625e-07
1792,0.011573553085327148,1.9073486328125e-06,0.0
1793,0.010293006896972656,1.9073486328125e-06,2.384185791015625e-07
1794,0.007169008255004883,1.430511474609375e-06,4.76837158203125e-07
1795,0.007565736770629883,1.430511474609375e-06,4.76837158203125e-07
1796,0.00635528564453125,1.6689300537109375e-06,2.384185791015625e-07
1797,0.009145975112915039,1.6689300537109375e-06,2.384185791015625e-07
1798,0.008467912673950195,1.6689300537109375e-06,2.384185791015625e-07
1799,0.01135396957397461,1.430511474609375e-06,2.384185791015625e-07
1800,0.0064356327056884766,1.9073486328125e-06,7.152557373046875e-07
1801,0.008668661117553711,1.6689300537109375e-06,2.384185791015625e-07
1802,0.008710384368896484,1.9073486328125e-06,2.384185791015625e-07
1803,0.007705211639404297,1.6689300537109375e-06,4.76837158203125e-07
1804,0.005828857421875,1.6689300537109375e-06,2.384185791015625e-07
1805,0.007673740386962891,1.6689300537109375e-06,2.384185791015625e-07
1806,0.011144161224365234,1.6689300537109375e-06,2.384185791015625e-07
1807,0.005382061004638672,1.6689300537109375e-06,2.384185791015625e-07
1808,0.005504131317138672,1.9073486328125e-06,2.384185791015625e-07
1809,0.007700204849243164,1.9073486328125e-06,4.76837158203125e-07
1810,0.0062732696533203125,1.9073486328125e-06,4.76837158203125e-07
1811,0.0041043758392333984,1.9073486328125e-06,4.76837158203125e-07
1812,0.00997304916381836,1.9073486328125e-06,2.384185791015625e-07
1813,0.008837461471557617,2.1457672119140625e-06,4.76837158203125e-07
1814,0.004853725433349609,1.6689300537109375e-06,2.384185791015625e-07
1815,0.005252838134765625,1.9073486328125e-06,2.384185791015625e-07
1816,0.0070343017578125,1.9073486328125e-06,2.384185791015625e-07
1817,0.0070459842681884766,1.6689300537109375e-06,2.384185791015625e-07
1818,0.00494074821472168,1.430511474609375e-06,2.384185791015625e-07
1819,0.009168624877929688,1.6689300537109375e-06,2.384185791015625e-07
1820,0.008883237838745117,1.9073486328125e-06,2.384185791015625e-07
1821,0.0034034252166748047,1.430511474609375e-06,2.384185791015625e-07
1822,0.008481264114379883,1.430511474609375e-06,2.384185791015625e-07
1823,0.008164405822753906,1.6689300537109375e-06,2.384185791015625e-07
1824,0.006077766418457031,1.6689300537109375e-06,2.384185791015625e-07
1825,0.005983114242553711,1.9073486328125e-06,2.384185791015625e-07
1826,0.007565975189208984,1.6689300537109375e-06,2.384185791015625e-07
1827,0.006971836090087891,1.6689300537109375e-06,2.384185791015625e-07
1828,0.005377292633056641,1.6689300537109375e-06,2.384185791015625e-07
1829,0.0056514739990234375,1.6689300537109375e-06,2.384185791015625e-07
1830,0.009434938430786133,1.6689300537109375e-06,2.384185791015625e-07
1831,0.00691986083984375,1.9073486328125e-06,2.384185791015625e-07
1832,0.00760650634765625,1.9073486328125e-06,2.384185791015625e-07
1833,0.006930828094482422,1.9073486328125e-06,2.384185791015625e-07
1834,0.007002353668212891,1.6689300537109375e-06,4.76837158203125e-07
1835,0.010821104049682617,2.1457672119140625e-06,2.384185791015625e-07
1836,0.011142492294311523,1.6689300537109375e-06,7.152557373046875e-07
1837,0.0030448436737060547,2.1457672119140625e-06,2.384185791015625e-07
1838,0.007937431335449219,1.6689300537109375e-06,2.384185791015625e-07
1839,0.00859522819519043,1.6689300537109375e-06,4.76837158203125e-07
1840,0.006154537200927734,1.9073486328125e-06,4.76837158203125e-07
1841,0.008513212203979492,2.1457672119140625e-06,2.384185791015625e-07
1842,0.011629819869995117,1.6689300537109375e-06,2.384185791015625e-07
1843,0.007319927215576172,1.6689300537109375e-06,2.384185791015625e-07
1844,0.010303497314453125,1.6689300537109375e-06,4.76837158203125e-07
1845,0.007180929183959961,1.6689300537109375e-06,2.384185791015625e-07
1846,0.006242275238037109,1.9073486328125e-06,2.384185791015625e-07
1847,0.009089946746826172,1.9073486328125e-06,2.384185791015625e-07
1848,0.005515336990356445,1.430511474609375e-06,4.76837158203125e-07
1849,0.007647037506103516,1.6689300537109375e-06,2.384185791015625e-07
1850,0.00887298583984375,1.6689300537109375e-06,4.76837158203125e-07
1851,0.009735584259033203,1.6689300537109375e-06,2.384185791015625e-07
1852,0.005003452301025391,2.1457672119140625e-06,2.384185791015625e-07
1853,0.008012056350708008,1.6689300537109375e-06,2.384185791015625e-07
1854,0.006165742874145508,1.6689300537109375e-06,4.76837158203125e-07
1855,0.006360769271850586,1.9073486328125e-06,4.76837158203125e-07
1856,0.010409832000732422,1.9073486328125e-06,2.384185791015625e-07
1857,0.006320953369140625,1.9073486328125e-06,4.76837158203125e-07
1858,0.00898122787475586,1.9073486328125e-06,2.384185791015625e-07
1859,0.009210586547851562,1.9073486328125e-06,2.384185791015625e-07
1860,0.007355928421020508,2.1457672119140625e-06,2.384185791015625e-07
1861,0.011225223541259766,1.9073486328125e-06,2.384185791015625e-07
1862,0.007712125778198242,1.9073486328125e-06,2.384185791015625e-07
1863,0.008826255798339844,1.6689300537109375e-06,2.384185791015625e-07
1864,0.0038237571716308594,1.9073486328125e-06,2.384185791015625e-07
1865,0.008280038833618164,2.1457672119140625e-06,2.384185791015625e-07
1866,0.002272367477416992,1.6689300537109375e-06,2.384185791015625e-07
1867,0.010337591171264648,1.6689300537109375e-06,2.384185791015625e-07
1868,0.005120754241943359,1.6689300537109375e-06,2.384185791015625e-07
1869,0.0053310394287109375,1.6689300537109375e-06,4.76837158203125e-07
1870,0.004508256912231445,1.9073486328125e-06,4.76837158203125e-07
1871,0.009508609771728516,1.430511474609375e-06,2.384185791015625e-07
1872,0.011229991912841797,2.1457672119140625e-06,2.384185791015625e-07
1873,0.007016658782958984,1.9073486328125e-06,2.384185791015625e-07
1874,0.004041910171508789,1.6689300537109375e-06,2.384185791015625e-07
1875,0.006356954574584961,1.9073486328125e-06,2.384185791015625e-07
1876,0.004344463348388672,1.9073486328125e-06,4.76837158203125e-07
1877,0.0057260990142822266,2.1457672119140625e-06,2.384185791015625e-07
1878,0.008041143417358398,1.9073486328125e-06,2.384185791015625e-07
1879,0.0053501129150390625,1.9073486328125e-06,2.384185791015625e-07
1880,0.008951425552368164,1.6689300537109375e-06,4.76837158203125e-07
1881,0.0055158138275146484,1.6689300537109375e-06,2.384185791015625e-07
1882,0.0046329498291015625,2.1457672119140625e-06,2.384185791015625e-07
1883,0.007508754730224609,1.9073486328125e-06,2.384185791015625e-07
1884,0.008018255233764648,1.6689300537109375e-06,2.384185791015625e-07
1885,0.010285615921020508,2.1457672119140625e-06,2.384185791015625e-07
1886,0.008426904678344727,2.1457672119140625e-06,2.384185791015625e-07
1887,0.007311344146728516,1.6689300537109375e-06,4.76837158203125e-07
1888,0.006895780563354492,1.6689300537109375e-06,2.384185791015625e-07
1889,0.009491682052612305,1.9073486328125e-06,2.384185791015625e-07
1890,0.00565338134765625,1.6689300537109375e-06,2.384185791015625e-07
1891,0.006768941879272461,1.6689300537109375e-06,2.384185791015625e-07
1892,0.006017208099365234,1.9073486328125e-06,4.76837158203125e-07
1893,0.0070950984954833984,1.9073486328125e-06,2.384185791015625e-07
1894,0.006319999694824219,1.9073486328125e-06,2.384185791015625e-07
1895,0.007887840270996094,1.9073486328125e-06,2.384185791015625e-07
1896,0.005728006362915039,1.9073486328125e-06,2.384185791015625e-07
1897,0.012691020965576172,1.6689300537109375e-06,2.384185791015625e-07
1898,0.012377023696899414,2.1457672119140625e-06,2.384185791015625e-07
1899,0.010093927383422852,2.1457672119140625e-06,2.384185791015625e-07
1900,0.006032466888427734,1.9073486328125e-06,4.76837158203125e-07
1901,0.010219812393188477,1.9073486328125e-06,4.76837158203125e-07
1902,0.008646965026855469,1.6689300537109375e-06,2.384185791015625e-07
1903,0.007634162902832031,1.9073486328125e-06,2.384185791015625e-07
1904,0.006753444671630859,1.9073486328125e-06,2.384185791015625e-07
1905,0.004862070083618164,2.1457672119140625e-06,2.384185791015625e-07
1906,0.00778961181640625,2.1457672119140625e-06,2.384185791015625e-07
1907,0.010747909545898438,2.1457672119140625e-06,2.384185791015625e-07
1908,0.0057871341705322266,2.1457672119140625e-06,4.76837158203125e-07
1909,0.007764577865600586,1.9073486328125e-06,2.384185791015625e-07
1910,0.006428718566894531,1.9073486328125e-06,2.384185791015625e-07
1911,0.008461236953735352,1.9073486328125e-06,2.384185791015625e-07
1912,0.006850004196166992,2.1457672119140625e-06,2.384185791015625e-07
1913,0.006831645965576172,1.9073486328125e-06,2.384185791015625e-07
1914,0.00938272476196289,2.1457672119140625e-06,2.384185791015625e-07
1915,0.005220174789428711,2.6226043701171875e-06,2.384185791015625e-07
1916,0.006797313690185547,1.9073486328125e-06,2.384185791015625e-07
1917,0.01004934310913086,1.9073486328125e-06,2.384185791015625e-07
1918,0.008777141571044922,2.1457672119140625e-06,2.384185791015625e-07
1919,0.011788368225097656,1.9073486328125e-06,2.384185791015625e-07
1920,0.010718584060668945,1.9073486328125e-06,2.384185791015625e-07
1921,0.009325265884399414,1.9073486328125e-06,2.384185791015625e-07
1922,0.010278940200805664,2.1457672119140625e-06,4.76837158203125e-07
1923,0.004442453384399414,1.9073486328125e-06,2.384185791015625e-07
1924,0.00902104377746582,1.6689300537109375e-06,2.384185791015625e-07
1925,0.007209300994873047,1.9073486328125e-06,4.76837158203125e-07
1926,0.007198810577392578,2.1457672119140625e-06,2.384185791015625e-07
1927,0.007237911224365234,1.9073486328125e-06,2.384185791015625e-07
1928,0.008471250534057617,1.6689300537109375e-06,2.384185791015625e-07
1929,0.003161191940307617,2.1457672119140625e-06,2.384185791015625e-07
1930,0.0063533782958984375,2.1457672119140625e-06,4.76837158203125e-07
1931,0.008560657501220703,2.1457672119140625e-06,2.384185791015625e-07
1932,0.009011983871459961,2.1457672119140625e-06,2.384185791015625e-07
1933,0.00488591194152832,2.1457672119140625e-06,2.384185791015625e-07
1934,0.005262851715087891,1.6689300537109375e-06,2.384185791015625e-07
1935,0.008056402206420898,1.9073486328125e-06,2.384185791015625e-07
1936,0.007300376892089844,1.9073486328125e-06,4.76837158203125e-07
1937,0.0071239471435546875,2.1457672119140625e-06,2.384185791015625e-07
1938,0.007024049758911133,1.9073486328125e-06,2.384185791015625e-07
1939,0.006075620651245117,1.9073486328125e-06,2.384185791015625e-07
1940,0.0037050247192382812,2.1457672119140625e-06,2.384185791015625e-07
1941,0.009192228317260742,2.384185791015625e-06,2.384185791015625e-07
1942,0.010411977767944336,1.9073486328125e-06,2.384185791015625e-07
1943,0.007697582244873047,1.9073486328125e-06,2.384185791015625e-07
1944,0.008871793746948242,1.6689300537109375e-06,2.384185791015625e-07
1945,0.004967212677001953,1.430511474609375e-06,2.384185791015625e-07
1946,0.0073490142822265625,1.6689300537109375e-06,2.384185791015625e-07
1947,0.007820606231689453,1.6689300537109375e-06,2.384185791015625e-07
1948,0.007928133010864258,1.9073486328125e-06,2.384185791015625e-07
1949,0.006451845169067383,1.430511474609375e-06,2.384185791015625e-07
1950,0.00693511962890625,1.6689300537109375e-06,2.384185791015625e-07
1951,0.007428407669067383,1.6689300537109375e-06,4.76837158203125e-07
1952,0.008250236511230469,1.6689300537109375e-06,2.384185791015625e-07
1953,0.009617090225219727,1.6689300537109375e-06,2.384185791015625e-07
1954,0.007844686508178711,1.9073486328125e-06,2.384185791015625e-07
1955,0.008450984954833984,1.6689300537109375e-06,2.384185791015625e-07
1956,0.007597923278808594,1.6689300537109375e-06,4.76837158203125e-07
1957,0.005076885223388672,1.6689300537109375e-06,2.384185791015625e-07
1958,0.007497310638427734,1.6689300537109375e-06,4.76837158203125e-07
1959,0.003761768341064453,1.9073486328125e-06,4.76837158203125e-07
1960,0.005681037902832031,1.6689300537109375e-06,7.152557373046875e-07
1961,0.0029273033142089844,1.9073486328125e-06,2.384185791015625e-07
1962,0.002801179885864258,1.9073486328125e-06,2.384185791015625e-07
1963,0.005678892135620117,1.9073486328125e-06,4.76837158203125e-07
1964,0.0032341480255126953,1.6689300537109375e-06,2.384185791015625e-07
1965,0.005262851715087891,1.430511474609375e-06,2.384185791015625e-07
1966,0.006455183029174805,1.9073486328125e-06,4.76837158203125e-07
1967,0.0062901973724365234,2.1457672119140625e-06,4.76837158203125e-07
1968,0.005454063415527344,1.6689300537109375e-06,2.384185791015625e-07
1969,0.006250619888305664,1.6689300537109375e-06,4.76837158203125e-07
1970,0.0051233768463134766,2.1457672119140625e-06,2.384185791015625e-07
1971,0.006985664367675781,1.9073486328125e-06,2.384185791015625e-07
1972,0.006674289703369141,1.9073486328125e-06,4.76837158203125e-07
1973,0.010512590408325195,1.6689300537109375e-06,2.384185791015625e-07
1974,0.0056056976318359375,1.9073486328125e-06,2.384185791015625e-07
1975,0.006033182144165039,1.9073486328125e-06,2.384185791015625e-07
1976,0.009442567825317383,1.9073486328125e-06,4.76837158203125e-07
1977,0.008291244506835938,1.9073486328125e-06,2.384185791015625e-07
1978,0.0061151981353759766,2.1457672119140625e-06,2.384185791015625e-07
1979,0.005207061767578125,1.9073486328125e-06,2.384185791015625e-07
1980,0.008999347686767578,1.9073486328125e-06,2.384185791015625e-07
1981,0.007659912109375,1.9073486328125e-06,2.384185791015625e-07
1982,0.01050567626953125,1.9073486328125e-06,2.384185791015625e-07
1983,0.0069713592529296875,2.1457672119140625e-06,4.76837158203125e-07
1984,0.00589299201965332,2.1457672119140625e-06,2.384185791015625e-07
1985,0.005198001861572266,1.9073486328125e-06,2.384185791015625e-07
1986,0.008483409881591797,2.1457672119140625e-06,2.384185791015625e-07
1987,0.009510517120361328,1.9073486328125e-06,2.384185791015625e-07
1988,0.00835418701171875,1.9073486328125e-06,2.384185791015625e-07
1989,0.005418062210083008,2.1457672119140625e-06,2.384185791015625e-07
1990,0.0064318180084228516,2.1457672119140625e-06,2.384185791015625e-07
1991,0.008502721786499023,1.9073486328125e-06,2.384185791015625e-07
1992,0.005359649658203125,1.9073486328125e-06,4.76837158203125e-07
1993,0.005323648452758789,1.6689300537109375e-06,2.384185791015625e-07
1994,0.007647991180419922,1.9073486328125e-06,2.384185791015625e-07
1995,0.006375551223754883,1.9073486328125e-06,2.384185791015625e-07
1996,0.007727384567260742,1.9073486328125e-06,2.384185791015625e-07
1997,0.006360054016113281,2.1457672119140625e-06,2.384185791015625e-07
1998,0.006446361541748047,1.9073486328125e-06,2.384185791015625e-07
1999,0.010021209716796875,1.9073486328125e-06,2.384185791015625e-07
2000,0.008413314819335938,1.9073486328125e-06,2.384185791015625e-07
2001,0.0048711299896240234,1.9073486328125e-06,2.384185791015625e-07
2002,0.008219003677368164,1.9073486328125e-06,2.384185791015625e-07
2003,0.008976221084594727,1.9073486328125e-06,2.384185791015625e-07
2004,0.007151365280151367,2.1457672119140625e-06,4.76837158203125e-07
2005,0.005136251449584961,2.1457672119140625e-06,2.384185791015625e-07
2006,0.010146617889404297,1.9073486328125e-06,2.384185791015625e-07
2007,0.007371187210083008,1.6689300537109375e-06,2.384185791015625e-07
2008,0.004374980926513672,1.6689300537109375e-06,2.384185791015625e-07
2009,0.0069620609283447266,1.9073486328125e-06,2.384185791015625e-07
2010,0.006978273391723633,1.6689300537109375e-06,2.384185791015625e-07
2011,0.00852060317993164,1.9073486328125e-06,2.384185791015625e-07
2012,0.006837129592895508,1.6689300537109375e-06,2.384185791015625e-07
2013,0.008027076721191406,1.430511474609375e-06,7.152557373046875e-07
2014,0.007923126220703125,1.6689300537109375e-06,2.384185791015625e-07
2015,0.007487058639526367,1.6689300537109375e-06,2.384185791015625e-07
2016,0.006960630416870117,1.6689300537109375e-06,2.384185791015625e-07
2017,0.008130073547363281,1.9073486328125e-06,2.384185791015625e-07
2018,0.008571147918701172,1.9073486328125e-06,2.384185791015625e-07
2019,0.005742311477661133,1.6689300537109375e-06,2.384185791015625e-07
2020,0.007716178894042969,1.6689300537109375e-06,2.384185791015625e-07
2021,0.003421783447265625,1.6689300537109375e-06,2.384185791015625e-07
2022,0.008867979049682617,1.6689300537109375e-06,4.76837158203125e-07
2023,0.008600473403930664,1.6689300537109375e-06,2.384185791015625e-07
2024,0.0072062015533447266,1.6689300537109375e-06,2.384185791015625e-07
2025,0.008103370666503906,1.6689300537109375e-06,2.384185791015625e-07
2026,0.0074307918548583984,1.6689300537109375e-06,4.76837158203125e-07
2027,0.004984855651855469,1.6689300537109375e-06,2.384185791015625e-07
2028,0.004441022872924805,2.1457672119140625e-06,2.384185791015625e-07
2029,0.006999015808105469,1.9073486328125e-06,2.384185791015625e-07
2030,0.006708621978759766,1.9073486328125e-06,2.384185791015625e-07
2031,0.009687662124633789,2.1457672119140625e-06,2.384185791015625e-07
2032,0.004513263702392578,1.9073486328125e-06,2.384185791015625e-07
2033,0.009590864181518555,1.9073486328125e-06,2.384185791015625e-07
2034,0.004550933837890625,2.1457672119140625e-06,2.384185791015625e-07
2035,0.00693202018737793,1.9073486328125e-06,2.384185791015625e-07
2036,0.006102561950683594,1.9073486328125e-06,2.384185791015625e-07
2037,0.006650447845458984,1.9073486328125e-06,2.384185791015625e-07
2038,0.005655765533447266,2.1457672119140625e-06,2.384185791015625e-07
2039,0.004258871078491211,1.9073486328125e-06,2.384185791015625e-07
2040,0.009472846984863281,1.9073486328125e-06,7.152557373046875e-07
2041,0.005949735641479492,1.9073486328125e-06,4.76837158203125e-07
2042,0.010297536849975586,2.384185791015625e-06,2.384185791015625e-07
2043,0.007831811904907227,1.9073486328125e-06,2.384185791015625e-07
2044,0.005373477935791016,1.9073486328125e-06,2.384185791015625e-07
2045,0.010254621505737305,1.6689300537109375e-06,2.384185791015625e-07
2046,0.005468130111694336,1.9073486328125e-06,2.384185791015625e-07
2047,0.00705718994140625,1.6689300537109375e-06,2.384185791015625e-07
2048,0.0061376094818115234,2.1457672119140625e-06,4.76837158203125e-07
2049,0.0046846866607666016,1.9073486328125e-06,9.5367431640625e-07
2050,0.00836038589477539,2.1457672119140625e-06,2.384185791015625e-07
2051,0.00610804557800293,1.9073486328125e-06,2.384185791015625e-07
2052,0.010090351104736328,1.9073486328125e-06,2.384185791015625e-07
2053,0.008616924285888672,1.9073486328125e-06,4.76837158203125e-07
2054,0.006967067718505859,1.6689300537109375e-06,4.76837158203125e-07
2055,0.009204864501953125,1.6689300537109375e-06,4.76837158203125e-07
2056,0.007925748825073242,1.6689300537109375e-06,2.384185791015625e-07
2057,0.0053653717041015625,1.6689300537109375e-06,2.384185791015625e-07
2058,0.009552955627441406,1.430511474609375e-06,4.76837158203125e-07
2059,0.00798344612121582,1.9073486328125e-06,2.384185791015625e-07
2060,0.007699489593505859,1.6689300537109375e-06,2.384185791015625e-07
2061,0.0068378448486328125,1.9073486328125e-06,2.384185791015625e-07
2062,0.006015777587890625,1.6689300537109375e-06,2.384185791015625e-07
2063,0.010044097900390625,1.6689300537109375e-06,2.384185791015625e-07
2064,0.007986307144165039,1.6689300537109375e-06,2.384185791015625e-07
2065,0.009215116500854492,1.9073486328125e-06,2.384185791015625e-07
2066,0.007951736450195312,1.6689300537109375e-06,2.384185791015625e-07
2067,0.008627653121948242,1.6689300537109375e-06,4.76837158203125e-07
2068,0.00493621826171875,1.6689300537109375e-06,2.384185791015625e-07
2069,0.009518146514892578,1.9073486328125e-06,2.384185791015625e-07
2070,0.008410930633544922,1.6689300537109375e-06,2.384185791015625e-07
2071,0.008128166198730469,1.6689300537109375e-06,2.384185791015625e-07
2072,0.005893230438232422,1.430511474609375e-06,2.384185791015625e-07
2073,0.007789134979248047,2.1457672119140625e-06,4.76837158203125e-07
2074,0.006341218948364258,1.9073486328125e-06,2.384185791015625e-07
2075,0.011661529541015625,1.9073486328125e-06,2.384185791015625e-07
2076,0.009926319122314453,2.1457672119140625e-06,2.384185791015625e-07
2077,0.011162996292114258,1.6689300537109375e-06,2.384185791015625e-07
2078,0.009393692016601562,1.9073486328125e-06,2.384185791015625e-07
2079,0.01046299934387207,1.6689300537109375e-06,2.384185791015625e-07
2080,0.008625268936157227,1.6689300537109375e-06,2.384185791015625e-07
2081,0.009488582611083984,1.6689300537109375e-06,4.76837158203125e-07
2082,0.004609584808349609,1.6689300537109375e-06,2.384185791015625e-07
2083,0.006616830825805664,1.9073486328125e-06,2.384185791015625e-07
2084,0.007876396179199219,1.6689300537109375e-06,2.384185791015625e-07
2085,0.0062711238861083984,1.9073486328125e-06,2.384185791015625e-07
2086,0.010221242904663086,1.9073486328125e-06,2.384185791015625e-07
2087,0.0044841766357421875,1.9073486328125e-06,4.76837158203125e-07
2088,0.0069293975830078125,1.6689300537109375e-06,4.76837158203125e-07
2089,0.006358623504638672,1.430511474609375e-06,4.76837158203125e-07
2090,0.007833719253540039,1.9073486328125e-06,7.152557373046875e-07
2091,0.007512569427490234,1.6689300537109375e-06,2.384185791015625e-07
2092,0.006276369094848633,1.6689300537109375e-06,2.384185791015625e-07
2093,0.003910064697265625,1.6689300537109375e-06,2.384185791015625e-07
2094,0.00582575798034668,1.6689300537109375e-06,2.384185791015625e-07
2095,0.008166790008544922,1.9073486328125e-06,2.384185791015625e-07
2096,0.008237838745117188,1.6689300537109375e-06,2.384185791015625e-07
2097,0.0068509578704833984,1.6689300537109375e-06,4.76837158203125e-07
2098,0.01027059555053711,1.6689300537109375e-06,4.76837158203125e-07
2099,0.00794672966003418,1.9073486328125e-06,7.152557373046875e-07
2100,0.009969234466552734,1.6689300537109375e-06,4.76837158203125e-07
2101,0.009460926055908203,1.6689300537109375e-06,2.384185791015625e-07
2102,0.007356166839599609,1.6689300537109375e-06,2.384185791015625e-07
2103,0.009165525436401367,1.6689300537109375e-06,4.76837158203125e-07
2104,0.006891727447509766,1.9073486328125e-06,4.76837158203125e-07
2105,0.004010438919067383,1.6689300537109375e-06,2.384185791015625e-07
2106,0.007271289825439453,2.1457672119140625e-06,2.384185791015625e-07
2107,0.007579326629638672,2.1457672119140625e-06,2.384185791015625e-07
2108,0.009943723678588867,1.9073486328125e-06,2.384185791015625e-07
2109,0.006591796875,2.1457672119140625e-06,2.384185791015625e-07
2110,0.007531642913818359,2.384185791015625e-06,4.76837158203125e-07
2111,0.008625507354736328,1.6689300537109375e-06,2.384185791015625e-07
2112,0.004476308822631836,1.6689300537109375e-06,2.384185791015625e-07
2113,0.005466461181640625,1.6689300537109375e-06,2.384185791015625e-07
2114,0.0048863887786865234,1.6689300537109375e-06,2.384185791015625e-07
2115,0.008409500122070312,1.6689300537109375e-06,2.384185791015625e-07
2116,0.008892297744750977,1.6689300537109375e-06,2.384185791015625e-07
2117,0.009444952011108398,1.6689300537109375e-06,2.384185791015625e-07
2118,0.008567333221435547,1.9073486328125e-06,4.76837158203125e-07
2119,0.006848812103271484,2.1457672119140625e-06,2.384185791015625e-07
2120,0.008778572082519531,2.1457672119140625e-06,2.384185791015625e-07
2121,0.010520696640014648,1.9073486328125e-06,2.384185791015625e-07
2122,0.0057201385498046875,1.6689300537109375e-06,2.384185791015625e-07
2123,0.007119178771972656,1.6689300537109375e-06,2.384185791015625e-07
2124,0.008850336074829102,1.6689300537109375e-06,2.384185791015625e-07
2125,0.008838891983032227,1.6689300537109375e-06,2.384185791015625e-07
2126,0.0063419342041015625,1.9073486328125e-06,2.384185791015625e-07
2127,0.006124973297119141,1.9073486328125e-06,4.76837158203125e-07
2128,0.007383584976196289,1.9073486328125e-06,4.76837158203125e-07
2129,0.010072469711303711,1.9073486328125e-06,2.384185791015625e-07
2130,0.007246971130371094,1.9073486328125e-06,2.384185791015625e-07
2131,0.010206222534179688,1.6689300537109375e-06,2.384185791015625e-07
2132,0.00408935546875,1.6689300537109375e-06,4.76837158203125e-07
2133,0.008353710174560547,1.6689300537109375e-06,2.384185791015625e-07
2134,0.004977226257324219,1.6689300537109375e-06,4.76837158203125e-07
2135,0.009497880935668945,1.6689300537109375e-06,2.384185791015625e-07
2136,0.00873112678527832,1.9073486328125e-06,2.384185791015625e-07
2137,0.010015249252319336,1.6689300537109375e-06,2.384185791015625e-07
2138,0.009498834609985352,1.6689300537109375e-06,2.384185791015625e-07
2139,0.008757352828979492,1.6689300537109375e-06,2.384185791015625e-07
2140,0.008851051330566406,1.6689300537109375e-06,2.384185791015625e-07
2141,0.00609588623046875,1.430511474609375e-06,2.384185791015625e-07
2142,0.0043027400970458984,1.9073486328125e-06,2.384185791015625e-07
2143,0.008831024169921875,1.6689300537109375e-06,2.384185791015625e-07
2144,0.006716251373291016,1.9073486328125e-06,2.384185791015625e-07
2145,0.00972437858581543,1.6689300537109375e-06,4.76837158203125e-07
2146,0.005681276321411133,1.6689300537109375e-06,7.152557373046875e-07
2147,0.005529642105102539,1.6689300537109375e-06,2.384185791015625e-07
2148,0.0092010498046875,1.6689300537109375e-06,4.76837158203125e-07
2149,0.008609533309936523,1.9073486328125e-06,2.384185791015625e-07
2150,0.007601737976074219,1.6689300537109375e-06,2.384185791015625e-07
2151,0.008825540542602539,1.6689300537109375e-06,4.76837158203125e-07
2152,0.003674745559692383,1.9073486328125e-06,2.384185791015625e-07
2153,0.005739450454711914,1.9073486328125e-06,2.384185791015625e-07
2154,0.00687718391418457,1.9073486328125e-06,2.384185791015625e-07
2155,0.00553441047668457,1.9073486328125e-06,2.384185791015625e-07
2156,0.01079559326171875,1.9073486328125e-06,2.384185791015625e-07
2157,0.007921695709228516,2.1457672119140625e-06,2.384185791015625e-07
2158,0.007764101028442383,1.6689300537109375e-06,2.384185791015625e-07
2159,0.005019664764404297,1.6689300537109375e-06,2.384185791015625e-07
2160,0.009133577346801758,1.6689300537109375e-06,4.76837158203125e-07
2161,0.009834766387939453,1.6689300537109375e-06,2.384185791015625e-07
2162,0.009562015533447266,1.6689300537109375e-06,2.384185791015625e-07
2163,0.004862785339355469,1.430511474609375e-06,2.384185791015625e-07
2164,0.007138967514038086,1.6689300537109375e-06,4.76837158203125e-07
2165,0.009444713592529297,1.6689300537109375e-06,2.384185791015625e-07
2166,0.008264780044555664,1.6689300537109375e-06,4.76837158203125e-07
2167,0.008916378021240234,1.9073486328125e-06,2.384185791015625e-07
2168,0.009319305419921875,1.6689300537109375e-06,2.384185791015625e-07
2169,0.00933384895324707,1.6689300537109375e-06,7.152557373046875e-07
2170,0.01004791259765625,1.6689300537109375e-06,4.76837158203125e-07
2171,0.006634235382080078,1.6689300537109375e-06,2.384185791015625e-07
2172,0.008394718170166016,1.6689300537109375e-06,2.384185791015625e-07
2173,0.008071184158325195,1.6689300537109375e-06,4.76837158203125e-07
2174,0.008839130401611328,1.6689300537109375e-06,2.384185791015625e-07
2175,0.010989904403686523,1.9073486328125e-06,2.384185791015625e-07
2176,0.0052449703216552734,1.9073486328125e-06,2.384185791015625e-07
2177,0.007456064224243164,1.9073486328125e-06,2.384185791015625e-07
2178,0.0054209232330322266,2.1457672119140625e-06,2.384185791015625e-07
2179,0.006767988204956055,2.1457672119140625e-06,2.384185791015625e-07
2180,0.007674455642700195,1.9073486328125e-06,2.384185791015625e-07
2181,0.002378225326538086,1.9073486328125e-06,2.384185791015625e-07
2182,0.007218599319458008,1.9073486328125e-06,2.384185791015625e-07
2183,0.006314992904663086,1.9073486328125e-06,2.384185791015625e-07
2184,0.0059702396392822266,1.9073486328125e-06,2.384185791015625e-07
2185,0.009888172149658203,1.9073486328125e-06,2.384185791015625e-07
2186,0.00834202766418457,2.1457672119140625e-06,2.384185791015625e-07
2187,0.008086681365966797,1.9073486328125e-06,2.384185791015625e-07
2188,0.009824275970458984,1.9073486328125e-06,2.384185791015625e-07
2189,0.005578517913818359,2.1457672119140625e-06,4.76837158203125e-07
2190,0.006923675537109375,1.9073486328125e-06,4.76837158203125e-07
2191,0.008088827133178711,2.1457672119140625e-06,4.76837158203125e-07
2192,0.008246660232543945,1.9073486328125e-06,7.152557373046875e-07
2193,0.008932828903198242,1.9073486328125e-06,4.76837158203125e-07
2194,0.008413076400756836,2.1457672119140625e-06,2.384185791015625e-07
2195,0.009200334548950195,2.1457672119140625e-06,2.384185791015625e-07
2196,0.009001970291137695,1.6689300537109375e-06,2.384185791015625e-07
2197,0.008495092391967773,2.1457672119140625e-06,2.384185791015625e-07
2198,0.009325027465820312,1.9073486328125e-06,2.384185791015625e-07
2199,0.01056528091430664,1.9073486328125e-06,4.76837158203125e-07
2200,0.010286092758178711,1.6689300537109375e-06,2.384185791015625e-07
2201,0.007259845733642578,1.9073486328125e-06,2.384185791015625e-07
2202,0.007651805877685547,2.1457672119140625e-06,2.384185791015625e-07
2203,0.007462978363037109,2.1457672119140625e-06,2.384185791015625e-07
2204,0.007100105285644531,1.9073486328125e-06,2.384185791015625e-07
2205,0.006868600845336914,1.9073486328125e-06,2.384185791015625e-07
2206,0.0073299407958984375,1.9073486328125e-06,2.384185791015625e-07
2207,0.009621143341064453,1.9073486328125e-06,2.384185791015625e-07
2208,0.00811767578125,2.1457672119140625e-06,2.384185791015625e-07
2209,0.004840850830078125,1.6689300537109375e-06,4.76837158203125e-07
2210,0.010347127914428711,1.9073486328125e-06,7.152557373046875e-07
2211,0.008208274841308594,2.1457672119140625e-06,2.384185791015625e-07
2212,0.0077173709869384766,1.9073486328125e-06,2.384185791015625e-07
2213,0.006640195846557617,1.9073486328125e-06,2.384185791015625e-07
2214,0.005811214447021484,1.9073486328125e-06,2.384185791015625e-07
2215,0.0049932003021240234,2.1457672119140625e-06,2.384185791015625e-07
2216,0.004333972930908203,1.6689300537109375e-06,2.384185791015625e-07
2217,0.007993936538696289,2.6226043701171875e-06,4.76837158203125e-07
2218,0.008879899978637695,1.9073486328125e-06,4.76837158203125e-07
2219,0.008343935012817383,1.9073486328125e-06,2.384185791015625e-07
2220,0.00761723518371582,1.6689300537109375e-06,2.384185791015625e-07
2221,0.006670713424682617,1.9073486328125e-06,2.384185791015625e-07
2222,0.0037550926208496094,2.1457672119140625e-06,2.384185791015625e-07
2223,0.005424022674560547,1.9073486328125e-06,2.384185791015625e-07
2224,0.005930662155151367,1.9073486328125e-06,4.76837158203125e-07
2225,0.006995677947998047,1.6689300537109375e-06,2.384185791015625e-07
2226,0.009485483169555664,1.6689300537109375e-06,4.76837158203125e-07
2227,0.009196758270263672,1.9073486328125e-06,2.384185791015625e-07
2228,0.010134220123291016,1.6689300537109375e-06,4.76837158203125e-07
2229,0.007272481918334961,1.9073486328125e-06,2.384185791015625e-07
2230,0.007987260818481445,1.9073486328125e-06,2.384185791015625e-07
2231,0.00850987434387207,1.9073486328125e-06,2.384185791015625e-07
2232,0.007212400436401367,1.9073486328125e-06,4.76837158203125e-07
2233,0.009536266326904297,1.9073486328125e-06,2.384185791015625e-07
2234,0.007270336151123047,2.1457672119140625e-06,2.384185791015625e-07
2235,0.0069599151611328125,1.9073486328125e-06,4.76837158203125e-07
2236,0.0061910152435302734,1.6689300537109375e-06,2.384185791015625e-07
2237,0.0060002803802490234,2.1457672119140625e-06,2.384185791015625e-07
2238,0.00884699821472168,1.9073486328125e-06,2.384185791015625e-07
2239,0.008596181869506836,1.9073486328125e-06,2.384185791015625e-07
2240,0.010259151458740234,1.9073486328125e-06,2.384185791015625e-07
2241,0.00910496711730957,2.1457672119140625e-06,2.384185791015625e-07
2242,0.010322332382202148,2.1457672119140625e-06,2.384185791015625e-07
2243,0.009058475494384766,1.9073486328125e-06,2.384185791015625e-07
2244,0.00923919677734375,1.9073486328125e-06,4.76837158203125e-07
2245,0.0076978206634521484,1.6689300537109375e-06,2.384185791015625e-07
2246,0.009630203247070312,1.9073486328125e-06,2.384185791015625e-07
2247,0.004973411560058594,2.1457672119140625e-06,2.384185791015625e-07
2248,0.008301734924316406,1.9073486328125e-06,4.76837158203125e-07
2249,0.008383750915527344,1.9073486328125e-06,7.152557373046875e-07
2250,0.0035495758056640625,1.6689300537109375e-06,4.76837158203125e-07
2251,0.006613254547119141,1.430511474609375e-06,4.76837158203125e-07
2252,0.00950002670288086,1.6689300537109375e-06,2.384185791015625e-07
2253,0.008120536804199219,1.9073486328125e-06,2.384185791015625e-07
2254,0.008156538009643555,1.6689300537109375e-06,2.384185791015625e-07
2255,0.011398553848266602,1.6689300537109375e-06,2.384185791015625e-07
2256,0.00933837890625,1.6689300537109375e-06,2.384185791015625e-07
2257,0.009231805801391602,1.6689300537109375e-06,2.384185791015625e-07
2258,0.008636713027954102,1.9073486328125e-06,4.76837158203125e-07
2259,0.008097648620605469,1.6689300537109375e-06,2.384185791015625e-07
2260,0.007845401763916016,1.9073486328125e-06,2.384185791015625e-07
2261,0.00927591323852539,1.9073486328125e-06,2.384185791015625e-07
2262,0.008017778396606445,1.6689300537109375e-06,2.384185791015625e-07
2263,0.006636619567871094,1.6689300537109375e-06,4.76837158203125e-07
2264,0.0037393569946289062,1.6689300537109375e-06,4.76837158203125e-07
2265,0.009204864501953125,1.6689300537109375e-06,2.384185791015625e-07
2266,0.0067005157470703125,1.6689300537109375e-06,4.76837158203125e-07
2267,0.006094932556152344,1.6689300537109375e-06,2.384185791015625e-07
2268,0.010546684265136719,2.1457672119140625e-06,2.384185791015625e-07
2269,0.006608247756958008,2.1457672119140625e-06,2.384185791015625e-07
2270,0.006648063659667969,1.9073486328125e-06,2.384185791015625e-07
2271,0.007697582244873047,1.9073486328125e-06,4.76837158203125e-07
2272,0.004754304885864258,2.1457672119140625e-06,2.384185791015625e-07
2273,0.009369373321533203,1.6689300537109375e-06,2.384185791015625e-07
2274,0.009765863418579102,1.9073486328125e-06,2.384185791015625e-07
2275,0.005762577056884766,1.6689300537109375e-06,2.384185791015625e-07
2276,0.010538578033447266,1.9073486328125e-06,2.384185791015625e-07
2277,0.0064046382904052734,1.6689300537109375e-06,4.76837158203125e-07
2278,0.007017612457275391,1.6689300537109375e-06,4.76837158203125e-07
2279,0.010427236557006836,2.1457672119140625e-06,2.384185791015625e-07
2280,0.031598567962646484,2.1457672119140625e-06,4.76837158203125e-07
2281,0.007202625274658203,1.9073486328125e-06,2.384185791015625e-07
2282,0.00464320182800293,2.384185791015625e-06,4.76837158203125e-07
2283,0.003190279006958008,1.9073486328125e-06,2.384185791015625e-07
2284,0.006898164749145508,1.9073486328125e-06,2.384185791015625e-07
2285,0.008819818496704102,1.6689300537109375e-06,2.384185791015625e-07
2286,0.006377458572387695,1.6689300537109375e-06,2.384185791015625e-07
2287,0.00798940658569336,1.6689300537109375e-06,2.384185791015625e-07
2288,0.008573770523071289,1.6689300537109375e-06,2.384185791015625e-07
2289,0.007306337356567383,1.6689300537109375e-06,4.76837158203125e-07
2290,0.00823521614074707,1.6689300537109375e-06,2.384185791015625e-07
2291,0.0053822994232177734,1.6689300537109375e-06,2.384185791015625e-07
2292,0.005351066589355469,1.6689300537109375e-06,2.384185791015625e-07
2293,0.0051496028900146484,1.9073486328125e-06,2.384185791015625e-07
2294,0.009407281875610352,1.9073486328125e-06,2.384185791015625e-07
2295,0.008135795593261719,2.1457672119140625e-06,2.384185791015625e-07
2296,0.003444194793701172,2.1457672119140625e-06,2.384185791015625e-07
2297,0.006264686584472656,2.1457672119140625e-06,2.384185791015625e-07
2298,0.006619691848754883,1.9073486328125e-06,2.384185791015625e-07
2299,0.0056819915771484375,2.1457672119140625e-06,4.76837158203125e-07
2300,0.0076067447662353516,1.9073486328125e-06,2.384185791015625e-07
2301,0.010387897491455078,1.9073486328125e-06,2.384185791015625e-07
2302,0.010528802871704102,2.1457672119140625e-06,2.384185791015625e-07
2303,0.008568763732910156,1.9073486328125e-06,2.384185791015625e-07
2304,0.0031812191009521484,1.6689300537109375e-06,2.384185791015625e-07
2305,0.0029649734497070312,1.9073486328125e-06,2.384185791015625e-07
2306,0.007137775421142578,1.6689300537109375e-06,2.384185791015625e-07
2307,0.006876707077026367,2.1457672119140625e-06,2.384185791015625e-07
2308,0.008329153060913086,1.9073486328125e-06,2.384185791015625e-07
2309,0.005767107009887695,1.430511474609375e-06,2.384185791015625e-07
2310,0.007733583450317383,1.6689300537109375e-06,4.76837158203125e-07
2311,0.008664608001708984,1.6689300537109375e-06,2.384185791015625e-07
2312,0.005492210388183594,1.9073486328125e-06,2.384185791015625e-07
2313,0.009126901626586914,1.9073486328125e-06,7.152557373046875e-07
2314,0.0065805912017822266,1.6689300537109375e-06,2.384185791015625e-07
2315,0.005925893783569336,1.6689300537109375e-06,2.384185791015625e-07
2316,0.010039091110229492,1.9073486328125e-06,4.76837158203125e-07
2317,0.00957632064819336,1.6689300537109375e-06,2.384185791015625e-07
2318,0.007236957550048828,1.6689300537109375e-06,2.384185791015625e-07
2319,0.007174491882324219,1.9073486328125e-06,2.384185791015625e-07
2320,0.009894371032714844,1.6689300537109375e-06,2.384185791015625e-07
2321,0.0072231292724609375,1.9073486328125e-06,2.384185791015625e-07
2322,0.008785247802734375,1.9073486328125e-06,4.76837158203125e-07
2323,0.009749889373779297,1.6689300537109375e-06,2.384185791015625e-07
2324,0.005970954895019531,1.6689300537109375e-06,2.384185791015625e-07
2325,0.007044553756713867,1.430511474609375e-06,2.384185791015625e-07
2326,0.00804758071899414,1.6689300537109375e-06,4.76837158203125e-07
2327,0.005514383316040039,1.430511474609375e-06,7.152557373046875e-07
2328,0.007192134857177734,1.9073486328125e-06,2.384185791015625e-07
2329,0.005114316940307617,1.6689300537109375e-06,2.384185791015625e-07
2330,0.009608030319213867,1.6689300537109375e-06,4.76837158203125e-07
2331,0.0047664642333984375,1.9073486328125e-06,2.384185791015625e-07
2332,0.007919788360595703,1.6689300537109375e-06,4.76837158203125e-07
2333,0.008333444595336914,1.6689300537109375e-06,2.384185791015625e-07
2334,0.005602359771728516,1.9073486328125e-06,2.384185791015625e-07
2335,0.00739598274230957,1.6689300537109375e-06,2.384185791015625e-07
2336,0.008115530014038086,1.9073486328125e-06,2.384185791015625e-07
2337,0.0048370361328125,1.6689300537109375e-06,2.384185791015625e-07
2338,0.009058952331542969,1.9073486328125e-06,4.76837158203125e-07
2339,0.007863044738769531,1.9073486328125e-06,4.76837158203125e-07
2340,0.0061376094818115234,1.9073486328125e-06,2.384185791015625e-07
2341,0.009413003921508789,1.6689300537109375e-06,2.384185791015625e-07
2342,0.006467103958129883,2.1457672119140625e-06,2.384185791015625e-07
2343,0.010143280029296875,1.6689300537109375e-06,2.384185791015625e-07
2344,0.008086681365966797,1.9073486328125e-06,2.384185791015625e-07
2345,0.007417917251586914,1.6689300537109375e-06,2.384185791015625e-07
2346,0.006211757659912109,1.6689300537109375e-06,4.76837158203125e-07
2347,0.0073354244232177734,1.6689300537109375e-06,4.76837158203125e-07
2348,0.007923364639282227,1.9073486328125e-06,4.76837158203125e-07
2349,0.005509138107299805,1.9073486328125e-06,2.384185791015625e-07
2350,0.003330230712890625,1.6689300537109375e-06,2.384185791015625e-07
2351,0.006098031997680664,1.6689300537109375e-06,4.76837158203125e-07
2352,0.008377313613891602,1.9073486328125e-06,2.384185791015625e-07
2353,0.008719205856323242,1.6689300537109375e-06,2.384185791015625e-07
2354,0.006644248962402344,1.9073486328125e-06,4.76837158203125e-07
2355,0.0049839019775390625,1.6689300537109375e-06,2.384185791015625e-07
2356,0.009410858154296875,1.9073486328125e-06,2.384185791015625e-07
2357,0.007708072662353516,1.9073486328125e-06,2.384185791015625e-07
2358,0.005229473114013672,1.6689300537109375e-06,2.384185791015625e-07
2359,0.006891012191772461,1.6689300537109375e-06,4.76837158203125e-07
2360,0.004095315933227539,1.6689300537109375e-06,2.384185791015625e-07
2361,0.007823944091796875,1.6689300537109375e-06,2.384185791015625e-07
2362,0.009164810180664062,1.6689300537109375e-06,4.76837158203125e-07
2363,0.011456966400146484,1.430511474609375e-06,2.384185791015625e-07
2364,0.008612394332885742,1.9073486328125e-06,2.384185791015625e-07
2365,0.007717132568359375,1.9073486328125e-06,2.384185791015625e-07
2366,0.007753133773803711,1.6689300537109375e-06,2.384185791015625e-07
2367,0.007344484329223633,1.9073486328125e-06,2.384185791015625e-07
2368,0.005378007888793945,1.6689300537109375e-06,2.384185791015625e-07
2369,0.006138324737548828,1.6689300537109375e-06,2.384185791015625e-07
2370,0.00968027114868164,1.6689300537109375e-06,2.384185791015625e-07
2371,0.009246826171875,1.6689300537109375e-06,2.384185791015625e-07
2372,0.008875370025634766,1.9073486328125e-06,2.384185791015625e-07
2373,0.008725881576538086,1.6689300537109375e-06,2.384185791015625e-07
2374,0.008890151977539062,1.9073486328125e-06,4.76837158203125e-07
2375,0.009618997573852539,1.9073486328125e-06,2.384185791015625e-07
2376,0.007256746292114258,2.1457672119140625e-06,2.384185791015625e-07
2377,0.0065000057220458984,1.6689300537109375e-06,2.384185791015625e-07
2378,0.009911060333251953,1.9073486328125e-06,2.384185791015625e-07
2379,0.010451316833496094,1.6689300537109375e-06,2.384185791015625e-07
2380,0.006899356842041016,2.1457672119140625e-06,4.76837158203125e-07
2381,0.006484031677246094,1.9073486328125e-06,2.384185791015625e-07
2382,0.009678363800048828,1.9073486328125e-06,4.76837158203125e-07
2383,0.006963968276977539,2.1457672119140625e-06,4.76837158203125e-07
2384,0.00758814811706543,2.1457672119140625e-06,2.384185791015625e-07
2385,0.009068965911865234,1.9073486328125e-06,2.384185791015625e-07
2386,0.011460065841674805,1.9073486328125e-06,4.76837158203125e-07
2387,0.0069615840911865234,2.1457672119140625e-06,2.384185791015625e-07
2388,0.0047130584716796875,1.9073486328125e-06,2.384185791015625e-07
2389,0.008209943771362305,2.1457672119140625e-06,2.384185791015625e-07
2390,0.010622262954711914,1.9073486328125e-06,2.384185791015625e-07
2391,0.007324934005737305,1.6689300537109375e-06,2.384185791015625e-07
2392,0.009746313095092773,1.9073486328125e-06,4.76837158203125e-07
2393,0.008018732070922852,1.9073486328125e-06,2.384185791015625e-07
2394,0.008869409561157227,1.9073486328125e-06,2.384185791015625e-07
2395,0.008398294448852539,1.6689300537109375e-06,4.76837158203125e-07
2396,0.005995273590087891,1.6689300537109375e-06,4.76837158203125e-07
2397,0.009491205215454102,1.430511474609375e-06,2.384185791015625e-07
2398,0.004607439041137695,1.9073486328125e-06,2.384185791015625e-07
2399,0.008423805236816406,1.9073486328125e-06,4.76837158203125e-07
2400,0.005064964294433594,2.1457672119140625e-06,2.384185791015625e-07
2401,0.008295297622680664,2.1457672119140625e-06,2.384185791015625e-07
2402,0.005011081695556641,1.9073486328125e-06,2.384185791015625e-07
2403,0.006236076354980469,2.1457672119140625e-06,2.384185791015625e-07
2404,0.00906682014465332,2.1457672119140625e-06,2.384185791015625e-07
2405,0.006886720657348633,1.9073486328125e-06,2.384185791015625e-07
2406,0.008260726928710938,2.1457672119140625e-06,7.152557373046875e-07
2407,0.008312702178955078,1.9073486328125e-06,2.384185791015625e-07
2408,0.007852792739868164,2.1457672119140625e-06,4.76837158203125e-07
2409,0.008154153823852539,1.9073486328125e-06,4.76837158203125e-07
2410,0.008295297622680664,2.384185791015625e-06,2.384185791015625e-07
2411,0.008536815643310547,1.6689300537109375e-06,2.384185791015625e-07
2412,0.00878143310546875,1.6689300537109375e-06,2.384185791015625e-07
2413,0.004465579986572266,1.6689300537109375e-06,2.384185791015625e-07
2414,0.007078886032104492,1.6689300537109375e-06,2.384185791015625e-07
2415,0.010827064514160156,1.6689300537109375e-06,2.384185791015625e-07
2416,0.010503292083740234,1.6689300537109375e-06,2.384185791015625e-07
2417,0.007857084274291992,1.9073486328125e-06,2.384185791015625e-07
2418,0.007131338119506836,1.6689300537109375e-06,2.384185791015625e-07
2419,0.003958463668823242,1.6689300537109375e-06,2.384185791015625e-07
2420,0.00997018814086914,1.6689300537109375e-06,2.384185791015625e-07
2421,0.008201837539672852,1.6689300537109375e-06,2.384185791015625e-07
2422,0.00521397590637207,1.6689300537109375e-06,2.384185791015625e-07
2423,0.004971027374267578,1.9073486328125e-06,2.384185791015625e-07
2424,0.008633136749267578,1.9073486328125e-06,2.384185791015625e-07
2425,0.005525827407836914,1.9073486328125e-06,2.384185791015625e-07
2426,0.006578207015991211,1.9073486328125e-06,2.384185791015625e-07
2427,0.0060825347900390625,1.9073486328125e-06,2.384185791015625e-07
2428,0.0070683956146240234,2.1457672119140625e-06,2.384185791015625e-07
2429,0.006746053695678711,1.6689300537109375e-06,2.384185791015625e-07
2430,0.006418943405151367,1.9073486328125e-06,4.76837158203125e-07
2431,0.008094310760498047,1.9073486328125e-06,2.384185791015625e-07
2432,0.0037055015563964844,1.6689300537109375e-06,2.384185791015625e-07
2433,0.004366159439086914,1.6689300537109375e-06,4.76837158203125e-07
2434,0.007560253143310547,1.6689300537109375e-06,2.384185791015625e-07
2435,0.008703470230102539,1.430511474609375e-06,2.384185791015625e-07
2436,0.007917165756225586,1.6689300537109375e-06,2.384185791015625e-07
2437,0.007197856903076172,1.6689300537109375e-06,2.384185791015625e-07
2438,0.00449681282043457,1.6689300537109375e-06,4.76837158203125e-07
2439,0.003773927688598633,2.1457672119140625e-06,4.76837158203125e-07
2440,0.0019953250885009766,1.9073486328125e-06,4.76837158203125e-07
2441,0.009379863739013672,1.6689300537109375e-06,2.384185791015625e-07
2442,0.008121967315673828,1.6689300537109375e-06,2.384185791015625e-07
2443,0.007800579071044922,1.9073486328125e-06,2.384185791015625e-07
2444,0.0032956600189208984,1.9073486328125e-06,2.384185791015625e-07
2445,0.0090789794921875,1.6689300537109375e-06,2.384185791015625e-07
2446,0.0076808929443359375,1.6689300537109375e-06,2.384185791015625e-07
2447,0.0077130794525146484,1.9073486328125e-06,4.76837158203125e-07
2448,0.006807804107666016,1.9073486328125e-06,2.384185791015625e-07
2449,0.00569915771484375,1.9073486328125e-06,2.384185791015625e-07
2450,0.006651163101196289,1.9073486328125e-06,2.384185791015625e-07
2451,0.00808858871459961,1.6689300537109375e-06,4.76837158203125e-07
2452,0.0057179927825927734,1.9073486328125e-06,4.76837158203125e-07
2453,0.007997274398803711,1.9073486328125e-06,2.384185791015625e-07
2454,0.004257678985595703,1.6689300537109375e-06,2.384185791015625e-07
2455,0.009712696075439453,1.9073486328125e-06,2.384185791015625e-07
2456,0.0070879459381103516,1.430511474609375e-06,2.384185791015625e-07
2457,0.008209228515625,1.9073486328125e-06,2.384185791015625e-07
2458,0.010739326477050781,1.9073486328125e-06,2.384185791015625e-07
2459,0.008116960525512695,1.9073486328125e-06,2.384185791015625e-07
2460,0.008593320846557617,1.9073486328125e-06,2.384185791015625e-07
2461,0.007243156433105469,1.9073486328125e-06,2.384185791015625e-07
2462,0.0074918270111083984,1.9073486328125e-06,2.384185791015625e-07
2463,0.009425640106201172,1.9073486328125e-06,2.384185791015625e-07
2464,0.010175943374633789,1.9073486328125e-06,2.384185791015625e-07
2465,0.009102106094360352,1.6689300537109375e-06,2.384185791015625e-07
2466,0.008528709411621094,2.1457672119140625e-06,2.384185791015625e-07
2467,0.015969514846801758,2.1457672119140625e-06,2.384185791015625e-07
2468,0.0053861141204833984,1.6689300537109375e-06,4.76837158203125e-07
2469,0.0054781436920166016,1.6689300537109375e-06,2.384185791015625e-07
2470,0.013590335845947266,1.9073486328125e-06,4.76837158203125e-07
2471,0.009577512741088867,2.1457672119140625e-06,4.76837158203125e-07
2472,0.012971878051757812,1.9073486328125e-06,4.76837158203125e-07
2473,0.009341955184936523,1.9073486328125e-06,2.384185791015625e-07
2474,0.009201288223266602,2.1457672119140625e-06,2.384185791015625e-07
2475,0.009236812591552734,1.9073486328125e-06,7.152557373046875e-07
2476,0.0076944828033447266,1.9073486328125e-06,2.384185791015625e-07
2477,0.006368875503540039,1.9073486328125e-06,2.384185791015625e-07
2478,0.00443577766418457,2.1457672119140625e-06,2.384185791015625e-07
2479,0.005872249603271484,1.6689300537109375e-06,2.384185791015625e-07
2480,0.00798797607421875,1.9073486328125e-06,2.384185791015625e-07
2481,0.00932168960571289,1.6689300537109375e-06,2.384185791015625e-07
2482,0.006694793701171875,1.6689300537109375e-06,4.76837158203125e-07
2483,0.011467695236206055,1.6689300537109375e-06,2.384185791015625e-07
2484,0.005707740783691406,1.9073486328125e-06,2.384185791015625e-07
2485,0.004796743392944336,1.0251998901367188e-05,7.152557373046875e-07
2486,0.009435892105102539,1.9073486328125e-06,2.384185791015625e-07
2487,0.011167764663696289,1.9073486328125e-06,2.384185791015625e-07
2488,0.005143404006958008,1.9073486328125e-06,2.384185791015625e-07
2489,0.008939981460571289,1.9073486328125e-06,2.384185791015625e-07
2490,0.007853269577026367,1.9073486328125e-06,2.384185791015625e-07
2491,0.009051084518432617,1.9073486328125e-06,2.384185791015625e-07
2492,0.006999015808105469,1.9073486328125e-06,2.384185791015625e-07
2493,0.009283304214477539,1.9073486328125e-06,4.76837158203125e-07
2494,0.010238885879516602,1.9073486328125e-06,4.76837158203125e-07
2495,0.0038645267486572266,2.384185791015625e-06,2.384185791015625e-07
2496,0.00642704963684082,1.9073486328125e-06,2.384185791015625e-07
2497,0.007011890411376953,2.1457672119140625e-06,2.384185791015625e-07
2498,0.008205413818359375,1.9073486328125e-06,2.384185791015625e-07
2499,0.006785154342651367,1.9073486328125e-06,2.384185791015625e-07
2500,0.008687257766723633,1.9073486328125e-06,4.76837158203125e-07
2501,0.008185863494873047,1.9073486328125e-06,2.384185791015625e-07
2502,0.009157657623291016,1.6689300537109375e-06,2.384185791015625e-07
2503,0.012085437774658203,1.6689300537109375e-06,7.152557373046875e-07
2504,0.008623123168945312,1.6689300537109375e-06,2.384185791015625e-07
2505,0.0076367855072021484,1.6689300537109375e-06,2.384185791015625e-07
2506,0.007343769073486328,1.6689300537109375e-06,2.384185791015625e-07
2507,0.009676218032836914,1.6689300537109375e-06,4.76837158203125e-07
2508,0.010567903518676758,1.9073486328125e-06,2.384185791015625e-07
2509,0.011711597442626953,1.430511474609375e-06,4.76837158203125e-07
2510,0.010035514831542969,1.6689300537109375e-06,2.384185791015625e-07
2511,0.009857892990112305,1.6689300537109375e-06,2.384185791015625e-07
2512,0.00986337661743164,1.9073486328125e-06,2.384185791015625e-07
2513,0.009027957916259766,1.9073486328125e-06,2.384185791015625e-07
2514,0.006318330764770508,1.9073486328125e-06,2.384185791015625e-07
2515,0.009567975997924805,1.430511474609375e-06,2.384185791015625e-07
2516,0.008780241012573242,1.9073486328125e-06,2.384185791015625e-07
2517,0.006432533264160156,1.430511474609375e-06,4.76837158203125e-07
2518,0.006718158721923828,1.6689300537109375e-06,2.384185791015625e-07
2519,0.006109714508056641,1.6689300537109375e-06,2.384185791015625e-07
2520,0.0070459842681884766,1.6689300537109375e-06,2.384185791015625e-07
2521,0.0072748661041259766,1.6689300537109375e-06,4.76837158203125e-07
2522,0.006919384002685547,1.6689300537109375e-06,4.76837158203125e-07
2523,0.007421255111694336,1.9073486328125e-06,4.76837158203125e-07
2524,0.007212638854980469,1.9073486328125e-06,4.76837158203125e-07
2525,0.005350828170776367,1.6689300537109375e-06,2.384185791015625e-07
2526,0.0069272518157958984,1.6689300537109375e-06,2.384185791015625e-07
2527,0.009081363677978516,1.6689300537109375e-06,2.384185791015625e-07
2528,0.006498813629150391,1.6689300537109375e-06,2.384185791015625e-07
2529,0.0064733028411865234,1.9073486328125e-06,2.384185791015625e-07
2530,0.0051577091217041016,1.9073486328125e-06,2.384185791015625e-07
2531,0.009148359298706055,2.1457672119140625e-06,2.384185791015625e-07
2532,0.006647825241088867,2.1457672119140625e-06,4.76837158203125e-07
2533,0.008135080337524414,1.9073486328125e-06,2.384185791015625e-07
2534,0.007904052734375,2.1457672119140625e-06,2.384185791015625e-07
2535,0.008242368698120117,1.9073486328125e-06,2.384185791015625e-07
2536,0.00813913345336914,1.6689300537109375e-06,7.152557373046875e-07
2537,0.007831811904907227,1.6689300537109375e-06,2.384185791015625e-07
2538,0.006780385971069336,1.9073486328125e-06,4.76837158203125e-07
2539,0.007795095443725586,1.9073486328125e-06,2.384185791015625e-07
2540,0.009510517120361328,1.6689300537109375e-06,2.384185791015625e-07
2541,0.005279064178466797,1.6689300537109375e-06,2.384185791015625e-07
2542,0.009357452392578125,1.6689300537109375e-06,4.76837158203125e-07
2543,0.006234884262084961,2.1457672119140625e-06,2.384185791015625e-07
2544,0.008092641830444336,1.9073486328125e-06,2.384185791015625e-07
2545,0.00976252555847168,1.9073486328125e-06,4.76837158203125e-07
2546,0.007124900817871094,1.9073486328125e-06,4.76837158203125e-07
2547,0.009023666381835938,1.6689300537109375e-06,4.76837158203125e-07
2548,0.007679462432861328,1.6689300537109375e-06,4.76837158203125e-07
2549,0.0063092708587646484,1.6689300537109375e-06,4.76837158203125e-07
2550,0.007430315017700195,1.430511474609375e-06,4.76837158203125e-07
2551,0.004507541656494141,1.6689300537109375e-06,2.384185791015625e-07
2552,0.004992961883544922,1.6689300537109375e-06,2.384185791015625e-07
2553,0.007509946823120117,1.6689300537109375e-06,4.76837158203125e-07
2554,0.00652003288269043,1.6689300537109375e-06,4.76837158203125e-07
2555,0.004044294357299805,1.6689300537109375e-06,2.384185791015625e-07
2556,0.006036281585693359,1.6689300537109375e-06,4.76837158203125e-07
2557,0.004694223403930664,1.6689300537109375e-06,2.384185791015625e-07
2558,0.004424571990966797,1.6689300537109375e-06,4.76837158203125e-07
2559,0.0032241344451904297,1.6689300537109375e-06,2.384185791015625e-07
2560,0.004575014114379883,1.9073486328125e-06,2.384185791015625e-07
2561,0.004229068756103516,1.6689300537109375e-06,2.384185791015625e-07
2562,0.0030472278594970703,1.6689300537109375e-06,4.76837158203125e-07
2563,0.004344463348388672,1.6689300537109375e-06,2.384185791015625e-07
2564,0.005743265151977539,1.6689300537109375e-06,2.384185791015625e-07
2565,0.005803108215332031,1.6689300537109375e-06,2.384185791015625e-07
2566,0.004701375961303711,1.9073486328125e-06,2.384185791015625e-07
2567,0.00703740119934082,1.9073486328125e-06,2.384185791015625e-07
2568,0.005056142807006836,1.430511474609375e-06,4.76837158203125e-07
2569,0.003862142562866211,1.6689300537109375e-06,2.384185791015625e-07
2570,0.005109071731567383,2.1457672119140625e-06,2.384185791015625e-07
2571,0.0051653385162353516,1.6689300537109375e-06,4.76837158203125e-07
2572,0.005074739456176758,1.6689300537109375e-06,2.384185791015625e-07
2573,0.003874063491821289,1.9073486328125e-06,4.76837158203125e-07
2574,0.0022034645080566406,1.9073486328125e-06,2.384185791015625e-07
2575,0.004989147186279297,1.9073486328125e-06,2.384185791015625e-07
2576,0.004751920700073242,1.6689300537109375e-06,4.76837158203125e-07
2577,0.0034341812133789062,2.1457672119140625e-06,7.152557373046875e-07
2578,0.0036513805389404297,1.6689300537109375e-06,2.384185791015625e-07
2579,0.005330801010131836,1.9073486328125e-06,2.384185791015625e-07
2580,0.006369113922119141,1.6689300537109375e-06,2.384185791015625e-07
2581,0.004297018051147461,1.6689300537109375e-06,2.384185791015625e-07
2582,0.004549264907836914,1.9073486328125e-06,2.384185791015625e-07
2583,0.005323171615600586,1.9073486328125e-06,4.76837158203125e-07
2584,0.005947589874267578,1.6689300537109375e-06,2.384185791015625e-07
2585,0.004751920700073242,1.9073486328125e-06,2.384185791015625e-07
2586,0.0038530826568603516,1.9073486328125e-06,2.384185791015625e-07
2587,0.0054836273193359375,1.9073486328125e-06,4.76837158203125e-07
2588,0.004731893539428711,2.1457672119140625e-06,2.384185791015625e-07
2589,0.0036852359771728516,2.1457672119140625e-06,2.384185791015625e-07
2590,0.006114959716796875,2.1457672119140625e-06,2.384185791015625e-07
2591,0.007954835891723633,1.6689300537109375e-06,4.76837158203125e-07
2592,0.004106044769287109,2.384185791015625e-06,2.384185791015625e-07
2593,0.005846738815307617,1.9073486328125e-06,4.76837158203125e-07
2594,0.003595590591430664,1.6689300537109375e-06,2.384185791015625e-07
2595,0.005983114242553711,1.6689300537109375e-06,2.384185791015625e-07
2596,0.009640693664550781,1.9073486328125e-06,2.384185791015625e-07
2597,0.004217863082885742,1.9073486328125e-06,2.384185791015625e-07
2598,0.0058438777923583984,1.9073486328125e-06,4.76837158203125e-07
2599,0.004658937454223633,1.9073486328125e-06,4.76837158203125e-07
2600,0.008757591247558594,2.1457672119140625e-06,4.76837158203125e-07
2601,0.005674839019775391,2.1457672119140625e-06,4.76837158203125e-07
2602,0.006693363189697266,1.9073486328125e-06,4.76837158203125e-07
2603,0.0045588016510009766,1.430511474609375e-06,4.76837158203125e-07
2604,0.00583648681640625,1.9073486328125e-06,2.384185791015625e-07
2605,0.009061813354492188,1.9073486328125e-06,2.384185791015625e-07
2606,0.005631208419799805,1.6689300537109375e-06,2.384185791015625e-07
2607,0.00717473030090332,1.6689300537109375e-06,2.384185791015625e-07
2608,0.0069959163665771484,1.6689300537109375e-06,2.384185791015625e-07
2609,0.008418560028076172,1.9073486328125e-06,2.384185791015625e-07
2610,0.010332822799682617,1.9073486328125e-06,2.384185791015625e-07
2611,0.007820606231689453,1.6689300537109375e-06,2.384185791015625e-07
2612,0.0065419673919677734,1.6689300537109375e-06,2.384185791015625e-07
2613,0.008137226104736328,1.6689300537109375e-06,2.384185791015625e-07
2614,0.005993366241455078,1.6689300537109375e-06,2.384185791015625e-07
2615,0.007660627365112305,1.6689300537109375e-06,4.76837158203125e-07
2616,0.006206512451171875,1.9073486328125e-06,2.384185791015625e-07
2617,0.012083768844604492,1.6689300537109375e-06,4.76837158203125e-07
2618,0.007292985916137695,1.6689300537109375e-06,4.76837158203125e-07
2619,0.013410329818725586,1.6689300537109375e-06,2.384185791015625e-07
2620,0.011324882507324219,1.430511474609375e-06,2.384185791015625e-07
2621,0.009134531021118164,1.6689300537109375e-06,2.384185791015625e-07
2622,0.005709171295166016,1.6689300537109375e-06,2.384185791015625e-07
2623,0.00885319709777832,1.6689300537109375e-06,4.76837158203125e-07
2624,0.010521888732910156,1.6689300537109375e-06,2.384185791015625e-07
2625,0.0056760311126708984,1.6689300537109375e-06,2.384185791015625e-07
2626,0.00523829460144043,1.6689300537109375e-06,2.384185791015625e-07
2627,0.005666017532348633,1.9073486328125e-06,4.76837158203125e-07
2628,0.009317398071289062,1.6689300537109375e-06,2.384185791015625e-07
2629,0.007670402526855469,1.6689300537109375e-06,2.384185791015625e-07
2630,0.010339021682739258,1.6689300537109375e-06,2.384185791015625e-07
2631,0.004485368728637695,1.9073486328125e-06,2.384185791015625e-07
2632,0.00418853759765625,1.6689300537109375e-06,2.384185791015625e-07
2633,0.007302284240722656,1.6689300537109375e-06,2.384185791015625e-07
2634,0.00908803939819336,1.9073486328125e-06,2.384185791015625e-07
2635,0.004305362701416016,1.9073486328125e-06,2.384185791015625e-07
2636,0.005021095275878906,1.6689300537109375e-06,4.76837158203125e-07
2637,0.007892608642578125,1.6689300537109375e-06,2.384185791015625e-07
2638,0.009526252746582031,1.6689300537109375e-06,2.384185791015625e-07
2639,0.007033586502075195,1.9073486328125e-06,2.384185791015625e-07
2640,0.007275104522705078,1.9073486328125e-06,7.152557373046875e-07
2641,0.0076181888580322266,1.6689300537109375e-06,4.76837158203125e-07
2642,0.007598400115966797,1.6689300537109375e-06,2.384185791015625e-07
2643,0.006293773651123047,1.6689300537109375e-06,2.384185791015625e-07
2644,0.010528564453125,1.430511474609375e-06,2.384185791015625e-07
2645,0.00543665885925293,1.6689300537109375e-06,4.76837158203125e-07
2646,0.005954265594482422,1.430511474609375e-06,2.384185791015625e-07
2647,0.0062313079833984375,1.6689300537109375e-06,2.384185791015625e-07
2648,0.005988121032714844,1.430511474609375e-06,4.76837158203125e-07
2649,0.0072629451751708984,1.6689300537109375e-06,2.384185791015625e-07
2650,0.008240461349487305,1.6689300537109375e-06,2.384185791015625e-07
2651,0.0067462921142578125,1.9073486328125e-06,4.76837158203125e-07
2652,0.0030617713928222656,2.1457672119140625e-06,2.384185791015625e-07
2653,0.0050127506256103516,1.9073486328125e-06,2.384185791015625e-07
2654,0.0033524036407470703,1.9073486328125e-06,2.384185791015625e-07
2655,0.006121635437011719,1.9073486328125e-06,4.76837158203125e-07
2656,0.003906965255737305,1.9073486328125e-06,4.76837158203125e-07
2657,0.005017757415771484,2.1457672119140625e-06,4.76837158203125e-07
2658,0.004639863967895508,1.9073486328125e-06,4.76837158203125e-07
2659,0.004157543182373047,1.9073486328125e-06,7.152557373046875e-07
2660,0.002612590789794922,1.9073486328125e-06,2.384185791015625e-07
2661,0.004754543304443359,2.1457672119140625e-06,2.384185791015625e-07
2662,0.007434844970703125,1.9073486328125e-06,2.384185791015625e-07
2663,0.0068662166595458984,2.1457672119140625e-06,7.152557373046875e-07
2664,0.005443572998046875,2.384185791015625e-06,2.384185791015625e-07
2665,0.0034704208374023438,2.1457672119140625e-06,4.76837158203125e-07
2666,0.0034894943237304688,1.9073486328125e-06,4.76837158203125e-07
2667,0.004212856292724609,1.9073486328125e-06,2.384185791015625e-07
2668,0.0034987926483154297,1.9073486328125e-06,4.76837158203125e-07
2669,0.004288196563720703,1.9073486328125e-06,2.384185791015625e-07
2670,0.0016400814056396484,1.9073486328125e-06,2.384185791015625e-07
2671,0.007875442504882812,1.9073486328125e-06,2.384185791015625e-07
2672,0.006048917770385742,1.9073486328125e-06,2.384185791015625e-07
2673,0.003984689712524414,1.9073486328125e-06,2.384185791015625e-07
2674,0.0046465396881103516,1.9073486328125e-06,2.384185791015625e-07
2675,0.006357669830322266,1.9073486328125e-06,2.384185791015625e-07
2676,0.005049228668212891,1.9073486328125e-06,4.76837158203125e-07
2677,0.00518035888671875,1.9073486328125e-06,2.384185791015625e-07
2678,0.004643678665161133,1.9073486328125e-06,2.384185791015625e-07
2679,0.006820201873779297,1.9073486328125e-06,2.384185791015625e-07
2680,0.005278348922729492,1.9073486328125e-06,2.384185791015625e-07
2681,0.006345033645629883,1.6689300537109375e-06,2.384185791015625e-07
2682,0.0048067569732666016,1.6689300537109375e-06,2.384185791015625e-07
2683,0.004158973693847656,1.9073486328125e-06,2.384185791015625e-07
2684,0.004294633865356445,1.9073486328125e-06,2.384185791015625e-07
2685,0.0058231353759765625,1.9073486328125e-06,4.76837158203125e-07
2686,0.005477190017700195,1.6689300537109375e-06,7.152557373046875e-07
2687,0.004641532897949219,1.6689300537109375e-06,2.384185791015625e-07
2688,0.004886627197265625,1.6689300537109375e-06,2.384185791015625e-07
2689,0.0053904056549072266,1.9073486328125e-06,2.384185791015625e-07
2690,0.004861116409301758,1.6689300537109375e-06,2.384185791015625e-07
2691,0.00920414924621582,1.6689300537109375e-06,4.76837158203125e-07
2692,0.005433797836303711,1.9073486328125e-06,2.384185791015625e-07
2693,0.009752035140991211,1.6689300537109375e-06,2.384185791015625e-07
2694,0.008491992950439453,1.6689300537109375e-06,2.384185791015625e-07
2695,0.007727146148681641,2.1457672119140625e-06,2.384185791015625e-07
2696,0.00818324089050293,2.1457672119140625e-06,2.384185791015625e-07
2697,0.005661487579345703,1.9073486328125e-06,4.76837158203125e-07
2698,0.004711151123046875,1.6689300537109375e-06,2.384185791015625e-07
2699,0.00668025016784668,1.6689300537109375e-06,2.384185791015625e-07
2700,0.0023255348205566406,1.6689300537109375e-06,4.76837158203125e-07
2701,0.003606557846069336,1.6689300537109375e-06,2.384185791015625e-07
2702,0.004265785217285156,1.6689300537109375e-06,2.384185791015625e-07
2703,0.0031790733337402344,1.6689300537109375e-06,2.384185791015625e-07
2704,0.0037250518798828125,1.6689300537109375e-06,2.384185791015625e-07
2705,0.005028963088989258,1.6689300537109375e-06,2.384185791015625e-07
2706,0.005063533782958984,1.9073486328125e-06,2.384185791015625e-07
2707,0.0059511661529541016,1.6689300537109375e-06,2.384185791015625e-07
2708,0.0052280426025390625,1.6689300537109375e-06,4.76837158203125e-07
2709,0.006390094757080078,1.6689300537109375e-06,2.384185791015625e-07
2710,0.005425214767456055,1.6689300537109375e-06,2.384185791015625e-07
2711,0.006596565246582031,2.1457672119140625e-06,2.384185791015625e-07
2712,0.005047798156738281,1.9073486328125e-06,4.76837158203125e-07
2713,0.009916305541992188,1.9073486328125e-06,2.384185791015625e-07
2714,0.007741212844848633,1.9073486328125e-06,2.384185791015625e-07
2715,0.007496356964111328,1.9073486328125e-06,2.384185791015625e-07
2716,0.009308338165283203,1.9073486328125e-06,2.384185791015625e-07
2717,0.007147789001464844,1.9073486328125e-06,2.384185791015625e-07
2718,0.007851362228393555,2.1457672119140625e-06,4.76837158203125e-07
2719,0.007994651794433594,2.1457672119140625e-06,2.384185791015625e-07
2720,0.009161710739135742,1.9073486328125e-06,2.384185791015625e-07
2721,0.007445335388183594,1.9073486328125e-06,4.76837158203125e-07
2722,0.011307001113891602,2.1457672119140625e-06,2.384185791015625e-07
2723,0.00581669807434082,2.1457672119140625e-06,4.76837158203125e-07
2724,0.006011247634887695,2.384185791015625e-06,4.76837158203125e-07
2725,0.004666328430175781,2.1457672119140625e-06,2.384185791015625e-07
2726,0.005068540573120117,1.9073486328125e-06,2.384185791015625e-07
2727,0.004176139831542969,1.9073486328125e-06,7.152557373046875e-07
2728,0.006327152252197266,1.9073486328125e-06,2.384185791015625e-07
2729,0.0045473575592041016,1.9073486328125e-06,2.384185791015625e-07
2730,0.006341218948364258,1.9073486328125e-06,2.384185791015625e-07
2731,0.005275249481201172,2.1457672119140625e-06,2.384185791015625e-07
2732,0.0076465606689453125,1.9073486328125e-06,4.76837158203125e-07
2733,0.006322622299194336,1.6689300537109375e-06,4.76837158203125e-07
2734,0.00563812255859375,1.9073486328125e-06,4.76837158203125e-07
2735,0.004086494445800781,1.6689300537109375e-06,2.384185791015625e-07
2736,0.007028818130493164,1.6689300537109375e-06,7.152557373046875e-07
2737,0.007310390472412109,1.6689300537109375e-06,4.76837158203125e-07
2738,0.009325742721557617,1.6689300537109375e-06,2.384185791015625e-07
2739,0.010472774505615234,2.1457672119140625e-06,4.76837158203125e-07
2740,0.005642890930175781,1.6689300537109375e-06,2.384185791015625e-07
2741,0.010568380355834961,1.9073486328125e-06,4.76837158203125e-07
2742,0.011060953140258789,1.6689300537109375e-06,4.76837158203125e-07
2743,0.007242679595947266,1.6689300537109375e-06,2.384185791015625e-07
2744,0.0054471492767333984,1.6689300537109375e-06,2.384185791015625e-07
2745,0.007176876068115234,2.1457672119140625e-06,4.76837158203125e-07
2746,0.01007390022277832,2.1457672119140625e-06,2.384185791015625e-07
2747,0.01026010513305664,2.1457672119140625e-06,0.0
2748,0.009134769439697266,2.1457672119140625e-06,2.384185791015625e-07
2749,0.005723476409912109,1.9073486328125e-06,2.384185791015625e-07
2750,0.00538325309753418,2.1457672119140625e-06,2.384185791015625e-07
2751,0.008079290390014648,1.9073486328125e-06,2.384185791015625e-07
2752,0.007857561111450195,1.9073486328125e-06,4.76837158203125e-07
2753,0.005949974060058594,2.1457672119140625e-06,2.384185791015625e-07
2754,0.003912925720214844,1.9073486328125e-06,2.384185791015625e-07
2755,0.005181550979614258,1.9073486328125e-06,2.384185791015625e-07
2756,0.006368160247802734,2.1457672119140625e-06,2.384185791015625e-07
2757,0.004397869110107422,1.9073486328125e-06,2.384185791015625e-07
2758,0.004946470260620117,1.9073486328125e-06,2.384185791015625e-07
2759,0.0032210350036621094,1.9073486328125e-06,2.384185791015625e-07
2760,0.0028200149536132812,1.9073486328125e-06,4.76837158203125e-07
2761,0.004437446594238281,1.9073486328125e-06,2.384185791015625e-07
2762,0.0052263736724853516,1.9073486328125e-06,2.384185791015625e-07
2763,0.003606557846069336,1.9073486328125e-06,2.384185791015625e-07
2764,0.006706714630126953,2.1457672119140625e-06,2.384185791015625e-07
2765,0.003199338912963867,1.6689300537109375e-06,4.76837158203125e-07
2766,0.006499052047729492,1.9073486328125e-06,4.76837158203125e-07
2767,0.0035860538482666016,1.9073486328125e-06,2.384185791015625e-07
2768,0.003512859344482422,1.9073486328125e-06,7.152557373046875e-07
2769,0.00536656379699707,1.9073486328125e-06,4.76837158203125e-07
2770,0.003259897232055664,2.1457672119140625e-06,4.76837158203125e-07
2771,0.005281925201416016,1.9073486328125e-06,2.384185791015625e-07
2772,0.0046155452728271484,1.9073486328125e-06,2.384185791015625e-07
2773,0.0041904449462890625,1.6689300537109375e-06,2.384185791015625e-07
2774,0.0058290958404541016,2.1457672119140625e-06,2.384185791015625e-07
2775,0.0051572322845458984,1.6689300537109375e-06,2.384185791015625e-07
2776,0.00462651252746582,2.1457672119140625e-06,2.384185791015625e-07
2777,0.003999233245849609,1.6689300537109375e-06,4.76837158203125e-07
2778,0.006015777587890625,1.9073486328125e-06,2.384185791015625e-07
2779,0.006396055221557617,1.6689300537109375e-06,2.384185791015625e-07
2780,0.006534099578857422,2.1457672119140625e-06,2.384185791015625e-07
2781,0.002935171127319336,1.6689300537109375e-06,2.384185791015625e-07
2782,0.004300117492675781,1.9073486328125e-06,2.384185791015625e-07
2783,0.006665945053100586,1.6689300537109375e-06,2.384185791015625e-07
2784,0.006648540496826172,1.9073486328125e-06,4.76837158203125e-07
2785,0.006215333938598633,1.6689300537109375e-06,4.76837158203125e-07
2786,0.004666805267333984,1.6689300537109375e-06,4.76837158203125e-07
2787,0.005681514739990234,1.6689300537109375e-06,4.76837158203125e-07
2788,0.004292488098144531,1.430511474609375e-06,2.384185791015625e-07
2789,0.007003307342529297,1.6689300537109375e-06,2.384185791015625e-07
2790,0.005620241165161133,1.9073486328125e-06,2.384185791015625e-07
2791,0.004700899124145508,1.9073486328125e-06,2.384185791015625e-07
2792,0.003339529037475586,2.1457672119140625e-06,2.384185791015625e-07
2793,0.007245063781738281,1.9073486328125e-06,4.76837158203125e-07
2794,0.006176948547363281,1.9073486328125e-06,2.384185791015625e-07
2795,0.004503965377807617,2.1457672119140625e-06,7.152557373046875e-07
2796,0.006167888641357422,1.6689300537109375e-06,2.384185791015625e-07
2797,0.006586551666259766,1.9073486328125e-06,2.384185791015625e-07
2798,0.005957841873168945,1.9073486328125e-06,4.76837158203125e-07
2799,0.0038962364196777344,1.9073486328125e-06,2.384185791015625e-07
2800,0.004674673080444336,1.9073486328125e-06,2.384185791015625e-07
2801,0.004780769348144531,2.1457672119140625e-06,4.76837158203125e-07
2802,0.005804538726806641,1.9073486328125e-06,2.384185791015625e-07
2803,0.0040645599365234375,1.9073486328125e-06,2.384185791015625e-07
2804,0.004700899124145508,1.6689300537109375e-06,4.76837158203125e-07
2805,0.006066799163818359,2.1457672119140625e-06,4.76837158203125e-07
2806,0.005846500396728516,1.9073486328125e-06,4.76837158203125e-07
2807,0.005876064300537109,1.9073486328125e-06,2.384185791015625e-07
2808,0.006177663803100586,2.1457672119140625e-06,4.76837158203125e-07
2809,0.004098415374755859,2.1457672119140625e-06,2.384185791015625e-07
2810,0.004835605621337891,1.9073486328125e-06,4.76837158203125e-07
2811,0.005314826965332031,1.6689300537109375e-06,2.384185791015625e-07
2812,0.00516819953918457,1.430511474609375e-06,2.384185791015625e-07
2813,0.005717277526855469,1.9073486328125e-06,4.76837158203125e-07
2814,0.003538370132446289,1.6689300537109375e-06,2.384185791015625e-07
2815,0.00486302375793457,2.1457672119140625e-06,2.384185791015625e-07
2816,0.006418466567993164,1.9073486328125e-06,2.384185791015625e-07
2817,0.002011537551879883,1.6689300537109375e-06,2.384185791015625e-07
2818,0.006947994232177734,1.9073486328125e-06,4.76837158203125e-07
2819,0.00627446174621582,1.6689300537109375e-06,2.384185791015625e-07
2820,0.00449371337890625,1.6689300537109375e-06,2.384185791015625e-07
2821,0.0054492950439453125,1.6689300537109375e-06,2.384185791015625e-07
2822,0.005098819732666016,1.9073486328125e-06,2.384185791015625e-07
2823,0.004215717315673828,1.430511474609375e-06,2.384185791015625e-07
2824,0.006555795669555664,1.6689300537109375e-06,2.384185791015625e-07
2825,0.004150867462158203,1.6689300537109375e-06,2.384185791015625e-07
2826,0.005126237869262695,1.6689300537109375e-06,2.384185791015625e-07
2827,0.005280256271362305,1.430511474609375e-06,2.384185791015625e-07
2828,0.004779338836669922,1.6689300537109375e-06,2.384185791015625e-07
2829,0.006468296051025391,1.9073486328125e-06,2.384185791015625e-07
2830,0.006605625152587891,1.6689300537109375e-06,2.384185791015625e-07
2831,0.004399538040161133,1.6689300537109375e-06,4.76837158203125e-07
2832,0.0041904449462890625,1.6689300537109375e-06,7.152557373046875e-07
2833,0.0047948360443115234,1.6689300537109375e-06,4.76837158203125e-07
2834,0.006052494049072266,1.6689300537109375e-06,4.76837158203125e-07
2835,0.005063056945800781,1.6689300537109375e-06,4.76837158203125e-07
2836,0.003311634063720703,1.9073486328125e-06,2.384185791015625e-07
2837,0.005425214767456055,1.9073486328125e-06,2.384185791015625e-07
2838,0.0038907527923583984,1.9073486328125e-06,2.384185791015625e-07
2839,0.005562782287597656,2.1457672119140625e-06,4.76837158203125e-07
2840,0.003597736358642578,1.9073486328125e-06,4.76837158203125e-07
2841,0.005454063415527344,1.9073486328125e-06,7.152557373046875e-07
2842,0.00650334358215332,1.9073486328125e-06,4.76837158203125e-07
2843,0.006246089935302734,1.9073486328125e-06,2.384185791015625e-07
2844,0.008806467056274414,1.9073486328125e-06,2.384185791015625e-07
2845,0.0051076412200927734,1.9073486328125e-06,2.384185791015625e-07
2846,0.00791621208190918,1.9073486328125e-06,2.384185791015625e-07
2847,0.009197473526000977,2.1457672119140625e-06,2.384185791015625e-07
2848,0.00469970703125,1.6689300537109375e-06,2.384185791015625e-07
2849,0.0047762393951416016,1.6689300537109375e-06,2.384185791015625e-07
2850,0.010631799697875977,1.9073486328125e-06,2.384185791015625e-07
2851,0.008868694305419922,1.9073486328125e-06,2.384185791015625e-07
2852,0.009106159210205078,1.9073486328125e-06,4.76837158203125e-07
2853,0.005603313446044922,2.1457672119140625e-06,4.76837158203125e-07
2854,0.006569623947143555,2.1457672119140625e-06,2.384185791015625e-07
2855,0.005385160446166992,2.384185791015625e-06,7.152557373046875e-07
2856,0.007764101028442383,1.9073486328125e-06,4.76837158203125e-07
2857,0.0032629966735839844,1.9073486328125e-06,2.384185791015625e-07
2858,0.008619546890258789,2.1457672119140625e-06,2.384185791015625e-07
2859,0.005470991134643555,1.9073486328125e-06,2.384185791015625e-07
2860,0.007231235504150391,1.9073486328125e-06,2.384185791015625e-07
2861,0.005342006683349609,2.1457672119140625e-06,2.384185791015625e-07
2862,0.0070803165435791016,2.1457672119140625e-06,2.384185791015625e-07
2863,0.011723041534423828,1.9073486328125e-06,2.384185791015625e-07
2864,0.008897066116333008,1.9073486328125e-06,7.152557373046875e-07
2865,0.010889053344726562,1.9073486328125e-06,2.384185791015625e-07
2866,0.008957862854003906,1.9073486328125e-06,2.384185791015625e-07
2867,0.010251045227050781,1.9073486328125e-06,2.384185791015625e-07
2868,0.0060577392578125,1.9073486328125e-06,2.384185791015625e-07
2869,0.008695363998413086,1.9073486328125e-06,2.384185791015625e-07
2870,0.007576704025268555,1.9073486328125e-06,4.76837158203125e-07
2871,0.006147623062133789,1.6689300537109375e-06,2.384185791015625e-07
2872,0.007638216018676758,2.1457672119140625e-06,2.384185791015625e-07
2873,0.007355213165283203,1.9073486328125e-06,2.384185791015625e-07
2874,0.008558988571166992,1.9073486328125e-06,2.384185791015625e-07
2875,0.004946708679199219,1.9073486328125e-06,2.384185791015625e-07
2876,0.00632929801940918,2.1457672119140625e-06,2.384185791015625e-07
2877,0.008626699447631836,2.1457672119140625e-06,4.76837158203125e-07
2878,0.008187294006347656,1.9073486328125e-06,2.384185791015625e-07
2879,0.00928950309753418,1.9073486328125e-06,2.384185791015625e-07
2880,0.009765863418579102,2.1457672119140625e-06,2.384185791015625e-07
2881,0.008808612823486328,1.9073486328125e-06,2.384185791015625e-07
2882,0.007376670837402344,2.1457672119140625e-06,2.384185791015625e-07
2883,0.009752273559570312,1.9073486328125e-06,2.384185791015625e-07
2884,0.00861215591430664,2.1457672119140625e-06,2.384185791015625e-07
2885,0.005570888519287109,1.6689300537109375e-06,4.76837158203125e-07
2886,0.007062435150146484,1.9073486328125e-06,2.384185791015625e-07
2887,0.00896453857421875,1.9073486328125e-06,2.384185791015625e-07
2888,0.009076833724975586,1.6689300537109375e-06,2.384185791015625e-07
2889,0.006902456283569336,1.6689300537109375e-06,2.384185791015625e-07
2890,0.003784656524658203,1.9073486328125e-06,4.76837158203125e-07
2891,0.010100841522216797,1.6689300537109375e-06,2.384185791015625e-07
2892,0.0046231746673583984,1.6689300537109375e-06,4.76837158203125e-07
2893,0.0063588619232177734,1.6689300537109375e-06,4.76837158203125e-07
2894,0.0058803558349609375,1.6689300537109375e-06,4.76837158203125e-07
2895,0.006395578384399414,1.9073486328125e-06,4.76837158203125e-07
2896,0.004530668258666992,1.9073486328125e-06,2.384185791015625e-07
2897,0.0028290748596191406,1.9073486328125e-06,2.384185791015625e-07
2898,0.00582432746887207,1.9073486328125e-06,2.384185791015625e-07
2899,0.005010128021240234,2.1457672119140625e-06,4.76837158203125e-07
2900,0.005088090896606445,1.9073486328125e-06,2.384185791015625e-07
2901,0.004100799560546875,2.1457672119140625e-06,2.384185791015625e-07
2902,0.0057048797607421875,1.6689300537109375e-06,2.384185791015625e-07
2903,0.004354715347290039,2.1457672119140625e-06,2.384185791015625e-07
2904,0.0068700313568115234,1.9073486328125e-06,2.384185791015625e-07
2905,0.0062143802642822266,2.1457672119140625e-06,2.384185791015625e-07
2906,0.004233598709106445,1.9073486328125e-06,2.384185791015625e-07
2907,0.00504755973815918,1.9073486328125e-06,2.384185791015625e-07
2908,0.005067586898803711,1.9073486328125e-06,4.76837158203125e-07
2909,0.0056972503662109375,1.9073486328125e-06,2.384185791015625e-07
2910,0.006283760070800781,1.9073486328125e-06,2.384185791015625e-07
2911,0.004384279251098633,1.9073486328125e-06,2.384185791015625e-07
2912,0.00560760498046875,1.9073486328125e-06,2.384185791015625e-07
2913,0.004805803298950195,2.1457672119140625e-06,7.152557373046875e-07
2914,0.006546497344970703,1.9073486328125e-06,4.76837158203125e-07
2915,0.002886533737182617,2.384185791015625e-06,2.384185791015625e-07
2916,0.006360530853271484,1.6689300537109375e-06,2.384185791015625e-07
2917,0.004498958587646484,2.1457672119140625e-06,2.384185791015625e-07
2918,0.0066967010498046875,2.1457672119140625e-06,2.384185791015625e-07
2919,0.004063606262207031,1.9073486328125e-06,2.384185791015625e-07
2920,0.0040891170501708984,1.6689300537109375e-06,2.384185791015625e-07
2921,0.003966569900512695,1.6689300537109375e-06,4.76837158203125e-07
2922,0.004568338394165039,1.9073486328125e-06,4.76837158203125e-07
2923,0.004218339920043945,1.6689300537109375e-06,2.384185791015625e-07
2924,0.005971193313598633,2.1457672119140625e-06,2.384185791015625e-07
2925,0.004177570343017578,1.9073486328125e-06,2.384185791015625e-07
2926,0.004636526107788086,2.1457672119140625e-06,2.384185791015625e-07
2927,0.005521059036254883,1.9073486328125e-06,2.384185791015625e-07
2928,0.0055751800537109375,1.6689300537109375e-06,4.76837158203125e-07
2929,0.005034923553466797,1.9073486328125e-06,2.384185791015625e-07
2930,0.00452113151550293,1.6689300537109375e-06,4.76837158203125e-07
2931,0.00439453125,1.9073486328125e-06,7.152557373046875e-07
2932,0.006678104400634766,1.9073486328125e-06,4.76837158203125e-07
2933,0.004261493682861328,1.6689300537109375e-06,2.384185791015625e-07
2934,0.009113311767578125,1.6689300537109375e-06,2.384185791015625e-07
2935,0.007491350173950195,1.6689300537109375e-06,2.384185791015625e-07
2936,0.009933948516845703,1.9073486328125e-06,4.76837158203125e-07
2937,0.00817108154296875,1.6689300537109375e-06,2.384185791015625e-07
2938,0.004945993423461914,1.6689300537109375e-06,4.76837158203125e-07
2939,0.00792694091796875,1.9073486328125e-06,2.384185791015625e-07
2940,0.00754094123840332,1.9073486328125e-06,4.76837158203125e-07
2941,0.008011341094970703,2.1457672119140625e-06,4.76837158203125e-07
2942,0.005990266799926758,1.9073486328125e-06,2.384185791015625e-07
2943,0.008234024047851562,2.1457672119140625e-06,2.384185791015625e-07
2944,0.010373353958129883,2.1457672119140625e-06,7.152557373046875e-07
2945,0.008291482925415039,2.1457672119140625e-06,2.384185791015625e-07
2946,0.0052242279052734375,1.9073486328125e-06,2.384185791015625e-07
2947,0.0037496089935302734,1.9073486328125e-06,2.384185791015625e-07
2948,0.00439763069152832,1.9073486328125e-06,2.384185791015625e-07
2949,0.0034945011138916016,1.6689300537109375e-06,4.76837158203125e-07
2950,0.005680084228515625,1.6689300537109375e-06,2.384185791015625e-07
2951,0.0060579776763916016,1.6689300537109375e-06,2.384185791015625e-07
2952,0.005211353302001953,2.1457672119140625e-06,2.384185791015625e-07
2953,0.005097627639770508,2.1457672119140625e-06,2.384185791015625e-07
2954,0.0031142234802246094,1.6689300537109375e-06,2.384185791015625e-07
2955,0.005746364593505859,1.6689300537109375e-06,4.76837158203125e-07
2956,0.00435185432434082,1.6689300537109375e-06,2.384185791015625e-07
2957,0.004461050033569336,1.6689300537109375e-06,2.384185791015625e-07
2958,0.0037648677825927734,1.9073486328125e-06,4.76837158203125e-07
2959,0.005657196044921875,1.430511474609375e-06,2.384185791015625e-07
2960,0.003979921340942383,1.9073486328125e-06,4.76837158203125e-07
2961,0.004021406173706055,1.6689300537109375e-06,2.384185791015625e-07
2962,0.005070686340332031,1.9073486328125e-06,2.384185791015625e-07
2963,0.0047757625579833984,1.6689300537109375e-06,2.384185791015625e-07
2964,0.004465341567993164,1.6689300537109375e-06,4.76837158203125e-07
2965,0.0045812129974365234,1.430511474609375e-06,2.384185791015625e-07
2966,0.0060427188873291016,1.6689300537109375e-06,2.384185791015625e-07
2967,0.0041959285736083984,2.1457672119140625e-06,4.76837158203125e-07
2968,0.003662109375,1.9073486328125e-06,2.384185791015625e-07
2969,0.005224704742431641,1.6689300537109375e-06,2.384185791015625e-07
2970,0.00621485710144043,1.9073486328125e-06,2.384185791015625e-07
2971,0.006361484527587891,1.9073486328125e-06,4.76837158203125e-07
2972,0.0045621395111083984,2.1457672119140625e-06,2.384185791015625e-07
2973,0.0035903453826904297,1.9073486328125e-06,2.384185791015625e-07
2974,0.004726409912109375,1.9073486328125e-06,2.384185791015625e-07
2975,0.004192352294921875,1.6689300537109375e-06,2.384185791015625e-07
2976,0.0033173561096191406,1.6689300537109375e-06,2.384185791015625e-07
2977,0.004319190979003906,1.6689300537109375e-06,7.152557373046875e-07
2978,0.00548100471496582,1.6689300537109375e-06,2.384185791015625e-07
2979,0.0042912960052490234,1.6689300537109375e-06,2.384185791015625e-07
2980,0.004818439483642578,1.6689300537109375e-06,2.384185791015625e-07
2981,0.00417017936706543,1.6689300537109375e-06,2.384185791015625e-07
2982,0.005949258804321289,1.9073486328125e-06,2.384185791015625e-07
2983,0.00515294075012207,1.6689300537109375e-06,2.384185791015625e-07
2984,0.005110740661621094,1.9073486328125e-06,2.384185791015625e-07
2985,0.004774808883666992,1.9073486328125e-06,2.384185791015625e-07
2986,0.004869222640991211,1.9073486328125e-06,4.76837158203125e-07
2987,0.005610227584838867,1.6689300537109375e-06,2.384185791015625e-07
2988,0.006040096282958984,1.6689300537109375e-06,2.384185791015625e-07
2989,0.003347635269165039,1.6689300537109375e-06,2.384185791015625e-07
2990,0.004824399948120117,1.9073486328125e-06,4.76837158203125e-07
2991,0.004623889923095703,1.6689300537109375e-06,2.384185791015625e-07
2992,0.006325960159301758,1.6689300537109375e-06,2.384185791015625e-07
2993,0.006702899932861328,1.430511474609375e-06,4.76837158203125e-07
2994,0.005231618881225586,1.6689300537109375e-06,2.384185791015625e-07
2995,0.005066633224487305,1.6689300537109375e-06,2.384185791015625e-07
2996,0.008085489273071289,1.9073486328125e-06,2.384185791015625e-07
2997,0.009114742279052734,1.9073486328125e-06,2.384185791015625e-07
2998,0.009632110595703125,2.1457672119140625e-06,2.384185791015625e-07
2999,0.009360313415527344,1.6689300537109375e-06,7.152557373046875e-07
3000,0.0074236392974853516,1.430511474609375e-06,2.384185791015625e-07
3001,0.008311271667480469,2.1457672119140625e-06,4.76837158203125e-07
3002,0.00775599479675293,1.9073486328125e-06,2.384185791015625e-07
3003,0.004938364028930664,1.6689300537109375e-06,7.152557373046875e-07
3004,0.009767532348632812,1.9073486328125e-06,2.384185791015625e-07
3005,0.009064435958862305,2.1457672119140625e-06,2.384185791015625e-07
3006,0.00724482536315918,1.6689300537109375e-06,2.384185791015625e-07
3007,0.008910894393920898,1.9073486328125e-06,2.384185791015625e-07
3008,0.0071430206298828125,2.1457672119140625e-06,2.384185791015625e-07
3009,0.005942821502685547,1.9073486328125e-06,2.384185791015625e-07
3010,0.007704734802246094,1.9073486328125e-06,2.384185791015625e-07
3011,0.0038900375366210938,1.6689300537109375e-06,4.76837158203125e-07
3012,0.008643388748168945,1.9073486328125e-06,4.76837158203125e-07
3013,0.008706092834472656,1.9073486328125e-06,2.384185791015625e-07
3014,0.008844375610351562,1.9073486328125e-06,4.76837158203125e-07
3015,0.0073468685150146484,1.9073486328125e-06,2.384185791015625e-07
3016,0.008585691452026367,1.9073486328125e-06,4.76837158203125e-07
3017,0.005651950836181641,1.9073486328125e-06,2.384185791015625e-07
3018,0.0058481693267822266,1.9073486328125e-06,2.384185791015625e-07
3019,0.0064029693603515625,1.6689300537109375e-06,4.76837158203125e-07
3020,0.006009817123413086,2.1457672119140625e-06,4.76837158203125e-07
3021,0.004965305328369141,1.9073486328125e-06,2.384185791015625e-07
3022,0.005051851272583008,1.6689300537109375e-06,2.384185791015625e-07
3023,0.008522510528564453,1.430511474609375e-06,4.76837158203125e-07
3024,0.007179737091064453,1.430511474609375e-06,2.384185791015625e-07
3025,0.007508277893066406,1.6689300537109375e-06,2.384185791015625e-07
3026,0.009761810302734375,1.9073486328125e-06,2.384185791015625e-07
3027,0.008853912353515625,1.6689300537109375e-06,2.384185791015625e-07
3028,0.007721662521362305,1.6689300537109375e-06,2.384185791015625e-07
3029,0.008367300033569336,1.9073486328125e-06,2.384185791015625e-07
3030,0.004810810089111328,2.1457672119140625e-06,2.384185791015625e-07
3031,0.007210731506347656,1.6689300537109375e-06,2.384185791015625e-07
3032,0.0068454742431640625,1.6689300537109375e-06,2.384185791015625e-07
3033,0.007950305938720703,1.6689300537109375e-06,2.384185791015625e-07
3034,0.010508060455322266,1.6689300537109375e-06,2.384185791015625e-07
3035,0.006630897521972656,1.6689300537109375e-06,2.384185791015625e-07
3036,0.007783174514770508,1.6689300537109375e-06,2.384185791015625e-07
3037,0.007812023162841797,1.6689300537109375e-06,2.384185791015625e-07
3038,0.00376129150390625,1.9073486328125e-06,2.384185791015625e-07
3039,0.009473323822021484,1.6689300537109375e-06,2.384185791015625e-07
3040,0.009236574172973633,2.1457672119140625e-06,4.76837158203125e-07
3041,0.00663304328918457,1.9073486328125e-06,4.76837158203125e-07
3042,0.010913372039794922,1.9073486328125e-06,2.384185791015625e-07
3043,0.0062367916107177734,1.6689300537109375e-06,2.384185791015625e-07
3044,0.008332252502441406,1.9073486328125e-06,2.384185791015625e-07
3045,0.005980253219604492,1.9073486328125e-06,2.384185791015625e-07
3046,0.008701324462890625,2.1457672119140625e-06,2.384185791015625e-07
3047,0.0044629573822021484,1.9073486328125e-06,2.384185791015625e-07
3048,0.0058917999267578125,2.1457672119140625e-06,2.384185791015625e-07
3049,0.0057222843170166016,1.9073486328125e-06,2.384185791015625e-07
3050,0.007132530212402344,1.9073486328125e-06,2.384185791015625e-07
3051,0.005790233612060547,1.9073486328125e-06,2.384185791015625e-07
3052,0.005255937576293945,1.9073486328125e-06,4.76837158203125e-07
3053,0.007560253143310547,2.1457672119140625e-06,4.76837158203125e-07
3054,0.007272481918334961,1.9073486328125e-06,2.384185791015625e-07
3055,0.00678253173828125,2.1457672119140625e-06,2.384185791015625e-07
3056,0.008214712142944336,1.9073486328125e-06,2.384185791015625e-07
3057,0.004245758056640625,1.6689300537109375e-06,2.384185791015625e-07
3058,0.0057485103607177734,1.9073486328125e-06,2.384185791015625e-07
3059,0.006800651550292969,1.6689300537109375e-06,4.76837158203125e-07
3060,0.007809877395629883,1.9073486328125e-06,4.76837158203125e-07
3061,0.0043163299560546875,2.1457672119140625e-06,7.152557373046875e-07
3062,0.006048440933227539,2.1457672119140625e-06,4.76837158203125e-07
3063,0.004706382751464844,1.9073486328125e-06,4.76837158203125e-07
3064,0.0033147335052490234,2.1457672119140625e-06,2.384185791015625e-07
3065,0.007236480712890625,1.9073486328125e-06,2.384185791015625e-07
3066,0.005469799041748047,1.9073486328125e-06,2.384185791015625e-07
3067,0.008993387222290039,1.9073486328125e-06,2.384185791015625e-07
3068,0.0063934326171875,2.1457672119140625e-06,2.384185791015625e-07
3069,0.00914907455444336,2.1457672119140625e-06,2.384185791015625e-07
3070,0.007961750030517578,2.1457672119140625e-06,7.152557373046875e-07
3071,0.005639791488647461,1.9073486328125e-06,4.76837158203125e-07
3072,0.00565028190612793,1.9073486328125e-06,2.384185791015625e-07
3073,0.009090423583984375,2.1457672119140625e-06,2.384185791015625e-07
3074,0.006230592727661133,2.1457672119140625e-06,2.384185791015625e-07
3075,0.007386207580566406,1.9073486328125e-06,2.384185791015625e-07
3076,0.005638599395751953,2.1457672119140625e-06,2.384185791015625e-07
3077,0.00930333137512207,1.9073486328125e-06,2.384185791015625e-07
3078,0.010110855102539062,2.1457672119140625e-06,2.384185791015625e-07
3079,0.004834890365600586,2.1457672119140625e-06,2.384185791015625e-07
3080,0.00885319709777832,1.6689300537109375e-06,2.384185791015625e-07
3081,0.012207269668579102,1.6689300537109375e-06,2.384185791015625e-07
3082,0.005151033401489258,1.6689300537109375e-06,2.384185791015625e-07
3083,0.008733987808227539,1.9073486328125e-06,2.384185791015625e-07
3084,0.005655527114868164,2.1457672119140625e-06,7.152557373046875e-07
3085,0.009950637817382812,1.9073486328125e-06,4.76837158203125e-07
3086,0.0055694580078125,1.9073486328125e-06,4.76837158203125e-07
3087,0.008986234664916992,1.9073486328125e-06,2.384185791015625e-07
3088,0.008391141891479492,2.1457672119140625e-06,2.384185791015625e-07
3089,0.005421161651611328,1.9073486328125e-06,2.384185791015625e-07
3090,0.011020660400390625,2.1457672119140625e-06,2.384185791015625e-07
3091,0.009753704071044922,2.1457672119140625e-06,2.384185791015625e-07
3092,0.0067005157470703125,2.1457672119140625e-06,2.384185791015625e-07
3093,0.005713224411010742,1.9073486328125e-06,7.152557373046875e-07
3094,0.010623931884765625,1.9073486328125e-06,2.384185791015625e-07
3095,0.00908350944519043,1.9073486328125e-06,2.384185791015625e-07
3096,0.007701873779296875,1.9073486328125e-06,2.384185791015625e-07
3097,0.002673625946044922,1.9073486328125e-06,2.384185791015625e-07
3098,0.007222890853881836,2.1457672119140625e-06,2.384185791015625e-07
3099,0.009470939636230469,2.1457672119140625e-06,4.76837158203125e-07
3100,0.0058972835540771484,1.9073486328125e-06,4.76837158203125e-07
3101,0.006153583526611328,1.6689300537109375e-06,2.384185791015625e-07
3102,0.010019779205322266,1.6689300537109375e-06,2.384185791015625e-07
3103,0.007616996765136719,1.9073486328125e-06,4.76837158203125e-07
3104,0.007509708404541016,1.6689300537109375e-06,2.384185791015625e-07
3105,0.00764012336730957,1.9073486328125e-06,2.384185791015625e-07
3106,0.00655817985534668,1.6689300537109375e-06,2.384185791015625e-07
3107,0.008327245712280273,1.9073486328125e-06,2.384185791015625e-07
3108,0.008566141128540039,1.6689300537109375e-06,2.384185791015625e-07
3109,0.007523298263549805,1.6689300537109375e-06,2.384185791015625e-07
3110,0.0044095516204833984,1.9073486328125e-06,2.384185791015625e-07
3111,0.007352590560913086,1.6689300537109375e-06,2.384185791015625e-07
3112,0.0070421695709228516,1.6689300537109375e-06,2.384185791015625e-07
3113,0.006098508834838867,1.6689300537109375e-06,2.384185791015625e-07
3114,0.0064067840576171875,1.6689300537109375e-06,2.384185791015625e-07
3115,0.010877370834350586,1.9073486328125e-06,2.384185791015625e-07
3116,0.011028528213500977,1.430511474609375e-06,7.152557373046875e-07
3117,0.0051174163818359375,1.9073486328125e-06,2.384185791015625e-07
3118,0.0075681209564208984,1.6689300537109375e-06,2.384185791015625e-07
3119,0.007431507110595703,1.9073486328125e-06,2.384185791015625e-07
3120,0.007968902587890625,1.6689300537109375e-06,2.384185791015625e-07
3121,0.0068264007568359375,1.6689300537109375e-06,2.384185791015625e-07
3122,0.007834672927856445,1.6689300537109375e-06,4.76837158203125e-07
3123,0.009036540985107422,1.9073486328125e-06,4.76837158203125e-07
3124,0.008885383605957031,1.6689300537109375e-06,2.384185791015625e-07
3125,0.009607791900634766,1.9073486328125e-06,4.76837158203125e-07
3126,0.0081329345703125,2.1457672119140625e-06,2.384185791015625e-07
3127,0.003326416015625,2.1457672119140625e-06,4.76837158203125e-07
3128,0.0053784847259521484,1.9073486328125e-06,4.76837158203125e-07
3129,0.010354280471801758,1.9073486328125e-06,2.384185791015625e-07
3130,0.005395174026489258,2.1457672119140625e-06,2.384185791015625e-07
3131,0.004303693771362305,1.9073486328125e-06,2.384185791015625e-07
3132,0.006404399871826172,1.9073486328125e-06,2.384185791015625e-07
3133,0.010836124420166016,1.9073486328125e-06,2.384185791015625e-07
3134,0.008004188537597656,2.1457672119140625e-06,2.384185791015625e-07
3135,0.011777877807617188,2.384185791015625e-06,2.384185791015625e-07
3136,0.005187511444091797,2.1457672119140625e-06,2.384185791015625e-07
3137,0.005342960357666016,1.9073486328125e-06,2.384185791015625e-07
3138,0.006120920181274414,1.9073486328125e-06,2.384185791015625e-07
3139,0.00914454460144043,1.6689300537109375e-06,2.384185791015625e-07
3140,0.012400627136230469,2.1457672119140625e-06,2.384185791015625e-07
3141,0.011840105056762695,1.9073486328125e-06,4.76837158203125e-07
3142,0.010182380676269531,1.9073486328125e-06,4.76837158203125e-07
3143,0.008996009826660156,1.9073486328125e-06,7.152557373046875e-07
3144,0.008810043334960938,1.6689300537109375e-06,2.384185791015625e-07
3145,0.005943775177001953,1.6689300537109375e-06,2.384185791015625e-07
3146,0.011228561401367188,1.6689300537109375e-06,2.384185791015625e-07
3147,0.010290145874023438,1.6689300537109375e-06,2.384185791015625e-07
3148,0.005707740783691406,1.9073486328125e-06,7.152557373046875e-07
3149,0.006438255310058594,1.9073486328125e-06,4.76837158203125e-07
3150,0.005826473236083984,1.6689300537109375e-06,2.384185791015625e-07
3151,0.009123086929321289,1.9073486328125e-06,4.76837158203125e-07
3152,0.007422685623168945,1.6689300537109375e-06,4.76837158203125e-07
3153,0.009200572967529297,1.9073486328125e-06,2.384185791015625e-07
3154,0.00826406478881836,1.6689300537109375e-06,2.384185791015625e-07
3155,0.01058197021484375,1.6689300537109375e-06,2.384185791015625e-07
3156,0.006280422210693359,1.6689300537109375e-06,2.384185791015625e-07
3157,0.0032219886779785156,1.6689300537109375e-06,4.76837158203125e-07
3158,0.007391929626464844,1.6689300537109375e-06,2.384185791015625e-07
3159,0.008370399475097656,2.1457672119140625e-06,2.384185791015625e-07
3160,0.005652666091918945,1.6689300537109375e-06,2.384185791015625e-07
3161,0.004696369171142578,1.9073486328125e-06,2.384185791015625e-07
3162,0.008989334106445312,1.9073486328125e-06,2.384185791015625e-07
3163,0.005539655685424805,1.9073486328125e-06,2.384185791015625e-07
3164,0.006827354431152344,2.1457672119140625e-06,2.384185791015625e-07
3165,0.005705595016479492,1.9073486328125e-06,2.384185791015625e-07
3166,0.004494667053222656,1.9073486328125e-06,4.76837158203125e-07
3167,0.005200624465942383,1.9073486328125e-06,2.384185791015625e-07
3168,0.004590272903442383,1.6689300537109375e-06,2.384185791015625e-07
3169,0.0043048858642578125,1.9073486328125e-06,2.384185791015625e-07
3170,0.005673646926879883,2.1457672119140625e-06,2.384185791015625e-07
3171,0.007464170455932617,1.9073486328125e-06,4.76837158203125e-07
3172,0.009217500686645508,1.9073486328125e-06,2.384185791015625e-07
3173,0.010951042175292969,1.6689300537109375e-06,2.384185791015625e-07
3174,0.006929874420166016,1.6689300537109375e-06,2.384185791015625e-07
3175,0.010508298873901367,1.9073486328125e-06,2.384185791015625e-07
3176,0.00845956802368164,1.6689300537109375e-06,2.384185791015625e-07
3177,0.008482694625854492,1.6689300537109375e-06,2.384185791015625e-07
3178,0.007634162902832031,1.6689300537109375e-06,4.76837158203125e-07
3179,0.008013486862182617,1.6689300537109375e-06,4.76837158203125e-07
3180,0.007144451141357422,1.6689300537109375e-06,2.384185791015625e-07
3181,0.008618354797363281,2.1457672119140625e-06,2.384185791015625e-07
3182,0.0065593719482421875,1.9073486328125e-06,2.384185791015625e-07
3183,0.006826877593994141,1.9073486328125e-06,4.76837158203125e-07
3184,0.005730152130126953,1.9073486328125e-06,4.76837158203125e-07
3185,0.009243965148925781,1.9073486328125e-06,4.76837158203125e-07
3186,0.007912158966064453,2.1457672119140625e-06,4.76837158203125e-07
3187,0.009303569793701172,1.9073486328125e-06,4.76837158203125e-07
3188,0.008893489837646484,1.9073486328125e-06,4.76837158203125e-07
3189,0.0040247440338134766,1.9073486328125e-06,2.384185791015625e-07
3190,0.01056671142578125,1.9073486328125e-06,2.384185791015625e-07
3191,0.0075893402099609375,2.1457672119140625e-06,2.384185791015625e-07
3192,0.010750293731689453,2.1457672119140625e-06,2.384185791015625e-07
3193,0.005672931671142578,2.1457672119140625e-06,2.384185791015625e-07
3194,0.007962703704833984,1.9073486328125e-06,4.76837158203125e-07
3195,0.005248546600341797,2.1457672119140625e-06,4.76837158203125e-07
3196,0.01133418083190918,1.9073486328125e-06,2.384185791015625e-07
3197,0.008507966995239258,1.9073486328125e-06,2.384185791015625e-07
3198,0.008929967880249023,2.1457672119140625e-06,2.384185791015625e-07
3199,0.008764266967773438,2.1457672119140625e-06,2.384185791015625e-07
3200,0.010805606842041016,1.6689300537109375e-06,2.384185791015625e-07
3201,0.011551618576049805,1.9073486328125e-06,2.384185791015625e-07
3202,0.005524635314941406,1.9073486328125e-06,2.384185791015625e-07
3203,0.006234407424926758,1.6689300537109375e-06,4.76837158203125e-07
3204,0.009079456329345703,1.6689300537109375e-06,2.384185791015625e-07
3205,0.009502172470092773,1.6689300537109375e-06,4.76837158203125e-07
3206,0.008357763290405273,1.6689300537109375e-06,4.76837158203125e-07
3207,0.011723995208740234,1.6689300537109375e-06,2.384185791015625e-07
3208,0.007414340972900391,1.9073486328125e-06,4.76837158203125e-07
3209,0.007868289947509766,1.9073486328125e-06,4.76837158203125e-07
3210,0.011167049407958984,1.6689300537109375e-06,4.76837158203125e-07
3211,0.0068433284759521484,1.9073486328125e-06,2.384185791015625e-07
3212,0.003728151321411133,1.9073486328125e-06,2.384185791015625e-07
3213,0.007595539093017578,1.9073486328125e-06,2.384185791015625e-07
3214,0.006521940231323242,1.9073486328125e-06,4.76837158203125e-07
3215,0.007754802703857422,1.9073486328125e-06,2.384185791015625e-07
3216,0.00856924057006836,2.1457672119140625e-06,2.384185791015625e-07
3217,0.00804448127746582,1.6689300537109375e-06,2.384185791015625e-07
3218,0.00823068618774414,1.6689300537109375e-06,2.384185791015625e-07
3219,0.00804281234741211,1.9073486328125e-06,4.76837158203125e-07
3220,0.00559687614440918,1.9073486328125e-06,4.76837158203125e-07
3221,0.004982709884643555,1.6689300537109375e-06,2.384185791015625e-07
3222,0.005315542221069336,1.6689300537109375e-06,2.384185791015625e-07
3223,0.007746219635009766,1.6689300537109375e-06,2.384185791015625e-07
3224,0.009386539459228516,1.6689300537109375e-06,2.384185791015625e-07
3225,0.012269020080566406,1.430511474609375e-06,2.384185791015625e-07
3226,0.004917144775390625,1.9073486328125e-06,4.76837158203125e-07
3227,0.008479595184326172,1.6689300537109375e-06,4.76837158203125e-07
3228,0.009388446807861328,1.6689300537109375e-06,2.384185791015625e-07
3229,0.009774446487426758,1.9073486328125e-06,2.384185791015625e-07
3230,0.0077533721923828125,1.6689300537109375e-06,4.76837158203125e-07
3231,0.00698089599609375,1.6689300537109375e-06,2.384185791015625e-07
3232,0.008585214614868164,1.9073486328125e-06,2.384185791015625e-07
3233,0.008002281188964844,2.1457672119140625e-06,2.384185791015625e-07
3234,0.006014823913574219,1.9073486328125e-06,2.384185791015625e-07
3235,0.006155729293823242,1.9073486328125e-06,4.76837158203125e-07
3236,0.008808135986328125,2.1457672119140625e-06,2.384185791015625e-07
3237,0.010171651840209961,1.9073486328125e-06,2.384185791015625e-07
3238,0.007643699645996094,1.9073486328125e-06,2.384185791015625e-07
3239,0.010000228881835938,1.9073486328125e-06,2.384185791015625e-07
3240,0.009280681610107422,1.9073486328125e-06,7.152557373046875e-07
3241,0.007894039154052734,2.1457672119140625e-06,4.76837158203125e-07
3242,0.00787496566772461,1.9073486328125e-06,4.76837158203125e-07
3243,0.006210803985595703,1.9073486328125e-06,2.384185791015625e-07
3244,0.005953073501586914,1.9073486328125e-06,2.384185791015625e-07
3245,0.009799957275390625,1.9073486328125e-06,4.76837158203125e-07
3246,0.009566307067871094,1.9073486328125e-06,2.384185791015625e-07
3247,0.005054473876953125,1.9073486328125e-06,2.384185791015625e-07
3248,0.007302999496459961,2.1457672119140625e-06,4.76837158203125e-07
3249,0.0059392452239990234,1.9073486328125e-06,4.76837158203125e-07
3250,0.008495807647705078,1.9073486328125e-06,2.384185791015625e-07
3251,0.007942438125610352,1.9073486328125e-06,4.76837158203125e-07
3252,0.010406732559204102,1.9073486328125e-06,2.384185791015625e-07
3253,0.004281044006347656,1.9073486328125e-06,2.384185791015625e-07
3254,0.008138179779052734,2.1457672119140625e-06,2.384185791015625e-07
3255,0.006010770797729492,2.1457672119140625e-06,2.384185791015625e-07
3256,0.006987571716308594,2.1457672119140625e-06,2.384185791015625e-07
3257,0.007504463195800781,1.9073486328125e-06,4.76837158203125e-07
3258,0.003841876983642578,2.1457672119140625e-06,2.384185791015625e-07
3259,0.0066449642181396484,1.6689300537109375e-06,2.384185791015625e-07
3260,0.0048370361328125,1.430511474609375e-06,2.384185791015625e-07
3261,0.01101541519165039,1.6689300537109375e-06,4.76837158203125e-07
3262,0.005571126937866211,1.6689300537109375e-06,7.152557373046875e-07
3263,0.0060882568359375,1.9073486328125e-06,2.384185791015625e-07
3264,0.008220911026000977,1.430511474609375e-06,2.384185791015625e-07
3265,0.0049991607666015625,1.6689300537109375e-06,2.384185791015625e-07
3266,0.009900331497192383,1.6689300537109375e-06,7.152557373046875e-07
3267,0.007055759429931641,1.430511474609375e-06,4.76837158203125e-07
3268,0.010368824005126953,2.1457672119140625e-06,2.384185791015625e-07
3269,0.006199836730957031,2.1457672119140625e-06,4.76837158203125e-07
3270,0.004451274871826172,1.9073486328125e-06,2.384185791015625e-07
3271,0.005497932434082031,1.9073486328125e-06,2.384185791015625e-07
3272,0.008692026138305664,1.9073486328125e-06,2.384185791015625e-07
3273,0.010673999786376953,1.9073486328125e-06,2.384185791015625e-07
3274,0.008274078369140625,2.1457672119140625e-06,2.384185791015625e-07
3275,0.007995843887329102,1.6689300537109375e-06,2.384185791015625e-07
3276,0.0049631595611572266,1.6689300537109375e-06,4.76837158203125e-07
3277,0.006154775619506836,1.9073486328125e-06,7.152557373046875e-07
3278,0.004493236541748047,1.9073486328125e-06,2.384185791015625e-07
3279,0.008404254913330078,1.9073486328125e-06,2.384185791015625e-07
3280,0.0054280757904052734,1.6689300537109375e-06,2.384185791015625e-07
3281,0.005089521408081055,2.1457672119140625e-06,4.76837158203125e-07
3282,0.005881309509277344,1.9073486328125e-06,4.76837158203125e-07
3283,0.006861209869384766,1.6689300537109375e-06,4.76837158203125e-07
3284,0.0036988258361816406,1.6689300537109375e-06,2.384185791015625e-07
3285,0.0074367523193359375,1.9073486328125e-06,2.384185791015625e-07
3286,0.006102085113525391,1.9073486328125e-06,4.76837158203125e-07
3287,0.004689216613769531,1.9073486328125e-06,2.384185791015625e-07
3288,0.007987260818481445,1.9073486328125e-06,2.384185791015625e-07
3289,0.007270097732543945,1.9073486328125e-06,2.384185791015625e-07
3290,0.008209466934204102,1.9073486328125e-06,2.384185791015625e-07
3291,0.0071179866790771484,1.9073486328125e-06,2.384185791015625e-07
3292,0.008856773376464844,1.9073486328125e-06,2.384185791015625e-07
3293,0.008493900299072266,1.6689300537109375e-06,4.76837158203125e-07
3294,0.011521339416503906,1.430511474609375e-06,4.76837158203125e-07
3295,0.011608600616455078,1.6689300537109375e-06,4.76837158203125e-07
3296,0.007250308990478516,1.9073486328125e-06,2.384185791015625e-07
3297,0.006977081298828125,1.9073486328125e-06,2.384185791015625e-07
3298,0.008744001388549805,1.9073486328125e-06,4.76837158203125e-07
3299,0.00771331787109375,1.9073486328125e-06,2.384185791015625e-07
3300,0.008901357650756836,1.430511474609375e-06,2.384185791015625e-07
3301,0.006033182144165039,1.6689300537109375e-06,2.384185791015625e-07
3302,0.006211042404174805,2.1457672119140625e-06,2.384185791015625e-07
3303,0.006430387496948242,1.6689300537109375e-06,7.152557373046875e-07
3304,0.034964799880981445,2.1457672119140625e-06,4.76837158203125e-07
3305,0.01157522201538086,1.9073486328125e-06,4.76837158203125e-07
3306,0.01067209243774414,1.9073486328125e-06,2.384185791015625e-07
3307,0.009500265121459961,1.9073486328125e-06,2.384185791015625e-07
3308,0.009176254272460938,1.9073486328125e-06,2.384185791015625e-07
3309,0.006197214126586914,1.9073486328125e-06,2.384185791015625e-07
3310,0.010248661041259766,1.6689300537109375e-06,2.384185791015625e-07
3311,0.00635528564453125,1.430511474609375e-06,2.384185791015625e-07
3312,0.005032539367675781,1.6689300537109375e-06,7.152557373046875e-07
3313,0.007916450500488281,1.430511474609375e-06,4.76837158203125e-07
3314,0.007118701934814453,1.9073486328125e-06,2.384185791015625e-07
3315,0.004008293151855469,1.9073486328125e-06,2.384185791015625e-07
3316,0.0036330223083496094,1.6689300537109375e-06,7.152557373046875e-07
3317,0.005854606628417969,1.6689300537109375e-06,2.384185791015625e-07
3318,0.004568576812744141,1.9073486328125e-06,2.384185791015625e-07
3319,0.0035262107849121094,1.9073486328125e-06,2.384185791015625e-07
3320,0.0027022361755371094,1.9073486328125e-06,2.384185791015625e-07
3321,0.00574493408203125,1.9073486328125e-06,2.384185791015625e-07
3322,0.003784656524658203,1.9073486328125e-06,2.384185791015625e-07
3323,0.004728078842163086,1.9073486328125e-06,2.384185791015625e-07
3324,0.0036859512329101562,1.9073486328125e-06,2.384185791015625e-07
3325,0.0064008235931396484,1.9073486328125e-06,2.384185791015625e-07
3326,0.0065114498138427734,1.9073486328125e-06,2.384185791015625e-07
3327,0.007193088531494141,1.6689300537109375e-06,2.384185791015625e-07
3328,0.006852865219116211,1.6689300537109375e-06,2.384185791015625e-07
3329,0.0067386627197265625,1.9073486328125e-06,7.152557373046875e-07
3330,0.0043828487396240234,1.9073486328125e-06,4.76837158203125e-07
3331,0.0063648223876953125,1.6689300537109375e-06,4.76837158203125e-07
3332,0.003880023956298828,1.6689300537109375e-06,2.384185791015625e-07
3333,0.0038280487060546875,1.6689300537109375e-06,2.384185791015625e-07
3334,0.004647731781005859,1.6689300537109375e-06,7.152557373046875e-07
3335,0.005201816558837891,1.6689300537109375e-06,2.384185791015625e-07
3336,0.006243705749511719,1.9073486328125e-06,4.76837158203125e-07
3337,0.005086183547973633,1.6689300537109375e-06,2.384185791015625e-07
3338,0.00463557243347168,1.9073486328125e-06,2.384185791015625e-07
3339,0.0057833194732666016,1.9073486328125e-06,2.384185791015625e-07
3340,0.006951570510864258,1.9073486328125e-06,4.76837158203125e-07
3341,0.003202199935913086,1.430511474609375e-06,2.384185791015625e-07
3342,0.0041201114654541016,1.6689300537109375e-06,4.76837158203125e-07
3343,0.00490880012512207,1.9073486328125e-06,2.384185791015625e-07
3344,0.006243467330932617,1.6689300537109375e-06,2.384185791015625e-07
3345,0.005269527435302734,1.9073486328125e-06,2.384185791015625e-07
3346,0.004599571228027344,2.1457672119140625e-06,2.384185791015625e-07
3347,0.003371000289916992,1.9073486328125e-06,2.384185791015625e-07
3348,0.0066699981689453125,2.1457672119140625e-06,4.76837158203125e-07
3349,0.00501251220703125,2.1457672119140625e-06,2.384185791015625e-07
3350,0.005519866943359375,1.9073486328125e-06,2.384185791015625e-07
3351,0.004293203353881836,1.9073486328125e-06,4.76837158203125e-07
3352,0.006294965744018555,1.9073486328125e-06,2.384185791015625e-07
3353,0.0031986236572265625,1.9073486328125e-06,2.384185791015625e-07
3354,0.006618976593017578,1.9073486328125e-06,2.384185791015625e-07
3355,0.00756072998046875,1.9073486328125e-06,2.384185791015625e-07
3356,0.0038759708404541016,1.9073486328125e-06,2.384185791015625e-07
3357,0.0031075477600097656,1.9073486328125e-06,4.76837158203125e-07
3358,0.0070497989654541016,1.9073486328125e-06,2.384185791015625e-07
3359,0.0047760009765625,1.6689300537109375e-06,2.384185791015625e-07
3360,0.006942033767700195,1.6689300537109375e-06,2.384185791015625e-07
3361,0.003882884979248047,1.9073486328125e-06,2.384185791015625e-07
3362,0.0047261714935302734,1.6689300537109375e-06,2.384185791015625e-07
3363,0.002747774124145508,2.1457672119140625e-06,2.384185791015625e-07
3364,0.0054247379302978516,2.1457672119140625e-06,2.384185791015625e-07
3365,0.004548311233520508,2.1457672119140625e-06,4.76837158203125e-07
3366,0.004279136657714844,1.430511474609375e-06,4.76837158203125e-07
3367,0.005182027816772461,1.6689300537109375e-06,2.384185791015625e-07
3368,0.0037384033203125,1.9073486328125e-06,2.384185791015625e-07
3369,0.005301713943481445,1.6689300537109375e-06,2.384185791015625e-07
3370,0.004368782043457031,1.6689300537109375e-06,2.384185791015625e-07
3371,0.0070343017578125,1.9073486328125e-06,2.384185791015625e-07
3372,0.00527644157409668,1.6689300537109375e-06,2.384185791015625e-07
3373,0.0037305355072021484,1.9073486328125e-06,2.384185791015625e-07
3374,0.0059986114501953125,2.1457672119140625e-06,2.384185791015625e-07
3375,0.005833148956298828,2.1457672119140625e-06,2.384185791015625e-07
3376,0.005636692047119141,1.9073486328125e-06,2.384185791015625e-07
3377,0.004828691482543945,2.1457672119140625e-06,2.384185791015625e-07
3378,0.006897449493408203,1.9073486328125e-06,2.384185791015625e-07
3379,0.00313568115234375,1.9073486328125e-06,2.384185791015625e-07
3380,0.005581378936767578,1.9073486328125e-06,7.152557373046875e-07
3381,0.004177570343017578,1.9073486328125e-06,2.384185791015625e-07
3382,0.0028884410858154297,1.9073486328125e-06,4.76837158203125e-07
3383,0.006824493408203125,2.1457672119140625e-06,2.384185791015625e-07
3384,0.0059814453125,1.9073486328125e-06,4.76837158203125e-07
3385,0.00535273551940918,1.9073486328125e-06,2.384185791015625e-07
3386,0.0047245025634765625,1.9073486328125e-06,2.384185791015625e-07
3387,0.0065762996673583984,2.384185791015625e-06,2.384185791015625e-07
3388,0.007184267044067383,1.9073486328125e-06,2.384185791015625e-07
3389,0.006806612014770508,2.1457672119140625e-06,2.384185791015625e-07
3390,0.0053253173828125,2.1457672119140625e-06,4.76837158203125e-07
3391,0.005940914154052734,1.9073486328125e-06,2.384185791015625e-07
3392,0.003630399703979492,2.1457672119140625e-06,2.384185791015625e-07
3393,0.008183956146240234,2.1457672119140625e-06,2.384185791015625e-07
3394,0.008674860000610352,2.1457672119140625e-06,2.384185791015625e-07
3395,0.01128387451171875,2.1457672119140625e-06,2.384185791015625e-07
3396,0.008547306060791016,1.9073486328125e-06,2.384185791015625e-07
3397,0.007056474685668945,2.1457672119140625e-06,2.384185791015625e-07
3398,0.008570194244384766,1.9073486328125e-06,2.384185791015625e-07
3399,0.006511211395263672,1.9073486328125e-06,2.384185791015625e-07
3400,0.0070607662200927734,1.9073486328125e-06,2.384185791015625e-07
3401,0.00822758674621582,1.9073486328125e-06,2.384185791015625e-07
3402,0.004206180572509766,1.6689300537109375e-06,2.384185791015625e-07
3403,0.003505229949951172,1.9073486328125e-06,2.384185791015625e-07
3404,0.003725290298461914,1.6689300537109375e-06,2.384185791015625e-07
3405,0.003100156784057617,2.384185791015625e-06,2.384185791015625e-07
3406,0.0040018558502197266,1.6689300537109375e-06,4.76837158203125e-07
3407,0.006081104278564453,1.6689300537109375e-06,7.152557373046875e-07
3408,0.005860090255737305,1.9073486328125e-06,2.384185791015625e-07
3409,0.004326343536376953,1.6689300537109375e-06,2.384185791015625e-07
3410,0.004252433776855469,2.384185791015625e-06,4.76837158203125e-07
3411,0.0050427913665771484,1.9073486328125e-06,4.76837158203125e-07
3412,0.005821704864501953,1.9073486328125e-06,7.152557373046875e-07
3413,0.005179643630981445,2.1457672119140625e-06,4.76837158203125e-07
3414,0.0024192333221435547,1.9073486328125e-06,4.76837158203125e-07
3415,0.004098176956176758,2.384185791015625e-06,2.384185791015625e-07
3416,0.0030465126037597656,1.9073486328125e-06,4.76837158203125e-07
3417,0.0031499862670898438,1.9073486328125e-06,2.384185791015625e-07
3418,0.0027556419372558594,1.430511474609375e-06,2.384185791015625e-07
3419,0.0061190128326416016,1.6689300537109375e-06,4.76837158203125e-07
3420,0.004385709762573242,1.6689300537109375e-06,2.384185791015625e-07
3421,0.003391265869140625,1.6689300537109375e-06,4.76837158203125e-07
3422,0.002992391586303711,1.6689300537109375e-06,2.384185791015625e-07
3423,0.00666499137878418,1.6689300537109375e-06,4.76837158203125e-07
3424,0.006407976150512695,1.430511474609375e-06,4.76837158203125e-07
3425,0.0037963390350341797,1.6689300537109375e-06,7.152557373046875e-07
3426,0.003974437713623047,1.6689300537109375e-06,4.76837158203125e-07
3427,0.0057315826416015625,1.6689300537109375e-06,4.76837158203125e-07
3428,0.0050275325775146484,1.430511474609375e-06,2.384185791015625e-07
3429,0.0033707618713378906,1.9073486328125e-06,2.384185791015625e-07
3430,0.006133556365966797,2.1457672119140625e-06,4.76837158203125e-07
3431,0.007861137390136719,1.9073486328125e-06,4.76837158203125e-07
3432,0.00597691535949707,1.9073486328125e-06,4.76837158203125e-07
3433,0.003356456756591797,1.9073486328125e-06,2.384185791015625e-07
3434,0.009886026382446289,1.9073486328125e-06,4.76837158203125e-07
3435,0.0049076080322265625,2.1457672119140625e-06,4.76837158203125e-07
3436,0.0045318603515625,1.9073486328125e-06,4.76837158203125e-07
3437,0.011040210723876953,1.9073486328125e-06,4.76837158203125e-07
3438,0.009364604949951172,1.9073486328125e-06,2.384185791015625e-07
3439,0.006117582321166992,1.6689300537109375e-06,2.384185791015625e-07
3440,0.009307384490966797,1.6689300537109375e-06,2.384185791015625e-07
3441,0.0057485103607177734,1.6689300537109375e-06,2.384185791015625e-07
3442,0.009697675704956055,1.9073486328125e-06,2.384185791015625e-07
3443,0.006989717483520508,1.6689300537109375e-06,2.384185791015625e-07
3444,0.007979393005371094,1.6689300537109375e-06,2.384185791015625e-07
3445,0.008842945098876953,1.6689300537109375e-06,2.384185791015625e-07
3446,0.004751682281494141,1.6689300537109375e-06,2.384185791015625e-07
3447,0.00889277458190918,1.9073486328125e-06,4.76837158203125e-07
3448,0.006407976150512695,1.6689300537109375e-06,4.76837158203125e-07
3449,0.0031676292419433594,1.6689300537109375e-06,2.384185791015625e-07
3450,0.006117820739746094,1.6689300537109375e-06,2.384185791015625e-07
3451,0.006103515625,1.6689300537109375e-06,2.384185791015625e-07
3452,0.009252309799194336,1.9073486328125e-06,4.76837158203125e-07
3453,0.009661197662353516,1.6689300537109375e-06,2.384185791015625e-07
3454,0.0056934356689453125,1.6689300537109375e-06,2.384185791015625e-07
3455,0.005267620086669922,1.6689300537109375e-06,2.384185791015625e-07
3456,0.005808353424072266,1.6689300537109375e-06,7.152557373046875e-07
3457,0.010748863220214844,1.9073486328125e-06,4.76837158203125e-07
3458,0.008047819137573242,1.6689300537109375e-06,2.384185791015625e-07
3459,0.007039785385131836,1.6689300537109375e-06,2.384185791015625e-07
3460,0.007639408111572266,1.9073486328125e-06,2.384185791015625e-07
3461,0.007594108581542969,1.6689300537109375e-06,2.384185791015625e-07
3462,0.0055048465728759766,1.9073486328125e-06,2.384185791015625e-07
3463,0.005096912384033203,1.6689300537109375e-06,2.384185791015625e-07
3464,0.006569623947143555,1.6689300537109375e-06,2.384185791015625e-07
3465,0.008877754211425781,1.6689300537109375e-06,4.76837158203125e-07
3466,0.008473396301269531,1.6689300537109375e-06,2.384185791015625e-07
3467,0.009347915649414062,1.6689300537109375e-06,2.384185791015625e-07
3468,0.004476308822631836,1.6689300537109375e-06,2.384185791015625e-07
3469,0.004546642303466797,1.6689300537109375e-06,2.384185791015625e-07
3470,0.006379127502441406,1.6689300537109375e-06,7.152557373046875e-07
3471,0.009273290634155273,1.9073486328125e-06,4.76837158203125e-07
3472,0.0061833858489990234,2.384185791015625e-06,4.76837158203125e-07
3473,0.005803108215332031,1.9073486328125e-06,2.384185791015625e-07
3474,0.007143974304199219,1.9073486328125e-06,2.384185791015625e-07
3475,0.005844831466674805,2.1457672119140625e-06,2.384185791015625e-07
3476,0.006831645965576172,1.9073486328125e-06,2.384185791015625e-07
3477,0.008757591247558594,2.1457672119140625e-06,2.384185791015625e-07
3478,0.006133556365966797,1.9073486328125e-06,2.384185791015625e-07
3479,0.006404876708984375,2.1457672119140625e-06,2.384185791015625e-07
3480,0.007283926010131836,1.9073486328125e-06,2.384185791015625e-07
3481,0.0033707618713378906,2.1457672119140625e-06,2.384185791015625e-07
3482,0.010838747024536133,1.9073486328125e-06,2.384185791015625e-07
3483,0.00632476806640625,2.1457672119140625e-06,2.384185791015625e-07
3484,0.006338596343994141,1.6689300537109375e-06,2.384185791015625e-07
3485,0.006800174713134766,1.9073486328125e-06,2.384185791015625e-07
3486,0.007325410842895508,1.9073486328125e-06,2.384185791015625e-07
3487,0.0035445690155029297,1.9073486328125e-06,2.384185791015625e-07
3488,0.0064465999603271484,1.9073486328125e-06,4.76837158203125e-07
3489,0.006891489028930664,2.1457672119140625e-06,2.384185791015625e-07
3490,0.007695436477661133,1.9073486328125e-06,4.76837158203125e-07
3491,0.009702920913696289,1.9073486328125e-06,2.384185791015625e-07
3492,0.008101463317871094,1.9073486328125e-06,2.384185791015625e-07
3493,0.009970426559448242,2.1457672119140625e-06,4.76837158203125e-07
3494,0.007830619812011719,1.6689300537109375e-06,2.384185791015625e-07
3495,0.009827375411987305,1.9073486328125e-06,2.384185791015625e-07
3496,0.008119821548461914,2.1457672119140625e-06,2.384185791015625e-07
3497,0.00760340690612793,1.9073486328125e-06,2.384185791015625e-07
3498,0.00993204116821289,1.9073486328125e-06,2.384185791015625e-07
3499,0.0074574947357177734,1.9073486328125e-06,2.384185791015625e-07
3500,0.006222963333129883,1.9073486328125e-06,2.384185791015625e-07
3501,0.004725456237792969,1.6689300537109375e-06,2.384185791015625e-07
3502,0.008800983428955078,1.9073486328125e-06,2.384185791015625e-07
3503,0.007414817810058594,1.9073486328125e-06,2.384185791015625e-07
3504,0.009135246276855469,1.6689300537109375e-06,2.384185791015625e-07
3505,0.005187511444091797,1.6689300537109375e-06,4.76837158203125e-07
3506,0.005888700485229492,1.6689300537109375e-06,2.384185791015625e-07
3507,0.00507807731628418,1.6689300537109375e-06,4.76837158203125e-07
3508,0.0047719478607177734,1.6689300537109375e-06,2.384185791015625e-07
3509,0.01060175895690918,1.6689300537109375e-06,2.384185791015625e-07
3510,0.006556987762451172,1.6689300537109375e-06,4.76837158203125e-07
3511,0.0063953399658203125,1.6689300537109375e-06,2.384185791015625e-07
3512,0.00913381576538086,2.1457672119140625e-06,4.76837158203125e-07
3513,0.005897998809814453,2.1457672119140625e-06,2.384185791015625e-07
3514,0.0073626041412353516,1.9073486328125e-06,2.384185791015625e-07
3515,0.005333423614501953,1.9073486328125e-06,2.384185791015625e-07
3516,0.006479024887084961,2.1457672119140625e-06,2.384185791015625e-07
3517,0.006451129913330078,2.1457672119140625e-06,2.384185791015625e-07
3518,0.006132602691650391,1.6689300537109375e-06,2.384185791015625e-07
3519,0.007704019546508789,2.1457672119140625e-06,2.384185791015625e-07
3520,0.008492708206176758,1.9073486328125e-06,2.384185791015625e-07
3521,0.006783962249755859,1.9073486328125e-06,4.76837158203125e-07
3522,0.008466243743896484,1.9073486328125e-06,2.384185791015625e-07
3523,0.007399559020996094,1.9073486328125e-06,2.384185791015625e-07
3524,0.008217811584472656,1.6689300537109375e-06,2.384185791015625e-07
3525,0.005713224411010742,1.9073486328125e-06,2.384185791015625e-07
3526,0.005308866500854492,2.1457672119140625e-06,4.76837158203125e-07
3527,0.007737636566162109,1.9073486328125e-06,2.384185791015625e-07
3528,0.005730628967285156,1.9073486328125e-06,4.76837158203125e-07
3529,0.007287263870239258,1.9073486328125e-06,4.76837158203125e-07
3530,0.006960630416870117,1.9073486328125e-06,2.384185791015625e-07
3531,0.004546642303466797,1.9073486328125e-06,2.384185791015625e-07
3532,0.005576610565185547,1.9073486328125e-06,2.384185791015625e-07
3533,0.003566265106201172,1.9073486328125e-06,2.384185791015625e-07
3534,0.003924846649169922,1.9073486328125e-06,2.384185791015625e-07
3535,0.007994890213012695,1.9073486328125e-06,2.384185791015625e-07
3536,0.004801273345947266,1.9073486328125e-06,2.384185791015625e-07
3537,0.004942893981933594,1.9073486328125e-06,2.384185791015625e-07
3538,0.009274482727050781,2.1457672119140625e-06,2.384185791015625e-07
3539,0.00548553466796875,2.1457672119140625e-06,2.384185791015625e-07
3540,0.006560564041137695,2.1457672119140625e-06,2.384185791015625e-07
3541,0.007987260818481445,1.9073486328125e-06,2.384185791015625e-07
3542,0.008117198944091797,1.9073486328125e-06,2.384185791015625e-07
3543,0.006587982177734375,1.9073486328125e-06,2.384185791015625e-07
3544,0.009711027145385742,1.9073486328125e-06,2.384185791015625e-07
3545,0.005060911178588867,1.9073486328125e-06,2.384185791015625e-07
3546,0.01171875,1.9073486328125e-06,2.384185791015625e-07
3547,0.007241964340209961,1.6689300537109375e-06,2.384185791015625e-07
3548,0.00748753547668457,2.1457672119140625e-06,4.76837158203125e-07
3549,0.008328437805175781,1.9073486328125e-06,2.384185791015625e-07
3550,0.005950927734375,1.9073486328125e-06,2.384185791015625e-07
3551,0.008191585540771484,1.9073486328125e-06,2.384185791015625e-07
3552,0.004892110824584961,2.1457672119140625e-06,2.384185791015625e-07
3553,0.010439157485961914,1.9073486328125e-06,2.384185791015625e-07
3554,0.00850820541381836,2.1457672119140625e-06,4.76837158203125e-07
3555,0.009105682373046875,1.9073486328125e-06,4.76837158203125e-07
3556,0.00964212417602539,1.9073486328125e-06,4.76837158203125e-07
3557,0.008879423141479492,2.1457672119140625e-06,2.384185791015625e-07
3558,0.009807825088500977,2.1457672119140625e-06,2.384185791015625e-07
3559,0.007367610931396484,1.9073486328125e-06,2.384185791015625e-07
3560,0.009705066680908203,2.1457672119140625e-06,4.76837158203125e-07
3561,0.006803989410400391,1.6689300537109375e-06,4.76837158203125e-07
3562,0.0051538944244384766,1.6689300537109375e-06,7.152557373046875e-07
3563,0.00853419303894043,1.9073486328125e-06,2.384185791015625e-07
3564,0.010150432586669922,2.6226043701171875e-06,2.384185791015625e-07
3565,0.007673978805541992,1.6689300537109375e-06,4.76837158203125e-07
3566,0.007447242736816406,1.6689300537109375e-06,2.384185791015625e-07
3567,0.0061130523681640625,1.6689300537109375e-06,2.384185791015625e-07
3568,0.0076618194580078125,1.9073486328125e-06,2.384185791015625e-07
3569,0.006166696548461914,1.6689300537109375e-06,2.384185791015625e-07
3570,0.005649089813232422,1.9073486328125e-06,2.384185791015625e-07
3571,0.009233713150024414,1.9073486328125e-06,7.152557373046875e-07
3572,0.009392023086547852,1.9073486328125e-06,2.384185791015625e-07
3573,0.007925271987915039,1.6689300537109375e-06,2.384185791015625e-07
3574,0.004991292953491211,1.6689300537109375e-06,2.384185791015625e-07
3575,0.003452301025390625,1.6689300537109375e-06,4.76837158203125e-07
3576,0.006024837493896484,1.9073486328125e-06,2.384185791015625e-07
3577,0.006098270416259766,1.9073486328125e-06,4.76837158203125e-07
3578,0.008877277374267578,2.1457672119140625e-06,2.384185791015625e-07
3579,0.008783102035522461,1.9073486328125e-06,2.384185791015625e-07
3580,0.007661581039428711,1.9073486328125e-06,2.384185791015625e-07
3581,0.009941339492797852,1.9073486328125e-06,2.384185791015625e-07
3582,0.007088899612426758,1.9073486328125e-06,2.384185791015625e-07
3583,0.0064411163330078125,2.1457672119140625e-06,2.384185791015625e-07
3584,0.005880117416381836,1.9073486328125e-06,4.76837158203125e-07
3585,0.005804777145385742,1.9073486328125e-06,2.384185791015625e-07
3586,0.006781339645385742,1.9073486328125e-06,2.384185791015625e-07
3587,0.007723808288574219,1.9073486328125e-06,2.384185791015625e-07
3588,0.0057582855224609375,1.9073486328125e-06,2.384185791015625e-07
3589,0.009566783905029297,1.9073486328125e-06,4.76837158203125e-07
3590,0.010545730590820312,2.1457672119140625e-06,2.384185791015625e-07
3591,0.007991552352905273,1.9073486328125e-06,4.76837158203125e-07
3592,0.005724668502807617,1.9073486328125e-06,4.76837158203125e-07
3593,0.0064122676849365234,1.9073486328125e-06,4.76837158203125e-07
3594,0.006432056427001953,1.9073486328125e-06,2.384185791015625e-07
3595,0.004789829254150391,1.9073486328125e-06,2.384185791015625e-07
3596,0.01082611083984375,1.6689300537109375e-06,2.384185791015625e-07
3597,0.009924888610839844,1.6689300537109375e-06,2.384185791015625e-07
3598,0.006628990173339844,1.6689300537109375e-06,4.76837158203125e-07
3599,0.009019851684570312,1.6689300537109375e-06,2.384185791015625e-07
3600,0.008719444274902344,1.6689300537109375e-06,2.384185791015625e-07
3601,0.0057523250579833984,1.6689300537109375e-06,2.384185791015625e-07
3602,0.010018348693847656,1.9073486328125e-06,2.384185791015625e-07
3603,0.004737138748168945,1.9073486328125e-06,2.384185791015625e-07
3604,0.0070188045501708984,1.6689300537109375e-06,4.76837158203125e-07
3605,0.0041353702545166016,1.6689300537109375e-06,2.384185791015625e-07
3606,0.006495237350463867,1.430511474609375e-06,4.76837158203125e-07
3607,0.007292509078979492,1.6689300537109375e-06,4.76837158203125e-07
3608,0.0050373077392578125,1.6689300537109375e-06,2.384185791015625e-07
3609,0.007691621780395508,1.6689300537109375e-06,2.384185791015625e-07
3610,0.008737802505493164,1.6689300537109375e-06,2.384185791015625e-07
3611,0.004739522933959961,1.6689300537109375e-06,2.384185791015625e-07
3612,0.006190776824951172,1.9073486328125e-06,2.384185791015625e-07
3613,0.006469011306762695,1.9073486328125e-06,4.76837158203125e-07
3614,0.006153583526611328,1.9073486328125e-06,2.384185791015625e-07
3615,0.008087396621704102,2.1457672119140625e-06,2.384185791015625e-07
3616,0.004806995391845703,1.9073486328125e-06,7.152557373046875e-07
3617,0.008356809616088867,2.1457672119140625e-06,4.76837158203125e-07
3618,0.005620718002319336,2.1457672119140625e-06,2.384185791015625e-07
3619,0.007901430130004883,1.9073486328125e-06,2.384185791015625e-07
3620,0.005480051040649414,1.9073486328125e-06,4.76837158203125e-07
3621,0.006404876708984375,1.9073486328125e-06,2.384185791015625e-07
3622,0.00574040412902832,1.9073486328125e-06,4.76837158203125e-07
3623,0.00482177734375,1.6689300537109375e-06,2.384185791015625e-07
3624,0.004920482635498047,1.6689300537109375e-06,4.76837158203125e-07
3625,0.00686335563659668,1.6689300537109375e-06,2.384185791015625e-07
3626,0.007144451141357422,2.1457672119140625e-06,4.76837158203125e-07
3627,0.006590127944946289,2.1457672119140625e-06,2.384185791015625e-07
3628,0.008214473724365234,2.1457672119140625e-06,2.384185791015625e-07
3629,0.0073468685150146484,1.9073486328125e-06,4.76837158203125e-07
3630,0.0039055347442626953,1.9073486328125e-06,4.76837158203125e-07
3631,0.006159543991088867,2.6226043701171875e-06,4.76837158203125e-07
3632,0.00590968132019043,2.1457672119140625e-06,2.384185791015625e-07
3633,0.0060923099517822266,1.6689300537109375e-06,2.384185791015625e-07
3634,0.0038976669311523438,2.1457672119140625e-06,4.76837158203125e-07
3635,0.0048370361328125,2.1457672119140625e-06,2.384185791015625e-07
3636,0.00374603271484375,1.6689300537109375e-06,2.384185791015625e-07
3637,0.0026617050170898438,1.9073486328125e-06,2.384185791015625e-07
3638,0.004380464553833008,1.9073486328125e-06,2.384185791015625e-07
3639,0.004990816116333008,1.9073486328125e-06,2.384185791015625e-07
3640,0.0071141719818115234,2.384185791015625e-06,4.76837158203125e-07
3641,0.005538463592529297,1.6689300537109375e-06,2.384185791015625e-07
3642,0.00324249267578125,1.9073486328125e-06,2.384185791015625e-07
3643,0.005095958709716797,1.9073486328125e-06,4.76837158203125e-07
3644,0.005623579025268555,1.9073486328125e-06,2.384185791015625e-07
3645,0.0056264400482177734,1.6689300537109375e-06,2.384185791015625e-07
3646,0.009065628051757812,1.6689300537109375e-06,2.384185791015625e-07
3647,0.008001565933227539,1.9073486328125e-06,4.76837158203125e-07
3648,0.003533601760864258,1.9073486328125e-06,2.384185791015625e-07
3649,0.010020256042480469,1.6689300537109375e-06,2.384185791015625e-07
3650,0.007821798324584961,1.6689300537109375e-06,2.384185791015625e-07
3651,0.010469198226928711,1.6689300537109375e-06,2.384185791015625e-07
3652,0.008171558380126953,2.1457672119140625e-06,4.76837158203125e-07
3653,0.011073589324951172,1.9073486328125e-06,4.76837158203125e-07
3654,0.005852937698364258,1.6689300537109375e-06,7.152557373046875e-07
3655,0.0064694881439208984,1.9073486328125e-06,2.384185791015625e-07
3656,0.004536151885986328,1.6689300537109375e-06,2.384185791015625e-07
3657,0.007467031478881836,2.1457672119140625e-06,4.76837158203125e-07
3658,0.01125645637512207,2.1457672119140625e-06,2.384185791015625e-07
3659,0.008445024490356445,1.6689300537109375e-06,4.76837158203125e-07
3660,0.006721019744873047,1.6689300537109375e-06,4.76837158203125e-07
3661,0.010793447494506836,1.9073486328125e-06,4.76837158203125e-07
3662,0.005859851837158203,1.6689300537109375e-06,4.76837158203125e-07
3663,0.007425546646118164,1.9073486328125e-06,2.384185791015625e-07
3664,0.00589299201965332,1.9073486328125e-06,2.384185791015625e-07
3665,0.0071947574615478516,1.6689300537109375e-06,2.384185791015625e-07
3666,0.010353565216064453,1.6689300537109375e-06,2.384185791015625e-07
3667,0.00920414924621582,1.9073486328125e-06,7.152557373046875e-07
3668,0.006982088088989258,1.6689300537109375e-06,2.384185791015625e-07
3669,0.009356975555419922,1.9073486328125e-06,2.384185791015625e-07
3670,0.008777856826782227,1.6689300537109375e-06,2.384185791015625e-07
3671,0.007246971130371094,1.6689300537109375e-06,2.384185791015625e-07
3672,0.0066699981689453125,2.1457672119140625e-06,4.76837158203125e-07
3673,0.005505800247192383,1.6689300537109375e-06,4.76837158203125e-07
3674,0.005059242248535156,1.6689300537109375e-06,4.76837158203125e-07
3675,0.0056688785552978516,1.9073486328125e-06,4.76837158203125e-07
3676,0.0056836605072021484,1.9073486328125e-06,2.384185791015625e-07
3677,0.0037431716918945312,1.9073486328125e-06,2.384185791015625e-07
3678,0.006389617919921875,2.1457672119140625e-06,2.384185791015625e-07
3679,0.004122257232666016,1.9073486328125e-06,2.384185791015625e-07
3680,0.007693052291870117,1.9073486328125e-06,2.384185791015625e-07
3681,0.003954410552978516,2.1457672119140625e-06,4.76837158203125e-07
3682,0.006309986114501953,1.9073486328125e-06,2.384185791015625e-07
3683,0.004747867584228516,1.9073486328125e-06,4.76837158203125e-07
3684,0.0065000057220458984,2.1457672119140625e-06,2.384185791015625e-07
3685,0.004584550857543945,2.1457672119140625e-06,4.76837158203125e-07
3686,0.0029921531677246094,1.9073486328125e-06,2.384185791015625e-07
3687,0.006548881530761719,2.1457672119140625e-06,2.384185791015625e-07
3688,0.0059719085693359375,2.1457672119140625e-06,2.384185791015625e-07
3689,0.00691676139831543,1.9073486328125e-06,2.384185791015625e-07
3690,0.006766080856323242,2.1457672119140625e-06,4.76837158203125e-07
3691,0.007317781448364258,1.9073486328125e-06,2.384185791015625e-07
3692,0.005059480667114258,1.9073486328125e-06,2.384185791015625e-07
3693,0.0036356449127197266,1.9073486328125e-06,2.384185791015625e-07
3694,0.004241466522216797,2.384185791015625e-06,2.384185791015625e-07
3695,0.004174232482910156,2.1457672119140625e-06,2.384185791015625e-07
3696,0.0054836273193359375,1.9073486328125e-06,2.384185791015625e-07
3697,0.006444692611694336,1.6689300537109375e-06,2.384185791015625e-07
3698,0.00565028190612793,1.6689300537109375e-06,2.384185791015625e-07
3699,0.005047321319580078,1.9073486328125e-06,4.76837158203125e-07
3700,0.0062444210052490234,1.430511474609375e-06,2.384185791015625e-07
3701,0.0030469894409179688,1.6689300537109375e-06,2.384185791015625e-07
3702,0.0034754276275634766,1.6689300537109375e-06,2.384185791015625e-07
3703,0.004811763763427734,1.6689300537109375e-06,2.384185791015625e-07
3704,0.003080129623413086,1.6689300537109375e-06,2.384185791015625e-07
3705,0.004870891571044922,1.6689300537109375e-06,2.384185791015625e-07
3706,0.005866527557373047,1.6689300537109375e-06,2.384185791015625e-07
3707,0.005494594573974609,1.6689300537109375e-06,2.384185791015625e-07
3708,0.004662036895751953,1.6689300537109375e-06,2.384185791015625e-07
3709,0.0050678253173828125,1.430511474609375e-06,2.384185791015625e-07
3710,0.007200479507446289,1.9073486328125e-06,2.384185791015625e-07
3711,0.005903482437133789,2.1457672119140625e-06,2.384185791015625e-07
3712,0.0047953128814697266,1.9073486328125e-06,4.76837158203125e-07
3713,0.006237983703613281,1.9073486328125e-06,2.384185791015625e-07
3714,0.005179405212402344,2.1457672119140625e-06,4.76837158203125e-07
3715,0.006626129150390625,1.9073486328125e-06,2.384185791015625e-07
3716,0.003980875015258789,1.9073486328125e-06,4.76837158203125e-07
3717,0.007330894470214844,1.9073486328125e-06,4.76837158203125e-07
3718,0.009115934371948242,1.9073486328125e-06,4.76837158203125e-07
3719,0.004118919372558594,1.9073486328125e-06,2.384185791015625e-07
3720,0.007271289825439453,2.1457672119140625e-06,0.0
3721,0.008022308349609375,1.9073486328125e-06,4.76837158203125e-07
3722,0.005017280578613281,1.9073486328125e-06,2.384185791015625e-07
3723,0.008988618850708008,1.9073486328125e-06,2.384185791015625e-07
3724,0.0053560733795166016,2.1457672119140625e-06,2.384185791015625e-07
3725,0.009987831115722656,1.9073486328125e-06,2.384185791015625e-07
3726,0.0051631927490234375,1.9073486328125e-06,4.76837158203125e-07
3727,0.008564233779907227,1.6689300537109375e-06,2.384185791015625e-07
3728,0.0051577091217041016,1.9073486328125e-06,4.76837158203125e-07
3729,0.011821985244750977,2.1457672119140625e-06,2.384185791015625e-07
3730,0.007153749465942383,2.384185791015625e-06,2.384185791015625e-07
3731,0.006447792053222656,2.1457672119140625e-06,2.384185791015625e-07
3732,0.007562398910522461,1.9073486328125e-06,2.384185791015625e-07
3733,0.004502058029174805,1.9073486328125e-06,2.384185791015625e-07
3734,0.009282350540161133,2.1457672119140625e-06,2.384185791015625e-07
3735,0.004984140396118164,2.1457672119140625e-06,7.152557373046875e-07
3736,0.007066249847412109,2.1457672119140625e-06,2.384185791015625e-07
3737,0.008574247360229492,2.1457672119140625e-06,2.384185791015625e-07
3738,0.0074498653411865234,1.9073486328125e-06,2.384185791015625e-07
3739,0.003270864486694336,1.9073486328125e-06,2.384185791015625e-07
3740,0.005541324615478516,2.1457672119140625e-06,2.384185791015625e-07
3741,0.009145498275756836,2.1457672119140625e-06,2.384185791015625e-07
3742,0.00817561149597168,2.1457672119140625e-06,2.384185791015625e-07
3743,0.007990598678588867,1.9073486328125e-06,2.384185791015625e-07
3744,0.008681297302246094,1.9073486328125e-06,2.384185791015625e-07
3745,0.0068781375885009766,1.9073486328125e-06,2.384185791015625e-07
3746,0.006857395172119141,1.9073486328125e-06,2.384185791015625e-07
3747,0.008589744567871094,2.1457672119140625e-06,2.384185791015625e-07
3748,0.006196022033691406,1.9073486328125e-06,2.384185791015625e-07
3749,0.013859748840332031,2.1457672119140625e-06,2.384185791015625e-07
3750,0.009992837905883789,2.1457672119140625e-06,2.384185791015625e-07
3751,0.011326789855957031,1.9073486328125e-06,2.384185791015625e-07
3752,0.010200023651123047,1.9073486328125e-06,2.384185791015625e-07
3753,0.008785724639892578,1.9073486328125e-06,2.384185791015625e-07
3754,0.00854182243347168,1.9073486328125e-06,2.384185791015625e-07
3755,0.0061109066009521484,2.1457672119140625e-06,2.384185791015625e-07
3756,0.009292364120483398,1.9073486328125e-06,2.384185791015625e-07
3757,0.0091552734375,1.9073486328125e-06,2.384185791015625e-07
3758,0.005866050720214844,2.1457672119140625e-06,4.76837158203125e-07
3759,0.012155532836914062,1.6689300537109375e-06,2.384185791015625e-07
3760,0.0061643123626708984,1.9073486328125e-06,2.384185791015625e-07
3761,0.008950471878051758,1.6689300537109375e-06,4.76837158203125e-07
3762,0.009315013885498047,1.6689300537109375e-06,4.76837158203125e-07
3763,0.006211519241333008,1.6689300537109375e-06,2.384185791015625e-07
3764,0.00491023063659668,1.6689300537109375e-06,2.384185791015625e-07
3765,0.01049351692199707,2.1457672119140625e-06,4.76837158203125e-07
3766,0.009857892990112305,1.9073486328125e-06,4.76837158203125e-07
3767,0.012695550918579102,1.9073486328125e-06,4.76837158203125e-07
3768,0.011589527130126953,2.1457672119140625e-06,2.384185791015625e-07
3769,0.006561994552612305,1.9073486328125e-06,2.384185791015625e-07
3770,0.005784511566162109,1.9073486328125e-06,2.384185791015625e-07
3771,0.005537509918212891,1.6689300537109375e-06,2.384185791015625e-07
3772,0.009091854095458984,1.6689300537109375e-06,2.384185791015625e-07
3773,0.00832986831665039,1.6689300537109375e-06,2.384185791015625e-07
3774,0.0042302608489990234,1.6689300537109375e-06,2.384185791015625e-07
3775,0.00682830810546875,1.9073486328125e-06,4.76837158203125e-07
3776,0.006983757019042969,1.6689300537109375e-06,2.384185791015625e-07
3777,0.009066581726074219,1.6689300537109375e-06,2.384185791015625e-07
3778,0.00801229476928711,1.9073486328125e-06,2.384185791015625e-07
3779,0.005722999572753906,1.6689300537109375e-06,2.384185791015625e-07
3780,0.004851818084716797,1.9073486328125e-06,2.384185791015625e-07
3781,0.005720853805541992,1.9073486328125e-06,2.384185791015625e-07
3782,0.007731437683105469,1.6689300537109375e-06,4.76837158203125e-07
3783,0.0057735443115234375,2.1457672119140625e-06,4.76837158203125e-07
3784,0.006177425384521484,1.9073486328125e-06,2.384185791015625e-07
3785,0.0048253536224365234,1.6689300537109375e-06,2.384185791015625e-07
3786,0.0051267147064208984,1.9073486328125e-06,2.384185791015625e-07
3787,0.007877111434936523,2.1457672119140625e-06,4.76837158203125e-07
3788,0.007554531097412109,1.9073486328125e-06,2.384185791015625e-07
3789,0.009540796279907227,1.9073486328125e-06,4.76837158203125e-07
3790,0.010215997695922852,1.9073486328125e-06,2.384185791015625e-07
3791,0.010910511016845703,1.9073486328125e-06,2.384185791015625e-07
3792,0.007627248764038086,1.9073486328125e-06,2.384185791015625e-07
3793,0.008164405822753906,1.6689300537109375e-06,2.384185791015625e-07
3794,0.008193731307983398,1.9073486328125e-06,2.384185791015625e-07
3795,0.00715947151184082,2.1457672119140625e-06,2.384185791015625e-07
3796,0.011021852493286133,1.9073486328125e-06,2.384185791015625e-07
3797,0.00971221923828125,1.9073486328125e-06,2.384185791015625e-07
3798,0.005846738815307617,1.9073486328125e-06,4.76837158203125e-07
3799,0.006659746170043945,1.9073486328125e-06,4.76837158203125e-07
3800,0.009078025817871094,1.6689300537109375e-06,2.384185791015625e-07
3801,0.00484919548034668,1.9073486328125e-06,4.76837158203125e-07
3802,0.007227182388305664,1.6689300537109375e-06,4.76837158203125e-07
3803,0.005256175994873047,1.9073486328125e-06,4.76837158203125e-07
3804,0.007750511169433594,1.9073486328125e-06,2.384185791015625e-07
3805,0.0045623779296875,2.384185791015625e-06,2.384185791015625e-07
3806,0.0064239501953125,1.9073486328125e-06,2.384185791015625e-07
3807,0.005434274673461914,1.9073486328125e-06,2.384185791015625e-07
3808,0.006056070327758789,1.9073486328125e-06,2.384185791015625e-07
3809,0.008829832077026367,1.6689300537109375e-06,2.384185791015625e-07
3810,0.005423069000244141,1.6689300537109375e-06,2.384185791015625e-07
3811,0.006375789642333984,1.9073486328125e-06,4.76837158203125e-07
3812,0.008876800537109375,2.1457672119140625e-06,2.384185791015625e-07
3813,0.0055637359619140625,2.1457672119140625e-06,4.76837158203125e-07
3814,0.0042841434478759766,2.1457672119140625e-06,2.384185791015625e-07
3815,0.006594657897949219,1.9073486328125e-06,2.384185791015625e-07
3816,0.005791425704956055,1.9073486328125e-06,2.384185791015625e-07
3817,0.00656580924987793,1.9073486328125e-06,2.384185791015625e-07
3818,0.006800651550292969,1.9073486328125e-06,4.76837158203125e-07
3819,0.006250858306884766,1.9073486328125e-06,4.76837158203125e-07
3820,0.002832174301147461,1.9073486328125e-06,2.384185791015625e-07
3821,0.005014181137084961,1.9073486328125e-06,2.384185791015625e-07
3822,0.003721475601196289,1.6689300537109375e-06,2.384185791015625e-07
3823,0.008292198181152344,1.6689300537109375e-06,2.384185791015625e-07
3824,0.006293773651123047,1.6689300537109375e-06,4.76837158203125e-07
3825,0.006150245666503906,1.6689300537109375e-06,4.76837158203125e-07
3826,0.005793094635009766,1.6689300537109375e-06,4.76837158203125e-07
3827,0.00670313835144043,1.6689300537109375e-06,4.76837158203125e-07
3828,0.00572514533996582,1.6689300537109375e-06,4.76837158203125e-07
3829,0.009000778198242188,1.6689300537109375e-06,4.76837158203125e-07
3830,0.00584721565246582,1.6689300537109375e-06,2.384185791015625e-07
3831,0.003780364990234375,1.6689300537109375e-06,2.384185791015625e-07
3832,0.007276296615600586,1.6689300537109375e-06,2.384185791015625e-07
3833,0.008548736572265625,1.9073486328125e-06,4.76837158203125e-07
3834,0.0073604583740234375,1.6689300537109375e-06,2.384185791015625e-07
3835,0.005022764205932617,1.9073486328125e-06,2.384185791015625e-07
3836,0.00850820541381836,2.1457672119140625e-06,2.384185791015625e-07
3837,0.0073320865631103516,1.9073486328125e-06,2.384185791015625e-07
3838,0.010935068130493164,2.1457672119140625e-06,2.384185791015625e-07
3839,0.01021575927734375,1.9073486328125e-06,4.76837158203125e-07
3840,0.006157636642456055,1.9073486328125e-06,2.384185791015625e-07
3841,0.010729551315307617,1.9073486328125e-06,2.384185791015625e-07
3842,0.003885984420776367,1.9073486328125e-06,2.384185791015625e-07
3843,0.007407426834106445,1.9073486328125e-06,2.384185791015625e-07
3844,0.009475946426391602,1.9073486328125e-06,4.76837158203125e-07
3845,0.0026793479919433594,1.9073486328125e-06,4.76837158203125e-07
3846,0.005955934524536133,2.1457672119140625e-06,2.384185791015625e-07
3847,0.010299921035766602,1.9073486328125e-06,2.384185791015625e-07
3848,0.008201360702514648,2.1457672119140625e-06,2.384185791015625e-07
3849,0.003643035888671875,1.6689300537109375e-06,2.384185791015625e-07
3850,0.008989810943603516,1.9073486328125e-06,2.384185791015625e-07
3851,0.004674196243286133,1.6689300537109375e-06,4.76837158203125e-07
3852,0.004864692687988281,1.9073486328125e-06,4.76837158203125e-07
3853,0.006226062774658203,1.9073486328125e-06,2.384185791015625e-07
3854,0.005297422409057617,1.9073486328125e-06,2.384185791015625e-07
3855,0.0074198246002197266,1.9073486328125e-06,2.384185791015625e-07
3856,0.0052378177642822266,1.6689300537109375e-06,2.384185791015625e-07
3857,0.010813236236572266,1.6689300537109375e-06,2.384185791015625e-07
3858,0.009393692016601562,1.6689300537109375e-06,2.384185791015625e-07
3859,0.006380558013916016,1.6689300537109375e-06,2.384185791015625e-07
3860,0.00899815559387207,1.6689300537109375e-06,7.152557373046875e-07
3861,0.00491642951965332,1.6689300537109375e-06,2.384185791015625e-07
3862,0.009314298629760742,1.6689300537109375e-06,2.384185791015625e-07
3863,0.00887751579284668,1.6689300537109375e-06,2.384185791015625e-07
3864,0.010140180587768555,1.9073486328125e-06,2.384185791015625e-07
3865,0.005645751953125,1.9073486328125e-06,2.384185791015625e-07
3866,0.008140325546264648,1.9073486328125e-06,4.76837158203125e-07
3867,0.007704973220825195,1.9073486328125e-06,4.76837158203125e-07
3868,0.010553359985351562,1.9073486328125e-06,2.384185791015625e-07
3869,0.0059261322021484375,1.9073486328125e-06,4.76837158203125e-07
3870,0.010741949081420898,1.9073486328125e-06,2.384185791015625e-07
3871,0.007101774215698242,1.9073486328125e-06,4.76837158203125e-07
3872,0.009423017501831055,1.6689300537109375e-06,4.76837158203125e-07
3873,0.006437063217163086,1.6689300537109375e-06,2.384185791015625e-07
3874,0.009001731872558594,1.6689300537109375e-06,2.384185791015625e-07
3875,0.0075910091400146484,1.6689300537109375e-06,2.384185791015625e-07
3876,0.007874727249145508,1.6689300537109375e-06,2.384185791015625e-07
3877,0.008757352828979492,1.9073486328125e-06,2.384185791015625e-07
3878,0.00923299789428711,1.6689300537109375e-06,7.152557373046875e-07
3879,0.0037183761596679688,1.9073486328125e-06,2.384185791015625e-07
3880,0.00721430778503418,1.9073486328125e-06,4.76837158203125e-07
3881,0.0045928955078125,1.6689300537109375e-06,2.384185791015625e-07
3882,0.005837202072143555,1.6689300537109375e-06,7.152557373046875e-07
3883,0.004953145980834961,1.6689300537109375e-06,4.76837158203125e-07
3884,0.004446983337402344,1.9073486328125e-06,2.384185791015625e-07
3885,0.005489826202392578,1.9073486328125e-06,2.384185791015625e-07
3886,0.002579927444458008,1.6689300537109375e-06,2.384185791015625e-07
3887,0.0041506290435791016,1.6689300537109375e-06,2.384185791015625e-07
3888,0.0070569515228271484,1.9073486328125e-06,2.384185791015625e-07
3889,0.0031774044036865234,1.9073486328125e-06,2.384185791015625e-07
3890,0.003711223602294922,1.9073486328125e-06,2.384185791015625e-07
3891,0.004767656326293945,2.1457672119140625e-06,4.76837158203125e-07
3892,0.0033817291259765625,1.6689300537109375e-06,2.384185791015625e-07
3893,0.003598451614379883,1.6689300537109375e-06,4.76837158203125e-07
3894,0.005067586898803711,1.6689300537109375e-06,2.384185791015625e-07
3895,0.00455474853515625,1.9073486328125e-06,7.152557373046875e-07
3896,0.005911350250244141,2.1457672119140625e-06,2.384185791015625e-07
3897,0.004930734634399414,1.9073486328125e-06,4.76837158203125e-07
3898,0.004873037338256836,2.1457672119140625e-06,4.76837158203125e-07
3899,0.0027589797973632812,1.9073486328125e-06,4.76837158203125e-07
3900,0.0062863826751708984,2.1457672119140625e-06,2.384185791015625e-07
3901,0.004080295562744141,1.9073486328125e-06,2.384185791015625e-07
3902,0.0041446685791015625,1.9073486328125e-06,2.384185791015625e-07
3903,0.004860639572143555,2.1457672119140625e-06,2.384185791015625e-07
3904,0.006343364715576172,1.9073486328125e-06,4.76837158203125e-07
3905,0.00463557243347168,1.9073486328125e-06,4.76837158203125e-07
3906,0.004927873611450195,1.6689300537109375e-06,2.384185791015625e-07
3907,0.004970550537109375,1.9073486328125e-06,2.384185791015625e-07
3908,0.007502317428588867,1.6689300537109375e-06,2.384185791015625e-07
3909,0.007071495056152344,1.9073486328125e-06,2.384185791015625e-07
3910,0.00877690315246582,1.9073486328125e-06,2.384185791015625e-07
3911,0.006665229797363281,1.9073486328125e-06,4.76837158203125e-07
3912,0.00991058349609375,1.430511474609375e-06,2.384185791015625e-07
3913,0.0077664852142333984,1.6689300537109375e-06,2.384185791015625e-07
3914,0.012214899063110352,1.6689300537109375e-06,2.384185791015625e-07
3915,0.0031468868255615234,1.6689300537109375e-06,2.384185791015625e-07
3916,0.008106708526611328,1.6689300537109375e-06,2.384185791015625e-07
3917,0.004305362701416016,1.6689300537109375e-06,4.76837158203125e-07
3918,0.003900766372680664,1.6689300537109375e-06,2.384185791015625e-07
3919,0.00658869743347168,1.9073486328125e-06,2.384185791015625e-07
3920,0.006579160690307617,1.6689300537109375e-06,2.384185791015625e-07
3921,0.009218215942382812,1.9073486328125e-06,2.384185791015625e-07
3922,0.011307001113891602,1.9073486328125e-06,2.384185791015625e-07
3923,0.005227804183959961,1.6689300537109375e-06,2.384185791015625e-07
3924,0.008260488510131836,1.9073486328125e-06,2.384185791015625e-07
3925,0.006325721740722656,2.384185791015625e-06,4.76837158203125e-07
3926,0.007196664810180664,1.9073486328125e-06,7.152557373046875e-07
3927,0.004854679107666016,2.1457672119140625e-06,2.384185791015625e-07
3928,0.011091947555541992,1.9073486328125e-06,4.76837158203125e-07
3929,0.0050201416015625,1.9073486328125e-06,2.384185791015625e-07
3930,0.0059146881103515625,1.9073486328125e-06,2.384185791015625e-07
3931,0.0062596797943115234,1.9073486328125e-06,4.76837158203125e-07
3932,0.002414703369140625,2.384185791015625e-06,4.76837158203125e-07
3933,0.006943225860595703,1.9073486328125e-06,4.76837158203125e-07
3934,0.008410453796386719,1.9073486328125e-06,4.76837158203125e-07
3935,0.005444526672363281,1.9073486328125e-06,4.76837158203125e-07
3936,0.010841131210327148,1.9073486328125e-06,2.384185791015625e-07
3937,0.009045600891113281,1.9073486328125e-06,2.384185791015625e-07
3938,0.008314847946166992,1.9073486328125e-06,4.76837158203125e-07
3939,0.007663249969482422,1.6689300537109375e-06,2.384185791015625e-07
3940,0.007587909698486328,1.9073486328125e-06,4.76837158203125e-07
3941,0.008055686950683594,1.9073486328125e-06,4.76837158203125e-07
3942,0.008991479873657227,1.9073486328125e-06,2.384185791015625e-07
3943,0.008195638656616211,1.6689300537109375e-06,2.384185791015625e-07
3944,0.0076982975006103516,1.6689300537109375e-06,4.76837158203125e-07
3945,0.0074863433837890625,1.6689300537109375e-06,2.384185791015625e-07
3946,0.006855487823486328,1.6689300537109375e-06,2.384185791015625e-07
3947,0.007459163665771484,1.9073486328125e-06,2.384185791015625e-07
3948,0.0059528350830078125,1.6689300537109375e-06,2.384185791015625e-07
3949,0.005134105682373047,1.6689300537109375e-06,2.384185791015625e-07
3950,0.008692264556884766,1.6689300537109375e-06,2.384185791015625e-07
3951,0.007368326187133789,1.6689300537109375e-06,4.76837158203125e-07
3952,0.007159709930419922,1.6689300537109375e-06,4.76837158203125e-07
3953,0.004853010177612305,1.9073486328125e-06,7.152557373046875e-07
3954,0.00794363021850586,1.430511474609375e-06,2.384185791015625e-07
3955,0.01118779182434082,1.9073486328125e-06,2.384185791015625e-07
3956,0.009283304214477539,2.1457672119140625e-06,2.384185791015625e-07
3957,0.00899505615234375,2.1457672119140625e-06,2.384185791015625e-07
3958,0.006680965423583984,1.9073486328125e-06,2.384185791015625e-07
3959,0.0058710575103759766,2.1457672119140625e-06,2.384185791015625e-07
3960,0.008230447769165039,1.9073486328125e-06,2.384185791015625e-07
3961,0.006685972213745117,1.9073486328125e-06,2.384185791015625e-07
3962,0.006391763687133789,1.9073486328125e-06,2.384185791015625e-07
3963,0.0047876834869384766,2.1457672119140625e-06,2.384185791015625e-07
3964,0.00899505615234375,1.9073486328125e-06,2.384185791015625e-07
3965,0.007799386978149414,2.1457672119140625e-06,2.384185791015625e-07
3966,0.010258674621582031,2.1457672119140625e-06,2.384185791015625e-07
3967,0.0050699710845947266,1.9073486328125e-06,2.384185791015625e-07
3968,0.007145404815673828,2.384185791015625e-06,2.384185791015625e-07
3969,0.006308317184448242,1.430511474609375e-06,4.76837158203125e-07
3970,0.008879661560058594,1.9073486328125e-06,4.76837158203125e-07
3971,0.008600711822509766,1.9073486328125e-06,4.76837158203125e-07
3972,0.007406473159790039,1.6689300537109375e-06,2.384185791015625e-07
3973,0.010147809982299805,1.9073486328125e-06,2.384185791015625e-07
3974,0.010645866394042969,2.1457672119140625e-06,2.384185791015625e-07
3975,0.008785486221313477,1.6689300537109375e-06,2.384185791015625e-07
3976,0.00458526611328125,1.430511474609375e-06,2.384185791015625e-07
3977,0.00936746597290039,1.9073486328125e-06,2.384185791015625e-07
3978,0.008677244186401367,1.9073486328125e-06,2.384185791015625e-07
3979,0.008082389831542969,1.9073486328125e-06,2.384185791015625e-07
3980,0.0049686431884765625,1.9073486328125e-06,4.76837158203125e-07
3981,0.006617069244384766,2.1457672119140625e-06,4.76837158203125e-07
3982,0.005422353744506836,1.6689300537109375e-06,2.384185791015625e-07
3983,0.0078051090240478516,1.9073486328125e-06,4.76837158203125e-07
3984,0.00824880599975586,1.9073486328125e-06,2.384185791015625e-07
3985,0.0021953582763671875,1.9073486328125e-06,2.384185791015625e-07
3986,0.005439043045043945,1.6689300537109375e-06,2.384185791015625e-07
3987,0.007137775421142578,2.1457672119140625e-06,2.384185791015625e-07
3988,0.005751609802246094,1.9073486328125e-06,2.384185791015625e-07
3989,0.00937795639038086,1.9073486328125e-06,4.76837158203125e-07
3990,0.005583524703979492,1.9073486328125e-06,2.384185791015625e-07
3991,0.0065135955810546875,1.9073486328125e-06,2.384185791015625e-07
3992,0.004619121551513672,1.9073486328125e-06,2.384185791015625e-07
3993,0.006082773208618164,1.9073486328125e-06,2.384185791015625e-07
3994,0.007497072219848633,2.1457672119140625e-06,4.76837158203125e-07
3995,0.009079933166503906,1.430511474609375e-06,4.76837158203125e-07
3996,0.0064220428466796875,2.1457672119140625e-06,2.384185791015625e-07
3997,0.0045740604400634766,1.6689300537109375e-06,2.384185791015625e-07
3998,0.004793405532836914,1.6689300537109375e-06,2.384185791015625e-07
3999,0.006147146224975586,1.6689300537109375e-06,4.76837158203125e-07
4000,0.005141735076904297,2.1457672119140625e-06,2.384185791015625e-07
4001,0.004469156265258789,1.9073486328125e-06,4.76837158203125e-07
4002,0.006779670715332031,1.9073486328125e-06,4.76837158203125e-07
4003,0.008108854293823242,1.9073486328125e-06,2.384185791015625e-07
4004,0.006529092788696289,1.9073486328125e-06,2.384185791015625e-07
4005,0.005814075469970703,1.9073486328125e-06,4.76837158203125e-07
4006,0.006633281707763672,1.6689300537109375e-06,4.76837158203125e-07
4007,0.006738901138305664,2.1457672119140625e-06,2.384185791015625e-07
4008,0.005399942398071289,2.1457672119140625e-06,4.76837158203125e-07
4009,0.0047092437744140625,1.9073486328125e-06,4.76837158203125e-07
4010,0.010345220565795898,2.1457672119140625e-06,2.384185791015625e-07
4011,0.007272958755493164,1.9073486328125e-06,2.384185791015625e-07
4012,0.006142377853393555,2.1457672119140625e-06,2.384185791015625e-07
4013,0.0036897659301757812,1.6689300537109375e-06,2.384185791015625e-07
4014,0.009274482727050781,1.6689300537109375e-06,2.384185791015625e-07
4015,0.00643610954284668,1.6689300537109375e-06,2.384185791015625e-07
4016,0.00701141357421875,1.6689300537109375e-06,2.384185791015625e-07
4017,0.003944873809814453,1.9073486328125e-06,2.384185791015625e-07
4018,0.004969596862792969,1.6689300537109375e-06,4.76837158203125e-07
4019,0.00612640380859375,1.430511474609375e-06,4.76837158203125e-07
4020,0.003642559051513672,1.6689300537109375e-06,7.152557373046875e-07
4021,0.007304191589355469,1.9073486328125e-06,2.384185791015625e-07
4022,0.004285573959350586,1.9073486328125e-06,2.384185791015625e-07
4023,0.005667924880981445,1.9073486328125e-06,2.384185791015625e-07
4024,0.002849578857421875,1.9073486328125e-06,2.384185791015625e-07
4025,0.0031805038452148438,1.9073486328125e-06,2.384185791015625e-07
4026,0.004422903060913086,1.9073486328125e-06,2.384185791015625e-07
4027,0.00469207763671875,2.1457672119140625e-06,2.384185791015625e-07
4028,0.007453441619873047,1.9073486328125e-06,4.76837158203125e-07
4029,0.010204792022705078,1.9073486328125e-06,7.152557373046875e-07
4030,0.0076825618743896484,1.9073486328125e-06,2.384185791015625e-07
4031,0.007746696472167969,2.1457672119140625e-06,4.76837158203125e-07
4032,0.011569976806640625,1.6689300537109375e-06,4.76837158203125e-07
4033,0.008494853973388672,2.1457672119140625e-06,2.384185791015625e-07
4034,0.006688356399536133,1.6689300537109375e-06,4.76837158203125e-07
4035,0.006058931350708008,2.1457672119140625e-06,2.384185791015625e-07
4036,0.006328582763671875,2.1457672119140625e-06,2.384185791015625e-07
4037,0.008172988891601562,1.6689300537109375e-06,2.384185791015625e-07
4038,0.009907960891723633,1.6689300537109375e-06,2.384185791015625e-07
4039,0.008592605590820312,1.6689300537109375e-06,2.384185791015625e-07
4040,0.00710296630859375,1.6689300537109375e-06,2.384185791015625e-07
4041,0.009639263153076172,1.6689300537109375e-06,2.384185791015625e-07
4042,0.0087738037109375,1.9073486328125e-06,0.0
4043,0.004200935363769531,1.6689300537109375e-06,4.76837158203125e-07
4044,0.011008739471435547,2.1457672119140625e-06,2.384185791015625e-07
4045,0.007253885269165039,1.9073486328125e-06,2.384185791015625e-07
4046,0.005537509918212891,1.9073486328125e-06,2.384185791015625e-07
4047,0.006688117980957031,2.1457672119140625e-06,2.384185791015625e-07
4048,0.002056121826171875,1.9073486328125e-06,2.384185791015625e-07
4049,0.0027074813842773438,1.6689300537109375e-06,2.384185791015625e-07
4050,0.00537419319152832,1.6689300537109375e-06,2.384185791015625e-07
4051,0.0030193328857421875,1.6689300537109375e-06,2.384185791015625e-07
4052,0.0056498050689697266,1.9073486328125e-06,2.384185791015625e-07
4053,0.0056765079498291016,1.6689300537109375e-06,2.384185791015625e-07
4054,0.0071489810943603516,2.1457672119140625e-06,2.384185791015625e-07
4055,0.005795955657958984,1.6689300537109375e-06,4.76837158203125e-07
4056,0.0049784183502197266,1.9073486328125e-06,4.76837158203125e-07
4057,0.004622936248779297,2.1457672119140625e-06,7.152557373046875e-07
4058,0.005120515823364258,1.9073486328125e-06,2.384185791015625e-07
4059,0.004992485046386719,1.9073486328125e-06,2.384185791015625e-07
4060,0.00394439697265625,1.9073486328125e-06,2.384185791015625e-07
4061,0.003119230270385742,2.1457672119140625e-06,2.384185791015625e-07
4062,0.007642984390258789,2.1457672119140625e-06,2.384185791015625e-07
4063,0.003964662551879883,1.430511474609375e-06,2.384185791015625e-07
4064,0.003582477569580078,1.6689300537109375e-06,2.384185791015625e-07
4065,0.008168935775756836,1.6689300537109375e-06,2.384185791015625e-07
4066,0.004579782485961914,1.6689300537109375e-06,2.384185791015625e-07
4067,0.003405332565307617,1.6689300537109375e-06,2.384185791015625e-07
4068,0.002602815628051758,2.1457672119140625e-06,4.76837158203125e-07
4069,0.007914304733276367,2.1457672119140625e-06,4.76837158203125e-07
4070,0.0066852569580078125,2.1457672119140625e-06,2.384185791015625e-07
4071,0.005899667739868164,1.9073486328125e-06,2.384185791015625e-07
4072,0.008086204528808594,1.6689300537109375e-06,2.384185791015625e-07
4073,0.003687143325805664,1.9073486328125e-06,2.384185791015625e-07
4074,0.00413966178894043,1.9073486328125e-06,2.384185791015625e-07
4075,0.004662990570068359,1.430511474609375e-06,2.384185791015625e-07
4076,0.004327535629272461,1.9073486328125e-06,2.384185791015625e-07
4077,0.006146907806396484,1.9073486328125e-06,2.384185791015625e-07
4078,0.003207683563232422,2.1457672119140625e-06,2.384185791015625e-07
4079,0.004778623580932617,1.9073486328125e-06,2.384185791015625e-07
4080,0.004769563674926758,1.9073486328125e-06,4.76837158203125e-07
4081,0.004548072814941406,1.9073486328125e-06,2.384185791015625e-07
4082,0.005166053771972656,1.9073486328125e-06,2.384185791015625e-07
4083,0.005327939987182617,1.6689300537109375e-06,2.384185791015625e-07
4084,0.0054607391357421875,1.9073486328125e-06,2.384185791015625e-07
4085,0.004363298416137695,1.9073486328125e-06,2.384185791015625e-07
4086,0.004013538360595703,2.1457672119140625e-06,2.384185791015625e-07
4087,0.0054950714111328125,1.9073486328125e-06,2.384185791015625e-07
4088,0.0056836605072021484,1.6689300537109375e-06,4.76837158203125e-07
4089,0.004636049270629883,1.9073486328125e-06,2.384185791015625e-07
4090,0.004206180572509766,1.9073486328125e-06,2.384185791015625e-07
4091,0.007028818130493164,1.430511474609375e-06,2.384185791015625e-07
4092,0.006757497787475586,1.6689300537109375e-06,2.384185791015625e-07
4093,0.008293867111206055,1.6689300537109375e-06,2.384185791015625e-07
4094,0.00621485710144043,1.6689300537109375e-06,2.384185791015625e-07
4095,0.0061037540435791016,1.6689300537109375e-06,2.384185791015625e-07
4096,0.0072972774505615234,1.6689300537109375e-06,2.384185791015625e-07
4097,0.008278131484985352,1.430511474609375e-06,7.152557373046875e-07
4098,0.008065462112426758,1.9073486328125e-06,2.384185791015625e-07
4099,0.006974220275878906,1.6689300537109375e-06,2.384185791015625e-07
4100,0.004951000213623047,1.9073486328125e-06,2.384185791015625e-07
4101,0.005632877349853516,1.6689300537109375e-06,2.384185791015625e-07
4102,0.003538846969604492,1.430511474609375e-06,4.76837158203125e-07
4103,0.005376100540161133,1.9073486328125e-06,4.76837158203125e-07
4104,0.0033648014068603516,1.9073486328125e-06,2.384185791015625e-07
4105,0.007128000259399414,2.1457672119140625e-06,2.384185791015625e-07
4106,0.00554347038269043,2.1457672119140625e-06,4.76837158203125e-07
4107,0.0035161972045898438,1.9073486328125e-06,2.384185791015625e-07
4108,0.0037720203399658203,1.9073486328125e-06,2.384185791015625e-07
4109,0.005439043045043945,1.9073486328125e-06,2.384185791015625e-07
4110,0.004458904266357422,1.9073486328125e-06,4.76837158203125e-07
4111,0.00414729118347168,1.9073486328125e-06,2.384185791015625e-07
4112,0.00532841682434082,1.9073486328125e-06,2.384185791015625e-07
4113,0.007029056549072266,1.9073486328125e-06,2.384185791015625e-07
4114,0.006752490997314453,1.9073486328125e-06,2.384185791015625e-07
4115,0.005754232406616211,1.9073486328125e-06,2.384185791015625e-07
4116,0.00576472282409668,1.6689300537109375e-06,2.384185791015625e-07
4117,0.004467964172363281,1.6689300537109375e-06,2.384185791015625e-07
4118,0.006380558013916016,1.6689300537109375e-06,4.76837158203125e-07
4119,0.004748821258544922,1.6689300537109375e-06,4.76837158203125e-07
4120,0.006348848342895508,1.430511474609375e-06,2.384185791015625e-07
4121,0.004217863082885742,1.9073486328125e-06,2.384185791015625e-07
4122,0.004127025604248047,1.6689300537109375e-06,2.384185791015625e-07
4123,0.004015922546386719,1.6689300537109375e-06,2.384185791015625e-07
4124,0.004277706146240234,1.6689300537109375e-06,4.76837158203125e-07
4125,0.005745887756347656,2.1457672119140625e-06,2.384185791015625e-07
4126,0.0043337345123291016,2.384185791015625e-06,2.384185791015625e-07
4127,0.0062105655670166016,1.9073486328125e-06,2.384185791015625e-07
4128,0.004710674285888672,2.1457672119140625e-06,4.76837158203125e-07
4129,0.0041234493255615234,2.1457672119140625e-06,2.384185791015625e-07
4130,0.006276845932006836,2.1457672119140625e-06,2.384185791015625e-07
4131,0.005471467971801758,1.9073486328125e-06,2.384185791015625e-07
4132,0.004904747009277344,1.9073486328125e-06,4.76837158203125e-07
4133,0.006044626235961914,2.1457672119140625e-06,7.152557373046875e-07
4134,0.003681182861328125,2.1457672119140625e-06,2.384185791015625e-07
4135,0.004751443862915039,1.9073486328125e-06,2.384185791015625e-07
4136,0.0026624202728271484,1.9073486328125e-06,2.384185791015625e-07
4137,0.0031108856201171875,1.6689300537109375e-06,2.384185791015625e-07
4138,0.004439592361450195,1.9073486328125e-06,2.384185791015625e-07
4139,0.0031926631927490234,1.6689300537109375e-06,2.384185791015625e-07
4140,0.0046236515045166016,1.6689300537109375e-06,2.384185791015625e-07
4141,0.00754094123840332,1.9073486328125e-06,2.384185791015625e-07
4142,0.006209850311279297,1.6689300537109375e-06,2.384185791015625e-07
4143,0.004776477813720703,1.6689300537109375e-06,2.384185791015625e-07
4144,0.007179975509643555,1.9073486328125e-06,2.384185791015625e-07
4145,0.007650852203369141,1.6689300537109375e-06,2.384185791015625e-07
4146,0.00499725341796875,1.9073486328125e-06,4.76837158203125e-07
4147,0.005937099456787109,1.6689300537109375e-06,2.384185791015625e-07
4148,0.004789590835571289,1.6689300537109375e-06,2.384185791015625e-07
4149,0.003793954849243164,1.6689300537109375e-06,2.384185791015625e-07
4150,0.0037987232208251953,1.6689300537109375e-06,2.384185791015625e-07
4151,0.005817413330078125,1.6689300537109375e-06,2.384185791015625e-07
4152,0.00322723388671875,1.6689300537109375e-06,4.76837158203125e-07
4153,0.004224300384521484,1.6689300537109375e-06,4.76837158203125e-07
4154,0.004266262054443359,1.9073486328125e-06,4.76837158203125e-07
4155,0.005774497985839844,2.1457672119140625e-06,4.76837158203125e-07
4156,0.005472898483276367,1.6689300537109375e-06,4.76837158203125e-07
4157,0.004858970642089844,1.9073486328125e-06,2.384185791015625e-07
4158,0.0029582977294921875,1.9073486328125e-06,2.384185791015625e-07
4159,0.004080295562744141,1.6689300537109375e-06,2.384185791015625e-07
4160,0.004762411117553711,1.9073486328125e-06,2.384185791015625e-07
4161,0.004976511001586914,1.9073486328125e-06,2.384185791015625e-07
4162,0.004623889923095703,2.1457672119140625e-06,2.384185791015625e-07
4163,0.005808830261230469,1.9073486328125e-06,2.384185791015625e-07
4164,0.0030226707458496094,1.9073486328125e-06,4.76837158203125e-07
4165,0.00529170036315918,1.9073486328125e-06,2.384185791015625e-07
4166,0.005831718444824219,1.9073486328125e-06,2.384185791015625e-07
4167,0.003222227096557617,1.9073486328125e-06,2.384185791015625e-07
4168,0.005780696868896484,1.9073486328125e-06,2.384185791015625e-07
4169,0.005025386810302734,1.9073486328125e-06,2.384185791015625e-07
4170,0.004518270492553711,1.9073486328125e-06,2.384185791015625e-07
4171,0.002256631851196289,1.9073486328125e-06,2.384185791015625e-07
4172,0.00454401969909668,1.9073486328125e-06,2.384185791015625e-07
4173,0.005624055862426758,1.9073486328125e-06,7.152557373046875e-07
4174,0.00292205810546875,1.6689300537109375e-06,4.76837158203125e-07
4175,0.004945993423461914,2.1457672119140625e-06,2.384185791015625e-07
4176,0.0045850276947021484,1.430511474609375e-06,2.384185791015625e-07
4177,0.006566524505615234,1.9073486328125e-06,4.76837158203125e-07
4178,0.00644993782043457,1.9073486328125e-06,4.76837158203125e-07
4179,0.004217386245727539,1.6689300537109375e-06,2.384185791015625e-07
4180,0.002262115478515625,1.430511474609375e-06,2.384185791015625e-07
4181,0.004990339279174805,1.9073486328125e-06,2.384185791015625e-07
4182,0.006259441375732422,1.6689300537109375e-06,2.384185791015625e-07
4183,0.004013538360595703,1.6689300537109375e-06,2.384185791015625e-07
4184,0.005859375,1.6689300537109375e-06,2.384185791015625e-07
4185,0.006353139877319336,1.6689300537109375e-06,2.384185791015625e-07
4186,0.00345611572265625,1.6689300537109375e-06,2.384185791015625e-07
4187,0.004208564758300781,1.6689300537109375e-06,4.76837158203125e-07
4188,0.0043430328369140625,1.6689300537109375e-06,2.384185791015625e-07
4189,0.006257534027099609,1.6689300537109375e-06,2.384185791015625e-07
4190,0.004729509353637695,1.6689300537109375e-06,2.384185791015625e-07
4191,0.005568265914916992,1.6689300537109375e-06,2.384185791015625e-07
4192,0.00658726692199707,1.9073486328125e-06,2.384185791015625e-07
4193,0.004555225372314453,1.9073486328125e-06,2.384185791015625e-07
4194,0.005957365036010742,2.1457672119140625e-06,2.384185791015625e-07
4195,0.004524707794189453,1.6689300537109375e-06,2.384185791015625e-07
4196,0.00360107421875,2.384185791015625e-06,2.384185791015625e-07
4197,0.006227970123291016,1.6689300537109375e-06,2.384185791015625e-07
4198,0.012299060821533203,1.6689300537109375e-06,4.76837158203125e-07
4199,0.009832620620727539,1.9073486328125e-06,2.384185791015625e-07
4200,0.00516963005065918,1.6689300537109375e-06,4.76837158203125e-07
4201,0.008394956588745117,1.9073486328125e-06,7.152557373046875e-07
4202,0.0064051151275634766,2.1457672119140625e-06,2.384185791015625e-07
4203,0.009367942810058594,1.9073486328125e-06,2.384185791015625e-07
4204,0.01070261001586914,1.9073486328125e-06,2.384185791015625e-07
4205,0.009498119354248047,1.9073486328125e-06,4.76837158203125e-07
4206,0.004988193511962891,1.6689300537109375e-06,2.384185791015625e-07
4207,0.009916543960571289,1.9073486328125e-06,2.384185791015625e-07
4208,0.007205486297607422,1.9073486328125e-06,2.384185791015625e-07
4209,0.007256507873535156,2.1457672119140625e-06,4.76837158203125e-07
4210,0.008965492248535156,1.9073486328125e-06,4.76837158203125e-07
4211,0.00620722770690918,1.9073486328125e-06,2.384185791015625e-07
4212,0.006235361099243164,1.6689300537109375e-06,2.384185791015625e-07
4213,0.008683204650878906,1.6689300537109375e-06,2.384185791015625e-07
4214,0.006663322448730469,1.6689300537109375e-06,2.384185791015625e-07
4215,0.008513450622558594,1.6689300537109375e-06,2.384185791015625e-07
4216,0.005810976028442383,1.9073486328125e-06,2.384185791015625e-07
4217,0.005545139312744141,1.9073486328125e-06,2.384185791015625e-07
4218,0.010869503021240234,1.6689300537109375e-06,2.384185791015625e-07
4219,0.005454301834106445,1.9073486328125e-06,4.76837158203125e-07
4220,0.004261970520019531,1.9073486328125e-06,2.384185791015625e-07
4221,0.010155200958251953,1.9073486328125e-06,2.384185791015625e-07
4222,0.0055234432220458984,1.430511474609375e-06,2.384185791015625e-07
4223,0.006754398345947266,1.6689300537109375e-06,2.384185791015625e-07
4224,0.0054781436920166016,2.1457672119140625e-06,2.384185791015625e-07
4225,0.007169485092163086,1.6689300537109375e-06,2.384185791015625e-07
4226,0.006049633026123047,1.9073486328125e-06,2.384185791015625e-07
4227,0.00958108901977539,2.1457672119140625e-06,2.384185791015625e-07
4228,0.004424095153808594,2.1457672119140625e-06,2.384185791015625e-07
4229,0.009444713592529297,1.430511474609375e-06,2.384185791015625e-07
4230,0.007511615753173828,1.9073486328125e-06,2.384185791015625e-07
4231,0.0070953369140625,1.9073486328125e-06,2.384185791015625e-07
4232,0.011388540267944336,2.1457672119140625e-06,2.384185791015625e-07
4233,0.00732111930847168,2.1457672119140625e-06,2.384185791015625e-07
4234,0.00899648666381836,2.1457672119140625e-06,2.384185791015625e-07
4235,0.005859375,2.1457672119140625e-06,2.384185791015625e-07
4236,0.008053064346313477,1.9073486328125e-06,2.384185791015625e-07
4237,0.008810758590698242,1.9073486328125e-06,4.76837158203125e-07
4238,0.006886720657348633,1.9073486328125e-06,4.76837158203125e-07
4239,0.007899045944213867,2.1457672119140625e-06,2.384185791015625e-07
4240,0.006992340087890625,1.6689300537109375e-06,2.384185791015625e-07
4241,0.008714437484741211,2.1457672119140625e-06,2.384185791015625e-07
4242,0.007521629333496094,1.9073486328125e-06,4.76837158203125e-07
4243,0.004842996597290039,2.1457672119140625e-06,2.384185791015625e-07
4244,0.007831811904907227,1.9073486328125e-06,2.384185791015625e-07
4245,0.006745100021362305,2.1457672119140625e-06,2.384185791015625e-07
4246,0.00672149658203125,2.1457672119140625e-06,2.384185791015625e-07
4247,0.005372524261474609,1.9073486328125e-06,2.384185791015625e-07
4248,0.004073143005371094,1.9073486328125e-06,2.384185791015625e-07
4249,0.008939266204833984,1.9073486328125e-06,2.384185791015625e-07
4250,0.004780292510986328,1.9073486328125e-06,4.76837158203125e-07
4251,0.008239030838012695,1.430511474609375e-06,7.152557373046875e-07
4252,0.006280660629272461,1.9073486328125e-06,2.384185791015625e-07
4253,0.0068089962005615234,1.6689300537109375e-06,2.384185791015625e-07
4254,0.008557796478271484,1.6689300537109375e-06,2.384185791015625e-07
4255,0.007657051086425781,1.6689300537109375e-06,2.384185791015625e-07
4256,0.006165266036987305,1.9073486328125e-06,2.384185791015625e-07
4257,0.0063838958740234375,2.1457672119140625e-06,2.384185791015625e-07
4258,0.009143590927124023,1.430511474609375e-06,2.384185791015625e-07
4259,0.006628274917602539,1.6689300537109375e-06,4.76837158203125e-07
4260,0.007684946060180664,1.6689300537109375e-06,7.152557373046875e-07
4261,0.008178472518920898,1.6689300537109375e-06,4.76837158203125e-07
4262,0.008043050765991211,1.9073486328125e-06,4.76837158203125e-07
4263,0.004319667816162109,1.6689300537109375e-06,2.384185791015625e-07
4264,0.008042097091674805,1.6689300537109375e-06,2.384185791015625e-07
4265,0.009103775024414062,1.6689300537109375e-06,2.384185791015625e-07
4266,0.007676124572753906,1.6689300537109375e-06,2.384185791015625e-07
4267,0.0065839290618896484,1.9073486328125e-06,2.384185791015625e-07
4268,0.008018732070922852,1.9073486328125e-06,2.384185791015625e-07
4269,0.0063228607177734375,2.1457672119140625e-06,4.76837158203125e-07
4270,0.004761695861816406,2.1457672119140625e-06,2.384185791015625e-07
4271,0.009783029556274414,1.6689300537109375e-06,2.384185791015625e-07
4272,0.0031147003173828125,2.1457672119140625e-06,2.384185791015625e-07
4273,0.008658409118652344,1.9073486328125e-06,4.76837158203125e-07
4274,0.009056329727172852,1.9073486328125e-06,2.384185791015625e-07
4275,0.007496356964111328,1.6689300537109375e-06,2.384185791015625e-07
4276,0.009269237518310547,1.6689300537109375e-06,2.384185791015625e-07
4277,0.0051572322845458984,1.9073486328125e-06,2.384185791015625e-07
4278,0.008074760437011719,1.9073486328125e-06,2.384185791015625e-07
4279,0.0066623687744140625,1.6689300537109375e-06,2.384185791015625e-07
4280,0.01085042953491211,1.9073486328125e-06,2.384185791015625e-07
4281,0.004996061325073242,1.9073486328125e-06,4.76837158203125e-07
4282,0.010145902633666992,2.384185791015625e-06,7.152557373046875e-07
4283,0.010826349258422852,1.9073486328125e-06,2.384185791015625e-07
4284,0.005660057067871094,1.9073486328125e-06,2.384185791015625e-07
4285,0.008250236511230469,1.9073486328125e-06,2.384185791015625e-07
4286,0.00479435920715332,2.1457672119140625e-06,2.384185791015625e-07
4287,0.0072784423828125,1.9073486328125e-06,2.384185791015625e-07
4288,0.007851362228393555,1.9073486328125e-06,2.384185791015625e-07
4289,0.011473417282104492,1.9073486328125e-06,2.384185791015625e-07
4290,0.008209466934204102,1.9073486328125e-06,2.384185791015625e-07
4291,0.004529476165771484,1.9073486328125e-06,2.384185791015625e-07
4292,0.004677295684814453,1.9073486328125e-06,2.384185791015625e-07
4293,0.007709980010986328,1.9073486328125e-06,2.384185791015625e-07
4294,0.009217977523803711,1.9073486328125e-06,2.384185791015625e-07
4295,0.008905172348022461,1.6689300537109375e-06,2.384185791015625e-07
4296,0.00855398178100586,1.6689300537109375e-06,4.76837158203125e-07
4297,0.006289005279541016,1.9073486328125e-06,2.384185791015625e-07
4298,0.009006500244140625,1.6689300537109375e-06,4.76837158203125e-07
4299,0.00913858413696289,1.9073486328125e-06,2.384185791015625e-07
4300,0.0071909427642822266,2.1457672119140625e-06,2.384185791015625e-07
4301,0.009137630462646484,1.9073486328125e-06,2.384185791015625e-07
4302,0.004709482192993164,2.1457672119140625e-06,2.384185791015625e-07
4303,0.009514093399047852,1.9073486328125e-06,4.76837158203125e-07
4304,0.0058803558349609375,1.9073486328125e-06,2.384185791015625e-07
4305,0.004523038864135742,1.9073486328125e-06,4.76837158203125e-07
4306,0.0071887969970703125,2.1457672119140625e-06,2.384185791015625e-07
4307,0.008506536483764648,2.1457672119140625e-06,2.384185791015625e-07
4308,0.0064105987548828125,2.1457672119140625e-06,2.384185791015625e-07
4309,0.008899688720703125,2.1457672119140625e-06,2.384185791015625e-07
4310,0.008221149444580078,2.1457672119140625e-06,4.76837158203125e-07
4311,0.01027059555053711,2.1457672119140625e-06,2.384185791015625e-07
4312,0.009329557418823242,2.1457672119140625e-06,2.384185791015625e-07
4313,0.007986783981323242,1.9073486328125e-06,2.384185791015625e-07
4314,0.0078122615814208984,1.9073486328125e-06,4.76837158203125e-07
4315,0.00993657112121582,2.1457672119140625e-06,4.76837158203125e-07
4316,0.006031036376953125,2.1457672119140625e-06,2.384185791015625e-07
4317,0.006010293960571289,2.1457672119140625e-06,2.384185791015625e-07
4318,0.00814962387084961,2.1457672119140625e-06,2.384185791015625e-07
4319,0.008178472518920898,1.9073486328125e-06,2.384185791015625e-07
4320,0.009400367736816406,1.9073486328125e-06,2.384185791015625e-07
4321,0.011989593505859375,1.9073486328125e-06,2.384185791015625e-07
4322,0.010082721710205078,2.1457672119140625e-06,2.384185791015625e-07
4323,0.009586095809936523,1.6689300537109375e-06,2.384185791015625e-07
4324,0.008396148681640625,1.9073486328125e-06,4.76837158203125e-07
4325,0.010618448257446289,2.1457672119140625e-06,4.76837158203125e-07
4326,0.005775928497314453,1.9073486328125e-06,4.76837158203125e-07
4327,0.0077326297760009766,1.6689300537109375e-06,2.384185791015625e-07
4328,0.034514665603637695,2.1457672119140625e-06,4.76837158203125e-07
4329,0.007293224334716797,1.9073486328125e-06,2.384185791015625e-07
4330,0.008514642715454102,1.9073486328125e-06,2.384185791015625e-07
4331,0.008066892623901367,1.9073486328125e-06,2.384185791015625e-07
4332,0.010914802551269531,2.1457672119140625e-06,2.384185791015625e-07
4333,0.007756948471069336,1.9073486328125e-06,2.384185791015625e-07
4334,0.007719516754150391,2.1457672119140625e-06,2.384185791015625e-07
4335,0.006426334381103516,2.1457672119140625e-06,2.384185791015625e-07
4336,0.006521940231323242,1.9073486328125e-06,2.384185791015625e-07
4337,0.005583286285400391,2.1457672119140625e-06,4.76837158203125e-07
4338,0.007986783981323242,2.1457672119140625e-06,2.384185791015625e-07
4339,0.005311012268066406,1.9073486328125e-06,2.384185791015625e-07
4340,0.006580352783203125,2.384185791015625e-06,2.384185791015625e-07
4341,0.008838891983032227,1.9073486328125e-06,2.384185791015625e-07
4342,0.007699251174926758,2.1457672119140625e-06,2.384185791015625e-07
4343,0.008712053298950195,2.1457672119140625e-06,2.384185791015625e-07
4344,0.005846500396728516,1.9073486328125e-06,2.384185791015625e-07
4345,0.007933616638183594,2.1457672119140625e-06,4.76837158203125e-07
4346,0.007359504699707031,2.1457672119140625e-06,7.152557373046875e-07
4347,0.00478053092956543,2.1457672119140625e-06,4.76837158203125e-07
4348,0.006643533706665039,1.6689300537109375e-06,2.384185791015625e-07
4349,0.005830287933349609,1.6689300537109375e-06,2.384185791015625e-07
4350,0.004669189453125,1.6689300537109375e-06,2.384185791015625e-07
4351,0.006463527679443359,1.6689300537109375e-06,4.76837158203125e-07
4352,0.008640766143798828,1.430511474609375e-06,2.384185791015625e-07
4353,0.00669550895690918,1.6689300537109375e-06,2.384185791015625e-07
4354,0.007664203643798828,1.9073486328125e-06,2.384185791015625e-07
4355,0.009659290313720703,1.6689300537109375e-06,2.384185791015625e-07
4356,0.005102634429931641,1.6689300537109375e-06,2.384185791015625e-07
4357,0.008893966674804688,1.6689300537109375e-06,2.384185791015625e-07
4358,0.007543325424194336,2.1457672119140625e-06,2.384185791015625e-07
4359,0.006363391876220703,2.1457672119140625e-06,4.76837158203125e-07
4360,0.0060307979583740234,2.1457672119140625e-06,4.76837158203125e-07
4361,0.007346391677856445,1.9073486328125e-06,2.384185791015625e-07
4362,0.009506464004516602,1.9073486328125e-06,2.384185791015625e-07
4363,0.007485628128051758,1.9073486328125e-06,2.384185791015625e-07
4364,0.007966279983520508,1.6689300537109375e-06,4.76837158203125e-07
4365,0.004832267761230469,1.9073486328125e-06,2.384185791015625e-07
4366,0.007277011871337891,1.6689300537109375e-06,2.384185791015625e-07
4367,0.007919073104858398,1.9073486328125e-06,2.384185791015625e-07
4368,0.006203174591064453,1.9073486328125e-06,2.384185791015625e-07
4369,0.006076335906982422,1.9073486328125e-06,2.384185791015625e-07
4370,0.007536172866821289,1.6689300537109375e-06,2.384185791015625e-07
4371,0.012979269027709961,1.430511474609375e-06,2.384185791015625e-07
4372,0.011470794677734375,1.6689300537109375e-06,2.384185791015625e-07
4373,0.01170659065246582,2.1457672119140625e-06,7.152557373046875e-07
4374,0.0076770782470703125,1.6689300537109375e-06,2.384185791015625e-07
4375,0.008393049240112305,1.6689300537109375e-06,4.76837158203125e-07
4376,0.008200645446777344,1.9073486328125e-06,4.76837158203125e-07
4377,0.0045623779296875,2.1457672119140625e-06,4.76837158203125e-07
4378,0.009581804275512695,1.9073486328125e-06,7.152557373046875e-07
4379,0.009085655212402344,1.9073486328125e-06,2.384185791015625e-07
4380,0.009340763092041016,1.9073486328125e-06,4.76837158203125e-07
4381,0.007783651351928711,1.6689300537109375e-06,4.76837158203125e-07
4382,0.009101390838623047,2.384185791015625e-06,2.384185791015625e-07
4383,0.006609439849853516,2.1457672119140625e-06,2.384185791015625e-07
4384,0.005867481231689453,2.1457672119140625e-06,2.384185791015625e-07
4385,0.007448673248291016,1.9073486328125e-06,2.384185791015625e-07
4386,0.007937908172607422,1.9073486328125e-06,2.384185791015625e-07
4387,0.007016658782958984,1.9073486328125e-06,4.76837158203125e-07
4388,0.008447408676147461,1.9073486328125e-06,2.384185791015625e-07
4389,0.004346132278442383,1.9073486328125e-06,2.384185791015625e-07
4390,0.00412750244140625,1.9073486328125e-06,2.384185791015625e-07
4391,0.007036685943603516,1.9073486328125e-06,2.384185791015625e-07
4392,0.004583835601806641,2.1457672119140625e-06,2.384185791015625e-07
4393,0.009998083114624023,1.9073486328125e-06,2.384185791015625e-07
4394,0.007506370544433594,2.1457672119140625e-06,4.76837158203125e-07
4395,0.0069484710693359375,1.9073486328125e-06,2.384185791015625e-07
4396,0.004770517349243164,2.384185791015625e-06,2.384185791015625e-07
4397,0.008986949920654297,1.9073486328125e-06,2.384185791015625e-07
4398,0.007817983627319336,1.9073486328125e-06,2.384185791015625e-07
4399,0.009134531021118164,1.6689300537109375e-06,2.384185791015625e-07
4400,0.005150556564331055,2.1457672119140625e-06,4.76837158203125e-07
4401,0.004899740219116211,1.9073486328125e-06,4.76837158203125e-07
4402,0.009876728057861328,1.6689300537109375e-06,4.76837158203125e-07
4403,0.00800180435180664,1.9073486328125e-06,4.76837158203125e-07
4404,0.002410888671875,1.9073486328125e-06,4.76837158203125e-07
4405,0.009206056594848633,1.9073486328125e-06,7.152557373046875e-07
4406,0.005087375640869141,1.6689300537109375e-06,2.384185791015625e-07
4407,0.009497880935668945,1.9073486328125e-06,4.76837158203125e-07
4408,0.006024837493896484,1.6689300537109375e-06,4.76837158203125e-07
4409,0.006918907165527344,1.9073486328125e-06,4.76837158203125e-07
4410,0.005888223648071289,1.6689300537109375e-06,2.384185791015625e-07
4411,0.009139299392700195,1.9073486328125e-06,2.384185791015625e-07
4412,0.005496025085449219,1.9073486328125e-06,2.384185791015625e-07
4413,0.008844375610351562,1.6689300537109375e-06,2.384185791015625e-07
4414,0.008455514907836914,1.6689300537109375e-06,2.384185791015625e-07
4415,0.004917144775390625,1.6689300537109375e-06,2.384185791015625e-07
4416,0.0038421154022216797,1.6689300537109375e-06,2.384185791015625e-07
4417,0.01028299331665039,1.6689300537109375e-06,2.384185791015625e-07
4418,0.0056705474853515625,1.9073486328125e-06,4.76837158203125e-07
4419,0.009397745132446289,1.9073486328125e-06,2.384185791015625e-07
4420,0.009076356887817383,2.1457672119140625e-06,2.384185791015625e-07
4421,0.006819963455200195,1.430511474609375e-06,2.384185791015625e-07
4422,0.007378339767456055,1.9073486328125e-06,2.384185791015625e-07
4423,0.003991127014160156,1.430511474609375e-06,4.76837158203125e-07
4424,0.008381128311157227,1.6689300537109375e-06,2.384185791015625e-07
4425,0.004705905914306641,1.6689300537109375e-06,4.76837158203125e-07
4426,0.006706953048706055,2.1457672119140625e-06,2.384185791015625e-07
4427,0.0062100887298583984,1.9073486328125e-06,4.76837158203125e-07
4428,0.0056378841400146484,1.9073486328125e-06,2.384185791015625e-07
4429,0.0068817138671875,1.9073486328125e-06,2.384185791015625e-07
4430,0.008065223693847656,2.1457672119140625e-06,4.76837158203125e-07
4431,0.007880210876464844,1.9073486328125e-06,2.384185791015625e-07
4432,0.009449243545532227,2.1457672119140625e-06,2.384185791015625e-07
4433,0.00832366943359375,1.9073486328125e-06,2.384185791015625e-07
4434,0.003902435302734375,1.9073486328125e-06,2.384185791015625e-07
4435,0.008872032165527344,2.1457672119140625e-06,2.384185791015625e-07
4436,0.010757684707641602,2.1457672119140625e-06,4.76837158203125e-07
4437,0.004885196685791016,1.9073486328125e-06,2.384185791015625e-07
4438,0.0056650638580322266,1.9073486328125e-06,2.384185791015625e-07
4439,0.0065538883209228516,1.9073486328125e-06,2.384185791015625e-07
4440,0.00961613655090332,1.9073486328125e-06,2.384185791015625e-07
4441,0.008210420608520508,1.9073486328125e-06,2.384185791015625e-07
4442,0.0044972896575927734,1.9073486328125e-06,4.76837158203125e-07
4443,0.008666753768920898,1.9073486328125e-06,2.384185791015625e-07
4444,0.006288766860961914,1.9073486328125e-06,2.384185791015625e-07
4445,0.004161834716796875,2.1457672119140625e-06,7.152557373046875e-07
4446,0.004464864730834961,2.1457672119140625e-06,2.384185791015625e-07
4447,0.004774570465087891,1.9073486328125e-06,2.384185791015625e-07
4448,0.004580497741699219,2.1457672119140625e-06,2.384185791015625e-07
4449,0.006104469299316406,2.1457672119140625e-06,2.384185791015625e-07
4450,0.00391697883605957,2.384185791015625e-06,2.384185791015625e-07
4451,0.006395578384399414,1.9073486328125e-06,2.384185791015625e-07
4452,0.007418155670166016,1.9073486328125e-06,2.384185791015625e-07
4453,0.008296012878417969,1.9073486328125e-06,4.76837158203125e-07
4454,0.010194778442382812,1.9073486328125e-06,7.152557373046875e-07
4455,0.004754304885864258,1.9073486328125e-06,2.384185791015625e-07
4456,0.004744768142700195,2.1457672119140625e-06,2.384185791015625e-07
4457,0.007496356964111328,1.9073486328125e-06,2.384185791015625e-07
4458,0.009098529815673828,2.1457672119140625e-06,2.384185791015625e-07
4459,0.006987094879150391,1.9073486328125e-06,2.384185791015625e-07
4460,0.008332490921020508,2.1457672119140625e-06,2.384185791015625e-07
4461,0.009204387664794922,1.9073486328125e-06,4.76837158203125e-07
4462,0.009637117385864258,1.9073486328125e-06,4.76837158203125e-07
4463,0.0072286128997802734,1.430511474609375e-06,4.76837158203125e-07
4464,0.005553007125854492,1.9073486328125e-06,4.76837158203125e-07
4465,0.009549617767333984,1.9073486328125e-06,2.384185791015625e-07
4466,0.009214639663696289,1.9073486328125e-06,2.384185791015625e-07
4467,0.011328935623168945,1.9073486328125e-06,2.384185791015625e-07
4468,0.0067098140716552734,2.1457672119140625e-06,2.384185791015625e-07
4469,0.009900569915771484,1.9073486328125e-06,2.384185791015625e-07
4470,0.006345987319946289,2.1457672119140625e-06,2.384185791015625e-07
4471,0.011497735977172852,1.6689300537109375e-06,2.384185791015625e-07
4472,0.008103132247924805,1.6689300537109375e-06,7.152557373046875e-07
4473,0.005430698394775391,1.6689300537109375e-06,2.384185791015625e-07
4474,0.010134458541870117,1.6689300537109375e-06,2.384185791015625e-07
4475,0.007611751556396484,2.1457672119140625e-06,2.384185791015625e-07
4476,0.005360841751098633,1.6689300537109375e-06,2.384185791015625e-07
4477,0.00722956657409668,1.6689300537109375e-06,2.384185791015625e-07
4478,0.007719755172729492,1.6689300537109375e-06,2.384185791015625e-07
4479,0.008264541625976562,1.6689300537109375e-06,2.384185791015625e-07
4480,0.007331132888793945,1.6689300537109375e-06,2.384185791015625e-07
4481,0.008196353912353516,1.6689300537109375e-06,7.152557373046875e-07
4482,0.010558128356933594,1.6689300537109375e-06,2.384185791015625e-07
4483,0.006930351257324219,1.6689300537109375e-06,2.384185791015625e-07
4484,0.006209135055541992,1.6689300537109375e-06,2.384185791015625e-07
4485,0.005628824234008789,1.9073486328125e-06,2.384185791015625e-07
4486,0.005353212356567383,1.6689300537109375e-06,2.384185791015625e-07
4487,0.0068492889404296875,1.9073486328125e-06,2.384185791015625e-07
4488,0.007452726364135742,1.6689300537109375e-06,2.384185791015625e-07
4489,0.00543975830078125,1.9073486328125e-06,2.384185791015625e-07
4490,0.006907939910888672,1.6689300537109375e-06,2.384185791015625e-07
4491,0.007078647613525391,1.430511474609375e-06,2.384185791015625e-07
4492,0.005691051483154297,1.6689300537109375e-06,4.76837158203125e-07
4493,0.008119583129882812,1.9073486328125e-06,4.76837158203125e-07
4494,0.007344961166381836,1.6689300537109375e-06,4.76837158203125e-07
4495,0.008837461471557617,1.6689300537109375e-06,2.384185791015625e-07
4496,0.006478309631347656,1.6689300537109375e-06,2.384185791015625e-07
4497,0.009406566619873047,1.6689300537109375e-06,2.384185791015625e-07
4498,0.0055370330810546875,1.6689300537109375e-06,2.384185791015625e-07
4499,0.007309675216674805,1.9073486328125e-06,2.384185791015625e-07
4500,0.006989955902099609,1.6689300537109375e-06,2.384185791015625e-07
4501,0.005521297454833984,2.1457672119140625e-06,2.384185791015625e-07
4502,0.007254600524902344,2.384185791015625e-06,4.76837158203125e-07
4503,0.008950233459472656,1.9073486328125e-06,2.384185791015625e-07
4504,0.007848739624023438,1.9073486328125e-06,2.384185791015625e-07
4505,0.004754304885864258,1.9073486328125e-06,2.384185791015625e-07
4506,0.005362510681152344,1.9073486328125e-06,2.384185791015625e-07
4507,0.0069921016693115234,2.1457672119140625e-06,2.384185791015625e-07
4508,0.004903554916381836,1.9073486328125e-06,2.384185791015625e-07
4509,0.006728649139404297,1.9073486328125e-06,2.384185791015625e-07
4510,0.010126590728759766,1.9073486328125e-06,4.76837158203125e-07
4511,0.006357908248901367,1.9073486328125e-06,2.384185791015625e-07
4512,0.009720325469970703,1.9073486328125e-06,2.384185791015625e-07
4513,0.005961179733276367,1.9073486328125e-06,2.384185791015625e-07
4514,0.00915670394897461,1.9073486328125e-06,2.384185791015625e-07
4515,0.007284879684448242,2.1457672119140625e-06,2.384185791015625e-07
4516,0.006891965866088867,1.9073486328125e-06,2.384185791015625e-07
4517,0.010306835174560547,1.9073486328125e-06,2.384185791015625e-07
4518,0.007819890975952148,1.9073486328125e-06,2.384185791015625e-07
4519,0.008891820907592773,1.9073486328125e-06,2.384185791015625e-07
4520,0.00854635238647461,2.1457672119140625e-06,4.76837158203125e-07
4521,0.0034084320068359375,1.6689300537109375e-06,4.76837158203125e-07
4522,0.0059587955474853516,1.6689300537109375e-06,4.76837158203125e-07
4523,0.008124589920043945,1.9073486328125e-06,4.76837158203125e-07
4524,0.004437446594238281,1.6689300537109375e-06,2.384185791015625e-07
4525,0.005163431167602539,1.9073486328125e-06,2.384185791015625e-07
4526,0.01150965690612793,1.9073486328125e-06,4.76837158203125e-07
4527,0.0076982975006103516,1.9073486328125e-06,2.384185791015625e-07
4528,0.005698680877685547,1.430511474609375e-06,2.384185791015625e-07
4529,0.006732463836669922,1.9073486328125e-06,2.384185791015625e-07
4530,0.012152910232543945,1.9073486328125e-06,7.152557373046875e-07
4531,0.010034322738647461,1.9073486328125e-06,2.384185791015625e-07
4532,0.010731220245361328,1.9073486328125e-06,2.384185791015625e-07
4533,0.004624366760253906,1.6689300537109375e-06,2.384185791015625e-07
4534,0.004993438720703125,1.6689300537109375e-06,7.152557373046875e-07
4535,0.0022988319396972656,1.9073486328125e-06,2.384185791015625e-07
4536,0.0077362060546875,1.6689300537109375e-06,2.384185791015625e-07
4537,0.00825643539428711,1.6689300537109375e-06,2.384185791015625e-07
4538,0.007077455520629883,1.9073486328125e-06,2.384185791015625e-07
4539,0.009247064590454102,1.6689300537109375e-06,4.76837158203125e-07
4540,0.004386425018310547,1.6689300537109375e-06,4.76837158203125e-07
4541,0.008902311325073242,1.6689300537109375e-06,4.76837158203125e-07
4542,0.0071904659271240234,1.6689300537109375e-06,2.384185791015625e-07
4543,0.0054302215576171875,1.9073486328125e-06,7.152557373046875e-07
4544,0.0065460205078125,1.6689300537109375e-06,2.384185791015625e-07
4545,0.008078575134277344,1.6689300537109375e-06,2.384185791015625e-07
4546,0.007508993148803711,1.6689300537109375e-06,2.384185791015625e-07
4547,0.0035479068756103516,1.6689300537109375e-06,7.152557373046875e-07
4548,0.01227712631225586,1.9073486328125e-06,2.384185791015625e-07
4549,0.008056402206420898,2.1457672119140625e-06,2.384185791015625e-07
4550,0.005555152893066406,1.6689300537109375e-06,2.384185791015625e-07
4551,0.007294416427612305,2.1457672119140625e-06,4.76837158203125e-07
4552,0.008424043655395508,2.1457672119140625e-06,4.76837158203125e-07
4553,0.009995460510253906,1.9073486328125e-06,4.76837158203125e-07
4554,0.00939488410949707,1.9073486328125e-06,4.76837158203125e-07
4555,0.005492210388183594,2.1457672119140625e-06,2.384185791015625e-07
4556,0.007292985916137695,2.1457672119140625e-06,2.384185791015625e-07
4557,0.0041217803955078125,1.9073486328125e-06,4.76837158203125e-07
4558,0.006903171539306641,1.9073486328125e-06,2.384185791015625e-07
4559,0.005549907684326172,2.1457672119140625e-06,2.384185791015625e-07
4560,0.010684967041015625,2.1457672119140625e-06,2.384185791015625e-07
4561,0.007183551788330078,2.1457672119140625e-06,2.384185791015625e-07
4562,0.005486249923706055,1.9073486328125e-06,4.76837158203125e-07
4563,0.007493019104003906,2.1457672119140625e-06,7.152557373046875e-07
4564,0.00995016098022461,1.9073486328125e-06,4.76837158203125e-07
4565,0.007828712463378906,1.9073486328125e-06,2.384185791015625e-07
4566,0.006146430969238281,2.1457672119140625e-06,2.384185791015625e-07
4567,0.004392862319946289,1.9073486328125e-06,2.384185791015625e-07
4568,0.006862163543701172,1.9073486328125e-06,2.384185791015625e-07
4569,0.009099483489990234,1.6689300537109375e-06,2.384185791015625e-07
4570,0.0064601898193359375,2.1457672119140625e-06,4.76837158203125e-07
4571,0.004647970199584961,1.9073486328125e-06,7.152557373046875e-07
4572,0.008846282958984375,1.6689300537109375e-06,2.384185791015625e-07
4573,0.008654356002807617,1.6689300537109375e-06,4.76837158203125e-07
4574,0.006586313247680664,1.6689300537109375e-06,4.76837158203125e-07
4575,0.008322000503540039,1.6689300537109375e-06,2.384185791015625e-07
4576,0.0072383880615234375,1.9073486328125e-06,4.76837158203125e-07
4577,0.007989168167114258,1.6689300537109375e-06,2.384185791015625e-07
4578,0.0054585933685302734,1.9073486328125e-06,4.76837158203125e-07
4579,0.0068759918212890625,2.1457672119140625e-06,2.384185791015625e-07
4580,0.0058939456939697266,1.6689300537109375e-06,2.384185791015625e-07
4581,0.0076138973236083984,1.6689300537109375e-06,2.384185791015625e-07
4582,0.0091705322265625,1.6689300537109375e-06,2.384185791015625e-07
4583,0.006076812744140625,2.1457672119140625e-06,2.384185791015625e-07
4584,0.010226726531982422,1.6689300537109375e-06,2.384185791015625e-07
4585,0.009489059448242188,1.9073486328125e-06,2.384185791015625e-07
4586,0.004815340042114258,1.9073486328125e-06,4.76837158203125e-07
4587,0.008301973342895508,1.9073486328125e-06,4.76837158203125e-07
4588,0.011511564254760742,1.9073486328125e-06,7.152557373046875e-07
4589,0.010944604873657227,1.9073486328125e-06,2.384185791015625e-07
4590,0.00945281982421875,1.9073486328125e-06,2.384185791015625e-07
4591,0.007338285446166992,1.6689300537109375e-06,2.384185791015625e-07
4592,0.006013631820678711,1.9073486328125e-06,2.384185791015625e-07
4593,0.00555872917175293,1.6689300537109375e-06,2.384185791015625e-07
4594,0.004350900650024414,1.6689300537109375e-06,2.384185791015625e-07
4595,0.00702977180480957,1.6689300537109375e-06,2.384185791015625e-07
4596,0.007350921630859375,1.6689300537109375e-06,7.152557373046875e-07
4597,0.005623579025268555,1.6689300537109375e-06,4.76837158203125e-07
4598,0.009976387023925781,1.6689300537109375e-06,2.384185791015625e-07
4599,0.007734537124633789,1.6689300537109375e-06,4.76837158203125e-07
4600,0.005539894104003906,1.9073486328125e-06,2.384185791015625e-07
4601,0.006730079650878906,1.6689300537109375e-06,2.384185791015625e-07
4602,0.008162975311279297,1.6689300537109375e-06,2.384185791015625e-07
4603,0.0060465335845947266,2.1457672119140625e-06,2.384185791015625e-07
4604,0.007069826126098633,2.1457672119140625e-06,2.384185791015625e-07
4605,0.010479450225830078,1.9073486328125e-06,7.152557373046875e-07
4606,0.005826711654663086,2.1457672119140625e-06,2.384185791015625e-07
4607,0.006165742874145508,1.9073486328125e-06,2.384185791015625e-07
4608,0.011992216110229492,2.1457672119140625e-06,4.76837158203125e-07
4609,0.009448528289794922,1.9073486328125e-06,7.152557373046875e-07
4610,0.004503965377807617,1.9073486328125e-06,2.384185791015625e-07
4611,0.007797956466674805,1.9073486328125e-06,2.384185791015625e-07
4612,0.010506391525268555,1.9073486328125e-06,2.384185791015625e-07
4613,0.008180379867553711,1.9073486328125e-06,2.384185791015625e-07
4614,0.0054168701171875,1.9073486328125e-06,2.384185791015625e-07
4615,0.007403135299682617,1.9073486328125e-06,4.76837158203125e-07
4616,0.003587007522583008,1.6689300537109375e-06,2.384185791015625e-07
4617,0.008900880813598633,1.9073486328125e-06,4.76837158203125e-07
4618,0.005506753921508789,2.1457672119140625e-06,2.384185791015625e-07
4619,0.0048253536224365234,1.6689300537109375e-06,2.384185791015625e-07
4620,0.007068157196044922,2.1457672119140625e-06,2.384185791015625e-07
4621,0.0049245357513427734,1.9073486328125e-06,2.384185791015625e-07
4622,0.0076122283935546875,1.6689300537109375e-06,2.384185791015625e-07
4623,0.011626482009887695,1.6689300537109375e-06,2.384185791015625e-07
4624,0.010036230087280273,1.6689300537109375e-06,2.384185791015625e-07
4625,0.0065348148345947266,1.6689300537109375e-06,2.384185791015625e-07
4626,0.010858774185180664,1.9073486328125e-06,4.76837158203125e-07
4627,0.004656553268432617,1.9073486328125e-06,4.76837158203125e-07
4628,0.004241228103637695,1.9073486328125e-06,4.76837158203125e-07
4629,0.0027196407318115234,1.9073486328125e-06,2.384185791015625e-07
4630,0.01028895378112793,1.9073486328125e-06,4.76837158203125e-07
4631,0.006252288818359375,1.9073486328125e-06,4.76837158203125e-07
4632,0.008336782455444336,1.9073486328125e-06,2.384185791015625e-07
4633,0.006379127502441406,1.9073486328125e-06,2.384185791015625e-07
4634,0.007807731628417969,2.1457672119140625e-06,2.384185791015625e-07
4635,0.009144783020019531,1.9073486328125e-06,2.384185791015625e-07
4636,0.007103681564331055,2.1457672119140625e-06,2.384185791015625e-07
4637,0.0033011436462402344,1.9073486328125e-06,2.384185791015625e-07
4638,0.00904703140258789,1.9073486328125e-06,4.76837158203125e-07
4639,0.0070133209228515625,1.9073486328125e-06,2.384185791015625e-07
4640,0.008477449417114258,1.9073486328125e-06,2.384185791015625e-07
4641,0.010223150253295898,1.9073486328125e-06,4.76837158203125e-07
4642,0.008569002151489258,1.6689300537109375e-06,4.76837158203125e-07
4643,0.010472774505615234,1.6689300537109375e-06,4.76837158203125e-07
4644,0.004641294479370117,1.6689300537109375e-06,4.76837158203125e-07
4645,0.006734609603881836,1.6689300537109375e-06,2.384185791015625e-07
4646,0.009824991226196289,1.9073486328125e-06,2.384185791015625e-07
4647,0.006765842437744141,1.6689300537109375e-06,2.384185791015625e-07
4648,0.008790969848632812,2.1457672119140625e-06,2.384185791015625e-07
4649,0.0079803466796875,1.9073486328125e-06,2.384185791015625e-07
4650,0.011033773422241211,2.1457672119140625e-06,4.76837158203125e-07
4651,0.00823211669921875,1.6689300537109375e-06,2.384185791015625e-07
4652,0.008769035339355469,1.9073486328125e-06,4.76837158203125e-07
4653,0.0062906742095947266,1.9073486328125e-06,2.384185791015625e-07
4654,0.0066111087799072266,1.430511474609375e-06,2.384185791015625e-07
4655,0.00880289077758789,1.9073486328125e-06,2.384185791015625e-07
4656,0.009090900421142578,1.6689300537109375e-06,2.384185791015625e-07
4657,0.009598255157470703,1.6689300537109375e-06,4.76837158203125e-07
4658,0.008726119995117188,1.6689300537109375e-06,4.76837158203125e-07
4659,0.00801539421081543,1.9073486328125e-06,2.384185791015625e-07
4660,0.010112524032592773,1.6689300537109375e-06,2.384185791015625e-07
4661,0.005686044692993164,1.6689300537109375e-06,4.76837158203125e-07
4662,0.0074346065521240234,1.6689300537109375e-06,2.384185791015625e-07
4663,0.008841753005981445,1.6689300537109375e-06,2.384185791015625e-07
4664,0.0073239803314208984,1.6689300537109375e-06,2.384185791015625e-07
4665,0.006745100021362305,1.6689300537109375e-06,4.76837158203125e-07
4666,0.003956317901611328,1.6689300537109375e-06,4.76837158203125e-07
4667,0.009566545486450195,1.9073486328125e-06,4.76837158203125e-07
4668,0.008524417877197266,1.6689300537109375e-06,4.76837158203125e-07
4669,0.009325027465820312,1.9073486328125e-06,2.384185791015625e-07
4670,0.010869979858398438,1.9073486328125e-06,2.384185791015625e-07
4671,0.004581928253173828,1.6689300537109375e-06,4.76837158203125e-07
4672,0.007581949234008789,1.6689300537109375e-06,4.76837158203125e-07
4673,0.01081395149230957,1.6689300537109375e-06,2.384185791015625e-07
4674,0.008771896362304688,1.9073486328125e-06,2.384185791015625e-07
4675,0.010479211807250977,1.9073486328125e-06,4.76837158203125e-07
4676,0.008548974990844727,1.9073486328125e-06,2.384185791015625e-07
4677,0.006995439529418945,1.6689300537109375e-06,2.384185791015625e-07
4678,0.0057752132415771484,1.9073486328125e-06,4.76837158203125e-07
4679,0.005994319915771484,2.1457672119140625e-06,4.76837158203125e-07
4680,0.005356311798095703,1.9073486328125e-06,2.384185791015625e-07
4681,0.008397102355957031,1.9073486328125e-06,2.384185791015625e-07
4682,0.008783817291259766,2.1457672119140625e-06,4.76837158203125e-07
4683,0.0064868927001953125,1.9073486328125e-06,4.76837158203125e-07
4684,0.006683349609375,1.9073486328125e-06,2.384185791015625e-07
4685,0.00790262222290039,2.1457672119140625e-06,2.384185791015625e-07
4686,0.007221698760986328,1.9073486328125e-06,4.76837158203125e-07
4687,0.007908821105957031,1.9073486328125e-06,2.384185791015625e-07
4688,0.0065038204193115234,1.6689300537109375e-06,2.384185791015625e-07
4689,0.007444620132446289,1.9073486328125e-06,4.76837158203125e-07
4690,0.011591672897338867,1.9073486328125e-06,7.152557373046875e-07
4691,0.006837129592895508,1.6689300537109375e-06,4.76837158203125e-07
4692,0.008213043212890625,1.6689300537109375e-06,2.384185791015625e-07
4693,0.002978086471557617,1.6689300537109375e-06,2.384185791015625e-07
4694,0.007070302963256836,1.9073486328125e-06,7.152557373046875e-07
4695,0.008947134017944336,1.6689300537109375e-06,2.384185791015625e-07
4696,0.008031606674194336,1.6689300537109375e-06,2.384185791015625e-07
4697,0.006936550140380859,1.9073486328125e-06,2.384185791015625e-07
4698,0.0064029693603515625,1.6689300537109375e-06,2.384185791015625e-07
4699,0.005640745162963867,1.6689300537109375e-06,2.384185791015625e-07
4700,0.005877256393432617,1.6689300537109375e-06,2.384185791015625e-07
4701,0.0067594051361083984,1.9073486328125e-06,2.384185791015625e-07
4702,0.009245634078979492,1.6689300537109375e-06,4.76837158203125e-07
4703,0.004225254058837891,1.6689300537109375e-06,2.384185791015625e-07
4704,0.004727840423583984,1.9073486328125e-06,2.384185791015625e-07
4705,0.008350372314453125,1.9073486328125e-06,2.384185791015625e-07
4706,0.00820302963256836,2.1457672119140625e-06,4.76837158203125e-07
4707,0.0037839412689208984,1.9073486328125e-06,4.76837158203125e-07
4708,0.01032567024230957,1.9073486328125e-06,2.384185791015625e-07
4709,0.008328914642333984,1.6689300537109375e-06,4.76837158203125e-07
4710,0.0076215267181396484,1.9073486328125e-06,2.384185791015625e-07
4711,0.007656574249267578,1.9073486328125e-06,2.384185791015625e-07
4712,0.006792545318603516,1.6689300537109375e-06,4.76837158203125e-07
4713,0.007359981536865234,1.6689300537109375e-06,2.384185791015625e-07
4714,0.007104635238647461,1.6689300537109375e-06,2.384185791015625e-07
4715,0.007157564163208008,1.6689300537109375e-06,2.384185791015625e-07
4716,0.007208824157714844,1.9073486328125e-06,4.76837158203125e-07
4717,0.00528407096862793,2.1457672119140625e-06,2.384185791015625e-07
4718,0.009427309036254883,1.9073486328125e-06,4.76837158203125e-07
4719,0.0038089752197265625,2.1457672119140625e-06,4.76837158203125e-07
4720,0.008629083633422852,2.1457672119140625e-06,4.76837158203125e-07
4721,0.008528709411621094,1.6689300537109375e-06,4.76837158203125e-07
4722,0.008401870727539062,1.6689300537109375e-06,2.384185791015625e-07
4723,0.005410432815551758,2.1457672119140625e-06,2.384185791015625e-07
4724,0.009201526641845703,1.6689300537109375e-06,2.384185791015625e-07
4725,0.00759577751159668,1.6689300537109375e-06,2.384185791015625e-07
4726,0.004052400588989258,1.9073486328125e-06,4.76837158203125e-07
4727,0.00955057144165039,2.1457672119140625e-06,2.384185791015625e-07
4728,0.005335569381713867,2.1457672119140625e-06,2.384185791015625e-07
4729,0.006994009017944336,1.9073486328125e-06,4.76837158203125e-07
4730,0.00521397590637207,1.9073486328125e-06,2.384185791015625e-07
4731,0.00955057144165039,1.6689300537109375e-06,2.384185791015625e-07
4732,0.010186195373535156,1.9073486328125e-06,4.76837158203125e-07
4733,0.004411220550537109,1.9073486328125e-06,4.76837158203125e-07
4734,0.00904393196105957,1.9073486328125e-06,4.76837158203125e-07
4735,0.008202075958251953,2.1457672119140625e-06,2.384185791015625e-07
4736,0.00924062728881836,1.9073486328125e-06,2.384185791015625e-07
4737,0.011408329010009766,2.1457672119140625e-06,2.384185791015625e-07
4738,0.006417989730834961,1.9073486328125e-06,2.384185791015625e-07
4739,0.007332801818847656,1.430511474609375e-06,4.76837158203125e-07
4740,0.009983062744140625,1.9073486328125e-06,4.76837158203125e-07
4741,0.007440328598022461,1.6689300537109375e-06,2.384185791015625e-07
4742,0.008539915084838867,1.6689300537109375e-06,2.384185791015625e-07
4743,0.006502866744995117,1.6689300537109375e-06,2.384185791015625e-07
4744,0.0071887969970703125,1.9073486328125e-06,2.384185791015625e-07
4745,0.0069730281829833984,1.6689300537109375e-06,2.384185791015625e-07
4746,0.0072290897369384766,1.6689300537109375e-06,2.384185791015625e-07
4747,0.009364843368530273,1.6689300537109375e-06,2.384185791015625e-07
4748,0.0052013397216796875,1.6689300537109375e-06,4.76837158203125e-07
4749,0.008028507232666016,1.9073486328125e-06,2.384185791015625e-07
4750,0.005698442459106445,1.9073486328125e-06,2.384185791015625e-07
4751,0.00714874267578125,1.9073486328125e-06,2.384185791015625e-07
4752,0.008702516555786133,1.9073486328125e-06,2.384185791015625e-07
4753,0.008353948593139648,1.9073486328125e-06,2.384185791015625e-07
4754,0.008673906326293945,1.9073486328125e-06,2.384185791015625e-07
4755,0.00520634651184082,2.1457672119140625e-06,4.76837158203125e-07
4756,0.00833439826965332,1.9073486328125e-06,4.76837158203125e-07
4757,0.006420612335205078,1.9073486328125e-06,2.384185791015625e-07
4758,0.004155874252319336,1.6689300537109375e-06,4.76837158203125e-07
4759,0.005170106887817383,1.6689300537109375e-06,2.384185791015625e-07
4760,0.00831294059753418,2.1457672119140625e-06,2.384185791015625e-07
4761,0.01126551628112793,1.6689300537109375e-06,2.384185791015625e-07
4762,0.009128093719482422,1.6689300537109375e-06,2.384185791015625e-07
4763,0.01068735122680664,1.9073486328125e-06,2.384185791015625e-07
4764,0.004352092742919922,1.6689300537109375e-06,2.384185791015625e-07
4765,0.010474920272827148,1.6689300537109375e-06,2.384185791015625e-07
4766,0.009479761123657227,1.6689300537109375e-06,2.384185791015625e-07
4767,0.009142398834228516,1.6689300537109375e-06,2.384185791015625e-07
4768,0.004744291305541992,1.9073486328125e-06,0.0
4769,0.005380392074584961,1.6689300537109375e-06,2.384185791015625e-07
4770,0.005288124084472656,1.6689300537109375e-06,2.384185791015625e-07
4771,0.0031287670135498047,1.9073486328125e-06,4.76837158203125e-07
4772,0.008600473403930664,1.6689300537109375e-06,2.384185791015625e-07
4773,0.003770589828491211,1.6689300537109375e-06,2.384185791015625e-07
4774,0.0061032772064208984,1.6689300537109375e-06,4.76837158203125e-07
4775,0.008970499038696289,1.6689300537109375e-06,4.76837158203125e-07
4776,0.006638526916503906,1.9073486328125e-06,4.76837158203125e-07
4777,0.005449533462524414,1.6689300537109375e-06,4.76837158203125e-07
4778,0.010367155075073242,1.6689300537109375e-06,2.384185791015625e-07
4779,0.007303953170776367,2.1457672119140625e-06,2.384185791015625e-07
4780,0.010138750076293945,2.1457672119140625e-06,2.384185791015625e-07
4781,0.011118412017822266,1.9073486328125e-06,2.384185791015625e-07
4782,0.009078502655029297,1.9073486328125e-06,2.384185791015625e-07
4783,0.005469799041748047,1.9073486328125e-06,2.384185791015625e-07
4784,0.007608890533447266,1.9073486328125e-06,2.384185791015625e-07
4785,0.006916999816894531,2.1457672119140625e-06,2.384185791015625e-07
4786,0.005912303924560547,1.9073486328125e-06,4.76837158203125e-07
4787,0.0069255828857421875,2.1457672119140625e-06,2.384185791015625e-07
4788,0.004561901092529297,2.1457672119140625e-06,2.384185791015625e-07
4789,0.0064013004302978516,1.9073486328125e-06,2.384185791015625e-07
4790,0.006536006927490234,1.9073486328125e-06,4.76837158203125e-07
4791,0.00914907455444336,1.9073486328125e-06,2.384185791015625e-07
4792,0.007226228713989258,2.1457672119140625e-06,4.76837158203125e-07
4793,0.006665945053100586,1.9073486328125e-06,4.76837158203125e-07
4794,0.006190299987792969,1.9073486328125e-06,2.384185791015625e-07
4795,0.004757404327392578,1.9073486328125e-06,2.384185791015625e-07
4796,0.005114555358886719,1.9073486328125e-06,2.384185791015625e-07
4797,0.01013326644897461,2.1457672119140625e-06,2.384185791015625e-07
4798,0.005570888519287109,1.9073486328125e-06,2.384185791015625e-07
4799,0.00694584846496582,1.9073486328125e-06,2.384185791015625e-07
4800,0.006880760192871094,1.9073486328125e-06,2.384185791015625e-07
4801,0.005456686019897461,1.9073486328125e-06,4.76837158203125e-07
4802,0.008713245391845703,1.9073486328125e-06,2.384185791015625e-07
4803,0.005225181579589844,1.9073486328125e-06,2.384185791015625e-07
4804,0.007277727127075195,2.1457672119140625e-06,4.76837158203125e-07
4805,0.005293369293212891,1.9073486328125e-06,2.384185791015625e-07
4806,0.00733637809753418,2.1457672119140625e-06,2.384185791015625e-07
4807,0.004548072814941406,1.6689300537109375e-06,4.76837158203125e-07
4808,0.0072193145751953125,1.9073486328125e-06,4.76837158203125e-07
4809,0.0056018829345703125,2.1457672119140625e-06,2.384185791015625e-07
4810,0.00995779037475586,1.9073486328125e-06,2.384185791015625e-07
4811,0.008152008056640625,1.9073486328125e-06,4.76837158203125e-07
4812,0.007531166076660156,1.9073486328125e-06,2.384185791015625e-07
4813,0.009649991989135742,1.9073486328125e-06,2.384185791015625e-07
4814,0.00908803939819336,2.1457672119140625e-06,4.76837158203125e-07
4815,0.008682727813720703,1.430511474609375e-06,4.76837158203125e-07
4816,0.005681753158569336,1.9073486328125e-06,2.384185791015625e-07
4817,0.007477760314941406,1.6689300537109375e-06,4.76837158203125e-07
4818,0.004760265350341797,1.9073486328125e-06,2.384185791015625e-07
4819,0.009244680404663086,2.1457672119140625e-06,2.384185791015625e-07
4820,0.009753227233886719,2.1457672119140625e-06,4.76837158203125e-07
4821,0.004306316375732422,1.9073486328125e-06,4.76837158203125e-07
4822,0.005016803741455078,2.1457672119140625e-06,2.384185791015625e-07
4823,0.004557609558105469,2.1457672119140625e-06,2.384185791015625e-07
4824,0.00521087646484375,1.6689300537109375e-06,2.384185791015625e-07
4825,0.010566234588623047,1.6689300537109375e-06,2.384185791015625e-07
4826,0.003858804702758789,1.6689300537109375e-06,2.384185791015625e-07
4827,0.009439468383789062,1.9073486328125e-06,2.384185791015625e-07
4828,0.0068781375885009766,1.9073486328125e-06,2.384185791015625e-07
4829,0.0076024532318115234,1.9073486328125e-06,4.76837158203125e-07
4830,0.008648157119750977,1.9073486328125e-06,4.76837158203125e-07
4831,0.009750127792358398,1.9073486328125e-06,4.76837158203125e-07
4832,0.006178617477416992,2.1457672119140625e-06,2.384185791015625e-07
4833,0.006094455718994141,1.6689300537109375e-06,4.76837158203125e-07
4834,0.006093502044677734,1.430511474609375e-06,2.384185791015625e-07
4835,0.008802413940429688,1.9073486328125e-06,2.384185791015625e-07
4836,0.004113674163818359,1.6689300537109375e-06,2.384185791015625e-07
4837,0.008109569549560547,1.6689300537109375e-06,4.76837158203125e-07
4838,0.0071413516998291016,1.6689300537109375e-06,2.384185791015625e-07
4839,0.0066127777099609375,1.6689300537109375e-06,4.76837158203125e-07
4840,0.007332563400268555,1.6689300537109375e-06,2.384185791015625e-07
4841,0.005242586135864258,1.9073486328125e-06,2.384185791015625e-07
4842,0.006354331970214844,1.9073486328125e-06,4.76837158203125e-07
4843,0.005203723907470703,2.1457672119140625e-06,2.384185791015625e-07
4844,0.010568380355834961,2.1457672119140625e-06,2.384185791015625e-07
4845,0.004829883575439453,1.9073486328125e-06,2.384185791015625e-07
4846,0.003988981246948242,1.9073486328125e-06,9.5367431640625e-07
4847,0.009025096893310547,2.1457672119140625e-06,2.384185791015625e-07
4848,0.008150100708007812,2.1457672119140625e-06,2.384185791015625e-07
4849,0.004781961441040039,1.9073486328125e-06,2.384185791015625e-07
4850,0.00802159309387207,1.9073486328125e-06,2.384185791015625e-07
4851,0.003780841827392578,2.1457672119140625e-06,2.384185791015625e-07
4852,0.008406400680541992,1.9073486328125e-06,2.384185791015625e-07
4853,0.008082389831542969,1.9073486328125e-06,2.384185791015625e-07
4854,0.0073184967041015625,1.9073486328125e-06,2.384185791015625e-07
4855,0.00670933723449707,1.9073486328125e-06,2.384185791015625e-07
4856,0.005542278289794922,1.9073486328125e-06,2.384185791015625e-07
4857,0.008166074752807617,2.1457672119140625e-06,2.384185791015625e-07
4858,0.005105495452880859,2.1457672119140625e-06,2.384185791015625e-07
4859,0.0067708492279052734,1.9073486328125e-06,2.384185791015625e-07
4860,0.007924318313598633,1.9073486328125e-06,2.384185791015625e-07
4861,0.005611896514892578,2.1457672119140625e-06,2.384185791015625e-07
4862,0.008654117584228516,2.1457672119140625e-06,2.384185791015625e-07
4863,0.005029201507568359,1.9073486328125e-06,2.384185791015625e-07
4864,0.00954437255859375,2.384185791015625e-06,4.76837158203125e-07
4865,0.007426261901855469,1.9073486328125e-06,2.384185791015625e-07
4866,0.007364749908447266,1.9073486328125e-06,2.384185791015625e-07
4867,0.00883626937866211,2.1457672119140625e-06,2.384185791015625e-07
4868,0.007080793380737305,2.1457672119140625e-06,4.76837158203125e-07
4869,0.004365444183349609,1.9073486328125e-06,2.384185791015625e-07
4870,0.008418798446655273,2.1457672119140625e-06,4.76837158203125e-07
4871,0.00847482681274414,1.9073486328125e-06,2.384185791015625e-07
4872,0.004305839538574219,1.9073486328125e-06,2.384185791015625e-07
4873,0.0049359798431396484,2.1457672119140625e-06,4.76837158203125e-07
4874,0.006287813186645508,1.9073486328125e-06,2.384185791015625e-07
4875,0.008623361587524414,1.9073486328125e-06,2.384185791015625e-07
4876,0.010537862777709961,1.9073486328125e-06,2.384185791015625e-07
4877,0.0036923885345458984,1.9073486328125e-06,2.384185791015625e-07
4878,0.0069272518157958984,1.9073486328125e-06,2.384185791015625e-07
4879,0.006579160690307617,1.6689300537109375e-06,2.384185791015625e-07
4880,0.006705522537231445,1.9073486328125e-06,2.384185791015625e-07
4881,0.009181022644042969,1.6689300537109375e-06,2.384185791015625e-07
4882,0.011369705200195312,1.6689300537109375e-06,2.384185791015625e-07
4883,0.008721590042114258,2.1457672119140625e-06,2.384185791015625e-07
4884,0.0072290897369384766,1.9073486328125e-06,2.384185791015625e-07
4885,0.0038161277770996094,1.6689300537109375e-06,2.384185791015625e-07
4886,0.009661197662353516,1.9073486328125e-06,4.76837158203125e-07
4887,0.006329536437988281,1.6689300537109375e-06,2.384185791015625e-07
4888,0.0048980712890625,1.9073486328125e-06,2.384185791015625e-07
4889,0.006425380706787109,1.6689300537109375e-06,2.384185791015625e-07
4890,0.006822109222412109,1.6689300537109375e-06,4.76837158203125e-07
4891,0.009273290634155273,1.6689300537109375e-06,7.152557373046875e-07
4892,0.007617473602294922,1.6689300537109375e-06,2.384185791015625e-07
4893,0.007584333419799805,1.6689300537109375e-06,2.384185791015625e-07
4894,0.01180410385131836,1.6689300537109375e-06,2.384185791015625e-07
4895,0.009222030639648438,1.6689300537109375e-06,2.384185791015625e-07
4896,0.005180835723876953,1.6689300537109375e-06,2.384185791015625e-07
4897,0.004014730453491211,1.6689300537109375e-06,2.384185791015625e-07
4898,0.009820222854614258,1.6689300537109375e-06,2.384185791015625e-07
4899,0.007494926452636719,2.1457672119140625e-06,2.384185791015625e-07
4900,0.008350372314453125,1.6689300537109375e-06,7.152557373046875e-07
4901,0.008774042129516602,2.1457672119140625e-06,4.76837158203125e-07
4902,0.006025791168212891,1.6689300537109375e-06,2.384185791015625e-07
4903,0.005861520767211914,1.6689300537109375e-06,4.76837158203125e-07
4904,0.006951093673706055,1.6689300537109375e-06,4.76837158203125e-07
4905,0.005840778350830078,1.6689300537109375e-06,2.384185791015625e-07
4906,0.008543252944946289,1.6689300537109375e-06,2.384185791015625e-07
4907,0.006805419921875,1.9073486328125e-06,2.384185791015625e-07
4908,0.006399393081665039,1.9073486328125e-06,4.76837158203125e-07
4909,0.0067903995513916016,1.6689300537109375e-06,4.76837158203125e-07
4910,0.0028955936431884766,1.9073486328125e-06,2.384185791015625e-07
4911,0.008585691452026367,2.1457672119140625e-06,2.384185791015625e-07
4912,0.003966569900512695,2.1457672119140625e-06,4.76837158203125e-07
4913,0.0076634883880615234,1.9073486328125e-06,2.384185791015625e-07
4914,0.007023811340332031,2.1457672119140625e-06,2.384185791015625e-07
4915,0.010002851486206055,1.6689300537109375e-06,2.384185791015625e-07
4916,0.004607200622558594,1.6689300537109375e-06,2.384185791015625e-07
4917,0.009250879287719727,1.9073486328125e-06,2.384185791015625e-07
4918,0.011001825332641602,1.6689300537109375e-06,2.384185791015625e-07
4919,0.008177042007446289,2.1457672119140625e-06,4.76837158203125e-07
4920,0.0053768157958984375,1.9073486328125e-06,4.76837158203125e-07
4921,0.00454401969909668,1.9073486328125e-06,2.384185791015625e-07
4922,0.005345344543457031,2.1457672119140625e-06,2.384185791015625e-07
4923,0.009026765823364258,1.6689300537109375e-06,2.384185791015625e-07
4924,0.010541677474975586,2.1457672119140625e-06,2.384185791015625e-07
4925,0.007996559143066406,1.9073486328125e-06,2.384185791015625e-07
4926,0.0069005489349365234,2.1457672119140625e-06,2.384185791015625e-07
4927,0.008492708206176758,1.9073486328125e-06,2.384185791015625e-07
4928,0.0074310302734375,2.1457672119140625e-06,2.384185791015625e-07
4929,0.005384206771850586,1.9073486328125e-06,4.76837158203125e-07
4930,0.008447885513305664,1.6689300537109375e-06,2.384185791015625e-07
4931,0.006565570831298828,2.1457672119140625e-06,4.76837158203125e-07
4932,0.004755735397338867,1.9073486328125e-06,2.384185791015625e-07
4933,0.005303859710693359,2.1457672119140625e-06,2.384185791015625e-07
4934,0.004461765289306641,1.9073486328125e-06,2.384185791015625e-07
4935,0.00598597526550293,1.9073486328125e-06,2.384185791015625e-07
4936,0.006345033645629883,1.9073486328125e-06,2.384185791015625e-07
4937,0.0055544376373291016,1.9073486328125e-06,2.384185791015625e-07
4938,0.008721590042114258,1.9073486328125e-06,4.76837158203125e-07
4939,0.01029515266418457,2.1457672119140625e-06,2.384185791015625e-07
4940,0.005884885787963867,1.9073486328125e-06,4.76837158203125e-07
4941,0.008816719055175781,2.1457672119140625e-06,4.76837158203125e-07
4942,0.008379697799682617,1.9073486328125e-06,2.384185791015625e-07
4943,0.011592864990234375,2.1457672119140625e-06,2.384185791015625e-07
4944,0.007333278656005859,1.9073486328125e-06,2.384185791015625e-07
4945,0.009596586227416992,1.9073486328125e-06,2.384185791015625e-07
4946,0.008870363235473633,2.1457672119140625e-06,2.384185791015625e-07
4947,0.004931926727294922,2.1457672119140625e-06,2.384185791015625e-07
4948,0.009290456771850586,1.9073486328125e-06,2.384185791015625e-07
4949,0.007704734802246094,1.6689300537109375e-06,4.76837158203125e-07
4950,0.00623774528503418,2.1457672119140625e-06,4.76837158203125e-07
4951,0.0073642730712890625,2.1457672119140625e-06,4.76837158203125e-07
4952,0.009659767150878906,1.9073486328125e-06,4.76837158203125e-07
4953,0.008058786392211914,2.1457672119140625e-06,2.384185791015625e-07
4954,0.005896806716918945,1.9073486328125e-06,2.384185791015625e-07
4955,0.009638071060180664,1.9073486328125e-06,2.384185791015625e-07
4956,0.007048606872558594,1.9073486328125e-06,2.384185791015625e-07
4957,0.0073909759521484375,2.1457672119140625e-06,2.384185791015625e-07
4958,0.0058934688568115234,1.9073486328125e-06,4.76837158203125e-07
4959,0.006046295166015625,1.9073486328125e-06,2.384185791015625e-07
4960,0.008797645568847656,1.6689300537109375e-06,7.152557373046875e-07
4961,0.008611917495727539,1.6689300537109375e-06,2.384185791015625e-07
4962,0.009397745132446289,1.6689300537109375e-06,2.384185791015625e-07
4963,0.011046648025512695,1.6689300537109375e-06,2.384185791015625e-07
4964,0.009935140609741211,1.6689300537109375e-06,2.384185791015625e-07
4965,0.009330034255981445,1.6689300537109375e-06,2.384185791015625e-07
4966,0.007163286209106445,1.9073486328125e-06,2.384185791015625e-07
4967,0.007383108139038086,1.6689300537109375e-06,2.384185791015625e-07
4968,0.0052907466888427734,1.6689300537109375e-06,2.384185791015625e-07
4969,0.008223772048950195,1.6689300537109375e-06,4.76837158203125e-07
4970,0.007655620574951172,1.6689300537109375e-06,2.384185791015625e-07
4971,0.007788896560668945,1.6689300537109375e-06,2.384185791015625e-07
4972,0.0051822662353515625,1.9073486328125e-06,2.384185791015625e-07
4973,0.009891033172607422,1.9073486328125e-06,2.384185791015625e-07
4974,0.0074503421783447266,1.6689300537109375e-06,2.384185791015625e-07
4975,0.006808757781982422,1.9073486328125e-06,2.384185791015625e-07
4976,0.008828401565551758,1.6689300537109375e-06,4.76837158203125e-07
4977,0.0076751708984375,1.6689300537109375e-06,4.76837158203125e-07
4978,0.006424665451049805,1.9073486328125e-06,2.384185791015625e-07
4979,0.005938529968261719,1.6689300537109375e-06,2.384185791015625e-07
4980,0.005892753601074219,1.6689300537109375e-06,2.384185791015625e-07
4981,0.006030082702636719,1.6689300537109375e-06,2.384185791015625e-07
4982,0.008143186569213867,1.9073486328125e-06,2.384185791015625e-07
4983,0.008302688598632812,1.6689300537109375e-06,2.384185791015625e-07
4984,0.007013559341430664,1.9073486328125e-06,2.384185791015625e-07
4985,0.00873565673828125,1.6689300537109375e-06,2.384185791015625e-07
4986,0.008342266082763672,1.430511474609375e-06,2.384185791015625e-07
4987,0.006676435470581055,1.9073486328125e-06,4.76837158203125e-07
4988,0.007177829742431641,1.9073486328125e-06,2.384185791015625e-07
4989,0.009594202041625977,2.1457672119140625e-06,2.384185791015625e-07
4990,0.008402347564697266,1.9073486328125e-06,4.76837158203125e-07
4991,0.008047342300415039,1.9073486328125e-06,2.384185791015625e-07
4992,0.00554966926574707,1.6689300537109375e-06,4.76837158203125e-07
4993,0.010692119598388672,1.9073486328125e-06,4.76837158203125e-07
4994,0.0071599483489990234,1.9073486328125e-06,2.384185791015625e-07
4995,0.00716710090637207,2.1457672119140625e-06,2.384185791015625e-07
4996,0.011016845703125,2.1457672119140625e-06,4.76837158203125e-07
4997,0.0088958740234375,1.9073486328125e-06,2.384185791015625e-07
4998,0.006043672561645508,2.1457672119140625e-06,4.76837158203125e-07
4999,0.006708621978759766,1.9073486328125e-06,2.384185791015625e-07
5000,0.008370399475097656,1.9073486328125e-06,2.384185791015625e-07
5001,0.006411075592041016,1.9073486328125e-06,2.384185791015625e-07
5002,0.008002996444702148,1.430511474609375e-06,2.384185791015625e-07
5003,0.007086277008056641,1.6689300537109375e-06,2.384185791015625e-07
5004,0.0072519779205322266,1.6689300537109375e-06,2.384185791015625e-07
5005,0.009074926376342773,1.6689300537109375e-06,2.384185791015625e-07
5006,0.0074656009674072266,1.6689300537109375e-06,4.76837158203125e-07
5007,0.009352922439575195,1.9073486328125e-06,2.384185791015625e-07
5008,0.007288694381713867,1.9073486328125e-06,2.384185791015625e-07
5009,0.012166023254394531,2.1457672119140625e-06,4.76837158203125e-07
5010,0.004779338836669922,1.9073486328125e-06,2.384185791015625e-07
5011,0.010037899017333984,1.9073486328125e-06,2.384185791015625e-07
5012,0.007142782211303711,2.1457672119140625e-06,2.384185791015625e-07
5013,0.008041858673095703,1.9073486328125e-06,4.76837158203125e-07
5014,0.004643917083740234,1.9073486328125e-06,2.384185791015625e-07
5015,0.006143808364868164,1.9073486328125e-06,4.76837158203125e-07
5016,0.009434223175048828,1.9073486328125e-06,2.384185791015625e-07
5017,0.0068912506103515625,2.1457672119140625e-06,2.384185791015625e-07
5018,0.00609278678894043,2.1457672119140625e-06,2.384185791015625e-07
5019,0.0072023868560791016,1.9073486328125e-06,2.384185791015625e-07
5020,0.008538484573364258,2.1457672119140625e-06,2.384185791015625e-07
5021,0.006349086761474609,1.9073486328125e-06,2.384185791015625e-07
5022,0.0100860595703125,1.9073486328125e-06,2.384185791015625e-07
5023,0.009205341339111328,1.9073486328125e-06,2.384185791015625e-07
5024,0.00790715217590332,1.9073486328125e-06,2.384185791015625e-07
5025,0.006262779235839844,2.1457672119140625e-06,2.384185791015625e-07
5026,0.008907318115234375,2.1457672119140625e-06,4.76837158203125e-07
5027,0.008533000946044922,1.9073486328125e-06,2.384185791015625e-07
5028,0.00575709342956543,1.9073486328125e-06,2.384185791015625e-07
5029,0.007768869400024414,1.9073486328125e-06,4.76837158203125e-07
5030,0.008042335510253906,2.1457672119140625e-06,2.384185791015625e-07
5031,0.007862329483032227,1.9073486328125e-06,2.384185791015625e-07
5032,0.010040044784545898,1.9073486328125e-06,2.384185791015625e-07
5033,0.008804559707641602,1.9073486328125e-06,4.76837158203125e-07
5034,0.0068476200103759766,2.1457672119140625e-06,4.76837158203125e-07
5035,0.005459785461425781,1.9073486328125e-06,2.384185791015625e-07
5036,0.00997304916381836,1.9073486328125e-06,2.384185791015625e-07
5037,0.003008604049682617,2.1457672119140625e-06,4.76837158203125e-07
5038,0.00703883171081543,2.1457672119140625e-06,2.384185791015625e-07
5039,0.004950046539306641,1.9073486328125e-06,2.384185791015625e-07
5040,0.008610010147094727,2.1457672119140625e-06,2.384185791015625e-07
5041,0.006983280181884766,1.9073486328125e-06,2.384185791015625e-07
5042,0.010322093963623047,1.9073486328125e-06,2.384185791015625e-07
5043,0.011308908462524414,1.9073486328125e-06,4.76837158203125e-07
5044,0.005341529846191406,1.9073486328125e-06,2.384185791015625e-07
5045,0.0075719356536865234,1.9073486328125e-06,2.384185791015625e-07
5046,0.008453607559204102,2.1457672119140625e-06,2.384185791015625e-07
5047,0.007292270660400391,2.1457672119140625e-06,2.384185791015625e-07
5048,0.010277748107910156,2.1457672119140625e-06,2.384185791015625e-07
5049,0.010093927383422852,2.1457672119140625e-06,2.384185791015625e-07
5050,0.006872415542602539,2.1457672119140625e-06,4.76837158203125e-07
5051,0.007880210876464844,1.9073486328125e-06,2.384185791015625e-07
5052,0.008872270584106445,1.9073486328125e-06,2.384185791015625e-07
5053,0.00877070426940918,1.6689300537109375e-06,2.384185791015625e-07
5054,0.009422779083251953,1.6689300537109375e-06,2.384185791015625e-07
5055,0.005951881408691406,1.6689300537109375e-06,4.76837158203125e-07
5056,0.008851289749145508,1.9073486328125e-06,2.384185791015625e-07
5057,0.0068721771240234375,1.6689300537109375e-06,4.76837158203125e-07
5058,0.007569313049316406,1.6689300537109375e-06,2.384185791015625e-07
5059,0.004042387008666992,1.9073486328125e-06,4.76837158203125e-07
5060,0.004726409912109375,1.6689300537109375e-06,2.384185791015625e-07
5061,0.005135774612426758,1.6689300537109375e-06,2.384185791015625e-07
5062,0.005318641662597656,1.6689300537109375e-06,2.384185791015625e-07
5063,0.010940074920654297,1.9073486328125e-06,2.384185791015625e-07
5064,0.005852699279785156,1.6689300537109375e-06,2.384185791015625e-07
5065,0.0067958831787109375,1.6689300537109375e-06,2.384185791015625e-07
5066,0.005840301513671875,1.6689300537109375e-06,7.152557373046875e-07
5067,0.007338523864746094,1.9073486328125e-06,4.76837158203125e-07
5068,0.00609135627746582,1.9073486328125e-06,4.76837158203125e-07
5069,0.004926919937133789,1.9073486328125e-06,2.384185791015625e-07
5070,0.006014108657836914,1.6689300537109375e-06,4.76837158203125e-07
5071,0.00533604621887207,1.9073486328125e-06,2.384185791015625e-07
5072,0.0059795379638671875,2.384185791015625e-06,4.76837158203125e-07
5073,0.007476806640625,1.6689300537109375e-06,2.384185791015625e-07
5074,0.01080179214477539,1.430511474609375e-06,2.384185791015625e-07
5075,0.006536006927490234,1.6689300537109375e-06,2.384185791015625e-07
5076,0.005505084991455078,1.6689300537109375e-06,4.76837158203125e-07
5077,0.005619049072265625,1.6689300537109375e-06,4.76837158203125e-07
5078,0.004616975784301758,1.6689300537109375e-06,2.384185791015625e-07
5079,0.008474111557006836,1.6689300537109375e-06,2.384185791015625e-07
5080,0.0065364837646484375,1.6689300537109375e-06,2.384185791015625e-07
5081,0.004713535308837891,1.6689300537109375e-06,2.384185791015625e-07
5082,0.009520769119262695,1.6689300537109375e-06,2.384185791015625e-07
5083,0.010938882827758789,1.9073486328125e-06,2.384185791015625e-07
5084,0.009243249893188477,1.6689300537109375e-06,2.384185791015625e-07
5085,0.010926008224487305,1.9073486328125e-06,2.384185791015625e-07
5086,0.008611917495727539,1.6689300537109375e-06,4.76837158203125e-07
5087,0.01021885871887207,1.6689300537109375e-06,2.384185791015625e-07
5088,0.005677938461303711,2.1457672119140625e-06,4.76837158203125e-07
5089,0.009566783905029297,1.9073486328125e-06,4.76837158203125e-07
5090,0.004792451858520508,1.9073486328125e-06,2.384185791015625e-07
5091,0.00469660758972168,1.6689300537109375e-06,2.384185791015625e-07
5092,0.0050525665283203125,1.6689300537109375e-06,2.384185791015625e-07
5093,0.0055942535400390625,1.9073486328125e-06,2.384185791015625e-07
5094,0.0056722164154052734,1.6689300537109375e-06,2.384185791015625e-07
5095,0.0037915706634521484,1.6689300537109375e-06,2.384185791015625e-07
5096,0.008408784866333008,1.9073486328125e-06,2.384185791015625e-07
5097,0.006910562515258789,1.6689300537109375e-06,2.384185791015625e-07
5098,0.008959293365478516,1.9073486328125e-06,2.384185791015625e-07
5099,0.007518291473388672,1.6689300537109375e-06,2.384185791015625e-07
5100,0.004477977752685547,1.9073486328125e-06,2.384185791015625e-07
5101,0.007507801055908203,1.6689300537109375e-06,2.384185791015625e-07
5102,0.006897449493408203,1.6689300537109375e-06,2.384185791015625e-07
5103,0.006796360015869141,2.1457672119140625e-06,2.384185791015625e-07
5104,0.007606029510498047,1.6689300537109375e-06,2.384185791015625e-07
5105,0.008918523788452148,1.9073486328125e-06,4.76837158203125e-07
5106,0.0049970149993896484,1.9073486328125e-06,4.76837158203125e-07
5107,0.010971784591674805,1.6689300537109375e-06,7.152557373046875e-07
5108,0.0056192874908447266,1.6689300537109375e-06,2.384185791015625e-07
5109,0.008478641510009766,1.6689300537109375e-06,4.76837158203125e-07
5110,0.007444620132446289,1.9073486328125e-06,2.384185791015625e-07
5111,0.0074727535247802734,1.6689300537109375e-06,2.384185791015625e-07
5112,0.002997159957885742,1.6689300537109375e-06,2.384185791015625e-07
5113,0.007516145706176758,1.6689300537109375e-06,2.384185791015625e-07
5114,0.007696390151977539,1.9073486328125e-06,2.384185791015625e-07
5115,0.007105112075805664,1.6689300537109375e-06,2.384185791015625e-07
5116,0.008370399475097656,1.9073486328125e-06,4.76837158203125e-07
5117,0.005221366882324219,1.9073486328125e-06,2.384185791015625e-07
5118,0.005868673324584961,1.9073486328125e-06,2.384185791015625e-07
5119,0.0053806304931640625,1.9073486328125e-06,2.384185791015625e-07
5120,0.008608102798461914,2.1457672119140625e-06,4.76837158203125e-07
5121,0.008492231369018555,1.9073486328125e-06,2.384185791015625e-07
5122,0.006627082824707031,1.9073486328125e-06,2.384185791015625e-07
5123,0.006374835968017578,1.9073486328125e-06,2.384185791015625e-07
5124,0.0071201324462890625,1.9073486328125e-06,4.76837158203125e-07
5125,0.007153987884521484,1.9073486328125e-06,7.152557373046875e-07
5126,0.00916743278503418,1.9073486328125e-06,2.384185791015625e-07
5127,0.008833646774291992,2.1457672119140625e-06,2.384185791015625e-07
5128,0.009965896606445312,1.9073486328125e-06,2.384185791015625e-07
5129,0.006411552429199219,1.9073486328125e-06,4.76837158203125e-07
5130,0.009346961975097656,1.9073486328125e-06,2.384185791015625e-07
5131,0.0064280033111572266,1.6689300537109375e-06,2.384185791015625e-07
5132,0.0053822994232177734,1.6689300537109375e-06,2.384185791015625e-07
5133,0.011346817016601562,1.6689300537109375e-06,4.76837158203125e-07
5134,0.009625673294067383,1.6689300537109375e-06,2.384185791015625e-07
5135,0.00903940200805664,1.6689300537109375e-06,2.384185791015625e-07
5136,0.015508413314819336,1.6689300537109375e-06,2.384185791015625e-07
5137,0.005259990692138672,1.6689300537109375e-06,2.384185791015625e-07
5138,0.005628108978271484,1.9073486328125e-06,4.76837158203125e-07
5139,0.012564897537231445,1.9073486328125e-06,2.384185791015625e-07
5140,0.007542848587036133,1.6689300537109375e-06,2.384185791015625e-07
5141,0.005675792694091797,1.6689300537109375e-06,2.384185791015625e-07
5142,0.00888204574584961,1.430511474609375e-06,4.76837158203125e-07
5143,0.007196187973022461,1.6689300537109375e-06,2.384185791015625e-07
5144,0.011174440383911133,1.6689300537109375e-06,4.76837158203125e-07
5145,0.006090641021728516,1.6689300537109375e-06,2.384185791015625e-07
5146,0.00919032096862793,1.6689300537109375e-06,2.384185791015625e-07
5147,0.006693363189697266,1.6689300537109375e-06,2.384185791015625e-07
5148,0.009801387786865234,1.6689300537109375e-06,2.384185791015625e-07
5149,0.004066944122314453,1.6689300537109375e-06,2.384185791015625e-07
5150,0.0076045989990234375,1.6689300537109375e-06,4.76837158203125e-07
5151,0.0072634220123291016,1.6689300537109375e-06,2.384185791015625e-07
5152,0.009001970291137695,1.6689300537109375e-06,4.76837158203125e-07
5153,0.007638692855834961,2.1457672119140625e-06,4.76837158203125e-07
5154,0.008138418197631836,2.1457672119140625e-06,2.384185791015625e-07
5155,0.008697032928466797,1.9073486328125e-06,2.384185791015625e-07
5156,0.008002758026123047,2.1457672119140625e-06,2.384185791015625e-07
5157,0.005748271942138672,1.9073486328125e-06,4.76837158203125e-07
5158,0.009298563003540039,1.6689300537109375e-06,2.384185791015625e-07
5159,0.008586406707763672,1.6689300537109375e-06,2.384185791015625e-07
5160,0.009613275527954102,1.6689300537109375e-06,7.152557373046875e-07
5161,0.006806373596191406,2.1457672119140625e-06,2.384185791015625e-07
5162,0.006490468978881836,2.1457672119140625e-06,2.384185791015625e-07
5163,0.00786733627319336,1.9073486328125e-06,2.384185791015625e-07
5164,0.007172822952270508,1.9073486328125e-06,4.76837158203125e-07
5165,0.0046672821044921875,1.9073486328125e-06,2.384185791015625e-07
5166,0.007907390594482422,1.9073486328125e-06,2.384185791015625e-07
5167,0.007464170455932617,2.1457672119140625e-06,4.76837158203125e-07
5168,0.009597539901733398,2.1457672119140625e-06,2.384185791015625e-07
5169,0.007124423980712891,2.1457672119140625e-06,2.384185791015625e-07
5170,0.011407136917114258,1.9073486328125e-06,2.384185791015625e-07
5171,0.007120370864868164,2.384185791015625e-06,2.384185791015625e-07
5172,0.010773897171020508,1.9073486328125e-06,2.384185791015625e-07
5173,0.007440805435180664,1.9073486328125e-06,7.152557373046875e-07
5174,0.009913921356201172,2.1457672119140625e-06,2.384185791015625e-07
5175,0.008711576461791992,1.9073486328125e-06,2.384185791015625e-07
5176,0.0071201324462890625,1.9073486328125e-06,2.384185791015625e-07
5177,0.009109020233154297,1.9073486328125e-06,2.384185791015625e-07
5178,0.007186174392700195,1.9073486328125e-06,2.384185791015625e-07
5179,0.007796525955200195,1.9073486328125e-06,4.76837158203125e-07
5180,0.007660865783691406,1.9073486328125e-06,2.384185791015625e-07
5181,0.011102676391601562,1.6689300537109375e-06,2.384185791015625e-07
5182,0.00478363037109375,1.6689300537109375e-06,2.384185791015625e-07
5183,0.004528045654296875,1.9073486328125e-06,2.384185791015625e-07
5184,0.009271383285522461,1.9073486328125e-06,2.384185791015625e-07
5185,0.005191326141357422,1.9073486328125e-06,2.384185791015625e-07
5186,0.010245084762573242,2.1457672119140625e-06,2.384185791015625e-07
5187,0.007578372955322266,1.9073486328125e-06,2.384185791015625e-07
5188,0.0052831172943115234,1.9073486328125e-06,2.384185791015625e-07
5189,0.009223461151123047,2.1457672119140625e-06,2.384185791015625e-07
5190,0.008335590362548828,2.1457672119140625e-06,2.384185791015625e-07
5191,0.006382942199707031,1.6689300537109375e-06,7.152557373046875e-07
5192,0.008428573608398438,1.9073486328125e-06,4.76837158203125e-07
5193,0.005825042724609375,2.1457672119140625e-06,2.384185791015625e-07
5194,0.008054018020629883,1.430511474609375e-06,2.384185791015625e-07
5195,0.010948896408081055,2.1457672119140625e-06,2.384185791015625e-07
5196,0.008956193923950195,1.6689300537109375e-06,2.384185791015625e-07
5197,0.006068706512451172,1.9073486328125e-06,2.384185791015625e-07
5198,0.006363630294799805,1.6689300537109375e-06,2.384185791015625e-07
5199,0.005103111267089844,2.1457672119140625e-06,2.384185791015625e-07
5200,0.011501312255859375,1.6689300537109375e-06,2.384185791015625e-07
5201,0.008321762084960938,1.6689300537109375e-06,2.384185791015625e-07
5202,0.009963512420654297,1.6689300537109375e-06,2.384185791015625e-07
5203,0.004752159118652344,1.6689300537109375e-06,4.76837158203125e-07
5204,0.00986933708190918,1.9073486328125e-06,2.384185791015625e-07
5205,0.009423971176147461,1.6689300537109375e-06,2.384185791015625e-07
5206,0.006059408187866211,2.1457672119140625e-06,2.384185791015625e-07
5207,0.007437705993652344,1.6689300537109375e-06,4.76837158203125e-07
5208,0.008698701858520508,1.9073486328125e-06,4.76837158203125e-07
5209,0.007353782653808594,1.6689300537109375e-06,4.76837158203125e-07
5210,0.010825634002685547,2.1457672119140625e-06,2.384185791015625e-07
5211,0.006012916564941406,2.1457672119140625e-06,2.384185791015625e-07
5212,0.009386301040649414,2.1457672119140625e-06,2.384185791015625e-07
5213,0.008510112762451172,2.1457672119140625e-06,2.384185791015625e-07
5214,0.009275436401367188,2.1457672119140625e-06,4.76837158203125e-07
5215,0.00911712646484375,2.1457672119140625e-06,2.384185791015625e-07
5216,0.004186868667602539,1.9073486328125e-06,2.384185791015625e-07
5217,0.006475687026977539,1.9073486328125e-06,4.76837158203125e-07
5218,0.006122112274169922,1.9073486328125e-06,4.76837158203125e-07
5219,0.00976109504699707,1.9073486328125e-06,2.384185791015625e-07
5220,0.007198810577392578,1.9073486328125e-06,2.384185791015625e-07
5221,0.00971364974975586,1.9073486328125e-06,2.384185791015625e-07
5222,0.0070018768310546875,1.9073486328125e-06,4.76837158203125e-07
5223,0.007748842239379883,1.9073486328125e-06,2.384185791015625e-07
5224,0.003772735595703125,1.6689300537109375e-06,2.384185791015625e-07
5225,0.00590062141418457,1.9073486328125e-06,4.76837158203125e-07
5226,0.006174802780151367,1.9073486328125e-06,4.76837158203125e-07
5227,0.006731986999511719,1.6689300537109375e-06,2.384185791015625e-07
5228,0.007914066314697266,1.6689300537109375e-06,2.384185791015625e-07
5229,0.0040264129638671875,2.1457672119140625e-06,2.384185791015625e-07
5230,0.008909940719604492,1.9073486328125e-06,7.152557373046875e-07
5231,0.0053539276123046875,1.6689300537109375e-06,2.384185791015625e-07
5232,0.005429983139038086,1.9073486328125e-06,4.76837158203125e-07
5233,0.00798177719116211,1.9073486328125e-06,4.76837158203125e-07
5234,0.007230520248413086,2.1457672119140625e-06,4.76837158203125e-07
5235,0.007585287094116211,1.9073486328125e-06,2.384185791015625e-07
5236,0.0052111148834228516,1.9073486328125e-06,2.384185791015625e-07
5237,0.00699615478515625,1.9073486328125e-06,2.384185791015625e-07
5238,0.009192228317260742,2.1457672119140625e-06,2.384185791015625e-07
5239,0.007032632827758789,1.9073486328125e-06,7.152557373046875e-07
5240,0.008786201477050781,1.9073486328125e-06,4.76837158203125e-07
5241,0.004927873611450195,1.9073486328125e-06,4.76837158203125e-07
5242,0.0049173831939697266,2.1457672119140625e-06,2.384185791015625e-07
5243,0.007521390914916992,2.1457672119140625e-06,2.384185791015625e-07
5244,0.006016731262207031,1.6689300537109375e-06,2.384185791015625e-07
5245,0.008494138717651367,2.1457672119140625e-06,2.384185791015625e-07
5246,0.00999593734741211,2.1457672119140625e-06,4.76837158203125e-07
5247,0.006811857223510742,1.9073486328125e-06,2.384185791015625e-07
5248,0.010227680206298828,2.384185791015625e-06,4.76837158203125e-07
5249,0.009883880615234375,2.1457672119140625e-06,2.384185791015625e-07
5250,0.006797075271606445,2.1457672119140625e-06,2.384185791015625e-07
5251,0.010486364364624023,1.9073486328125e-06,2.384185791015625e-07
5252,0.004783153533935547,1.9073486328125e-06,4.76837158203125e-07
5253,0.005922079086303711,2.1457672119140625e-06,4.76837158203125e-07
5254,0.007715940475463867,2.1457672119140625e-06,2.384185791015625e-07
5255,0.007246732711791992,1.9073486328125e-06,2.384185791015625e-07
5256,0.0038118362426757812,1.9073486328125e-06,2.384185791015625e-07
5257,0.007897377014160156,1.9073486328125e-06,2.384185791015625e-07
5258,0.007317304611206055,1.9073486328125e-06,2.384185791015625e-07
5259,0.004248380661010742,1.6689300537109375e-06,2.384185791015625e-07
5260,0.005247354507446289,1.6689300537109375e-06,4.76837158203125e-07
5261,0.008046865463256836,1.6689300537109375e-06,2.384185791015625e-07
5262,0.007805824279785156,1.6689300537109375e-06,4.76837158203125e-07
5263,0.006422519683837891,1.6689300537109375e-06,2.384185791015625e-07
5264,0.009207963943481445,1.6689300537109375e-06,2.384185791015625e-07
5265,0.008797168731689453,1.9073486328125e-06,2.384185791015625e-07
5266,0.009083747863769531,1.9073486328125e-06,2.384185791015625e-07
5267,0.006561994552612305,1.6689300537109375e-06,2.384185791015625e-07
5268,0.007724761962890625,1.9073486328125e-06,2.384185791015625e-07
5269,0.009857892990112305,2.1457672119140625e-06,4.76837158203125e-07
5270,0.00890493392944336,2.1457672119140625e-06,2.384185791015625e-07
5271,0.009599685668945312,1.9073486328125e-06,7.152557373046875e-07
5272,0.008535623550415039,1.9073486328125e-06,4.76837158203125e-07
5273,0.0069119930267333984,1.9073486328125e-06,4.76837158203125e-07
5274,0.007028341293334961,1.9073486328125e-06,4.76837158203125e-07
5275,0.007941007614135742,1.6689300537109375e-06,2.384185791015625e-07
5276,0.007894277572631836,1.6689300537109375e-06,4.76837158203125e-07
5277,0.0050313472747802734,1.6689300537109375e-06,2.384185791015625e-07
5278,0.010401725769042969,1.6689300537109375e-06,2.384185791015625e-07
5279,0.005650520324707031,1.6689300537109375e-06,2.384185791015625e-07
5280,0.0074384212493896484,1.6689300537109375e-06,2.384185791015625e-07
5281,0.011568784713745117,1.6689300537109375e-06,4.76837158203125e-07
5282,0.0078582763671875,1.9073486328125e-06,2.384185791015625e-07
5283,0.009636640548706055,1.6689300537109375e-06,2.384185791015625e-07
5284,0.011581182479858398,1.6689300537109375e-06,4.76837158203125e-07
5285,0.009057998657226562,1.6689300537109375e-06,2.384185791015625e-07
5286,0.007025003433227539,1.6689300537109375e-06,4.76837158203125e-07
5287,0.00546574592590332,1.9073486328125e-06,2.384185791015625e-07
5288,0.008367061614990234,1.9073486328125e-06,4.76837158203125e-07
5289,0.008288145065307617,1.9073486328125e-06,2.384185791015625e-07
5290,0.008208513259887695,2.1457672119140625e-06,2.384185791015625e-07
5291,0.0048830509185791016,1.6689300537109375e-06,2.384185791015625e-07
5292,0.0058994293212890625,1.9073486328125e-06,2.384185791015625e-07
5293,0.009481430053710938,2.1457672119140625e-06,2.384185791015625e-07
5294,0.007380247116088867,1.9073486328125e-06,2.384185791015625e-07
5295,0.007214546203613281,1.9073486328125e-06,4.76837158203125e-07
5296,0.009767770767211914,1.9073486328125e-06,2.384185791015625e-07
5297,0.008474349975585938,1.9073486328125e-06,2.384185791015625e-07
5298,0.0050008296966552734,1.6689300537109375e-06,2.384185791015625e-07
5299,0.00693202018737793,1.6689300537109375e-06,2.384185791015625e-07
5300,0.007701873779296875,1.6689300537109375e-06,2.384185791015625e-07
5301,0.0036773681640625,1.6689300537109375e-06,2.384185791015625e-07
5302,0.006227731704711914,1.9073486328125e-06,2.384185791015625e-07
5303,0.008447885513305664,1.9073486328125e-06,2.384185791015625e-07
5304,0.0043904781341552734,1.9073486328125e-06,4.76837158203125e-07
5305,0.008240699768066406,1.6689300537109375e-06,2.384185791015625e-07
5306,0.006056070327758789,2.1457672119140625e-06,2.384185791015625e-07
5307,0.0051157474517822266,1.6689300537109375e-06,2.384185791015625e-07
5308,0.0057790279388427734,1.9073486328125e-06,2.384185791015625e-07
5309,0.007097482681274414,1.9073486328125e-06,2.384185791015625e-07
5310,0.009108781814575195,2.1457672119140625e-06,2.384185791015625e-07
5311,0.006023406982421875,1.9073486328125e-06,4.76837158203125e-07
5312,0.006882905960083008,2.1457672119140625e-06,2.384185791015625e-07
5313,0.004937648773193359,1.9073486328125e-06,7.152557373046875e-07
5314,0.005377531051635742,1.9073486328125e-06,2.384185791015625e-07
5315,0.006668806076049805,1.9073486328125e-06,2.384185791015625e-07
5316,0.0054547786712646484,1.6689300537109375e-06,2.384185791015625e-07
5317,0.00875091552734375,1.6689300537109375e-06,2.384185791015625e-07
5318,0.008363962173461914,1.9073486328125e-06,7.152557373046875e-07
5319,0.004723787307739258,1.430511474609375e-06,2.384185791015625e-07
5320,0.007421016693115234,1.6689300537109375e-06,2.384185791015625e-07
5321,0.006863117218017578,1.6689300537109375e-06,2.384185791015625e-07
5322,0.006692647933959961,1.6689300537109375e-06,4.76837158203125e-07
5323,0.0075588226318359375,1.6689300537109375e-06,2.384185791015625e-07
5324,0.006554126739501953,1.6689300537109375e-06,4.76837158203125e-07
5325,0.0048863887786865234,1.6689300537109375e-06,2.384185791015625e-07
5326,0.009769916534423828,1.6689300537109375e-06,2.384185791015625e-07
5327,0.0035266876220703125,1.6689300537109375e-06,2.384185791015625e-07
5328,0.005686521530151367,1.9073486328125e-06,2.384185791015625e-07
5329,0.008603334426879883,1.6689300537109375e-06,2.384185791015625e-07
5330,0.009176492691040039,1.6689300537109375e-06,2.384185791015625e-07
5331,0.011194705963134766,1.9073486328125e-06,7.152557373046875e-07
5332,0.009046077728271484,1.6689300537109375e-06,4.76837158203125e-07
5333,0.00902247428894043,1.9073486328125e-06,2.384185791015625e-07
5334,0.010020017623901367,1.6689300537109375e-06,4.76837158203125e-07
5335,0.00531768798828125,1.9073486328125e-06,2.384185791015625e-07
5336,0.007877588272094727,1.9073486328125e-06,7.152557373046875e-07
5337,0.0065114498138427734,1.9073486328125e-06,2.384185791015625e-07
5338,0.007811069488525391,1.9073486328125e-06,2.384185791015625e-07
5339,0.008263349533081055,2.1457672119140625e-06,2.384185791015625e-07
5340,0.006777763366699219,2.1457672119140625e-06,2.384185791015625e-07
5341,0.0070247650146484375,1.9073486328125e-06,4.76837158203125e-07
5342,0.009607553482055664,1.9073486328125e-06,2.384185791015625e-07
5343,0.0053253173828125,1.9073486328125e-06,2.384185791015625e-07
5344,0.0067403316497802734,1.6689300537109375e-06,2.384185791015625e-07
5345,0.007459402084350586,1.9073486328125e-06,2.384185791015625e-07
5346,0.008402347564697266,1.6689300537109375e-06,2.384185791015625e-07
5347,0.00792241096496582,1.6689300537109375e-06,2.384185791015625e-07
5348,0.004842281341552734,1.6689300537109375e-06,2.384185791015625e-07
5349,0.007907629013061523,1.6689300537109375e-06,2.384185791015625e-07
5350,0.0059087276458740234,1.9073486328125e-06,4.76837158203125e-07
5351,0.004942893981933594,1.9073486328125e-06,4.76837158203125e-07
5352,0.035840749740600586,1.9073486328125e-06,2.384185791015625e-07
5353,0.01222538948059082,1.9073486328125e-06,2.384185791015625e-07
5354,0.004241228103637695,2.1457672119140625e-06,4.76837158203125e-07
5355,0.01082301139831543,1.6689300537109375e-06,4.76837158203125e-07
5356,0.0072133541107177734,1.9073486328125e-06,2.384185791015625e-07
5357,0.005503177642822266,2.384185791015625e-06,2.384185791015625e-07
5358,0.009018659591674805,1.9073486328125e-06,2.384185791015625e-07
5359,0.008737325668334961,1.9073486328125e-06,2.384185791015625e-07
5360,0.009613275527954102,1.9073486328125e-06,2.384185791015625e-07
5361,0.009270191192626953,1.6689300537109375e-06,2.384185791015625e-07
5362,0.002985239028930664,1.9073486328125e-06,4.76837158203125e-07
5363,0.006140947341918945,1.6689300537109375e-06,2.384185791015625e-07
5364,0.006870746612548828,1.6689300537109375e-06,2.384185791015625e-07
5365,0.006888628005981445,1.6689300537109375e-06,2.384185791015625e-07
5366,0.009395599365234375,1.9073486328125e-06,2.384185791015625e-07
5367,0.01058053970336914,1.6689300537109375e-06,4.76837158203125e-07
5368,0.0054132938385009766,1.6689300537109375e-06,2.384185791015625e-07
5369,0.007833480834960938,1.9073486328125e-06,2.384185791015625e-07
5370,0.00629115104675293,1.9073486328125e-06,2.384185791015625e-07
5371,0.009241819381713867,1.9073486328125e-06,2.384185791015625e-07
5372,0.0069386959075927734,2.1457672119140625e-06,2.384185791015625e-07
5373,0.013955354690551758,2.1457672119140625e-06,2.384185791015625e-07
5374,0.007472991943359375,2.1457672119140625e-06,2.384185791015625e-07
5375,0.004685163497924805,2.1457672119140625e-06,4.76837158203125e-07
5376,0.0070896148681640625,2.1457672119140625e-06,2.384185791015625e-07
5377,0.007719516754150391,2.1457672119140625e-06,4.76837158203125e-07
5378,0.006441593170166016,2.1457672119140625e-06,2.384185791015625e-07
5379,0.004548072814941406,1.9073486328125e-06,4.76837158203125e-07
5380,0.006434917449951172,1.6689300537109375e-06,4.76837158203125e-07
5381,0.010374307632446289,1.9073486328125e-06,2.384185791015625e-07
5382,0.008959531784057617,1.9073486328125e-06,2.384185791015625e-07
5383,0.008260488510131836,1.6689300537109375e-06,2.384185791015625e-07
5384,0.007436990737915039,1.6689300537109375e-06,4.76837158203125e-07
5385,0.008000373840332031,1.9073486328125e-06,2.384185791015625e-07
5386,0.006611347198486328,1.9073486328125e-06,2.384185791015625e-07
5387,0.0072324275970458984,1.9073486328125e-06,2.384185791015625e-07
5388,0.0035543441772460938,1.9073486328125e-06,4.76837158203125e-07
5389,0.005571603775024414,1.6689300537109375e-06,4.76837158203125e-07
5390,0.006329059600830078,1.6689300537109375e-06,4.76837158203125e-07
5391,0.00426793098449707,1.6689300537109375e-06,2.384185791015625e-07
5392,0.004548549652099609,1.6689300537109375e-06,2.384185791015625e-07
5393,0.007595062255859375,1.6689300537109375e-06,2.384185791015625e-07
5394,0.010678768157958984,1.6689300537109375e-06,2.384185791015625e-07
5395,0.005554676055908203,1.6689300537109375e-06,4.76837158203125e-07
5396,0.010713815689086914,1.6689300537109375e-06,2.384185791015625e-07
5397,0.009220361709594727,1.6689300537109375e-06,2.384185791015625e-07
5398,0.0053026676177978516,2.1457672119140625e-06,2.384185791015625e-07
5399,0.009862422943115234,1.430511474609375e-06,4.76837158203125e-07
5400,0.010200262069702148,1.9073486328125e-06,4.76837158203125e-07
5401,0.006882667541503906,1.6689300537109375e-06,2.384185791015625e-07
5402,0.005938529968261719,1.9073486328125e-06,2.384185791015625e-07
5403,0.009062051773071289,1.6689300537109375e-06,2.384185791015625e-07
5404,0.004251003265380859,1.6689300537109375e-06,2.384185791015625e-07
5405,0.008407115936279297,1.6689300537109375e-06,2.384185791015625e-07
5406,0.00622868537902832,1.6689300537109375e-06,2.384185791015625e-07
5407,0.005408287048339844,1.6689300537109375e-06,4.76837158203125e-07
5408,0.008782386779785156,1.6689300537109375e-06,4.76837158203125e-07
5409,0.007891416549682617,1.6689300537109375e-06,2.384185791015625e-07
5410,0.009458065032958984,1.9073486328125e-06,2.384185791015625e-07
5411,0.003519773483276367,1.6689300537109375e-06,2.384185791015625e-07
5412,0.009588479995727539,1.6689300537109375e-06,2.384185791015625e-07
5413,0.006343841552734375,1.9073486328125e-06,2.384185791015625e-07
5414,0.005396842956542969,1.9073486328125e-06,4.76837158203125e-07
5415,0.0070536136627197266,1.9073486328125e-06,2.384185791015625e-07
5416,0.010843992233276367,1.9073486328125e-06,2.384185791015625e-07
5417,0.008240699768066406,1.9073486328125e-06,2.384185791015625e-07
5418,0.009335041046142578,1.9073486328125e-06,2.384185791015625e-07
5419,0.004633903503417969,1.6689300537109375e-06,2.384185791015625e-07
5420,0.009808778762817383,1.9073486328125e-06,2.384185791015625e-07
5421,0.007291316986083984,1.6689300537109375e-06,2.384185791015625e-07
5422,0.0052716732025146484,1.9073486328125e-06,2.384185791015625e-07
5423,0.004564762115478516,1.6689300537109375e-06,4.76837158203125e-07
5424,0.005742788314819336,1.6689300537109375e-06,4.76837158203125e-07
5425,0.007287263870239258,1.6689300537109375e-06,2.384185791015625e-07
5426,0.005660057067871094,1.9073486328125e-06,2.384185791015625e-07
5427,0.008852958679199219,1.9073486328125e-06,2.384185791015625e-07
5428,0.008911848068237305,1.9073486328125e-06,4.76837158203125e-07
5429,0.009638786315917969,1.9073486328125e-06,2.384185791015625e-07
5430,0.008527040481567383,2.1457672119140625e-06,2.384185791015625e-07
5431,0.004542350769042969,1.6689300537109375e-06,4.76837158203125e-07
5432,0.009490489959716797,1.6689300537109375e-06,2.384185791015625e-07
5433,0.004996776580810547,2.1457672119140625e-06,2.384185791015625e-07
5434,0.010294675827026367,1.9073486328125e-06,2.384185791015625e-07
5435,0.009406566619873047,2.1457672119140625e-06,4.76837158203125e-07
5436,0.00898289680480957,2.1457672119140625e-06,2.384185791015625e-07
5437,0.007436037063598633,2.1457672119140625e-06,4.76837158203125e-07
5438,0.008044004440307617,1.9073486328125e-06,2.384185791015625e-07
5439,0.0070230960845947266,1.430511474609375e-06,4.76837158203125e-07
5440,0.008680343627929688,1.6689300537109375e-06,4.76837158203125e-07
5441,0.0057125091552734375,1.6689300537109375e-06,4.76837158203125e-07
5442,0.00508427619934082,1.6689300537109375e-06,2.384185791015625e-07
5443,0.006442546844482422,2.1457672119140625e-06,4.76837158203125e-07
5444,0.00860285758972168,1.6689300537109375e-06,2.384185791015625e-07
5445,0.007944107055664062,1.6689300537109375e-06,2.384185791015625e-07
5446,0.006706953048706055,1.6689300537109375e-06,2.384185791015625e-07
5447,0.004594087600708008,1.6689300537109375e-06,2.384185791015625e-07
5448,0.0055577754974365234,1.6689300537109375e-06,2.384185791015625e-07
5449,0.005672454833984375,1.6689300537109375e-06,2.384185791015625e-07
5450,0.004485607147216797,1.6689300537109375e-06,4.76837158203125e-07
5451,0.003994941711425781,1.6689300537109375e-06,4.76837158203125e-07
5452,0.006530284881591797,1.6689300537109375e-06,2.384185791015625e-07
5453,0.010613203048706055,1.9073486328125e-06,2.384185791015625e-07
5454,0.006849050521850586,1.9073486328125e-06,2.384185791015625e-07
5455,0.008162260055541992,1.9073486328125e-06,2.384185791015625e-07
5456,0.007615804672241211,1.9073486328125e-06,2.384185791015625e-07
5457,0.010776042938232422,1.6689300537109375e-06,2.384185791015625e-07
5458,0.00929713249206543,1.6689300537109375e-06,2.384185791015625e-07
5459,0.008446931838989258,1.9073486328125e-06,2.384185791015625e-07
5460,0.009711027145385742,1.6689300537109375e-06,2.384185791015625e-07
5461,0.006387233734130859,1.9073486328125e-06,2.384185791015625e-07
5462,0.008374929428100586,1.6689300537109375e-06,2.384185791015625e-07
5463,0.010634660720825195,1.6689300537109375e-06,4.76837158203125e-07
5464,0.009449005126953125,1.6689300537109375e-06,7.152557373046875e-07
5465,0.008331537246704102,1.6689300537109375e-06,4.76837158203125e-07
5466,0.011123418807983398,1.6689300537109375e-06,4.76837158203125e-07
5467,0.009279966354370117,1.6689300537109375e-06,2.384185791015625e-07
5468,0.009318113327026367,1.9073486328125e-06,2.384185791015625e-07
5469,0.008750438690185547,1.9073486328125e-06,2.384185791015625e-07
5470,0.005471467971801758,1.9073486328125e-06,4.76837158203125e-07
5471,0.007277250289916992,1.6689300537109375e-06,2.384185791015625e-07
5472,0.004431486129760742,1.6689300537109375e-06,2.384185791015625e-07
5473,0.005833864212036133,1.6689300537109375e-06,2.384185791015625e-07
5474,0.0041065216064453125,1.6689300537109375e-06,2.384185791015625e-07
5475,0.006661176681518555,1.9073486328125e-06,4.76837158203125e-07
5476,0.005527019500732422,1.6689300537109375e-06,2.384185791015625e-07
5477,0.009482383728027344,1.6689300537109375e-06,2.384185791015625e-07
5478,0.007337093353271484,1.6689300537109375e-06,4.76837158203125e-07
5479,0.010207414627075195,1.6689300537109375e-06,2.384185791015625e-07
5480,0.009340286254882812,1.9073486328125e-06,2.384185791015625e-07
5481,0.008589982986450195,1.6689300537109375e-06,2.384185791015625e-07
5482,0.006896257400512695,1.6689300537109375e-06,2.384185791015625e-07
5483,0.010461091995239258,1.9073486328125e-06,2.384185791015625e-07
5484,0.005099773406982422,1.9073486328125e-06,2.384185791015625e-07
5485,0.008496522903442383,1.6689300537109375e-06,2.384185791015625e-07
5486,0.006788015365600586,1.6689300537109375e-06,4.76837158203125e-07
5487,0.007858514785766602,1.6689300537109375e-06,2.384185791015625e-07
5488,0.005997657775878906,1.6689300537109375e-06,2.384185791015625e-07
5489,0.007991790771484375,2.1457672119140625e-06,2.384185791015625e-07
5490,0.006285905838012695,1.9073486328125e-06,4.76837158203125e-07
5491,0.006277561187744141,1.9073486328125e-06,2.384185791015625e-07
5492,0.009768962860107422,1.9073486328125e-06,2.384185791015625e-07
5493,0.005803823471069336,1.9073486328125e-06,4.76837158203125e-07
5494,0.008618354797363281,1.9073486328125e-06,2.384185791015625e-07
5495,0.004321575164794922,2.1457672119140625e-06,2.384185791015625e-07
5496,0.00933384895324707,2.1457672119140625e-06,2.384185791015625e-07
5497,0.0050258636474609375,2.1457672119140625e-06,2.384185791015625e-07
5498,0.005532741546630859,1.9073486328125e-06,2.384185791015625e-07
5499,0.0031604766845703125,1.9073486328125e-06,4.76837158203125e-07
5500,0.0058171749114990234,2.1457672119140625e-06,4.76837158203125e-07
5501,0.008556127548217773,1.9073486328125e-06,2.384185791015625e-07
5502,0.0063173770904541016,2.1457672119140625e-06,2.384185791015625e-07
5503,0.004388093948364258,1.9073486328125e-06,2.384185791015625e-07
5504,0.00544428825378418,1.9073486328125e-06,2.384185791015625e-07
5505,0.009905338287353516,1.9073486328125e-06,2.384185791015625e-07
5506,0.011175394058227539,1.9073486328125e-06,2.384185791015625e-07
5507,0.00455164909362793,1.9073486328125e-06,2.384185791015625e-07
5508,0.01043701171875,1.9073486328125e-06,4.76837158203125e-07
5509,0.008304357528686523,1.9073486328125e-06,2.384185791015625e-07
5510,0.012412548065185547,2.1457672119140625e-06,4.76837158203125e-07
5511,0.010723590850830078,1.430511474609375e-06,2.384185791015625e-07
5512,0.008109092712402344,2.1457672119140625e-06,2.384185791015625e-07
5513,0.008947372436523438,1.6689300537109375e-06,2.384185791015625e-07
5514,0.004091501235961914,1.6689300537109375e-06,2.384185791015625e-07
5515,0.0080718994140625,1.9073486328125e-06,2.384185791015625e-07
5516,0.004824161529541016,1.6689300537109375e-06,2.384185791015625e-07
5517,0.005275726318359375,1.6689300537109375e-06,4.76837158203125e-07
5518,0.004569530487060547,1.6689300537109375e-06,2.384185791015625e-07
5519,0.009309768676757812,1.430511474609375e-06,4.76837158203125e-07
5520,0.009105443954467773,1.6689300537109375e-06,2.384185791015625e-07
5521,0.010762691497802734,1.9073486328125e-06,2.384185791015625e-07
5522,0.010135173797607422,1.430511474609375e-06,2.384185791015625e-07
5523,0.007949352264404297,1.6689300537109375e-06,2.384185791015625e-07
5524,0.009368419647216797,1.9073486328125e-06,4.76837158203125e-07
5525,0.00771331787109375,1.9073486328125e-06,2.384185791015625e-07
5526,0.005390644073486328,1.9073486328125e-06,4.76837158203125e-07
5527,0.009554862976074219,1.6689300537109375e-06,2.384185791015625e-07
5528,0.004320383071899414,1.9073486328125e-06,2.384185791015625e-07
5529,0.005703449249267578,1.6689300537109375e-06,2.384185791015625e-07
5530,0.007160663604736328,1.6689300537109375e-06,2.384185791015625e-07
5531,0.005873441696166992,1.9073486328125e-06,7.152557373046875e-07
5532,0.010532617568969727,1.9073486328125e-06,4.76837158203125e-07
5533,0.008455038070678711,1.6689300537109375e-06,4.76837158203125e-07
5534,0.005394935607910156,1.6689300537109375e-06,2.384185791015625e-07
5535,0.004998207092285156,1.6689300537109375e-06,2.384185791015625e-07
5536,0.00979471206665039,1.6689300537109375e-06,2.384185791015625e-07
5537,0.00947260856628418,1.6689300537109375e-06,2.384185791015625e-07
5538,0.006383180618286133,2.1457672119140625e-06,2.384185791015625e-07
5539,0.0051271915435791016,1.6689300537109375e-06,2.384185791015625e-07
5540,0.003139972686767578,1.6689300537109375e-06,7.152557373046875e-07
5541,0.0069658756256103516,2.1457672119140625e-06,4.76837158203125e-07
5542,0.009528160095214844,2.1457672119140625e-06,4.76837158203125e-07
5543,0.007719755172729492,1.6689300537109375e-06,2.384185791015625e-07
5544,0.006917238235473633,1.6689300537109375e-06,2.384185791015625e-07
5545,0.009284257888793945,1.9073486328125e-06,7.152557373046875e-07
5546,0.007439851760864258,1.6689300537109375e-06,4.76837158203125e-07
5547,0.00778508186340332,1.430511474609375e-06,2.384185791015625e-07
5548,0.0048711299896240234,1.6689300537109375e-06,4.76837158203125e-07
5549,0.010197162628173828,1.6689300537109375e-06,4.76837158203125e-07
5550,0.009619474411010742,1.6689300537109375e-06,2.384185791015625e-07
5551,0.004319190979003906,1.6689300537109375e-06,2.384185791015625e-07
5552,0.011044979095458984,1.9073486328125e-06,2.384185791015625e-07
5553,0.005697011947631836,1.9073486328125e-06,4.76837158203125e-07
5554,0.00829935073852539,1.9073486328125e-06,7.152557373046875e-07
5555,0.009400129318237305,1.9073486328125e-06,4.76837158203125e-07
5556,0.012899398803710938,2.1457672119140625e-06,2.384185791015625e-07
5557,0.007971525192260742,1.9073486328125e-06,4.76837158203125e-07
5558,0.0055162906646728516,2.1457672119140625e-06,2.384185791015625e-07
5559,0.008073806762695312,1.9073486328125e-06,2.384185791015625e-07
5560,0.008183717727661133,1.9073486328125e-06,4.76837158203125e-07
5561,0.008167028427124023,1.9073486328125e-06,4.76837158203125e-07
5562,0.0067501068115234375,2.1457672119140625e-06,2.384185791015625e-07
5563,0.004486560821533203,1.9073486328125e-06,7.152557373046875e-07
5564,0.011477231979370117,2.1457672119140625e-06,2.384185791015625e-07
5565,0.006145954132080078,1.9073486328125e-06,2.384185791015625e-07
5566,0.0066301822662353516,2.1457672119140625e-06,2.384185791015625e-07
5567,0.009761571884155273,1.9073486328125e-06,4.76837158203125e-07
5568,0.008266925811767578,2.1457672119140625e-06,2.384185791015625e-07
5569,0.00930476188659668,1.9073486328125e-06,2.384185791015625e-07
5570,0.010533571243286133,1.9073486328125e-06,4.76837158203125e-07
5571,0.00893402099609375,2.1457672119140625e-06,2.384185791015625e-07
5572,0.007485151290893555,1.9073486328125e-06,2.384185791015625e-07
5573,0.005379438400268555,2.1457672119140625e-06,2.384185791015625e-07
5574,0.008108377456665039,2.1457672119140625e-06,2.384185791015625e-07
5575,0.006032466888427734,1.9073486328125e-06,4.76837158203125e-07
5576,0.010567665100097656,1.9073486328125e-06,4.76837158203125e-07
5577,0.007014274597167969,1.9073486328125e-06,2.384185791015625e-07
5578,0.011841297149658203,1.6689300537109375e-06,2.384185791015625e-07
5579,0.00958871841430664,1.9073486328125e-06,2.384185791015625e-07
5580,0.011865377426147461,2.1457672119140625e-06,2.384185791015625e-07
5581,0.008472919464111328,1.9073486328125e-06,2.384185791015625e-07
5582,0.010403633117675781,1.9073486328125e-06,4.76837158203125e-07
5583,0.009634017944335938,1.6689300537109375e-06,2.384185791015625e-07
5584,0.007672309875488281,1.6689300537109375e-06,2.384185791015625e-07
5585,0.005036115646362305,1.6689300537109375e-06,2.384185791015625e-07
5586,0.008372783660888672,1.6689300537109375e-06,2.384185791015625e-07
5587,0.0066509246826171875,1.6689300537109375e-06,2.384185791015625e-07
5588,0.0071392059326171875,2.1457672119140625e-06,2.384185791015625e-07
5589,0.006847381591796875,1.9073486328125e-06,2.384185791015625e-07
5590,0.007929563522338867,1.9073486328125e-06,2.384185791015625e-07
5591,0.007923364639282227,1.9073486328125e-06,2.384185791015625e-07
5592,0.006766080856323242,1.9073486328125e-06,2.384185791015625e-07
5593,0.004305601119995117,1.9073486328125e-06,2.384185791015625e-07
5594,0.012079000473022461,1.9073486328125e-06,2.384185791015625e-07
5595,0.005471944808959961,1.9073486328125e-06,4.76837158203125e-07
5596,0.008563756942749023,1.9073486328125e-06,4.76837158203125e-07
5597,0.00593256950378418,1.9073486328125e-06,2.384185791015625e-07
5598,0.004853725433349609,2.1457672119140625e-06,7.152557373046875e-07
5599,0.00620579719543457,2.1457672119140625e-06,2.384185791015625e-07
5600,0.00953984260559082,1.9073486328125e-06,2.384185791015625e-07
5601,0.007174491882324219,1.9073486328125e-06,4.76837158203125e-07
5602,0.009350299835205078,1.430511474609375e-06,2.384185791015625e-07
5603,0.00852513313293457,1.6689300537109375e-06,4.76837158203125e-07
5604,0.007088184356689453,1.9073486328125e-06,2.384185791015625e-07
5605,0.0047037601470947266,1.6689300537109375e-06,2.384185791015625e-07
5606,0.0033082962036132812,1.6689300537109375e-06,2.384185791015625e-07
5607,0.0027756690979003906,1.9073486328125e-06,7.152557373046875e-07
5608,0.003877401351928711,1.9073486328125e-06,4.76837158203125e-07
5609,0.002773761749267578,1.6689300537109375e-06,2.384185791015625e-07
5610,0.0048983097076416016,1.9073486328125e-06,2.384185791015625e-07
5611,0.005883216857910156,1.6689300537109375e-06,2.384185791015625e-07
5612,0.00307464599609375,1.6689300537109375e-06,4.76837158203125e-07
5613,0.004559755325317383,2.1457672119140625e-06,2.384185791015625e-07
5614,0.005085945129394531,1.6689300537109375e-06,2.384185791015625e-07
5615,0.004533052444458008,1.6689300537109375e-06,4.76837158203125e-07
5616,0.008952140808105469,1.6689300537109375e-06,7.152557373046875e-07
5617,0.005542755126953125,1.6689300537109375e-06,4.76837158203125e-07
5618,0.004735231399536133,1.6689300537109375e-06,2.384185791015625e-07
5619,0.008311748504638672,2.1457672119140625e-06,2.384185791015625e-07
5620,0.00499725341796875,1.9073486328125e-06,2.384185791015625e-07
5621,0.008462905883789062,2.1457672119140625e-06,7.152557373046875e-07
5622,0.010630607604980469,1.9073486328125e-06,2.384185791015625e-07
5623,0.006678342819213867,1.9073486328125e-06,2.384185791015625e-07
5624,0.0077648162841796875,1.9073486328125e-06,2.384185791015625e-07
5625,0.009340286254882812,1.9073486328125e-06,2.384185791015625e-07
5626,0.004784107208251953,1.9073486328125e-06,2.384185791015625e-07
5627,0.005368709564208984,1.9073486328125e-06,2.384185791015625e-07
5628,0.007986307144165039,1.9073486328125e-06,2.384185791015625e-07
5629,0.005324840545654297,2.1457672119140625e-06,2.384185791015625e-07
5630,0.007939815521240234,2.1457672119140625e-06,4.76837158203125e-07
5631,0.0062372684478759766,1.9073486328125e-06,4.76837158203125e-07
5632,0.004046201705932617,1.9073486328125e-06,4.76837158203125e-07
5633,0.00875544548034668,1.9073486328125e-06,2.384185791015625e-07
5634,0.00529026985168457,1.6689300537109375e-06,2.384185791015625e-07
5635,0.0076999664306640625,1.9073486328125e-06,2.384185791015625e-07
5636,0.004027605056762695,2.1457672119140625e-06,2.384185791015625e-07
5637,0.00729060173034668,1.6689300537109375e-06,2.384185791015625e-07
5638,0.0050733089447021484,2.1457672119140625e-06,2.384185791015625e-07
5639,0.0066106319427490234,1.9073486328125e-06,4.76837158203125e-07
5640,0.009128570556640625,1.6689300537109375e-06,2.384185791015625e-07
5641,0.010004520416259766,1.6689300537109375e-06,2.384185791015625e-07
5642,0.0050618648529052734,1.9073486328125e-06,2.384185791015625e-07
5643,0.0090789794921875,1.6689300537109375e-06,2.384185791015625e-07
5644,0.00702977180480957,1.6689300537109375e-06,4.76837158203125e-07
5645,0.00641632080078125,1.6689300537109375e-06,2.384185791015625e-07
5646,0.009712696075439453,1.6689300537109375e-06,4.76837158203125e-07
5647,0.007889032363891602,1.6689300537109375e-06,2.384185791015625e-07
5648,0.00701904296875,1.6689300537109375e-06,4.76837158203125e-07
5649,0.003195524215698242,1.6689300537109375e-06,2.384185791015625e-07
5650,0.0071833133697509766,2.1457672119140625e-06,2.384185791015625e-07
5651,0.007918596267700195,1.9073486328125e-06,4.76837158203125e-07
5652,0.004578113555908203,1.9073486328125e-06,4.76837158203125e-07
5653,0.005851030349731445,1.430511474609375e-06,4.76837158203125e-07
5654,0.006192684173583984,1.9073486328125e-06,2.384185791015625e-07
5655,0.0036025047302246094,2.1457672119140625e-06,2.384185791015625e-07
5656,0.007307291030883789,1.9073486328125e-06,2.384185791015625e-07
5657,0.007149934768676758,1.9073486328125e-06,2.384185791015625e-07
5658,0.008250713348388672,1.9073486328125e-06,2.384185791015625e-07
5659,0.007807731628417969,2.1457672119140625e-06,2.384185791015625e-07
5660,0.00433659553527832,1.9073486328125e-06,2.384185791015625e-07
5661,0.004800558090209961,2.1457672119140625e-06,2.384185791015625e-07
5662,0.00946497917175293,1.9073486328125e-06,4.76837158203125e-07
5663,0.008874893188476562,1.9073486328125e-06,2.384185791015625e-07
5664,0.008068323135375977,2.1457672119140625e-06,2.384185791015625e-07
5665,0.008324623107910156,1.9073486328125e-06,2.384185791015625e-07
5666,0.006416797637939453,1.6689300537109375e-06,2.384185791015625e-07
5667,0.006600141525268555,1.6689300537109375e-06,4.76837158203125e-07
5668,0.007559776306152344,1.6689300537109375e-06,2.384185791015625e-07
5669,0.004318714141845703,1.6689300537109375e-06,4.76837158203125e-07
5670,0.0071582794189453125,1.9073486328125e-06,4.76837158203125e-07
5671,0.008947372436523438,1.9073486328125e-06,2.384185791015625e-07
5672,0.005994558334350586,1.9073486328125e-06,4.76837158203125e-07
5673,0.00703883171081543,1.6689300537109375e-06,2.384185791015625e-07
5674,0.0038475990295410156,1.6689300537109375e-06,2.384185791015625e-07
5675,0.004471540451049805,1.9073486328125e-06,2.384185791015625e-07
5676,0.005023002624511719,1.9073486328125e-06,2.384185791015625e-07
5677,0.005893230438232422,1.430511474609375e-06,4.76837158203125e-07
5678,0.0071980953216552734,1.6689300537109375e-06,2.384185791015625e-07
5679,0.004065275192260742,1.6689300537109375e-06,4.76837158203125e-07
5680,0.005769252777099609,2.1457672119140625e-06,2.384185791015625e-07
5681,0.005102634429931641,1.9073486328125e-06,4.76837158203125e-07
5682,0.0032227039337158203,1.9073486328125e-06,2.384185791015625e-07
5683,0.0034072399139404297,2.1457672119140625e-06,2.384185791015625e-07
5684,0.007385730743408203,2.1457672119140625e-06,2.384185791015625e-07
5685,0.006061553955078125,1.9073486328125e-06,7.152557373046875e-07
5686,0.004780292510986328,1.9073486328125e-06,4.76837158203125e-07
5687,0.00475001335144043,1.9073486328125e-06,2.384185791015625e-07
5688,0.004046440124511719,2.1457672119140625e-06,2.384185791015625e-07
5689,0.0057675838470458984,1.9073486328125e-06,2.384185791015625e-07
5690,0.005155086517333984,2.384185791015625e-06,4.76837158203125e-07
5691,0.003527402877807617,1.9073486328125e-06,2.384185791015625e-07
5692,0.004700422286987305,1.9073486328125e-06,2.384185791015625e-07
5693,0.003841876983642578,1.9073486328125e-06,4.76837158203125e-07
5694,0.005186319351196289,1.9073486328125e-06,2.384185791015625e-07
5695,0.004446506500244141,1.430511474609375e-06,4.76837158203125e-07
5696,0.006410837173461914,1.6689300537109375e-06,2.384185791015625e-07
5697,0.002777099609375,1.6689300537109375e-06,2.384185791015625e-07
5698,0.0033452510833740234,2.1457672119140625e-06,2.384185791015625e-07
5699,0.0030639171600341797,2.1457672119140625e-06,4.76837158203125e-07
5700,0.003954648971557617,1.9073486328125e-06,2.384185791015625e-07
5701,0.005572795867919922,1.6689300537109375e-06,2.384185791015625e-07
5702,0.00747370719909668,1.9073486328125e-06,2.384185791015625e-07
5703,0.005385160446166992,1.9073486328125e-06,2.384185791015625e-07
5704,0.005584716796875,1.6689300537109375e-06,2.384185791015625e-07
5705,0.005602598190307617,1.9073486328125e-06,2.384185791015625e-07
5706,0.006843090057373047,1.9073486328125e-06,2.384185791015625e-07
5707,0.0069959163665771484,2.1457672119140625e-06,2.384185791015625e-07
5708,0.007570505142211914,1.9073486328125e-06,7.152557373046875e-07
5709,0.007268667221069336,2.1457672119140625e-06,4.76837158203125e-07
5710,0.006304502487182617,2.1457672119140625e-06,2.384185791015625e-07
5711,0.006826162338256836,1.6689300537109375e-06,4.76837158203125e-07
5712,0.008402585983276367,1.9073486328125e-06,4.76837158203125e-07
5713,0.006747722625732422,1.9073486328125e-06,7.152557373046875e-07
5714,0.009519815444946289,2.1457672119140625e-06,2.384185791015625e-07
5715,0.0054323673248291016,1.6689300537109375e-06,4.76837158203125e-07
5716,0.009881734848022461,1.6689300537109375e-06,2.384185791015625e-07
5717,0.006571769714355469,1.6689300537109375e-06,2.384185791015625e-07
5718,0.009970426559448242,1.9073486328125e-06,2.384185791015625e-07
5719,0.00975799560546875,1.6689300537109375e-06,2.384185791015625e-07
5720,0.007668733596801758,1.6689300537109375e-06,4.76837158203125e-07
5721,0.0074558258056640625,1.6689300537109375e-06,2.384185791015625e-07
5722,0.009356260299682617,1.9073486328125e-06,7.152557373046875e-07
5723,0.0070629119873046875,1.9073486328125e-06,2.384185791015625e-07
5724,0.005102396011352539,2.1457672119140625e-06,2.384185791015625e-07
5725,0.006141185760498047,1.9073486328125e-06,2.384185791015625e-07
5726,0.007407188415527344,2.1457672119140625e-06,2.384185791015625e-07
5727,0.005625724792480469,1.9073486328125e-06,2.384185791015625e-07
5728,0.006785154342651367,1.9073486328125e-06,2.384185791015625e-07
5729,0.004488229751586914,2.1457672119140625e-06,2.384185791015625e-07
5730,0.007964611053466797,1.9073486328125e-06,2.384185791015625e-07
5731,0.009502172470092773,2.1457672119140625e-06,4.76837158203125e-07
5732,0.008944511413574219,2.1457672119140625e-06,2.384185791015625e-07
5733,0.00736236572265625,1.9073486328125e-06,2.384185791015625e-07
5734,0.007677793502807617,1.9073486328125e-06,2.384185791015625e-07
5735,0.007221698760986328,1.9073486328125e-06,2.384185791015625e-07
5736,0.010193109512329102,1.9073486328125e-06,2.384185791015625e-07
5737,0.010757207870483398,1.9073486328125e-06,2.384185791015625e-07
5738,0.00767827033996582,2.1457672119140625e-06,2.384185791015625e-07
5739,0.0052051544189453125,1.9073486328125e-06,2.384185791015625e-07
5740,0.003924131393432617,2.1457672119140625e-06,2.384185791015625e-07
5741,0.00545048713684082,1.9073486328125e-06,2.384185791015625e-07
5742,0.004544734954833984,2.1457672119140625e-06,2.384185791015625e-07
5743,0.007114410400390625,1.9073486328125e-06,2.384185791015625e-07
5744,0.00700831413269043,2.1457672119140625e-06,4.76837158203125e-07
5745,0.0043239593505859375,2.1457672119140625e-06,2.384185791015625e-07
5746,0.006459474563598633,1.9073486328125e-06,2.384185791015625e-07
5747,0.006112098693847656,2.1457672119140625e-06,2.384185791015625e-07
5748,0.0072329044342041016,1.6689300537109375e-06,2.384185791015625e-07
5749,0.005606889724731445,1.6689300537109375e-06,4.76837158203125e-07
5750,0.006551504135131836,1.6689300537109375e-06,2.384185791015625e-07
5751,0.005354166030883789,1.6689300537109375e-06,2.384185791015625e-07
5752,0.0066716670989990234,1.6689300537109375e-06,2.384185791015625e-07
5753,0.008248567581176758,1.6689300537109375e-06,2.384185791015625e-07
5754,0.00708317756652832,1.9073486328125e-06,2.384185791015625e-07
5755,0.009936094284057617,1.6689300537109375e-06,2.384185791015625e-07
5756,0.006834745407104492,1.6689300537109375e-06,2.384185791015625e-07
5757,0.011733531951904297,1.6689300537109375e-06,2.384185791015625e-07
5758,0.008705377578735352,1.6689300537109375e-06,4.76837158203125e-07
5759,0.01099848747253418,1.6689300537109375e-06,2.384185791015625e-07
5760,0.007283210754394531,1.6689300537109375e-06,2.384185791015625e-07
5761,0.010362625122070312,1.6689300537109375e-06,4.76837158203125e-07
5762,0.0050678253173828125,2.1457672119140625e-06,2.384185791015625e-07
5763,0.007718801498413086,1.9073486328125e-06,0.0
5764,0.006752729415893555,1.6689300537109375e-06,4.76837158203125e-07
5765,0.008984804153442383,1.6689300537109375e-06,2.384185791015625e-07
5766,0.006108760833740234,1.9073486328125e-06,2.384185791015625e-07
5767,0.00794076919555664,2.1457672119140625e-06,2.384185791015625e-07
5768,0.009820699691772461,2.384185791015625e-06,4.76837158203125e-07
5769,0.007819175720214844,2.1457672119140625e-06,2.384185791015625e-07
5770,0.006604909896850586,1.6689300537109375e-06,2.384185791015625e-07
5771,0.006599903106689453,1.9073486328125e-06,2.384185791015625e-07
5772,0.0078105926513671875,2.1457672119140625e-06,4.76837158203125e-07
5773,0.006106376647949219,1.9073486328125e-06,4.76837158203125e-07
5774,0.006257534027099609,1.9073486328125e-06,2.384185791015625e-07
5775,0.006266593933105469,1.9073486328125e-06,2.384185791015625e-07
5776,0.006024599075317383,2.1457672119140625e-06,2.384185791015625e-07
5777,0.004962921142578125,1.9073486328125e-06,2.384185791015625e-07
5778,0.0060346126556396484,1.9073486328125e-06,2.384185791015625e-07
5779,0.006502628326416016,2.1457672119140625e-06,2.384185791015625e-07
5780,0.005372762680053711,1.9073486328125e-06,2.384185791015625e-07
5781,0.007898092269897461,1.9073486328125e-06,4.76837158203125e-07
5782,0.0047223567962646484,1.9073486328125e-06,2.384185791015625e-07
5783,0.007993221282958984,1.9073486328125e-06,2.384185791015625e-07
5784,0.004473686218261719,1.9073486328125e-06,2.384185791015625e-07
5785,0.005308628082275391,1.9073486328125e-06,2.384185791015625e-07
5786,0.004174709320068359,2.1457672119140625e-06,2.384185791015625e-07
5787,0.0073168277740478516,1.9073486328125e-06,2.384185791015625e-07
5788,0.0036666393280029297,2.1457672119140625e-06,2.384185791015625e-07
5789,0.0059697628021240234,2.1457672119140625e-06,2.384185791015625e-07
5790,0.008866071701049805,1.9073486328125e-06,7.152557373046875e-07
5791,0.008513689041137695,1.9073486328125e-06,2.384185791015625e-07
5792,0.0055162906646728516,1.6689300537109375e-06,2.384185791015625e-07
5793,0.006369590759277344,2.384185791015625e-06,4.76837158203125e-07
5794,0.006321430206298828,1.6689300537109375e-06,2.384185791015625e-07
5795,0.006560087203979492,1.6689300537109375e-06,2.384185791015625e-07
5796,0.009542465209960938,1.9073486328125e-06,2.384185791015625e-07
5797,0.0035626888275146484,1.9073486328125e-06,2.384185791015625e-07
5798,0.0068051815032958984,1.6689300537109375e-06,4.76837158203125e-07
5799,0.007226228713989258,2.1457672119140625e-06,4.76837158203125e-07
5800,0.004621267318725586,1.9073486328125e-06,4.76837158203125e-07
5801,0.0071811676025390625,1.9073486328125e-06,2.384185791015625e-07
5802,0.00469207763671875,1.9073486328125e-06,2.384185791015625e-07
5803,0.0036695003509521484,2.1457672119140625e-06,2.384185791015625e-07
5804,0.006880044937133789,1.9073486328125e-06,2.384185791015625e-07
5805,0.008162260055541992,1.9073486328125e-06,4.76837158203125e-07
5806,0.0052373409271240234,1.9073486328125e-06,2.384185791015625e-07
5807,0.007395744323730469,1.9073486328125e-06,2.384185791015625e-07
5808,0.007233381271362305,1.9073486328125e-06,2.384185791015625e-07
5809,0.007587432861328125,2.1457672119140625e-06,2.384185791015625e-07
5810,0.0044820308685302734,1.6689300537109375e-06,2.384185791015625e-07
5811,0.007665157318115234,1.6689300537109375e-06,2.384185791015625e-07
5812,0.007316112518310547,1.9073486328125e-06,2.384185791015625e-07
5813,0.006964445114135742,1.430511474609375e-06,2.384185791015625e-07
5814,0.0046710968017578125,1.6689300537109375e-06,2.384185791015625e-07
5815,0.0037038326263427734,1.6689300537109375e-06,2.384185791015625e-07
5816,0.008064031600952148,2.1457672119140625e-06,2.384185791015625e-07
5817,0.007475852966308594,1.9073486328125e-06,2.384185791015625e-07
5818,0.006134033203125,1.9073486328125e-06,2.384185791015625e-07
5819,0.004683017730712891,1.6689300537109375e-06,2.384185791015625e-07
5820,0.006096839904785156,1.6689300537109375e-06,4.76837158203125e-07
5821,0.006207704544067383,1.430511474609375e-06,4.76837158203125e-07
5822,0.007801055908203125,1.6689300537109375e-06,2.384185791015625e-07
5823,0.002464771270751953,1.6689300537109375e-06,2.384185791015625e-07
5824,0.003343820571899414,1.9073486328125e-06,2.384185791015625e-07
5825,0.004339456558227539,1.6689300537109375e-06,2.384185791015625e-07
5826,0.0037696361541748047,1.9073486328125e-06,2.384185791015625e-07
5827,0.004959821701049805,1.6689300537109375e-06,4.76837158203125e-07
5828,0.0045545101165771484,2.384185791015625e-06,4.76837158203125e-07
5829,0.006178140640258789,1.6689300537109375e-06,2.384185791015625e-07
5830,0.00584864616394043,2.384185791015625e-06,2.384185791015625e-07
5831,0.005648374557495117,1.6689300537109375e-06,2.384185791015625e-07
5832,0.004374027252197266,2.1457672119140625e-06,2.384185791015625e-07
5833,0.0054128170013427734,2.1457672119140625e-06,4.76837158203125e-07
5834,0.005346536636352539,1.9073486328125e-06,4.76837158203125e-07
5835,0.004033565521240234,1.9073486328125e-06,4.76837158203125e-07
5836,0.004828691482543945,1.9073486328125e-06,2.384185791015625e-07
5837,0.004242658615112305,1.9073486328125e-06,2.384185791015625e-07
5838,0.0029370784759521484,1.9073486328125e-06,2.384185791015625e-07
5839,0.0029625892639160156,1.9073486328125e-06,2.384185791015625e-07
5840,0.004387617111206055,1.9073486328125e-06,4.76837158203125e-07
5841,0.004281520843505859,2.1457672119140625e-06,4.76837158203125e-07
5842,0.0050601959228515625,1.9073486328125e-06,2.384185791015625e-07
5843,0.0029458999633789062,1.9073486328125e-06,2.384185791015625e-07
5844,0.0029985904693603516,1.9073486328125e-06,2.384185791015625e-07
5845,0.002855539321899414,2.1457672119140625e-06,2.384185791015625e-07
5846,0.005196809768676758,1.9073486328125e-06,4.76837158203125e-07
5847,0.004438638687133789,2.1457672119140625e-06,4.76837158203125e-07
5848,0.005934238433837891,1.6689300537109375e-06,2.384185791015625e-07
5849,0.004230022430419922,1.9073486328125e-06,2.384185791015625e-07
5850,0.0029778480529785156,2.1457672119140625e-06,2.384185791015625e-07
5851,0.004006624221801758,1.9073486328125e-06,4.76837158203125e-07
5852,0.00457763671875,1.9073486328125e-06,2.384185791015625e-07
5853,0.002822399139404297,1.6689300537109375e-06,2.384185791015625e-07
5854,0.0038568973541259766,1.6689300537109375e-06,2.384185791015625e-07
5855,0.0014429092407226562,1.6689300537109375e-06,2.384185791015625e-07
5856,0.003785848617553711,1.6689300537109375e-06,2.384185791015625e-07
5857,0.0041942596435546875,1.9073486328125e-06,4.76837158203125e-07
5858,0.004776954650878906,1.9073486328125e-06,2.384185791015625e-07
5859,0.003670215606689453,1.9073486328125e-06,2.384185791015625e-07
5860,0.003712177276611328,1.9073486328125e-06,2.384185791015625e-07
5861,0.0028650760650634766,2.1457672119140625e-06,2.384185791015625e-07
5862,0.003197193145751953,1.9073486328125e-06,2.384185791015625e-07
5863,0.005171298980712891,1.9073486328125e-06,2.384185791015625e-07
5864,0.005263090133666992,2.1457672119140625e-06,4.76837158203125e-07
5865,0.004480123519897461,1.9073486328125e-06,2.384185791015625e-07
5866,0.004155397415161133,2.1457672119140625e-06,4.76837158203125e-07
5867,0.002862215042114258,2.1457672119140625e-06,2.384185791015625e-07
5868,0.006917715072631836,1.9073486328125e-06,4.76837158203125e-07
5869,0.003294706344604492,1.6689300537109375e-06,4.76837158203125e-07
5870,0.0061299800872802734,1.6689300537109375e-06,4.76837158203125e-07
5871,0.005856752395629883,1.6689300537109375e-06,2.384185791015625e-07
5872,0.0051915645599365234,1.9073486328125e-06,4.76837158203125e-07
5873,0.002851247787475586,1.6689300537109375e-06,4.76837158203125e-07
5874,0.005572080612182617,1.6689300537109375e-06,2.384185791015625e-07
5875,0.00914144515991211,1.6689300537109375e-06,4.76837158203125e-07
5876,0.008796453475952148,1.6689300537109375e-06,2.384185791015625e-07
5877,0.00565338134765625,1.6689300537109375e-06,2.384185791015625e-07
5878,0.004390716552734375,1.6689300537109375e-06,4.76837158203125e-07
5879,0.005568742752075195,1.9073486328125e-06,2.384185791015625e-07
5880,0.006873369216918945,1.6689300537109375e-06,7.152557373046875e-07
5881,0.006074190139770508,1.9073486328125e-06,2.384185791015625e-07
5882,0.003146648406982422,1.9073486328125e-06,2.384185791015625e-07
5883,0.006650686264038086,1.9073486328125e-06,2.384185791015625e-07
5884,0.007998943328857422,1.9073486328125e-06,2.384185791015625e-07
5885,0.00850367546081543,2.1457672119140625e-06,2.384185791015625e-07
5886,0.006785869598388672,2.1457672119140625e-06,2.384185791015625e-07
5887,0.0058269500732421875,2.1457672119140625e-06,2.384185791015625e-07
5888,0.007793903350830078,2.1457672119140625e-06,2.384185791015625e-07
5889,0.008863210678100586,1.9073486328125e-06,2.384185791015625e-07
5890,0.005379915237426758,1.6689300537109375e-06,2.384185791015625e-07
5891,0.0033919811248779297,1.6689300537109375e-06,2.384185791015625e-07
5892,0.006430387496948242,1.6689300537109375e-06,2.384185791015625e-07
5893,0.004361629486083984,1.6689300537109375e-06,2.384185791015625e-07
5894,0.007802724838256836,1.6689300537109375e-06,4.76837158203125e-07
5895,0.006450176239013672,2.1457672119140625e-06,4.76837158203125e-07
5896,0.007235527038574219,2.1457672119140625e-06,2.384185791015625e-07
5897,0.006805419921875,1.6689300537109375e-06,2.384185791015625e-07
5898,0.007019996643066406,1.6689300537109375e-06,2.384185791015625e-07
5899,0.007924318313598633,1.6689300537109375e-06,2.384185791015625e-07
5900,0.0035653114318847656,1.9073486328125e-06,2.384185791015625e-07
5901,0.0038366317749023438,1.9073486328125e-06,2.384185791015625e-07
5902,0.004232883453369141,1.9073486328125e-06,4.76837158203125e-07
5903,0.0035686492919921875,1.6689300537109375e-06,2.384185791015625e-07
5904,0.0053021907806396484,1.6689300537109375e-06,2.384185791015625e-07
5905,0.005270719528198242,1.9073486328125e-06,2.384185791015625e-07
5906,0.0058863162994384766,1.9073486328125e-06,2.384185791015625e-07
5907,0.003366231918334961,2.1457672119140625e-06,2.384185791015625e-07
5908,0.00530242919921875,2.1457672119140625e-06,2.384185791015625e-07
5909,0.005965709686279297,1.6689300537109375e-06,2.384185791015625e-07
5910,0.007061481475830078,1.9073486328125e-06,7.152557373046875e-07
5911,0.004057645797729492,1.6689300537109375e-06,2.384185791015625e-07
5912,0.0024874210357666016,1.9073486328125e-06,4.76837158203125e-07
5913,0.005292654037475586,1.6689300537109375e-06,2.384185791015625e-07
5914,0.00417780876159668,1.9073486328125e-06,2.384185791015625e-07
5915,0.005846261978149414,1.9073486328125e-06,2.384185791015625e-07
5916,0.0037877559661865234,1.9073486328125e-06,4.76837158203125e-07
5917,0.004373788833618164,1.9073486328125e-06,2.384185791015625e-07
5918,0.0033326148986816406,1.9073486328125e-06,2.384185791015625e-07
5919,0.003258228302001953,1.9073486328125e-06,4.76837158203125e-07
5920,0.003119945526123047,1.6689300537109375e-06,2.384185791015625e-07
5921,0.00455164909362793,1.6689300537109375e-06,4.76837158203125e-07
5922,0.0044345855712890625,1.6689300537109375e-06,4.76837158203125e-07
5923,0.0031309127807617188,1.6689300537109375e-06,2.384185791015625e-07
5924,0.00345611572265625,1.6689300537109375e-06,7.152557373046875e-07
5925,0.004083156585693359,1.6689300537109375e-06,2.384185791015625e-07
5926,0.004992008209228516,1.6689300537109375e-06,4.76837158203125e-07
5927,0.007085561752319336,1.9073486328125e-06,2.384185791015625e-07
5928,0.0057926177978515625,1.6689300537109375e-06,2.384185791015625e-07
5929,0.004084110260009766,1.6689300537109375e-06,2.384185791015625e-07
5930,0.00644373893737793,1.9073486328125e-06,2.384185791015625e-07
5931,0.005256175994873047,1.8596649169921875e-05,2.384185791015625e-07
5932,0.0030753612518310547,2.1457672119140625e-06,2.384185791015625e-07
5933,0.00612330436706543,1.6689300537109375e-06,2.384185791015625e-07
5934,0.004156589508056641,1.6689300537109375e-06,2.384185791015625e-07
5935,0.0040242671966552734,2.1457672119140625e-06,2.384185791015625e-07
5936,0.001558542251586914,1.9073486328125e-06,2.384185791015625e-07
5937,0.003586292266845703,2.1457672119140625e-06,2.384185791015625e-07
5938,0.0038611888885498047,1.9073486328125e-06,2.384185791015625e-07
5939,0.005237102508544922,1.6689300537109375e-06,2.384185791015625e-07
5940,0.004982948303222656,1.6689300537109375e-06,4.76837158203125e-07
5941,0.004662752151489258,2.1457672119140625e-06,4.76837158203125e-07
5942,0.0026960372924804688,1.6689300537109375e-06,2.384185791015625e-07
5943,0.005240678787231445,1.9073486328125e-06,2.384185791015625e-07
5944,0.0039026737213134766,1.6689300537109375e-06,2.384185791015625e-07
5945,0.005743503570556641,1.6689300537109375e-06,2.384185791015625e-07
5946,0.003425121307373047,1.6689300537109375e-06,2.384185791015625e-07
5947,0.00298309326171875,1.9073486328125e-06,2.384185791015625e-07
5948,0.004450321197509766,1.6689300537109375e-06,2.384185791015625e-07
5949,0.005931854248046875,1.6689300537109375e-06,2.384185791015625e-07
5950,0.005696296691894531,1.6689300537109375e-06,2.384185791015625e-07
5951,0.0048065185546875,2.1457672119140625e-06,4.76837158203125e-07
5952,0.004345893859863281,1.6689300537109375e-06,2.384185791015625e-07
5953,0.006168365478515625,1.9073486328125e-06,2.384185791015625e-07
5954,0.004599571228027344,1.6689300537109375e-06,2.384185791015625e-07
5955,0.004216909408569336,1.6689300537109375e-06,4.76837158203125e-07
5956,0.004976511001586914,1.9073486328125e-06,2.384185791015625e-07
5957,0.005417823791503906,1.6689300537109375e-06,2.384185791015625e-07
5958,0.005920886993408203,1.6689300537109375e-06,2.384185791015625e-07
5959,0.005733489990234375,1.6689300537109375e-06,2.384185791015625e-07
5960,0.00599360466003418,1.6689300537109375e-06,4.76837158203125e-07
5961,0.007254600524902344,1.6689300537109375e-06,4.76837158203125e-07
5962,0.0037975311279296875,2.1457672119140625e-06,2.384185791015625e-07
5963,0.004528522491455078,1.9073486328125e-06,4.76837158203125e-07
5964,0.007767915725708008,1.9073486328125e-06,2.384185791015625e-07
5965,0.0053653717041015625,1.6689300537109375e-06,2.384185791015625e-07
5966,0.005243062973022461,1.9073486328125e-06,2.384185791015625e-07
5967,0.006127595901489258,1.9073486328125e-06,2.384185791015625e-07
5968,0.004355430603027344,2.1457672119140625e-06,2.384185791015625e-07
5969,0.002721548080444336,2.1457672119140625e-06,2.384185791015625e-07
5970,0.00798487663269043,1.9073486328125e-06,2.384185791015625e-07
5971,0.007333993911743164,2.1457672119140625e-06,2.384185791015625e-07
5972,0.009321928024291992,1.9073486328125e-06,4.76837158203125e-07
5973,0.007431745529174805,1.9073486328125e-06,2.384185791015625e-07
5974,0.004350423812866211,1.6689300537109375e-06,2.384185791015625e-07
5975,0.0061511993408203125,1.6689300537109375e-06,2.384185791015625e-07
5976,0.007193088531494141,1.9073486328125e-06,2.384185791015625e-07
5977,0.007788658142089844,1.6689300537109375e-06,7.152557373046875e-07
5978,0.008393526077270508,1.6689300537109375e-06,2.384185791015625e-07
5979,0.0029649734497070312,2.1457672119140625e-06,2.384185791015625e-07
5980,0.00786590576171875,1.6689300537109375e-06,2.384185791015625e-07
5981,0.0056116580963134766,1.6689300537109375e-06,4.76837158203125e-07
5982,0.007324695587158203,1.6689300537109375e-06,2.384185791015625e-07
5983,0.006854057312011719,1.9073486328125e-06,2.384185791015625e-07
5984,0.003953218460083008,1.6689300537109375e-06,2.384185791015625e-07
5985,0.0038983821868896484,1.430511474609375e-06,2.384185791015625e-07
5986,0.003432750701904297,1.9073486328125e-06,2.384185791015625e-07
5987,0.005610466003417969,1.9073486328125e-06,2.384185791015625e-07
5988,0.004477500915527344,1.6689300537109375e-06,4.76837158203125e-07
5989,0.0034499168395996094,1.6689300537109375e-06,4.76837158203125e-07
5990,0.002737283706665039,1.6689300537109375e-06,4.76837158203125e-07
5991,0.005222797393798828,1.9073486328125e-06,2.384185791015625e-07
5992,0.006421566009521484,1.6689300537109375e-06,2.384185791015625e-07
5993,0.0034983158111572266,1.6689300537109375e-06,4.76837158203125e-07
5994,0.0035200119018554688,1.6689300537109375e-06,2.384185791015625e-07
5995,0.00443577766418457,1.6689300537109375e-06,2.384185791015625e-07
5996,0.0054743289947509766,1.9073486328125e-06,2.384185791015625e-07
5997,0.0045452117919921875,1.9073486328125e-06,2.384185791015625e-07
5998,0.005004167556762695,2.384185791015625e-06,2.384185791015625e-07
5999,0.003278017044067383,1.9073486328125e-06,7.152557373046875e-07
6000,0.0037238597869873047,2.1457672119140625e-06,2.384185791015625e-07
6001,0.0028481483459472656,2.1457672119140625e-06,4.76837158203125e-07
6002,0.0024826526641845703,1.9073486328125e-06,2.384185791015625e-07
6003,0.004053354263305664,1.9073486328125e-06,4.76837158203125e-07
6004,0.005633831024169922,1.9073486328125e-06,2.384185791015625e-07
6005,0.0040283203125,2.1457672119140625e-06,2.384185791015625e-07
6006,0.00619196891784668,1.9073486328125e-06,2.384185791015625e-07
6007,0.003663778305053711,2.1457672119140625e-06,2.384185791015625e-07
6008,0.004660367965698242,1.9073486328125e-06,2.384185791015625e-07
6009,0.005044221878051758,2.1457672119140625e-06,2.384185791015625e-07
6010,0.002767324447631836,1.9073486328125e-06,4.76837158203125e-07
6011,0.0035333633422851562,1.9073486328125e-06,7.152557373046875e-07
6012,0.004509925842285156,1.6689300537109375e-06,2.384185791015625e-07
6013,0.00444793701171875,1.6689300537109375e-06,2.384185791015625e-07
6014,0.004502296447753906,1.9073486328125e-06,2.384185791015625e-07
6015,0.005510091781616211,1.6689300537109375e-06,2.384185791015625e-07
6016,0.0036516189575195312,1.6689300537109375e-06,2.384185791015625e-07
6017,0.005538225173950195,1.6689300537109375e-06,2.384185791015625e-07
6018,0.0016698837280273438,1.9073486328125e-06,2.384185791015625e-07
6019,0.004039287567138672,2.1457672119140625e-06,2.384185791015625e-07
6020,0.0029985904693603516,2.1457672119140625e-06,4.76837158203125e-07
6021,0.0034961700439453125,1.9073486328125e-06,2.384185791015625e-07
6022,0.005193948745727539,1.9073486328125e-06,2.384185791015625e-07
6023,0.004497051239013672,1.9073486328125e-06,2.384185791015625e-07
6024,0.0033311843872070312,2.1457672119140625e-06,2.384185791015625e-07
6025,0.002460002899169922,1.6689300537109375e-06,4.76837158203125e-07
6026,0.00590205192565918,1.9073486328125e-06,2.384185791015625e-07
6027,0.004296779632568359,1.6689300537109375e-06,4.76837158203125e-07
6028,0.004479169845581055,1.6689300537109375e-06,4.76837158203125e-07
6029,0.004144430160522461,1.6689300537109375e-06,4.76837158203125e-07
6030,0.004886150360107422,1.6689300537109375e-06,2.384185791015625e-07
6031,0.0037508010864257812,1.6689300537109375e-06,2.384185791015625e-07
6032,0.004683732986450195,1.6689300537109375e-06,2.384185791015625e-07
6033,0.004975557327270508,1.6689300537109375e-06,2.384185791015625e-07
6034,0.0028553009033203125,1.9073486328125e-06,2.384185791015625e-07
6035,0.004868745803833008,1.6689300537109375e-06,2.384185791015625e-07
6036,0.004227161407470703,1.6689300537109375e-06,2.384185791015625e-07
6037,0.0025482177734375,1.9073486328125e-06,2.384185791015625e-07
6038,0.004480838775634766,1.6689300537109375e-06,2.384185791015625e-07
6039,0.0054340362548828125,2.1457672119140625e-06,2.384185791015625e-07
6040,0.006116628646850586,1.6689300537109375e-06,2.384185791015625e-07
6041,0.005300998687744141,1.9073486328125e-06,4.76837158203125e-07
6042,0.0035185813903808594,1.6689300537109375e-06,2.384185791015625e-07
6043,0.0029692649841308594,1.9073486328125e-06,2.384185791015625e-07
6044,0.0049037933349609375,1.9073486328125e-06,2.384185791015625e-07
6045,0.0037763118743896484,1.9073486328125e-06,2.384185791015625e-07
6046,0.005190134048461914,1.6689300537109375e-06,4.76837158203125e-07
6047,0.0029540061950683594,1.9073486328125e-06,2.384185791015625e-07
6048,0.0027947425842285156,1.6689300537109375e-06,2.384185791015625e-07
6049,0.00397181510925293,1.6689300537109375e-06,2.384185791015625e-07
6050,0.004464387893676758,1.6689300537109375e-06,2.384185791015625e-07
6051,0.00470423698425293,1.6689300537109375e-06,2.384185791015625e-07
6052,0.0034677982330322266,1.6689300537109375e-06,4.76837158203125e-07
6053,0.005759000778198242,1.9073486328125e-06,2.384185791015625e-07
6054,0.00446319580078125,1.6689300537109375e-06,2.384185791015625e-07
6055,0.005846500396728516,1.6689300537109375e-06,2.384185791015625e-07
6056,0.0034208297729492188,1.9073486328125e-06,2.384185791015625e-07
6057,0.0034689903259277344,1.6689300537109375e-06,2.384185791015625e-07
6058,0.00473475456237793,1.9073486328125e-06,2.384185791015625e-07
6059,0.0036547183990478516,1.6689300537109375e-06,2.384185791015625e-07
6060,0.003146648406982422,1.9073486328125e-06,4.76837158203125e-07
6061,0.00400233268737793,1.6689300537109375e-06,2.384185791015625e-07
6062,0.003625631332397461,2.1457672119140625e-06,2.384185791015625e-07
6063,0.005330085754394531,2.1457672119140625e-06,4.76837158203125e-07
6064,0.0035903453826904297,1.430511474609375e-06,2.384185791015625e-07
6065,0.0035080909729003906,1.9073486328125e-06,2.384185791015625e-07
6066,0.0037047863006591797,1.9073486328125e-06,2.384185791015625e-07
6067,0.004527568817138672,2.1457672119140625e-06,2.384185791015625e-07
6068,0.005544185638427734,1.9073486328125e-06,2.384185791015625e-07
6069,0.0028638839721679688,1.9073486328125e-06,4.76837158203125e-07
6070,0.004797220230102539,1.9073486328125e-06,2.384185791015625e-07
6071,0.003437519073486328,2.1457672119140625e-06,2.384185791015625e-07
6072,0.003142118453979492,2.1457672119140625e-06,2.384185791015625e-07
6073,0.004804372787475586,1.9073486328125e-06,2.384185791015625e-07
6074,0.004618644714355469,1.9073486328125e-06,4.76837158203125e-07
6075,0.004744529724121094,1.6689300537109375e-06,4.76837158203125e-07
6076,0.005249738693237305,1.9073486328125e-06,4.76837158203125e-07
6077,0.006832599639892578,1.6689300537109375e-06,4.76837158203125e-07
6078,0.00461578369140625,1.6689300537109375e-06,2.384185791015625e-07
6079,0.005495786666870117,1.6689300537109375e-06,2.384185791015625e-07
6080,0.00420832633972168,1.6689300537109375e-06,2.384185791015625e-07
6081,0.007225513458251953,1.6689300537109375e-06,2.384185791015625e-07
6082,0.005152702331542969,1.430511474609375e-06,2.384185791015625e-07
6083,0.005249500274658203,2.1457672119140625e-06,2.384185791015625e-07
6084,0.002391338348388672,1.9073486328125e-06,4.76837158203125e-07
6085,0.004343271255493164,1.9073486328125e-06,2.384185791015625e-07
6086,0.00499415397644043,1.9073486328125e-06,2.384185791015625e-07
6087,0.005114555358886719,1.9073486328125e-06,2.384185791015625e-07
6088,0.0030138492584228516,2.1457672119140625e-06,2.384185791015625e-07
6089,0.0025489330291748047,2.1457672119140625e-06,2.384185791015625e-07
6090,0.004099130630493164,1.9073486328125e-06,4.76837158203125e-07
6091,0.004513978958129883,1.9073486328125e-06,4.76837158203125e-07
6092,0.005918741226196289,1.9073486328125e-06,2.384185791015625e-07
6093,0.004803895950317383,1.9073486328125e-06,2.384185791015625e-07
6094,0.004961490631103516,2.1457672119140625e-06,2.384185791015625e-07
6095,0.0033807754516601562,1.9073486328125e-06,2.384185791015625e-07
6096,0.0047380924224853516,1.9073486328125e-06,4.76837158203125e-07
6097,0.005615234375,1.6689300537109375e-06,2.384185791015625e-07
6098,0.003744363784790039,1.6689300537109375e-06,4.76837158203125e-07
6099,0.004656314849853516,1.6689300537109375e-06,2.384185791015625e-07
6100,0.0050661563873291016,1.6689300537109375e-06,2.384185791015625e-07
6101,0.004149675369262695,1.6689300537109375e-06,2.384185791015625e-07
6102,0.003035306930541992,1.6689300537109375e-06,2.384185791015625e-07
6103,0.0020046234130859375,1.6689300537109375e-06,2.384185791015625e-07
6104,0.0039958953857421875,1.9073486328125e-06,2.384185791015625e-07
6105,0.0038924217224121094,1.9073486328125e-06,2.384185791015625e-07
6106,0.005697965621948242,1.9073486328125e-06,2.384185791015625e-07
6107,0.004187583923339844,1.6689300537109375e-06,2.384185791015625e-07
6108,0.005165576934814453,2.1457672119140625e-06,7.152557373046875e-07
6109,0.0043489933013916016,1.9073486328125e-06,4.76837158203125e-07
6110,0.004216909408569336,1.6689300537109375e-06,2.384185791015625e-07
6111,0.0027103424072265625,1.9073486328125e-06,4.76837158203125e-07
6112,0.005017757415771484,1.9073486328125e-06,2.384185791015625e-07
6113,0.0034875869750976562,2.1457672119140625e-06,2.384185791015625e-07
6114,0.005321025848388672,1.9073486328125e-06,2.384185791015625e-07
6115,0.005044221878051758,1.9073486328125e-06,2.384185791015625e-07
6116,0.0037326812744140625,1.9073486328125e-06,2.384185791015625e-07
6117,0.004031181335449219,1.9073486328125e-06,4.76837158203125e-07
6118,0.0014965534210205078,1.9073486328125e-06,2.384185791015625e-07
6119,0.003114461898803711,1.9073486328125e-06,4.76837158203125e-07
6120,0.0034525394439697266,1.9073486328125e-06,2.384185791015625e-07
6121,0.0028769969940185547,2.1457672119140625e-06,2.384185791015625e-07
6122,0.003953456878662109,1.9073486328125e-06,2.384185791015625e-07
6123,0.003989458084106445,1.9073486328125e-06,4.76837158203125e-07
6124,0.003085613250732422,1.6689300537109375e-06,4.76837158203125e-07
6125,0.0033121109008789062,1.6689300537109375e-06,4.76837158203125e-07
6126,0.0035212039947509766,1.6689300537109375e-06,4.76837158203125e-07
6127,0.005270242691040039,1.6689300537109375e-06,2.384185791015625e-07
6128,0.003643035888671875,1.6689300537109375e-06,2.384185791015625e-07
6129,0.003098011016845703,1.9073486328125e-06,2.384185791015625e-07
6130,0.002251863479614258,1.9073486328125e-06,2.384185791015625e-07
6131,0.0034453868865966797,1.9073486328125e-06,2.384185791015625e-07
6132,0.0033485889434814453,1.6689300537109375e-06,4.76837158203125e-07
6133,0.002050638198852539,1.9073486328125e-06,4.76837158203125e-07
6134,0.0026302337646484375,1.6689300537109375e-06,2.384185791015625e-07
6135,0.002209901809692383,1.6689300537109375e-06,4.76837158203125e-07
6136,0.005469799041748047,1.6689300537109375e-06,2.384185791015625e-07
6137,0.004599332809448242,1.6689300537109375e-06,2.384185791015625e-07
6138,0.002405405044555664,1.6689300537109375e-06,4.76837158203125e-07
6139,0.0036563873291015625,1.6689300537109375e-06,7.152557373046875e-07
6140,0.0030536651611328125,1.9073486328125e-06,2.384185791015625e-07
6141,0.004544496536254883,2.1457672119140625e-06,2.384185791015625e-07
6142,0.0031325817108154297,1.9073486328125e-06,2.384185791015625e-07
6143,0.0019838809967041016,1.9073486328125e-06,2.384185791015625e-07
6144,0.0034296512603759766,2.1457672119140625e-06,2.384185791015625e-07
6145,0.004665374755859375,1.6689300537109375e-06,4.76837158203125e-07
6146,0.003983736038208008,1.6689300537109375e-06,2.384185791015625e-07
6147,0.001928091049194336,1.6689300537109375e-06,2.384185791015625e-07
6148,0.002637624740600586,1.9073486328125e-06,2.384185791015625e-07
6149,0.0037925243377685547,1.6689300537109375e-06,2.384185791015625e-07
6150,0.0048770904541015625,1.6689300537109375e-06,2.384185791015625e-07
6151,0.0034699440002441406,1.6689300537109375e-06,2.384185791015625e-07
6152,0.004041433334350586,1.6689300537109375e-06,4.76837158203125e-07
6153,0.004629373550415039,2.1457672119140625e-06,4.76837158203125e-07
6154,0.005660295486450195,2.1457672119140625e-06,2.384185791015625e-07
6155,0.0021851062774658203,1.6689300537109375e-06,2.384185791015625e-07
6156,0.003131866455078125,1.6689300537109375e-06,2.384185791015625e-07
6157,0.0050809383392333984,1.6689300537109375e-06,4.76837158203125e-07
6158,0.0034232139587402344,1.9073486328125e-06,4.76837158203125e-07
6159,0.004426002502441406,1.6689300537109375e-06,2.384185791015625e-07
6160,0.002225637435913086,1.9073486328125e-06,2.384185791015625e-07
6161,0.0048978328704833984,1.9073486328125e-06,4.76837158203125e-07
6162,0.0044269561767578125,1.9073486328125e-06,2.384185791015625e-07
6163,0.00434422492980957,1.9073486328125e-06,2.384185791015625e-07
6164,0.0032854080200195312,1.6689300537109375e-06,2.384185791015625e-07
6165,0.003583192825317383,1.9073486328125e-06,2.384185791015625e-07
6166,0.0038688182830810547,2.1457672119140625e-06,2.384185791015625e-07
6167,0.00463414192199707,1.9073486328125e-06,4.76837158203125e-07
6168,0.0021524429321289062,1.9073486328125e-06,4.76837158203125e-07
6169,0.0031321048736572266,2.1457672119140625e-06,4.76837158203125e-07
6170,0.004737377166748047,2.1457672119140625e-06,4.76837158203125e-07
6171,0.002752065658569336,1.9073486328125e-06,4.76837158203125e-07
6172,0.00392913818359375,1.9073486328125e-06,2.384185791015625e-07
6173,0.0031914710998535156,1.9073486328125e-06,4.76837158203125e-07
6174,0.004698991775512695,1.9073486328125e-06,2.384185791015625e-07
6175,0.0037817955017089844,1.430511474609375e-06,2.384185791015625e-07
6176,0.005537509918212891,1.6689300537109375e-06,2.384185791015625e-07
6177,0.004881381988525391,1.9073486328125e-06,2.384185791015625e-07
6178,0.00505518913269043,1.9073486328125e-06,2.384185791015625e-07
6179,0.0040476322174072266,2.1457672119140625e-06,4.76837158203125e-07
6180,0.004000663757324219,2.1457672119140625e-06,7.152557373046875e-07
6181,0.003545522689819336,1.6689300537109375e-06,2.384185791015625e-07
6182,0.0033049583435058594,2.1457672119140625e-06,2.384185791015625e-07
6183,0.003396272659301758,1.6689300537109375e-06,2.384185791015625e-07
6184,0.0037086009979248047,2.1457672119140625e-06,2.384185791015625e-07
6185,0.003933429718017578,1.9073486328125e-06,2.384185791015625e-07
6186,0.004149436950683594,1.9073486328125e-06,2.384185791015625e-07
6187,0.0030062198638916016,2.1457672119140625e-06,2.384185791015625e-07
6188,0.0032761096954345703,2.1457672119140625e-06,2.384185791015625e-07
6189,0.005174398422241211,1.6689300537109375e-06,4.76837158203125e-07
6190,0.0033457279205322266,1.6689300537109375e-06,2.384185791015625e-07
6191,0.0025773048400878906,1.6689300537109375e-06,4.76837158203125e-07
6192,0.005036592483520508,1.6689300537109375e-06,2.384185791015625e-07
6193,0.005498170852661133,1.6689300537109375e-06,2.384185791015625e-07
6194,0.003154754638671875,2.1457672119140625e-06,4.76837158203125e-07
6195,0.0030364990234375,1.6689300537109375e-06,4.76837158203125e-07
6196,0.00525355339050293,1.6689300537109375e-06,4.76837158203125e-07
6197,0.0039844512939453125,2.1457672119140625e-06,2.384185791015625e-07
6198,0.003680706024169922,2.1457672119140625e-06,2.384185791015625e-07
6199,0.003011465072631836,2.1457672119140625e-06,2.384185791015625e-07
6200,0.004758358001708984,1.9073486328125e-06,2.384185791015625e-07
6201,0.0037012100219726562,1.9073486328125e-06,2.384185791015625e-07
6202,0.005780220031738281,1.9073486328125e-06,2.384185791015625e-07
6203,0.00467991828918457,1.9073486328125e-06,2.384185791015625e-07
6204,0.0029993057250976562,1.9073486328125e-06,2.384185791015625e-07
6205,0.004014492034912109,2.1457672119140625e-06,2.384185791015625e-07
6206,0.005006074905395508,2.1457672119140625e-06,2.384185791015625e-07
6207,0.0051310062408447266,2.384185791015625e-06,2.384185791015625e-07
6208,0.005186796188354492,1.9073486328125e-06,2.384185791015625e-07
6209,0.0051059722900390625,2.1457672119140625e-06,2.384185791015625e-07
6210,0.005259990692138672,1.9073486328125e-06,4.76837158203125e-07
6211,0.004869937896728516,1.9073486328125e-06,2.384185791015625e-07
6212,0.003170490264892578,2.1457672119140625e-06,4.76837158203125e-07
6213,0.0048825740814208984,2.384185791015625e-06,2.384185791015625e-07
6214,0.006138324737548828,1.9073486328125e-06,2.384185791015625e-07
6215,0.005200862884521484,1.9073486328125e-06,2.384185791015625e-07
6216,0.005589723587036133,1.9073486328125e-06,4.76837158203125e-07
6217,0.0031425952911376953,1.9073486328125e-06,4.76837158203125e-07
6218,0.0056340694427490234,2.1457672119140625e-06,4.76837158203125e-07
6219,0.004400491714477539,1.9073486328125e-06,4.76837158203125e-07
6220,0.002805471420288086,1.9073486328125e-06,2.384185791015625e-07
6221,0.003445148468017578,1.9073486328125e-06,2.384185791015625e-07
6222,0.005923748016357422,2.1457672119140625e-06,2.384185791015625e-07
6223,0.0030035972595214844,1.9073486328125e-06,2.384185791015625e-07
6224,0.0026340484619140625,1.9073486328125e-06,2.384185791015625e-07
6225,0.005128145217895508,1.9073486328125e-06,7.152557373046875e-07
6226,0.002719879150390625,1.9073486328125e-06,4.76837158203125e-07
6227,0.0049285888671875,2.1457672119140625e-06,2.384185791015625e-07
6228,0.0039081573486328125,2.1457672119140625e-06,2.384185791015625e-07
6229,0.004522085189819336,2.1457672119140625e-06,2.384185791015625e-07
6230,0.006114959716796875,1.9073486328125e-06,2.384185791015625e-07
6231,0.004968404769897461,1.9073486328125e-06,2.384185791015625e-07
6232,0.002810955047607422,1.6689300537109375e-06,2.384185791015625e-07
6233,0.0040471553802490234,1.6689300537109375e-06,4.76837158203125e-07
6234,0.0063343048095703125,2.1457672119140625e-06,2.384185791015625e-07
6235,0.0031042098999023438,1.9073486328125e-06,2.384185791015625e-07
6236,0.0032875537872314453,2.1457672119140625e-06,2.384185791015625e-07
6237,0.004056453704833984,1.9073486328125e-06,2.384185791015625e-07
6238,0.003205537796020508,1.9073486328125e-06,2.384185791015625e-07
6239,0.0030717849731445312,1.9073486328125e-06,2.384185791015625e-07
6240,0.004987239837646484,2.1457672119140625e-06,2.384185791015625e-07
6241,0.005877017974853516,2.1457672119140625e-06,2.384185791015625e-07
6242,0.004316806793212891,1.9073486328125e-06,2.384185791015625e-07
6243,0.0036928653717041016,1.9073486328125e-06,2.384185791015625e-07
6244,0.004660367965698242,1.9073486328125e-06,2.384185791015625e-07
6245,0.0027091503143310547,1.6689300537109375e-06,2.384185791015625e-07
6246,0.0039958953857421875,1.6689300537109375e-06,2.384185791015625e-07
6247,0.005653858184814453,1.9073486328125e-06,2.384185791015625e-07
6248,0.0031054019927978516,1.6689300537109375e-06,2.384185791015625e-07
6249,0.003614187240600586,1.9073486328125e-06,2.384185791015625e-07
6250,0.005472421646118164,1.9073486328125e-06,2.384185791015625e-07
6251,0.004572629928588867,1.9073486328125e-06,2.384185791015625e-07
6252,0.0045909881591796875,1.6689300537109375e-06,4.76837158203125e-07
6253,0.00569462776184082,1.6689300537109375e-06,4.76837158203125e-07
6254,0.003738880157470703,1.6689300537109375e-06,2.384185791015625e-07
6255,0.004588127136230469,1.9073486328125e-06,2.384185791015625e-07
6256,0.005131721496582031,1.9073486328125e-06,4.76837158203125e-07
6257,0.0026543140411376953,1.9073486328125e-06,7.152557373046875e-07
6258,0.005712985992431641,1.9073486328125e-06,2.384185791015625e-07
6259,0.005171060562133789,1.9073486328125e-06,2.384185791015625e-07
6260,0.002688884735107422,1.9073486328125e-06,2.384185791015625e-07
6261,0.0053327083587646484,1.9073486328125e-06,4.76837158203125e-07
6262,0.002749919891357422,2.1457672119140625e-06,4.76837158203125e-07
6263,0.0037620067596435547,1.9073486328125e-06,2.384185791015625e-07
6264,0.005691051483154297,1.6689300537109375e-06,4.76837158203125e-07
6265,0.008927583694458008,1.6689300537109375e-06,4.76837158203125e-07
6266,0.008871078491210938,1.6689300537109375e-06,7.152557373046875e-07
6267,0.0018718242645263672,1.6689300537109375e-06,4.76837158203125e-07
6268,0.004347085952758789,1.6689300537109375e-06,2.384185791015625e-07
6269,0.004095792770385742,1.6689300537109375e-06,2.384185791015625e-07
6270,0.007343292236328125,1.9073486328125e-06,2.384185791015625e-07
6271,0.006175518035888672,1.9073486328125e-06,4.76837158203125e-07
6272,0.014349937438964844,1.9073486328125e-06,2.384185791015625e-07
6273,0.009114265441894531,1.9073486328125e-06,2.384185791015625e-07
6274,0.006211996078491211,1.9073486328125e-06,2.384185791015625e-07
6275,0.005745410919189453,1.9073486328125e-06,2.384185791015625e-07
6276,0.0048656463623046875,1.9073486328125e-06,2.384185791015625e-07
6277,0.00776982307434082,1.9073486328125e-06,2.384185791015625e-07
6278,0.0075075626373291016,1.9073486328125e-06,2.384185791015625e-07
6279,0.0076749324798583984,1.9073486328125e-06,4.76837158203125e-07
6280,0.0075092315673828125,1.9073486328125e-06,2.384185791015625e-07
6281,0.007813692092895508,1.9073486328125e-06,4.76837158203125e-07
6282,0.008942842483520508,2.1457672119140625e-06,2.384185791015625e-07
6283,0.005525350570678711,1.9073486328125e-06,2.384185791015625e-07
6284,0.0056111812591552734,1.9073486328125e-06,2.384185791015625e-07
6285,0.00679779052734375,1.9073486328125e-06,2.384185791015625e-07
6286,0.0036988258361816406,1.6689300537109375e-06,2.384185791015625e-07
6287,0.008238554000854492,1.6689300537109375e-06,2.384185791015625e-07
6288,0.005326271057128906,1.6689300537109375e-06,2.384185791015625e-07
6289,0.0069735050201416016,1.430511474609375e-06,2.384185791015625e-07
6290,0.0057489871978759766,1.9073486328125e-06,2.384185791015625e-07
6291,0.005988359451293945,1.6689300537109375e-06,4.76837158203125e-07
6292,0.0028228759765625,1.6689300537109375e-06,2.384185791015625e-07
6293,0.004103660583496094,1.430511474609375e-06,2.384185791015625e-07
6294,0.0072591304779052734,1.6689300537109375e-06,4.76837158203125e-07
6295,0.004781961441040039,1.9073486328125e-06,2.384185791015625e-07
6296,0.003440380096435547,1.9073486328125e-06,4.76837158203125e-07
6297,0.005492210388183594,1.6689300537109375e-06,4.76837158203125e-07
6298,0.004548311233520508,1.9073486328125e-06,7.152557373046875e-07
6299,0.003987550735473633,2.1457672119140625e-06,4.76837158203125e-07
6300,0.004782199859619141,1.9073486328125e-06,2.384185791015625e-07
6301,0.0060765743255615234,1.9073486328125e-06,2.384185791015625e-07
6302,0.005413532257080078,2.1457672119140625e-06,2.384185791015625e-07
6303,0.0030655860900878906,1.9073486328125e-06,2.384185791015625e-07
6304,0.006065845489501953,2.1457672119140625e-06,4.76837158203125e-07
6305,0.005877494812011719,1.6689300537109375e-06,2.384185791015625e-07
6306,0.003216266632080078,1.6689300537109375e-06,2.384185791015625e-07
6307,0.005053043365478516,2.384185791015625e-06,2.384185791015625e-07
6308,0.0039048194885253906,2.1457672119140625e-06,4.76837158203125e-07
6309,0.0030205249786376953,1.6689300537109375e-06,2.384185791015625e-07
6310,0.005551338195800781,1.6689300537109375e-06,2.384185791015625e-07
6311,0.004175662994384766,1.9073486328125e-06,4.76837158203125e-07
6312,0.004033327102661133,2.1457672119140625e-06,4.76837158203125e-07
6313,0.004422187805175781,1.6689300537109375e-06,4.76837158203125e-07
6314,0.0037240982055664062,1.9073486328125e-06,4.76837158203125e-07
6315,0.005473613739013672,1.6689300537109375e-06,2.384185791015625e-07
6316,0.005030393600463867,1.6689300537109375e-06,4.76837158203125e-07
6317,0.0037240982055664062,1.430511474609375e-06,2.384185791015625e-07
6318,0.00472259521484375,1.6689300537109375e-06,4.76837158203125e-07
6319,0.003804922103881836,1.430511474609375e-06,2.384185791015625e-07
6320,0.004570722579956055,1.6689300537109375e-06,2.384185791015625e-07
6321,0.005648612976074219,1.9073486328125e-06,4.76837158203125e-07
6322,0.006912708282470703,1.9073486328125e-06,2.384185791015625e-07
6323,0.00443577766418457,1.9073486328125e-06,2.384185791015625e-07
6324,0.006273031234741211,2.1457672119140625e-06,2.384185791015625e-07
6325,0.0037527084350585938,1.9073486328125e-06,2.384185791015625e-07
6326,0.003022909164428711,1.9073486328125e-06,2.384185791015625e-07
6327,0.00440216064453125,1.6689300537109375e-06,2.384185791015625e-07
6328,0.006003141403198242,1.6689300537109375e-06,2.384185791015625e-07
6329,0.005204439163208008,1.9073486328125e-06,4.76837158203125e-07
6330,0.005437374114990234,1.9073486328125e-06,7.152557373046875e-07
6331,0.005553483963012695,1.9073486328125e-06,2.384185791015625e-07
6332,0.0043849945068359375,1.9073486328125e-06,2.384185791015625e-07
6333,0.005441427230834961,2.1457672119140625e-06,2.384185791015625e-07
6334,0.00642848014831543,1.9073486328125e-06,4.76837158203125e-07
6335,0.005338907241821289,1.9073486328125e-06,2.384185791015625e-07
6336,0.005436420440673828,1.6689300537109375e-06,2.384185791015625e-07
6337,0.004075527191162109,1.6689300537109375e-06,4.76837158203125e-07
6338,0.006183624267578125,1.6689300537109375e-06,4.76837158203125e-07
6339,0.0038857460021972656,1.6689300537109375e-06,4.76837158203125e-07
6340,0.007455587387084961,1.9073486328125e-06,2.384185791015625e-07
6341,0.004013538360595703,1.6689300537109375e-06,2.384185791015625e-07
6342,0.002196788787841797,1.9073486328125e-06,2.384185791015625e-07
6343,0.006227016448974609,1.6689300537109375e-06,2.384185791015625e-07
6344,0.0035512447357177734,1.6689300537109375e-06,2.384185791015625e-07
6345,0.0043392181396484375,1.6689300537109375e-06,2.384185791015625e-07
6346,0.004278659820556641,1.6689300537109375e-06,2.384185791015625e-07
6347,0.006113767623901367,1.6689300537109375e-06,2.384185791015625e-07
6348,0.0051348209381103516,1.6689300537109375e-06,7.152557373046875e-07
6349,0.0034706592559814453,1.6689300537109375e-06,4.76837158203125e-07
6350,0.0042400360107421875,1.6689300537109375e-06,4.76837158203125e-07
6351,0.004937887191772461,1.9073486328125e-06,2.384185791015625e-07
6352,0.005354166030883789,1.9073486328125e-06,2.384185791015625e-07
6353,0.002598285675048828,1.6689300537109375e-06,2.384185791015625e-07
6354,0.0026807785034179688,1.9073486328125e-06,2.384185791015625e-07
6355,0.006179332733154297,1.6689300537109375e-06,2.384185791015625e-07
6356,0.005499839782714844,1.9073486328125e-06,4.76837158203125e-07
6357,0.006165742874145508,1.9073486328125e-06,4.76837158203125e-07
6358,0.004254579544067383,1.9073486328125e-06,2.384185791015625e-07
6359,0.0043985843658447266,1.6689300537109375e-06,2.384185791015625e-07
6360,0.0033426284790039062,1.9073486328125e-06,4.76837158203125e-07
6361,0.004881858825683594,1.6689300537109375e-06,2.384185791015625e-07
6362,0.0044405460357666016,1.9073486328125e-06,2.384185791015625e-07
6363,0.0042459964752197266,2.1457672119140625e-06,2.384185791015625e-07
6364,0.005366802215576172,1.9073486328125e-06,2.384185791015625e-07
6365,0.005845785140991211,2.1457672119140625e-06,2.384185791015625e-07
6366,0.003135204315185547,1.6689300537109375e-06,2.384185791015625e-07
6367,0.0033783912658691406,1.6689300537109375e-06,2.384185791015625e-07
6368,0.004400491714477539,1.6689300537109375e-06,2.384185791015625e-07
6369,0.003274202346801758,1.6689300537109375e-06,2.384185791015625e-07
6370,0.00510716438293457,1.430511474609375e-06,2.384185791015625e-07
6371,0.0050890445709228516,1.6689300537109375e-06,2.384185791015625e-07
6372,0.004617214202880859,1.6689300537109375e-06,4.76837158203125e-07
6373,0.003334522247314453,1.9073486328125e-06,2.384185791015625e-07
6374,0.005800962448120117,2.1457672119140625e-06,2.384185791015625e-07
6375,0.003088712692260742,1.9073486328125e-06,2.384185791015625e-07
6376,0.0192263126373291,1.9073486328125e-06,4.76837158203125e-07
6377,0.003699779510498047,1.9073486328125e-06,4.76837158203125e-07
6378,0.002626657485961914,1.6689300537109375e-06,2.384185791015625e-07
6379,0.004492521286010742,1.9073486328125e-06,2.384185791015625e-07
6380,0.005094289779663086,1.9073486328125e-06,2.384185791015625e-07
6381,0.0033392906188964844,1.6689300537109375e-06,4.76837158203125e-07
6382,0.0029807090759277344,1.9073486328125e-06,4.76837158203125e-07
6383,0.0028524398803710938,1.6689300537109375e-06,4.76837158203125e-07
6384,0.0021605491638183594,1.6689300537109375e-06,4.76837158203125e-07
6385,0.003223896026611328,1.6689300537109375e-06,4.76837158203125e-07
6386,0.004814863204956055,2.1457672119140625e-06,2.384185791015625e-07
6387,0.004157066345214844,2.1457672119140625e-06,2.384185791015625e-07
6388,0.0041446685791015625,1.9073486328125e-06,2.384185791015625e-07
6389,0.003807544708251953,1.6689300537109375e-06,2.384185791015625e-07
6390,0.004506826400756836,1.9073486328125e-06,2.384185791015625e-07
6391,0.003629446029663086,2.1457672119140625e-06,2.384185791015625e-07
6392,0.0022537708282470703,1.6689300537109375e-06,7.152557373046875e-07
6393,0.00513458251953125,1.6689300537109375e-06,4.76837158203125e-07
6394,0.005321025848388672,1.9073486328125e-06,4.76837158203125e-07
6395,0.0047130584716796875,1.430511474609375e-06,2.384185791015625e-07
6396,0.004019498825073242,1.6689300537109375e-06,4.76837158203125e-07
6397,0.0023713111877441406,1.9073486328125e-06,4.76837158203125e-07
6398,0.005403995513916016,1.6689300537109375e-06,4.76837158203125e-07
6399,0.0024170875549316406,1.9073486328125e-06,2.384185791015625e-07
6400,0.002624034881591797,1.9073486328125e-06,2.384185791015625e-07
6401,0.0034034252166748047,1.9073486328125e-06,4.76837158203125e-07
6402,0.0024182796478271484,1.9073486328125e-06,4.76837158203125e-07
6403,0.0045926570892333984,2.1457672119140625e-06,2.384185791015625e-07
6404,0.005388975143432617,2.1457672119140625e-06,2.384185791015625e-07
6405,0.004514217376708984,1.9073486328125e-06,2.384185791015625e-07
6406,0.004360675811767578,1.9073486328125e-06,2.384185791015625e-07
6407,0.0041217803955078125,2.1457672119140625e-06,2.384185791015625e-07
6408,0.005475044250488281,1.9073486328125e-06,2.384185791015625e-07
6409,0.003699779510498047,1.6689300537109375e-06,2.384185791015625e-07
6410,0.004479646682739258,1.6689300537109375e-06,2.384185791015625e-07
6411,0.005846977233886719,1.6689300537109375e-06,4.76837158203125e-07
6412,0.005602121353149414,1.6689300537109375e-06,2.384185791015625e-07
6413,0.003505229949951172,1.6689300537109375e-06,2.384185791015625e-07
6414,0.0026607513427734375,1.9073486328125e-06,4.76837158203125e-07
6415,0.005685091018676758,1.9073486328125e-06,4.76837158203125e-07
6416,0.002440214157104492,1.9073486328125e-06,4.76837158203125e-07
6417,0.006234407424926758,1.9073486328125e-06,4.76837158203125e-07
6418,0.005303859710693359,1.9073486328125e-06,2.384185791015625e-07
6419,0.005292415618896484,2.1457672119140625e-06,2.384185791015625e-07
6420,0.005942821502685547,1.9073486328125e-06,2.384185791015625e-07
6421,0.002382516860961914,1.6689300537109375e-06,2.384185791015625e-07
6422,0.003733396530151367,1.9073486328125e-06,2.384185791015625e-07
6423,0.004433631896972656,2.384185791015625e-06,4.76837158203125e-07
6424,0.002786397933959961,2.1457672119140625e-06,2.384185791015625e-07
6425,0.003975629806518555,2.1457672119140625e-06,2.384185791015625e-07
6426,0.004884481430053711,1.9073486328125e-06,2.384185791015625e-07
6427,0.004853248596191406,1.9073486328125e-06,4.76837158203125e-07
6428,0.002951383590698242,1.9073486328125e-06,2.384185791015625e-07
6429,0.0032396316528320312,2.1457672119140625e-06,7.152557373046875e-07
6430,0.004202604293823242,2.1457672119140625e-06,4.76837158203125e-07
6431,0.0061762332916259766,1.9073486328125e-06,2.384185791015625e-07
6432,0.00307464599609375,1.9073486328125e-06,2.384185791015625e-07
6433,0.0051004886627197266,1.9073486328125e-06,2.384185791015625e-07
6434,0.0063593387603759766,1.9073486328125e-06,2.384185791015625e-07
6435,0.004181623458862305,1.6689300537109375e-06,2.384185791015625e-07
6436,0.005594730377197266,1.430511474609375e-06,2.384185791015625e-07
6437,0.004870414733886719,1.9073486328125e-06,2.384185791015625e-07
6438,0.003922939300537109,1.9073486328125e-06,2.384185791015625e-07
6439,0.005342006683349609,1.9073486328125e-06,4.76837158203125e-07
6440,0.00528264045715332,1.9073486328125e-06,4.76837158203125e-07
6441,0.004752159118652344,1.9073486328125e-06,4.76837158203125e-07
6442,0.0027294158935546875,1.9073486328125e-06,2.384185791015625e-07
6443,0.0034575462341308594,1.9073486328125e-06,4.76837158203125e-07
6444,0.0037796497344970703,1.9073486328125e-06,2.384185791015625e-07
6445,0.003797292709350586,1.6689300537109375e-06,2.384185791015625e-07
6446,0.0032567977905273438,1.6689300537109375e-06,2.384185791015625e-07
6447,0.0034847259521484375,1.6689300537109375e-06,2.384185791015625e-07
6448,0.004296541213989258,1.6689300537109375e-06,2.384185791015625e-07
6449,0.004718780517578125,1.9073486328125e-06,2.384185791015625e-07
6450,0.004747152328491211,1.9073486328125e-06,4.76837158203125e-07
6451,0.0029044151306152344,1.6689300537109375e-06,2.384185791015625e-07
6452,0.003729581832885742,1.6689300537109375e-06,2.384185791015625e-07
6453,0.0042989253997802734,1.9073486328125e-06,2.384185791015625e-07
6454,0.0035581588745117188,1.6689300537109375e-06,2.384185791015625e-07
6455,0.0057849884033203125,1.9073486328125e-06,4.76837158203125e-07
6456,0.0056133270263671875,1.9073486328125e-06,2.384185791015625e-07
6457,0.003313302993774414,1.6689300537109375e-06,4.76837158203125e-07
6458,0.00529789924621582,1.9073486328125e-06,2.384185791015625e-07
6459,0.003945350646972656,1.9073486328125e-06,2.384185791015625e-07
6460,0.003419637680053711,2.1457672119140625e-06,2.384185791015625e-07
6461,0.004826784133911133,1.6689300537109375e-06,4.76837158203125e-07
6462,0.0034246444702148438,2.1457672119140625e-06,7.152557373046875e-07
6463,0.004038572311401367,1.9073486328125e-06,2.384185791015625e-07
6464,0.004767417907714844,1.9073486328125e-06,4.76837158203125e-07
6465,0.0035800933837890625,1.9073486328125e-06,4.76837158203125e-07
6466,0.003190279006958008,1.9073486328125e-06,7.152557373046875e-07
6467,0.005629777908325195,2.1457672119140625e-06,4.76837158203125e-07
6468,0.0032541751861572266,1.9073486328125e-06,4.76837158203125e-07
6469,0.002214193344116211,1.9073486328125e-06,4.76837158203125e-07
6470,0.00473332405090332,2.1457672119140625e-06,2.384185791015625e-07
6471,0.003673076629638672,1.9073486328125e-06,7.152557373046875e-07
6472,0.0054471492767333984,1.9073486328125e-06,2.384185791015625e-07
6473,0.0033686161041259766,1.9073486328125e-06,2.384185791015625e-07
6474,0.0025806427001953125,1.9073486328125e-06,2.384185791015625e-07
6475,0.0025205612182617188,1.9073486328125e-06,2.384185791015625e-07
6476,0.003797292709350586,1.6689300537109375e-06,2.384185791015625e-07
6477,0.005545616149902344,1.6689300537109375e-06,2.384185791015625e-07
6478,0.006082057952880859,1.9073486328125e-06,4.76837158203125e-07
6479,0.0024862289428710938,1.430511474609375e-06,2.384185791015625e-07
6480,0.005567789077758789,1.9073486328125e-06,4.76837158203125e-07
6481,0.004621267318725586,1.430511474609375e-06,2.384185791015625e-07
6482,0.005455493927001953,1.6689300537109375e-06,2.384185791015625e-07
6483,0.0036988258361816406,1.6689300537109375e-06,2.384185791015625e-07
6484,0.002952098846435547,1.6689300537109375e-06,2.384185791015625e-07
6485,0.005234956741333008,1.9073486328125e-06,2.384185791015625e-07
6486,0.003562450408935547,1.9073486328125e-06,2.384185791015625e-07
6487,0.0049626827239990234,1.6689300537109375e-06,2.384185791015625e-07
6488,0.004587888717651367,1.6689300537109375e-06,2.384185791015625e-07
6489,0.00516510009765625,1.6689300537109375e-06,4.76837158203125e-07
6490,0.005759000778198242,1.9073486328125e-06,2.384185791015625e-07
6491,0.003350496292114258,1.6689300537109375e-06,2.384185791015625e-07
6492,0.005859851837158203,1.9073486328125e-06,2.384185791015625e-07
6493,0.004824161529541016,1.430511474609375e-06,2.384185791015625e-07
6494,0.0054264068603515625,1.9073486328125e-06,7.152557373046875e-07
6495,0.0037643909454345703,1.6689300537109375e-06,4.76837158203125e-07
6496,0.005486011505126953,1.6689300537109375e-06,2.384185791015625e-07
6497,0.005804777145385742,1.430511474609375e-06,2.384185791015625e-07
6498,0.003948688507080078,2.1457672119140625e-06,2.384185791015625e-07
6499,0.0037384033203125,1.9073486328125e-06,2.384185791015625e-07
6500,0.005268573760986328,2.384185791015625e-06,2.384185791015625e-07
6501,0.0018908977508544922,1.9073486328125e-06,2.384185791015625e-07
6502,0.0026323795318603516,1.9073486328125e-06,2.384185791015625e-07
6503,0.0033805370330810547,2.1457672119140625e-06,7.152557373046875e-07
6504,0.0044596195220947266,1.9073486328125e-06,4.76837158203125e-07
6505,0.006788015365600586,2.1457672119140625e-06,4.76837158203125e-07
6506,0.005075931549072266,1.6689300537109375e-06,4.76837158203125e-07
6507,0.003980398178100586,1.6689300537109375e-06,7.152557373046875e-07
6508,0.002643108367919922,1.6689300537109375e-06,4.76837158203125e-07
6509,0.004473447799682617,1.9073486328125e-06,2.384185791015625e-07
6510,0.0049741268157958984,1.6689300537109375e-06,2.384185791015625e-07
6511,0.005448579788208008,1.9073486328125e-06,2.384185791015625e-07
6512,0.004474163055419922,1.6689300537109375e-06,2.384185791015625e-07
6513,0.004479169845581055,1.6689300537109375e-06,2.384185791015625e-07
6514,0.005087137222290039,2.384185791015625e-06,2.384185791015625e-07
6515,0.003061056137084961,1.9073486328125e-06,7.152557373046875e-07
6516,0.004806995391845703,1.6689300537109375e-06,2.384185791015625e-07
6517,0.006412029266357422,2.1457672119140625e-06,2.384185791015625e-07
6518,0.0025801658630371094,1.6689300537109375e-06,2.384185791015625e-07
6519,0.0048542022705078125,1.6689300537109375e-06,4.76837158203125e-07
6520,0.003464221954345703,2.1457672119140625e-06,7.152557373046875e-07
6521,0.0030388832092285156,2.1457672119140625e-06,2.384185791015625e-07
6522,0.0019032955169677734,1.9073486328125e-06,2.384185791015625e-07
6523,0.004889726638793945,1.430511474609375e-06,2.384185791015625e-07
6524,0.0038216114044189453,1.9073486328125e-06,4.76837158203125e-07
6525,0.005670785903930664,1.6689300537109375e-06,4.76837158203125e-07
6526,0.004102468490600586,1.9073486328125e-06,2.384185791015625e-07
6527,0.0023260116577148438,1.9073486328125e-06,2.384185791015625e-07
6528,0.007150888442993164,2.1457672119140625e-06,2.384185791015625e-07
6529,0.0038881301879882812,1.9073486328125e-06,4.76837158203125e-07
6530,0.00540614128112793,1.9073486328125e-06,2.384185791015625e-07
6531,0.0017850399017333984,1.9073486328125e-06,4.76837158203125e-07
6532,0.006933450698852539,1.9073486328125e-06,4.76837158203125e-07
6533,0.004019021987915039,1.9073486328125e-06,4.76837158203125e-07
6534,0.0029535293579101562,1.9073486328125e-06,2.384185791015625e-07
6535,0.0052301883697509766,2.1457672119140625e-06,2.384185791015625e-07
6536,0.0032014846801757812,2.384185791015625e-06,2.384185791015625e-07
6537,0.0023691654205322266,1.9073486328125e-06,2.384185791015625e-07
6538,0.004729032516479492,1.430511474609375e-06,2.384185791015625e-07
6539,0.003999948501586914,1.9073486328125e-06,2.384185791015625e-07
6540,0.004858493804931641,2.1457672119140625e-06,2.384185791015625e-07
6541,0.003988504409790039,1.430511474609375e-06,2.384185791015625e-07
6542,0.0033986568450927734,1.9073486328125e-06,2.384185791015625e-07
6543,0.003706216812133789,1.6689300537109375e-06,7.152557373046875e-07
6544,0.004151582717895508,1.9073486328125e-06,2.384185791015625e-07
6545,0.0045468807220458984,1.6689300537109375e-06,2.384185791015625e-07
6546,0.0038216114044189453,2.1457672119140625e-06,2.384185791015625e-07
6547,0.0039215087890625,2.1457672119140625e-06,2.384185791015625e-07
6548,0.005866527557373047,2.1457672119140625e-06,2.384185791015625e-07
6549,0.0029001235961914062,2.1457672119140625e-06,2.384185791015625e-07
6550,0.005253791809082031,1.9073486328125e-06,2.384185791015625e-07
6551,0.002910614013671875,1.9073486328125e-06,2.384185791015625e-07
6552,0.006312847137451172,1.9073486328125e-06,7.152557373046875e-07
6553,0.0048847198486328125,2.1457672119140625e-06,4.76837158203125e-07
6554,0.00523829460144043,1.9073486328125e-06,4.76837158203125e-07
6555,0.004289865493774414,2.1457672119140625e-06,2.384185791015625e-07
6556,0.004941463470458984,1.9073486328125e-06,2.384185791015625e-07
6557,0.004657745361328125,2.1457672119140625e-06,2.384185791015625e-07
6558,0.005628108978271484,1.9073486328125e-06,4.76837158203125e-07
6559,0.003280162811279297,1.9073486328125e-06,2.384185791015625e-07
6560,0.0033948421478271484,1.6689300537109375e-06,2.384185791015625e-07
6561,0.004065990447998047,1.6689300537109375e-06,2.384185791015625e-07
6562,0.0032808780670166016,1.9073486328125e-06,7.152557373046875e-07
6563,0.004152774810791016,1.6689300537109375e-06,4.76837158203125e-07
6564,0.0026907920837402344,1.9073486328125e-06,4.76837158203125e-07
6565,0.001951456069946289,1.6689300537109375e-06,4.76837158203125e-07
6566,0.004944562911987305,1.6689300537109375e-06,2.384185791015625e-07
6567,0.003706693649291992,2.6226043701171875e-06,4.76837158203125e-07
6568,0.0032227039337158203,1.9073486328125e-06,2.384185791015625e-07
6569,0.005116939544677734,2.1457672119140625e-06,4.76837158203125e-07
6570,0.006029605865478516,2.1457672119140625e-06,4.76837158203125e-07
6571,0.0035178661346435547,1.9073486328125e-06,7.152557373046875e-07
6572,0.0033845901489257812,1.9073486328125e-06,4.76837158203125e-07
6573,0.0022025108337402344,1.6689300537109375e-06,2.384185791015625e-07
6574,0.00441288948059082,1.6689300537109375e-06,2.384185791015625e-07
6575,0.002502918243408203,1.9073486328125e-06,4.76837158203125e-07
6576,0.002798318862915039,1.6689300537109375e-06,4.76837158203125e-07
6577,0.004174947738647461,1.6689300537109375e-06,2.384185791015625e-07
6578,0.003880739212036133,2.1457672119140625e-06,2.384185791015625e-07
6579,0.0037508010864257812,2.1457672119140625e-06,2.384185791015625e-07
6580,0.0030412673950195312,2.1457672119140625e-06,4.76837158203125e-07
6581,0.005678892135620117,2.1457672119140625e-06,4.76837158203125e-07
6582,0.005414009094238281,2.1457672119140625e-06,2.384185791015625e-07
6583,0.004528522491455078,1.9073486328125e-06,2.384185791015625e-07
6584,0.004692792892456055,2.384185791015625e-06,4.76837158203125e-07
6585,0.006129741668701172,1.9073486328125e-06,4.76837158203125e-07
6586,0.006510257720947266,2.1457672119140625e-06,4.76837158203125e-07
6587,0.0029931068420410156,1.9073486328125e-06,2.384185791015625e-07
6588,0.004392385482788086,2.1457672119140625e-06,4.76837158203125e-07
6589,0.0024046897888183594,1.6689300537109375e-06,2.384185791015625e-07
6590,0.003726959228515625,1.6689300537109375e-06,4.76837158203125e-07
6591,0.0038988590240478516,1.6689300537109375e-06,2.384185791015625e-07
6592,0.003070354461669922,1.9073486328125e-06,4.76837158203125e-07
6593,0.0024614334106445312,1.9073486328125e-06,4.76837158203125e-07
6594,0.0036950111389160156,1.6689300537109375e-06,4.76837158203125e-07
6595,0.003550291061401367,1.6689300537109375e-06,4.76837158203125e-07
6596,0.0029726028442382812,1.9073486328125e-06,2.384185791015625e-07
6597,0.0038597583770751953,1.9073486328125e-06,2.384185791015625e-07
6598,0.004392385482788086,1.430511474609375e-06,4.76837158203125e-07
6599,0.004160642623901367,1.6689300537109375e-06,2.384185791015625e-07
6600,0.004422903060913086,1.6689300537109375e-06,2.384185791015625e-07
6601,0.003925323486328125,1.6689300537109375e-06,2.384185791015625e-07
6602,0.003846406936645508,1.6689300537109375e-06,2.384185791015625e-07
6603,0.004916667938232422,1.6689300537109375e-06,2.384185791015625e-07
6604,0.0037338733673095703,1.6689300537109375e-06,2.384185791015625e-07
6605,0.0039064884185791016,1.6689300537109375e-06,2.384185791015625e-07
6606,0.0018296241760253906,1.6689300537109375e-06,2.384185791015625e-07
6607,0.003452301025390625,2.1457672119140625e-06,2.384185791015625e-07
6608,0.004354715347290039,1.6689300537109375e-06,2.384185791015625e-07
6609,0.005222797393798828,1.9073486328125e-06,2.384185791015625e-07
6610,0.0032770633697509766,2.1457672119140625e-06,7.152557373046875e-07
6611,0.0037975311279296875,1.9073486328125e-06,4.76837158203125e-07
6612,0.004194498062133789,2.384185791015625e-06,2.384185791015625e-07
6613,0.004146575927734375,2.1457672119140625e-06,2.384185791015625e-07
6614,0.004603147506713867,1.9073486328125e-06,2.384185791015625e-07
6615,0.003062725067138672,1.9073486328125e-06,2.384185791015625e-07
6616,0.00392460823059082,1.9073486328125e-06,2.384185791015625e-07
6617,0.0045282840728759766,1.9073486328125e-06,2.384185791015625e-07
6618,0.004798412322998047,2.1457672119140625e-06,2.384185791015625e-07
6619,0.0031087398529052734,1.9073486328125e-06,2.384185791015625e-07
6620,0.003814220428466797,1.9073486328125e-06,4.76837158203125e-07
6621,0.0035805702209472656,1.9073486328125e-06,4.76837158203125e-07
6622,0.004846811294555664,2.1457672119140625e-06,2.384185791015625e-07
6623,0.003970146179199219,2.1457672119140625e-06,2.384185791015625e-07
6624,0.0032701492309570312,1.9073486328125e-06,4.76837158203125e-07
6625,0.003809213638305664,1.9073486328125e-06,2.384185791015625e-07
6626,0.003606081008911133,1.9073486328125e-06,4.76837158203125e-07
6627,0.005277156829833984,1.9073486328125e-06,4.76837158203125e-07
6628,0.003937721252441406,2.1457672119140625e-06,2.384185791015625e-07
6629,0.003229856491088867,1.9073486328125e-06,2.384185791015625e-07
6630,0.00438690185546875,1.6689300537109375e-06,2.384185791015625e-07
6631,0.004132986068725586,1.9073486328125e-06,2.384185791015625e-07
6632,0.004580974578857422,1.9073486328125e-06,4.76837158203125e-07
6633,0.0027997493743896484,1.9073486328125e-06,2.384185791015625e-07
6634,0.004575967788696289,1.6689300537109375e-06,2.384185791015625e-07
6635,0.0027370452880859375,1.6689300537109375e-06,2.384185791015625e-07
6636,0.0042896270751953125,1.9073486328125e-06,2.384185791015625e-07
6637,0.002161264419555664,1.6689300537109375e-06,4.76837158203125e-07
6638,0.004590749740600586,1.6689300537109375e-06,2.384185791015625e-07
6639,0.004865407943725586,1.9073486328125e-06,2.384185791015625e-07
6640,0.005097389221191406,1.6689300537109375e-06,2.384185791015625e-07
6641,0.00392603874206543,1.6689300537109375e-06,4.76837158203125e-07
6642,0.0029938220977783203,1.6689300537109375e-06,2.384185791015625e-07
6643,0.0042378902435302734,2.1457672119140625e-06,2.384185791015625e-07
6644,0.004940032958984375,2.1457672119140625e-06,2.384185791015625e-07
6645,0.0035436153411865234,2.1457672119140625e-06,4.76837158203125e-07
6646,0.0026464462280273438,1.6689300537109375e-06,4.76837158203125e-07
6647,0.0031926631927490234,1.9073486328125e-06,2.384185791015625e-07
6648,0.003874063491821289,1.9073486328125e-06,2.384185791015625e-07
6649,0.0038826465606689453,1.6689300537109375e-06,2.384185791015625e-07
6650,0.003159046173095703,1.6689300537109375e-06,2.384185791015625e-07
6651,0.003055095672607422,1.6689300537109375e-06,2.384185791015625e-07
6652,0.0038394927978515625,1.6689300537109375e-06,2.384185791015625e-07
6653,0.003436565399169922,1.9073486328125e-06,2.384185791015625e-07
6654,0.004551887512207031,1.9073486328125e-06,2.384185791015625e-07
6655,0.005319356918334961,1.9073486328125e-06,4.76837158203125e-07
6656,0.00551605224609375,2.1457672119140625e-06,2.384185791015625e-07
6657,0.003585338592529297,1.6689300537109375e-06,2.384185791015625e-07
6658,0.005159854888916016,1.6689300537109375e-06,2.384185791015625e-07
6659,0.003962516784667969,1.6689300537109375e-06,2.384185791015625e-07
6660,0.004068851470947266,1.6689300537109375e-06,2.384185791015625e-07
6661,0.004743099212646484,1.9073486328125e-06,2.384185791015625e-07
6662,0.0031745433807373047,1.6689300537109375e-06,2.384185791015625e-07
6663,0.0030651092529296875,1.430511474609375e-06,2.384185791015625e-07
6664,0.0041484832763671875,1.9073486328125e-06,4.76837158203125e-07
6665,0.005339384078979492,1.9073486328125e-06,2.384185791015625e-07
6666,0.0026543140411376953,1.6689300537109375e-06,2.384185791015625e-07
6667,0.004854917526245117,1.9073486328125e-06,2.384185791015625e-07
6668,0.005220174789428711,1.9073486328125e-06,2.384185791015625e-07
6669,0.004480123519897461,1.9073486328125e-06,2.384185791015625e-07
6670,0.005614042282104492,1.9073486328125e-06,2.384185791015625e-07
6671,0.005063295364379883,1.9073486328125e-06,2.384185791015625e-07
6672,0.0038704872131347656,1.6689300537109375e-06,2.384185791015625e-07
6673,0.005769968032836914,1.6689300537109375e-06,4.76837158203125e-07
6674,0.003907442092895508,2.1457672119140625e-06,2.384185791015625e-07
6675,0.005718231201171875,1.9073486328125e-06,4.76837158203125e-07
6676,0.0028257369995117188,2.1457672119140625e-06,4.76837158203125e-07
6677,0.0047605037689208984,1.9073486328125e-06,2.384185791015625e-07
6678,0.003981113433837891,2.384185791015625e-06,2.384185791015625e-07
6679,0.004400014877319336,1.9073486328125e-06,2.384185791015625e-07
6680,0.005525112152099609,1.9073486328125e-06,2.384185791015625e-07
6681,0.005927085876464844,1.9073486328125e-06,4.76837158203125e-07
6682,0.003892183303833008,1.9073486328125e-06,4.76837158203125e-07
6683,0.0033621788024902344,1.9073486328125e-06,2.384185791015625e-07
6684,0.0028824806213378906,1.9073486328125e-06,2.384185791015625e-07
6685,0.0030221939086914062,1.9073486328125e-06,2.384185791015625e-07
6686,0.004513978958129883,1.9073486328125e-06,2.384185791015625e-07
6687,0.005132436752319336,1.9073486328125e-06,2.384185791015625e-07
6688,0.004872560501098633,2.1457672119140625e-06,2.384185791015625e-07
6689,0.005251884460449219,1.9073486328125e-06,2.384185791015625e-07
6690,0.004309654235839844,1.9073486328125e-06,4.76837158203125e-07
6691,0.005166530609130859,1.9073486328125e-06,2.384185791015625e-07
6692,0.002971172332763672,1.9073486328125e-06,2.384185791015625e-07
6693,0.004518270492553711,1.6689300537109375e-06,2.384185791015625e-07
6694,0.0028913021087646484,2.1457672119140625e-06,2.384185791015625e-07
6695,0.0041484832763671875,2.1457672119140625e-06,2.384185791015625e-07
6696,0.004336357116699219,1.9073486328125e-06,2.384185791015625e-07
6697,0.0049893856048583984,1.9073486328125e-06,2.384185791015625e-07
6698,0.0028104782104492188,2.384185791015625e-06,2.384185791015625e-07
6699,0.004777669906616211,2.1457672119140625e-06,2.384185791015625e-07
6700,0.003086566925048828,1.9073486328125e-06,2.384185791015625e-07
6701,0.0041158199310302734,1.9073486328125e-06,2.384185791015625e-07
6702,0.005310773849487305,1.9073486328125e-06,4.76837158203125e-07
6703,0.0038611888885498047,1.9073486328125e-06,2.384185791015625e-07
6704,0.0028939247131347656,1.9073486328125e-06,2.384185791015625e-07
6705,0.003857135772705078,1.9073486328125e-06,4.76837158203125e-07
6706,0.004469156265258789,1.6689300537109375e-06,4.76837158203125e-07
6707,0.002833843231201172,1.6689300537109375e-06,4.76837158203125e-07
6708,0.003432750701904297,1.6689300537109375e-06,4.76837158203125e-07
6709,0.0026657581329345703,1.6689300537109375e-06,2.384185791015625e-07
6710,0.00391077995300293,1.6689300537109375e-06,2.384185791015625e-07
6711,0.002922534942626953,1.6689300537109375e-06,2.384185791015625e-07
6712,0.004073619842529297,1.9073486328125e-06,2.384185791015625e-07
6713,0.0024793148040771484,1.9073486328125e-06,7.152557373046875e-07
6714,0.005166769027709961,1.9073486328125e-06,4.76837158203125e-07
6715,0.0038521289825439453,2.1457672119140625e-06,2.384185791015625e-07
6716,0.0056569576263427734,1.9073486328125e-06,2.384185791015625e-07
6717,0.004088163375854492,1.9073486328125e-06,2.384185791015625e-07
6718,0.002385854721069336,1.9073486328125e-06,4.76837158203125e-07
6719,0.0055506229400634766,1.9073486328125e-06,2.384185791015625e-07
6720,0.0030498504638671875,2.1457672119140625e-06,2.384185791015625e-07
6721,0.004092693328857422,2.1457672119140625e-06,2.384185791015625e-07
6722,0.0037605762481689453,1.9073486328125e-06,4.76837158203125e-07
6723,0.0041239261627197266,1.9073486328125e-06,2.384185791015625e-07
6724,0.002915620803833008,1.9073486328125e-06,2.384185791015625e-07
6725,0.0038335323333740234,2.1457672119140625e-06,2.384185791015625e-07
6726,0.004107236862182617,1.9073486328125e-06,2.384185791015625e-07
6727,0.003069639205932617,1.9073486328125e-06,4.76837158203125e-07
6728,0.00564885139465332,1.9073486328125e-06,2.384185791015625e-07
6729,0.003955841064453125,2.1457672119140625e-06,4.76837158203125e-07
6730,0.004450798034667969,1.9073486328125e-06,4.76837158203125e-07
6731,0.002529144287109375,1.6689300537109375e-06,2.384185791015625e-07
6732,0.002070188522338867,1.6689300537109375e-06,4.76837158203125e-07
6733,0.0056264400482177734,1.6689300537109375e-06,4.76837158203125e-07
6734,0.0043528079986572266,1.6689300537109375e-06,4.76837158203125e-07
6735,0.0036690235137939453,1.6689300537109375e-06,2.384185791015625e-07
6736,0.0043811798095703125,1.6689300537109375e-06,2.384185791015625e-07
6737,0.003835439682006836,1.6689300537109375e-06,2.384185791015625e-07
6738,0.004105329513549805,2.1457672119140625e-06,2.384185791015625e-07
6739,0.0022308826446533203,1.9073486328125e-06,2.384185791015625e-07
6740,0.0021448135375976562,2.1457672119140625e-06,2.384185791015625e-07
6741,0.004514932632446289,1.9073486328125e-06,4.76837158203125e-07
6742,0.003970623016357422,2.1457672119140625e-06,2.384185791015625e-07
6743,0.004510402679443359,1.9073486328125e-06,2.384185791015625e-07
6744,0.00522303581237793,1.9073486328125e-06,2.384185791015625e-07
6745,0.004395484924316406,1.6689300537109375e-06,2.384185791015625e-07
6746,0.0032453536987304688,1.9073486328125e-06,2.384185791015625e-07
6747,0.0033333301544189453,1.6689300537109375e-06,2.384185791015625e-07
6748,0.004114627838134766,1.9073486328125e-06,4.76837158203125e-07
6749,0.0026407241821289062,2.384185791015625e-06,2.384185791015625e-07
6750,0.005648136138916016,1.6689300537109375e-06,2.384185791015625e-07
6751,0.0026438236236572266,1.6689300537109375e-06,2.384185791015625e-07
6752,0.0021779537200927734,2.1457672119140625e-06,2.384185791015625e-07
6753,0.0037157535552978516,1.6689300537109375e-06,4.76837158203125e-07
6754,0.0028870105743408203,1.9073486328125e-06,2.384185791015625e-07
6755,0.005214691162109375,1.9073486328125e-06,2.384185791015625e-07
6756,0.0022330284118652344,2.1457672119140625e-06,4.76837158203125e-07
6757,0.0013470649719238281,2.1457672119140625e-06,4.76837158203125e-07
6758,0.005157470703125,1.9073486328125e-06,2.384185791015625e-07
6759,0.005219697952270508,2.1457672119140625e-06,2.384185791015625e-07
6760,0.0029554367065429688,1.9073486328125e-06,2.384185791015625e-07
6761,0.00566864013671875,1.9073486328125e-06,4.76837158203125e-07
6762,0.004075527191162109,1.9073486328125e-06,2.384185791015625e-07
6763,0.0030660629272460938,1.9073486328125e-06,2.384185791015625e-07
6764,0.0033245086669921875,1.9073486328125e-06,2.384185791015625e-07
6765,0.0030803680419921875,2.1457672119140625e-06,2.384185791015625e-07
6766,0.0020287036895751953,1.9073486328125e-06,4.76837158203125e-07
6767,0.0052144527435302734,1.9073486328125e-06,4.76837158203125e-07
6768,0.005818605422973633,2.1457672119140625e-06,2.384185791015625e-07
6769,0.002596616744995117,1.9073486328125e-06,2.384185791015625e-07
6770,0.002727985382080078,1.9073486328125e-06,2.384185791015625e-07
6771,0.005303621292114258,1.9073486328125e-06,2.384185791015625e-07
6772,0.0024330615997314453,1.9073486328125e-06,4.76837158203125e-07
6773,0.005120038986206055,1.6689300537109375e-06,2.384185791015625e-07
6774,0.003856182098388672,1.6689300537109375e-06,2.384185791015625e-07
6775,0.0032699108123779297,1.6689300537109375e-06,2.384185791015625e-07
6776,0.0025026798248291016,1.9073486328125e-06,4.76837158203125e-07
6777,0.003772258758544922,1.6689300537109375e-06,4.76837158203125e-07
6778,0.00532984733581543,1.9073486328125e-06,4.76837158203125e-07
6779,0.0028791427612304688,1.6689300537109375e-06,2.384185791015625e-07
6780,0.00423431396484375,1.6689300537109375e-06,4.76837158203125e-07
6781,0.004073619842529297,1.430511474609375e-06,7.152557373046875e-07
6782,0.0035161972045898438,1.6689300537109375e-06,2.384185791015625e-07
6783,0.0030908584594726562,1.6689300537109375e-06,4.76837158203125e-07
6784,0.00671839714050293,1.6689300537109375e-06,2.384185791015625e-07
6785,0.0040836334228515625,1.6689300537109375e-06,4.76837158203125e-07
6786,0.0051043033599853516,1.9073486328125e-06,2.384185791015625e-07
6787,0.0046503543853759766,1.9073486328125e-06,7.152557373046875e-07
6788,0.003701925277709961,1.6689300537109375e-06,4.76837158203125e-07
6789,0.003361940383911133,1.6689300537109375e-06,4.76837158203125e-07
6790,0.003530263900756836,1.6689300537109375e-06,2.384185791015625e-07
6791,0.004053831100463867,1.9073486328125e-06,4.76837158203125e-07
6792,0.0027625560760498047,2.1457672119140625e-06,2.384185791015625e-07
6793,0.003014802932739258,1.9073486328125e-06,2.384185791015625e-07
6794,0.0034322738647460938,1.9073486328125e-06,2.384185791015625e-07
6795,0.005214214324951172,1.9073486328125e-06,2.384185791015625e-07
6796,0.0024886131286621094,1.9073486328125e-06,2.384185791015625e-07
6797,0.004361152648925781,1.430511474609375e-06,2.384185791015625e-07
6798,0.00319671630859375,1.6689300537109375e-06,7.152557373046875e-07
6799,0.004350423812866211,1.9073486328125e-06,4.76837158203125e-07
6800,0.002161741256713867,1.6689300537109375e-06,4.76837158203125e-07
6801,0.0019605159759521484,1.6689300537109375e-06,2.384185791015625e-07
6802,0.003401517868041992,1.6689300537109375e-06,2.384185791015625e-07
6803,0.0022995471954345703,1.6689300537109375e-06,2.384185791015625e-07
6804,0.0051991939544677734,1.9073486328125e-06,2.384185791015625e-07
6805,0.0032885074615478516,1.9073486328125e-06,4.76837158203125e-07
6806,0.004518747329711914,1.9073486328125e-06,2.384185791015625e-07
6807,0.004968404769897461,1.9073486328125e-06,4.76837158203125e-07
6808,0.003226041793823242,1.9073486328125e-06,2.384185791015625e-07
6809,0.005125999450683594,2.1457672119140625e-06,4.76837158203125e-07
6810,0.004505634307861328,1.9073486328125e-06,4.76837158203125e-07
6811,0.0035877227783203125,1.9073486328125e-06,2.384185791015625e-07
6812,0.0027539730072021484,2.1457672119140625e-06,4.76837158203125e-07
6813,0.00552678108215332,2.1457672119140625e-06,2.384185791015625e-07
6814,0.005059957504272461,1.9073486328125e-06,2.384185791015625e-07
6815,0.005249738693237305,1.9073486328125e-06,4.76837158203125e-07
6816,0.004049062728881836,1.9073486328125e-06,2.384185791015625e-07
6817,0.0051915645599365234,2.1457672119140625e-06,2.384185791015625e-07
6818,0.005642414093017578,1.9073486328125e-06,4.76837158203125e-07
6819,0.0029566287994384766,2.1457672119140625e-06,2.384185791015625e-07
6820,0.0051462650299072266,1.9073486328125e-06,2.384185791015625e-07
6821,0.0033364295959472656,1.9073486328125e-06,2.384185791015625e-07
6822,0.0035948753356933594,1.9073486328125e-06,4.76837158203125e-07
6823,0.0032835006713867188,1.9073486328125e-06,4.76837158203125e-07
6824,0.0024530887603759766,1.9073486328125e-06,4.76837158203125e-07
6825,0.0043675899505615234,1.6689300537109375e-06,7.152557373046875e-07
6826,0.00473785400390625,1.6689300537109375e-06,4.76837158203125e-07
6827,0.004682064056396484,1.6689300537109375e-06,2.384185791015625e-07
6828,0.005654811859130859,1.6689300537109375e-06,4.76837158203125e-07
6829,0.004487276077270508,1.430511474609375e-06,4.76837158203125e-07
6830,0.0019271373748779297,1.6689300537109375e-06,2.384185791015625e-07
6831,0.004500865936279297,1.6689300537109375e-06,4.76837158203125e-07
6832,0.004708290100097656,1.9073486328125e-06,4.76837158203125e-07
6833,0.005666494369506836,1.9073486328125e-06,4.76837158203125e-07
6834,0.004328489303588867,1.9073486328125e-06,7.152557373046875e-07
6835,0.004425764083862305,1.9073486328125e-06,4.76837158203125e-07
6836,0.0043032169342041016,1.9073486328125e-06,2.384185791015625e-07
6837,0.003380298614501953,1.9073486328125e-06,2.384185791015625e-07
6838,0.003426074981689453,1.9073486328125e-06,2.384185791015625e-07
6839,0.004573822021484375,1.9073486328125e-06,2.384185791015625e-07
6840,0.0031456947326660156,1.9073486328125e-06,2.384185791015625e-07
6841,0.005101680755615234,1.9073486328125e-06,4.76837158203125e-07
6842,0.005375385284423828,1.9073486328125e-06,4.76837158203125e-07
6843,0.003730297088623047,1.6689300537109375e-06,2.384185791015625e-07
6844,0.0038247108459472656,1.6689300537109375e-06,2.384185791015625e-07
6845,0.002505779266357422,1.6689300537109375e-06,2.384185791015625e-07
6846,0.004967927932739258,1.6689300537109375e-06,4.76837158203125e-07
6847,0.003263711929321289,1.9073486328125e-06,2.384185791015625e-07
6848,0.005605459213256836,1.9073486328125e-06,2.384185791015625e-07
6849,0.00407099723815918,1.9073486328125e-06,2.384185791015625e-07
6850,0.0024645328521728516,1.9073486328125e-06,4.76837158203125e-07
6851,0.0043103694915771484,1.9073486328125e-06,4.76837158203125e-07
6852,0.003862142562866211,1.9073486328125e-06,7.152557373046875e-07
6853,0.004807472229003906,1.9073486328125e-06,4.76837158203125e-07
6854,0.003782510757446289,1.9073486328125e-06,2.384185791015625e-07
6855,0.005535602569580078,1.9073486328125e-06,2.384185791015625e-07
6856,0.004128456115722656,1.9073486328125e-06,2.384185791015625e-07
6857,0.004082679748535156,1.9073486328125e-06,2.384185791015625e-07
6858,0.0025963783264160156,1.6689300537109375e-06,4.76837158203125e-07
6859,0.0038993358612060547,1.6689300537109375e-06,4.76837158203125e-07
6860,0.004049062728881836,1.6689300537109375e-06,2.384185791015625e-07
6861,0.005083799362182617,1.430511474609375e-06,2.384185791015625e-07
6862,0.0023398399353027344,1.9073486328125e-06,4.76837158203125e-07
6863,0.0036334991455078125,1.9073486328125e-06,2.384185791015625e-07
6864,0.004312753677368164,1.9073486328125e-06,2.384185791015625e-07
6865,0.0033965110778808594,1.6689300537109375e-06,2.384185791015625e-07
6866,0.005213260650634766,1.9073486328125e-06,2.384185791015625e-07
6867,0.002901792526245117,2.1457672119140625e-06,2.384185791015625e-07
6868,0.004267692565917969,2.1457672119140625e-06,4.76837158203125e-07
6869,0.005059242248535156,1.6689300537109375e-06,7.152557373046875e-07
6870,0.002210855484008789,1.9073486328125e-06,2.384185791015625e-07
6871,0.003185272216796875,1.9073486328125e-06,7.152557373046875e-07
6872,0.0028066635131835938,1.6689300537109375e-06,4.76837158203125e-07
6873,0.00414729118347168,1.6689300537109375e-06,4.76837158203125e-07
6874,0.0031425952911376953,1.9073486328125e-06,2.384185791015625e-07
6875,0.0054204463958740234,1.6689300537109375e-06,2.384185791015625e-07
6876,0.002311229705810547,1.9073486328125e-06,2.384185791015625e-07
6877,0.0026102066040039062,1.9073486328125e-06,2.384185791015625e-07
6878,0.002985715866088867,2.1457672119140625e-06,2.384185791015625e-07
6879,0.0025217533111572266,1.9073486328125e-06,2.384185791015625e-07
6880,0.00391697883605957,1.9073486328125e-06,2.384185791015625e-07
6881,0.004617929458618164,1.9073486328125e-06,2.384185791015625e-07
6882,0.0020644664764404297,1.9073486328125e-06,4.76837158203125e-07
6883,0.006589412689208984,2.1457672119140625e-06,4.76837158203125e-07
6884,0.0034151077270507812,2.1457672119140625e-06,2.384185791015625e-07
6885,0.004862070083618164,1.6689300537109375e-06,2.384185791015625e-07
6886,0.0048923492431640625,2.1457672119140625e-06,2.384185791015625e-07
6887,0.004728555679321289,1.9073486328125e-06,2.384185791015625e-07
6888,0.004195451736450195,1.6689300537109375e-06,4.76837158203125e-07
6889,0.004678964614868164,1.9073486328125e-06,2.384185791015625e-07
6890,0.003131866455078125,1.6689300537109375e-06,4.76837158203125e-07
6891,0.004592418670654297,1.6689300537109375e-06,2.384185791015625e-07
6892,0.0033817291259765625,1.6689300537109375e-06,2.384185791015625e-07
6893,0.004367828369140625,1.6689300537109375e-06,2.384185791015625e-07
6894,0.0032722949981689453,2.1457672119140625e-06,2.384185791015625e-07
6895,0.004313945770263672,1.9073486328125e-06,4.76837158203125e-07
6896,0.003291606903076172,1.9073486328125e-06,2.384185791015625e-07
6897,0.004666566848754883,1.6689300537109375e-06,2.384185791015625e-07
6898,0.0027086734771728516,1.9073486328125e-06,2.384185791015625e-07
6899,0.0036966800689697266,1.9073486328125e-06,4.76837158203125e-07
6900,0.0035452842712402344,1.9073486328125e-06,2.384185791015625e-07
6901,0.004586935043334961,1.9073486328125e-06,2.384185791015625e-07
6902,0.00478816032409668,1.9073486328125e-06,2.384185791015625e-07
6903,0.0037195682525634766,1.9073486328125e-06,2.384185791015625e-07
6904,0.0033216476440429688,1.9073486328125e-06,2.384185791015625e-07
6905,0.003857135772705078,1.6689300537109375e-06,4.76837158203125e-07
6906,0.004467487335205078,1.9073486328125e-06,2.384185791015625e-07
6907,0.0019080638885498047,1.6689300537109375e-06,2.384185791015625e-07
6908,0.0041790008544921875,1.6689300537109375e-06,2.384185791015625e-07
6909,0.0020279884338378906,1.9073486328125e-06,2.384185791015625e-07
6910,0.004012584686279297,1.6689300537109375e-06,2.384185791015625e-07
6911,0.004099607467651367,1.6689300537109375e-06,2.384185791015625e-07
6912,0.004513263702392578,1.9073486328125e-06,2.384185791015625e-07
6913,0.00400233268737793,1.6689300537109375e-06,4.76837158203125e-07
6914,0.0035126209259033203,1.6689300537109375e-06,4.76837158203125e-07
6915,0.0035827159881591797,1.6689300537109375e-06,2.384185791015625e-07
6916,0.00380706787109375,1.6689300537109375e-06,2.384185791015625e-07
6917,0.003351926803588867,2.1457672119140625e-06,2.384185791015625e-07
6918,0.005241870880126953,1.6689300537109375e-06,4.76837158203125e-07
6919,0.002531290054321289,1.9073486328125e-06,2.384185791015625e-07
6920,0.0030612945556640625,1.9073486328125e-06,2.384185791015625e-07
6921,0.003805875778198242,1.6689300537109375e-06,4.76837158203125e-07
6922,0.002689838409423828,2.1457672119140625e-06,4.76837158203125e-07
6923,0.0024764537811279297,1.9073486328125e-06,2.384185791015625e-07
6924,0.0041849613189697266,2.1457672119140625e-06,4.76837158203125e-07
6925,0.004269123077392578,1.9073486328125e-06,2.384185791015625e-07
6926,0.003751516342163086,2.1457672119140625e-06,4.76837158203125e-07
6927,0.004832744598388672,1.9073486328125e-06,2.384185791015625e-07
6928,0.0036203861236572266,1.9073486328125e-06,2.384185791015625e-07
6929,0.005614757537841797,2.1457672119140625e-06,2.384185791015625e-07
6930,0.0029981136322021484,2.1457672119140625e-06,2.384185791015625e-07
6931,0.0030710697174072266,1.9073486328125e-06,4.76837158203125e-07
6932,0.003731250762939453,1.6689300537109375e-06,2.384185791015625e-07
6933,0.004438161849975586,1.9073486328125e-06,2.384185791015625e-07
6934,0.0029039382934570312,1.9073486328125e-06,2.384185791015625e-07
6935,0.005652427673339844,1.9073486328125e-06,2.384185791015625e-07
6936,0.004239082336425781,1.9073486328125e-06,2.384185791015625e-07
6937,0.004050016403198242,2.1457672119140625e-06,2.384185791015625e-07
6938,0.002554655075073242,1.9073486328125e-06,2.384185791015625e-07
6939,0.0035686492919921875,1.6689300537109375e-06,2.384185791015625e-07
6940,0.004480123519897461,1.6689300537109375e-06,4.76837158203125e-07
6941,0.004509449005126953,1.6689300537109375e-06,2.384185791015625e-07
6942,0.0028984546661376953,1.6689300537109375e-06,4.76837158203125e-07
6943,0.0018739700317382812,1.9073486328125e-06,2.384185791015625e-07
6944,0.0041294097900390625,1.9073486328125e-06,4.76837158203125e-07
6945,0.0044097900390625,1.9073486328125e-06,7.152557373046875e-07
6946,0.003411531448364258,1.6689300537109375e-06,2.384185791015625e-07
6947,0.003474712371826172,1.6689300537109375e-06,2.384185791015625e-07
6948,0.004359722137451172,1.6689300537109375e-06,2.384185791015625e-07
6949,0.004113197326660156,1.6689300537109375e-06,2.384185791015625e-07
6950,0.002577066421508789,1.9073486328125e-06,4.76837158203125e-07
6951,0.0027370452880859375,1.9073486328125e-06,2.384185791015625e-07
6952,0.004181623458862305,2.1457672119140625e-06,2.384185791015625e-07
6953,0.003809213638305664,1.9073486328125e-06,4.76837158203125e-07
6954,0.0037720203399658203,1.6689300537109375e-06,4.76837158203125e-07
6955,0.004275321960449219,1.9073486328125e-06,4.76837158203125e-07
6956,0.003866910934448242,1.6689300537109375e-06,2.384185791015625e-07
6957,0.0027513504028320312,1.9073486328125e-06,4.76837158203125e-07
6958,0.002693653106689453,2.1457672119140625e-06,2.384185791015625e-07
6959,0.002068042755126953,1.9073486328125e-06,2.384185791015625e-07
6960,0.005240678787231445,1.9073486328125e-06,2.384185791015625e-07
6961,0.00464630126953125,1.9073486328125e-06,2.384185791015625e-07
6962,0.0030770301818847656,1.9073486328125e-06,2.384185791015625e-07
6963,0.004349470138549805,1.9073486328125e-06,2.384185791015625e-07
6964,0.003850221633911133,2.1457672119140625e-06,2.384185791015625e-07
6965,0.0018775463104248047,1.9073486328125e-06,2.384185791015625e-07
6966,0.003755807876586914,1.9073486328125e-06,2.384185791015625e-07
6967,0.003403902053833008,2.1457672119140625e-06,2.384185791015625e-07
6968,0.0038537979125976562,1.6689300537109375e-06,2.384185791015625e-07
6969,0.002568960189819336,1.6689300537109375e-06,2.384185791015625e-07
6970,0.004040241241455078,1.9073486328125e-06,2.384185791015625e-07
6971,0.0055391788482666016,1.6689300537109375e-06,4.76837158203125e-07
6972,0.004557609558105469,1.9073486328125e-06,4.76837158203125e-07
6973,0.003086090087890625,1.6689300537109375e-06,4.76837158203125e-07
6974,0.005601644515991211,1.6689300537109375e-06,2.384185791015625e-07
6975,0.0028493404388427734,1.430511474609375e-06,2.384185791015625e-07
6976,0.0041048526763916016,1.9073486328125e-06,4.76837158203125e-07
6977,0.00325775146484375,1.6689300537109375e-06,4.76837158203125e-07
6978,0.0036530494689941406,1.6689300537109375e-06,4.76837158203125e-07
6979,0.003997325897216797,1.9073486328125e-06,2.384185791015625e-07
6980,0.004834175109863281,1.9073486328125e-06,2.384185791015625e-07
6981,0.003796815872192383,1.6689300537109375e-06,2.384185791015625e-07
6982,0.0027725696563720703,1.9073486328125e-06,2.384185791015625e-07
6983,0.002623319625854492,1.430511474609375e-06,2.384185791015625e-07
6984,0.003960609436035156,1.6689300537109375e-06,2.384185791015625e-07
6985,0.002748250961303711,1.6689300537109375e-06,4.76837158203125e-07
6986,0.0027861595153808594,1.6689300537109375e-06,2.384185791015625e-07
6987,0.005191326141357422,1.6689300537109375e-06,2.384185791015625e-07
6988,0.004509449005126953,1.9073486328125e-06,2.384185791015625e-07
6989,0.003859281539916992,1.6689300537109375e-06,2.384185791015625e-07
6990,0.003820180892944336,1.9073486328125e-06,2.384185791015625e-07
6991,0.005637168884277344,1.9073486328125e-06,2.384185791015625e-07
6992,0.0024261474609375,1.9073486328125e-06,2.384185791015625e-07
6993,0.0028007030487060547,2.1457672119140625e-06,4.76837158203125e-07
6994,0.0030639171600341797,1.6689300537109375e-06,4.76837158203125e-07
6995,0.003400087356567383,1.6689300537109375e-06,4.76837158203125e-07
6996,0.002722501754760742,2.1457672119140625e-06,2.384185791015625e-07
6997,0.003873586654663086,1.9073486328125e-06,2.384185791015625e-07
6998,0.003130674362182617,1.6689300537109375e-06,2.384185791015625e-07
6999,0.003175973892211914,1.9073486328125e-06,2.384185791015625e-07
7000,0.004244565963745117,1.9073486328125e-06,2.384185791015625e-07
7001,0.0036041736602783203,2.384185791015625e-06,4.76837158203125e-07
7002,0.0025932788848876953,1.9073486328125e-06,4.76837158203125e-07
7003,0.004112720489501953,1.9073486328125e-06,7.152557373046875e-07
7004,0.0031108856201171875,1.9073486328125e-06,2.384185791015625e-07
7005,0.004950284957885742,1.9073486328125e-06,2.384185791015625e-07
7006,0.00390934944152832,1.9073486328125e-06,2.384185791015625e-07
7007,0.004612922668457031,1.9073486328125e-06,4.76837158203125e-07
7008,0.004128932952880859,1.9073486328125e-06,2.384185791015625e-07
7009,0.004381418228149414,1.430511474609375e-06,2.384185791015625e-07
7010,0.0036208629608154297,1.6689300537109375e-06,2.384185791015625e-07
7011,0.004248142242431641,1.6689300537109375e-06,4.76837158203125e-07
7012,0.0026252269744873047,1.6689300537109375e-06,2.384185791015625e-07
7013,0.004141330718994141,1.6689300537109375e-06,2.384185791015625e-07
7014,0.0025968551635742188,1.6689300537109375e-06,4.76837158203125e-07
7015,0.003320455551147461,1.9073486328125e-06,2.384185791015625e-07
7016,0.006039142608642578,1.9073486328125e-06,7.152557373046875e-07
7017,0.0028171539306640625,1.9073486328125e-06,2.384185791015625e-07
7018,0.004675149917602539,1.9073486328125e-06,2.384185791015625e-07
7019,0.004600048065185547,1.9073486328125e-06,2.384185791015625e-07
7020,0.004278659820556641,2.1457672119140625e-06,2.384185791015625e-07
7021,0.004647016525268555,2.1457672119140625e-06,2.384185791015625e-07
7022,0.0038132667541503906,1.6689300537109375e-06,2.384185791015625e-07
7023,0.004080295562744141,1.9073486328125e-06,2.384185791015625e-07
7024,0.0040662288665771484,2.1457672119140625e-06,2.384185791015625e-07
7025,0.0025739669799804688,1.9073486328125e-06,2.384185791015625e-07
7026,0.0018339157104492188,2.1457672119140625e-06,2.384185791015625e-07
7027,0.004808187484741211,1.9073486328125e-06,4.76837158203125e-07
7028,0.002998828887939453,1.9073486328125e-06,4.76837158203125e-07
7029,0.0024111270904541016,1.6689300537109375e-06,4.76837158203125e-07
7030,0.00521540641784668,1.9073486328125e-06,4.76837158203125e-07
7031,0.004350900650024414,1.6689300537109375e-06,2.384185791015625e-07
7032,0.004006385803222656,1.6689300537109375e-06,2.384185791015625e-07
7033,0.0041697025299072266,1.9073486328125e-06,2.384185791015625e-07
7034,0.003284931182861328,1.430511474609375e-06,4.76837158203125e-07
7035,0.004178047180175781,1.6689300537109375e-06,2.384185791015625e-07
7036,0.0035719871520996094,1.6689300537109375e-06,4.76837158203125e-07
7037,0.005415439605712891,1.6689300537109375e-06,2.384185791015625e-07
7038,0.0047647953033447266,1.6689300537109375e-06,2.384185791015625e-07
7039,0.0048274993896484375,1.6689300537109375e-06,2.384185791015625e-07
7040,0.004861593246459961,1.9073486328125e-06,2.384185791015625e-07
7041,0.0028924942016601562,1.9073486328125e-06,2.384185791015625e-07
7042,0.004385948181152344,2.1457672119140625e-06,2.384185791015625e-07
7043,0.0031321048736572266,1.9073486328125e-06,4.76837158203125e-07
7044,0.004990577697753906,1.9073486328125e-06,4.76837158203125e-07
7045,0.0035543441772460938,2.1457672119140625e-06,4.76837158203125e-07
7046,0.005505561828613281,1.6689300537109375e-06,2.384185791015625e-07
7047,0.003074169158935547,1.9073486328125e-06,2.384185791015625e-07
7048,0.005812406539916992,1.9073486328125e-06,2.384185791015625e-07
7049,0.0037717819213867188,2.1457672119140625e-06,2.384185791015625e-07
7050,0.005624532699584961,1.9073486328125e-06,2.384185791015625e-07
7051,0.0034508705139160156,1.6689300537109375e-06,2.384185791015625e-07
7052,0.0030975341796875,1.6689300537109375e-06,2.384185791015625e-07
7053,0.005789279937744141,1.6689300537109375e-06,2.384185791015625e-07
7054,0.0025911331176757812,1.6689300537109375e-06,2.384185791015625e-07
7055,0.004839897155761719,1.6689300537109375e-06,2.384185791015625e-07
7056,0.0038976669311523438,1.9073486328125e-06,2.384185791015625e-07
7057,0.003850221633911133,1.6689300537109375e-06,7.152557373046875e-07
7058,0.003576040267944336,1.430511474609375e-06,4.76837158203125e-07
7059,0.0038509368896484375,1.9073486328125e-06,4.76837158203125e-07
7060,0.0033740997314453125,1.6689300537109375e-06,2.384185791015625e-07
7061,0.0029060840606689453,1.6689300537109375e-06,2.384185791015625e-07
7062,0.002858400344848633,1.6689300537109375e-06,2.384185791015625e-07
7063,0.0019609928131103516,1.9073486328125e-06,2.384185791015625e-07
7064,0.00488591194152832,1.9073486328125e-06,2.384185791015625e-07
7065,0.0053670406341552734,1.9073486328125e-06,2.384185791015625e-07
7066,0.0022745132446289062,1.9073486328125e-06,2.384185791015625e-07
7067,0.004584312438964844,1.9073486328125e-06,2.384185791015625e-07
7068,0.004930257797241211,1.9073486328125e-06,2.384185791015625e-07
7069,0.004170894622802734,1.9073486328125e-06,4.76837158203125e-07
7070,0.0026977062225341797,1.6689300537109375e-06,2.384185791015625e-07
7071,0.0055999755859375,1.9073486328125e-06,2.384185791015625e-07
7072,0.003705263137817383,1.6689300537109375e-06,2.384185791015625e-07
7073,0.003116607666015625,1.6689300537109375e-06,4.76837158203125e-07
7074,0.002577066421508789,1.9073486328125e-06,2.384185791015625e-07
7075,0.003920555114746094,1.9073486328125e-06,2.384185791015625e-07
7076,0.0040552616119384766,1.6689300537109375e-06,2.384185791015625e-07
7077,0.003941774368286133,1.6689300537109375e-06,4.76837158203125e-07
7078,0.003199338912963867,1.6689300537109375e-06,2.384185791015625e-07
7079,0.004807233810424805,1.9073486328125e-06,4.76837158203125e-07
7080,0.004132986068725586,1.6689300537109375e-06,2.384185791015625e-07
7081,0.004964351654052734,1.9073486328125e-06,2.384185791015625e-07
7082,0.0031735897064208984,1.9073486328125e-06,2.384185791015625e-07
7083,0.003996610641479492,1.9073486328125e-06,4.76837158203125e-07
7084,0.003189563751220703,1.9073486328125e-06,2.384185791015625e-07
7085,0.006113529205322266,1.9073486328125e-06,4.76837158203125e-07
7086,0.0030159950256347656,1.9073486328125e-06,2.384185791015625e-07
7087,0.003924846649169922,1.9073486328125e-06,2.384185791015625e-07
7088,0.0047206878662109375,1.9788742065429688e-05,2.384185791015625e-07
7089,0.0040378570556640625,1.6689300537109375e-06,2.384185791015625e-07
7090,0.003553628921508789,1.6689300537109375e-06,2.384185791015625e-07
7091,0.0042455196380615234,1.6689300537109375e-06,2.384185791015625e-07
7092,0.005522012710571289,1.6689300537109375e-06,2.384185791015625e-07
7093,0.00542449951171875,1.6689300537109375e-06,4.76837158203125e-07
7094,0.0067903995513916016,1.6689300537109375e-06,4.76837158203125e-07
7095,0.00436711311340332,1.9073486328125e-06,2.384185791015625e-07
7096,0.00406336784362793,1.6689300537109375e-06,4.76837158203125e-07
7097,0.004109859466552734,1.6689300537109375e-06,2.384185791015625e-07
7098,0.004378557205200195,1.9073486328125e-06,2.384185791015625e-07
7099,0.0035238265991210938,1.9073486328125e-06,2.384185791015625e-07
7100,0.0031309127807617188,2.1457672119140625e-06,2.384185791015625e-07
7101,0.005759000778198242,2.1457672119140625e-06,4.76837158203125e-07
7102,0.004320859909057617,2.1457672119140625e-06,2.384185791015625e-07
7103,0.004432201385498047,2.1457672119140625e-06,2.384185791015625e-07
7104,0.004175662994384766,1.9073486328125e-06,2.384185791015625e-07
7105,0.005893230438232422,1.9073486328125e-06,2.384185791015625e-07
7106,0.005610466003417969,1.9073486328125e-06,2.384185791015625e-07
7107,0.004851579666137695,1.9073486328125e-06,2.384185791015625e-07
7108,0.0051043033599853516,1.9073486328125e-06,2.384185791015625e-07
7109,0.004544258117675781,1.9073486328125e-06,2.384185791015625e-07
7110,0.004426479339599609,2.1457672119140625e-06,2.384185791015625e-07
7111,0.005048036575317383,2.1457672119140625e-06,2.384185791015625e-07
7112,0.005124092102050781,1.9073486328125e-06,2.384185791015625e-07
7113,0.002723217010498047,1.9073486328125e-06,2.384185791015625e-07
7114,0.003155946731567383,1.9073486328125e-06,2.384185791015625e-07
7115,0.005707502365112305,1.9073486328125e-06,2.384185791015625e-07
7116,0.004948854446411133,2.1457672119140625e-06,2.384185791015625e-07
7117,0.002572774887084961,1.6689300537109375e-06,2.384185791015625e-07
7118,0.005507707595825195,1.6689300537109375e-06,2.384185791015625e-07
7119,0.0050220489501953125,1.6689300537109375e-06,4.76837158203125e-07
7120,0.004961252212524414,1.430511474609375e-06,7.152557373046875e-07
7121,0.005480051040649414,1.6689300537109375e-06,2.384185791015625e-07
7122,0.004698038101196289,1.9073486328125e-06,2.384185791015625e-07
7123,0.0028181076049804688,1.6689300537109375e-06,2.384185791015625e-07
7124,0.0032813549041748047,1.430511474609375e-06,2.384185791015625e-07
7125,0.006017208099365234,1.6689300537109375e-06,2.384185791015625e-07
7126,0.0022292137145996094,1.6689300537109375e-06,2.384185791015625e-07
7127,0.0056192874908447266,1.6689300537109375e-06,4.76837158203125e-07
7128,0.0031158924102783203,1.9073486328125e-06,2.384185791015625e-07
7129,0.005369901657104492,2.1457672119140625e-06,2.384185791015625e-07
7130,0.004107952117919922,1.9073486328125e-06,4.76837158203125e-07
7131,0.0030694007873535156,1.6689300537109375e-06,2.384185791015625e-07
7132,0.0032608509063720703,1.9073486328125e-06,4.76837158203125e-07
7133,0.003579378128051758,1.6689300537109375e-06,7.152557373046875e-07
7134,0.005498409271240234,2.1457672119140625e-06,4.76837158203125e-07
7135,0.006450176239013672,1.6689300537109375e-06,2.384185791015625e-07
7136,0.004742860794067383,1.9073486328125e-06,2.384185791015625e-07
7137,0.0043430328369140625,2.1457672119140625e-06,2.384185791015625e-07
7138,0.0031349658966064453,2.1457672119140625e-06,4.76837158203125e-07
7139,0.0038678646087646484,2.1457672119140625e-06,2.384185791015625e-07
7140,0.0031058788299560547,1.9073486328125e-06,4.76837158203125e-07
7141,0.00437474250793457,1.9073486328125e-06,2.384185791015625e-07
7142,0.0037088394165039062,1.9073486328125e-06,2.384185791015625e-07
7143,0.005023956298828125,1.9073486328125e-06,2.384185791015625e-07
7144,0.004058361053466797,2.1457672119140625e-06,4.76837158203125e-07
7145,0.005438566207885742,1.9073486328125e-06,4.76837158203125e-07
7146,0.0037469863891601562,2.1457672119140625e-06,7.152557373046875e-07
7147,0.004711627960205078,2.1457672119140625e-06,2.384185791015625e-07
7148,0.0034914016723632812,2.1457672119140625e-06,2.384185791015625e-07
7149,0.004389762878417969,2.1457672119140625e-06,2.384185791015625e-07
7150,0.004322052001953125,2.1457672119140625e-06,2.384185791015625e-07
7151,0.0055773258209228516,1.9073486328125e-06,4.76837158203125e-07
7152,0.005079746246337891,1.9073486328125e-06,2.384185791015625e-07
7153,0.00439763069152832,2.384185791015625e-06,2.384185791015625e-07
7154,0.0034754276275634766,1.9073486328125e-06,2.384185791015625e-07
7155,0.005403995513916016,1.9073486328125e-06,7.152557373046875e-07
7156,0.0051116943359375,1.9073486328125e-06,2.384185791015625e-07
7157,0.004385232925415039,1.6689300537109375e-06,2.384185791015625e-07
7158,0.002557992935180664,1.6689300537109375e-06,2.384185791015625e-07
7159,0.005372047424316406,1.6689300537109375e-06,2.384185791015625e-07
7160,0.0032417774200439453,1.9073486328125e-06,2.384185791015625e-07
7161,0.0014317035675048828,1.9073486328125e-06,4.76837158203125e-07
7162,0.005823850631713867,1.6689300537109375e-06,4.76837158203125e-07
7163,0.0031099319458007812,2.1457672119140625e-06,2.384185791015625e-07
7164,0.005720376968383789,1.6689300537109375e-06,2.384185791015625e-07
7165,0.004652261734008789,1.9073486328125e-06,2.384185791015625e-07
7166,0.002086162567138672,1.6689300537109375e-06,2.384185791015625e-07
7167,0.0045053958892822266,1.9073486328125e-06,2.384185791015625e-07
7168,0.004253387451171875,1.9073486328125e-06,4.76837158203125e-07
7169,0.0030450820922851562,1.6689300537109375e-06,2.384185791015625e-07
7170,0.003729104995727539,1.9073486328125e-06,4.76837158203125e-07
7171,0.004611492156982422,1.9073486328125e-06,4.76837158203125e-07
7172,0.004826068878173828,2.1457672119140625e-06,4.76837158203125e-07
7173,0.002378225326538086,1.9073486328125e-06,4.76837158203125e-07
7174,0.002885103225708008,1.9073486328125e-06,2.384185791015625e-07
7175,0.0038869380950927734,2.1457672119140625e-06,2.384185791015625e-07
7176,0.0040662288665771484,1.6689300537109375e-06,2.384185791015625e-07
7177,0.0029261112213134766,2.1457672119140625e-06,4.76837158203125e-07
7178,0.0036509037017822266,1.9073486328125e-06,2.384185791015625e-07
7179,0.0023584365844726562,1.9073486328125e-06,2.384185791015625e-07
7180,0.00601959228515625,1.6689300537109375e-06,2.384185791015625e-07
7181,0.0032432079315185547,2.1457672119140625e-06,2.384185791015625e-07
7182,0.0036666393280029297,1.9073486328125e-06,2.384185791015625e-07
7183,0.004220247268676758,1.9073486328125e-06,2.384185791015625e-07
7184,0.0035245418548583984,1.9073486328125e-06,2.384185791015625e-07
7185,0.00568079948425293,1.9073486328125e-06,2.384185791015625e-07
7186,0.0038805007934570312,2.1457672119140625e-06,4.76837158203125e-07
7187,0.003710508346557617,1.6689300537109375e-06,2.384185791015625e-07
7188,0.005706071853637695,1.9073486328125e-06,2.384185791015625e-07
7189,0.0055484771728515625,2.1457672119140625e-06,2.384185791015625e-07
7190,0.0037720203399658203,1.9073486328125e-06,7.152557373046875e-07
7191,0.005340576171875,1.9073486328125e-06,2.384185791015625e-07
7192,0.002872943878173828,2.1457672119140625e-06,4.76837158203125e-07
7193,0.0038568973541259766,1.9073486328125e-06,4.76837158203125e-07
7194,0.0058383941650390625,1.9073486328125e-06,2.384185791015625e-07
7195,0.004229068756103516,1.9073486328125e-06,4.76837158203125e-07
7196,0.003349781036376953,2.1457672119140625e-06,2.384185791015625e-07
7197,0.00413823127746582,1.6689300537109375e-06,2.384185791015625e-07
7198,0.0027184486389160156,1.9073486328125e-06,2.384185791015625e-07
7199,0.0037865638732910156,1.6689300537109375e-06,2.384185791015625e-07
7200,0.002742290496826172,1.6689300537109375e-06,4.76837158203125e-07
7201,0.0035080909729003906,1.6689300537109375e-06,2.384185791015625e-07
7202,0.006235361099243164,1.6689300537109375e-06,2.384185791015625e-07
7203,0.003548145294189453,1.6689300537109375e-06,4.76837158203125e-07
7204,0.003383159637451172,1.6689300537109375e-06,2.384185791015625e-07
7205,0.0043942928314208984,1.6689300537109375e-06,4.76837158203125e-07
7206,0.0026934146881103516,1.6689300537109375e-06,2.384185791015625e-07
7207,0.0033926963806152344,1.9073486328125e-06,4.76837158203125e-07
7208,0.004394054412841797,1.9073486328125e-06,2.384185791015625e-07
7209,0.004870891571044922,1.9073486328125e-06,2.384185791015625e-07
7210,0.003201723098754883,2.384185791015625e-06,2.384185791015625e-07
7211,0.004860639572143555,1.6689300537109375e-06,2.384185791015625e-07
7212,0.002841472625732422,1.9073486328125e-06,2.384185791015625e-07
7213,0.0048046112060546875,1.9073486328125e-06,2.384185791015625e-07
7214,0.005368471145629883,1.9073486328125e-06,7.152557373046875e-07
7215,0.005187273025512695,2.1457672119140625e-06,2.384185791015625e-07
7216,0.003003358840942383,1.9073486328125e-06,2.384185791015625e-07
7217,0.003299236297607422,1.9073486328125e-06,2.384185791015625e-07
7218,0.0050983428955078125,1.9073486328125e-06,2.384185791015625e-07
7219,0.004197120666503906,1.9073486328125e-06,2.384185791015625e-07
7220,0.0052983760833740234,1.9073486328125e-06,2.384185791015625e-07
7221,0.0026865005493164062,1.6689300537109375e-06,2.384185791015625e-07
7222,0.0030503273010253906,1.9073486328125e-06,2.384185791015625e-07
7223,0.005095481872558594,1.9073486328125e-06,2.384185791015625e-07
7224,0.004980802536010742,1.6689300537109375e-06,4.76837158203125e-07
7225,0.0030670166015625,1.6689300537109375e-06,4.76837158203125e-07
7226,0.003215789794921875,1.9073486328125e-06,4.76837158203125e-07
7227,0.005378246307373047,1.6689300537109375e-06,2.384185791015625e-07
7228,0.004889726638793945,1.9073486328125e-06,2.384185791015625e-07
7229,0.004606485366821289,1.6689300537109375e-06,2.384185791015625e-07
7230,0.005173683166503906,1.6689300537109375e-06,2.384185791015625e-07
7231,0.003972768783569336,1.6689300537109375e-06,4.76837158203125e-07
7232,0.002882719039916992,1.6689300537109375e-06,2.384185791015625e-07
7233,0.003333568572998047,1.9073486328125e-06,2.384185791015625e-07
7234,0.002500772476196289,1.9073486328125e-06,2.384185791015625e-07
7235,0.003582000732421875,1.9073486328125e-06,2.384185791015625e-07
7236,0.0024192333221435547,1.9073486328125e-06,2.384185791015625e-07
7237,0.0035529136657714844,1.6689300537109375e-06,2.384185791015625e-07
7238,0.004544496536254883,1.9073486328125e-06,2.384185791015625e-07
7239,0.0051805973052978516,1.6689300537109375e-06,2.384185791015625e-07
7240,0.003266572952270508,1.9073486328125e-06,4.76837158203125e-07
7241,0.003553628921508789,1.6689300537109375e-06,2.384185791015625e-07
7242,0.003084421157836914,2.384185791015625e-06,2.384185791015625e-07
7243,0.004363059997558594,1.6689300537109375e-06,2.384185791015625e-07
7244,0.0041429996490478516,1.9073486328125e-06,2.384185791015625e-07
7245,0.004057645797729492,1.9073486328125e-06,7.152557373046875e-07
7246,0.00625300407409668,1.6689300537109375e-06,2.384185791015625e-07
7247,0.005396366119384766,1.9073486328125e-06,4.76837158203125e-07
7248,0.006181001663208008,1.6689300537109375e-06,2.384185791015625e-07
7249,0.004652738571166992,1.6689300537109375e-06,7.152557373046875e-07
7250,0.004693508148193359,1.6689300537109375e-06,4.76837158203125e-07
7251,0.0033385753631591797,1.6689300537109375e-06,2.384185791015625e-07
7252,0.0037369728088378906,1.6689300537109375e-06,2.384185791015625e-07
7253,0.0013082027435302734,1.6689300537109375e-06,2.384185791015625e-07
7254,0.005101203918457031,2.1457672119140625e-06,2.384185791015625e-07
7255,0.004527091979980469,2.1457672119140625e-06,2.384185791015625e-07
7256,0.00415802001953125,1.9073486328125e-06,2.384185791015625e-07
7257,0.004015207290649414,1.6689300537109375e-06,4.76837158203125e-07
7258,0.005297660827636719,1.9073486328125e-06,7.152557373046875e-07
7259,0.0034639835357666016,2.1457672119140625e-06,4.76837158203125e-07
7260,0.00551915168762207,2.1457672119140625e-06,4.76837158203125e-07
7261,0.005070686340332031,1.9073486328125e-06,2.384185791015625e-07
7262,0.0033414363861083984,1.9073486328125e-06,2.384185791015625e-07
7263,0.004961252212524414,1.9073486328125e-06,4.76837158203125e-07
7264,0.0033121109008789062,1.9073486328125e-06,2.384185791015625e-07
7265,0.005905628204345703,1.9073486328125e-06,4.76837158203125e-07
7266,0.0032944679260253906,1.9073486328125e-06,2.384185791015625e-07
7267,0.0037415027618408203,1.9073486328125e-06,4.76837158203125e-07
7268,0.004724979400634766,1.9073486328125e-06,2.384185791015625e-07
7269,0.00427699089050293,1.6689300537109375e-06,2.384185791015625e-07
7270,0.0043108463287353516,1.6689300537109375e-06,4.76837158203125e-07
7271,0.004010200500488281,1.6689300537109375e-06,2.384185791015625e-07
7272,0.002386808395385742,2.1457672119140625e-06,4.76837158203125e-07
7273,0.003582000732421875,1.6689300537109375e-06,4.76837158203125e-07
7274,0.0042116641998291016,1.6689300537109375e-06,4.76837158203125e-07
7275,0.004659891128540039,1.6689300537109375e-06,4.76837158203125e-07
7276,0.0046617984771728516,1.6689300537109375e-06,2.384185791015625e-07
7277,0.0021979808807373047,1.6689300537109375e-06,2.384185791015625e-07
7278,0.004279375076293945,1.9073486328125e-06,4.76837158203125e-07
7279,0.0034737586975097656,1.6689300537109375e-06,4.76837158203125e-07
7280,0.0036513805389404297,1.6689300537109375e-06,2.384185791015625e-07
7281,0.004160165786743164,1.6689300537109375e-06,2.384185791015625e-07
7282,0.005082130432128906,1.9073486328125e-06,4.76837158203125e-07
7283,0.0037908554077148438,2.1457672119140625e-06,4.76837158203125e-07
7284,0.005909442901611328,1.9073486328125e-06,4.76837158203125e-07
7285,0.00400233268737793,1.9073486328125e-06,7.152557373046875e-07
7286,0.004088401794433594,1.9073486328125e-06,2.384185791015625e-07
7287,0.004021167755126953,1.9073486328125e-06,2.384185791015625e-07
7288,0.00402522087097168,1.9073486328125e-06,2.384185791015625e-07
7289,0.004036903381347656,2.1457672119140625e-06,2.384185791015625e-07
7290,0.0047533512115478516,1.9073486328125e-06,2.384185791015625e-07
7291,0.004526376724243164,1.6689300537109375e-06,2.384185791015625e-07
7292,0.004178524017333984,1.6689300537109375e-06,2.384185791015625e-07
7293,0.004492044448852539,1.6689300537109375e-06,2.384185791015625e-07
7294,0.0046291351318359375,1.9073486328125e-06,2.384185791015625e-07
7295,0.0029239654541015625,1.6689300537109375e-06,4.76837158203125e-07
7296,0.00466465950012207,1.430511474609375e-06,4.76837158203125e-07
7297,0.004144430160522461,1.6689300537109375e-06,2.384185791015625e-07
7298,0.004518270492553711,1.6689300537109375e-06,4.76837158203125e-07
7299,0.005383968353271484,1.9073486328125e-06,4.76837158203125e-07
7300,0.005269050598144531,1.6689300537109375e-06,4.76837158203125e-07
7301,0.0015327930450439453,1.9073486328125e-06,4.76837158203125e-07
7302,0.0050182342529296875,1.6689300537109375e-06,4.76837158203125e-07
7303,0.005730152130126953,2.1457672119140625e-06,4.76837158203125e-07
7304,0.006725311279296875,2.1457672119140625e-06,4.76837158203125e-07
7305,0.00407719612121582,1.9073486328125e-06,2.384185791015625e-07
7306,0.004893779754638672,1.9073486328125e-06,2.384185791015625e-07
7307,0.004293680191040039,1.6689300537109375e-06,2.384185791015625e-07
7308,0.006163120269775391,1.9073486328125e-06,4.76837158203125e-07
7309,0.004868984222412109,2.384185791015625e-06,2.384185791015625e-07
7310,0.004932403564453125,1.9073486328125e-06,2.384185791015625e-07
7311,0.0064237117767333984,2.1457672119140625e-06,2.384185791015625e-07
7312,0.005231380462646484,1.6689300537109375e-06,2.384185791015625e-07
7313,0.0032796859741210938,2.1457672119140625e-06,2.384185791015625e-07
7314,0.00392603874206543,2.384185791015625e-06,2.384185791015625e-07
7315,0.002238035202026367,1.9073486328125e-06,2.384185791015625e-07
7316,0.004975795745849609,1.9073486328125e-06,2.384185791015625e-07
7317,0.0039730072021484375,2.1457672119140625e-06,4.76837158203125e-07
7318,0.005426645278930664,1.9073486328125e-06,2.384185791015625e-07
7319,0.0038764476776123047,1.6689300537109375e-06,4.76837158203125e-07
7320,0.0021865367889404297,1.6689300537109375e-06,4.76837158203125e-07
7321,0.006441354751586914,1.6689300537109375e-06,7.152557373046875e-07
7322,0.004823207855224609,1.9073486328125e-06,2.384185791015625e-07
7323,0.004649162292480469,1.6689300537109375e-06,2.384185791015625e-07
7324,0.0032575130462646484,1.9073486328125e-06,2.384185791015625e-07
7325,0.004092693328857422,1.6689300537109375e-06,2.384185791015625e-07
7326,0.0034651756286621094,1.9073486328125e-06,2.384185791015625e-07
7327,0.004416465759277344,1.9073486328125e-06,2.384185791015625e-07
7328,0.004311323165893555,1.9073486328125e-06,2.384185791015625e-07
7329,0.001969575881958008,1.9073486328125e-06,4.76837158203125e-07
7330,0.005163908004760742,1.9073486328125e-06,7.152557373046875e-07
7331,0.0045354366302490234,1.9073486328125e-06,2.384185791015625e-07
7332,0.004782199859619141,1.9073486328125e-06,2.384185791015625e-07
7333,0.002832174301147461,2.1457672119140625e-06,4.76837158203125e-07
7334,0.003914356231689453,1.9073486328125e-06,2.384185791015625e-07
7335,0.005230903625488281,1.6689300537109375e-06,2.384185791015625e-07
7336,0.003206014633178711,1.6689300537109375e-06,2.384185791015625e-07
7337,0.003603219985961914,1.6689300537109375e-06,2.384185791015625e-07
7338,0.005401611328125,1.9073486328125e-06,2.384185791015625e-07
7339,0.0029304027557373047,1.6689300537109375e-06,4.76837158203125e-07
7340,0.002710580825805664,2.1457672119140625e-06,2.384185791015625e-07
7341,0.005256175994873047,1.6689300537109375e-06,2.384185791015625e-07
7342,0.004972934722900391,1.6689300537109375e-06,2.384185791015625e-07
7343,0.0033702850341796875,1.6689300537109375e-06,2.384185791015625e-07
7344,0.0038111209869384766,1.6689300537109375e-06,2.384185791015625e-07
7345,0.003991365432739258,1.6689300537109375e-06,2.384185791015625e-07
7346,0.0035796165466308594,1.6689300537109375e-06,2.384185791015625e-07
7347,0.0023963451385498047,1.6689300537109375e-06,2.384185791015625e-07
7348,0.004687070846557617,1.6689300537109375e-06,4.76837158203125e-07
7349,0.004132270812988281,1.6689300537109375e-06,2.384185791015625e-07
7350,0.005506038665771484,1.9073486328125e-06,4.76837158203125e-07
7351,0.0050585269927978516,2.1457672119140625e-06,2.384185791015625e-07
7352,0.0037453174591064453,1.9073486328125e-06,2.384185791015625e-07
7353,0.004558086395263672,1.6689300537109375e-06,2.384185791015625e-07
7354,0.001369476318359375,1.9073486328125e-06,2.384185791015625e-07
7355,0.0033960342407226562,1.9073486328125e-06,4.76837158203125e-07
7356,0.003631114959716797,2.1457672119140625e-06,4.76837158203125e-07
7357,0.004153251647949219,2.1457672119140625e-06,7.152557373046875e-07
7358,0.0027937889099121094,1.9073486328125e-06,2.384185791015625e-07
7359,0.004759788513183594,1.9073486328125e-06,4.76837158203125e-07
7360,0.004997968673706055,2.1457672119140625e-06,2.384185791015625e-07
7361,0.00337982177734375,1.9073486328125e-06,4.76837158203125e-07
7362,0.0025348663330078125,2.1457672119140625e-06,2.384185791015625e-07
7363,0.004808187484741211,1.9073486328125e-06,2.384185791015625e-07
7364,0.0047457218170166016,1.9073486328125e-06,2.384185791015625e-07
7365,0.0017480850219726562,1.9073486328125e-06,2.384185791015625e-07
7366,0.0036923885345458984,1.9073486328125e-06,2.384185791015625e-07
7367,0.0037381649017333984,2.1457672119140625e-06,4.76837158203125e-07
7368,0.005538225173950195,1.9073486328125e-06,2.384185791015625e-07
7369,0.004213094711303711,1.9073486328125e-06,4.76837158203125e-07
7370,0.005360126495361328,1.9073486328125e-06,4.76837158203125e-07
7371,0.003559112548828125,2.1457672119140625e-06,2.384185791015625e-07
7372,0.005537271499633789,1.9073486328125e-06,2.384185791015625e-07
7373,0.004517555236816406,2.1457672119140625e-06,2.384185791015625e-07
7374,0.006454944610595703,1.9073486328125e-06,2.384185791015625e-07
7375,0.005850315093994141,1.9073486328125e-06,2.384185791015625e-07
7376,0.0051801204681396484,1.9073486328125e-06,2.384185791015625e-07
7377,0.003719329833984375,1.9073486328125e-06,0.0
7378,0.0029594898223876953,2.1457672119140625e-06,2.384185791015625e-07
7379,0.002635955810546875,2.1457672119140625e-06,4.76837158203125e-07
7380,0.00527191162109375,2.1457672119140625e-06,2.384185791015625e-07
7381,0.004041433334350586,2.1457672119140625e-06,4.76837158203125e-07
7382,0.002707242965698242,1.6689300537109375e-06,2.384185791015625e-07
7383,0.003795623779296875,1.9073486328125e-06,2.384185791015625e-07
7384,0.0030062198638916016,2.1457672119140625e-06,2.384185791015625e-07
7385,0.00448298454284668,2.1457672119140625e-06,2.384185791015625e-07
7386,0.004891395568847656,1.9073486328125e-06,2.384185791015625e-07
7387,0.0038442611694335938,2.1457672119140625e-06,2.384185791015625e-07
7388,0.0029706954956054688,1.9073486328125e-06,2.384185791015625e-07
7389,0.004637718200683594,1.9073486328125e-06,2.384185791015625e-07
7390,0.002267599105834961,1.9073486328125e-06,2.384185791015625e-07
7391,0.004603147506713867,1.9073486328125e-06,2.384185791015625e-07
7392,0.003892660140991211,1.9073486328125e-06,4.76837158203125e-07
7393,0.0037882328033447266,2.384185791015625e-06,2.384185791015625e-07
7394,0.0028002262115478516,1.6689300537109375e-06,4.76837158203125e-07
7395,0.0017561912536621094,2.1457672119140625e-06,4.76837158203125e-07
7396,0.002727031707763672,1.9073486328125e-06,2.384185791015625e-07
7397,0.003068208694458008,1.9073486328125e-06,2.384185791015625e-07
7398,0.002361297607421875,1.9073486328125e-06,2.384185791015625e-07
7399,0.005039691925048828,2.1457672119140625e-06,4.76837158203125e-07
7400,0.018427610397338867,1.9073486328125e-06,2.384185791015625e-07
7401,0.0048978328704833984,2.1457672119140625e-06,2.384185791015625e-07
7402,0.0025386810302734375,1.9073486328125e-06,2.384185791015625e-07
7403,0.0033104419708251953,1.9073486328125e-06,2.384185791015625e-07
7404,0.0035479068756103516,1.6689300537109375e-06,2.384185791015625e-07
7405,0.003935337066650391,1.9073486328125e-06,2.384185791015625e-07
7406,0.004590511322021484,1.6689300537109375e-06,4.76837158203125e-07
7407,0.0049440860748291016,1.6689300537109375e-06,4.76837158203125e-07
7408,0.004262685775756836,1.9073486328125e-06,4.76837158203125e-07
7409,0.004471540451049805,1.6689300537109375e-06,2.384185791015625e-07
7410,0.00494837760925293,1.430511474609375e-06,2.384185791015625e-07
7411,0.004026174545288086,1.9073486328125e-06,2.384185791015625e-07
7412,0.003510713577270508,1.6689300537109375e-06,2.384185791015625e-07
7413,0.005231618881225586,1.9073486328125e-06,4.76837158203125e-07
7414,0.005834341049194336,1.9073486328125e-06,2.384185791015625e-07
7415,0.0036988258361816406,1.6689300537109375e-06,2.384185791015625e-07
7416,0.00593113899230957,1.6689300537109375e-06,4.76837158203125e-07
7417,0.005002737045288086,1.6689300537109375e-06,4.76837158203125e-07
7418,0.005300283432006836,1.9073486328125e-06,2.384185791015625e-07
7419,0.002702474594116211,1.6689300537109375e-06,4.76837158203125e-07
7420,0.005450725555419922,1.9073486328125e-06,2.384185791015625e-07
7421,0.003926753997802734,1.9073486328125e-06,2.384185791015625e-07
7422,0.0024335384368896484,2.1457672119140625e-06,2.384185791015625e-07
7423,0.0034503936767578125,1.9073486328125e-06,4.76837158203125e-07
7424,0.0045125484466552734,1.9073486328125e-06,2.384185791015625e-07
7425,0.0017538070678710938,1.9073486328125e-06,2.384185791015625e-07
7426,0.004389286041259766,1.9073486328125e-06,2.384185791015625e-07
7427,0.003887176513671875,1.9073486328125e-06,2.384185791015625e-07
7428,0.003265380859375,2.1457672119140625e-06,4.76837158203125e-07
7429,0.0031905174255371094,1.6689300537109375e-06,2.384185791015625e-07
7430,0.006273984909057617,1.6689300537109375e-06,4.76837158203125e-07
7431,0.004698753356933594,1.9073486328125e-06,2.384185791015625e-07
7432,0.0035562515258789062,1.6689300537109375e-06,4.76837158203125e-07
7433,0.006438255310058594,1.6689300537109375e-06,2.384185791015625e-07
7434,0.005549192428588867,1.6689300537109375e-06,2.384185791015625e-07
7435,0.004616737365722656,1.6689300537109375e-06,4.76837158203125e-07
7436,0.004125118255615234,1.6689300537109375e-06,2.384185791015625e-07
7437,0.005609989166259766,1.6689300537109375e-06,2.384185791015625e-07
7438,0.004514455795288086,1.9073486328125e-06,2.384185791015625e-07
7439,0.003083944320678711,1.9073486328125e-06,2.384185791015625e-07
7440,0.0034694671630859375,1.9073486328125e-06,2.384185791015625e-07
7441,0.004536151885986328,1.9073486328125e-06,4.76837158203125e-07
7442,0.004104137420654297,2.1457672119140625e-06,2.384185791015625e-07
7443,0.004414081573486328,2.1457672119140625e-06,4.76837158203125e-07
7444,0.002902507781982422,1.9073486328125e-06,2.384185791015625e-07
7445,0.004387378692626953,1.9073486328125e-06,2.384185791015625e-07
7446,0.003652334213256836,2.1457672119140625e-06,2.384185791015625e-07
7447,0.003964900970458984,2.1457672119140625e-06,2.384185791015625e-07
7448,0.0028960704803466797,1.9073486328125e-06,4.76837158203125e-07
7449,0.005045413970947266,1.9073486328125e-06,4.76837158203125e-07
7450,0.00526881217956543,1.9073486328125e-06,4.76837158203125e-07
7451,0.003688335418701172,1.9073486328125e-06,2.384185791015625e-07
7452,0.0050182342529296875,1.9073486328125e-06,2.384185791015625e-07
7453,0.0035619735717773438,1.430511474609375e-06,2.384185791015625e-07
7454,0.004438638687133789,1.6689300537109375e-06,2.384185791015625e-07
7455,0.002797365188598633,1.9073486328125e-06,2.384185791015625e-07
7456,0.002888202667236328,1.6689300537109375e-06,2.384185791015625e-07
7457,0.0046575069427490234,1.6689300537109375e-06,2.384185791015625e-07
7458,0.002410411834716797,1.6689300537109375e-06,2.384185791015625e-07
7459,0.003887176513671875,1.9073486328125e-06,2.384185791015625e-07
7460,0.005122661590576172,1.9073486328125e-06,4.76837158203125e-07
7461,0.0018568038940429688,1.9073486328125e-06,4.76837158203125e-07
7462,0.004625797271728516,1.9073486328125e-06,4.76837158203125e-07
7463,0.002892017364501953,2.1457672119140625e-06,2.384185791015625e-07
7464,0.004873037338256836,1.9073486328125e-06,2.384185791015625e-07
7465,0.004672050476074219,2.1457672119140625e-06,2.384185791015625e-07
7466,0.003724336624145508,1.9073486328125e-06,2.384185791015625e-07
7467,0.005129337310791016,2.1457672119140625e-06,2.384185791015625e-07
7468,0.004754304885864258,1.9073486328125e-06,2.384185791015625e-07
7469,0.0022628307342529297,1.9073486328125e-06,2.384185791015625e-07
7470,0.004830121994018555,1.9073486328125e-06,2.384185791015625e-07
7471,0.0040209293365478516,1.6689300537109375e-06,4.76837158203125e-07
7472,0.0032529830932617188,1.6689300537109375e-06,4.76837158203125e-07
7473,0.003943443298339844,1.6689300537109375e-06,4.76837158203125e-07
7474,0.004785776138305664,1.9073486328125e-06,2.384185791015625e-07
7475,0.00532984733581543,1.6689300537109375e-06,2.384185791015625e-07
7476,0.002366304397583008,1.9073486328125e-06,4.76837158203125e-07
7477,0.003377676010131836,1.6689300537109375e-06,2.384185791015625e-07
7478,0.004078865051269531,1.6689300537109375e-06,2.384185791015625e-07
7479,0.003786802291870117,1.9073486328125e-06,2.384185791015625e-07
7480,0.004281044006347656,1.9073486328125e-06,7.152557373046875e-07
7481,0.003454923629760742,1.6689300537109375e-06,2.384185791015625e-07
7482,0.005522966384887695,1.9073486328125e-06,2.384185791015625e-07
7483,0.0031671524047851562,1.6689300537109375e-06,2.384185791015625e-07
7484,0.0028510093688964844,1.6689300537109375e-06,2.384185791015625e-07
7485,0.005880117416381836,1.9073486328125e-06,2.384185791015625e-07
7486,0.003621339797973633,1.9073486328125e-06,2.384185791015625e-07
7487,0.003606081008911133,1.6689300537109375e-06,2.384185791015625e-07
7488,0.005152463912963867,2.1457672119140625e-06,2.384185791015625e-07
7489,0.0042536258697509766,2.1457672119140625e-06,4.76837158203125e-07
7490,0.0039217472076416016,2.1457672119140625e-06,2.384185791015625e-07
7491,0.0018384456634521484,1.9073486328125e-06,2.384185791015625e-07
7492,0.0027704238891601562,2.1457672119140625e-06,2.384185791015625e-07
7493,0.00532078742980957,2.384185791015625e-06,2.384185791015625e-07
7494,0.0029709339141845703,2.1457672119140625e-06,2.384185791015625e-07
7495,0.005345582962036133,2.1457672119140625e-06,2.384185791015625e-07
7496,0.003635406494140625,1.6689300537109375e-06,2.384185791015625e-07
7497,0.003763914108276367,1.6689300537109375e-06,2.384185791015625e-07
7498,0.00420689582824707,1.9073486328125e-06,7.152557373046875e-07
7499,0.0037398338317871094,1.6689300537109375e-06,2.384185791015625e-07
7500,0.005782127380371094,1.6689300537109375e-06,2.384185791015625e-07
7501,0.004071712493896484,1.6689300537109375e-06,4.76837158203125e-07
7502,0.0038013458251953125,2.1457672119140625e-06,2.384185791015625e-07
7503,0.004027128219604492,1.9073486328125e-06,2.384185791015625e-07
7504,0.005245685577392578,2.1457672119140625e-06,2.384185791015625e-07
7505,0.004057884216308594,1.9073486328125e-06,2.384185791015625e-07
7506,0.003736257553100586,2.384185791015625e-06,2.384185791015625e-07
7507,0.002474069595336914,2.1457672119140625e-06,4.76837158203125e-07
7508,0.004792213439941406,1.9073486328125e-06,2.384185791015625e-07
7509,0.002834320068359375,2.1457672119140625e-06,2.384185791015625e-07
7510,0.0041751861572265625,1.6689300537109375e-06,2.384185791015625e-07
7511,0.004107475280761719,1.6689300537109375e-06,2.384185791015625e-07
7512,0.003046751022338867,1.6689300537109375e-06,2.384185791015625e-07
7513,0.0028769969940185547,1.6689300537109375e-06,2.384185791015625e-07
7514,0.003084897994995117,1.6689300537109375e-06,2.384185791015625e-07
7515,0.00439763069152832,1.6689300537109375e-06,2.384185791015625e-07
7516,0.0030739307403564453,2.1457672119140625e-06,2.384185791015625e-07
7517,0.004533290863037109,2.1457672119140625e-06,2.384185791015625e-07
7518,0.004163265228271484,1.9073486328125e-06,4.76837158203125e-07
7519,0.0056307315826416016,1.9073486328125e-06,2.384185791015625e-07
7520,0.005400896072387695,1.9073486328125e-06,4.76837158203125e-07
7521,0.003081083297729492,1.9073486328125e-06,2.384185791015625e-07
7522,0.0048770904541015625,1.9073486328125e-06,2.384185791015625e-07
7523,0.002400636672973633,1.9073486328125e-06,2.384185791015625e-07
7524,0.003695964813232422,2.1457672119140625e-06,7.152557373046875e-07
7525,0.005052328109741211,1.9073486328125e-06,4.76837158203125e-07
7526,0.0042247772216796875,2.1457672119140625e-06,2.384185791015625e-07
7527,0.0044918060302734375,1.9073486328125e-06,2.384185791015625e-07
7528,0.0034716129302978516,1.9073486328125e-06,2.384185791015625e-07
7529,0.004812479019165039,1.9073486328125e-06,2.384185791015625e-07
7530,0.004691362380981445,2.1457672119140625e-06,2.384185791015625e-07
7531,0.005464792251586914,2.1457672119140625e-06,2.384185791015625e-07
7532,0.0029659271240234375,1.9073486328125e-06,4.76837158203125e-07
7533,0.0037064552307128906,1.6689300537109375e-06,7.152557373046875e-07
7534,0.0026955604553222656,2.1457672119140625e-06,2.384185791015625e-07
7535,0.003965616226196289,1.9073486328125e-06,2.384185791015625e-07
7536,0.003403186798095703,2.1457672119140625e-06,2.384185791015625e-07
7537,0.004644155502319336,1.9073486328125e-06,2.384185791015625e-07
7538,0.0029611587524414062,2.1457672119140625e-06,2.384185791015625e-07
7539,0.0038640499114990234,1.9073486328125e-06,2.384185791015625e-07
7540,0.00470733642578125,1.9073486328125e-06,2.384185791015625e-07
7541,0.004274845123291016,1.6689300537109375e-06,2.384185791015625e-07
7542,0.004497051239013672,2.1457672119140625e-06,2.384185791015625e-07
7543,0.003799915313720703,1.6689300537109375e-06,2.384185791015625e-07
7544,0.0046539306640625,1.9073486328125e-06,2.384185791015625e-07
7545,0.0040700435638427734,1.6689300537109375e-06,2.384185791015625e-07
7546,0.00551915168762207,1.430511474609375e-06,2.384185791015625e-07
7547,0.0032317638397216797,1.6689300537109375e-06,2.384185791015625e-07
7548,0.005803823471069336,1.6689300537109375e-06,2.384185791015625e-07
7549,0.002597332000732422,1.9073486328125e-06,2.384185791015625e-07
7550,0.0026171207427978516,1.9073486328125e-06,4.76837158203125e-07
7551,0.002794027328491211,1.9073486328125e-06,2.384185791015625e-07
7552,0.004930734634399414,1.9073486328125e-06,2.384185791015625e-07
7553,0.0030088424682617188,1.9073486328125e-06,2.384185791015625e-07
7554,0.0048787593841552734,1.9073486328125e-06,2.384185791015625e-07
7555,0.0030210018157958984,1.9073486328125e-06,4.76837158203125e-07
7556,0.003316640853881836,1.9073486328125e-06,2.384185791015625e-07
7557,0.003936290740966797,1.9073486328125e-06,2.384185791015625e-07
7558,0.0033991336822509766,2.1457672119140625e-06,2.384185791015625e-07
7559,0.00449371337890625,1.6689300537109375e-06,4.76837158203125e-07
7560,0.003661632537841797,1.6689300537109375e-06,2.384185791015625e-07
7561,0.0023174285888671875,1.6689300537109375e-06,2.384185791015625e-07
7562,0.0035300254821777344,1.6689300537109375e-06,2.384185791015625e-07
7563,0.003477811813354492,1.9073486328125e-06,2.384185791015625e-07
7564,0.005374431610107422,1.9073486328125e-06,4.76837158203125e-07
7565,0.0044708251953125,1.6689300537109375e-06,2.384185791015625e-07
7566,0.0025522708892822266,1.6689300537109375e-06,2.384185791015625e-07
7567,0.0045452117919921875,1.9073486328125e-06,4.76837158203125e-07
7568,0.003614664077758789,1.9073486328125e-06,4.76837158203125e-07
7569,0.004967927932739258,1.9073486328125e-06,2.384185791015625e-07
7570,0.004620552062988281,1.9073486328125e-06,2.384185791015625e-07
7571,0.005015850067138672,1.9073486328125e-06,2.384185791015625e-07
7572,0.004470348358154297,2.1457672119140625e-06,2.384185791015625e-07
7573,0.0030155181884765625,1.9073486328125e-06,4.76837158203125e-07
7574,0.0033712387084960938,2.1457672119140625e-06,4.76837158203125e-07
7575,0.0033118724822998047,1.9073486328125e-06,2.384185791015625e-07
7576,0.006033897399902344,1.6689300537109375e-06,4.76837158203125e-07
7577,0.004739522933959961,1.9073486328125e-06,4.76837158203125e-07
7578,0.004280805587768555,1.6689300537109375e-06,2.384185791015625e-07
7579,0.0063610076904296875,1.6689300537109375e-06,2.384185791015625e-07
7580,0.004555463790893555,1.6689300537109375e-06,2.384185791015625e-07
7581,0.004173755645751953,1.9073486328125e-06,2.384185791015625e-07
7582,0.004113197326660156,1.9073486328125e-06,7.152557373046875e-07
7583,0.0037310123443603516,1.9073486328125e-06,2.384185791015625e-07
7584,0.0055391788482666016,1.9073486328125e-06,2.384185791015625e-07
7585,0.0030951499938964844,1.6689300537109375e-06,2.384185791015625e-07
7586,0.0056536197662353516,1.9073486328125e-06,2.384185791015625e-07
7587,0.003780841827392578,1.6689300537109375e-06,7.152557373046875e-07
7588,0.0049381256103515625,1.6689300537109375e-06,2.384185791015625e-07
7589,0.003785371780395508,1.6689300537109375e-06,2.384185791015625e-07
7590,0.003319263458251953,1.9073486328125e-06,2.384185791015625e-07
7591,0.004118442535400391,1.9073486328125e-06,4.76837158203125e-07
7592,0.004055500030517578,2.1457672119140625e-06,2.384185791015625e-07
7593,0.005774021148681641,1.9073486328125e-06,2.384185791015625e-07
7594,0.0043866634368896484,1.9073486328125e-06,2.384185791015625e-07
7595,0.003925800323486328,1.9073486328125e-06,4.76837158203125e-07
7596,0.004262208938598633,1.6689300537109375e-06,4.76837158203125e-07
7597,0.005327701568603516,1.6689300537109375e-06,2.384185791015625e-07
7598,0.0036513805389404297,1.9073486328125e-06,2.384185791015625e-07
7599,0.0033087730407714844,1.9073486328125e-06,2.384185791015625e-07
7600,0.0036504268646240234,1.6689300537109375e-06,4.76837158203125e-07
7601,0.0049915313720703125,1.430511474609375e-06,2.384185791015625e-07
7602,0.0030236244201660156,1.6689300537109375e-06,2.384185791015625e-07
7603,0.0027811527252197266,1.9073486328125e-06,2.384185791015625e-07
7604,0.004221200942993164,1.9073486328125e-06,2.384185791015625e-07
7605,0.004327535629272461,1.6689300537109375e-06,2.384185791015625e-07
7606,0.0038564205169677734,1.6689300537109375e-06,2.384185791015625e-07
7607,0.004300594329833984,1.6689300537109375e-06,2.384185791015625e-07
7608,0.004044771194458008,1.6689300537109375e-06,2.384185791015625e-07
7609,0.004677772521972656,1.6689300537109375e-06,2.384185791015625e-07
7610,0.005494356155395508,1.6689300537109375e-06,2.384185791015625e-07
7611,0.004616737365722656,1.6689300537109375e-06,2.384185791015625e-07
7612,0.0025458335876464844,1.6689300537109375e-06,2.384185791015625e-07
7613,0.005258321762084961,1.6689300537109375e-06,2.384185791015625e-07
7614,0.004670143127441406,1.9073486328125e-06,2.384185791015625e-07
7615,0.0047414302825927734,1.9073486328125e-06,2.384185791015625e-07
7616,0.004817962646484375,1.6689300537109375e-06,2.384185791015625e-07
7617,0.003658294677734375,1.6689300537109375e-06,4.76837158203125e-07
7618,0.005357503890991211,1.430511474609375e-06,4.76837158203125e-07
7619,0.0033500194549560547,1.6689300537109375e-06,2.384185791015625e-07
7620,0.0059092044830322266,1.9073486328125e-06,2.384185791015625e-07
7621,0.002651691436767578,1.9073486328125e-06,2.384185791015625e-07
7622,0.0030193328857421875,1.9073486328125e-06,2.384185791015625e-07
7623,0.0040967464447021484,1.9073486328125e-06,4.76837158203125e-07
7624,0.0046269893646240234,2.1457672119140625e-06,2.384185791015625e-07
7625,0.002416372299194336,1.9073486328125e-06,4.76837158203125e-07
7626,0.0038721561431884766,1.9073486328125e-06,4.76837158203125e-07
7627,0.0023114681243896484,1.9073486328125e-06,7.152557373046875e-07
7628,0.004655361175537109,1.9073486328125e-06,4.76837158203125e-07
7629,0.005221366882324219,1.9073486328125e-06,4.76837158203125e-07
7630,0.0026645660400390625,2.1457672119140625e-06,2.384185791015625e-07
7631,0.004904985427856445,2.1457672119140625e-06,4.76837158203125e-07
7632,0.004066944122314453,2.384185791015625e-06,2.384185791015625e-07
7633,0.005596637725830078,1.6689300537109375e-06,2.384185791015625e-07
7634,0.004334449768066406,2.384185791015625e-06,2.384185791015625e-07
7635,0.003931522369384766,1.6689300537109375e-06,2.384185791015625e-07
7636,0.004569530487060547,1.6689300537109375e-06,2.384185791015625e-07
7637,0.005001544952392578,2.1457672119140625e-06,2.384185791015625e-07
7638,0.003772735595703125,2.1457672119140625e-06,2.384185791015625e-07
7639,0.0027663707733154297,1.9073486328125e-06,2.384185791015625e-07
7640,0.0036618709564208984,1.6689300537109375e-06,4.76837158203125e-07
7641,0.003077268600463867,2.1457672119140625e-06,2.384185791015625e-07
7642,0.0018990039825439453,1.430511474609375e-06,2.384185791015625e-07
7643,0.0026712417602539062,2.1457672119140625e-06,2.384185791015625e-07
7644,0.0054171085357666016,2.1457672119140625e-06,2.384185791015625e-07
7645,0.004744052886962891,1.430511474609375e-06,7.152557373046875e-07
7646,0.004296064376831055,1.6689300537109375e-06,2.384185791015625e-07
7647,0.0040476322174072266,2.1457672119140625e-06,2.384185791015625e-07
7648,0.003990650177001953,1.9073486328125e-06,2.384185791015625e-07
7649,0.003148317337036133,1.9073486328125e-06,2.384185791015625e-07
7650,0.005212068557739258,1.9073486328125e-06,2.384185791015625e-07
7651,0.00477147102355957,1.9073486328125e-06,2.384185791015625e-07
7652,0.0025200843811035156,1.9073486328125e-06,2.384185791015625e-07
7653,0.003567934036254883,1.9073486328125e-06,2.384185791015625e-07
7654,0.0023887157440185547,1.9073486328125e-06,2.384185791015625e-07
7655,0.003612041473388672,1.9073486328125e-06,2.384185791015625e-07
7656,0.002824068069458008,1.9073486328125e-06,2.384185791015625e-07
7657,0.0032634735107421875,1.6689300537109375e-06,2.384185791015625e-07
7658,0.003445148468017578,1.9073486328125e-06,2.384185791015625e-07
7659,0.003067493438720703,1.6689300537109375e-06,2.384185791015625e-07
7660,0.002874135971069336,1.6689300537109375e-06,2.384185791015625e-07
7661,0.004263401031494141,1.6689300537109375e-06,2.384185791015625e-07
7662,0.005156517028808594,1.9073486328125e-06,4.76837158203125e-07
7663,0.006428718566894531,1.6689300537109375e-06,4.76837158203125e-07
7664,0.0033562183380126953,9.775161743164062e-06,2.384185791015625e-07
7665,0.0031261444091796875,1.6689300537109375e-06,2.384185791015625e-07
7666,0.005900144577026367,1.6689300537109375e-06,2.384185791015625e-07
7667,0.0036859512329101562,1.9073486328125e-06,4.76837158203125e-07
7668,0.004809379577636719,1.430511474609375e-06,2.384185791015625e-07
7669,0.004247426986694336,1.6689300537109375e-06,2.384185791015625e-07
7670,0.002814054489135742,1.9073486328125e-06,2.384185791015625e-07
7671,0.003966569900512695,1.6689300537109375e-06,7.152557373046875e-07
7672,0.0047533512115478516,1.6689300537109375e-06,2.384185791015625e-07
7673,0.0038247108459472656,2.1457672119140625e-06,2.384185791015625e-07
7674,0.0030639171600341797,1.430511474609375e-06,2.384185791015625e-07
7675,0.003162384033203125,1.9073486328125e-06,2.384185791015625e-07
7676,0.0034923553466796875,1.9073486328125e-06,7.152557373046875e-07
7677,0.005158185958862305,1.9073486328125e-06,2.384185791015625e-07
7678,0.004456520080566406,1.9073486328125e-06,2.384185791015625e-07
7679,0.00508570671081543,1.9073486328125e-06,2.384185791015625e-07
7680,0.002650022506713867,1.9073486328125e-06,2.384185791015625e-07
7681,0.0045757293701171875,2.1457672119140625e-06,2.384185791015625e-07
7682,0.0033016204833984375,1.9073486328125e-06,2.384185791015625e-07
7683,0.004484891891479492,1.9073486328125e-06,2.384185791015625e-07
7684,0.004662752151489258,1.6689300537109375e-06,2.384185791015625e-07
7685,0.004887580871582031,1.6689300537109375e-06,4.76837158203125e-07
7686,0.0035467147827148438,1.6689300537109375e-06,2.384185791015625e-07
7687,0.002151012420654297,1.430511474609375e-06,2.384185791015625e-07
7688,0.004292964935302734,1.9073486328125e-06,4.76837158203125e-07
7689,0.003952980041503906,1.9073486328125e-06,4.76837158203125e-07
7690,0.003679037094116211,1.6689300537109375e-06,4.76837158203125e-07
7691,0.002507448196411133,1.6689300537109375e-06,2.384185791015625e-07
7692,0.002717256546020508,1.6689300537109375e-06,2.384185791015625e-07
7693,0.002493143081665039,1.430511474609375e-06,2.384185791015625e-07
7694,0.0027937889099121094,1.9073486328125e-06,2.384185791015625e-07
7695,0.0034198760986328125,1.9073486328125e-06,2.384185791015625e-07
7696,0.003774881362915039,1.9073486328125e-06,2.384185791015625e-07
7697,0.0037851333618164062,1.6689300537109375e-06,2.384185791015625e-07
7698,0.004391193389892578,1.9073486328125e-06,2.384185791015625e-07
7699,0.004063606262207031,1.9073486328125e-06,4.76837158203125e-07
7700,0.003681659698486328,1.9073486328125e-06,4.76837158203125e-07
7701,0.001995086669921875,1.9073486328125e-06,2.384185791015625e-07
7702,0.0031576156616210938,1.9073486328125e-06,2.384185791015625e-07
7703,0.0019135475158691406,1.6689300537109375e-06,2.384185791015625e-07
7704,0.0024814605712890625,2.1457672119140625e-06,2.384185791015625e-07
7705,0.003606557846069336,2.1457672119140625e-06,2.384185791015625e-07
7706,0.0040950775146484375,1.6689300537109375e-06,4.76837158203125e-07
7707,0.002856731414794922,1.6689300537109375e-06,2.384185791015625e-07
7708,0.0031478404998779297,1.6689300537109375e-06,2.384185791015625e-07
7709,0.003268718719482422,1.6689300537109375e-06,4.76837158203125e-07
7710,0.0045626163482666016,1.9073486328125e-06,2.384185791015625e-07
7711,0.005316257476806641,1.9073486328125e-06,2.384185791015625e-07
7712,0.003618955612182617,1.6689300537109375e-06,4.76837158203125e-07
7713,0.0042877197265625,1.9073486328125e-06,4.76837158203125e-07
7714,0.0021734237670898438,1.6689300537109375e-06,2.384185791015625e-07
7715,0.001959085464477539,1.6689300537109375e-06,2.384185791015625e-07
7716,0.004917621612548828,1.9073486328125e-06,2.384185791015625e-07
7717,0.004692554473876953,1.6689300537109375e-06,2.384185791015625e-07
7718,0.003607511520385742,1.6689300537109375e-06,2.384185791015625e-07
7719,0.005570888519287109,1.9073486328125e-06,4.76837158203125e-07
7720,0.005014896392822266,1.6689300537109375e-06,2.384185791015625e-07
7721,0.0048656463623046875,1.9073486328125e-06,2.384185791015625e-07
7722,0.002023458480834961,1.6689300537109375e-06,2.384185791015625e-07
7723,0.006073474884033203,1.6689300537109375e-06,2.384185791015625e-07
7724,0.004162311553955078,1.6689300537109375e-06,4.76837158203125e-07
7725,0.005523204803466797,1.6689300537109375e-06,4.76837158203125e-07
7726,0.004022836685180664,1.9073486328125e-06,4.76837158203125e-07
7727,0.004114866256713867,1.6689300537109375e-06,2.384185791015625e-07
7728,0.003088235855102539,1.9073486328125e-06,2.384185791015625e-07
7729,0.0025408267974853516,1.9073486328125e-06,2.384185791015625e-07
7730,0.0031774044036865234,1.9073486328125e-06,4.76837158203125e-07
7731,0.00392913818359375,1.9073486328125e-06,2.384185791015625e-07
7732,0.004081010818481445,1.9073486328125e-06,2.384185791015625e-07
7733,0.002362489700317383,1.6689300537109375e-06,2.384185791015625e-07
7734,0.004227876663208008,2.1457672119140625e-06,2.384185791015625e-07
7735,0.0019655227661132812,1.9073486328125e-06,2.384185791015625e-07
7736,0.0030312538146972656,1.9073486328125e-06,2.384185791015625e-07
7737,0.004731178283691406,1.9073486328125e-06,2.384185791015625e-07
7738,0.004868507385253906,2.1457672119140625e-06,2.384185791015625e-07
7739,0.0023374557495117188,1.9073486328125e-06,2.384185791015625e-07
7740,0.0034122467041015625,1.9073486328125e-06,2.384185791015625e-07
7741,0.005126237869262695,1.9073486328125e-06,2.384185791015625e-07
7742,0.003549337387084961,1.9073486328125e-06,4.76837158203125e-07
7743,0.004572153091430664,1.9073486328125e-06,2.384185791015625e-07
7744,0.004461526870727539,2.384185791015625e-06,2.384185791015625e-07
7745,0.005234956741333008,1.9073486328125e-06,2.384185791015625e-07
7746,0.0025916099548339844,1.9073486328125e-06,2.384185791015625e-07
7747,0.004349231719970703,1.9073486328125e-06,2.384185791015625e-07
7748,0.0024328231811523438,1.9073486328125e-06,4.76837158203125e-07
7749,0.005678653717041016,1.9073486328125e-06,4.76837158203125e-07
7750,0.005574703216552734,1.9073486328125e-06,2.384185791015625e-07
7751,0.005035877227783203,1.6689300537109375e-06,2.384185791015625e-07
7752,0.003519296646118164,1.6689300537109375e-06,2.384185791015625e-07
7753,0.002127408981323242,1.6689300537109375e-06,2.384185791015625e-07
7754,0.004110813140869141,1.6689300537109375e-06,4.76837158203125e-07
7755,0.0036461353302001953,1.6689300537109375e-06,2.384185791015625e-07
7756,0.00433349609375,1.6689300537109375e-06,2.384185791015625e-07
7757,0.0017499923706054688,1.6689300537109375e-06,2.384185791015625e-07
7758,0.004139900207519531,1.9073486328125e-06,4.76837158203125e-07
7759,0.0022077560424804688,1.9073486328125e-06,2.384185791015625e-07
7760,0.003557443618774414,2.1457672119140625e-06,2.384185791015625e-07
7761,0.002279043197631836,1.9073486328125e-06,4.76837158203125e-07
7762,0.004165172576904297,1.9073486328125e-06,4.76837158203125e-07
7763,0.00501704216003418,1.9073486328125e-06,4.76837158203125e-07
7764,0.002916097640991211,2.1457672119140625e-06,2.384185791015625e-07
7765,0.004709959030151367,1.6689300537109375e-06,2.384185791015625e-07
7766,0.0036263465881347656,1.9073486328125e-06,2.384185791015625e-07
7767,0.005904436111450195,1.6689300537109375e-06,2.384185791015625e-07
7768,0.0033109188079833984,1.9073486328125e-06,2.384185791015625e-07
7769,0.0029418468475341797,1.6689300537109375e-06,2.384185791015625e-07
7770,0.0041539669036865234,1.6689300537109375e-06,2.384185791015625e-07
7771,0.0032906532287597656,1.6689300537109375e-06,2.384185791015625e-07
7772,0.0047872066497802734,1.6689300537109375e-06,2.384185791015625e-07
7773,0.004130840301513672,1.6689300537109375e-06,4.76837158203125e-07
7774,0.005593299865722656,1.9073486328125e-06,2.384185791015625e-07
7775,0.005234241485595703,1.6689300537109375e-06,4.76837158203125e-07
7776,0.005956172943115234,1.6689300537109375e-06,2.384185791015625e-07
7777,0.0038661956787109375,2.1457672119140625e-06,2.384185791015625e-07
7778,0.004963874816894531,2.1457672119140625e-06,2.384185791015625e-07
7779,0.003853321075439453,1.9073486328125e-06,2.384185791015625e-07
7780,0.003521442413330078,1.6689300537109375e-06,2.384185791015625e-07
7781,0.0039904117584228516,1.430511474609375e-06,2.384185791015625e-07
7782,0.005196571350097656,1.6689300537109375e-06,2.384185791015625e-07
7783,0.003525257110595703,1.430511474609375e-06,2.384185791015625e-07
7784,0.0032126903533935547,2.1457672119140625e-06,2.384185791015625e-07
7785,0.0037746429443359375,2.1457672119140625e-06,2.384185791015625e-07
7786,0.0040590763092041016,1.9073486328125e-06,2.384185791015625e-07
7787,0.006343841552734375,2.1457672119140625e-06,2.384185791015625e-07
7788,0.005461931228637695,2.1457672119140625e-06,2.384185791015625e-07
7789,0.0031890869140625,1.9073486328125e-06,7.152557373046875e-07
7790,0.002380847930908203,1.9073486328125e-06,2.384185791015625e-07
7791,0.0034911632537841797,2.1457672119140625e-06,2.384185791015625e-07
7792,0.004317283630371094,2.1457672119140625e-06,4.76837158203125e-07
7793,0.0024008750915527344,1.9073486328125e-06,2.384185791015625e-07
7794,0.005112648010253906,1.9073486328125e-06,2.384185791015625e-07
7795,0.004936695098876953,1.6689300537109375e-06,2.384185791015625e-07
7796,0.0030565261840820312,1.6689300537109375e-06,4.76837158203125e-07
7797,0.002393484115600586,1.9073486328125e-06,2.384185791015625e-07
7798,0.003411531448364258,1.6689300537109375e-06,2.384185791015625e-07
7799,0.001964569091796875,1.9073486328125e-06,4.76837158203125e-07
7800,0.003966331481933594,1.6689300537109375e-06,4.76837158203125e-07
7801,0.0036559104919433594,1.6689300537109375e-06,2.384185791015625e-07
7802,0.005201816558837891,1.6689300537109375e-06,2.384185791015625e-07
7803,0.004290103912353516,1.9073486328125e-06,4.76837158203125e-07
7804,0.0033655166625976562,1.9073486328125e-06,2.384185791015625e-07
7805,0.003042936325073242,1.9073486328125e-06,2.384185791015625e-07
7806,0.0035772323608398438,1.6689300537109375e-06,2.384185791015625e-07
7807,0.003632068634033203,2.1457672119140625e-06,7.152557373046875e-07
7808,0.0033235549926757812,1.6689300537109375e-06,2.384185791015625e-07
7809,0.003380298614501953,1.9073486328125e-06,2.384185791015625e-07
7810,0.002660512924194336,1.6689300537109375e-06,2.384185791015625e-07
7811,0.0026984214782714844,2.1457672119140625e-06,2.384185791015625e-07
7812,0.005137443542480469,1.9073486328125e-06,4.76837158203125e-07
7813,0.0034868717193603516,1.9073486328125e-06,2.384185791015625e-07
7814,0.005712985992431641,1.9073486328125e-06,4.76837158203125e-07
7815,0.0030622482299804688,1.9073486328125e-06,2.384185791015625e-07
7816,0.005504131317138672,1.9073486328125e-06,2.384185791015625e-07
7817,0.003387928009033203,1.9073486328125e-06,2.384185791015625e-07
7818,0.004467010498046875,1.9073486328125e-06,2.384185791015625e-07
7819,0.0035130977630615234,1.9073486328125e-06,2.384185791015625e-07
7820,0.004719734191894531,1.9073486328125e-06,2.384185791015625e-07
7821,0.003528118133544922,2.1457672119140625e-06,4.76837158203125e-07
7822,0.003382444381713867,2.1457672119140625e-06,4.76837158203125e-07
7823,0.0031485557556152344,1.9073486328125e-06,2.384185791015625e-07
7824,0.005197763442993164,2.1457672119140625e-06,2.384185791015625e-07
7825,0.004706621170043945,1.9073486328125e-06,2.384185791015625e-07
7826,0.00386810302734375,1.9073486328125e-06,2.384185791015625e-07
7827,0.004380226135253906,2.1457672119140625e-06,4.76837158203125e-07
7828,0.005043506622314453,1.9073486328125e-06,2.384185791015625e-07
7829,0.004923105239868164,1.6689300537109375e-06,2.384185791015625e-07
7830,0.0038115978240966797,2.1457672119140625e-06,2.384185791015625e-07
7831,0.00532984733581543,2.1457672119140625e-06,2.384185791015625e-07
7832,0.0033571720123291016,2.1457672119140625e-06,2.384185791015625e-07
7833,0.004038095474243164,1.6689300537109375e-06,2.384185791015625e-07
7834,0.0055828094482421875,1.6689300537109375e-06,2.384185791015625e-07
7835,0.0034236907958984375,1.6689300537109375e-06,2.384185791015625e-07
7836,0.0025784969329833984,1.6689300537109375e-06,2.384185791015625e-07
7837,0.0049285888671875,1.430511474609375e-06,4.76837158203125e-07
7838,0.005594730377197266,1.6689300537109375e-06,4.76837158203125e-07
7839,0.0023605823516845703,1.430511474609375e-06,4.76837158203125e-07
7840,0.00440669059753418,1.9073486328125e-06,2.384185791015625e-07
7841,0.004869937896728516,1.9073486328125e-06,4.76837158203125e-07
7842,0.00286865234375,1.9073486328125e-06,2.384185791015625e-07
7843,0.004359006881713867,1.9073486328125e-06,4.76837158203125e-07
7844,0.0045855045318603516,1.9073486328125e-06,2.384185791015625e-07
7845,0.0050067901611328125,1.9073486328125e-06,2.384185791015625e-07
7846,0.004367351531982422,2.1457672119140625e-06,4.76837158203125e-07
7847,0.004127025604248047,1.9073486328125e-06,2.384185791015625e-07
7848,0.002696990966796875,1.9073486328125e-06,2.384185791015625e-07
7849,0.0029709339141845703,2.1457672119140625e-06,2.384185791015625e-07
7850,0.0031347274780273438,1.9073486328125e-06,2.384185791015625e-07
7851,0.00437617301940918,1.9073486328125e-06,2.384185791015625e-07
7852,0.0035321712493896484,1.6689300537109375e-06,7.152557373046875e-07
7853,0.003209829330444336,1.430511474609375e-06,2.384185791015625e-07
7854,0.004833221435546875,1.6689300537109375e-06,2.384185791015625e-07
7855,0.0027136802673339844,1.9073486328125e-06,2.384185791015625e-07
7856,0.00481724739074707,1.9073486328125e-06,2.384185791015625e-07
7857,0.004942178726196289,1.6689300537109375e-06,2.384185791015625e-07
7858,0.00580906867980957,1.9073486328125e-06,2.384185791015625e-07
7859,0.0047016143798828125,2.1457672119140625e-06,4.76837158203125e-07
7860,0.004353523254394531,2.1457672119140625e-06,4.76837158203125e-07
7861,0.004167079925537109,1.9073486328125e-06,7.152557373046875e-07
7862,0.00435638427734375,1.9073486328125e-06,2.384185791015625e-07
7863,0.004564523696899414,1.9073486328125e-06,2.384185791015625e-07
7864,0.004448413848876953,1.9073486328125e-06,2.384185791015625e-07
7865,0.0048656463623046875,1.9073486328125e-06,2.384185791015625e-07
7866,0.0031616687774658203,2.1457672119140625e-06,2.384185791015625e-07
7867,0.0041043758392333984,1.9073486328125e-06,2.384185791015625e-07
7868,0.0054912567138671875,1.9073486328125e-06,2.384185791015625e-07
7869,0.0032072067260742188,1.9073486328125e-06,4.76837158203125e-07
7870,0.004215717315673828,1.9073486328125e-06,2.384185791015625e-07
7871,0.0037729740142822266,1.9073486328125e-06,2.384185791015625e-07
7872,0.004946231842041016,1.9073486328125e-06,2.384185791015625e-07
7873,0.003795623779296875,1.9073486328125e-06,2.384185791015625e-07
7874,0.0036728382110595703,1.9073486328125e-06,4.76837158203125e-07
7875,0.0029439926147460938,2.1457672119140625e-06,4.76837158203125e-07
7876,0.0038504600524902344,1.9073486328125e-06,2.384185791015625e-07
7877,0.0039942264556884766,1.9073486328125e-06,2.384185791015625e-07
7878,0.004533052444458008,1.9073486328125e-06,2.384185791015625e-07
7879,0.004186868667602539,1.9073486328125e-06,4.76837158203125e-07
7880,0.0027854442596435547,1.9073486328125e-06,2.384185791015625e-07
7881,0.0035719871520996094,1.9073486328125e-06,2.384185791015625e-07
7882,0.0059435367584228516,1.6689300537109375e-06,2.384185791015625e-07
7883,0.00422358512878418,1.9073486328125e-06,2.384185791015625e-07
7884,0.0034339427947998047,1.6689300537109375e-06,7.152557373046875e-07
7885,0.0037415027618408203,1.6689300537109375e-06,2.384185791015625e-07
7886,0.0037484169006347656,1.6689300537109375e-06,2.384185791015625e-07
7887,0.004184246063232422,1.6689300537109375e-06,2.384185791015625e-07
7888,0.004204511642456055,1.6689300537109375e-06,4.76837158203125e-07
7889,0.0038263797760009766,1.6689300537109375e-06,2.384185791015625e-07
7890,0.004030704498291016,1.6689300537109375e-06,2.384185791015625e-07
7891,0.002614736557006836,1.9073486328125e-06,2.384185791015625e-07
7892,0.0024566650390625,1.9073486328125e-06,2.384185791015625e-07
7893,0.003976345062255859,1.9073486328125e-06,4.76837158203125e-07
7894,0.002563953399658203,1.6689300537109375e-06,4.76837158203125e-07
7895,0.004303693771362305,1.6689300537109375e-06,2.384185791015625e-07
7896,0.003962278366088867,1.6689300537109375e-06,4.76837158203125e-07
7897,0.00400996208190918,1.6689300537109375e-06,2.384185791015625e-07
7898,0.003370046615600586,1.6689300537109375e-06,2.384185791015625e-07
7899,0.002825498580932617,1.6689300537109375e-06,2.384185791015625e-07
7900,0.005394458770751953,1.430511474609375e-06,2.384185791015625e-07
7901,0.002788066864013672,1.6689300537109375e-06,4.76837158203125e-07
7902,0.0036547183990478516,1.6689300537109375e-06,7.152557373046875e-07
7903,0.003334522247314453,1.9073486328125e-06,4.76837158203125e-07
7904,0.0033104419708251953,1.9073486328125e-06,4.76837158203125e-07
7905,0.003213644027709961,1.9073486328125e-06,4.76837158203125e-07
7906,0.005066871643066406,1.9073486328125e-06,2.384185791015625e-07
7907,0.0035636425018310547,1.9073486328125e-06,2.384185791015625e-07
7908,0.004286289215087891,1.6689300537109375e-06,2.384185791015625e-07
7909,0.0038766860961914062,1.6689300537109375e-06,2.384185791015625e-07
7910,0.003556489944458008,1.9073486328125e-06,2.384185791015625e-07
7911,0.0033826828002929688,1.6689300537109375e-06,4.76837158203125e-07
7912,0.0041141510009765625,1.6689300537109375e-06,2.384185791015625e-07
7913,0.004096269607543945,1.6689300537109375e-06,4.76837158203125e-07
7914,0.0024437904357910156,1.6689300537109375e-06,2.384185791015625e-07
7915,0.005426883697509766,1.6689300537109375e-06,4.76837158203125e-07
7916,0.005321025848388672,1.9073486328125e-06,2.384185791015625e-07
7917,0.004045724868774414,1.6689300537109375e-06,2.384185791015625e-07
7918,0.002323150634765625,1.430511474609375e-06,2.384185791015625e-07
7919,0.003173351287841797,1.6689300537109375e-06,4.76837158203125e-07
7920,0.005100250244140625,1.9073486328125e-06,2.384185791015625e-07
7921,0.004919767379760742,1.9073486328125e-06,2.384185791015625e-07
7922,0.004003047943115234,1.9073486328125e-06,2.384185791015625e-07
7923,0.0035080909729003906,1.9073486328125e-06,2.384185791015625e-07
7924,0.004797220230102539,2.1457672119140625e-06,4.76837158203125e-07
7925,0.003922700881958008,1.9073486328125e-06,2.384185791015625e-07
7926,0.00414729118347168,1.9073486328125e-06,4.76837158203125e-07
7927,0.0027506351470947266,2.1457672119140625e-06,2.384185791015625e-07
7928,0.003838777542114258,1.6689300537109375e-06,4.76837158203125e-07
7929,0.0035135746002197266,1.6689300537109375e-06,4.76837158203125e-07
7930,0.004094600677490234,1.6689300537109375e-06,4.76837158203125e-07
7931,0.004353523254394531,1.6689300537109375e-06,2.384185791015625e-07
7932,0.004181861877441406,1.6689300537109375e-06,2.384185791015625e-07
7933,0.0032541751861572266,1.6689300537109375e-06,4.76837158203125e-07
7934,0.0032198429107666016,1.9073486328125e-06,2.384185791015625e-07
7935,0.0025038719177246094,1.9073486328125e-06,2.384185791015625e-07
7936,0.0024330615997314453,2.1457672119140625e-06,2.384185791015625e-07
7937,0.003995656967163086,1.6689300537109375e-06,2.384185791015625e-07
7938,0.003246784210205078,1.9073486328125e-06,2.384185791015625e-07
7939,0.005500078201293945,1.9073486328125e-06,2.384185791015625e-07
7940,0.0043528079986572266,1.9073486328125e-06,4.76837158203125e-07
7941,0.004099607467651367,1.9073486328125e-06,4.76837158203125e-07
7942,0.0027725696563720703,1.6689300537109375e-06,4.76837158203125e-07
7943,0.005040407180786133,1.6689300537109375e-06,2.384185791015625e-07
7944,0.0055522918701171875,1.6689300537109375e-06,2.384185791015625e-07
7945,0.003526926040649414,1.6689300537109375e-06,4.76837158203125e-07
7946,0.004329204559326172,1.6689300537109375e-06,4.76837158203125e-07
7947,0.0028886795043945312,1.9073486328125e-06,2.384185791015625e-07
7948,0.002215862274169922,1.6689300537109375e-06,2.384185791015625e-07
7949,0.004686117172241211,1.6689300537109375e-06,2.384185791015625e-07
7950,0.0033152103424072266,1.9073486328125e-06,2.384185791015625e-07
7951,0.0053462982177734375,1.9073486328125e-06,4.76837158203125e-07
7952,0.0035898685455322266,1.9073486328125e-06,2.384185791015625e-07
7953,0.005992889404296875,1.9073486328125e-06,2.384185791015625e-07
7954,0.003497600555419922,1.6689300537109375e-06,2.384185791015625e-07
7955,0.004837989807128906,1.9073486328125e-06,2.384185791015625e-07
7956,0.004265785217285156,2.1457672119140625e-06,2.384185791015625e-07
7957,0.004503965377807617,2.1457672119140625e-06,2.384185791015625e-07
7958,0.004541635513305664,1.9073486328125e-06,2.384185791015625e-07
7959,0.0039520263671875,2.1457672119140625e-06,2.384185791015625e-07
7960,0.0031003952026367188,1.9073486328125e-06,2.384185791015625e-07
7961,0.0027589797973632812,1.9073486328125e-06,4.76837158203125e-07
7962,0.0034837722778320312,1.9073486328125e-06,2.384185791015625e-07
7963,0.004770040512084961,1.9073486328125e-06,2.384185791015625e-07
7964,0.004131317138671875,2.1457672119140625e-06,2.384185791015625e-07
7965,0.00481414794921875,1.9073486328125e-06,2.384185791015625e-07
7966,0.003706693649291992,1.6689300537109375e-06,2.384185791015625e-07
7967,0.0037877559661865234,2.1457672119140625e-06,2.384185791015625e-07
7968,0.0029532909393310547,1.9073486328125e-06,2.384185791015625e-07
7969,0.0030596256256103516,1.9073486328125e-06,2.384185791015625e-07
7970,0.0037305355072021484,1.9073486328125e-06,4.76837158203125e-07
7971,0.0044782161712646484,1.9073486328125e-06,4.76837158203125e-07
7972,0.0044405460357666016,1.9073486328125e-06,4.76837158203125e-07
7973,0.0038695335388183594,1.6689300537109375e-06,2.384185791015625e-07
7974,0.003887653350830078,2.1457672119140625e-06,2.384185791015625e-07
7975,0.003488779067993164,1.9073486328125e-06,2.384185791015625e-07
7976,0.003744363784790039,1.9073486328125e-06,2.384185791015625e-07
7977,0.0033843517303466797,1.6689300537109375e-06,2.384185791015625e-07
7978,0.00524139404296875,1.9073486328125e-06,2.384185791015625e-07
7979,0.003465890884399414,1.9073486328125e-06,2.384185791015625e-07
7980,0.007184267044067383,1.9073486328125e-06,4.76837158203125e-07
7981,0.005160331726074219,1.9073486328125e-06,4.76837158203125e-07
7982,0.005513906478881836,1.6689300537109375e-06,4.76837158203125e-07
7983,0.0060079097747802734,1.6689300537109375e-06,4.76837158203125e-07
7984,0.007687568664550781,1.6689300537109375e-06,2.384185791015625e-07
7985,0.003827810287475586,1.6689300537109375e-06,2.384185791015625e-07
7986,0.005377292633056641,2.1457672119140625e-06,2.384185791015625e-07
7987,0.006739139556884766,1.9073486328125e-06,4.76837158203125e-07
7988,0.005334615707397461,1.9073486328125e-06,4.76837158203125e-07
7989,0.005923032760620117,1.9073486328125e-06,2.384185791015625e-07
7990,0.007349252700805664,2.1457672119140625e-06,2.384185791015625e-07
7991,0.003503561019897461,1.9073486328125e-06,2.384185791015625e-07
7992,0.004922151565551758,1.9073486328125e-06,2.384185791015625e-07
7993,0.005597591400146484,1.6689300537109375e-06,2.384185791015625e-07
7994,0.004950523376464844,1.9073486328125e-06,2.384185791015625e-07
7995,0.008918046951293945,2.1457672119140625e-06,2.384185791015625e-07
7996,0.008178234100341797,1.9073486328125e-06,4.76837158203125e-07
7997,0.006488323211669922,1.9073486328125e-06,4.76837158203125e-07
7998,0.0056819915771484375,1.6689300537109375e-06,2.384185791015625e-07
7999,0.008489370346069336,2.384185791015625e-06,2.384185791015625e-07
8000,0.003873586654663086,1.9073486328125e-06,2.384185791015625e-07
8001,0.0059201717376708984,1.9073486328125e-06,4.76837158203125e-07
8002,0.003794431686401367,1.6689300537109375e-06,2.384185791015625e-07
8003,0.0062999725341796875,1.6689300537109375e-06,2.384185791015625e-07
8004,0.005199432373046875,1.6689300537109375e-06,2.384185791015625e-07
8005,0.006147861480712891,1.9073486328125e-06,2.384185791015625e-07
8006,0.008544683456420898,1.9073486328125e-06,4.76837158203125e-07
8007,0.00471043586730957,1.6689300537109375e-06,4.76837158203125e-07
8008,0.005784034729003906,1.9073486328125e-06,4.76837158203125e-07
8009,0.0042111873626708984,1.6689300537109375e-06,2.384185791015625e-07
8010,0.0038585662841796875,1.9073486328125e-06,2.384185791015625e-07
8011,0.005565166473388672,1.6689300537109375e-06,2.384185791015625e-07
8012,0.0037009716033935547,1.6689300537109375e-06,2.384185791015625e-07
8013,0.004578351974487305,1.9073486328125e-06,2.384185791015625e-07
8014,0.0040628910064697266,1.6689300537109375e-06,2.384185791015625e-07
8015,0.003620147705078125,1.9073486328125e-06,4.76837158203125e-07
8016,0.004521369934082031,2.1457672119140625e-06,2.384185791015625e-07
8017,0.003000497817993164,1.430511474609375e-06,2.384185791015625e-07
8018,0.005544900894165039,1.9073486328125e-06,2.384185791015625e-07
8019,0.0035898685455322266,1.6689300537109375e-06,4.76837158203125e-07
8020,0.002675294876098633,2.1457672119140625e-06,7.152557373046875e-07
8021,0.0038480758666992188,2.1457672119140625e-06,4.76837158203125e-07
8022,0.0024726390838623047,2.1457672119140625e-06,2.384185791015625e-07
8023,0.0028600692749023438,1.9073486328125e-06,2.384185791015625e-07
8024,0.0050389766693115234,1.9073486328125e-06,4.76837158203125e-07
8025,0.0039997100830078125,1.9073486328125e-06,2.384185791015625e-07
8026,0.0024597644805908203,2.384185791015625e-06,2.384185791015625e-07
8027,0.0040013790130615234,1.6689300537109375e-06,2.384185791015625e-07
8028,0.004709482192993164,1.430511474609375e-06,2.384185791015625e-07
8029,0.0020132064819335938,1.9073486328125e-06,4.76837158203125e-07
8030,0.003665924072265625,1.9073486328125e-06,2.384185791015625e-07
8031,0.002016305923461914,1.6689300537109375e-06,2.384185791015625e-07
8032,0.0048062801361083984,2.1457672119140625e-06,2.384185791015625e-07
8033,0.003033161163330078,1.6689300537109375e-06,4.76837158203125e-07
8034,0.0045430660247802734,1.6689300537109375e-06,4.76837158203125e-07
8035,0.004113674163818359,1.9073486328125e-06,2.384185791015625e-07
8036,0.005759239196777344,1.6689300537109375e-06,4.76837158203125e-07
8037,0.004728794097900391,2.1457672119140625e-06,4.76837158203125e-07
8038,0.0050201416015625,1.9073486328125e-06,2.384185791015625e-07
8039,0.0038204193115234375,2.1457672119140625e-06,2.384185791015625e-07
8040,0.006697893142700195,2.1457672119140625e-06,2.384185791015625e-07
8041,0.004032135009765625,2.1457672119140625e-06,2.384185791015625e-07
8042,0.0034401416778564453,2.1457672119140625e-06,2.384185791015625e-07
8043,0.0037271976470947266,1.6689300537109375e-06,2.384185791015625e-07
8044,0.0017189979553222656,2.1457672119140625e-06,2.384185791015625e-07
8045,0.005079507827758789,2.1457672119140625e-06,2.384185791015625e-07
8046,0.0045757293701171875,2.1457672119140625e-06,2.384185791015625e-07
8047,0.002946615219116211,1.9073486328125e-06,4.76837158203125e-07
8048,0.004510164260864258,1.9073486328125e-06,4.76837158203125e-07
8049,0.004160881042480469,1.6689300537109375e-06,4.76837158203125e-07
8050,0.00229644775390625,1.6689300537109375e-06,4.76837158203125e-07
8051,0.002943754196166992,1.6689300537109375e-06,4.76837158203125e-07
8052,0.003489255905151367,1.6689300537109375e-06,2.384185791015625e-07
8053,0.004325151443481445,1.6689300537109375e-06,2.384185791015625e-07
8054,0.004834651947021484,1.6689300537109375e-06,4.76837158203125e-07
8055,0.0034694671630859375,1.6689300537109375e-06,2.384185791015625e-07
8056,0.005449771881103516,1.6689300537109375e-06,2.384185791015625e-07
8057,0.0025343894958496094,1.6689300537109375e-06,2.384185791015625e-07
8058,0.0024542808532714844,1.6689300537109375e-06,2.384185791015625e-07
8059,0.0028700828552246094,1.6689300537109375e-06,2.384185791015625e-07
8060,0.004978656768798828,1.6689300537109375e-06,7.152557373046875e-07
8061,0.004678964614868164,1.9073486328125e-06,4.76837158203125e-07
8062,0.006261348724365234,1.6689300537109375e-06,2.384185791015625e-07
8063,0.003824949264526367,1.9073486328125e-06,2.384185791015625e-07
8064,0.003785848617553711,1.6689300537109375e-06,2.384185791015625e-07
8065,0.005034685134887695,1.6689300537109375e-06,2.384185791015625e-07
8066,0.004060268402099609,1.6689300537109375e-06,2.384185791015625e-07
8067,0.003537416458129883,1.6689300537109375e-06,2.384185791015625e-07
8068,0.004183530807495117,1.6689300537109375e-06,2.384185791015625e-07
8069,0.0034546852111816406,2.1457672119140625e-06,7.152557373046875e-07
8070,0.0032973289489746094,1.6689300537109375e-06,2.384185791015625e-07
8071,0.0075931549072265625,1.6689300537109375e-06,2.384185791015625e-07
8072,0.004073619842529297,2.1457672119140625e-06,2.384185791015625e-07
8073,0.0036220550537109375,1.9073486328125e-06,0.0
8074,0.003570079803466797,2.384185791015625e-06,2.384185791015625e-07
8075,0.004220724105834961,1.9073486328125e-06,2.384185791015625e-07
8076,0.0033872127532958984,1.9073486328125e-06,2.384185791015625e-07
8077,0.003119230270385742,2.1457672119140625e-06,2.384185791015625e-07
8078,0.002296924591064453,1.9073486328125e-06,2.384185791015625e-07
8079,0.0028078556060791016,2.1457672119140625e-06,4.76837158203125e-07
8080,0.004215717315673828,2.1457672119140625e-06,2.384185791015625e-07
8081,0.0034112930297851562,1.9073486328125e-06,2.384185791015625e-07
8082,0.0035431385040283203,1.9073486328125e-06,2.384185791015625e-07
8083,0.002187013626098633,2.1457672119140625e-06,2.384185791015625e-07
8084,0.003118753433227539,2.1457672119140625e-06,2.384185791015625e-07
8085,0.00510096549987793,2.1457672119140625e-06,2.384185791015625e-07
8086,0.0037338733673095703,1.9073486328125e-06,2.384185791015625e-07
8087,0.0038030147552490234,2.1457672119140625e-06,4.76837158203125e-07
8088,0.003554821014404297,1.9073486328125e-06,2.384185791015625e-07
8089,0.004798412322998047,1.9073486328125e-06,2.384185791015625e-07
8090,0.002706289291381836,2.1457672119140625e-06,2.384185791015625e-07
8091,0.004963874816894531,1.9073486328125e-06,2.384185791015625e-07
8092,0.003483295440673828,1.9073486328125e-06,7.152557373046875e-07
8093,0.00330352783203125,1.9073486328125e-06,2.384185791015625e-07
8094,0.003628969192504883,2.384185791015625e-06,2.384185791015625e-07
8095,0.0044744014739990234,2.1457672119140625e-06,2.384185791015625e-07
8096,0.0036163330078125,2.1457672119140625e-06,4.76837158203125e-07
8097,0.0027680397033691406,2.1457672119140625e-06,2.384185791015625e-07
8098,0.0034651756286621094,1.6689300537109375e-06,2.384185791015625e-07
8099,0.0026311874389648438,1.6689300537109375e-06,2.384185791015625e-07
8100,0.0043811798095703125,1.9073486328125e-06,2.384185791015625e-07
8101,0.0023958683013916016,1.6689300537109375e-06,2.384185791015625e-07
8102,0.0030698776245117188,1.6689300537109375e-06,2.384185791015625e-07
8103,0.003544330596923828,1.6689300537109375e-06,2.384185791015625e-07
8104,0.00409245491027832,1.6689300537109375e-06,2.384185791015625e-07
8105,0.003535032272338867,1.6689300537109375e-06,4.76837158203125e-07
8106,0.0032739639282226562,2.1457672119140625e-06,4.76837158203125e-07
8107,0.004494428634643555,1.9073486328125e-06,2.384185791015625e-07
8108,0.004516124725341797,1.9073486328125e-06,2.384185791015625e-07
8109,0.004425525665283203,2.1457672119140625e-06,2.384185791015625e-07
8110,0.0035021305084228516,1.9073486328125e-06,2.384185791015625e-07
8111,0.005930185317993164,1.9073486328125e-06,2.384185791015625e-07
8112,0.0027480125427246094,1.9073486328125e-06,4.76837158203125e-07
8113,0.003537893295288086,1.9073486328125e-06,4.76837158203125e-07
8114,0.004597902297973633,1.9073486328125e-06,7.152557373046875e-07
8115,0.005156755447387695,1.9073486328125e-06,4.76837158203125e-07
8116,0.0029473304748535156,2.1457672119140625e-06,2.384185791015625e-07
8117,0.0039043426513671875,1.9073486328125e-06,2.384185791015625e-07
8118,0.003960609436035156,2.1457672119140625e-06,2.384185791015625e-07
8119,0.005796194076538086,2.1457672119140625e-06,4.76837158203125e-07
8120,0.00453495979309082,1.9073486328125e-06,2.384185791015625e-07
8121,0.005028247833251953,1.9073486328125e-06,2.384185791015625e-07
8122,0.002925395965576172,1.9073486328125e-06,2.384185791015625e-07
8123,0.004395961761474609,2.1457672119140625e-06,4.76837158203125e-07
8124,0.002595663070678711,1.9073486328125e-06,2.384185791015625e-07
8125,0.0037827491760253906,1.9073486328125e-06,2.384185791015625e-07
8126,0.005805253982543945,1.9073486328125e-06,4.76837158203125e-07
8127,0.0036492347717285156,1.6689300537109375e-06,4.76837158203125e-07
8128,0.004277706146240234,1.6689300537109375e-06,4.76837158203125e-07
8129,0.0032999515533447266,1.6689300537109375e-06,4.76837158203125e-07
8130,0.002020120620727539,1.9073486328125e-06,2.384185791015625e-07
8131,0.002698659896850586,1.6689300537109375e-06,2.384185791015625e-07
8132,0.005030393600463867,1.9073486328125e-06,4.76837158203125e-07
8133,0.005062103271484375,1.9073486328125e-06,2.384185791015625e-07
8134,0.00456690788269043,1.6689300537109375e-06,4.76837158203125e-07
8135,0.004339933395385742,1.6689300537109375e-06,2.384185791015625e-07
8136,0.003652334213256836,1.6689300537109375e-06,2.384185791015625e-07
8137,0.0051610469818115234,1.9073486328125e-06,2.384185791015625e-07
8138,0.003552675247192383,1.9073486328125e-06,0.0
8139,0.004788398742675781,1.6689300537109375e-06,2.384185791015625e-07
8140,0.0037539005279541016,1.6689300537109375e-06,2.384185791015625e-07
8141,0.004377126693725586,1.9073486328125e-06,2.384185791015625e-07
8142,0.0026924610137939453,1.9073486328125e-06,2.384185791015625e-07
8143,0.0026941299438476562,1.9073486328125e-06,2.384185791015625e-07
8144,0.0040454864501953125,1.6689300537109375e-06,4.76837158203125e-07
8145,0.004547119140625,1.430511474609375e-06,2.384185791015625e-07
8146,0.0029850006103515625,1.6689300537109375e-06,2.384185791015625e-07
8147,0.003351449966430664,1.9073486328125e-06,2.384185791015625e-07
8148,0.005141019821166992,2.6226043701171875e-06,2.384185791015625e-07
8149,0.0046138763427734375,1.9073486328125e-06,2.384185791015625e-07
8150,0.0021965503692626953,1.6689300537109375e-06,2.384185791015625e-07
8151,0.0034062862396240234,1.6689300537109375e-06,2.384185791015625e-07
8152,0.0058231353759765625,1.9073486328125e-06,2.384185791015625e-07
8153,0.0040149688720703125,1.6689300537109375e-06,2.384185791015625e-07
8154,0.005785226821899414,1.6689300537109375e-06,2.384185791015625e-07
8155,0.004669189453125,2.1457672119140625e-06,2.384185791015625e-07
8156,0.0025336742401123047,1.9073486328125e-06,2.384185791015625e-07
8157,0.00445556640625,1.9073486328125e-06,2.384185791015625e-07
8158,0.004779815673828125,1.9073486328125e-06,4.76837158203125e-07
8159,0.003247976303100586,1.9073486328125e-06,7.152557373046875e-07
8160,0.003383636474609375,2.1457672119140625e-06,2.384185791015625e-07
8161,0.0048828125,1.9073486328125e-06,2.384185791015625e-07
8162,0.0037512779235839844,2.1457672119140625e-06,2.384185791015625e-07
8163,0.004246950149536133,2.1457672119140625e-06,2.384185791015625e-07
8164,0.0031037330627441406,1.9073486328125e-06,2.384185791015625e-07
8165,0.003010988235473633,2.1457672119140625e-06,2.384185791015625e-07
8166,0.004947185516357422,2.1457672119140625e-06,2.384185791015625e-07
8167,0.004014253616333008,1.9073486328125e-06,2.384185791015625e-07
8168,0.00562739372253418,1.9073486328125e-06,4.76837158203125e-07
8169,0.0049664974212646484,1.9073486328125e-06,2.384185791015625e-07
8170,0.005178213119506836,2.1457672119140625e-06,2.384185791015625e-07
8171,0.007766246795654297,2.1457672119140625e-06,2.384185791015625e-07
8172,0.008984804153442383,1.9073486328125e-06,2.384185791015625e-07
8173,0.009988784790039062,1.9073486328125e-06,4.76837158203125e-07
8174,0.008371591567993164,1.9073486328125e-06,2.384185791015625e-07
8175,0.004152059555053711,1.6689300537109375e-06,2.384185791015625e-07
8176,0.006352663040161133,1.6689300537109375e-06,2.384185791015625e-07
8177,0.007097721099853516,1.6689300537109375e-06,2.384185791015625e-07
8178,0.006017208099365234,1.6689300537109375e-06,2.384185791015625e-07
8179,0.006285667419433594,1.6689300537109375e-06,2.384185791015625e-07
8180,0.004954814910888672,1.6689300537109375e-06,2.384185791015625e-07
8181,0.004313468933105469,1.9073486328125e-06,4.76837158203125e-07
8182,0.0040454864501953125,1.6689300537109375e-06,2.384185791015625e-07
8183,0.004249095916748047,1.6689300537109375e-06,2.384185791015625e-07
8184,0.005417346954345703,1.9073486328125e-06,2.384185791015625e-07
8185,0.0021407604217529297,1.9073486328125e-06,2.384185791015625e-07
8186,0.0030100345611572266,1.9073486328125e-06,2.384185791015625e-07
8187,0.004109382629394531,1.9073486328125e-06,2.384185791015625e-07
8188,0.0031554698944091797,2.1457672119140625e-06,2.384185791015625e-07
8189,0.0042722225189208984,1.9073486328125e-06,2.384185791015625e-07
8190,0.00706934928894043,1.9073486328125e-06,2.384185791015625e-07
8191,0.006064653396606445,1.9073486328125e-06,2.384185791015625e-07
8192,0.007740974426269531,2.1457672119140625e-06,2.384185791015625e-07
8193,0.006999969482421875,1.9073486328125e-06,2.384185791015625e-07
8194,0.0049326419830322266,1.9073486328125e-06,2.384185791015625e-07
8195,0.004372596740722656,1.9073486328125e-06,7.152557373046875e-07
8196,0.005817890167236328,2.1457672119140625e-06,4.76837158203125e-07
8197,0.0053272247314453125,2.1457672119140625e-06,2.384185791015625e-07
8198,0.00462651252746582,2.1457672119140625e-06,2.384185791015625e-07
8199,0.006029605865478516,1.9073486328125e-06,7.152557373046875e-07
8200,0.00436854362487793,1.6689300537109375e-06,2.384185791015625e-07
8201,0.0035636425018310547,1.6689300537109375e-06,2.384185791015625e-07
8202,0.0033996105194091797,1.6689300537109375e-06,2.384185791015625e-07
8203,0.004642486572265625,1.6689300537109375e-06,2.384185791015625e-07
8204,0.004126071929931641,1.6689300537109375e-06,2.384185791015625e-07
8205,0.0053942203521728516,1.6689300537109375e-06,2.384185791015625e-07
8206,0.0046045780181884766,1.9073486328125e-06,2.384185791015625e-07
8207,0.003101348876953125,2.1457672119140625e-06,2.384185791015625e-07
8208,0.0028374195098876953,1.9073486328125e-06,7.152557373046875e-07
8209,0.0026128292083740234,1.9073486328125e-06,2.384185791015625e-07
8210,0.003325223922729492,2.1457672119140625e-06,2.384185791015625e-07
8211,0.0029146671295166016,1.9073486328125e-06,2.384185791015625e-07
8212,0.004561185836791992,1.9073486328125e-06,2.384185791015625e-07
8213,0.004137516021728516,1.9073486328125e-06,4.76837158203125e-07
8214,0.0031137466430664062,2.384185791015625e-06,4.76837158203125e-07
8215,0.005057096481323242,1.430511474609375e-06,2.384185791015625e-07
8216,0.004713773727416992,2.1457672119140625e-06,2.384185791015625e-07
8217,0.004258155822753906,1.9073486328125e-06,4.76837158203125e-07
8218,0.0042955875396728516,1.9073486328125e-06,4.76837158203125e-07
8219,0.0031147003173828125,1.9073486328125e-06,2.384185791015625e-07
8220,0.005187034606933594,1.6689300537109375e-06,2.384185791015625e-07
8221,0.00458073616027832,1.6689300537109375e-06,4.76837158203125e-07
8222,0.0050754547119140625,1.6689300537109375e-06,4.76837158203125e-07
8223,0.003242015838623047,1.9073486328125e-06,2.384185791015625e-07
8224,0.005107402801513672,1.6689300537109375e-06,2.384185791015625e-07
8225,0.003615856170654297,1.9073486328125e-06,2.384185791015625e-07
8226,0.003165721893310547,1.9073486328125e-06,0.0
8227,0.003626108169555664,1.6689300537109375e-06,2.384185791015625e-07
8228,0.008842229843139648,1.6689300537109375e-06,2.384185791015625e-07
8229,0.004498720169067383,1.6689300537109375e-06,2.384185791015625e-07
8230,0.004405975341796875,1.6689300537109375e-06,2.384185791015625e-07
8231,0.004876613616943359,1.9073486328125e-06,2.384185791015625e-07
8232,0.004421234130859375,1.6689300537109375e-06,2.384185791015625e-07
8233,0.0019822120666503906,1.6689300537109375e-06,2.384185791015625e-07
8234,0.0019252300262451172,1.9073486328125e-06,4.76837158203125e-07
8235,0.004350423812866211,1.9073486328125e-06,2.384185791015625e-07
8236,0.004977703094482422,2.1457672119140625e-06,2.384185791015625e-07
8237,0.0026712417602539062,1.9073486328125e-06,2.384185791015625e-07
8238,0.004609346389770508,1.9073486328125e-06,2.384185791015625e-07
8239,0.0018680095672607422,2.1457672119140625e-06,2.384185791015625e-07
8240,0.00278472900390625,1.9073486328125e-06,2.384185791015625e-07
8241,0.004220008850097656,1.9073486328125e-06,2.384185791015625e-07
8242,0.0033087730407714844,2.1457672119140625e-06,4.76837158203125e-07
8243,0.0028922557830810547,1.9073486328125e-06,4.76837158203125e-07
8244,0.0036940574645996094,1.9073486328125e-06,2.384185791015625e-07
8245,0.0031332969665527344,1.9073486328125e-06,4.76837158203125e-07
8246,0.0041654109954833984,1.9073486328125e-06,2.384185791015625e-07
8247,0.003978252410888672,2.1457672119140625e-06,2.384185791015625e-07
8248,0.0035996437072753906,1.9073486328125e-06,2.384185791015625e-07
8249,0.0031070709228515625,1.9073486328125e-06,2.384185791015625e-07
8250,0.0028476715087890625,1.9073486328125e-06,4.76837158203125e-07
8251,0.005024909973144531,1.6689300537109375e-06,2.384185791015625e-07
8252,0.004716157913208008,1.6689300537109375e-06,4.76837158203125e-07
8253,0.004964351654052734,1.6689300537109375e-06,2.384185791015625e-07
8254,0.0032749176025390625,1.9073486328125e-06,2.384185791015625e-07
8255,0.0037479400634765625,1.6689300537109375e-06,2.384185791015625e-07
8256,0.003331899642944336,1.6689300537109375e-06,2.384185791015625e-07
8257,0.005274057388305664,1.6689300537109375e-06,2.384185791015625e-07
8258,0.002899169921875,1.6689300537109375e-06,2.384185791015625e-07
8259,0.00438690185546875,1.6689300537109375e-06,2.384185791015625e-07
8260,0.004773139953613281,1.6689300537109375e-06,2.384185791015625e-07
8261,0.0023860931396484375,1.6689300537109375e-06,2.384185791015625e-07
8262,0.0055065155029296875,2.1457672119140625e-06,2.384185791015625e-07
8263,0.004472255706787109,1.9073486328125e-06,2.384185791015625e-07
8264,0.004479885101318359,2.1457672119140625e-06,2.384185791015625e-07
8265,0.002454996109008789,1.6689300537109375e-06,2.384185791015625e-07
8266,0.003916025161743164,1.9073486328125e-06,2.384185791015625e-07
8267,0.003342866897583008,2.1457672119140625e-06,2.384185791015625e-07
8268,0.004682064056396484,1.9073486328125e-06,2.384185791015625e-07
8269,0.006256580352783203,1.9073486328125e-06,2.384185791015625e-07
8270,0.004102230072021484,2.1457672119140625e-06,4.76837158203125e-07
8271,0.005251407623291016,2.1457672119140625e-06,2.384185791015625e-07
8272,0.004308462142944336,1.9073486328125e-06,4.76837158203125e-07
8273,0.0039217472076416016,1.9073486328125e-06,7.152557373046875e-07
8274,0.005129575729370117,2.1457672119140625e-06,4.76837158203125e-07
8275,0.004063129425048828,1.9073486328125e-06,4.76837158203125e-07
8276,0.005971193313598633,1.9073486328125e-06,4.76837158203125e-07
8277,0.0023026466369628906,1.9073486328125e-06,2.384185791015625e-07
8278,0.0050487518310546875,1.9073486328125e-06,2.384185791015625e-07
8279,0.002868175506591797,1.9073486328125e-06,4.76837158203125e-07
8280,0.003516674041748047,1.9073486328125e-06,2.384185791015625e-07
8281,0.004644155502319336,1.9073486328125e-06,2.384185791015625e-07
8282,0.003909111022949219,1.6689300537109375e-06,2.384185791015625e-07
8283,0.0019729137420654297,1.6689300537109375e-06,2.384185791015625e-07
8284,0.0040130615234375,1.9073486328125e-06,2.384185791015625e-07
8285,0.004484891891479492,1.6689300537109375e-06,4.76837158203125e-07
8286,0.004572153091430664,1.430511474609375e-06,4.76837158203125e-07
8287,0.002233743667602539,2.1457672119140625e-06,2.384185791015625e-07
8288,0.0019943714141845703,1.9073486328125e-06,4.76837158203125e-07
8289,0.0046825408935546875,2.1457672119140625e-06,2.384185791015625e-07
8290,0.004085540771484375,2.1457672119140625e-06,2.384185791015625e-07
8291,0.004799365997314453,1.9073486328125e-06,7.152557373046875e-07
8292,0.003438711166381836,1.9073486328125e-06,2.384185791015625e-07
8293,0.005479574203491211,2.1457672119140625e-06,2.384185791015625e-07
8294,0.003047466278076172,1.9073486328125e-06,2.384185791015625e-07
8295,0.003408193588256836,1.9073486328125e-06,4.76837158203125e-07
8296,0.0055463314056396484,1.9073486328125e-06,2.384185791015625e-07
8297,0.004670619964599609,1.9073486328125e-06,2.384185791015625e-07
8298,0.004239320755004883,2.1457672119140625e-06,2.384185791015625e-07
8299,0.0036590099334716797,1.430511474609375e-06,4.76837158203125e-07
8300,0.003920316696166992,1.6689300537109375e-06,7.152557373046875e-07
8301,0.005129814147949219,1.9073486328125e-06,2.384185791015625e-07
8302,0.002567291259765625,1.6689300537109375e-06,2.384185791015625e-07
8303,0.003773212432861328,1.6689300537109375e-06,2.384185791015625e-07
8304,0.004362344741821289,1.6689300537109375e-06,2.384185791015625e-07
8305,0.0054912567138671875,1.430511474609375e-06,2.384185791015625e-07
8306,0.0016460418701171875,1.9073486328125e-06,2.384185791015625e-07
8307,0.004915475845336914,1.9073486328125e-06,2.384185791015625e-07
8308,0.004163980484008789,1.6689300537109375e-06,2.384185791015625e-07
8309,0.002238035202026367,1.6689300537109375e-06,4.76837158203125e-07
8310,0.004473209381103516,1.6689300537109375e-06,4.76837158203125e-07
8311,0.0062253475189208984,1.6689300537109375e-06,2.384185791015625e-07
8312,0.0048830509185791016,1.6689300537109375e-06,2.384185791015625e-07
8313,0.005048036575317383,1.6689300537109375e-06,4.76837158203125e-07
8314,0.0037026405334472656,1.6689300537109375e-06,4.76837158203125e-07
8315,0.0045452117919921875,1.9073486328125e-06,4.76837158203125e-07
8316,0.0022161006927490234,1.9073486328125e-06,4.76837158203125e-07
8317,0.006487846374511719,1.9073486328125e-06,4.76837158203125e-07
8318,0.004029989242553711,1.9073486328125e-06,4.76837158203125e-07
8319,0.00341033935546875,1.9073486328125e-06,2.384185791015625e-07
8320,0.0049479007720947266,1.9073486328125e-06,2.384185791015625e-07
8321,0.006148576736450195,2.1457672119140625e-06,2.384185791015625e-07
8322,0.002760171890258789,1.9073486328125e-06,2.384185791015625e-07
8323,0.005851030349731445,2.1457672119140625e-06,2.384185791015625e-07
8324,0.0022974014282226562,2.1457672119140625e-06,2.384185791015625e-07
8325,0.006158351898193359,1.9073486328125e-06,4.76837158203125e-07
8326,0.0028905868530273438,1.9073486328125e-06,2.384185791015625e-07
8327,0.006303548812866211,1.9073486328125e-06,7.152557373046875e-07
8328,0.0031280517578125,1.6689300537109375e-06,2.384185791015625e-07
8329,0.005311012268066406,1.6689300537109375e-06,2.384185791015625e-07
8330,0.005230903625488281,1.9073486328125e-06,2.384185791015625e-07
8331,0.005349874496459961,2.1457672119140625e-06,4.76837158203125e-07
8332,0.006018638610839844,1.430511474609375e-06,7.152557373046875e-07
8333,0.005542278289794922,1.6689300537109375e-06,4.76837158203125e-07
8334,0.0034682750701904297,1.6689300537109375e-06,2.384185791015625e-07
8335,0.0027375221252441406,1.430511474609375e-06,2.384185791015625e-07
8336,0.00403904914855957,1.6689300537109375e-06,4.76837158203125e-07
8337,0.005318164825439453,1.9073486328125e-06,2.384185791015625e-07
8338,0.003996372222900391,1.6689300537109375e-06,4.76837158203125e-07
8339,0.0059909820556640625,2.1457672119140625e-06,4.76837158203125e-07
8340,0.006163358688354492,1.9073486328125e-06,2.384185791015625e-07
8341,0.0045948028564453125,1.9073486328125e-06,7.152557373046875e-07
8342,0.004743814468383789,1.9073486328125e-06,2.384185791015625e-07
8343,0.004067182540893555,1.9073486328125e-06,2.384185791015625e-07
8344,0.003859996795654297,1.9073486328125e-06,2.384185791015625e-07
8345,0.0048999786376953125,1.9073486328125e-06,4.76837158203125e-07
8346,0.003621816635131836,1.9073486328125e-06,2.384185791015625e-07
8347,0.0023810863494873047,1.9073486328125e-06,4.76837158203125e-07
8348,0.0035965442657470703,1.6689300537109375e-06,2.384185791015625e-07
8349,0.004617214202880859,2.1457672119140625e-06,4.76837158203125e-07
8350,0.003391265869140625,1.430511474609375e-06,2.384185791015625e-07
8351,0.0032584667205810547,1.9073486328125e-06,2.384185791015625e-07
8352,0.005487918853759766,1.9073486328125e-06,4.76837158203125e-07
8353,0.004137277603149414,1.6689300537109375e-06,4.76837158203125e-07
8354,0.0029969215393066406,1.9073486328125e-06,2.384185791015625e-07
8355,0.0032012462615966797,1.6689300537109375e-06,2.384185791015625e-07
8356,0.004601716995239258,1.6689300537109375e-06,2.384185791015625e-07
8357,0.0034332275390625,1.6689300537109375e-06,2.384185791015625e-07
8358,0.0030584335327148438,2.1457672119140625e-06,2.384185791015625e-07
8359,0.002566814422607422,1.6689300537109375e-06,2.384185791015625e-07
8360,0.003663301467895508,1.9073486328125e-06,2.384185791015625e-07
8361,0.003982067108154297,2.1457672119140625e-06,2.384185791015625e-07
8362,0.004587411880493164,1.6689300537109375e-06,2.384185791015625e-07
8363,0.004695415496826172,1.9073486328125e-06,2.384185791015625e-07
8364,0.0054683685302734375,1.9073486328125e-06,2.384185791015625e-07
8365,0.002628326416015625,1.9073486328125e-06,4.76837158203125e-07
8366,0.005820035934448242,1.9073486328125e-06,2.384185791015625e-07
8367,0.0031380653381347656,1.9073486328125e-06,2.384185791015625e-07
8368,0.005415916442871094,1.9073486328125e-06,2.384185791015625e-07
8369,0.0036394596099853516,1.9073486328125e-06,2.384185791015625e-07
8370,0.0027077198028564453,1.6689300537109375e-06,4.76837158203125e-07
8371,0.002211332321166992,1.6689300537109375e-06,2.384185791015625e-07
8372,0.0054934024810791016,1.6689300537109375e-06,2.384185791015625e-07
8373,0.002603292465209961,1.6689300537109375e-06,2.384185791015625e-07
8374,0.005051136016845703,1.6689300537109375e-06,4.76837158203125e-07
8375,0.003492116928100586,1.6689300537109375e-06,2.384185791015625e-07
8376,0.0036623477935791016,1.430511474609375e-06,2.384185791015625e-07
8377,0.0045278072357177734,1.6689300537109375e-06,2.384185791015625e-07
8378,0.0028531551361083984,1.6689300537109375e-06,2.384185791015625e-07
8379,0.004098653793334961,2.1457672119140625e-06,2.384185791015625e-07
8380,0.006174802780151367,1.9073486328125e-06,2.384185791015625e-07
8381,0.0036699771881103516,1.9073486328125e-06,2.384185791015625e-07
8382,0.0034275054931640625,1.9073486328125e-06,2.384185791015625e-07
8383,0.002405881881713867,2.1457672119140625e-06,2.384185791015625e-07
8384,0.0048749446868896484,1.6689300537109375e-06,2.384185791015625e-07
8385,0.00596165657043457,1.9073486328125e-06,2.384185791015625e-07
8386,0.0042095184326171875,1.9073486328125e-06,2.384185791015625e-07
8387,0.005480051040649414,1.6689300537109375e-06,2.384185791015625e-07
8388,0.0019402503967285156,1.9073486328125e-06,2.384185791015625e-07
8389,0.00484466552734375,2.1457672119140625e-06,2.384185791015625e-07
8390,0.0031366348266601562,1.9073486328125e-06,2.384185791015625e-07
8391,0.004778623580932617,1.9073486328125e-06,2.384185791015625e-07
8392,0.004613637924194336,1.6689300537109375e-06,7.152557373046875e-07
8393,0.0031430721282958984,1.6689300537109375e-06,2.384185791015625e-07
8394,0.005660533905029297,1.9073486328125e-06,2.384185791015625e-07
8395,0.0032088756561279297,1.430511474609375e-06,2.384185791015625e-07
8396,0.005335330963134766,1.6689300537109375e-06,2.384185791015625e-07
8397,0.0056307315826416016,2.1457672119140625e-06,4.76837158203125e-07
8398,0.0028502941131591797,1.9073486328125e-06,2.384185791015625e-07
8399,0.002364635467529297,2.1457672119140625e-06,2.384185791015625e-07
8400,0.004776716232299805,1.9073486328125e-06,2.384185791015625e-07
8401,0.003776073455810547,2.1457672119140625e-06,2.384185791015625e-07
8402,0.0033614635467529297,1.9073486328125e-06,4.76837158203125e-07
8403,0.0044710636138916016,1.9073486328125e-06,2.384185791015625e-07
8404,0.004507303237915039,1.9073486328125e-06,2.384185791015625e-07
8405,0.002438068389892578,1.9073486328125e-06,2.384185791015625e-07
8406,0.0039632320404052734,2.1457672119140625e-06,4.76837158203125e-07
8407,0.0017116069793701172,1.9073486328125e-06,4.76837158203125e-07
8408,0.005362033843994141,1.9073486328125e-06,2.384185791015625e-07
8409,0.006015777587890625,1.9073486328125e-06,2.384185791015625e-07
8410,0.0038216114044189453,1.9073486328125e-06,4.76837158203125e-07
8411,0.0056531429290771484,1.9073486328125e-06,2.384185791015625e-07
8412,0.0052814483642578125,1.9073486328125e-06,2.384185791015625e-07
8413,0.0035295486450195312,1.9073486328125e-06,7.152557373046875e-07
8414,0.006363630294799805,1.6689300537109375e-06,2.384185791015625e-07
8415,0.004887819290161133,1.6689300537109375e-06,2.384185791015625e-07
8416,0.0018956661224365234,1.430511474609375e-06,4.76837158203125e-07
8417,0.005071163177490234,1.6689300537109375e-06,2.384185791015625e-07
8418,0.003458261489868164,1.6689300537109375e-06,2.384185791015625e-07
8419,0.0027480125427246094,1.6689300537109375e-06,4.76837158203125e-07
8420,0.003362417221069336,1.9073486328125e-06,4.76837158203125e-07
8421,0.0028829574584960938,1.6689300537109375e-06,2.384185791015625e-07
8422,0.005715131759643555,1.9073486328125e-06,2.384185791015625e-07
8423,0.00437474250793457,1.9073486328125e-06,4.76837158203125e-07
8424,0.01971578598022461,1.9073486328125e-06,4.76837158203125e-07
8425,0.002833843231201172,2.1457672119140625e-06,2.384185791015625e-07
8426,0.004563093185424805,1.9073486328125e-06,2.384185791015625e-07
8427,0.0036656856536865234,1.9073486328125e-06,2.384185791015625e-07
8428,0.004238128662109375,1.6689300537109375e-06,7.152557373046875e-07
8429,0.003218412399291992,1.6689300537109375e-06,4.76837158203125e-07
8430,0.004410266876220703,1.6689300537109375e-06,2.384185791015625e-07
8431,0.004342555999755859,1.6689300537109375e-06,2.384185791015625e-07
8432,0.005280494689941406,1.6689300537109375e-06,7.152557373046875e-07
8433,0.005661964416503906,1.6689300537109375e-06,4.76837158203125e-07
8434,0.004835367202758789,1.6689300537109375e-06,2.384185791015625e-07
8435,0.0033397674560546875,2.6226043701171875e-06,4.76837158203125e-07
8436,0.003994941711425781,1.9073486328125e-06,7.152557373046875e-07
8437,0.005183696746826172,1.9073486328125e-06,2.384185791015625e-07
8438,0.003924846649169922,1.9073486328125e-06,2.384185791015625e-07
8439,0.004485607147216797,1.9073486328125e-06,4.76837158203125e-07
8440,0.003457307815551758,1.9073486328125e-06,2.384185791015625e-07
8441,0.0024170875549316406,2.1457672119140625e-06,2.384185791015625e-07
8442,0.0035200119018554688,1.9073486328125e-06,4.76837158203125e-07
8443,0.0038144588470458984,1.9073486328125e-06,2.384185791015625e-07
8444,0.003098011016845703,2.1457672119140625e-06,4.76837158203125e-07
8445,0.002599477767944336,1.6689300537109375e-06,2.384185791015625e-07
8446,0.0034401416778564453,1.6689300537109375e-06,2.384185791015625e-07
8447,0.00423121452331543,1.6689300537109375e-06,2.384185791015625e-07
8448,0.002966642379760742,1.6689300537109375e-06,2.384185791015625e-07
8449,0.005128383636474609,1.9073486328125e-06,2.384185791015625e-07
8450,0.004671812057495117,1.9073486328125e-06,2.384185791015625e-07
8451,0.002370595932006836,2.1457672119140625e-06,2.384185791015625e-07
8452,0.004593610763549805,1.9073486328125e-06,2.384185791015625e-07
8453,0.003728628158569336,1.9073486328125e-06,2.384185791015625e-07
8454,0.0031003952026367188,1.9073486328125e-06,2.384185791015625e-07
8455,0.004791259765625,2.1457672119140625e-06,2.384185791015625e-07
8456,0.004197597503662109,1.6689300537109375e-06,4.76837158203125e-07
8457,0.004475831985473633,1.6689300537109375e-06,2.384185791015625e-07
8458,0.0036687850952148438,1.6689300537109375e-06,2.384185791015625e-07
8459,0.003998994827270508,1.6689300537109375e-06,2.384185791015625e-07
8460,0.003912210464477539,1.9073486328125e-06,7.152557373046875e-07
8461,0.00445556640625,1.6689300537109375e-06,4.76837158203125e-07
8462,0.004567861557006836,1.9073486328125e-06,2.384185791015625e-07
8463,0.003253936767578125,2.1457672119140625e-06,2.384185791015625e-07
8464,0.0042798519134521484,1.9073486328125e-06,4.76837158203125e-07
8465,0.003548860549926758,1.9073486328125e-06,2.384185791015625e-07
8466,0.0026063919067382812,2.1457672119140625e-06,2.384185791015625e-07
8467,0.0015876293182373047,1.9073486328125e-06,2.384185791015625e-07
8468,0.0053102970123291016,1.9073486328125e-06,2.384185791015625e-07
8469,0.004526615142822266,1.9073486328125e-06,4.76837158203125e-07
8470,0.003649473190307617,1.9073486328125e-06,2.384185791015625e-07
8471,0.0044803619384765625,1.9073486328125e-06,4.76837158203125e-07
8472,0.004503011703491211,2.1457672119140625e-06,4.76837158203125e-07
8473,0.004469633102416992,1.9073486328125e-06,2.384185791015625e-07
8474,0.003952741622924805,1.6689300537109375e-06,4.76837158203125e-07
8475,0.004457712173461914,1.9073486328125e-06,2.384185791015625e-07
8476,0.0037255287170410156,2.1457672119140625e-06,4.76837158203125e-07
8477,0.004825115203857422,1.6689300537109375e-06,2.384185791015625e-07
8478,0.0035462379455566406,1.6689300537109375e-06,2.384185791015625e-07
8479,0.0048258304595947266,1.6689300537109375e-06,4.76837158203125e-07
8480,0.0032269954681396484,1.6689300537109375e-06,4.76837158203125e-07
8481,0.0029845237731933594,1.9073486328125e-06,2.384185791015625e-07
8482,0.004680633544921875,1.6689300537109375e-06,4.76837158203125e-07
8483,0.003207683563232422,1.9073486328125e-06,2.384185791015625e-07
8484,0.003689289093017578,1.6689300537109375e-06,2.384185791015625e-07
8485,0.003782987594604492,1.6689300537109375e-06,2.384185791015625e-07
8486,0.0037267208099365234,2.1457672119140625e-06,2.384185791015625e-07
8487,0.002895832061767578,1.6689300537109375e-06,4.76837158203125e-07
8488,0.0038328170776367188,1.9073486328125e-06,4.76837158203125e-07
8489,0.003049135208129883,2.1457672119140625e-06,2.384185791015625e-07
8490,0.0027861595153808594,2.1457672119140625e-06,2.384185791015625e-07
8491,0.00613713264465332,2.1457672119140625e-06,4.76837158203125e-07
8492,0.00489497184753418,1.9073486328125e-06,2.384185791015625e-07
8493,0.00422358512878418,2.1457672119140625e-06,2.384185791015625e-07
8494,0.004072904586791992,2.1457672119140625e-06,2.384185791015625e-07
8495,0.0018792152404785156,1.9073486328125e-06,2.384185791015625e-07
8496,0.005061149597167969,1.9073486328125e-06,2.384185791015625e-07
8497,0.006221771240234375,2.1457672119140625e-06,2.384185791015625e-07
8498,0.004273891448974609,1.9073486328125e-06,2.384185791015625e-07
8499,0.003284454345703125,1.9073486328125e-06,2.384185791015625e-07
8500,0.0035185813903808594,2.1457672119140625e-06,4.76837158203125e-07
8501,0.003877401351928711,2.384185791015625e-06,4.76837158203125e-07
8502,0.005286216735839844,1.6689300537109375e-06,2.384185791015625e-07
8503,0.003204822540283203,1.6689300537109375e-06,2.384185791015625e-07
8504,0.004851818084716797,1.430511474609375e-06,2.384185791015625e-07
8505,0.0038564205169677734,1.430511474609375e-06,2.384185791015625e-07
8506,0.0043792724609375,1.9073486328125e-06,2.384185791015625e-07
8507,0.0028312206268310547,1.9073486328125e-06,2.384185791015625e-07
8508,0.0036737918853759766,2.1457672119140625e-06,4.76837158203125e-07
8509,0.0032052993774414062,1.6689300537109375e-06,2.384185791015625e-07
8510,0.004885196685791016,1.9073486328125e-06,4.76837158203125e-07
8511,0.004381895065307617,1.430511474609375e-06,2.384185791015625e-07
8512,0.0039827823638916016,1.6689300537109375e-06,2.384185791015625e-07
8513,0.003470182418823242,1.9073486328125e-06,2.384185791015625e-07
8514,0.003878355026245117,1.430511474609375e-06,2.384185791015625e-07
8515,0.002093076705932617,1.6689300537109375e-06,2.384185791015625e-07
8516,0.004060029983520508,1.6689300537109375e-06,4.76837158203125e-07
8517,0.003918886184692383,1.6689300537109375e-06,2.384185791015625e-07
8518,0.0028100013732910156,1.430511474609375e-06,4.76837158203125e-07
8519,0.0025081634521484375,1.6689300537109375e-06,2.384185791015625e-07
8520,0.00567173957824707,1.6689300537109375e-06,2.384185791015625e-07
8521,0.0028905868530273438,1.9073486328125e-06,2.384185791015625e-07
8522,0.0023720264434814453,1.9073486328125e-06,2.384185791015625e-07
8523,0.0037572383880615234,1.9073486328125e-06,4.76837158203125e-07
8524,0.004021644592285156,1.9073486328125e-06,2.384185791015625e-07
8525,0.006089687347412109,1.9073486328125e-06,2.384185791015625e-07
8526,0.0027298927307128906,1.9073486328125e-06,4.76837158203125e-07
8527,0.0055713653564453125,1.9073486328125e-06,4.76837158203125e-07
8528,0.002968311309814453,2.1457672119140625e-06,4.76837158203125e-07
8529,0.0037491321563720703,1.6689300537109375e-06,2.384185791015625e-07
8530,0.002897024154663086,2.1457672119140625e-06,2.384185791015625e-07
8531,0.004443168640136719,1.9073486328125e-06,2.384185791015625e-07
8532,0.002110719680786133,1.9073486328125e-06,4.76837158203125e-07
8533,0.005268096923828125,1.9073486328125e-06,4.76837158203125e-07
8534,0.0057353973388671875,1.9073486328125e-06,4.76837158203125e-07
8535,0.004109859466552734,2.1457672119140625e-06,4.76837158203125e-07
8536,0.006277799606323242,1.9073486328125e-06,2.384185791015625e-07
8537,0.004853010177612305,1.9073486328125e-06,2.384185791015625e-07
8538,0.004557371139526367,1.9073486328125e-06,2.384185791015625e-07
8539,0.004416465759277344,1.9073486328125e-06,2.384185791015625e-07
8540,0.002110719680786133,1.9073486328125e-06,2.384185791015625e-07
8541,0.00527644157409668,1.430511474609375e-06,2.384185791015625e-07
8542,0.00418853759765625,1.6689300537109375e-06,2.384185791015625e-07
8543,0.0055620670318603516,1.6689300537109375e-06,2.384185791015625e-07
8544,0.003262758255004883,1.6689300537109375e-06,4.76837158203125e-07
8545,0.004387617111206055,1.6689300537109375e-06,2.384185791015625e-07
8546,0.0038487911224365234,1.6689300537109375e-06,2.384185791015625e-07
8547,0.0016665458679199219,1.6689300537109375e-06,4.76837158203125e-07
8548,0.003420114517211914,1.6689300537109375e-06,4.76837158203125e-07
8549,0.002989053726196289,1.6689300537109375e-06,2.384185791015625e-07
8550,0.0035886764526367188,1.6689300537109375e-06,2.384185791015625e-07
8551,0.003426790237426758,1.9073486328125e-06,2.384185791015625e-07
8552,0.005040407180786133,1.6689300537109375e-06,2.384185791015625e-07
8553,0.003217458724975586,1.6689300537109375e-06,4.76837158203125e-07
8554,0.0030307769775390625,2.1457672119140625e-06,2.384185791015625e-07
8555,0.00506281852722168,2.1457672119140625e-06,2.384185791015625e-07
8556,0.0033707618713378906,1.6689300537109375e-06,4.76837158203125e-07
8557,0.004903316497802734,1.9073486328125e-06,7.152557373046875e-07
8558,0.0036420822143554688,1.6689300537109375e-06,2.384185791015625e-07
8559,0.004965782165527344,2.1457672119140625e-06,2.384185791015625e-07
8560,0.0041692256927490234,1.6689300537109375e-06,2.384185791015625e-07
8561,0.002843618392944336,1.9073486328125e-06,2.384185791015625e-07
8562,0.0034041404724121094,1.6689300537109375e-06,2.384185791015625e-07
8563,0.0053806304931640625,1.6689300537109375e-06,2.384185791015625e-07
8564,0.003851175308227539,1.6689300537109375e-06,2.384185791015625e-07
8565,0.002991199493408203,1.6689300537109375e-06,2.384185791015625e-07
8566,0.0052759647369384766,1.6689300537109375e-06,7.152557373046875e-07
8567,0.0042531490325927734,1.6689300537109375e-06,2.384185791015625e-07
8568,0.004217386245727539,1.9073486328125e-06,2.384185791015625e-07
8569,0.002761363983154297,1.9073486328125e-06,4.76837158203125e-07
8570,0.0024657249450683594,1.9073486328125e-06,4.76837158203125e-07
8571,0.005562305450439453,2.1457672119140625e-06,2.384185791015625e-07
8572,0.005640268325805664,2.1457672119140625e-06,2.384185791015625e-07
8573,0.004479885101318359,1.9073486328125e-06,2.384185791015625e-07
8574,0.003589630126953125,1.9073486328125e-06,2.384185791015625e-07
8575,0.0031468868255615234,1.9073486328125e-06,4.76837158203125e-07
8576,0.004581451416015625,1.9073486328125e-06,2.384185791015625e-07
8577,0.0019447803497314453,1.9073486328125e-06,2.384185791015625e-07
8578,0.00490260124206543,1.9073486328125e-06,2.384185791015625e-07
8579,0.0046710968017578125,1.6689300537109375e-06,2.384185791015625e-07
8580,0.005331277847290039,1.9073486328125e-06,2.384185791015625e-07
8581,0.004649162292480469,1.9073486328125e-06,4.76837158203125e-07
8582,0.003100872039794922,2.1457672119140625e-06,2.384185791015625e-07
8583,0.005433082580566406,1.9073486328125e-06,2.384185791015625e-07
8584,0.005009651184082031,2.1457672119140625e-06,4.76837158203125e-07
8585,0.004883527755737305,2.1457672119140625e-06,2.384185791015625e-07
8586,0.0023572444915771484,1.9073486328125e-06,2.384185791015625e-07
8587,0.002780914306640625,1.6689300537109375e-06,4.76837158203125e-07
8588,0.005053043365478516,1.6689300537109375e-06,2.384185791015625e-07
8589,0.006927490234375,1.9073486328125e-06,2.384185791015625e-07
8590,0.004045963287353516,1.9073486328125e-06,2.384185791015625e-07
8591,0.004306316375732422,1.6689300537109375e-06,2.384185791015625e-07
8592,0.0018429756164550781,1.9073486328125e-06,2.384185791015625e-07
8593,0.005028724670410156,1.6689300537109375e-06,4.76837158203125e-07
8594,0.00431513786315918,1.6689300537109375e-06,2.384185791015625e-07
8595,0.0038764476776123047,1.6689300537109375e-06,2.384185791015625e-07
8596,0.001911163330078125,1.6689300537109375e-06,2.384185791015625e-07
8597,0.0039215087890625,1.6689300537109375e-06,2.384185791015625e-07
8598,0.004421234130859375,1.9073486328125e-06,2.384185791015625e-07
8599,0.00494694709777832,1.9073486328125e-06,2.384185791015625e-07
8600,0.0054776668548583984,1.9073486328125e-06,2.384185791015625e-07
8601,0.003456592559814453,1.9073486328125e-06,2.384185791015625e-07
8602,0.0024940967559814453,2.1457672119140625e-06,2.384185791015625e-07
8603,0.002498149871826172,1.9073486328125e-06,2.384185791015625e-07
8604,0.004690408706665039,1.9073486328125e-06,2.384185791015625e-07
8605,0.003062725067138672,1.9073486328125e-06,2.384185791015625e-07
8606,0.002659320831298828,1.9073486328125e-06,4.76837158203125e-07
8607,0.004338741302490234,2.1457672119140625e-06,2.384185791015625e-07
8608,0.004029512405395508,1.6689300537109375e-06,2.384185791015625e-07
8609,0.0024399757385253906,1.6689300537109375e-06,2.384185791015625e-07
8610,0.0033347606658935547,1.9073486328125e-06,2.384185791015625e-07
8611,0.0036334991455078125,1.9073486328125e-06,2.384185791015625e-07
8612,0.0039746761322021484,1.430511474609375e-06,2.384185791015625e-07
8613,0.004937648773193359,1.6689300537109375e-06,2.384185791015625e-07
8614,0.002682924270629883,1.6689300537109375e-06,2.384185791015625e-07
8615,0.002043008804321289,1.9073486328125e-06,2.384185791015625e-07
8616,0.0027108192443847656,1.9073486328125e-06,2.384185791015625e-07
8617,0.0044252872467041016,1.430511474609375e-06,2.384185791015625e-07
8618,0.0036630630493164062,1.9073486328125e-06,2.384185791015625e-07
8619,0.003358602523803711,1.6689300537109375e-06,2.384185791015625e-07
8620,0.004909038543701172,1.6689300537109375e-06,2.384185791015625e-07
8621,0.0037033557891845703,1.9073486328125e-06,2.384185791015625e-07
8622,0.005099058151245117,1.9073486328125e-06,2.384185791015625e-07
8623,0.0036797523498535156,1.9073486328125e-06,2.384185791015625e-07
8624,0.0026044845581054688,1.9073486328125e-06,7.152557373046875e-07
8625,0.0040738582611083984,1.9073486328125e-06,2.384185791015625e-07
8626,0.004796266555786133,2.1457672119140625e-06,2.384185791015625e-07
8627,0.004847049713134766,1.9073486328125e-06,2.384185791015625e-07
8628,0.0021250247955322266,2.1457672119140625e-06,2.384185791015625e-07
8629,0.005642414093017578,1.9073486328125e-06,2.384185791015625e-07
8630,0.0038776397705078125,1.9073486328125e-06,2.384185791015625e-07
8631,0.0033648014068603516,1.9073486328125e-06,4.76837158203125e-07
8632,0.004896640777587891,1.6689300537109375e-06,4.76837158203125e-07
8633,0.002824068069458008,1.9073486328125e-06,2.384185791015625e-07
8634,0.002661466598510742,2.1457672119140625e-06,2.384185791015625e-07
8635,0.002771615982055664,1.6689300537109375e-06,2.384185791015625e-07
8636,0.003414630889892578,2.1457672119140625e-06,2.384185791015625e-07
8637,0.0029990673065185547,2.1457672119140625e-06,4.76837158203125e-07
8638,0.003200531005859375,2.1457672119140625e-06,2.384185791015625e-07
8639,0.002207517623901367,1.9073486328125e-06,2.384185791015625e-07
8640,0.004730939865112305,2.1457672119140625e-06,2.384185791015625e-07
8641,0.002961397171020508,1.9073486328125e-06,2.384185791015625e-07
8642,0.0029180049896240234,1.9073486328125e-06,2.384185791015625e-07
8643,0.004713296890258789,1.9073486328125e-06,2.384185791015625e-07
8644,0.004669666290283203,2.1457672119140625e-06,2.384185791015625e-07
8645,0.005021095275878906,1.9073486328125e-06,2.384185791015625e-07
8646,0.004993915557861328,2.1457672119140625e-06,2.384185791015625e-07
8647,0.004624605178833008,1.6689300537109375e-06,2.384185791015625e-07
8648,0.0036039352416992188,1.6689300537109375e-06,4.76837158203125e-07
8649,0.0022809505462646484,1.6689300537109375e-06,2.384185791015625e-07
8650,0.002472400665283203,2.1457672119140625e-06,2.384185791015625e-07
8651,0.0038161277770996094,1.9073486328125e-06,7.152557373046875e-07
8652,0.0037021636962890625,1.6689300537109375e-06,2.384185791015625e-07
8653,0.004466056823730469,2.1457672119140625e-06,2.384185791015625e-07
8654,0.0033524036407470703,2.1457672119140625e-06,2.384185791015625e-07
8655,0.0035245418548583984,1.9073486328125e-06,4.76837158203125e-07
8656,0.005112409591674805,1.9073486328125e-06,2.384185791015625e-07
8657,0.004055976867675781,1.9073486328125e-06,2.384185791015625e-07
8658,0.00459599494934082,2.1457672119140625e-06,2.384185791015625e-07
8659,0.0031938552856445312,1.9073486328125e-06,2.384185791015625e-07
8660,0.003070831298828125,2.1457672119140625e-06,2.384185791015625e-07
8661,0.0023093223571777344,1.9073486328125e-06,2.384185791015625e-07
8662,0.0019791126251220703,1.9073486328125e-06,2.384185791015625e-07
8663,0.0019075870513916016,2.1457672119140625e-06,2.384185791015625e-07
8664,0.0047681331634521484,1.6689300537109375e-06,2.384185791015625e-07
8665,0.004958152770996094,2.1457672119140625e-06,2.384185791015625e-07
8666,0.003294229507446289,1.6689300537109375e-06,2.384185791015625e-07
8667,0.002881765365600586,1.6689300537109375e-06,2.384185791015625e-07
8668,0.0045244693756103516,1.9073486328125e-06,2.384185791015625e-07
8669,0.002656698226928711,1.6689300537109375e-06,4.76837158203125e-07
8670,0.0046503543853759766,1.6689300537109375e-06,2.384185791015625e-07
8671,0.004399299621582031,1.6689300537109375e-06,2.384185791015625e-07
8672,0.0030367374420166016,1.9073486328125e-06,2.384185791015625e-07
8673,0.004194736480712891,1.6689300537109375e-06,7.152557373046875e-07
8674,0.0045087337493896484,1.6689300537109375e-06,4.76837158203125e-07
8675,0.0025322437286376953,1.6689300537109375e-06,4.76837158203125e-07
8676,0.004113674163818359,1.9073486328125e-06,2.384185791015625e-07
8677,0.002711057662963867,1.6689300537109375e-06,2.384185791015625e-07
8678,0.0036361217498779297,1.430511474609375e-06,2.384185791015625e-07
8679,0.0025637149810791016,1.6689300537109375e-06,2.384185791015625e-07
8680,0.004311561584472656,1.6689300537109375e-06,2.384185791015625e-07
8681,0.0038242340087890625,1.430511474609375e-06,2.384185791015625e-07
8682,0.004627704620361328,1.6689300537109375e-06,2.384185791015625e-07
8683,0.0056133270263671875,1.6689300537109375e-06,2.384185791015625e-07
8684,0.0060882568359375,1.9073486328125e-06,4.76837158203125e-07
8685,0.0054776668548583984,1.6689300537109375e-06,2.384185791015625e-07
8686,0.002651214599609375,1.9073486328125e-06,2.384185791015625e-07
8687,0.005781888961791992,1.6689300537109375e-06,2.384185791015625e-07
8688,0.0039904117584228516,2.1457672119140625e-06,2.384185791015625e-07
8689,0.004759311676025391,1.9073486328125e-06,2.384185791015625e-07
8690,0.005059003829956055,2.1457672119140625e-06,7.152557373046875e-07
8691,0.005154609680175781,1.9073486328125e-06,2.384185791015625e-07
8692,0.003786325454711914,1.9073486328125e-06,2.384185791015625e-07
8693,0.0029811859130859375,1.9073486328125e-06,2.384185791015625e-07
8694,0.0054280757904052734,1.9073486328125e-06,4.76837158203125e-07
8695,0.004346370697021484,1.9073486328125e-06,2.384185791015625e-07
8696,0.004971027374267578,1.9073486328125e-06,4.76837158203125e-07
8697,0.002683877944946289,2.1457672119140625e-06,2.384185791015625e-07
8698,0.004552364349365234,1.9073486328125e-06,2.384185791015625e-07
8699,0.005420207977294922,2.384185791015625e-06,2.384185791015625e-07
8700,0.0037894248962402344,1.9073486328125e-06,4.76837158203125e-07
8701,0.005733489990234375,1.9073486328125e-06,2.384185791015625e-07
8702,0.00522613525390625,1.9073486328125e-06,2.384185791015625e-07
8703,0.003320932388305664,2.1457672119140625e-06,4.76837158203125e-07
8704,0.0036618709564208984,2.1457672119140625e-06,2.384185791015625e-07
8705,0.004701137542724609,1.6689300537109375e-06,2.384185791015625e-07
8706,0.004476070404052734,1.6689300537109375e-06,2.384185791015625e-07
8707,0.00466609001159668,1.430511474609375e-06,2.384185791015625e-07
8708,0.006582498550415039,1.9073486328125e-06,2.384185791015625e-07
8709,0.00385284423828125,1.6689300537109375e-06,2.384185791015625e-07
8710,0.002257823944091797,1.6689300537109375e-06,2.384185791015625e-07
8711,0.0041348934173583984,1.9073486328125e-06,4.76837158203125e-07
8712,0.003167390823364258,1.9073486328125e-06,7.152557373046875e-07
8713,0.0029392242431640625,1.9073486328125e-06,4.76837158203125e-07
8714,0.004824399948120117,1.9073486328125e-06,2.384185791015625e-07
8715,0.004798412322998047,1.9073486328125e-06,2.384185791015625e-07
8716,0.004598140716552734,1.9073486328125e-06,7.152557373046875e-07
8717,0.004981279373168945,1.9073486328125e-06,4.76837158203125e-07
8718,0.00613856315612793,2.1457672119140625e-06,2.384185791015625e-07
8719,0.005127429962158203,1.6689300537109375e-06,2.384185791015625e-07
8720,0.005218982696533203,1.9073486328125e-06,2.384185791015625e-07
8721,0.004560947418212891,1.9073486328125e-06,2.384185791015625e-07
8722,0.004237651824951172,2.1457672119140625e-06,2.384185791015625e-07
8723,0.005572080612182617,2.1457672119140625e-06,2.384185791015625e-07
8724,0.004816770553588867,1.9073486328125e-06,4.76837158203125e-07
8725,0.004843950271606445,2.1457672119140625e-06,2.384185791015625e-07
8726,0.004391670227050781,1.6689300537109375e-06,2.384185791015625e-07
8727,0.0036382675170898438,1.6689300537109375e-06,2.384185791015625e-07
8728,0.004881858825683594,1.9073486328125e-06,2.384185791015625e-07
8729,0.0027718544006347656,1.6689300537109375e-06,2.384185791015625e-07
8730,0.003679037094116211,1.6689300537109375e-06,4.76837158203125e-07
8731,0.002933025360107422,1.6689300537109375e-06,4.76837158203125e-07
8732,0.005274534225463867,2.1457672119140625e-06,2.384185791015625e-07
8733,0.0036101341247558594,1.430511474609375e-06,4.76837158203125e-07
8734,0.005936622619628906,1.6689300537109375e-06,2.384185791015625e-07
8735,0.005459308624267578,1.6689300537109375e-06,2.384185791015625e-07
8736,0.005984067916870117,1.9073486328125e-06,2.384185791015625e-07
8737,0.005258321762084961,1.9073486328125e-06,2.384185791015625e-07
8738,0.0044403076171875,1.6689300537109375e-06,4.76837158203125e-07
8739,0.0017347335815429688,1.430511474609375e-06,2.384185791015625e-07
8740,0.004151821136474609,1.9073486328125e-06,2.384185791015625e-07
8741,0.006839752197265625,1.6689300537109375e-06,2.384185791015625e-07
8742,0.005230903625488281,2.1457672119140625e-06,2.384185791015625e-07
8743,0.0033109188079833984,1.6689300537109375e-06,2.384185791015625e-07
8744,0.0033721923828125,2.384185791015625e-06,2.384185791015625e-07
8745,0.003081083297729492,1.6689300537109375e-06,2.384185791015625e-07
8746,0.004889965057373047,1.6689300537109375e-06,2.384185791015625e-07
8747,0.0012407302856445312,1.9073486328125e-06,2.384185791015625e-07
8748,0.0058100223541259766,1.6689300537109375e-06,2.384185791015625e-07
8749,0.003545045852661133,1.9073486328125e-06,2.384185791015625e-07
8750,0.003244638442993164,1.9073486328125e-06,2.384185791015625e-07
8751,0.005099058151245117,2.1457672119140625e-06,2.384185791015625e-07
8752,0.004914760589599609,2.1457672119140625e-06,2.384185791015625e-07
8753,0.004252195358276367,1.6689300537109375e-06,2.384185791015625e-07
8754,0.0038962364196777344,1.6689300537109375e-06,2.384185791015625e-07
8755,0.005022764205932617,1.9073486328125e-06,4.76837158203125e-07
8756,0.0033478736877441406,2.1457672119140625e-06,2.384185791015625e-07
8757,0.0039055347442626953,1.9073486328125e-06,2.384185791015625e-07
8758,0.006113767623901367,2.1457672119140625e-06,2.384185791015625e-07
8759,0.004425764083862305,2.1457672119140625e-06,4.76837158203125e-07
8760,0.0044651031494140625,1.9073486328125e-06,2.384185791015625e-07
8761,0.0038843154907226562,2.1457672119140625e-06,2.384185791015625e-07
8762,0.004572153091430664,1.9073486328125e-06,4.76837158203125e-07
8763,0.0025289058685302734,2.1457672119140625e-06,2.384185791015625e-07
8764,0.005031108856201172,1.9073486328125e-06,2.384185791015625e-07
8765,0.004664897918701172,1.6689300537109375e-06,2.384185791015625e-07
8766,0.0050792694091796875,1.9073486328125e-06,4.76837158203125e-07
8767,0.003507375717163086,1.9073486328125e-06,2.384185791015625e-07
8768,0.0033898353576660156,1.9073486328125e-06,2.384185791015625e-07
8769,0.004091024398803711,1.9073486328125e-06,2.384185791015625e-07
8770,0.002619504928588867,1.9073486328125e-06,2.384185791015625e-07
8771,0.005452871322631836,1.9073486328125e-06,2.384185791015625e-07
8772,0.003930091857910156,1.9073486328125e-06,2.384185791015625e-07
8773,0.0023026466369628906,1.9073486328125e-06,4.76837158203125e-07
8774,0.0039899349212646484,1.9073486328125e-06,2.384185791015625e-07
8775,0.004645824432373047,1.9073486328125e-06,2.384185791015625e-07
8776,0.004091739654541016,2.1457672119140625e-06,2.384185791015625e-07
8777,0.005945444107055664,1.9073486328125e-06,2.384185791015625e-07
8778,0.005049943923950195,1.9073486328125e-06,2.384185791015625e-07
8779,0.005257368087768555,2.1457672119140625e-06,4.76837158203125e-07
8780,0.004835367202758789,1.9073486328125e-06,2.384185791015625e-07
8781,0.002722024917602539,1.9073486328125e-06,2.384185791015625e-07
8782,0.0032825469970703125,1.9073486328125e-06,2.384185791015625e-07
8783,0.007727622985839844,2.1457672119140625e-06,4.76837158203125e-07
8784,0.0025815963745117188,1.9073486328125e-06,2.384185791015625e-07
8785,0.0030333995819091797,1.6689300537109375e-06,4.76837158203125e-07
8786,0.0038192272186279297,1.6689300537109375e-06,2.384185791015625e-07
8787,0.0039174556732177734,1.6689300537109375e-06,7.152557373046875e-07
8788,0.0028960704803466797,1.6689300537109375e-06,2.384185791015625e-07
8789,0.0042040348052978516,2.1457672119140625e-06,2.384185791015625e-07
8790,0.0034935474395751953,1.430511474609375e-06,2.384185791015625e-07
8791,0.003929615020751953,1.9073486328125e-06,2.384185791015625e-07
8792,0.003912925720214844,1.9073486328125e-06,2.384185791015625e-07
8793,0.002967357635498047,1.9073486328125e-06,2.384185791015625e-07
8794,0.003404378890991211,1.9073486328125e-06,2.384185791015625e-07
8795,0.0037527084350585938,1.9073486328125e-06,2.384185791015625e-07
8796,0.00492405891418457,1.6689300537109375e-06,4.76837158203125e-07
8797,0.00440526008605957,1.6689300537109375e-06,2.384185791015625e-07
8798,0.004142284393310547,1.6689300537109375e-06,2.384185791015625e-07
8799,0.004739522933959961,1.430511474609375e-06,2.384185791015625e-07
8800,0.004807949066162109,1.9073486328125e-06,4.76837158203125e-07
8801,0.005291938781738281,1.9073486328125e-06,2.384185791015625e-07
8802,0.004717350006103516,1.6689300537109375e-06,2.384185791015625e-07
8803,0.005660057067871094,1.6689300537109375e-06,4.76837158203125e-07
8804,0.004081010818481445,1.9073486328125e-06,2.384185791015625e-07
8805,0.003619670867919922,1.9073486328125e-06,4.76837158203125e-07
8806,0.0041103363037109375,1.9073486328125e-06,4.76837158203125e-07
8807,0.0056307315826416016,1.6689300537109375e-06,4.76837158203125e-07
8808,0.005582571029663086,1.9073486328125e-06,2.384185791015625e-07
8809,0.003092050552368164,1.430511474609375e-06,2.384185791015625e-07
8810,0.002325773239135742,1.6689300537109375e-06,2.384185791015625e-07
8811,0.003595113754272461,1.6689300537109375e-06,2.384185791015625e-07
8812,0.006089210510253906,1.6689300537109375e-06,2.384185791015625e-07
8813,0.0038039684295654297,1.6689300537109375e-06,4.76837158203125e-07
8814,0.003390073776245117,1.9073486328125e-06,2.384185791015625e-07
8815,0.003487825393676758,1.9073486328125e-06,2.384185791015625e-07
8816,0.0024886131286621094,1.6689300537109375e-06,4.76837158203125e-07
8817,0.0024704933166503906,1.6689300537109375e-06,4.76837158203125e-07
8818,0.003809213638305664,1.9073486328125e-06,7.152557373046875e-07
8819,0.00518345832824707,1.6689300537109375e-06,2.384185791015625e-07
8820,0.0029745101928710938,1.9073486328125e-06,2.384185791015625e-07
8821,0.0039060115814208984,1.9073486328125e-06,2.384185791015625e-07
8822,0.002764463424682617,1.6689300537109375e-06,4.76837158203125e-07
8823,0.0047168731689453125,1.6689300537109375e-06,2.384185791015625e-07
8824,0.002759695053100586,1.6689300537109375e-06,2.384185791015625e-07
8825,0.00518798828125,1.6689300537109375e-06,2.384185791015625e-07
8826,0.004481315612792969,1.9073486328125e-06,2.384185791015625e-07
8827,0.0058634281158447266,1.6689300537109375e-06,2.384185791015625e-07
8828,0.006031513214111328,1.6689300537109375e-06,2.384185791015625e-07
8829,0.003533601760864258,1.9073486328125e-06,2.384185791015625e-07
8830,0.0026345252990722656,1.6689300537109375e-06,4.76837158203125e-07
8831,0.0052640438079833984,1.6689300537109375e-06,2.384185791015625e-07
8832,0.0037889480590820312,1.6689300537109375e-06,2.384185791015625e-07
8833,0.006113529205322266,1.6689300537109375e-06,2.384185791015625e-07
8834,0.0039806365966796875,1.6689300537109375e-06,2.384185791015625e-07
8835,0.0027458667755126953,1.6689300537109375e-06,2.384185791015625e-07
8836,0.005212068557739258,1.6689300537109375e-06,2.384185791015625e-07
8837,0.0025110244750976562,1.6689300537109375e-06,4.76837158203125e-07
8838,0.002438068389892578,1.9073486328125e-06,2.384185791015625e-07
8839,0.004391670227050781,1.9073486328125e-06,2.384185791015625e-07
8840,0.0033965110778808594,1.9073486328125e-06,7.152557373046875e-07
8841,0.005014657974243164,1.9073486328125e-06,4.76837158203125e-07
8842,0.0032205581665039062,1.9073486328125e-06,2.384185791015625e-07
8843,0.0047397613525390625,1.6689300537109375e-06,4.76837158203125e-07
8844,0.004714488983154297,1.6689300537109375e-06,7.152557373046875e-07
8845,0.005338191986083984,1.6689300537109375e-06,4.76837158203125e-07
8846,0.002123594284057617,2.1457672119140625e-06,2.384185791015625e-07
8847,0.003915071487426758,1.6689300537109375e-06,2.384185791015625e-07
8848,0.0034940242767333984,1.6689300537109375e-06,2.384185791015625e-07
8849,0.00324249267578125,1.9073486328125e-06,2.384185791015625e-07
8850,0.004127979278564453,1.9073486328125e-06,2.384185791015625e-07
8851,0.00433802604675293,1.6689300537109375e-06,2.384185791015625e-07
8852,0.004881620407104492,1.9073486328125e-06,2.384185791015625e-07
8853,0.0036492347717285156,1.6689300537109375e-06,2.384185791015625e-07
8854,0.003926515579223633,1.9073486328125e-06,2.384185791015625e-07
8855,0.002583742141723633,1.6689300537109375e-06,2.384185791015625e-07
8856,0.002518177032470703,1.6689300537109375e-06,2.384185791015625e-07
8857,0.004923582077026367,1.9073486328125e-06,2.384185791015625e-07
8858,0.005572319030761719,1.6689300537109375e-06,9.5367431640625e-07
8859,0.004623889923095703,2.1457672119140625e-06,4.76837158203125e-07
8860,0.0028531551361083984,2.1457672119140625e-06,2.384185791015625e-07
8861,0.004349708557128906,1.9073486328125e-06,2.384185791015625e-07
8862,0.0036118030548095703,2.1457672119140625e-06,2.384185791015625e-07
8863,0.0047495365142822266,1.9073486328125e-06,7.152557373046875e-07
8864,0.0035707950592041016,1.9073486328125e-06,2.384185791015625e-07
8865,0.0037174224853515625,2.1457672119140625e-06,2.384185791015625e-07
8866,0.0036339759826660156,1.6689300537109375e-06,2.384185791015625e-07
8867,0.0030002593994140625,1.6689300537109375e-06,2.384185791015625e-07
8868,0.0041446685791015625,1.6689300537109375e-06,2.384185791015625e-07
8869,0.004015684127807617,1.6689300537109375e-06,2.384185791015625e-07
8870,0.004360198974609375,1.6689300537109375e-06,2.384185791015625e-07
8871,0.0037686824798583984,1.9073486328125e-06,4.76837158203125e-07
8872,0.002388477325439453,1.6689300537109375e-06,4.76837158203125e-07
8873,0.003757953643798828,1.6689300537109375e-06,2.384185791015625e-07
8874,0.005498170852661133,1.6689300537109375e-06,2.384185791015625e-07
8875,0.0045850276947021484,1.6689300537109375e-06,2.384185791015625e-07
8876,0.003133058547973633,1.6689300537109375e-06,7.152557373046875e-07
8877,0.0037267208099365234,1.6689300537109375e-06,4.76837158203125e-07
8878,0.0026350021362304688,1.9073486328125e-06,2.384185791015625e-07
8879,0.006500720977783203,1.6689300537109375e-06,4.76837158203125e-07
8880,0.003396749496459961,1.6689300537109375e-06,4.76837158203125e-07
8881,0.0019452571868896484,1.9073486328125e-06,4.76837158203125e-07
8882,0.0025534629821777344,1.6689300537109375e-06,2.384185791015625e-07
8883,0.004464387893676758,1.9073486328125e-06,2.384185791015625e-07
8884,0.0026903152465820312,1.6689300537109375e-06,2.384185791015625e-07
8885,0.0013422966003417969,1.6689300537109375e-06,2.384185791015625e-07
8886,0.004884958267211914,2.1457672119140625e-06,4.76837158203125e-07
8887,0.004118919372558594,1.9073486328125e-06,2.384185791015625e-07
8888,0.0060579776763916016,2.384185791015625e-06,2.384185791015625e-07
8889,0.005231618881225586,1.9073486328125e-06,2.384185791015625e-07
8890,0.00430607795715332,1.9073486328125e-06,2.384185791015625e-07
8891,0.003654003143310547,1.9073486328125e-06,4.76837158203125e-07
8892,0.004778385162353516,1.9073486328125e-06,4.76837158203125e-07
8893,0.003835439682006836,1.6689300537109375e-06,2.384185791015625e-07
8894,0.0052340030670166016,1.9073486328125e-06,7.152557373046875e-07
8895,0.002597332000732422,1.9073486328125e-06,4.76837158203125e-07
8896,0.003734588623046875,1.9073486328125e-06,4.76837158203125e-07
8897,0.004580974578857422,1.9073486328125e-06,4.76837158203125e-07
8898,0.0022611618041992188,1.6689300537109375e-06,2.384185791015625e-07
8899,0.0045778751373291016,1.9073486328125e-06,2.384185791015625e-07
8900,0.004551410675048828,2.1457672119140625e-06,2.384185791015625e-07
8901,0.0034084320068359375,1.9073486328125e-06,2.384185791015625e-07
8902,0.003388643264770508,2.1457672119140625e-06,4.76837158203125e-07
8903,0.0033664703369140625,1.430511474609375e-06,2.384185791015625e-07
8904,0.004224061965942383,1.9073486328125e-06,2.384185791015625e-07
8905,0.004057884216308594,1.6689300537109375e-06,2.384185791015625e-07
8906,0.005148410797119141,2.1457672119140625e-06,2.384185791015625e-07
8907,0.0036580562591552734,1.6689300537109375e-06,4.76837158203125e-07
8908,0.0029151439666748047,2.1457672119140625e-06,4.76837158203125e-07
8909,0.004072666168212891,2.1457672119140625e-06,2.384185791015625e-07
8910,0.0021436214447021484,2.1457672119140625e-06,2.384185791015625e-07
8911,0.003189563751220703,1.9073486328125e-06,4.76837158203125e-07
8912,0.0053288936614990234,1.9073486328125e-06,4.76837158203125e-07
8913,0.004947662353515625,1.9073486328125e-06,4.76837158203125e-07
8914,0.003984689712524414,1.6689300537109375e-06,2.384185791015625e-07
8915,0.0027751922607421875,1.6689300537109375e-06,2.384185791015625e-07
8916,0.0052661895751953125,1.6689300537109375e-06,7.152557373046875e-07
8917,0.0023691654205322266,1.6689300537109375e-06,2.384185791015625e-07
8918,0.004197597503662109,1.6689300537109375e-06,2.384185791015625e-07
8919,0.004442453384399414,1.9073486328125e-06,2.384185791015625e-07
8920,0.003848552703857422,1.9073486328125e-06,2.384185791015625e-07
8921,0.005482673645019531,1.9073486328125e-06,4.76837158203125e-07
8922,0.005301475524902344,1.430511474609375e-06,2.384185791015625e-07
8923,0.005446672439575195,1.6689300537109375e-06,2.384185791015625e-07
8924,0.0026907920837402344,1.6689300537109375e-06,2.384185791015625e-07
8925,0.003300905227661133,1.9073486328125e-06,2.384185791015625e-07
8926,0.0038177967071533203,1.6689300537109375e-06,2.384185791015625e-07
8927,0.004901409149169922,1.9073486328125e-06,2.384185791015625e-07
8928,0.0038568973541259766,1.9073486328125e-06,2.384185791015625e-07
8929,0.003452301025390625,1.9073486328125e-06,4.76837158203125e-07
8930,0.003355264663696289,1.9073486328125e-06,2.384185791015625e-07
8931,0.0020720958709716797,1.9073486328125e-06,4.76837158203125e-07
8932,0.003086566925048828,1.9073486328125e-06,4.76837158203125e-07
8933,0.004430055618286133,1.9073486328125e-06,2.384185791015625e-07
8934,0.004502534866333008,2.1457672119140625e-06,2.384185791015625e-07
8935,0.004925727844238281,1.9073486328125e-06,2.384185791015625e-07
8936,0.0037343502044677734,1.9073486328125e-06,2.384185791015625e-07
8937,0.0024161338806152344,1.9073486328125e-06,2.384185791015625e-07
8938,0.004742622375488281,1.9073486328125e-06,7.152557373046875e-07
8939,0.002974271774291992,1.6689300537109375e-06,2.384185791015625e-07
8940,0.004312992095947266,1.6689300537109375e-06,2.384185791015625e-07
8941,0.003977298736572266,1.6689300537109375e-06,2.384185791015625e-07
8942,0.0047266483306884766,1.6689300537109375e-06,2.384185791015625e-07
8943,0.0011038780212402344,1.6689300537109375e-06,2.384185791015625e-07
8944,0.0032618045806884766,1.6689300537109375e-06,2.384185791015625e-07
8945,0.005558013916015625,1.6689300537109375e-06,2.384185791015625e-07
8946,0.002162456512451172,1.6689300537109375e-06,2.384185791015625e-07
8947,0.0027887821197509766,1.6689300537109375e-06,2.384185791015625e-07
8948,0.0029985904693603516,1.9073486328125e-06,2.384185791015625e-07
8949,0.004032135009765625,1.9073486328125e-06,2.384185791015625e-07
8950,0.00397181510925293,1.9073486328125e-06,2.384185791015625e-07
8951,0.0050241947174072266,1.9073486328125e-06,7.152557373046875e-07
8952,0.0050029754638671875,2.1457672119140625e-06,4.76837158203125e-07
8953,0.004393100738525391,1.9073486328125e-06,4.76837158203125e-07
8954,0.004088401794433594,1.9073486328125e-06,2.384185791015625e-07
8955,0.00388336181640625,1.9073486328125e-06,4.76837158203125e-07
8956,0.007350444793701172,1.9073486328125e-06,2.384185791015625e-07
8957,0.005769252777099609,1.6689300537109375e-06,4.76837158203125e-07
8958,0.004322528839111328,1.9073486328125e-06,2.384185791015625e-07
8959,0.005364418029785156,1.6689300537109375e-06,2.384185791015625e-07
8960,0.0065310001373291016,1.6689300537109375e-06,4.76837158203125e-07
8961,0.0027933120727539062,1.430511474609375e-06,2.384185791015625e-07
8962,0.006819009780883789,1.6689300537109375e-06,2.384185791015625e-07
8963,0.0055582523345947266,1.6689300537109375e-06,2.384185791015625e-07
8964,0.0031087398529052734,2.1457672119140625e-06,2.384185791015625e-07
8965,0.00283050537109375,1.6689300537109375e-06,2.384185791015625e-07
8966,0.0023186206817626953,1.9073486328125e-06,2.384185791015625e-07
8967,0.005034208297729492,1.9073486328125e-06,2.384185791015625e-07
8968,0.0033652782440185547,1.9073486328125e-06,2.384185791015625e-07
8969,0.005342245101928711,2.1457672119140625e-06,2.384185791015625e-07
8970,0.0031020641326904297,2.1457672119140625e-06,4.76837158203125e-07
8971,0.0030994415283203125,1.9073486328125e-06,2.384185791015625e-07
8972,0.003990650177001953,1.9073486328125e-06,2.384185791015625e-07
8973,0.00447392463684082,1.9073486328125e-06,2.384185791015625e-07
8974,0.004948616027832031,1.9073486328125e-06,4.76837158203125e-07
8975,0.0034372806549072266,1.9073486328125e-06,2.384185791015625e-07
8976,0.004428863525390625,2.1457672119140625e-06,2.384185791015625e-07
8977,0.005694389343261719,1.9073486328125e-06,2.384185791015625e-07
8978,0.004035234451293945,2.1457672119140625e-06,7.152557373046875e-07
8979,0.00513458251953125,1.9073486328125e-06,4.76837158203125e-07
8980,0.0052182674407958984,2.1457672119140625e-06,4.76837158203125e-07
8981,0.00457763671875,1.6689300537109375e-06,4.76837158203125e-07
8982,0.00498199462890625,1.6689300537109375e-06,2.384185791015625e-07
8983,0.0032837390899658203,1.6689300537109375e-06,2.384185791015625e-07
8984,0.0034208297729492188,1.6689300537109375e-06,4.76837158203125e-07
8985,0.00351715087890625,1.6689300537109375e-06,2.384185791015625e-07
8986,0.003082752227783203,1.6689300537109375e-06,2.384185791015625e-07
8987,0.0023255348205566406,1.9073486328125e-06,4.76837158203125e-07
8988,0.005727291107177734,1.6689300537109375e-06,2.384185791015625e-07
8989,0.0032889842987060547,1.9073486328125e-06,2.384185791015625e-07
8990,0.0033614635467529297,1.9073486328125e-06,4.76837158203125e-07
8991,0.004002809524536133,1.6689300537109375e-06,7.152557373046875e-07
8992,0.003093719482421875,2.1457672119140625e-06,4.76837158203125e-07
8993,0.005441188812255859,1.9073486328125e-06,4.76837158203125e-07
8994,0.005627155303955078,1.9073486328125e-06,2.384185791015625e-07
8995,0.005672454833984375,1.9073486328125e-06,2.384185791015625e-07
8996,0.008108377456665039,1.9073486328125e-06,2.384185791015625e-07
8997,0.003857135772705078,1.6689300537109375e-06,2.384185791015625e-07
8998,0.00546717643737793,1.6689300537109375e-06,4.76837158203125e-07
8999,0.00839376449584961,1.9073486328125e-06,2.384185791015625e-07
9000,0.008351802825927734,1.6689300537109375e-06,7.152557373046875e-07
9001,0.0050830841064453125,1.6689300537109375e-06,4.76837158203125e-07
9002,0.0075931549072265625,1.9073486328125e-06,4.76837158203125e-07
9003,0.004785299301147461,1.6689300537109375e-06,4.76837158203125e-07
9004,0.007879972457885742,1.6689300537109375e-06,2.384185791015625e-07
9005,0.004499912261962891,1.9073486328125e-06,2.384185791015625e-07
9006,0.006890773773193359,2.1457672119140625e-06,4.76837158203125e-07
9007,0.006192922592163086,1.9073486328125e-06,4.76837158203125e-07
9008,0.005444526672363281,1.6689300537109375e-06,4.76837158203125e-07
9009,0.006128549575805664,1.6689300537109375e-06,2.384185791015625e-07
9010,0.004513263702392578,1.9073486328125e-06,4.76837158203125e-07
9011,0.007238626480102539,1.9073486328125e-06,2.384185791015625e-07
9012,0.005286693572998047,1.9073486328125e-06,2.384185791015625e-07
9013,0.004724979400634766,1.9073486328125e-06,2.384185791015625e-07
9014,0.004965543746948242,2.1457672119140625e-06,2.384185791015625e-07
9015,0.0042874813079833984,2.1457672119140625e-06,4.76837158203125e-07
9016,0.005316257476806641,1.6689300537109375e-06,4.76837158203125e-07
9017,0.0014872550964355469,1.9073486328125e-06,4.76837158203125e-07
9018,0.0039081573486328125,2.384185791015625e-06,2.384185791015625e-07
9019,0.0044634342193603516,1.9073486328125e-06,4.76837158203125e-07
9020,0.003747224807739258,1.9073486328125e-06,2.384185791015625e-07
9021,0.004011392593383789,1.6689300537109375e-06,2.384185791015625e-07
9022,0.0035037994384765625,1.9073486328125e-06,2.384185791015625e-07
9023,0.0042247772216796875,1.6689300537109375e-06,2.384185791015625e-07
9024,0.004362583160400391,1.6689300537109375e-06,2.384185791015625e-07
9025,0.004957914352416992,1.6689300537109375e-06,2.384185791015625e-07
9026,0.004288673400878906,1.6689300537109375e-06,7.152557373046875e-07
9027,0.0034227371215820312,1.6689300537109375e-06,4.76837158203125e-07
9028,0.004403591156005859,1.9073486328125e-06,2.384185791015625e-07
9029,0.005212545394897461,1.9073486328125e-06,4.76837158203125e-07
9030,0.00591731071472168,1.430511474609375e-06,4.76837158203125e-07
9031,0.007597208023071289,1.9073486328125e-06,2.384185791015625e-07
9032,0.006724357604980469,1.9073486328125e-06,4.76837158203125e-07
9033,0.0057315826416015625,1.9073486328125e-06,4.76837158203125e-07
9034,0.00786900520324707,2.1457672119140625e-06,2.384185791015625e-07
9035,0.004558563232421875,1.9073486328125e-06,2.384185791015625e-07
9036,0.006722450256347656,2.1457672119140625e-06,2.384185791015625e-07
9037,0.008069992065429688,1.9073486328125e-06,2.384185791015625e-07
9038,0.007384538650512695,1.9073486328125e-06,2.384185791015625e-07
9039,0.004130363464355469,2.1457672119140625e-06,7.152557373046875e-07
9040,0.006434917449951172,2.1457672119140625e-06,4.76837158203125e-07
9041,0.006950855255126953,1.9073486328125e-06,2.384185791015625e-07
9042,0.006013631820678711,1.9073486328125e-06,2.384185791015625e-07
9043,0.004842042922973633,2.1457672119140625e-06,2.384185791015625e-07
9044,0.007617950439453125,1.9073486328125e-06,2.384185791015625e-07
9045,0.008002281188964844,1.9073486328125e-06,2.384185791015625e-07
9046,0.0044384002685546875,2.1457672119140625e-06,2.384185791015625e-07
9047,0.007552146911621094,1.6689300537109375e-06,2.384185791015625e-07
9048,0.005782127380371094,1.9073486328125e-06,7.152557373046875e-07
9049,0.006647825241088867,1.6689300537109375e-06,4.76837158203125e-07
9050,0.008832216262817383,1.6689300537109375e-06,2.384185791015625e-07
9051,0.005386829376220703,1.9073486328125e-06,2.384185791015625e-07
9052,0.007858037948608398,1.9073486328125e-06,2.384185791015625e-07
9053,0.004636049270629883,1.6689300537109375e-06,2.384185791015625e-07
9054,0.0042552947998046875,1.6689300537109375e-06,2.384185791015625e-07
9055,0.004793405532836914,1.6689300537109375e-06,2.384185791015625e-07
9056,0.004060506820678711,1.6689300537109375e-06,4.76837158203125e-07
9057,0.00377655029296875,1.6689300537109375e-06,4.76837158203125e-07
9058,0.003925800323486328,1.6689300537109375e-06,2.384185791015625e-07
9059,0.003876209259033203,1.6689300537109375e-06,2.384185791015625e-07
9060,0.00478672981262207,2.1457672119140625e-06,4.76837158203125e-07
9061,0.0037283897399902344,1.9073486328125e-06,4.76837158203125e-07
9062,0.00532078742980957,1.9073486328125e-06,2.384185791015625e-07
9063,0.0031554698944091797,1.9073486328125e-06,2.384185791015625e-07
9064,0.005390167236328125,1.9073486328125e-06,4.76837158203125e-07
9065,0.0033364295959472656,1.9073486328125e-06,2.384185791015625e-07
9066,0.0028557777404785156,1.9073486328125e-06,2.384185791015625e-07
9067,0.004924297332763672,1.9073486328125e-06,2.384185791015625e-07
9068,0.004141330718994141,1.9073486328125e-06,2.384185791015625e-07
9069,0.0038025379180908203,1.9073486328125e-06,2.384185791015625e-07
9070,0.0050165653228759766,2.1457672119140625e-06,4.76837158203125e-07
9071,0.00635838508605957,1.6689300537109375e-06,2.384185791015625e-07
9072,0.0027000904083251953,1.6689300537109375e-06,2.384185791015625e-07
9073,0.0037708282470703125,2.1457672119140625e-06,2.384185791015625e-07
9074,0.0029883384704589844,1.9073486328125e-06,2.384185791015625e-07
9075,0.003971099853515625,1.9073486328125e-06,4.76837158203125e-07
9076,0.0032978057861328125,2.1457672119140625e-06,2.384185791015625e-07
9077,0.002306699752807617,1.430511474609375e-06,2.384185791015625e-07
9078,0.002271413803100586,1.6689300537109375e-06,4.76837158203125e-07
9079,0.004011392593383789,1.9073486328125e-06,2.384185791015625e-07
9080,0.004933834075927734,1.6689300537109375e-06,2.384185791015625e-07
9081,0.005192995071411133,1.6689300537109375e-06,2.384185791015625e-07
9082,0.004472017288208008,1.6689300537109375e-06,2.384185791015625e-07
9083,0.0037283897399902344,2.384185791015625e-06,2.384185791015625e-07
9084,0.005025386810302734,1.9073486328125e-06,4.76837158203125e-07
9085,0.0025947093963623047,1.6689300537109375e-06,4.76837158203125e-07
9086,0.003477811813354492,1.430511474609375e-06,2.384185791015625e-07
9087,0.005330085754394531,1.6689300537109375e-06,2.384185791015625e-07
9088,0.004018068313598633,1.6689300537109375e-06,2.384185791015625e-07
9089,0.003121614456176758,1.6689300537109375e-06,2.384185791015625e-07
9090,0.004510641098022461,1.6689300537109375e-06,2.384185791015625e-07
9091,0.003264904022216797,2.1457672119140625e-06,2.384185791015625e-07
9092,0.00318145751953125,1.6689300537109375e-06,4.76837158203125e-07
9093,0.0026938915252685547,1.9073486328125e-06,2.384185791015625e-07
9094,0.0053751468658447266,1.9073486328125e-06,2.384185791015625e-07
9095,0.0033266544342041016,1.9073486328125e-06,2.384185791015625e-07
9096,0.0044209957122802734,1.6689300537109375e-06,2.384185791015625e-07
9097,0.0051882266998291016,2.1457672119140625e-06,4.76837158203125e-07
9098,0.00616455078125,2.1457672119140625e-06,2.384185791015625e-07
9099,0.00386810302734375,2.1457672119140625e-06,7.152557373046875e-07
9100,0.004866600036621094,1.6689300537109375e-06,2.384185791015625e-07
9101,0.003269672393798828,2.1457672119140625e-06,2.384185791015625e-07
9102,0.003246784210205078,2.1457672119140625e-06,4.76837158203125e-07
9103,0.0037055015563964844,1.9073486328125e-06,2.384185791015625e-07
9104,0.0039048194885253906,1.6689300537109375e-06,2.384185791015625e-07
9105,0.0016307830810546875,1.9073486328125e-06,2.384185791015625e-07
9106,0.003728628158569336,1.9073486328125e-06,2.384185791015625e-07
9107,0.0034804344177246094,1.6689300537109375e-06,2.384185791015625e-07
9108,0.003072023391723633,1.6689300537109375e-06,2.384185791015625e-07
9109,0.004380941390991211,1.6689300537109375e-06,4.76837158203125e-07
9110,0.0014193058013916016,2.1457672119140625e-06,2.384185791015625e-07
9111,0.002239704132080078,1.6689300537109375e-06,2.384185791015625e-07
9112,0.00480341911315918,1.430511474609375e-06,2.384185791015625e-07
9113,0.002731800079345703,2.1457672119140625e-06,2.384185791015625e-07
9114,0.004305362701416016,1.9073486328125e-06,4.76837158203125e-07
9115,0.0031633377075195312,1.9073486328125e-06,4.76837158203125e-07
9116,0.0038428306579589844,2.1457672119140625e-06,4.76837158203125e-07
9117,0.0036652088165283203,1.6689300537109375e-06,2.384185791015625e-07
9118,0.003049135208129883,1.6689300537109375e-06,4.76837158203125e-07
9119,0.0025415420532226562,1.6689300537109375e-06,4.76837158203125e-07
9120,0.004054069519042969,1.6689300537109375e-06,2.384185791015625e-07
9121,0.0027992725372314453,2.1457672119140625e-06,2.384185791015625e-07
9122,0.004086494445800781,2.384185791015625e-06,2.384185791015625e-07
9123,0.0057373046875,1.9073486328125e-06,2.384185791015625e-07
9124,0.0037195682525634766,1.9073486328125e-06,4.76837158203125e-07
9125,0.0038580894470214844,1.9073486328125e-06,4.76837158203125e-07
9126,0.005370616912841797,1.6689300537109375e-06,2.384185791015625e-07
9127,0.0023446083068847656,1.6689300537109375e-06,7.152557373046875e-07
9128,0.005743503570556641,1.6689300537109375e-06,4.76837158203125e-07
9129,0.00516819953918457,1.9073486328125e-06,2.384185791015625e-07
9130,0.003155946731567383,1.9073486328125e-06,2.384185791015625e-07
9131,0.0032453536987304688,1.9073486328125e-06,2.384185791015625e-07
9132,0.005515336990356445,1.6689300537109375e-06,4.76837158203125e-07
9133,0.003327608108520508,1.9073486328125e-06,2.384185791015625e-07
9134,0.003304719924926758,1.6689300537109375e-06,2.384185791015625e-07
9135,0.0034661293029785156,1.6689300537109375e-06,4.76837158203125e-07
9136,0.003637552261352539,1.9073486328125e-06,7.152557373046875e-07
9137,0.0048677921295166016,1.6689300537109375e-06,4.76837158203125e-07
9138,0.0029625892639160156,1.9073486328125e-06,2.384185791015625e-07
9139,0.004758596420288086,1.6689300537109375e-06,4.76837158203125e-07
9140,0.005518913269042969,1.6689300537109375e-06,2.384185791015625e-07
9141,0.0036270618438720703,1.6689300537109375e-06,7.152557373046875e-07
9142,0.004254579544067383,1.9073486328125e-06,2.384185791015625e-07
9143,0.0026955604553222656,1.6689300537109375e-06,2.384185791015625e-07
9144,0.004422426223754883,1.6689300537109375e-06,2.384185791015625e-07
9145,0.004332542419433594,1.9073486328125e-06,2.384185791015625e-07
9146,0.005015134811401367,1.6689300537109375e-06,2.384185791015625e-07
9147,0.0034406185150146484,1.6689300537109375e-06,2.384185791015625e-07
9148,0.003696441650390625,1.9073486328125e-06,2.384185791015625e-07
9149,0.005570411682128906,1.6689300537109375e-06,4.76837158203125e-07
9150,0.006532192230224609,2.1457672119140625e-06,2.384185791015625e-07
9151,0.002499103546142578,1.6689300537109375e-06,2.384185791015625e-07
9152,0.004975557327270508,1.6689300537109375e-06,2.384185791015625e-07
9153,0.0026743412017822266,1.6689300537109375e-06,4.76837158203125e-07
9154,0.00463104248046875,1.9073486328125e-06,2.384185791015625e-07
9155,0.003641843795776367,1.6689300537109375e-06,2.384185791015625e-07
9156,0.0038077831268310547,1.6689300537109375e-06,2.384185791015625e-07
9157,0.004403352737426758,1.6689300537109375e-06,2.384185791015625e-07
9158,0.0025658607482910156,1.6689300537109375e-06,4.76837158203125e-07
9159,0.003913402557373047,2.1457672119140625e-06,2.384185791015625e-07
9160,0.0022249221801757812,1.9073486328125e-06,2.384185791015625e-07
9161,0.004896402359008789,1.9073486328125e-06,2.384185791015625e-07
9162,0.0041391849517822266,1.9073486328125e-06,2.384185791015625e-07
9163,0.0034685134887695312,2.1457672119140625e-06,2.384185791015625e-07
9164,0.005238533020019531,1.9073486328125e-06,2.384185791015625e-07
9165,0.002761363983154297,2.1457672119140625e-06,2.384185791015625e-07
9166,0.00426173210144043,2.1457672119140625e-06,4.76837158203125e-07
9167,0.005306720733642578,1.6689300537109375e-06,2.384185791015625e-07
9168,0.0035741329193115234,2.1457672119140625e-06,2.384185791015625e-07
9169,0.005564451217651367,1.9073486328125e-06,2.384185791015625e-07
9170,0.0042552947998046875,1.9073486328125e-06,2.384185791015625e-07
9171,0.003489255905151367,2.1457672119140625e-06,2.384185791015625e-07
9172,0.002695322036743164,2.1457672119140625e-06,4.76837158203125e-07
9173,0.003745555877685547,1.9073486328125e-06,2.384185791015625e-07
9174,0.0036783218383789062,2.1457672119140625e-06,2.384185791015625e-07
9175,0.005796670913696289,2.1457672119140625e-06,2.384185791015625e-07
9176,0.004279613494873047,1.9073486328125e-06,2.384185791015625e-07
9177,0.003235340118408203,1.9073486328125e-06,4.76837158203125e-07
9178,0.004793405532836914,1.9073486328125e-06,2.384185791015625e-07
9179,0.0041675567626953125,1.9073486328125e-06,2.384185791015625e-07
9180,0.0035979747772216797,1.6689300537109375e-06,2.384185791015625e-07
9181,0.0037000179290771484,1.6689300537109375e-06,2.384185791015625e-07
9182,0.0038156509399414062,1.6689300537109375e-06,2.384185791015625e-07
9183,0.0029914379119873047,1.6689300537109375e-06,2.384185791015625e-07
9184,0.004917144775390625,1.430511474609375e-06,4.76837158203125e-07
9185,0.005456686019897461,1.9073486328125e-06,2.384185791015625e-07
9186,0.004197120666503906,2.1457672119140625e-06,4.76837158203125e-07
9187,0.004232883453369141,1.9073486328125e-06,2.384185791015625e-07
9188,0.0031485557556152344,1.9073486328125e-06,2.384185791015625e-07
9189,0.006108522415161133,2.1457672119140625e-06,2.384185791015625e-07
9190,0.0026712417602539062,1.9073486328125e-06,4.76837158203125e-07
9191,0.00478363037109375,1.9073486328125e-06,2.384185791015625e-07
9192,0.003710508346557617,1.9073486328125e-06,4.76837158203125e-07
9193,0.0021293163299560547,2.1457672119140625e-06,2.384185791015625e-07
9194,0.0013637542724609375,2.1457672119140625e-06,2.384185791015625e-07
9195,0.0032405853271484375,1.9073486328125e-06,2.384185791015625e-07
9196,0.004407167434692383,1.9073486328125e-06,2.384185791015625e-07
9197,0.0039827823638916016,1.9073486328125e-06,2.384185791015625e-07
9198,0.005177497863769531,1.9073486328125e-06,4.76837158203125e-07
9199,0.0030443668365478516,1.6689300537109375e-06,2.384185791015625e-07
9200,0.003053903579711914,1.6689300537109375e-06,2.384185791015625e-07
9201,0.0054700374603271484,2.1457672119140625e-06,2.384185791015625e-07
9202,0.003602266311645508,1.9073486328125e-06,2.384185791015625e-07
9203,0.0043048858642578125,2.1457672119140625e-06,2.384185791015625e-07
9204,0.0025854110717773438,1.9073486328125e-06,2.384185791015625e-07
9205,0.004015445709228516,1.9073486328125e-06,2.384185791015625e-07
9206,0.002297639846801758,2.1457672119140625e-06,2.384185791015625e-07
9207,0.0030090808868408203,1.9073486328125e-06,4.76837158203125e-07
9208,0.004279613494873047,1.9073486328125e-06,2.384185791015625e-07
9209,0.004663944244384766,1.9073486328125e-06,2.384185791015625e-07
9210,0.00476527214050293,2.1457672119140625e-06,2.384185791015625e-07
9211,0.004305839538574219,1.9073486328125e-06,2.384185791015625e-07
9212,0.0030994415283203125,1.9073486328125e-06,2.384185791015625e-07
9213,0.003954410552978516,1.6689300537109375e-06,2.384185791015625e-07
9214,0.0035524368286132812,1.6689300537109375e-06,2.384185791015625e-07
9215,0.003779888153076172,1.6689300537109375e-06,2.384185791015625e-07
9216,0.0034942626953125,1.9073486328125e-06,2.384185791015625e-07
9217,0.004899024963378906,1.6689300537109375e-06,2.384185791015625e-07
9218,0.0027124881744384766,1.6689300537109375e-06,2.384185791015625e-07
9219,0.0046749114990234375,1.6689300537109375e-06,2.384185791015625e-07
9220,0.00433349609375,1.9073486328125e-06,2.384185791015625e-07
9221,0.0050656795501708984,1.6689300537109375e-06,2.384185791015625e-07
9222,0.004917621612548828,1.9073486328125e-06,2.384185791015625e-07
9223,0.0041654109954833984,1.6689300537109375e-06,2.384185791015625e-07
9224,0.003222227096557617,1.9073486328125e-06,2.384185791015625e-07
9225,0.0030350685119628906,1.430511474609375e-06,4.76837158203125e-07
9226,0.004148721694946289,1.9073486328125e-06,4.76837158203125e-07
9227,0.004778146743774414,2.1457672119140625e-06,4.76837158203125e-07
9228,0.005692243576049805,1.9073486328125e-06,4.76837158203125e-07
9229,0.0047719478607177734,1.9073486328125e-06,4.76837158203125e-07
9230,0.003474712371826172,2.1457672119140625e-06,4.76837158203125e-07
9231,0.005158901214599609,1.9073486328125e-06,2.384185791015625e-07
9232,0.0023069381713867188,1.9073486328125e-06,4.76837158203125e-07
9233,0.002582073211669922,2.1457672119140625e-06,4.76837158203125e-07
9234,0.004901409149169922,1.9073486328125e-06,2.384185791015625e-07
9235,0.004527091979980469,1.9073486328125e-06,2.384185791015625e-07
9236,0.004530429840087891,1.9073486328125e-06,2.384185791015625e-07
9237,0.0050427913665771484,1.9073486328125e-06,2.384185791015625e-07
9238,0.0048825740814208984,1.9073486328125e-06,4.76837158203125e-07
9239,0.0026247501373291016,1.9073486328125e-06,2.384185791015625e-07
9240,0.002785205841064453,1.9073486328125e-06,4.76837158203125e-07
9241,0.004133701324462891,2.1457672119140625e-06,2.384185791015625e-07
9242,0.0038847923278808594,1.9073486328125e-06,2.384185791015625e-07
9243,0.0043370723724365234,1.9073486328125e-06,4.76837158203125e-07
9244,0.0019860267639160156,1.6689300537109375e-06,2.384185791015625e-07
9245,0.0030698776245117188,1.9073486328125e-06,2.384185791015625e-07
9246,0.0033745765686035156,1.6689300537109375e-06,4.76837158203125e-07
9247,0.004895210266113281,1.6689300537109375e-06,2.384185791015625e-07
9248,0.002166271209716797,1.6689300537109375e-06,7.152557373046875e-07
9249,0.00561070442199707,1.6689300537109375e-06,2.384185791015625e-07
9250,0.004965066909790039,1.9073486328125e-06,2.384185791015625e-07
9251,0.0030803680419921875,1.6689300537109375e-06,2.384185791015625e-07
9252,0.003147125244140625,1.6689300537109375e-06,2.384185791015625e-07
9253,0.004274845123291016,1.9073486328125e-06,2.384185791015625e-07
9254,0.0023813247680664062,1.6689300537109375e-06,2.384185791015625e-07
9255,0.005555629730224609,1.6689300537109375e-06,2.384185791015625e-07
9256,0.006021976470947266,1.9073486328125e-06,2.384185791015625e-07
9257,0.0036754608154296875,1.6689300537109375e-06,2.384185791015625e-07
9258,0.002672910690307617,1.6689300537109375e-06,2.384185791015625e-07
9259,0.0036766529083251953,2.1457672119140625e-06,2.384185791015625e-07
9260,0.005232810974121094,1.9073486328125e-06,2.384185791015625e-07
9261,0.003131866455078125,1.9073486328125e-06,2.384185791015625e-07
9262,0.004668235778808594,2.1457672119140625e-06,2.384185791015625e-07
9263,0.004507303237915039,1.9073486328125e-06,2.384185791015625e-07
9264,0.002607583999633789,1.9073486328125e-06,2.384185791015625e-07
9265,0.0018041133880615234,2.1457672119140625e-06,2.384185791015625e-07
9266,0.0029516220092773438,1.6689300537109375e-06,2.384185791015625e-07
9267,0.004370450973510742,1.6689300537109375e-06,4.76837158203125e-07
9268,0.003237009048461914,1.9073486328125e-06,4.76837158203125e-07
9269,0.00555419921875,2.1457672119140625e-06,2.384185791015625e-07
9270,0.005872488021850586,1.6689300537109375e-06,4.76837158203125e-07
9271,0.003824472427368164,1.9073486328125e-06,2.384185791015625e-07
9272,0.002842426300048828,1.9073486328125e-06,2.384185791015625e-07
9273,0.0039174556732177734,1.430511474609375e-06,2.384185791015625e-07
9274,0.0047512054443359375,1.6689300537109375e-06,4.76837158203125e-07
9275,0.0030362606048583984,1.6689300537109375e-06,4.76837158203125e-07
9276,0.0053806304931640625,1.6689300537109375e-06,4.76837158203125e-07
9277,0.004563331604003906,1.9073486328125e-06,2.384185791015625e-07
9278,0.0035920143127441406,1.9073486328125e-06,2.384185791015625e-07
9279,0.0048923492431640625,1.9073486328125e-06,4.76837158203125e-07
9280,0.0039520263671875,1.9073486328125e-06,2.384185791015625e-07
9281,0.004242658615112305,1.9073486328125e-06,4.76837158203125e-07
9282,0.0026900768280029297,2.1457672119140625e-06,4.76837158203125e-07
9283,0.004472255706787109,1.9073486328125e-06,4.76837158203125e-07
9284,0.004196643829345703,1.9073486328125e-06,2.384185791015625e-07
9285,0.004243135452270508,2.1457672119140625e-06,2.384185791015625e-07
9286,0.0031464099884033203,2.1457672119140625e-06,2.384185791015625e-07
9287,0.003765583038330078,2.1457672119140625e-06,2.384185791015625e-07
9288,0.0051348209381103516,2.1457672119140625e-06,4.76837158203125e-07
9289,0.005427360534667969,1.9073486328125e-06,4.76837158203125e-07
9290,0.002065420150756836,1.9073486328125e-06,2.384185791015625e-07
9291,0.0048563480377197266,1.9073486328125e-06,2.384185791015625e-07
9292,0.003987789154052734,1.9073486328125e-06,4.76837158203125e-07
9293,0.0027594566345214844,1.6689300537109375e-06,4.76837158203125e-07
9294,0.0038204193115234375,1.9073486328125e-06,2.384185791015625e-07
9295,0.004153251647949219,1.6689300537109375e-06,4.76837158203125e-07
9296,0.004274129867553711,2.1457672119140625e-06,7.152557373046875e-07
9297,0.0026519298553466797,2.1457672119140625e-06,2.384185791015625e-07
9298,0.0034172534942626953,1.9073486328125e-06,2.384185791015625e-07
9299,0.0025186538696289062,1.9073486328125e-06,4.76837158203125e-07
9300,0.0037703514099121094,1.9073486328125e-06,4.76837158203125e-07
9301,0.0034825801849365234,1.9073486328125e-06,4.76837158203125e-07
9302,0.0037865638732910156,1.9073486328125e-06,2.384185791015625e-07
9303,0.004859447479248047,1.9073486328125e-06,2.384185791015625e-07
9304,0.004631996154785156,1.9073486328125e-06,2.384185791015625e-07
9305,0.004988193511962891,1.9073486328125e-06,4.76837158203125e-07
9306,0.00499415397644043,1.6689300537109375e-06,2.384185791015625e-07
9307,0.0028629302978515625,1.430511474609375e-06,4.76837158203125e-07
9308,0.003805875778198242,1.9073486328125e-06,2.384185791015625e-07
9309,0.004702329635620117,1.9073486328125e-06,2.384185791015625e-07
9310,0.0029315948486328125,1.9073486328125e-06,2.384185791015625e-07
9311,0.00665283203125,2.1457672119140625e-06,2.384185791015625e-07
9312,0.004370927810668945,1.430511474609375e-06,2.384185791015625e-07
9313,0.004678010940551758,1.9073486328125e-06,4.76837158203125e-07
9314,0.0059735774993896484,1.6689300537109375e-06,7.152557373046875e-07
9315,0.005175590515136719,1.6689300537109375e-06,4.76837158203125e-07
9316,0.0035741329193115234,1.6689300537109375e-06,4.76837158203125e-07
9317,0.004752397537231445,1.9073486328125e-06,2.384185791015625e-07
9318,0.0038623809814453125,1.9073486328125e-06,4.76837158203125e-07
9319,0.00635075569152832,1.9073486328125e-06,2.384185791015625e-07
9320,0.002953052520751953,2.1457672119140625e-06,4.76837158203125e-07
9321,0.004483461380004883,1.9073486328125e-06,2.384185791015625e-07
9322,0.00588536262512207,1.9073486328125e-06,4.76837158203125e-07
9323,0.008389472961425781,1.9073486328125e-06,7.152557373046875e-07
9324,0.0067102909088134766,1.9073486328125e-06,2.384185791015625e-07
9325,0.00697016716003418,1.6689300537109375e-06,2.384185791015625e-07
9326,0.005357980728149414,2.1457672119140625e-06,2.384185791015625e-07
9327,0.005896806716918945,1.9073486328125e-06,4.76837158203125e-07
9328,0.005369663238525391,1.9073486328125e-06,4.76837158203125e-07
9329,0.0077359676361083984,1.6689300537109375e-06,2.384185791015625e-07
9330,0.0033464431762695312,1.6689300537109375e-06,2.384185791015625e-07
9331,0.009171724319458008,1.6689300537109375e-06,4.76837158203125e-07
9332,0.00839853286743164,1.9073486328125e-06,4.76837158203125e-07
9333,0.006823062896728516,1.6689300537109375e-06,2.384185791015625e-07
9334,0.004920482635498047,1.6689300537109375e-06,2.384185791015625e-07
9335,0.005433320999145508,1.9073486328125e-06,2.384185791015625e-07
9336,0.006707191467285156,1.430511474609375e-06,2.384185791015625e-07
9337,0.005579948425292969,1.6689300537109375e-06,2.384185791015625e-07
9338,0.005074501037597656,1.9073486328125e-06,2.384185791015625e-07
9339,0.007201194763183594,1.6689300537109375e-06,2.384185791015625e-07
9340,0.005312204360961914,1.9073486328125e-06,4.76837158203125e-07
9341,0.005859851837158203,1.6689300537109375e-06,2.384185791015625e-07
9342,0.007862091064453125,1.9073486328125e-06,4.76837158203125e-07
9343,0.005150794982910156,1.6689300537109375e-06,2.384185791015625e-07
9344,0.006931781768798828,1.6689300537109375e-06,2.384185791015625e-07
9345,0.007526397705078125,1.6689300537109375e-06,2.384185791015625e-07
9346,0.010292530059814453,1.9073486328125e-06,4.76837158203125e-07
9347,0.005091667175292969,1.9073486328125e-06,2.384185791015625e-07
9348,0.006872653961181641,1.9073486328125e-06,2.384185791015625e-07
9349,0.0032813549041748047,1.9073486328125e-06,4.76837158203125e-07
9350,0.005705118179321289,1.9073486328125e-06,2.384185791015625e-07
9351,0.006831645965576172,1.9073486328125e-06,2.384185791015625e-07
9352,0.00568699836730957,1.9073486328125e-06,2.384185791015625e-07
9353,0.0030291080474853516,1.9073486328125e-06,2.384185791015625e-07
9354,0.004055023193359375,1.9073486328125e-06,2.384185791015625e-07
9355,0.0037093162536621094,1.9073486328125e-06,2.384185791015625e-07
9356,0.004087924957275391,1.9073486328125e-06,4.76837158203125e-07
9357,0.005728483200073242,2.1457672119140625e-06,2.384185791015625e-07
9358,0.00507664680480957,2.1457672119140625e-06,2.384185791015625e-07
9359,0.0033066272735595703,1.9073486328125e-06,2.384185791015625e-07
9360,0.004743814468383789,2.1457672119140625e-06,2.384185791015625e-07
9361,0.005022287368774414,1.9073486328125e-06,2.384185791015625e-07
9362,0.0031855106353759766,1.9073486328125e-06,2.384185791015625e-07
9363,0.0033206939697265625,1.6689300537109375e-06,2.384185791015625e-07
9364,0.0038805007934570312,1.6689300537109375e-06,2.384185791015625e-07
9365,0.004632711410522461,1.6689300537109375e-06,2.384185791015625e-07
9366,0.00492095947265625,1.6689300537109375e-06,2.384185791015625e-07
9367,0.0037767887115478516,1.430511474609375e-06,4.76837158203125e-07
9368,0.003339529037475586,1.6689300537109375e-06,4.76837158203125e-07
9369,0.00541996955871582,1.6689300537109375e-06,2.384185791015625e-07
9370,0.00581812858581543,1.6689300537109375e-06,2.384185791015625e-07
9371,0.006291389465332031,1.9073486328125e-06,2.384185791015625e-07
9372,0.003522634506225586,1.9073486328125e-06,2.384185791015625e-07
9373,0.0034673213958740234,1.9073486328125e-06,2.384185791015625e-07
9374,0.004223346710205078,1.9073486328125e-06,2.384185791015625e-07
9375,0.005958080291748047,1.9073486328125e-06,2.384185791015625e-07
9376,0.0041081905364990234,1.9073486328125e-06,4.76837158203125e-07
9377,0.00299072265625,2.384185791015625e-06,4.76837158203125e-07
9378,0.0053517818450927734,1.9073486328125e-06,2.384185791015625e-07
9379,0.004678010940551758,2.384185791015625e-06,4.76837158203125e-07
9380,0.004846096038818359,1.9073486328125e-06,2.384185791015625e-07
9381,0.003584623336791992,1.9073486328125e-06,2.384185791015625e-07
9382,0.0026018619537353516,1.9073486328125e-06,4.76837158203125e-07
9383,0.00421905517578125,1.9073486328125e-06,2.384185791015625e-07
9384,0.005475282669067383,2.1457672119140625e-06,2.384185791015625e-07
9385,0.004323720932006836,1.9073486328125e-06,2.384185791015625e-07
9386,0.004652738571166992,1.9073486328125e-06,4.76837158203125e-07
9387,0.003844022750854492,1.6689300537109375e-06,2.384185791015625e-07
9388,0.0052034854888916016,1.6689300537109375e-06,2.384185791015625e-07
9389,0.0032892227172851562,1.6689300537109375e-06,2.384185791015625e-07
9390,0.003687143325805664,1.6689300537109375e-06,2.384185791015625e-07
9391,0.0039215087890625,1.6689300537109375e-06,2.384185791015625e-07
9392,0.0029420852661132812,1.6689300537109375e-06,2.384185791015625e-07
9393,0.0035331249237060547,1.9073486328125e-06,2.384185791015625e-07
9394,0.0031807422637939453,1.6689300537109375e-06,2.384185791015625e-07
9395,0.0030469894409179688,1.6689300537109375e-06,4.76837158203125e-07
9396,0.00412440299987793,1.6689300537109375e-06,2.384185791015625e-07
9397,0.0024995803833007812,1.6689300537109375e-06,2.384185791015625e-07
9398,0.0039789676666259766,2.1457672119140625e-06,4.76837158203125e-07
9399,0.003777027130126953,1.9073486328125e-06,4.76837158203125e-07
9400,0.004599571228027344,1.6689300537109375e-06,2.384185791015625e-07
9401,0.0049953460693359375,1.6689300537109375e-06,2.384185791015625e-07
9402,0.002429962158203125,1.6689300537109375e-06,4.76837158203125e-07
9403,0.004474639892578125,1.6689300537109375e-06,4.76837158203125e-07
9404,0.004109382629394531,1.6689300537109375e-06,4.76837158203125e-07
9405,0.0036537647247314453,1.6689300537109375e-06,2.384185791015625e-07
9406,0.005199909210205078,2.1457672119140625e-06,2.384185791015625e-07
9407,0.0033795833587646484,1.6689300537109375e-06,2.384185791015625e-07
9408,0.004830598831176758,1.6689300537109375e-06,2.384185791015625e-07
9409,0.003950357437133789,2.384185791015625e-06,2.384185791015625e-07
9410,0.005351066589355469,1.9073486328125e-06,2.384185791015625e-07
9411,0.00576472282409668,1.430511474609375e-06,4.76837158203125e-07
9412,0.0038788318634033203,1.6689300537109375e-06,2.384185791015625e-07
9413,0.00501251220703125,1.6689300537109375e-06,2.384185791015625e-07
9414,0.006669521331787109,1.6689300537109375e-06,4.76837158203125e-07
9415,0.00418853759765625,1.6689300537109375e-06,2.384185791015625e-07
9416,0.0038039684295654297,1.430511474609375e-06,7.152557373046875e-07
9417,0.0038237571716308594,1.6689300537109375e-06,4.76837158203125e-07
9418,0.003056049346923828,1.9073486328125e-06,4.76837158203125e-07
9419,0.003908395767211914,2.1457672119140625e-06,4.76837158203125e-07
9420,0.005286216735839844,1.6689300537109375e-06,4.76837158203125e-07
9421,0.00404667854309082,1.6689300537109375e-06,2.384185791015625e-07
9422,0.0038204193115234375,2.384185791015625e-06,2.384185791015625e-07
9423,0.0047760009765625,1.9073486328125e-06,2.384185791015625e-07
9424,0.0043294429779052734,1.9073486328125e-06,2.384185791015625e-07
9425,0.004887580871582031,1.430511474609375e-06,4.76837158203125e-07
9426,0.0046808719635009766,1.9073486328125e-06,2.384185791015625e-07
9427,0.00423741340637207,2.1457672119140625e-06,2.384185791015625e-07
9428,0.0033292770385742188,1.9073486328125e-06,2.384185791015625e-07
9429,0.003950834274291992,1.6689300537109375e-06,2.384185791015625e-07
9430,0.0037648677825927734,1.9073486328125e-06,2.384185791015625e-07
9431,0.00471806526184082,1.9073486328125e-06,2.384185791015625e-07
9432,0.0025496482849121094,1.6689300537109375e-06,2.384185791015625e-07
9433,0.005626678466796875,2.384185791015625e-06,2.384185791015625e-07
9434,0.0030999183654785156,1.9073486328125e-06,2.384185791015625e-07
9435,0.0029153823852539062,2.1457672119140625e-06,2.384185791015625e-07
9436,0.004289865493774414,1.9073486328125e-06,2.384185791015625e-07
9437,0.0019240379333496094,1.9073486328125e-06,2.384185791015625e-07
9438,0.0038814544677734375,2.1457672119140625e-06,2.384185791015625e-07
9439,0.005530118942260742,1.9073486328125e-06,2.384185791015625e-07
9440,0.0036280155181884766,2.1457672119140625e-06,4.76837158203125e-07
9441,0.0033152103424072266,2.1457672119140625e-06,4.76837158203125e-07
9442,0.004552602767944336,1.9073486328125e-06,4.76837158203125e-07
9443,0.0047495365142822266,1.9073486328125e-06,4.76837158203125e-07
9444,0.0049059391021728516,1.9073486328125e-06,2.384185791015625e-07
9445,0.004390239715576172,1.9073486328125e-06,2.384185791015625e-07
9446,0.004634857177734375,1.9073486328125e-06,2.384185791015625e-07
9447,0.0034286975860595703,1.9073486328125e-06,7.152557373046875e-07
9448,0.017962217330932617,1.9073486328125e-06,2.384185791015625e-07
9449,0.004935741424560547,1.6689300537109375e-06,2.384185791015625e-07
9450,0.0022106170654296875,1.9073486328125e-06,2.384185791015625e-07
9451,0.00475001335144043,2.1457672119140625e-06,2.384185791015625e-07
9452,0.002627134323120117,1.9073486328125e-06,7.152557373046875e-07
9453,0.004561424255371094,1.6689300537109375e-06,4.76837158203125e-07
9454,0.004407405853271484,1.9073486328125e-06,2.384185791015625e-07
9455,0.0030367374420166016,1.6689300537109375e-06,2.384185791015625e-07
9456,0.0038983821868896484,1.430511474609375e-06,2.384185791015625e-07
9457,0.004806995391845703,1.6689300537109375e-06,2.384185791015625e-07
9458,0.004796028137207031,1.9073486328125e-06,2.384185791015625e-07
9459,0.0036301612854003906,1.6689300537109375e-06,7.152557373046875e-07
9460,0.004736661911010742,1.9073486328125e-06,2.384185791015625e-07
9461,0.0022792816162109375,1.6689300537109375e-06,2.384185791015625e-07
9462,0.0048291683197021484,1.9073486328125e-06,2.384185791015625e-07
9463,0.005013227462768555,1.9073486328125e-06,2.384185791015625e-07
9464,0.00439000129699707,1.6689300537109375e-06,2.384185791015625e-07
9465,0.002532958984375,1.6689300537109375e-06,2.384185791015625e-07
9466,0.0020830631256103516,1.6689300537109375e-06,2.384185791015625e-07
9467,0.004096269607543945,2.1457672119140625e-06,2.384185791015625e-07
9468,0.003149747848510742,2.1457672119140625e-06,4.76837158203125e-07
9469,0.0041179656982421875,2.1457672119140625e-06,4.76837158203125e-07
9470,0.0036563873291015625,1.430511474609375e-06,2.384185791015625e-07
9471,0.004893302917480469,1.6689300537109375e-06,2.384185791015625e-07
9472,0.00404047966003418,1.9073486328125e-06,2.384185791015625e-07
9473,0.0036063194274902344,1.6689300537109375e-06,2.384185791015625e-07
9474,0.004321575164794922,1.6689300537109375e-06,4.76837158203125e-07
9475,0.0038199424743652344,1.9073486328125e-06,4.76837158203125e-07
9476,0.003697633743286133,1.6689300537109375e-06,2.384185791015625e-07
9477,0.0040705204010009766,1.6689300537109375e-06,2.384185791015625e-07
9478,0.002627849578857422,1.9073486328125e-06,2.384185791015625e-07
9479,0.005003452301025391,1.430511474609375e-06,2.384185791015625e-07
9480,0.0025930404663085938,1.9073486328125e-06,2.384185791015625e-07
9481,0.0025377273559570312,1.9073486328125e-06,2.384185791015625e-07
9482,0.004832744598388672,1.9073486328125e-06,2.384185791015625e-07
9483,0.004040718078613281,1.9073486328125e-06,2.384185791015625e-07
9484,0.004348039627075195,2.1457672119140625e-06,2.384185791015625e-07
9485,0.005095243453979492,1.9073486328125e-06,2.384185791015625e-07
9486,0.0030248165130615234,1.9073486328125e-06,2.384185791015625e-07
9487,0.003803730010986328,1.9073486328125e-06,2.384185791015625e-07
9488,0.005259513854980469,1.6689300537109375e-06,2.384185791015625e-07
9489,0.0043506622314453125,1.9073486328125e-06,2.384185791015625e-07
9490,0.003960132598876953,2.1457672119140625e-06,4.76837158203125e-07
9491,0.0029616355895996094,1.9073486328125e-06,2.384185791015625e-07
9492,0.004159212112426758,1.9073486328125e-06,2.384185791015625e-07
9493,0.003988981246948242,1.9073486328125e-06,2.384185791015625e-07
9494,0.002358675003051758,1.9073486328125e-06,7.152557373046875e-07
9495,0.003795146942138672,2.1457672119140625e-06,4.76837158203125e-07
9496,0.002838611602783203,1.9073486328125e-06,4.76837158203125e-07
9497,0.002604961395263672,2.1457672119140625e-06,2.384185791015625e-07
9498,0.003865957260131836,2.1457672119140625e-06,4.76837158203125e-07
9499,0.00406646728515625,2.1457672119140625e-06,4.76837158203125e-07
9500,0.003670215606689453,2.1457672119140625e-06,4.76837158203125e-07
9501,0.0031785964965820312,2.1457672119140625e-06,2.384185791015625e-07
9502,0.0040357112884521484,2.1457672119140625e-06,2.384185791015625e-07
9503,0.0045740604400634766,1.9073486328125e-06,4.76837158203125e-07
9504,0.0025796890258789062,1.9073486328125e-06,2.384185791015625e-07
9505,0.003512859344482422,1.9073486328125e-06,2.384185791015625e-07
9506,0.0026979446411132812,2.1457672119140625e-06,2.384185791015625e-07
9507,0.003025054931640625,1.9073486328125e-06,4.76837158203125e-07
9508,0.0037386417388916016,2.1457672119140625e-06,4.76837158203125e-07
9509,0.005089521408081055,2.1457672119140625e-06,2.384185791015625e-07
9510,0.005408048629760742,2.1457672119140625e-06,2.384185791015625e-07
9511,0.005014181137084961,1.6689300537109375e-06,2.384185791015625e-07
9512,0.003945827484130859,1.6689300537109375e-06,2.384185791015625e-07
9513,0.0032224655151367188,1.430511474609375e-06,2.384185791015625e-07
9514,0.005266427993774414,1.9073486328125e-06,2.384185791015625e-07
9515,0.004663228988647461,1.9073486328125e-06,2.384185791015625e-07
9516,0.00537109375,1.6689300537109375e-06,4.76837158203125e-07
9517,0.0023651123046875,1.6689300537109375e-06,2.384185791015625e-07
9518,0.004690885543823242,1.6689300537109375e-06,2.384185791015625e-07
9519,0.004651308059692383,1.6689300537109375e-06,4.76837158203125e-07
9520,0.005827665328979492,1.6689300537109375e-06,2.384185791015625e-07
9521,0.0029158592224121094,1.9073486328125e-06,4.76837158203125e-07
9522,0.0028867721557617188,1.6689300537109375e-06,2.384185791015625e-07
9523,0.002075672149658203,1.6689300537109375e-06,2.384185791015625e-07
9524,0.004956960678100586,1.6689300537109375e-06,2.384185791015625e-07
9525,0.00382232666015625,1.6689300537109375e-06,2.384185791015625e-07
9526,0.0038995742797851562,1.6689300537109375e-06,2.384185791015625e-07
9527,0.004851579666137695,1.6689300537109375e-06,2.384185791015625e-07
9528,0.0037271976470947266,1.9073486328125e-06,2.384185791015625e-07
9529,0.005781412124633789,1.430511474609375e-06,7.152557373046875e-07
9530,0.0023016929626464844,1.9073486328125e-06,2.384185791015625e-07
9531,0.0028738975524902344,1.9073486328125e-06,4.76837158203125e-07
9532,0.0037059783935546875,1.9073486328125e-06,2.384185791015625e-07
9533,0.004209041595458984,1.9073486328125e-06,2.384185791015625e-07
9534,0.0032470226287841797,2.1457672119140625e-06,4.76837158203125e-07
9535,0.0024073123931884766,1.9073486328125e-06,2.384185791015625e-07
9536,0.0020461082458496094,1.9073486328125e-06,4.76837158203125e-07
9537,0.00524449348449707,1.430511474609375e-06,2.384185791015625e-07
9538,0.004615068435668945,1.6689300537109375e-06,4.76837158203125e-07
9539,0.0043184757232666016,1.9073486328125e-06,2.384185791015625e-07
9540,0.00415349006652832,2.1457672119140625e-06,2.384185791015625e-07
9541,0.0042955875396728516,2.1457672119140625e-06,2.384185791015625e-07
9542,0.00434565544128418,1.6689300537109375e-06,4.76837158203125e-07
9543,0.004755258560180664,1.6689300537109375e-06,2.384185791015625e-07
9544,0.0037992000579833984,1.6689300537109375e-06,2.384185791015625e-07
9545,0.004767894744873047,1.9073486328125e-06,4.76837158203125e-07
9546,0.00525212287902832,1.6689300537109375e-06,4.76837158203125e-07
9547,0.00531315803527832,1.9073486328125e-06,4.76837158203125e-07
9548,0.006203174591064453,2.1457672119140625e-06,2.384185791015625e-07
9549,0.0036630630493164062,1.9073486328125e-06,2.384185791015625e-07
9550,0.0032377243041992188,1.9073486328125e-06,2.384185791015625e-07
9551,0.0037996768951416016,2.1457672119140625e-06,2.384185791015625e-07
9552,0.003791332244873047,2.1457672119140625e-06,2.384185791015625e-07
9553,0.0033240318298339844,1.9073486328125e-06,4.76837158203125e-07
9554,0.004334449768066406,1.6689300537109375e-06,2.384185791015625e-07
9555,0.0038657188415527344,1.6689300537109375e-06,2.384185791015625e-07
9556,0.003187894821166992,1.6689300537109375e-06,2.384185791015625e-07
9557,0.003151416778564453,1.6689300537109375e-06,2.384185791015625e-07
9558,0.005131721496582031,1.6689300537109375e-06,2.384185791015625e-07
9559,0.0036275386810302734,1.9073486328125e-06,4.76837158203125e-07
9560,0.002858400344848633,1.9073486328125e-06,2.384185791015625e-07
9561,0.003076791763305664,2.1457672119140625e-06,7.152557373046875e-07
9562,0.005825996398925781,1.430511474609375e-06,4.76837158203125e-07
9563,0.005623579025268555,1.6689300537109375e-06,2.384185791015625e-07
9564,0.0029757022857666016,1.6689300537109375e-06,2.384185791015625e-07
9565,0.002220630645751953,1.6689300537109375e-06,7.152557373046875e-07
9566,0.004274606704711914,1.6689300537109375e-06,2.384185791015625e-07
9567,0.00413966178894043,1.6689300537109375e-06,2.384185791015625e-07
9568,0.004958391189575195,1.6689300537109375e-06,4.76837158203125e-07
9569,0.0028939247131347656,1.6689300537109375e-06,2.384185791015625e-07
9570,0.004980802536010742,1.9073486328125e-06,2.384185791015625e-07
9571,0.003378629684448242,1.6689300537109375e-06,2.384185791015625e-07
9572,0.0026710033416748047,1.6689300537109375e-06,2.384185791015625e-07
9573,0.0017049312591552734,1.6689300537109375e-06,4.76837158203125e-07
9574,0.0042955875396728516,1.9073486328125e-06,4.76837158203125e-07
9575,0.004193782806396484,1.9073486328125e-06,2.384185791015625e-07
9576,0.004769086837768555,2.1457672119140625e-06,2.384185791015625e-07
9577,0.005675792694091797,1.9073486328125e-06,2.384185791015625e-07
9578,0.0032279491424560547,1.9073486328125e-06,2.384185791015625e-07
9579,0.0022525787353515625,1.9073486328125e-06,4.76837158203125e-07
9580,0.003933906555175781,1.9073486328125e-06,4.76837158203125e-07
9581,0.003403186798095703,1.9073486328125e-06,4.76837158203125e-07
9582,0.0034046173095703125,1.9073486328125e-06,2.384185791015625e-07
9583,0.002519369125366211,2.1457672119140625e-06,2.384185791015625e-07
9584,0.0044705867767333984,1.9073486328125e-06,2.384185791015625e-07
9585,0.0022361278533935547,1.6689300537109375e-06,2.384185791015625e-07
9586,0.004114627838134766,1.6689300537109375e-06,2.384185791015625e-07
9587,0.004965066909790039,1.6689300537109375e-06,2.384185791015625e-07
9588,0.0042531490325927734,1.6689300537109375e-06,2.384185791015625e-07
9589,0.004688739776611328,1.6689300537109375e-06,4.76837158203125e-07
9590,0.004921913146972656,1.6689300537109375e-06,4.76837158203125e-07
9591,0.0021347999572753906,1.9073486328125e-06,2.384185791015625e-07
9592,0.004061222076416016,1.9073486328125e-06,2.384185791015625e-07
9593,0.003519296646118164,1.6689300537109375e-06,4.76837158203125e-07
9594,0.004548788070678711,1.6689300537109375e-06,4.76837158203125e-07
9595,0.0022323131561279297,2.1457672119140625e-06,2.384185791015625e-07
9596,0.004426002502441406,2.1457672119140625e-06,4.76837158203125e-07
9597,0.002711057662963867,1.6689300537109375e-06,2.384185791015625e-07
9598,0.0042209625244140625,1.6689300537109375e-06,2.384185791015625e-07
9599,0.003354310989379883,1.6689300537109375e-06,2.384185791015625e-07
9600,0.0026781558990478516,1.9073486328125e-06,2.384185791015625e-07
9601,0.003399372100830078,1.6689300537109375e-06,4.76837158203125e-07
9602,0.005232095718383789,1.6689300537109375e-06,2.384185791015625e-07
9603,0.0035965442657470703,1.9073486328125e-06,2.384185791015625e-07
9604,0.004255771636962891,1.6689300537109375e-06,2.384185791015625e-07
9605,0.004576206207275391,1.6689300537109375e-06,2.384185791015625e-07
9606,0.005054473876953125,1.6689300537109375e-06,2.384185791015625e-07
9607,0.005190134048461914,1.9073486328125e-06,2.384185791015625e-07
9608,0.003950357437133789,1.9073486328125e-06,2.384185791015625e-07
9609,0.004948139190673828,1.6689300537109375e-06,2.384185791015625e-07
9610,0.002920389175415039,1.6689300537109375e-06,2.384185791015625e-07
9611,0.0027341842651367188,1.6689300537109375e-06,2.384185791015625e-07
9612,0.003339052200317383,1.6689300537109375e-06,2.384185791015625e-07
9613,0.0036530494689941406,1.9073486328125e-06,4.76837158203125e-07
9614,0.002704620361328125,1.6689300537109375e-06,2.384185791015625e-07
9615,0.003834962844848633,1.6689300537109375e-06,2.384185791015625e-07
9616,0.0035905838012695312,1.9073486328125e-06,2.384185791015625e-07
9617,0.003858804702758789,1.9073486328125e-06,2.384185791015625e-07
9618,0.004928112030029297,1.6689300537109375e-06,2.384185791015625e-07
9619,0.0057201385498046875,1.6689300537109375e-06,4.76837158203125e-07
9620,0.0039980411529541016,1.9073486328125e-06,2.384185791015625e-07
9621,0.0034987926483154297,1.9073486328125e-06,2.384185791015625e-07
9622,0.0024750232696533203,1.6689300537109375e-06,2.384185791015625e-07
9623,0.0040051937103271484,1.430511474609375e-06,2.384185791015625e-07
9624,0.005052089691162109,1.9073486328125e-06,2.384185791015625e-07
9625,0.0016512870788574219,1.9073486328125e-06,2.384185791015625e-07
9626,0.0033218860626220703,2.1457672119140625e-06,4.76837158203125e-07
9627,0.003880739212036133,1.9073486328125e-06,2.384185791015625e-07
9628,0.004017353057861328,2.1457672119140625e-06,2.384185791015625e-07
9629,0.0038461685180664062,1.9073486328125e-06,2.384185791015625e-07
9630,0.0037927627563476562,1.9073486328125e-06,2.384185791015625e-07
9631,0.0046138763427734375,2.1457672119140625e-06,2.384185791015625e-07
9632,0.0030107498168945312,1.9073486328125e-06,4.76837158203125e-07
9633,0.003330230712890625,1.9073486328125e-06,2.384185791015625e-07
9634,0.004713296890258789,2.1457672119140625e-06,2.384185791015625e-07
9635,0.003498077392578125,2.1457672119140625e-06,7.152557373046875e-07
9636,0.0022373199462890625,1.6689300537109375e-06,2.384185791015625e-07
9637,0.0025222301483154297,1.9073486328125e-06,4.76837158203125e-07
9638,0.004225730895996094,1.6689300537109375e-06,2.384185791015625e-07
9639,0.0046498775482177734,1.6689300537109375e-06,4.76837158203125e-07
9640,0.0034940242767333984,1.6689300537109375e-06,2.384185791015625e-07
9641,0.005523204803466797,1.6689300537109375e-06,2.384185791015625e-07
9642,0.004674434661865234,1.430511474609375e-06,2.384185791015625e-07
9643,0.0041446685791015625,2.1457672119140625e-06,2.384185791015625e-07
9644,0.004452705383300781,2.1457672119140625e-06,4.76837158203125e-07
9645,0.002352476119995117,1.9073486328125e-06,2.384185791015625e-07
9646,0.003303050994873047,1.9073486328125e-06,4.76837158203125e-07
9647,0.004336833953857422,1.9073486328125e-06,2.384185791015625e-07
9648,0.0036725997924804688,1.6689300537109375e-06,2.384185791015625e-07
9649,0.004339933395385742,1.9073486328125e-06,2.384185791015625e-07
9650,0.002850770950317383,1.9073486328125e-06,2.384185791015625e-07
9651,0.0021724700927734375,1.9073486328125e-06,2.384185791015625e-07
9652,0.0031795501708984375,1.9073486328125e-06,2.384185791015625e-07
9653,0.004035234451293945,1.6689300537109375e-06,2.384185791015625e-07
9654,0.002281665802001953,1.6689300537109375e-06,2.384185791015625e-07
9655,0.0034334659576416016,1.6689300537109375e-06,2.384185791015625e-07
9656,0.0030236244201660156,1.9073486328125e-06,2.384185791015625e-07
9657,0.0036966800689697266,1.6689300537109375e-06,2.384185791015625e-07
9658,0.004897356033325195,1.6689300537109375e-06,7.152557373046875e-07
9659,0.004457235336303711,1.6689300537109375e-06,2.384185791015625e-07
9660,0.0027849674224853516,1.6689300537109375e-06,2.384185791015625e-07
9661,0.005137205123901367,1.6689300537109375e-06,2.384185791015625e-07
9662,0.004953145980834961,1.6689300537109375e-06,7.152557373046875e-07
9663,0.006814002990722656,1.9073486328125e-06,2.384185791015625e-07
9664,0.0031495094299316406,1.9073486328125e-06,2.384185791015625e-07
9665,0.003994464874267578,2.1457672119140625e-06,2.384185791015625e-07
9666,0.004281282424926758,1.9073486328125e-06,2.384185791015625e-07
9667,0.004407405853271484,1.9073486328125e-06,2.384185791015625e-07
9668,0.002034425735473633,1.9073486328125e-06,2.384185791015625e-07
9669,0.002340078353881836,1.9073486328125e-06,2.384185791015625e-07
9670,0.0024259090423583984,1.9073486328125e-06,2.384185791015625e-07
9671,0.002956390380859375,1.430511474609375e-06,4.76837158203125e-07
9672,0.004578590393066406,1.9073486328125e-06,2.384185791015625e-07
9673,0.002666950225830078,1.6689300537109375e-06,2.384185791015625e-07
9674,0.002113819122314453,1.9073486328125e-06,2.384185791015625e-07
9675,0.0045146942138671875,1.6689300537109375e-06,2.384185791015625e-07
9676,0.0026030540466308594,1.6689300537109375e-06,2.384185791015625e-07
9677,0.004548072814941406,1.9073486328125e-06,2.384185791015625e-07
9678,0.003075838088989258,2.1457672119140625e-06,2.384185791015625e-07
9679,0.0038597583770751953,1.6689300537109375e-06,2.384185791015625e-07
9680,0.003968238830566406,1.6689300537109375e-06,4.76837158203125e-07
9681,0.004364490509033203,1.9073486328125e-06,2.384185791015625e-07
9682,0.003432750701904297,1.6689300537109375e-06,2.384185791015625e-07
9683,0.0020494461059570312,1.9073486328125e-06,2.384185791015625e-07
9684,0.003475189208984375,1.9073486328125e-06,2.384185791015625e-07
9685,0.00432276725769043,1.9073486328125e-06,7.152557373046875e-07
9686,0.005386829376220703,1.9073486328125e-06,2.384185791015625e-07
9687,0.002720355987548828,2.1457672119140625e-06,4.76837158203125e-07
9688,0.004746675491333008,2.1457672119140625e-06,4.76837158203125e-07
9689,0.00413060188293457,1.9073486328125e-06,7.152557373046875e-07
9690,0.0036118030548095703,1.9073486328125e-06,2.384185791015625e-07
9691,0.0036754608154296875,1.9073486328125e-06,2.384185791015625e-07
9692,0.0035736560821533203,1.9073486328125e-06,2.384185791015625e-07
9693,0.004172086715698242,1.9073486328125e-06,2.384185791015625e-07
9694,0.002313852310180664,1.9073486328125e-06,2.384185791015625e-07
9695,0.0029060840606689453,1.9073486328125e-06,2.384185791015625e-07
9696,0.003310680389404297,1.9073486328125e-06,2.384185791015625e-07
9697,0.004288673400878906,2.1457672119140625e-06,2.384185791015625e-07
9698,0.0025691986083984375,1.430511474609375e-06,2.384185791015625e-07
9699,0.004303455352783203,1.9073486328125e-06,2.384185791015625e-07
9700,0.0023467540740966797,1.9073486328125e-06,2.384185791015625e-07
9701,0.0029594898223876953,1.6689300537109375e-06,2.384185791015625e-07
9702,0.0029108524322509766,1.6689300537109375e-06,4.76837158203125e-07
9703,0.0038881301879882812,1.6689300537109375e-06,4.76837158203125e-07
9704,0.004929780960083008,1.9073486328125e-06,7.152557373046875e-07
9705,0.0022749900817871094,1.6689300537109375e-06,2.384185791015625e-07
9706,0.003919363021850586,1.6689300537109375e-06,7.152557373046875e-07
9707,0.0023140907287597656,1.9073486328125e-06,4.76837158203125e-07
9708,0.0040895938873291016,1.6689300537109375e-06,4.76837158203125e-07
9709,0.0038025379180908203,1.6689300537109375e-06,4.76837158203125e-07
9710,0.004075050354003906,1.6689300537109375e-06,4.76837158203125e-07
9711,0.003336191177368164,1.6689300537109375e-06,4.76837158203125e-07
9712,0.004101753234863281,1.6689300537109375e-06,2.384185791015625e-07
9713,0.0031862258911132812,1.6689300537109375e-06,4.76837158203125e-07
9714,0.00571751594543457,1.6689300537109375e-06,4.76837158203125e-07
9715,0.003333568572998047,1.6689300537109375e-06,4.76837158203125e-07
9716,0.003767251968383789,1.6689300537109375e-06,2.384185791015625e-07
9717,0.0037512779235839844,1.9073486328125e-06,4.76837158203125e-07
9718,0.003966808319091797,2.1457672119140625e-06,4.76837158203125e-07
9719,0.003923892974853516,1.9073486328125e-06,4.76837158203125e-07
9720,0.002839326858520508,1.9073486328125e-06,7.152557373046875e-07
9721,0.003930568695068359,1.9073486328125e-06,2.384185791015625e-07
9722,0.003568410873413086,1.9073486328125e-06,4.76837158203125e-07
9723,0.0037088394165039062,1.6689300537109375e-06,2.384185791015625e-07
9724,0.003589630126953125,2.1457672119140625e-06,4.76837158203125e-07
9725,0.004445075988769531,1.6689300537109375e-06,2.384185791015625e-07
9726,0.0059108734130859375,1.6689300537109375e-06,2.384185791015625e-07
9727,0.003858327865600586,1.6689300537109375e-06,2.384185791015625e-07
9728,0.0027008056640625,1.6689300537109375e-06,4.76837158203125e-07
9729,0.004086732864379883,1.6689300537109375e-06,2.384185791015625e-07
9730,0.0021810531616210938,1.9073486328125e-06,2.384185791015625e-07
9731,0.005362987518310547,1.6689300537109375e-06,2.384185791015625e-07
9732,0.0034291744232177734,1.6689300537109375e-06,4.76837158203125e-07
9733,0.0033791065216064453,1.6689300537109375e-06,4.76837158203125e-07
9734,0.00396728515625,1.6689300537109375e-06,4.76837158203125e-07
9735,0.0051822662353515625,1.9073486328125e-06,2.384185791015625e-07
9736,0.0023636817932128906,1.6689300537109375e-06,2.384185791015625e-07
9737,0.003547191619873047,1.430511474609375e-06,4.76837158203125e-07
9738,0.0048828125,1.6689300537109375e-06,2.384185791015625e-07
9739,0.0031735897064208984,1.6689300537109375e-06,2.384185791015625e-07
9740,0.004167079925537109,2.1457672119140625e-06,2.384185791015625e-07
9741,0.0054852962493896484,1.9073486328125e-06,2.384185791015625e-07
9742,0.005152702331542969,1.9073486328125e-06,2.384185791015625e-07
9743,0.0032651424407958984,1.9073486328125e-06,4.76837158203125e-07
9744,0.003495931625366211,1.9073486328125e-06,4.76837158203125e-07
9745,0.003484964370727539,1.9073486328125e-06,2.384185791015625e-07
9746,0.004326343536376953,1.6689300537109375e-06,2.384185791015625e-07
9747,0.004263639450073242,1.6689300537109375e-06,2.384185791015625e-07
9748,0.0040132999420166016,1.9073486328125e-06,4.76837158203125e-07
9749,0.00362396240234375,1.6689300537109375e-06,4.76837158203125e-07
9750,0.003952503204345703,1.430511474609375e-06,4.76837158203125e-07
9751,0.0028204917907714844,1.9073486328125e-06,2.384185791015625e-07
9752,0.0046117305755615234,1.9073486328125e-06,2.384185791015625e-07
9753,0.005041837692260742,2.1457672119140625e-06,2.384185791015625e-07
9754,0.0044825077056884766,1.9073486328125e-06,2.384185791015625e-07
9755,0.002544403076171875,2.1457672119140625e-06,4.76837158203125e-07
9756,0.005344390869140625,1.9073486328125e-06,4.76837158203125e-07
9757,0.004622459411621094,1.9073486328125e-06,2.384185791015625e-07
9758,0.002852201461791992,2.1457672119140625e-06,4.76837158203125e-07
9759,0.0034263134002685547,1.6689300537109375e-06,2.384185791015625e-07
9760,0.005034446716308594,2.1457672119140625e-06,2.384185791015625e-07
9761,0.003942012786865234,1.6689300537109375e-06,2.384185791015625e-07
9762,0.004010200500488281,1.9073486328125e-06,4.76837158203125e-07
9763,0.0034737586975097656,1.9073486328125e-06,2.384185791015625e-07
9764,0.0058727264404296875,1.9073486328125e-06,2.384185791015625e-07
9765,0.005711555480957031,2.1457672119140625e-06,4.76837158203125e-07
9766,0.0046536922454833984,1.9073486328125e-06,2.384185791015625e-07
9767,0.003925800323486328,1.9073486328125e-06,4.76837158203125e-07
9768,0.004197597503662109,2.1457672119140625e-06,2.384185791015625e-07
9769,0.00406956672668457,1.9073486328125e-06,2.384185791015625e-07
9770,0.004235267639160156,1.9073486328125e-06,2.384185791015625e-07
9771,0.0053403377532958984,2.1457672119140625e-06,2.384185791015625e-07
9772,0.00506138801574707,2.1457672119140625e-06,2.384185791015625e-07
9773,0.004462480545043945,1.9073486328125e-06,2.384185791015625e-07
9774,0.002692699432373047,1.6689300537109375e-06,4.76837158203125e-07
9775,0.003426790237426758,1.9073486328125e-06,2.384185791015625e-07
9776,0.006899356842041016,1.6689300537109375e-06,2.384185791015625e-07
9777,0.0056073665618896484,1.6689300537109375e-06,4.76837158203125e-07
9778,0.0037374496459960938,1.6689300537109375e-06,2.384185791015625e-07
9779,0.0055027008056640625,1.9073486328125e-06,4.76837158203125e-07
9780,0.004915714263916016,1.6689300537109375e-06,2.384185791015625e-07
9781,0.004942178726196289,1.6689300537109375e-06,2.384185791015625e-07
9782,0.0038394927978515625,1.9073486328125e-06,2.384185791015625e-07
9783,0.0048809051513671875,1.9073486328125e-06,2.384185791015625e-07
9784,0.0034265518188476562,1.9073486328125e-06,4.76837158203125e-07
9785,0.002686738967895508,1.9073486328125e-06,2.384185791015625e-07
9786,0.002080678939819336,1.9073486328125e-06,4.76837158203125e-07
9787,0.004573822021484375,1.9073486328125e-06,2.384185791015625e-07
9788,0.003991365432739258,2.1457672119140625e-06,2.384185791015625e-07
9789,0.006064176559448242,2.1457672119140625e-06,4.76837158203125e-07
9790,0.002712249755859375,1.9073486328125e-06,4.76837158203125e-07
9791,0.003943920135498047,1.6689300537109375e-06,2.384185791015625e-07
9792,0.005933523178100586,1.6689300537109375e-06,2.384185791015625e-07
9793,0.0037729740142822266,1.9073486328125e-06,2.384185791015625e-07
9794,0.005839824676513672,2.1457672119140625e-06,2.384185791015625e-07
9795,0.003760099411010742,2.1457672119140625e-06,2.384185791015625e-07
9796,0.004496574401855469,1.9073486328125e-06,2.384185791015625e-07
9797,0.004626274108886719,2.1457672119140625e-06,2.384185791015625e-07
9798,0.005413055419921875,1.6689300537109375e-06,4.76837158203125e-07
9799,0.004352569580078125,1.9073486328125e-06,2.384185791015625e-07
9800,0.003838062286376953,1.6689300537109375e-06,2.384185791015625e-07
9801,0.004442691802978516,1.6689300537109375e-06,2.384185791015625e-07
9802,0.0033884048461914062,1.9073486328125e-06,2.384185791015625e-07
9803,0.0056247711181640625,2.1457672119140625e-06,4.76837158203125e-07
9804,0.004016876220703125,1.9073486328125e-06,4.76837158203125e-07
9805,0.003878355026245117,1.9073486328125e-06,2.384185791015625e-07
9806,0.0037703514099121094,1.9073486328125e-06,4.76837158203125e-07
9807,0.0030074119567871094,1.6689300537109375e-06,2.384185791015625e-07
9808,0.004774332046508789,1.9073486328125e-06,2.384185791015625e-07
9809,0.004636526107788086,1.9073486328125e-06,2.384185791015625e-07
9810,0.002760648727416992,1.9073486328125e-06,2.384185791015625e-07
9811,0.006198406219482422,1.9073486328125e-06,4.76837158203125e-07
9812,0.004528999328613281,1.9073486328125e-06,2.384185791015625e-07
9813,0.0036618709564208984,1.9073486328125e-06,2.384185791015625e-07
9814,0.004242658615112305,1.6689300537109375e-06,2.384185791015625e-07
9815,0.003951072692871094,1.9073486328125e-06,2.384185791015625e-07
9816,0.004323482513427734,1.6689300537109375e-06,2.384185791015625e-07
9817,0.004368305206298828,1.6689300537109375e-06,4.76837158203125e-07
9818,0.0026552677154541016,1.6689300537109375e-06,4.76837158203125e-07
9819,0.0027065277099609375,1.6689300537109375e-06,2.384185791015625e-07
9820,0.0051898956298828125,1.6689300537109375e-06,2.384185791015625e-07
9821,0.005402326583862305,1.6689300537109375e-06,7.152557373046875e-07
9822,0.004556894302368164,1.6689300537109375e-06,2.384185791015625e-07
9823,0.0036787986755371094,1.9073486328125e-06,2.384185791015625e-07
9824,0.004530906677246094,1.6689300537109375e-06,2.384185791015625e-07
9825,0.002502918243408203,1.6689300537109375e-06,7.152557373046875e-07
9826,0.00395965576171875,1.9073486328125e-06,4.76837158203125e-07
9827,0.0031015872955322266,1.9073486328125e-06,4.76837158203125e-07
9828,0.0037529468536376953,1.9073486328125e-06,2.384185791015625e-07
9829,0.0038645267486572266,1.9073486328125e-06,7.152557373046875e-07
9830,0.004340410232543945,1.9073486328125e-06,2.384185791015625e-07
9831,0.005510091781616211,1.9073486328125e-06,4.76837158203125e-07
9832,0.005747795104980469,2.1457672119140625e-06,2.384185791015625e-07
9833,0.005529642105102539,2.1457672119140625e-06,2.384185791015625e-07
9834,0.004089832305908203,1.9073486328125e-06,4.76837158203125e-07
9835,0.004027843475341797,1.9073486328125e-06,4.76837158203125e-07
9836,0.005593061447143555,1.6689300537109375e-06,5.245208740234375e-06
9837,0.004162788391113281,1.9073486328125e-06,9.5367431640625e-07
9838,0.0035452842712402344,1.6689300537109375e-06,9.5367431640625e-07
9839,0.002707242965698242,1.6689300537109375e-06,4.76837158203125e-07
9840,0.004700183868408203,1.9073486328125e-06,7.152557373046875e-07
9841,0.0043718814849853516,1.6689300537109375e-06,4.76837158203125e-07
9842,0.00385284423828125,1.430511474609375e-06,4.76837158203125e-07
9843,0.0031931400299072266,1.6689300537109375e-06,4.76837158203125e-07
9844,0.0027894973754882812,1.9073486328125e-06,4.76837158203125e-07
9845,0.004588127136230469,1.6689300537109375e-06,4.76837158203125e-07
9846,0.004258632659912109,1.9073486328125e-06,4.76837158203125e-07
9847,0.004076480865478516,1.6689300537109375e-06,7.152557373046875e-07
9848,0.0046846866607666016,1.9073486328125e-06,7.152557373046875e-07
9849,0.0035698413848876953,1.9073486328125e-06,7.152557373046875e-07
9850,0.0022373199462890625,1.9073486328125e-06,7.152557373046875e-07
9851,0.0023801326751708984,1.9073486328125e-06,9.5367431640625e-07
9852,0.004924774169921875,1.9073486328125e-06,4.76837158203125e-07
9853,0.004586458206176758,1.9073486328125e-06,4.76837158203125e-07
9854,0.00463557243347168,2.1457672119140625e-06,4.76837158203125e-07
9855,0.0033469200134277344,2.1457672119140625e-06,4.76837158203125e-07
9856,0.002704143524169922,2.1457672119140625e-06,9.5367431640625e-07
9857,0.0039017200469970703,1.9073486328125e-06,4.76837158203125e-07
9858,0.0026733875274658203,1.9073486328125e-06,7.152557373046875e-07
9859,0.002874135971069336,1.9073486328125e-06,4.76837158203125e-07
9860,0.0037653446197509766,1.6689300537109375e-06,4.76837158203125e-07
9861,0.0041353702545166016,1.9073486328125e-06,7.152557373046875e-07
9862,0.0037708282470703125,2.1457672119140625e-06,7.152557373046875e-07
9863,0.005053043365478516,1.9073486328125e-06,4.76837158203125e-07
9864,0.0031478404998779297,2.1457672119140625e-06,4.76837158203125e-07
9865,0.003893136978149414,1.430511474609375e-06,7.152557373046875e-07
9866,0.003583669662475586,1.6689300537109375e-06,7.152557373046875e-07
9867,0.004621028900146484,1.6689300537109375e-06,4.76837158203125e-07
9868,0.0037047863006591797,1.6689300537109375e-06,4.76837158203125e-07
9869,0.002573251724243164,1.6689300537109375e-06,7.152557373046875e-07
9870,0.0046155452728271484,1.6689300537109375e-06,4.76837158203125e-07
9871,0.0030791759490966797,1.9073486328125e-06,9.5367431640625e-07
9872,0.005042076110839844,1.6689300537109375e-06,7.152557373046875e-07
9873,0.0034635066986083984,1.9073486328125e-06,4.76837158203125e-07
9874,0.0038230419158935547,2.1457672119140625e-06,7.152557373046875e-07
9875,0.002879619598388672,2.1457672119140625e-06,4.76837158203125e-07
9876,0.0052318572998046875,1.9073486328125e-06,7.152557373046875e-07
9877,0.004389047622680664,1.9073486328125e-06,4.76837158203125e-07
9878,0.003147125244140625,2.1457672119140625e-06,7.152557373046875e-07
9879,0.0040667057037353516,1.9073486328125e-06,7.152557373046875e-07
9880,0.003517627716064453,1.9073486328125e-06,7.152557373046875e-07
9881,0.0038421154022216797,1.6689300537109375e-06,7.152557373046875e-07
9882,0.0023317337036132812,1.6689300537109375e-06,7.152557373046875e-07
9883,0.0027472972869873047,1.430511474609375e-06,7.152557373046875e-07
9884,0.003620624542236328,1.6689300537109375e-06,7.152557373046875e-07
9885,0.0030448436737060547,1.9073486328125e-06,4.76837158203125e-07
9886,0.004246950149536133,2.1457672119140625e-06,4.76837158203125e-07
9887,0.003614187240600586,1.9073486328125e-06,7.152557373046875e-07
9888,0.002490997314453125,1.9073486328125e-06,4.76837158203125e-07
9889,0.005254507064819336,2.1457672119140625e-06,4.76837158203125e-07
9890,0.004279375076293945,1.9073486328125e-06,7.152557373046875e-07
9891,0.00225830078125,1.9073486328125e-06,4.76837158203125e-07
9892,0.002301931381225586,2.1457672119140625e-06,4.76837158203125e-07
9893,0.003094911575317383,1.6689300537109375e-06,7.152557373046875e-07
9894,0.002054929733276367,2.1457672119140625e-06,7.152557373046875e-07
9895,0.0036306381225585938,1.9073486328125e-06,7.152557373046875e-07
9896,0.0028607845306396484,2.1457672119140625e-06,7.152557373046875e-07
9897,0.003042459487915039,1.9073486328125e-06,4.76837158203125e-07
9898,0.003067493438720703,2.1457672119140625e-06,7.152557373046875e-07
9899,0.004046440124511719,1.9073486328125e-06,4.76837158203125e-07
9900,0.0039272308349609375,1.9073486328125e-06,7.152557373046875e-07
9901,0.0024242401123046875,1.9073486328125e-06,7.152557373046875e-07
9902,0.001394510269165039,2.1457672119140625e-06,4.76837158203125e-07
9903,0.003416776657104492,2.1457672119140625e-06,7.152557373046875e-07
9904,0.0037698745727539062,1.9073486328125e-06,7.152557373046875e-07
9905,0.0026726722717285156,1.9073486328125e-06,4.76837158203125e-07
9906,0.004044532775878906,1.9073486328125e-06,4.76837158203125e-07
9907,0.0057489871978759766,2.1457672119140625e-06,9.5367431640625e-07
9908,0.004765033721923828,1.9073486328125e-06,4.76837158203125e-07
9909,0.0020515918731689453,1.430511474609375e-06,7.152557373046875e-07
9910,0.004029273986816406,1.9073486328125e-06,7.152557373046875e-07
9911,0.0030007362365722656,1.9073486328125e-06,7.152557373046875e-07
9912,0.001880645751953125,1.6689300537109375e-06,7.152557373046875e-07
9913,0.0027430057525634766,1.6689300537109375e-06,7.152557373046875e-07
9914,0.0028886795043945312,1.6689300537109375e-06,4.76837158203125e-07
9915,0.001207113265991211,1.6689300537109375e-06,7.152557373046875e-07
9916,0.004479646682739258,1.9073486328125e-06,4.76837158203125e-07
9917,0.004790782928466797,1.6689300537109375e-06,7.152557373046875e-07
9918,0.004208564758300781,1.6689300537109375e-06,7.152557373046875e-07
9919,0.0029871463775634766,1.6689300537109375e-06,9.5367431640625e-07
9920,0.005037784576416016,1.9073486328125e-06,4.76837158203125e-07
9921,0.003776073455810547,2.1457672119140625e-06,7.152557373046875e-07
9922,0.0027081966400146484,1.9073486328125e-06,4.76837158203125e-07
9923,0.004565715789794922,2.1457672119140625e-06,7.152557373046875e-07
9924,0.0049610137939453125,2.1457672119140625e-06,7.152557373046875e-07
9925,0.004764080047607422,1.9073486328125e-06,7.152557373046875e-07
9926,0.005299806594848633,2.1457672119140625e-06,7.152557373046875e-07
9927,0.003625631332397461,1.9073486328125e-06,4.76837158203125e-07
9928,0.005219697952270508,2.1457672119140625e-06,7.152557373046875e-07
9929,0.001529693603515625,1.9073486328125e-06,7.152557373046875e-07
9930,0.003063201904296875,1.9073486328125e-06,4.76837158203125e-07
9931,0.003420114517211914,1.430511474609375e-06,4.76837158203125e-07
9932,0.003377199172973633,1.9073486328125e-06,7.152557373046875e-07
9933,0.0020864009857177734,1.9073486328125e-06,4.76837158203125e-07
9934,0.003989219665527344,2.1457672119140625e-06,7.152557373046875e-07
9935,0.005518913269042969,1.6689300537109375e-06,7.152557373046875e-07
9936,0.005598783493041992,2.1457672119140625e-06,4.76837158203125e-07
9937,0.003853321075439453,1.9073486328125e-06,7.152557373046875e-07
9938,0.0022759437561035156,1.9073486328125e-06,4.76837158203125e-07
9939,0.003987789154052734,1.6689300537109375e-06,7.152557373046875e-07
9940,0.0033349990844726562,1.9073486328125e-06,7.152557373046875e-07
9941,0.005015134811401367,1.9073486328125e-06,4.76837158203125e-07
9942,0.0028328895568847656,1.430511474609375e-06,7.152557373046875e-07
9943,0.0036563873291015625,1.9073486328125e-06,4.76837158203125e-07
9944,0.002674579620361328,1.6689300537109375e-06,7.152557373046875e-07
9945,0.004266977310180664,1.9073486328125e-06,4.76837158203125e-07
9946,0.002359151840209961,1.430511474609375e-06,9.5367431640625e-07
9947,0.004637718200683594,1.6689300537109375e-06,4.76837158203125e-07
9948,0.002283811569213867,1.9073486328125e-06,7.152557373046875e-07
9949,0.003761768341064453,1.6689300537109375e-06,7.152557373046875e-07
9950,0.003536701202392578,1.6689300537109375e-06,7.152557373046875e-07
9951,0.004316806793212891,1.6689300537109375e-06,7.152557373046875e-07
9952,0.00418853759765625,1.6689300537109375e-06,7.152557373046875e-07
9953,0.0029718875885009766,1.9073486328125e-06,4.76837158203125e-07
9954,0.004179477691650391,1.6689300537109375e-06,7.152557373046875e-07
9955,0.0020890235900878906,1.6689300537109375e-06,4.76837158203125e-07
9956,0.0028018951416015625,1.9073486328125e-06,9.5367431640625e-07
9957,0.0033800601959228516,1.9073486328125e-06,4.76837158203125e-07
9958,0.0039052963256835938,2.1457672119140625e-06,9.5367431640625e-07
9959,0.003503561019897461,2.1457672119140625e-06,4.76837158203125e-07
9960,0.004004716873168945,1.9073486328125e-06,4.76837158203125e-07
9961,0.004555940628051758,1.9073486328125e-06,9.5367431640625e-07
9962,0.004845857620239258,2.1457672119140625e-06,4.76837158203125e-07
9963,0.005348920822143555,1.9073486328125e-06,4.76837158203125e-07
9964,0.00460052490234375,2.1457672119140625e-06,4.76837158203125e-07
9965,0.0039823055267333984,2.384185791015625e-06,4.76837158203125e-07
9966,0.0037679672241210938,2.1457672119140625e-06,4.76837158203125e-07
9967,0.00481104850769043,1.9073486328125e-06,4.76837158203125e-07
9968,0.006209611892700195,1.6689300537109375e-06,7.152557373046875e-07
9969,0.004460573196411133,1.6689300537109375e-06,4.76837158203125e-07
9970,0.0034422874450683594,1.6689300537109375e-06,7.152557373046875e-07
9971,0.004078388214111328,1.6689300537109375e-06,4.76837158203125e-07
9972,0.0045909881591796875,1.6689300537109375e-06,4.76837158203125e-07
9973,0.004167795181274414,1.6689300537109375e-06,7.152557373046875e-07
9974,0.005193471908569336,1.6689300537109375e-06,4.76837158203125e-07
9975,0.002960681915283203,1.9073486328125e-06,7.152557373046875e-07
9976,0.0038106441497802734,1.9073486328125e-06,4.76837158203125e-07
9977,0.003688812255859375,1.9073486328125e-06,7.152557373046875e-07
9978,0.0029840469360351562,1.9073486328125e-06,4.76837158203125e-07
9979,0.003954887390136719,1.6689300537109375e-06,4.76837158203125e-07
9980,0.0036487579345703125,1.6689300537109375e-06,4.76837158203125e-07
9981,0.003109455108642578,1.9073486328125e-06,4.76837158203125e-07
9982,0.0022809505462646484,2.1457672119140625e-06,7.152557373046875e-07
9983,0.0029392242431640625,1.9073486328125e-06,9.5367431640625e-07
9984,0.003958702087402344,1.9073486328125e-06,4.76837158203125e-07
9985,0.0036754608154296875,2.1457672119140625e-06,7.152557373046875e-07
9986,0.0030798912048339844,1.9073486328125e-06,4.76837158203125e-07
9987,0.005356788635253906,2.1457672119140625e-06,4.76837158203125e-07
9988,0.004772663116455078,1.9073486328125e-06,9.5367431640625e-07
9989,0.004452705383300781,1.9073486328125e-06,4.76837158203125e-07
9990,0.002685070037841797,1.9073486328125e-06,7.152557373046875e-07
9991,0.005285739898681641,1.6689300537109375e-06,4.76837158203125e-07
9992,0.003991842269897461,2.1457672119140625e-06,7.152557373046875e-07
9993,0.00391697883605957,1.9073486328125e-06,7.152557373046875e-07
9994,0.005928993225097656,1.9073486328125e-06,4.76837158203125e-07
9995,0.004616975784301758,1.6689300537109375e-06,7.152557373046875e-07
9996,0.0038518905639648438,1.9073486328125e-06,4.76837158203125e-07
9997,0.0030503273010253906,1.6689300537109375e-06,4.76837158203125e-07
9998,0.006384372711181641,1.9073486328125e-06,7.152557373046875e-07
9999,0.0028319358825683594,1.6689300537109375e-06,4.76837158203125e-07
average,0.0059150559425354,1.869964599609375e-06,3.191232681274414e-07
