id,insert_latency,update_latency,delete_latency
0,0.011522531509399414,1.9550323486328125e-05,4.291534423828125e-06
1,0.004350423812866211,3.0994415283203125e-06,9.5367431640625e-07
2,0.0057146549224853516,2.384185791015625e-06,4.76837158203125e-07
3,0.0042493343353271484,1.9073486328125e-06,2.384185791015625e-07
4,0.004206180572509766,1.6689300537109375e-06,4.76837158203125e-07
5,0.006285905838012695,1.6689300537109375e-06,2.384185791015625e-07
6,0.006047725677490234,1.9073486328125e-06,2.384185791015625e-07
7,0.0045812129974365234,1.6689300537109375e-06,2.384185791015625e-07
8,0.007104396820068359,1.9073486328125e-06,2.384185791015625e-07
9,0.004895925521850586,1.9073486328125e-06,2.384185791015625e-07
10,0.004574298858642578,1.9073486328125e-06,2.384185791015625e-07
11,0.005982398986816406,5.0067901611328125e-06,4.76837158203125e-07
12,0.006113529205322266,1.6689300537109375e-06,4.76837158203125e-07
13,0.002574920654296875,1.6689300537109375e-06,4.76837158203125e-07
14,0.004352092742919922,1.6689300537109375e-06,2.384185791015625e-07
15,0.006125211715698242,1.6689300537109375e-06,2.384185791015625e-07
16,0.005188941955566406,1.9073486328125e-06,2.384185791015625e-07
17,0.005511760711669922,1.6689300537109375e-06,2.384185791015625e-07
18,0.005113840103149414,1.6689300537109375e-06,4.76837158203125e-07
19,0.0068721771240234375,1.6689300537109375e-06,2.384185791015625e-07
20,0.0035238265991210938,1.6689300537109375e-06,4.76837158203125e-07
21,0.006157636642456055,2.1457672119140625e-06,2.384185791015625e-07
22,0.007966756820678711,1.9073486328125e-06,4.76837158203125e-07
23,0.005128145217895508,2.1457672119140625e-06,2.384185791015625e-07
24,0.005115509033203125,1.9073486328125e-06,2.384185791015625e-07
25,0.00514674186706543,2.1457672119140625e-06,2.384185791015625e-07
26,0.0053064823150634766,1.6689300537109375e-06,2.384185791015625e-07
27,0.006136417388916016,1.6689300537109375e-06,2.384185791015625e-07
28,0.003300189971923828,2.1457672119140625e-06,2.384185791015625e-07
29,0.004351615905761719,1.6689300537109375e-06,2.384185791015625e-07
30,0.003183126449584961,2.1457672119140625e-06,2.384185791015625e-07
31,0.003586292266845703,2.1457672119140625e-06,2.384185791015625e-07
32,0.002536773681640625,1.6689300537109375e-06,2.384185791015625e-07
33,0.005075216293334961,1.6689300537109375e-06,2.384185791015625e-07
34,0.004876375198364258,1.9073486328125e-06,2.384185791015625e-07
35,0.0031518936157226562,1.6689300537109375e-06,2.384185791015625e-07
36,0.0055387020111083984,1.9073486328125e-06,2.384185791015625e-07
37,0.005815744400024414,1.9073486328125e-06,4.76837158203125e-07
38,0.004046201705932617,1.6689300537109375e-06,2.384185791015625e-07
39,0.0030372142791748047,1.6689300537109375e-06,2.384185791015625e-07
40,0.003986835479736328,1.6689300537109375e-06,2.384185791015625e-07
41,0.0045163631439208984,1.6689300537109375e-06,2.384185791015625e-07
42,0.00475001335144043,1.6689300537109375e-06,2.384185791015625e-07
43,0.0033266544342041016,1.6689300537109375e-06,2.384185791015625e-07
44,0.0021409988403320312,1.9073486328125e-06,4.76837158203125e-07
45,0.0032265186309814453,1.9073486328125e-06,2.384185791015625e-07
46,0.005928993225097656,1.6689300537109375e-06,4.76837158203125e-07
47,0.004887104034423828,1.6689300537109375e-06,2.384185791015625e-07
48,0.003551006317138672,1.6689300537109375e-06,2.384185791015625e-07
49,0.0047152042388916016,1.9073486328125e-06,2.384185791015625e-07
50,0.005208492279052734,1.9073486328125e-06,2.384185791015625e-07
51,0.003926992416381836,1.6689300537109375e-06,4.76837158203125e-07
52,0.0037550926208496094,1.6689300537109375e-06,2.384185791015625e-07
53,0.003246307373046875,2.1457672119140625e-06,2.384185791015625e-07
54,0.0033292770385742188,1.9073486328125e-06,4.76837158203125e-07
55,0.003278493881225586,2.1457672119140625e-06,2.384185791015625e-07
56,0.0023839473724365234,3.0994415283203125e-06,4.76837158203125e-07
57,0.004105806350708008,1.6689300537109375e-06,2.384185791015625e-07
58,0.004171609878540039,1.9073486328125e-06,2.384185791015625e-07
59,0.0047299861907958984,1.6689300537109375e-06,2.384185791015625e-07
60,0.003058910369873047,1.6689300537109375e-06,4.76837158203125e-07
61,0.0038590431213378906,2.384185791015625e-06,2.384185791015625e-07
62,0.003683805465698242,1.6689300537109375e-06,2.384185791015625e-07
63,0.0029528141021728516,1.6689300537109375e-06,2.384185791015625e-07
64,0.004296779632568359,1.6689300537109375e-06,4.76837158203125e-07
65,0.002854585647583008,1.9073486328125e-06,2.384185791015625e-07
66,0.0012738704681396484,2.1457672119140625e-06,4.76837158203125e-07
67,0.0024785995483398438,1.9073486328125e-06,4.76837158203125e-07
68,0.003146648406982422,1.9073486328125e-06,4.76837158203125e-07
69,0.00232696533203125,1.6689300537109375e-06,2.384185791015625e-07
70,0.002640247344970703,1.9073486328125e-06,2.384185791015625e-07
71,0.0022149085998535156,1.9073486328125e-06,2.384185791015625e-07
72,0.0016384124755859375,1.6689300537109375e-06,2.384185791015625e-07
73,0.001844167709350586,2.1457672119140625e-06,2.384185791015625e-07
74,0.002421855926513672,1.6689300537109375e-06,2.384185791015625e-07
75,0.002684354782104492,1.9073486328125e-06,2.384185791015625e-07
76,0.003139019012451172,1.9073486328125e-06,4.76837158203125e-07
77,0.0031583309173583984,2.1457672119140625e-06,4.76837158203125e-07
78,0.0027289390563964844,1.430511474609375e-06,4.76837158203125e-07
79,0.0022110939025878906,1.6689300537109375e-06,7.152557373046875e-07
80,0.004004478454589844,2.1457672119140625e-06,2.384185791015625e-07
81,0.0038776397705078125,3.0994415283203125e-06,2.384185791015625e-07
82,0.0030066967010498047,2.1457672119140625e-06,2.384185791015625e-07
83,0.003975629806518555,1.9073486328125e-06,4.76837158203125e-07
84,0.001971006393432617,2.1457672119140625e-06,2.384185791015625e-07
85,0.002526521682739258,2.1457672119140625e-06,2.384185791015625e-07
86,0.0021872520446777344,1.9073486328125e-06,2.384185791015625e-07
87,0.0020830631256103516,2.1457672119140625e-06,2.384185791015625e-07
88,0.003407716751098633,1.9073486328125e-06,2.384185791015625e-07
89,0.003057241439819336,2.1457672119140625e-06,7.152557373046875e-07
90,0.0023529529571533203,1.9073486328125e-06,2.384185791015625e-07
91,0.002057313919067383,2.1457672119140625e-06,2.384185791015625e-07
92,0.00296783447265625,1.9073486328125e-06,2.384185791015625e-07
93,0.0026116371154785156,2.1457672119140625e-06,2.384185791015625e-07
94,0.0024459362030029297,1.430511474609375e-06,4.76837158203125e-07
95,0.0024423599243164062,1.6689300537109375e-06,2.384185791015625e-07
96,0.003046274185180664,1.6689300537109375e-06,2.384185791015625e-07
97,0.0028581619262695312,1.6689300537109375e-06,2.384185791015625e-07
98,0.0024831295013427734,1.9073486328125e-06,2.384185791015625e-07
99,0.0015113353729248047,1.6689300537109375e-06,2.384185791015625e-07
100,0.0033440589904785156,1.9073486328125e-06,2.384185791015625e-07
101,0.0034868717193603516,1.6689300537109375e-06,4.76837158203125e-07
102,0.0022335052490234375,1.6689300537109375e-06,2.384185791015625e-07
103,0.004607677459716797,1.9073486328125e-06,4.76837158203125e-07
104,0.0032165050506591797,2.1457672119140625e-06,4.76837158203125e-07
105,0.001840353012084961,1.9073486328125e-06,2.384185791015625e-07
106,0.002381563186645508,1.6689300537109375e-06,2.384185791015625e-07
107,0.0026171207427978516,2.6226043701171875e-06,4.76837158203125e-07
108,0.0023987293243408203,1.6689300537109375e-06,2.384185791015625e-07
109,0.002756834030151367,2.1457672119140625e-06,2.384185791015625e-07
110,0.0033278465270996094,1.6689300537109375e-06,2.384185791015625e-07
111,0.0038318634033203125,1.9073486328125e-06,2.384185791015625e-07
112,0.002756357192993164,1.6689300537109375e-06,2.384185791015625e-07
113,0.0036084651947021484,1.9073486328125e-06,2.384185791015625e-07
114,0.0038073062896728516,1.9073486328125e-06,2.384185791015625e-07
115,0.0025899410247802734,2.1457672119140625e-06,2.384185791015625e-07
116,0.00328826904296875,2.1457672119140625e-06,4.76837158203125e-07
117,0.0027341842651367188,1.9073486328125e-06,2.384185791015625e-07
118,0.00351715087890625,2.1457672119140625e-06,2.384185791015625e-07
119,0.0033690929412841797,1.9073486328125e-06,2.384185791015625e-07
120,0.0030138492584228516,1.6689300537109375e-06,2.384185791015625e-07
121,0.0036525726318359375,1.9073486328125e-06,4.76837158203125e-07
122,0.002763509750366211,1.9073486328125e-06,2.384185791015625e-07
123,0.002657651901245117,2.1457672119140625e-06,4.76837158203125e-07
124,0.0027513504028320312,1.9073486328125e-06,2.384185791015625e-07
125,0.0038514137268066406,1.9073486328125e-06,2.384185791015625e-07
126,0.002822399139404297,2.1457672119140625e-06,2.384185791015625e-07
127,0.003679037094116211,2.1457672119140625e-06,2.384185791015625e-07
128,0.003062009811401367,2.1457672119140625e-06,4.76837158203125e-07
129,0.0037689208984375,1.6689300537109375e-06,4.76837158203125e-07
130,0.003484964370727539,2.1457672119140625e-06,4.76837158203125e-07
131,0.003821134567260742,2.1457672119140625e-06,4.76837158203125e-07
132,0.0017845630645751953,1.6689300537109375e-06,2.384185791015625e-07
133,0.003670215606689453,1.9073486328125e-06,2.384185791015625e-07
134,0.0020928382873535156,1.6689300537109375e-06,2.384185791015625e-07
135,0.003023386001586914,1.9073486328125e-06,2.384185791015625e-07
136,0.003482818603515625,1.6689300537109375e-06,2.384185791015625e-07
137,0.0018324851989746094,1.6689300537109375e-06,2.384185791015625e-07
138,0.002597808837890625,1.9073486328125e-06,2.384185791015625e-07
139,0.0033800601959228516,1.6689300537109375e-06,2.384185791015625e-07
140,0.0036101341247558594,2.1457672119140625e-06,4.76837158203125e-07
141,0.003081798553466797,1.9073486328125e-06,2.384185791015625e-07
142,0.0024335384368896484,2.1457672119140625e-06,4.76837158203125e-07
143,0.002980947494506836,2.1457672119140625e-06,2.384185791015625e-07
144,0.003688335418701172,2.1457672119140625e-06,2.384185791015625e-07
145,0.002551555633544922,2.1457672119140625e-06,2.384185791015625e-07
146,0.003831624984741211,1.6689300537109375e-06,2.384185791015625e-07
147,0.0033283233642578125,1.9073486328125e-06,2.384185791015625e-07
148,0.0034673213958740234,1.9073486328125e-06,2.384185791015625e-07
149,0.0037407875061035156,2.1457672119140625e-06,2.384185791015625e-07
150,0.0036072731018066406,1.9073486328125e-06,2.384185791015625e-07
151,0.0030465126037597656,2.1457672119140625e-06,2.384185791015625e-07
152,0.0029296875,1.9073486328125e-06,2.384185791015625e-07
153,0.003052949905395508,1.9073486328125e-06,2.384185791015625e-07
154,0.0030782222747802734,1.9073486328125e-06,4.76837158203125e-07
155,0.003532886505126953,2.1457672119140625e-06,2.384185791015625e-07
156,0.0035278797149658203,2.1457672119140625e-06,4.76837158203125e-07
157,0.002861499786376953,1.9073486328125e-06,2.384185791015625e-07
158,0.002016782760620117,2.1457672119140625e-06,2.384185791015625e-07
159,0.003409147262573242,1.9073486328125e-06,2.384185791015625e-07
160,0.0034792423248291016,2.1457672119140625e-06,2.384185791015625e-07
161,0.0022916793823242188,1.6689300537109375e-06,2.384185791015625e-07
162,0.003108501434326172,2.1457672119140625e-06,2.384185791015625e-07
163,0.003154754638671875,1.9073486328125e-06,2.384185791015625e-07
164,0.0035219192504882812,1.9073486328125e-06,4.76837158203125e-07
165,0.0029816627502441406,1.9073486328125e-06,2.384185791015625e-07
166,0.002607583999633789,1.9073486328125e-06,2.384185791015625e-07
167,0.0029382705688476562,2.384185791015625e-06,2.384185791015625e-07
168,0.0032243728637695312,1.9073486328125e-06,2.384185791015625e-07
169,0.002884387969970703,1.6689300537109375e-06,2.384185791015625e-07
170,0.003209829330444336,1.9073486328125e-06,2.384185791015625e-07
171,0.0021326541900634766,1.6689300537109375e-06,2.384185791015625e-07
172,0.0023844242095947266,1.6689300537109375e-06,2.384185791015625e-07
173,0.0034012794494628906,1.9073486328125e-06,2.384185791015625e-07
174,0.003409862518310547,1.9073486328125e-06,4.76837158203125e-07
175,0.002988100051879883,1.6689300537109375e-06,2.384185791015625e-07
176,0.0033066272735595703,1.9073486328125e-06,2.384185791015625e-07
177,0.0032372474670410156,1.9073486328125e-06,2.384185791015625e-07
178,0.003455638885498047,2.1457672119140625e-06,2.384185791015625e-07
179,0.0028951168060302734,2.1457672119140625e-06,2.384185791015625e-07
180,0.002936840057373047,2.1457672119140625e-06,4.76837158203125e-07
181,0.0030660629272460938,2.384185791015625e-06,2.384185791015625e-07
182,0.0034399032592773438,1.9073486328125e-06,2.384185791015625e-07
183,0.0035445690155029297,1.6689300537109375e-06,2.384185791015625e-07
184,0.0023047924041748047,2.384185791015625e-06,2.384185791015625e-07
185,0.0028095245361328125,1.6689300537109375e-06,4.76837158203125e-07
186,0.003248453140258789,2.1457672119140625e-06,2.384185791015625e-07
187,0.003324747085571289,1.6689300537109375e-06,2.384185791015625e-07
188,0.002017974853515625,2.384185791015625e-06,2.384185791015625e-07
189,0.0029735565185546875,1.9073486328125e-06,2.384185791015625e-07
190,0.0032024383544921875,1.430511474609375e-06,2.384185791015625e-07
191,0.0029010772705078125,2.1457672119140625e-06,4.76837158203125e-07
192,0.0026264190673828125,1.9073486328125e-06,2.384185791015625e-07
193,0.0028917789459228516,2.1457672119140625e-06,4.76837158203125e-07
194,0.0035872459411621094,1.9073486328125e-06,2.384185791015625e-07
195,0.0031118392944335938,1.9073486328125e-06,2.384185791015625e-07
196,0.0027565956115722656,1.9073486328125e-06,2.384185791015625e-07
197,0.002825021743774414,1.9073486328125e-06,2.384185791015625e-07
198,0.0032896995544433594,2.1457672119140625e-06,2.384185791015625e-07
199,0.0034818649291992188,1.9073486328125e-06,4.76837158203125e-07
200,0.002956390380859375,1.9073486328125e-06,2.384185791015625e-07
201,0.003111124038696289,2.1457672119140625e-06,4.76837158203125e-07
202,0.0029277801513671875,1.6689300537109375e-06,4.76837158203125e-07
203,0.0027413368225097656,1.430511474609375e-06,2.384185791015625e-07
204,0.003443002700805664,2.1457672119140625e-06,2.384185791015625e-07
205,0.0031349658966064453,1.6689300537109375e-06,2.384185791015625e-07
206,0.00299835205078125,1.9073486328125e-06,2.384185791015625e-07
207,0.002700328826904297,1.6689300537109375e-06,2.384185791015625e-07
208,0.002624988555908203,1.6689300537109375e-06,4.76837158203125e-07
209,0.0026950836181640625,2.384185791015625e-06,2.384185791015625e-07
210,0.0028595924377441406,2.6226043701171875e-06,2.384185791015625e-07
211,0.0030243396759033203,1.9073486328125e-06,2.384185791015625e-07
212,0.003083944320678711,2.1457672119140625e-06,2.384185791015625e-07
213,0.0037376880645751953,2.1457672119140625e-06,4.76837158203125e-07
214,0.002901315689086914,2.1457672119140625e-06,2.384185791015625e-07
215,0.002866983413696289,2.1457672119140625e-06,2.384185791015625e-07
216,0.0032379627227783203,1.9073486328125e-06,2.384185791015625e-07
217,0.002810955047607422,2.1457672119140625e-06,2.384185791015625e-07
218,0.002567291259765625,1.9073486328125e-06,4.76837158203125e-07
219,0.002402782440185547,1.9073486328125e-06,2.384185791015625e-07
220,0.002995014190673828,2.1457672119140625e-06,2.384185791015625e-07
221,0.002599954605102539,1.9073486328125e-06,2.384185791015625e-07
222,0.002608776092529297,2.384185791015625e-06,2.384185791015625e-07
223,0.0019881725311279297,2.1457672119140625e-06,2.384185791015625e-07
224,0.0021295547485351562,1.9073486328125e-06,2.384185791015625e-07
225,0.002408266067504883,2.1457672119140625e-06,4.76837158203125e-07
226,0.0030677318572998047,1.9073486328125e-06,2.384185791015625e-07
227,0.0026793479919433594,1.9073486328125e-06,2.384185791015625e-07
228,0.0014357566833496094,1.71661376953125e-05,2.384185791015625e-07
229,0.0017940998077392578,2.1457672119140625e-06,4.76837158203125e-07
230,0.0019040107727050781,1.9073486328125e-06,2.384185791015625e-07
231,0.002761363983154297,1.6689300537109375e-06,2.384185791015625e-07
232,0.024804115295410156,1.9073486328125e-06,2.384185791015625e-07
233,0.0017838478088378906,1.9073486328125e-06,2.384185791015625e-07
234,0.0029990673065185547,1.9073486328125e-06,4.76837158203125e-07
235,0.002672910690307617,2.1457672119140625e-06,2.384185791015625e-07
236,0.0019364356994628906,1.6689300537109375e-06,2.384185791015625e-07
237,0.002196073532104492,1.6689300537109375e-06,2.384185791015625e-07
238,0.0026569366455078125,1.6689300537109375e-06,2.384185791015625e-07
239,0.0021042823791503906,1.9073486328125e-06,4.76837158203125e-07
240,0.002678394317626953,1.9073486328125e-06,2.384185791015625e-07
241,0.002838134765625,1.6689300537109375e-06,2.384185791015625e-07
242,0.0023436546325683594,1.6689300537109375e-06,2.384185791015625e-07
243,0.0026884078979492188,2.1457672119140625e-06,2.384185791015625e-07
244,0.001918792724609375,1.6689300537109375e-06,2.384185791015625e-07
245,0.0031595230102539062,1.6689300537109375e-06,2.384185791015625e-07
246,0.0024919509887695312,1.6689300537109375e-06,2.384185791015625e-07
247,0.002491474151611328,1.6689300537109375e-06,2.384185791015625e-07
248,0.0017819404602050781,1.6689300537109375e-06,2.384185791015625e-07
249,0.0028471946716308594,1.9073486328125e-06,2.384185791015625e-07
250,0.0026750564575195312,1.6689300537109375e-06,2.384185791015625e-07
251,0.0025177001953125,1.430511474609375e-06,2.384185791015625e-07
252,0.002164602279663086,1.9073486328125e-06,4.76837158203125e-07
253,0.002296924591064453,1.6689300537109375e-06,2.384185791015625e-07
254,0.0026667118072509766,1.6689300537109375e-06,2.384185791015625e-07
255,0.002568960189819336,1.9073486328125e-06,2.384185791015625e-07
256,0.001790761947631836,1.6689300537109375e-06,2.384185791015625e-07
257,0.0019240379333496094,1.6689300537109375e-06,4.76837158203125e-07
258,0.002259492874145508,1.6689300537109375e-06,2.384185791015625e-07
259,0.0020704269409179688,1.6689300537109375e-06,2.384185791015625e-07
260,0.0023224353790283203,1.9073486328125e-06,2.384185791015625e-07
261,0.003021240234375,1.6689300537109375e-06,2.384185791015625e-07
262,0.002534151077270508,2.384185791015625e-06,2.384185791015625e-07
263,0.002585172653198242,1.9073486328125e-06,2.384185791015625e-07
264,0.003242969512939453,1.9073486328125e-06,2.384185791015625e-07
265,0.002856016159057617,2.1457672119140625e-06,2.384185791015625e-07
266,0.002870321273803711,2.1457672119140625e-06,2.384185791015625e-07
267,0.0015316009521484375,1.9073486328125e-06,7.152557373046875e-07
268,0.0022869110107421875,1.9073486328125e-06,2.384185791015625e-07
269,0.0029947757720947266,1.9073486328125e-06,2.384185791015625e-07
270,0.0029973983764648438,1.6689300537109375e-06,2.384185791015625e-07
271,0.0028336048126220703,2.1457672119140625e-06,2.384185791015625e-07
272,0.002906322479248047,1.6689300537109375e-06,2.384185791015625e-07
273,0.0029900074005126953,1.6689300537109375e-06,2.384185791015625e-07
274,0.0023212432861328125,1.6689300537109375e-06,2.384185791015625e-07
275,0.0030510425567626953,1.9073486328125e-06,2.384185791015625e-07
276,0.002651214599609375,1.9073486328125e-06,2.384185791015625e-07
277,0.0027265548706054688,1.9073486328125e-06,2.384185791015625e-07
278,0.002666473388671875,1.6689300537109375e-06,4.76837158203125e-07
279,0.0031366348266601562,1.6689300537109375e-06,2.384185791015625e-07
280,0.003100872039794922,1.9073486328125e-06,2.384185791015625e-07
281,0.0026633739471435547,1.6689300537109375e-06,2.384185791015625e-07
282,0.0027878284454345703,1.9073486328125e-06,4.76837158203125e-07
283,0.0025386810302734375,1.9073486328125e-06,2.384185791015625e-07
284,0.002682209014892578,1.9073486328125e-06,2.384185791015625e-07
285,0.002760648727416992,1.9073486328125e-06,4.76837158203125e-07
286,0.003369569778442383,1.6689300537109375e-06,2.384185791015625e-07
287,0.00235748291015625,1.6689300537109375e-06,2.384185791015625e-07
288,0.003068208694458008,1.6689300537109375e-06,2.384185791015625e-07
289,0.0029168128967285156,1.6689300537109375e-06,2.384185791015625e-07
290,0.0022346973419189453,1.6689300537109375e-06,7.152557373046875e-07
291,0.0025610923767089844,2.1457672119140625e-06,4.76837158203125e-07
292,0.002527475357055664,1.9073486328125e-06,4.76837158203125e-07
293,0.0022249221801757812,1.9073486328125e-06,2.384185791015625e-07
294,0.0027823448181152344,2.1457672119140625e-06,2.384185791015625e-07
295,0.0026750564575195312,1.9073486328125e-06,2.384185791015625e-07
296,0.002918720245361328,2.1457672119140625e-06,2.384185791015625e-07
297,0.0025703907012939453,2.1457672119140625e-06,2.384185791015625e-07
298,0.002843618392944336,1.9073486328125e-06,2.384185791015625e-07
299,0.0034880638122558594,1.9073486328125e-06,2.384185791015625e-07
300,0.002242565155029297,1.9073486328125e-06,2.384185791015625e-07
301,0.0029230117797851562,2.6226043701171875e-06,2.384185791015625e-07
302,0.0027446746826171875,1.430511474609375e-06,2.384185791015625e-07
303,0.002187490463256836,2.1457672119140625e-06,2.384185791015625e-07
304,0.002319812774658203,1.6689300537109375e-06,2.384185791015625e-07
305,0.002898693084716797,2.1457672119140625e-06,2.384185791015625e-07
306,0.0023899078369140625,2.1457672119140625e-06,2.384185791015625e-07
307,0.0023114681243896484,1.6689300537109375e-06,2.384185791015625e-07
308,0.003188610076904297,2.1457672119140625e-06,4.76837158203125e-07
309,0.00284576416015625,1.6689300537109375e-06,4.76837158203125e-07
310,0.002115011215209961,1.9073486328125e-06,2.384185791015625e-07
311,0.0023679733276367188,1.9073486328125e-06,2.384185791015625e-07
312,0.0026721954345703125,2.384185791015625e-06,2.384185791015625e-07
313,0.0019829273223876953,1.9073486328125e-06,2.384185791015625e-07
314,0.002435445785522461,1.9073486328125e-06,2.384185791015625e-07
315,0.003108501434326172,1.6689300537109375e-06,4.76837158203125e-07
316,0.0023136138916015625,1.9073486328125e-06,2.384185791015625e-07
317,0.002320528030395508,1.6689300537109375e-06,2.384185791015625e-07
318,0.0026636123657226562,1.9073486328125e-06,2.384185791015625e-07
319,0.0022420883178710938,1.6689300537109375e-06,2.384185791015625e-07
320,0.0030412673950195312,1.9073486328125e-06,4.76837158203125e-07
321,0.0029799938201904297,2.1457672119140625e-06,2.384185791015625e-07
322,0.003558635711669922,1.6689300537109375e-06,2.384185791015625e-07
323,0.003030061721801758,1.6689300537109375e-06,2.384185791015625e-07
324,0.0032796859741210938,1.9073486328125e-06,2.384185791015625e-07
325,0.002821683883666992,1.430511474609375e-06,2.384185791015625e-07
326,0.003093719482421875,1.6689300537109375e-06,2.384185791015625e-07
327,0.002518892288208008,2.1457672119140625e-06,2.384185791015625e-07
328,0.003221273422241211,1.9073486328125e-06,2.384185791015625e-07
329,0.002999544143676758,2.384185791015625e-06,2.384185791015625e-07
330,0.0023658275604248047,1.9073486328125e-06,2.384185791015625e-07
331,0.0033593177795410156,1.6689300537109375e-06,2.384185791015625e-07
332,0.002660512924194336,1.6689300537109375e-06,2.384185791015625e-07
333,0.002524137496948242,1.9073486328125e-06,2.384185791015625e-07
334,0.002627849578857422,1.6689300537109375e-06,2.384185791015625e-07
335,0.00318145751953125,1.9073486328125e-06,2.384185791015625e-07
336,0.0031430721282958984,2.6226043701171875e-06,2.384185791015625e-07
337,0.002653837203979492,1.6689300537109375e-06,2.384185791015625e-07
338,0.002733469009399414,1.9073486328125e-06,2.384185791015625e-07
339,0.0027167797088623047,1.6689300537109375e-06,2.384185791015625e-07
340,0.0028650760650634766,1.9073486328125e-06,2.384185791015625e-07
341,0.0027010440826416016,1.9073486328125e-06,2.384185791015625e-07
342,0.0030121803283691406,1.9073486328125e-06,0.0
343,0.0030698776245117188,2.1457672119140625e-06,4.76837158203125e-07
344,0.0029311180114746094,2.1457672119140625e-06,2.384185791015625e-07
345,0.0029675960540771484,2.384185791015625e-06,2.384185791015625e-07
346,0.002562999725341797,1.9073486328125e-06,2.384185791015625e-07
347,0.0025839805603027344,1.9073486328125e-06,2.384185791015625e-07
348,0.0022373199462890625,1.9073486328125e-06,2.384185791015625e-07
349,0.0020685195922851562,2.384185791015625e-06,4.76837158203125e-07
350,0.002363443374633789,2.1457672119140625e-06,2.384185791015625e-07
351,0.0023174285888671875,1.9073486328125e-06,2.384185791015625e-07
352,0.002435445785522461,1.9073486328125e-06,2.384185791015625e-07
353,0.0032312870025634766,1.9073486328125e-06,2.384185791015625e-07
354,0.0027866363525390625,1.6689300537109375e-06,2.384185791015625e-07
355,0.0025522708892822266,1.6689300537109375e-06,2.384185791015625e-07
356,0.002645254135131836,1.9073486328125e-06,2.384185791015625e-07
357,0.0023272037506103516,2.1457672119140625e-06,2.384185791015625e-07
358,0.002588987350463867,1.9073486328125e-06,7.152557373046875e-07
359,0.003587007522583008,1.6689300537109375e-06,2.384185791015625e-07
360,0.0020284652709960938,1.6689300537109375e-06,2.384185791015625e-07
361,0.0031311511993408203,1.6689300537109375e-06,4.76837158203125e-07
362,0.0026760101318359375,1.6689300537109375e-06,2.384185791015625e-07
363,0.002927064895629883,1.9073486328125e-06,2.384185791015625e-07
364,0.0025496482849121094,1.6689300537109375e-06,2.384185791015625e-07
365,0.0024297237396240234,1.9073486328125e-06,4.76837158203125e-07
366,0.002523183822631836,2.1457672119140625e-06,2.384185791015625e-07
367,0.002824544906616211,1.6689300537109375e-06,2.384185791015625e-07
368,0.004004955291748047,2.384185791015625e-06,2.384185791015625e-07
369,0.0028564929962158203,1.9073486328125e-06,2.384185791015625e-07
370,0.0027937889099121094,1.6689300537109375e-06,2.384185791015625e-07
371,0.002167224884033203,1.430511474609375e-06,2.384185791015625e-07
372,0.003359556198120117,2.1457672119140625e-06,2.384185791015625e-07
373,0.002298593521118164,1.6689300537109375e-06,2.384185791015625e-07
374,0.0032501220703125,2.384185791015625e-06,2.384185791015625e-07
375,0.0019524097442626953,1.9073486328125e-06,2.384185791015625e-07
376,0.002588987350463867,1.9073486328125e-06,4.76837158203125e-07
377,0.0023598670959472656,1.6689300537109375e-06,2.384185791015625e-07
378,0.0023856163024902344,1.430511474609375e-06,2.384185791015625e-07
379,0.0029931068420410156,1.9073486328125e-06,2.384185791015625e-07
380,0.002771139144897461,1.9073486328125e-06,2.384185791015625e-07
381,0.002073049545288086,2.384185791015625e-06,2.384185791015625e-07
382,0.002402067184448242,1.9073486328125e-06,4.76837158203125e-07
383,0.002437591552734375,1.6689300537109375e-06,2.384185791015625e-07
384,0.0029249191284179688,1.6689300537109375e-06,2.384185791015625e-07
385,0.0028710365295410156,2.1457672119140625e-06,2.384185791015625e-07
386,0.0023593902587890625,1.9073486328125e-06,4.76837158203125e-07
387,0.0030639171600341797,1.6689300537109375e-06,2.384185791015625e-07
388,0.0027294158935546875,1.6689300537109375e-06,2.384185791015625e-07
389,0.002377748489379883,1.6689300537109375e-06,2.384185791015625e-07
390,0.0030024051666259766,2.1457672119140625e-06,2.384185791015625e-07
391,0.0024802684783935547,2.1457672119140625e-06,2.384185791015625e-07
392,0.0021975040435791016,1.9073486328125e-06,2.384185791015625e-07
393,0.0033850669860839844,1.6689300537109375e-06,2.384185791015625e-07
394,0.0019817352294921875,2.1457672119140625e-06,2.384185791015625e-07
395,0.0026586055755615234,2.1457672119140625e-06,2.384185791015625e-07
396,0.002949953079223633,1.9073486328125e-06,2.384185791015625e-07
397,0.003622293472290039,2.384185791015625e-06,4.76837158203125e-07
398,0.0030622482299804688,2.384185791015625e-06,4.76837158203125e-07
399,0.0022706985473632812,1.9073486328125e-06,4.76837158203125e-07
400,0.003220081329345703,1.9073486328125e-06,4.76837158203125e-07
401,0.0025353431701660156,1.6689300537109375e-06,2.384185791015625e-07
402,0.0023818016052246094,1.9073486328125e-06,2.384185791015625e-07
403,0.002844572067260742,2.1457672119140625e-06,2.384185791015625e-07
404,0.002087116241455078,1.9073486328125e-06,4.76837158203125e-07
405,0.0022935867309570312,1.9073486328125e-06,4.76837158203125e-07
406,0.0023734569549560547,1.9073486328125e-06,2.384185791015625e-07
407,0.0024797916412353516,2.1457672119140625e-06,2.384185791015625e-07
408,0.0021114349365234375,2.1457672119140625e-06,7.152557373046875e-07
409,0.002354860305786133,2.1457672119140625e-06,2.384185791015625e-07
410,0.0022013187408447266,2.1457672119140625e-06,2.384185791015625e-07
411,0.0020782947540283203,1.9073486328125e-06,4.76837158203125e-07
412,0.002386808395385742,1.9073486328125e-06,4.76837158203125e-07
413,0.002743244171142578,2.1457672119140625e-06,2.384185791015625e-07
414,0.002252340316772461,2.1457672119140625e-06,2.384185791015625e-07
415,0.0023767948150634766,1.9073486328125e-06,2.384185791015625e-07
416,0.002423524856567383,2.1457672119140625e-06,2.384185791015625e-07
417,0.0023164749145507812,1.9073486328125e-06,4.76837158203125e-07
418,0.0026123523712158203,2.384185791015625e-06,2.384185791015625e-07
419,0.002173185348510742,1.9073486328125e-06,2.384185791015625e-07
420,0.0026938915252685547,2.384185791015625e-06,2.384185791015625e-07
421,0.0019888877868652344,1.9073486328125e-06,2.384185791015625e-07
422,0.002523183822631836,1.9073486328125e-06,0.0
423,0.0018384456634521484,2.1457672119140625e-06,2.384185791015625e-07
424,0.0029480457305908203,1.6689300537109375e-06,2.384185791015625e-07
425,0.0027222633361816406,1.9073486328125e-06,2.384185791015625e-07
426,0.0024366378784179688,1.9073486328125e-06,2.384185791015625e-07
427,0.0018155574798583984,2.1457672119140625e-06,2.384185791015625e-07
428,0.002396106719970703,2.1457672119140625e-06,2.384185791015625e-07
429,0.001968860626220703,1.9073486328125e-06,2.384185791015625e-07
430,0.0019969940185546875,2.1457672119140625e-06,2.384185791015625e-07
431,0.0023741722106933594,2.1457672119140625e-06,2.384185791015625e-07
432,0.002448558807373047,2.1457672119140625e-06,4.76837158203125e-07
433,0.002144336700439453,1.9073486328125e-06,2.384185791015625e-07
434,0.002541780471801758,1.9073486328125e-06,2.384185791015625e-07
435,0.003084421157836914,1.9073486328125e-06,2.384185791015625e-07
436,0.0026082992553710938,1.9073486328125e-06,7.152557373046875e-07
437,0.0025386810302734375,2.1457672119140625e-06,2.384185791015625e-07
438,0.0029039382934570312,1.9073486328125e-06,2.384185791015625e-07
439,0.002595663070678711,2.1457672119140625e-06,2.384185791015625e-07
440,0.0025398731231689453,1.9073486328125e-06,2.384185791015625e-07
441,0.002634763717651367,1.9073486328125e-06,7.152557373046875e-07
442,0.0031137466430664062,1.9073486328125e-06,2.384185791015625e-07
443,0.002139568328857422,2.1457672119140625e-06,2.384185791015625e-07
444,0.0029392242431640625,1.9073486328125e-06,2.384185791015625e-07
445,0.0020148754119873047,1.6689300537109375e-06,2.384185791015625e-07
446,0.0024728775024414062,2.1457672119140625e-06,4.76837158203125e-07
447,0.0028600692749023438,1.6689300537109375e-06,2.384185791015625e-07
448,0.0033524036407470703,1.6689300537109375e-06,4.76837158203125e-07
449,0.0027909278869628906,2.1457672119140625e-06,2.384185791015625e-07
450,0.002336740493774414,1.9073486328125e-06,2.384185791015625e-07
451,0.0024445056915283203,1.6689300537109375e-06,2.384185791015625e-07
452,0.0023641586303710938,1.9073486328125e-06,2.384185791015625e-07
453,0.0025539398193359375,1.9073486328125e-06,2.384185791015625e-07
454,0.001943349838256836,1.9073486328125e-06,2.384185791015625e-07
455,0.0028944015502929688,1.9073486328125e-06,2.384185791015625e-07
456,0.0028257369995117188,2.1457672119140625e-06,2.384185791015625e-07
457,0.002632617950439453,1.6689300537109375e-06,2.384185791015625e-07
458,0.0027773380279541016,1.6689300537109375e-06,2.384185791015625e-07
459,0.0028409957885742188,1.9073486328125e-06,4.76837158203125e-07
460,0.0027091503143310547,1.9073486328125e-06,2.384185791015625e-07
461,0.0021359920501708984,1.430511474609375e-06,2.384185791015625e-07
462,0.002516031265258789,1.6689300537109375e-06,2.384185791015625e-07
463,0.002193927764892578,1.6689300537109375e-06,2.384185791015625e-07
464,0.0024178028106689453,2.384185791015625e-06,2.384185791015625e-07
465,0.0025267601013183594,1.6689300537109375e-06,2.384185791015625e-07
466,0.002660989761352539,1.430511474609375e-06,2.384185791015625e-07
467,0.0023076534271240234,1.9073486328125e-06,2.384185791015625e-07
468,0.0023467540740966797,1.6689300537109375e-06,2.384185791015625e-07
469,0.002157449722290039,1.430511474609375e-06,2.384185791015625e-07
470,0.003050088882446289,1.6689300537109375e-06,2.384185791015625e-07
471,0.003165721893310547,1.9073486328125e-06,4.76837158203125e-07
472,0.0028791427612304688,1.9073486328125e-06,2.384185791015625e-07
473,0.00218963623046875,1.9073486328125e-06,4.76837158203125e-07
474,0.0025625228881835938,1.9073486328125e-06,2.384185791015625e-07
475,0.002104043960571289,1.6689300537109375e-06,4.76837158203125e-07
476,0.002498626708984375,1.9073486328125e-06,2.384185791015625e-07
477,0.0021970272064208984,1.430511474609375e-06,4.76837158203125e-07
478,0.002960681915283203,1.6689300537109375e-06,4.76837158203125e-07
479,0.0023403167724609375,1.9073486328125e-06,2.384185791015625e-07
480,0.0026483535766601562,1.6689300537109375e-06,2.384185791015625e-07
481,0.0020356178283691406,1.6689300537109375e-06,4.76837158203125e-07
482,0.0022325515747070312,1.6689300537109375e-06,2.384185791015625e-07
483,0.0030612945556640625,1.6689300537109375e-06,2.384185791015625e-07
484,0.0026493072509765625,1.6689300537109375e-06,2.384185791015625e-07
485,0.0021963119506835938,1.9073486328125e-06,2.384185791015625e-07
486,0.002504587173461914,1.6689300537109375e-06,2.384185791015625e-07
487,0.0019047260284423828,1.6689300537109375e-06,4.76837158203125e-07
488,0.0026836395263671875,1.9073486328125e-06,2.384185791015625e-07
489,0.0027170181274414062,2.1457672119140625e-06,2.384185791015625e-07
490,0.0029926300048828125,1.9073486328125e-06,4.76837158203125e-07
491,0.0026950836181640625,1.430511474609375e-06,2.384185791015625e-07
492,0.002554178237915039,1.6689300537109375e-06,4.76837158203125e-07
493,0.0020432472229003906,1.9073486328125e-06,2.384185791015625e-07
494,0.0023241043090820312,2.1457672119140625e-06,2.384185791015625e-07
495,0.0030913352966308594,1.9073486328125e-06,2.384185791015625e-07
496,0.002225637435913086,1.6689300537109375e-06,2.384185791015625e-07
497,0.002227783203125,1.9073486328125e-06,7.152557373046875e-07
498,0.0030825138092041016,1.9073486328125e-06,4.76837158203125e-07
499,0.0031671524047851562,1.9073486328125e-06,4.76837158203125e-07
500,0.0030171871185302734,1.9073486328125e-06,2.384185791015625e-07
501,0.00312042236328125,1.9073486328125e-06,2.384185791015625e-07
502,0.002764463424682617,1.9073486328125e-06,2.384185791015625e-07
503,0.0027348995208740234,1.6689300537109375e-06,4.76837158203125e-07
504,0.002958059310913086,1.6689300537109375e-06,2.384185791015625e-07
505,0.002914905548095703,1.6689300537109375e-06,2.384185791015625e-07
506,0.0024204254150390625,1.6689300537109375e-06,4.76837158203125e-07
507,0.003004789352416992,1.9073486328125e-06,4.76837158203125e-07
508,0.0019783973693847656,1.6689300537109375e-06,2.384185791015625e-07
509,0.002721548080444336,2.384185791015625e-06,4.76837158203125e-07
510,0.002739429473876953,2.1457672119140625e-06,4.76837158203125e-07
511,0.003193378448486328,1.9073486328125e-06,2.384185791015625e-07
512,0.0029325485229492188,1.9073486328125e-06,2.384185791015625e-07
513,0.0024983882904052734,1.9073486328125e-06,4.76837158203125e-07
514,0.0023126602172851562,1.9073486328125e-06,2.384185791015625e-07
515,0.003974437713623047,1.9073486328125e-06,4.76837158203125e-07
516,0.003482341766357422,2.1457672119140625e-06,2.384185791015625e-07
517,0.0023908615112304688,2.1457672119140625e-06,2.384185791015625e-07
518,0.0026001930236816406,1.9073486328125e-06,4.76837158203125e-07
519,0.0027654170989990234,1.9073486328125e-06,2.384185791015625e-07
520,0.0024199485778808594,1.9073486328125e-06,4.76837158203125e-07
521,0.0018584728240966797,2.1457672119140625e-06,2.384185791015625e-07
522,0.003499269485473633,1.6689300537109375e-06,2.384185791015625e-07
523,0.002531290054321289,2.1457672119140625e-06,7.152557373046875e-07
524,0.0024886131286621094,1.9073486328125e-06,2.384185791015625e-07
525,0.002721548080444336,1.9073486328125e-06,2.384185791015625e-07
526,0.002033710479736328,1.9073486328125e-06,2.384185791015625e-07
527,0.0025408267974853516,1.9073486328125e-06,4.76837158203125e-07
528,0.003190755844116211,1.9073486328125e-06,4.76837158203125e-07
529,0.002919912338256836,1.9073486328125e-06,2.384185791015625e-07
530,0.0025832653045654297,2.384185791015625e-06,2.384185791015625e-07
531,0.003027200698852539,1.9073486328125e-06,4.76837158203125e-07
532,0.0025229454040527344,2.1457672119140625e-06,4.76837158203125e-07
533,0.002589702606201172,2.1457672119140625e-06,2.384185791015625e-07
534,0.0028600692749023438,1.9073486328125e-06,2.384185791015625e-07
535,0.0027413368225097656,2.1457672119140625e-06,2.384185791015625e-07
536,0.0026628971099853516,1.9073486328125e-06,4.76837158203125e-07
537,0.0021164417266845703,1.6689300537109375e-06,2.384185791015625e-07
538,0.0024938583374023438,1.9073486328125e-06,2.384185791015625e-07
539,0.00244903564453125,1.6689300537109375e-06,2.384185791015625e-07
540,0.002053976058959961,1.9073486328125e-06,2.384185791015625e-07
541,0.0028433799743652344,1.9073486328125e-06,4.76837158203125e-07
542,0.002452850341796875,1.9073486328125e-06,2.384185791015625e-07
543,0.0021636486053466797,1.6689300537109375e-06,2.384185791015625e-07
544,0.0017368793487548828,2.1457672119140625e-06,4.76837158203125e-07
545,0.002450227737426758,1.9073486328125e-06,2.384185791015625e-07
546,0.00255584716796875,1.430511474609375e-06,2.384185791015625e-07
547,0.001974821090698242,1.6689300537109375e-06,2.384185791015625e-07
548,0.00273895263671875,2.1457672119140625e-06,2.384185791015625e-07
549,0.0021648406982421875,2.1457672119140625e-06,4.76837158203125e-07
550,0.0030121803283691406,1.9073486328125e-06,4.76837158203125e-07
551,0.0019116401672363281,1.9073486328125e-06,2.384185791015625e-07
552,0.0028014183044433594,1.9073486328125e-06,2.384185791015625e-07
553,0.002364635467529297,1.430511474609375e-06,2.384185791015625e-07
554,0.002974271774291992,1.6689300537109375e-06,2.384185791015625e-07
555,0.0024924278259277344,1.6689300537109375e-06,7.152557373046875e-07
556,0.0033931732177734375,1.6689300537109375e-06,2.384185791015625e-07
557,0.002875089645385742,1.6689300537109375e-06,2.384185791015625e-07
558,0.00215911865234375,1.6689300537109375e-06,4.76837158203125e-07
559,0.0022912025451660156,1.6689300537109375e-06,2.384185791015625e-07
560,0.0021364688873291016,1.6689300537109375e-06,2.384185791015625e-07
561,0.002563953399658203,1.430511474609375e-06,2.384185791015625e-07
562,0.001951456069946289,1.6689300537109375e-06,2.384185791015625e-07
563,0.0025560855865478516,1.6689300537109375e-06,4.76837158203125e-07
564,0.0026581287384033203,1.6689300537109375e-06,2.384185791015625e-07
565,0.0024025440216064453,1.6689300537109375e-06,4.76837158203125e-07
566,0.002234935760498047,1.6689300537109375e-06,2.384185791015625e-07
567,0.0017654895782470703,1.9073486328125e-06,2.384185791015625e-07
568,0.0023310184478759766,2.6226043701171875e-06,2.384185791015625e-07
569,0.001741170883178711,1.9073486328125e-06,2.384185791015625e-07
570,0.001825094223022461,1.9073486328125e-06,2.384185791015625e-07
571,0.0016705989837646484,1.9073486328125e-06,2.384185791015625e-07
572,0.0019180774688720703,1.6689300537109375e-06,2.384185791015625e-07
573,0.0015532970428466797,1.6689300537109375e-06,2.384185791015625e-07
574,0.0022203922271728516,1.9073486328125e-06,7.152557373046875e-07
575,0.0015959739685058594,1.9073486328125e-06,2.384185791015625e-07
576,0.0021753311157226562,1.430511474609375e-06,2.384185791015625e-07
577,0.0017538070678710938,1.6689300537109375e-06,2.384185791015625e-07
578,0.001775503158569336,1.9073486328125e-06,7.152557373046875e-07
579,0.001188039779663086,1.6689300537109375e-06,4.76837158203125e-07
580,0.0019779205322265625,1.6689300537109375e-06,2.384185791015625e-07
581,0.001863241195678711,1.6689300537109375e-06,2.384185791015625e-07
582,0.0021843910217285156,1.6689300537109375e-06,2.384185791015625e-07
583,0.0014736652374267578,2.1457672119140625e-06,2.384185791015625e-07
584,0.0015742778778076172,1.6689300537109375e-06,2.384185791015625e-07
585,0.0017113685607910156,1.6689300537109375e-06,0.0
586,0.0017724037170410156,1.6689300537109375e-06,2.384185791015625e-07
587,0.00171661376953125,1.6689300537109375e-06,7.152557373046875e-07
588,0.002032756805419922,1.9073486328125e-06,4.76837158203125e-07
589,0.002087116241455078,1.6689300537109375e-06,4.76837158203125e-07
590,0.0015411376953125,2.1457672119140625e-06,2.384185791015625e-07
591,0.0012674331665039062,1.6689300537109375e-06,9.5367431640625e-07
592,0.0015337467193603516,2.1457672119140625e-06,2.384185791015625e-07
593,0.0018761157989501953,1.9073486328125e-06,2.384185791015625e-07
594,0.0015082359313964844,1.6689300537109375e-06,2.384185791015625e-07
595,0.0019116401672363281,1.9073486328125e-06,2.384185791015625e-07
596,0.0016198158264160156,1.9073486328125e-06,2.384185791015625e-07
597,0.0020837783813476562,1.430511474609375e-06,2.384185791015625e-07
598,0.0019218921661376953,2.1457672119140625e-06,2.384185791015625e-07
599,0.0019030570983886719,1.6689300537109375e-06,2.384185791015625e-07
600,0.0019335746765136719,1.6689300537109375e-06,2.384185791015625e-07
601,0.0017712116241455078,1.6689300537109375e-06,2.384185791015625e-07
602,0.0020852088928222656,1.6689300537109375e-06,2.384185791015625e-07
603,0.002429962158203125,1.6689300537109375e-06,2.384185791015625e-07
604,0.0021524429321289062,1.6689300537109375e-06,7.152557373046875e-07
605,0.00191497802734375,1.6689300537109375e-06,2.384185791015625e-07
606,0.0015463829040527344,2.1457672119140625e-06,2.384185791015625e-07
607,0.0015523433685302734,1.9073486328125e-06,2.384185791015625e-07
608,0.002277374267578125,1.6689300537109375e-06,2.384185791015625e-07
609,0.0018334388732910156,1.6689300537109375e-06,2.384185791015625e-07
610,0.0017528533935546875,1.9073486328125e-06,2.384185791015625e-07
611,0.0019991397857666016,2.1457672119140625e-06,4.76837158203125e-07
612,0.0017724037170410156,1.6689300537109375e-06,2.384185791015625e-07
613,0.001855611801147461,1.6689300537109375e-06,4.76837158203125e-07
614,0.0013966560363769531,1.6689300537109375e-06,2.384185791015625e-07
615,0.0018482208251953125,1.6689300537109375e-06,2.384185791015625e-07
616,0.001451730728149414,1.9073486328125e-06,2.384185791015625e-07
617,0.0016846656799316406,1.6689300537109375e-06,4.76837158203125e-07
618,0.0018362998962402344,1.6689300537109375e-06,4.76837158203125e-07
619,0.00167083740234375,1.9073486328125e-06,2.384185791015625e-07
620,0.0015974044799804688,1.6689300537109375e-06,4.76837158203125e-07
621,0.0017611980438232422,1.6689300537109375e-06,2.384185791015625e-07
622,0.0017232894897460938,1.9073486328125e-06,2.384185791015625e-07
623,0.0014214515686035156,1.6689300537109375e-06,4.76837158203125e-07
624,0.0015797615051269531,1.9073486328125e-06,2.384185791015625e-07
625,0.0019838809967041016,1.9073486328125e-06,4.76837158203125e-07
626,0.001661539077758789,2.1457672119140625e-06,2.384185791015625e-07
627,0.0019066333770751953,1.9073486328125e-06,2.384185791015625e-07
628,0.0017843246459960938,1.9073486328125e-06,2.384185791015625e-07
629,0.0019054412841796875,1.9073486328125e-06,2.384185791015625e-07
630,0.0016868114471435547,1.9073486328125e-06,4.76837158203125e-07
631,0.001646280288696289,2.1457672119140625e-06,4.76837158203125e-07
632,0.0014328956604003906,1.9073486328125e-06,2.384185791015625e-07
633,0.0016968250274658203,1.9073486328125e-06,2.384185791015625e-07
634,0.0017464160919189453,1.6689300537109375e-06,4.76837158203125e-07
635,0.0017385482788085938,1.9073486328125e-06,2.384185791015625e-07
636,0.0015180110931396484,1.9073486328125e-06,2.384185791015625e-07
637,0.001798868179321289,1.9073486328125e-06,2.384185791015625e-07
638,0.0021219253540039062,1.9073486328125e-06,2.384185791015625e-07
639,0.0021016597747802734,1.6689300537109375e-06,2.384185791015625e-07
640,0.0019102096557617188,1.6689300537109375e-06,2.384185791015625e-07
641,0.0012865066528320312,1.9073486328125e-06,2.384185791015625e-07
642,0.0018076896667480469,1.9073486328125e-06,2.384185791015625e-07
643,0.0014462471008300781,1.6689300537109375e-06,2.384185791015625e-07
644,0.0014107227325439453,1.6689300537109375e-06,2.384185791015625e-07
645,0.0013706684112548828,1.6689300537109375e-06,4.76837158203125e-07
646,0.0015363693237304688,1.6689300537109375e-06,2.384185791015625e-07
647,0.002504587173461914,1.6689300537109375e-06,4.76837158203125e-07
648,0.002115488052368164,1.9073486328125e-06,2.384185791015625e-07
649,0.002015352249145508,1.9073486328125e-06,2.384185791015625e-07
650,0.0025768280029296875,1.6689300537109375e-06,2.384185791015625e-07
651,0.0023741722106933594,1.430511474609375e-06,2.384185791015625e-07
652,0.002346038818359375,1.430511474609375e-06,2.384185791015625e-07
653,0.0019366741180419922,1.9073486328125e-06,2.384185791015625e-07
654,0.0022351741790771484,1.6689300537109375e-06,2.384185791015625e-07
655,0.0014879703521728516,1.6689300537109375e-06,2.384185791015625e-07
656,0.0025284290313720703,1.9073486328125e-06,2.384185791015625e-07
657,0.0024797916412353516,1.6689300537109375e-06,4.76837158203125e-07
658,0.001998424530029297,1.6689300537109375e-06,2.384185791015625e-07
659,0.0023009777069091797,1.9073486328125e-06,2.384185791015625e-07
660,0.0025353431701660156,1.9073486328125e-06,2.384185791015625e-07
661,0.002638101577758789,1.6689300537109375e-06,4.76837158203125e-07
662,0.0027315616607666016,2.1457672119140625e-06,2.384185791015625e-07
663,0.002072572708129883,1.9073486328125e-06,2.384185791015625e-07
664,0.0025517940521240234,1.6689300537109375e-06,4.76837158203125e-07
665,0.002402782440185547,1.9073486328125e-06,2.384185791015625e-07
666,0.0022122859954833984,1.6689300537109375e-06,2.384185791015625e-07
667,0.002301931381225586,1.6689300537109375e-06,2.384185791015625e-07
668,0.002279520034790039,1.430511474609375e-06,2.384185791015625e-07
669,0.0022902488708496094,1.9073486328125e-06,4.76837158203125e-07
670,0.002149343490600586,1.9073486328125e-06,2.384185791015625e-07
671,0.0020782947540283203,1.9073486328125e-06,2.384185791015625e-07
672,0.0027189254760742188,1.9073486328125e-06,2.384185791015625e-07
673,0.0018773078918457031,1.6689300537109375e-06,2.384185791015625e-07
674,0.002002716064453125,1.9073486328125e-06,4.76837158203125e-07
675,0.0018680095672607422,1.9073486328125e-06,2.384185791015625e-07
676,0.001708984375,1.9073486328125e-06,4.76837158203125e-07
677,0.001828908920288086,2.1457672119140625e-06,4.76837158203125e-07
678,0.002077817916870117,1.9073486328125e-06,2.384185791015625e-07
679,0.0020182132720947266,2.384185791015625e-06,4.76837158203125e-07
680,0.0019903182983398438,1.9073486328125e-06,2.384185791015625e-07
681,0.001962900161743164,1.9073486328125e-06,2.384185791015625e-07
682,0.0014553070068359375,2.1457672119140625e-06,2.384185791015625e-07
683,0.0016951560974121094,2.1457672119140625e-06,2.384185791015625e-07
684,0.0018033981323242188,1.9073486328125e-06,4.76837158203125e-07
685,0.0018880367279052734,2.1457672119140625e-06,4.76837158203125e-07
686,0.0018563270568847656,1.6689300537109375e-06,2.384185791015625e-07
687,0.0018455982208251953,1.9073486328125e-06,2.384185791015625e-07
688,0.0017762184143066406,1.9073486328125e-06,2.384185791015625e-07
689,0.001684427261352539,2.384185791015625e-06,2.384185791015625e-07
690,0.0018587112426757812,2.1457672119140625e-06,2.384185791015625e-07
691,0.0016820430755615234,1.9073486328125e-06,2.384185791015625e-07
692,0.0014750957489013672,1.9073486328125e-06,2.384185791015625e-07
693,0.0016279220581054688,1.9073486328125e-06,2.384185791015625e-07
694,0.001775503158569336,1.9073486328125e-06,4.76837158203125e-07
695,0.00177001953125,2.1457672119140625e-06,4.76837158203125e-07
696,0.0018684864044189453,2.1457672119140625e-06,2.384185791015625e-07
697,0.0017573833465576172,1.9073486328125e-06,2.384185791015625e-07
698,0.0015578269958496094,2.1457672119140625e-06,2.384185791015625e-07
699,0.001615762710571289,2.1457672119140625e-06,2.384185791015625e-07
700,0.0018050670623779297,1.9073486328125e-06,2.384185791015625e-07
701,0.001975536346435547,2.1457672119140625e-06,4.76837158203125e-07
702,0.001585245132446289,1.9073486328125e-06,4.76837158203125e-07
703,0.0020372867584228516,1.9073486328125e-06,2.384185791015625e-07
704,0.0020627975463867188,1.9073486328125e-06,2.384185791015625e-07
705,0.001889944076538086,2.1457672119140625e-06,4.76837158203125e-07
706,0.001966714859008789,1.9073486328125e-06,4.76837158203125e-07
707,0.0017392635345458984,1.9073486328125e-06,4.76837158203125e-07
708,0.0018148422241210938,1.9073486328125e-06,2.384185791015625e-07
709,0.00189208984375,1.9073486328125e-06,2.384185791015625e-07
710,0.0022363662719726562,2.1457672119140625e-06,4.76837158203125e-07
711,0.0026044845581054688,1.9073486328125e-06,2.384185791015625e-07
712,0.0018486976623535156,1.9073486328125e-06,2.384185791015625e-07
713,0.001842498779296875,1.9073486328125e-06,7.152557373046875e-07
714,0.002751588821411133,1.9073486328125e-06,2.384185791015625e-07
715,0.0017976760864257812,2.1457672119140625e-06,4.76837158203125e-07
716,0.002462148666381836,2.1457672119140625e-06,2.384185791015625e-07
717,0.002759695053100586,2.384185791015625e-06,2.384185791015625e-07
718,0.0027799606323242188,1.9073486328125e-06,4.76837158203125e-07
719,0.0027163028717041016,1.6689300537109375e-06,2.384185791015625e-07
720,0.0029001235961914062,1.6689300537109375e-06,2.384185791015625e-07
721,0.002357959747314453,2.1457672119140625e-06,2.384185791015625e-07
722,0.0027303695678710938,1.6689300537109375e-06,2.384185791015625e-07
723,0.002474069595336914,2.384185791015625e-06,2.384185791015625e-07
724,0.0024704933166503906,1.6689300537109375e-06,2.384185791015625e-07
725,0.0022306442260742188,2.1457672119140625e-06,2.384185791015625e-07
726,0.002679109573364258,1.430511474609375e-06,2.384185791015625e-07
727,0.0027327537536621094,1.9073486328125e-06,2.384185791015625e-07
728,0.002582550048828125,2.1457672119140625e-06,2.384185791015625e-07
729,0.0020608901977539062,1.9073486328125e-06,2.384185791015625e-07
730,0.003083467483520508,1.9073486328125e-06,4.76837158203125e-07
731,0.002325773239135742,1.9073486328125e-06,2.384185791015625e-07
732,0.0033807754516601562,2.1457672119140625e-06,4.76837158203125e-07
733,0.0031375885009765625,2.1457672119140625e-06,2.384185791015625e-07
734,0.0023429393768310547,1.6689300537109375e-06,2.384185791015625e-07
735,0.002688169479370117,1.9073486328125e-06,2.384185791015625e-07
736,0.0029349327087402344,1.9073486328125e-06,4.76837158203125e-07
737,0.002891063690185547,2.6226043701171875e-06,2.384185791015625e-07
738,0.002722024917602539,2.1457672119140625e-06,2.384185791015625e-07
739,0.0022728443145751953,1.9073486328125e-06,7.152557373046875e-07
740,0.0026717185974121094,2.1457672119140625e-06,1.1920928955078125e-06
741,0.0025262832641601562,1.9073486328125e-06,4.76837158203125e-07
742,0.0021805763244628906,1.9073486328125e-06,2.384185791015625e-07
743,0.003864288330078125,2.1457672119140625e-06,4.76837158203125e-07
744,0.002856731414794922,1.9073486328125e-06,2.384185791015625e-07
745,0.0026776790618896484,1.9073486328125e-06,4.76837158203125e-07
746,0.003337383270263672,1.9073486328125e-06,4.76837158203125e-07
747,0.002991199493408203,2.1457672119140625e-06,2.384185791015625e-07
748,0.003088235855102539,1.9073486328125e-06,2.384185791015625e-07
749,0.003081083297729492,2.1457672119140625e-06,2.384185791015625e-07
750,0.0027663707733154297,1.6689300537109375e-06,2.384185791015625e-07
751,0.003477811813354492,2.1457672119140625e-06,2.384185791015625e-07
752,0.0030128955841064453,1.6689300537109375e-06,7.152557373046875e-07
753,0.0028312206268310547,1.6689300537109375e-06,2.384185791015625e-07
754,0.002804279327392578,1.9073486328125e-06,4.76837158203125e-07
755,0.002173900604248047,1.6689300537109375e-06,2.384185791015625e-07
756,0.0028192996978759766,1.9073486328125e-06,2.384185791015625e-07
757,0.0029180049896240234,1.9073486328125e-06,2.384185791015625e-07
758,0.0023453235626220703,2.1457672119140625e-06,2.384185791015625e-07
759,0.00279998779296875,1.9073486328125e-06,2.384185791015625e-07
760,0.0031905174255371094,2.1457672119140625e-06,9.5367431640625e-07
761,0.002415180206298828,2.384185791015625e-06,7.152557373046875e-07
762,0.0031270980834960938,1.6689300537109375e-06,4.76837158203125e-07
763,0.002693653106689453,1.6689300537109375e-06,2.384185791015625e-07
764,0.002794981002807617,1.6689300537109375e-06,2.384185791015625e-07
765,0.0020678043365478516,1.430511474609375e-06,2.384185791015625e-07
766,0.0019655227661132812,1.6689300537109375e-06,7.152557373046875e-07
767,0.001750946044921875,1.9073486328125e-06,2.384185791015625e-07
768,0.002164125442504883,1.9073486328125e-06,2.384185791015625e-07
769,0.0016903877258300781,1.6689300537109375e-06,2.384185791015625e-07
770,0.0018649101257324219,1.9073486328125e-06,7.152557373046875e-07
771,0.0018630027770996094,1.6689300537109375e-06,2.384185791015625e-07
772,0.0019123554229736328,2.384185791015625e-06,2.384185791015625e-07
773,0.0019383430480957031,1.430511474609375e-06,2.384185791015625e-07
774,0.0019097328186035156,1.9073486328125e-06,1.1920928955078125e-06
775,0.0018243789672851562,1.9073486328125e-06,2.384185791015625e-07
776,0.0013992786407470703,1.6689300537109375e-06,4.76837158203125e-07
777,0.0014221668243408203,1.6689300537109375e-06,2.384185791015625e-07
778,0.0014057159423828125,1.9073486328125e-06,2.384185791015625e-07
779,0.0017902851104736328,1.430511474609375e-06,2.384185791015625e-07
780,0.0009167194366455078,1.6689300537109375e-06,4.76837158203125e-07
781,0.0015442371368408203,2.384185791015625e-06,4.76837158203125e-07
782,0.0019774436950683594,2.1457672119140625e-06,2.384185791015625e-07
783,0.0021452903747558594,1.9073486328125e-06,4.76837158203125e-07
784,0.002044200897216797,2.1457672119140625e-06,2.384185791015625e-07
785,0.0019807815551757812,2.1457672119140625e-06,2.384185791015625e-07
786,0.0015919208526611328,1.9073486328125e-06,2.384185791015625e-07
787,0.0019919872283935547,1.9073486328125e-06,4.76837158203125e-07
788,0.0021440982818603516,1.9073486328125e-06,2.384185791015625e-07
789,0.002039194107055664,1.6689300537109375e-06,2.384185791015625e-07
790,0.001837015151977539,1.9073486328125e-06,4.76837158203125e-07
791,0.001668691635131836,1.9073486328125e-06,2.384185791015625e-07
792,0.0021202564239501953,2.384185791015625e-06,4.76837158203125e-07
793,0.0019292831420898438,1.430511474609375e-06,2.384185791015625e-07
794,0.0018482208251953125,1.6689300537109375e-06,9.5367431640625e-07
795,0.0017557144165039062,1.9073486328125e-06,4.76837158203125e-07
796,0.001720428466796875,1.6689300537109375e-06,2.384185791015625e-07
797,0.0020732879638671875,1.6689300537109375e-06,2.384185791015625e-07
798,0.0028967857360839844,1.9073486328125e-06,2.384185791015625e-07
799,0.002155303955078125,1.9073486328125e-06,2.384185791015625e-07
800,0.0017447471618652344,2.1457672119140625e-06,4.76837158203125e-07
801,0.001867532730102539,2.1457672119140625e-06,4.76837158203125e-07
802,0.002273082733154297,2.1457672119140625e-06,2.384185791015625e-07
803,0.002070903778076172,1.9073486328125e-06,4.76837158203125e-07
804,0.0016069412231445312,2.1457672119140625e-06,2.384185791015625e-07
805,0.0018918514251708984,2.1457672119140625e-06,2.384185791015625e-07
806,0.002035379409790039,2.1457672119140625e-06,9.5367431640625e-07
807,0.0020248889923095703,1.9073486328125e-06,2.384185791015625e-07
808,0.0016663074493408203,1.9073486328125e-06,2.384185791015625e-07
809,0.0017838478088378906,2.1457672119140625e-06,2.384185791015625e-07
810,0.0019252300262451172,2.1457672119140625e-06,2.384185791015625e-07
811,0.0013878345489501953,1.9073486328125e-06,2.384185791015625e-07
812,0.0014989376068115234,1.9073486328125e-06,2.384185791015625e-07
813,0.0015492439270019531,1.9073486328125e-06,4.76837158203125e-07
814,0.0017626285552978516,2.1457672119140625e-06,4.76837158203125e-07
815,0.0015268325805664062,1.6689300537109375e-06,4.76837158203125e-07
816,0.0026149749755859375,1.9073486328125e-06,2.384185791015625e-07
817,0.0016107559204101562,1.6689300537109375e-06,4.76837158203125e-07
818,0.0016255378723144531,2.384185791015625e-06,4.76837158203125e-07
819,0.0013802051544189453,2.1457672119140625e-06,4.76837158203125e-07
820,0.0019571781158447266,1.9073486328125e-06,2.384185791015625e-07
821,0.0016775131225585938,1.9073486328125e-06,2.384185791015625e-07
822,0.0020334720611572266,2.1457672119140625e-06,2.384185791015625e-07
823,0.0020971298217773438,2.384185791015625e-06,2.384185791015625e-07
824,0.00188446044921875,2.1457672119140625e-06,4.76837158203125e-07
825,0.0018887519836425781,1.9073486328125e-06,2.384185791015625e-07
826,0.0016703605651855469,1.9073486328125e-06,2.384185791015625e-07
827,0.0016088485717773438,2.1457672119140625e-06,2.384185791015625e-07
828,0.001794576644897461,2.1457672119140625e-06,2.384185791015625e-07
829,0.0015482902526855469,1.6689300537109375e-06,2.384185791015625e-07
830,0.0015439987182617188,1.9073486328125e-06,4.76837158203125e-07
831,0.001649618148803711,1.9073486328125e-06,2.384185791015625e-07
832,0.002081632614135742,1.9073486328125e-06,4.76837158203125e-07
833,0.0011670589447021484,1.9073486328125e-06,2.384185791015625e-07
834,0.0019600391387939453,2.1457672119140625e-06,2.384185791015625e-07
835,0.0021581649780273438,1.9073486328125e-06,2.384185791015625e-07
836,0.0013954639434814453,1.6689300537109375e-06,2.384185791015625e-07
837,0.001913309097290039,1.6689300537109375e-06,2.384185791015625e-07
838,0.0014009475708007812,1.430511474609375e-06,2.384185791015625e-07
839,0.0019495487213134766,2.384185791015625e-06,2.384185791015625e-07
840,0.0019207000732421875,2.1457672119140625e-06,4.76837158203125e-07
841,0.0017817020416259766,1.9073486328125e-06,2.384185791015625e-07
842,0.0020651817321777344,2.1457672119140625e-06,4.76837158203125e-07
843,0.0018978118896484375,1.9073486328125e-06,4.76837158203125e-07
844,0.0024297237396240234,1.430511474609375e-06,2.384185791015625e-07
845,0.0022630691528320312,1.6689300537109375e-06,9.5367431640625e-07
846,0.0013804435729980469,2.384185791015625e-06,7.152557373046875e-07
847,0.0016508102416992188,1.9073486328125e-06,2.384185791015625e-07
848,0.0019683837890625,1.9073486328125e-06,2.384185791015625e-07
849,0.0018885135650634766,1.9073486328125e-06,4.76837158203125e-07
850,0.0020275115966796875,1.6689300537109375e-06,2.384185791015625e-07
851,0.0015850067138671875,1.6689300537109375e-06,2.384185791015625e-07
852,0.001847982406616211,1.6689300537109375e-06,2.384185791015625e-07
853,0.002001523971557617,1.6689300537109375e-06,4.76837158203125e-07
854,0.00244903564453125,1.6689300537109375e-06,4.76837158203125e-07
855,0.001863718032836914,1.9073486328125e-06,2.384185791015625e-07
856,0.0018894672393798828,1.6689300537109375e-06,2.384185791015625e-07
857,0.0018470287322998047,1.9073486328125e-06,2.384185791015625e-07
858,0.001943349838256836,1.6689300537109375e-06,2.384185791015625e-07
859,0.002206563949584961,1.6689300537109375e-06,2.384185791015625e-07
860,0.001745462417602539,1.9073486328125e-06,2.384185791015625e-07
861,0.002229452133178711,2.1457672119140625e-06,2.384185791015625e-07
862,0.001615762710571289,2.1457672119140625e-06,2.384185791015625e-07
863,0.002037525177001953,2.1457672119140625e-06,2.384185791015625e-07
864,0.0017173290252685547,2.1457672119140625e-06,4.76837158203125e-07
865,0.0013415813446044922,2.1457672119140625e-06,2.384185791015625e-07
866,0.0015702247619628906,1.9073486328125e-06,4.76837158203125e-07
867,0.0018391609191894531,2.1457672119140625e-06,4.76837158203125e-07
868,0.0020868778228759766,1.9073486328125e-06,4.76837158203125e-07
869,0.0023202896118164062,1.6689300537109375e-06,2.384185791015625e-07
870,0.0015058517456054688,2.1457672119140625e-06,2.384185791015625e-07
871,0.0016345977783203125,2.1457672119140625e-06,1.1920928955078125e-06
872,0.002126932144165039,1.9073486328125e-06,4.76837158203125e-07
873,0.001665353775024414,1.9073486328125e-06,2.384185791015625e-07
874,0.002789735794067383,1.9073486328125e-06,2.384185791015625e-07
875,0.00220489501953125,1.6689300537109375e-06,4.76837158203125e-07
876,0.0024459362030029297,1.6689300537109375e-06,2.384185791015625e-07
877,0.0017824172973632812,1.9073486328125e-06,2.384185791015625e-07
878,0.0019192695617675781,1.9073486328125e-06,4.76837158203125e-07
879,0.0020971298217773438,1.9073486328125e-06,4.76837158203125e-07
880,0.0022759437561035156,1.6689300537109375e-06,2.384185791015625e-07
881,0.0019211769104003906,1.9073486328125e-06,2.384185791015625e-07
882,0.0023522377014160156,1.6689300537109375e-06,4.76837158203125e-07
883,0.001547098159790039,1.9073486328125e-06,2.384185791015625e-07
884,0.0021791458129882812,1.9073486328125e-06,2.384185791015625e-07
885,0.0019516944885253906,1.6689300537109375e-06,2.384185791015625e-07
886,0.0025625228881835938,2.1457672119140625e-06,2.384185791015625e-07
887,0.0016369819641113281,1.6689300537109375e-06,9.5367431640625e-07
888,0.002004384994506836,1.6689300537109375e-06,2.384185791015625e-07
889,0.0018458366394042969,1.9073486328125e-06,4.76837158203125e-07
890,0.0017075538635253906,1.6689300537109375e-06,2.384185791015625e-07
891,0.0021152496337890625,1.6689300537109375e-06,2.384185791015625e-07
892,0.00141143798828125,1.9073486328125e-06,2.384185791015625e-07
893,0.001851797103881836,1.9073486328125e-06,2.384185791015625e-07
894,0.002107381820678711,1.6689300537109375e-06,2.384185791015625e-07
895,0.0009992122650146484,1.9073486328125e-06,2.384185791015625e-07
896,0.0014576911926269531,1.6689300537109375e-06,2.384185791015625e-07
897,0.002132415771484375,1.9073486328125e-06,2.384185791015625e-07
898,0.0018727779388427734,1.9073486328125e-06,4.76837158203125e-07
899,0.001859426498413086,1.6689300537109375e-06,7.152557373046875e-07
900,0.0018620491027832031,1.9073486328125e-06,4.76837158203125e-07
901,0.0023326873779296875,1.9073486328125e-06,2.384185791015625e-07
902,0.0018620491027832031,1.9073486328125e-06,2.384185791015625e-07
903,0.0022516250610351562,2.1457672119140625e-06,2.384185791015625e-07
904,0.0016400814056396484,1.6689300537109375e-06,4.76837158203125e-07
905,0.001558542251586914,1.430511474609375e-06,4.76837158203125e-07
906,0.0022733211517333984,1.6689300537109375e-06,2.384185791015625e-07
907,0.0021371841430664062,1.9073486328125e-06,2.384185791015625e-07
908,0.001394510269165039,1.9073486328125e-06,7.152557373046875e-07
909,0.0013301372528076172,1.9073486328125e-06,2.384185791015625e-07
910,0.0017015933990478516,1.9073486328125e-06,2.384185791015625e-07
911,0.0019991397857666016,2.1457672119140625e-06,2.384185791015625e-07
912,0.0016040802001953125,1.6689300537109375e-06,7.152557373046875e-07
913,0.002124309539794922,1.9073486328125e-06,2.384185791015625e-07
914,0.001795053482055664,2.1457672119140625e-06,2.384185791015625e-07
915,0.0018010139465332031,2.1457672119140625e-06,2.384185791015625e-07
916,0.002001523971557617,2.1457672119140625e-06,2.384185791015625e-07
917,0.0015141963958740234,1.9073486328125e-06,2.384185791015625e-07
918,0.0018420219421386719,2.1457672119140625e-06,2.384185791015625e-07
919,0.001922607421875,1.9073486328125e-06,2.384185791015625e-07
920,0.001645803451538086,2.1457672119140625e-06,2.384185791015625e-07
921,0.001897573471069336,2.1457672119140625e-06,2.384185791015625e-07
922,0.0020182132720947266,1.9073486328125e-06,4.76837158203125e-07
923,0.0019371509552001953,1.9073486328125e-06,7.152557373046875e-07
924,0.0019040107727050781,1.6689300537109375e-06,4.76837158203125e-07
925,0.00153350830078125,1.6689300537109375e-06,2.384185791015625e-07
926,0.0020253658294677734,1.9073486328125e-06,2.384185791015625e-07
927,0.0021276473999023438,2.1457672119140625e-06,2.384185791015625e-07
928,0.001554250717163086,1.6689300537109375e-06,4.76837158203125e-07
929,0.0018329620361328125,1.6689300537109375e-06,2.384185791015625e-07
930,0.0016014575958251953,1.6689300537109375e-06,2.384185791015625e-07
931,0.0015566349029541016,1.6689300537109375e-06,2.384185791015625e-07
932,0.001817941665649414,1.6689300537109375e-06,2.384185791015625e-07
933,0.002057790756225586,1.6689300537109375e-06,4.76837158203125e-07
934,0.0017583370208740234,1.9073486328125e-06,2.384185791015625e-07
935,0.0013442039489746094,1.6689300537109375e-06,4.76837158203125e-07
936,0.0018684864044189453,1.9073486328125e-06,2.384185791015625e-07
937,0.0013797283172607422,1.9073486328125e-06,4.76837158203125e-07
938,0.0018858909606933594,2.1457672119140625e-06,4.76837158203125e-07
939,0.0021021366119384766,1.6689300537109375e-06,2.384185791015625e-07
940,0.0018656253814697266,1.6689300537109375e-06,2.384185791015625e-07
941,0.0018002986907958984,1.9073486328125e-06,2.384185791015625e-07
942,0.0020797252655029297,1.9073486328125e-06,7.152557373046875e-07
943,0.0019805431365966797,2.1457672119140625e-06,2.384185791015625e-07
944,0.0019388198852539062,1.9073486328125e-06,2.384185791015625e-07
945,0.001804351806640625,1.9073486328125e-06,4.76837158203125e-07
946,0.001398324966430664,1.9073486328125e-06,4.76837158203125e-07
947,0.0018086433410644531,1.9073486328125e-06,4.76837158203125e-07
948,0.0018339157104492188,1.9073486328125e-06,4.76837158203125e-07
949,0.0020689964294433594,2.1457672119140625e-06,4.76837158203125e-07
950,0.0017733573913574219,2.1457672119140625e-06,2.384185791015625e-07
951,0.0018763542175292969,1.9073486328125e-06,2.384185791015625e-07
952,0.0018494129180908203,2.384185791015625e-06,4.76837158203125e-07
953,0.001680135726928711,1.9073486328125e-06,4.76837158203125e-07
954,0.002115011215209961,1.6689300537109375e-06,2.384185791015625e-07
955,0.0018897056579589844,2.1457672119140625e-06,2.384185791015625e-07
956,0.0019648075103759766,1.9073486328125e-06,2.384185791015625e-07
957,0.001996278762817383,1.9073486328125e-06,2.384185791015625e-07
958,0.0019097328186035156,1.9073486328125e-06,2.384185791015625e-07
959,0.001190185546875,2.1457672119140625e-06,2.384185791015625e-07
960,0.0018680095672607422,1.6689300537109375e-06,2.384185791015625e-07
961,0.0018165111541748047,1.9073486328125e-06,2.384185791015625e-07
962,0.002242565155029297,1.6689300537109375e-06,2.384185791015625e-07
963,0.0014336109161376953,1.9073486328125e-06,4.76837158203125e-07
964,0.0017917156219482422,1.6689300537109375e-06,4.76837158203125e-07
965,0.0016553401947021484,1.6689300537109375e-06,2.384185791015625e-07
966,0.0017771720886230469,1.6689300537109375e-06,2.384185791015625e-07
967,0.00189971923828125,1.6689300537109375e-06,2.384185791015625e-07
968,0.0022487640380859375,1.6689300537109375e-06,4.76837158203125e-07
969,0.001999378204345703,1.6689300537109375e-06,2.384185791015625e-07
970,0.0018260478973388672,1.6689300537109375e-06,2.384185791015625e-07
971,0.001608133316040039,1.9073486328125e-06,4.76837158203125e-07
972,0.0019989013671875,1.6689300537109375e-06,2.384185791015625e-07
973,0.0017232894897460938,1.9073486328125e-06,4.76837158203125e-07
974,0.0019996166229248047,2.6226043701171875e-06,4.76837158203125e-07
975,0.0015408992767333984,1.6689300537109375e-06,2.384185791015625e-07
976,0.0015180110931396484,1.9073486328125e-06,2.384185791015625e-07
977,0.0016264915466308594,2.1457672119140625e-06,4.76837158203125e-07
978,0.0016407966613769531,2.1457672119140625e-06,4.76837158203125e-07
979,0.0019443035125732422,1.9073486328125e-06,2.384185791015625e-07
980,0.0018894672393798828,1.9073486328125e-06,2.384185791015625e-07
981,0.0020329952239990234,1.9073486328125e-06,2.384185791015625e-07
982,0.0020203590393066406,2.1457672119140625e-06,2.384185791015625e-07
983,0.001630544662475586,2.1457672119140625e-06,2.384185791015625e-07
984,0.002077817916870117,2.1457672119140625e-06,4.76837158203125e-07
985,0.0014324188232421875,2.6226043701171875e-06,2.384185791015625e-07
986,0.0018532276153564453,1.9073486328125e-06,2.384185791015625e-07
987,0.0019505023956298828,1.6689300537109375e-06,4.76837158203125e-07
988,0.0018308162689208984,1.6689300537109375e-06,2.384185791015625e-07
989,0.001768350601196289,1.6689300537109375e-06,2.384185791015625e-07
990,0.001989126205444336,1.9073486328125e-06,2.384185791015625e-07
991,0.0017642974853515625,1.9073486328125e-06,2.384185791015625e-07
992,0.001688241958618164,1.9073486328125e-06,2.384185791015625e-07
993,0.0016334056854248047,1.6689300537109375e-06,4.76837158203125e-07
994,0.0019805431365966797,2.384185791015625e-06,2.384185791015625e-07
995,0.0015301704406738281,2.1457672119140625e-06,2.384185791015625e-07
996,0.001718759536743164,1.9073486328125e-06,4.76837158203125e-07
997,0.001107931137084961,1.6689300537109375e-06,2.384185791015625e-07
998,0.0014424324035644531,1.6689300537109375e-06,2.384185791015625e-07
999,0.0015799999237060547,1.6689300537109375e-06,2.384185791015625e-07
1000,0.001577138900756836,1.9073486328125e-06,4.76837158203125e-07
1001,0.0014066696166992188,2.384185791015625e-06,9.5367431640625e-07
1002,0.002014636993408203,2.1457672119140625e-06,2.384185791015625e-07
1003,0.002033233642578125,2.1457672119140625e-06,2.384185791015625e-07
1004,0.001985788345336914,2.1457672119140625e-06,4.76837158203125e-07
1005,0.0019183158874511719,2.1457672119140625e-06,2.384185791015625e-07
1006,0.0016908645629882812,2.1457672119140625e-06,2.384185791015625e-07
1007,0.0018053054809570312,1.9073486328125e-06,2.384185791015625e-07
1008,0.0015187263488769531,2.1457672119140625e-06,2.384185791015625e-07
1009,0.001791238784790039,1.9073486328125e-06,2.384185791015625e-07
1010,0.001943826675415039,1.9073486328125e-06,4.76837158203125e-07
1011,0.0017998218536376953,2.1457672119140625e-06,4.76837158203125e-07
1012,0.002062559127807617,2.1457672119140625e-06,2.384185791015625e-07
1013,0.0018775463104248047,1.6689300537109375e-06,4.76837158203125e-07
1014,0.0018162727355957031,1.9073486328125e-06,4.76837158203125e-07
1015,0.001726388931274414,1.9073486328125e-06,2.384185791015625e-07
1016,0.0027272701263427734,1.9073486328125e-06,2.384185791015625e-07
1017,0.002895355224609375,1.9073486328125e-06,2.384185791015625e-07
1018,0.0030558109283447266,2.1457672119140625e-06,2.384185791015625e-07
1019,0.0031092166900634766,2.1457672119140625e-06,2.384185791015625e-07
1020,0.0024962425231933594,1.9073486328125e-06,4.76837158203125e-07
1021,0.002187013626098633,1.9073486328125e-06,2.384185791015625e-07
1022,0.0019283294677734375,2.1457672119140625e-06,4.76837158203125e-07
1023,0.0018978118896484375,1.9073486328125e-06,2.384185791015625e-07
1024,0.0022194385528564453,2.1457672119140625e-06,2.384185791015625e-07
1025,0.00140380859375,2.1457672119140625e-06,2.384185791015625e-07
1026,0.0019326210021972656,2.1457672119140625e-06,4.76837158203125e-07
1027,0.0017418861389160156,2.1457672119140625e-06,4.76837158203125e-07
1028,0.001859426498413086,1.9073486328125e-06,4.76837158203125e-07
1029,0.0016286373138427734,1.6689300537109375e-06,2.384185791015625e-07
1030,0.00264739990234375,2.1457672119140625e-06,2.384185791015625e-07
1031,0.0018472671508789062,1.6689300537109375e-06,2.384185791015625e-07
1032,0.0019240379333496094,1.9073486328125e-06,2.384185791015625e-07
1033,0.002357006072998047,2.1457672119140625e-06,4.76837158203125e-07
1034,0.0021140575408935547,2.1457672119140625e-06,2.384185791015625e-07
1035,0.0015447139739990234,1.9073486328125e-06,2.384185791015625e-07
1036,0.0015397071838378906,2.384185791015625e-06,2.384185791015625e-07
1037,0.0019614696502685547,2.1457672119140625e-06,2.384185791015625e-07
1038,0.0020847320556640625,1.9073486328125e-06,2.384185791015625e-07
1039,0.001882791519165039,1.6689300537109375e-06,2.384185791015625e-07
1040,0.0016145706176757812,2.1457672119140625e-06,2.384185791015625e-07
1041,0.0015821456909179688,1.9073486328125e-06,2.384185791015625e-07
1042,0.0018897056579589844,1.9073486328125e-06,4.76837158203125e-07
1043,0.0016398429870605469,1.430511474609375e-06,4.76837158203125e-07
1044,0.0018000602722167969,2.1457672119140625e-06,4.76837158203125e-07
1045,0.001964092254638672,2.1457672119140625e-06,2.384185791015625e-07
1046,0.0016224384307861328,2.1457672119140625e-06,2.384185791015625e-07
1047,0.0014376640319824219,1.6689300537109375e-06,4.76837158203125e-07
1048,0.0017268657684326172,1.6689300537109375e-06,2.384185791015625e-07
1049,0.0015518665313720703,1.6689300537109375e-06,4.76837158203125e-07
1050,0.001535654067993164,2.1457672119140625e-06,2.384185791015625e-07
1051,0.0017032623291015625,2.1457672119140625e-06,2.384185791015625e-07
1052,0.0016617774963378906,2.1457672119140625e-06,2.384185791015625e-07
1053,0.0020189285278320312,1.9073486328125e-06,2.384185791015625e-07
1054,0.0017020702362060547,1.9073486328125e-06,7.152557373046875e-07
1055,0.0013391971588134766,1.6689300537109375e-06,2.384185791015625e-07
1056,0.0017325878143310547,1.9073486328125e-06,4.76837158203125e-07
1057,0.0015704631805419922,2.1457672119140625e-06,2.384185791015625e-07
1058,0.0016872882843017578,1.9073486328125e-06,7.152557373046875e-07
1059,0.0019228458404541016,1.9073486328125e-06,4.76837158203125e-07
1060,0.0013952255249023438,1.9073486328125e-06,9.5367431640625e-07
1061,0.002312898635864258,1.9073486328125e-06,2.384185791015625e-07
1062,0.002308368682861328,2.384185791015625e-06,2.384185791015625e-07
1063,0.0024383068084716797,1.9073486328125e-06,2.384185791015625e-07
1064,0.0021522045135498047,1.6689300537109375e-06,2.384185791015625e-07
1065,0.0023605823516845703,2.6226043701171875e-06,2.384185791015625e-07
1066,0.002168893814086914,2.1457672119140625e-06,2.384185791015625e-07
1067,0.002730846405029297,2.1457672119140625e-06,4.76837158203125e-07
1068,0.003110647201538086,2.1457672119140625e-06,2.384185791015625e-07
1069,0.0030565261840820312,1.9073486328125e-06,2.384185791015625e-07
1070,0.002923250198364258,1.9073486328125e-06,2.384185791015625e-07
1071,0.0026092529296875,2.1457672119140625e-06,4.76837158203125e-07
1072,0.0020711421966552734,1.9073486328125e-06,2.384185791015625e-07
1073,0.0024003982543945312,2.1457672119140625e-06,2.384185791015625e-07
1074,0.002683877944946289,1.9073486328125e-06,2.384185791015625e-07
1075,0.0028045177459716797,1.9073486328125e-06,2.384185791015625e-07
1076,0.0023224353790283203,1.9073486328125e-06,2.384185791015625e-07
1077,0.0024275779724121094,1.9073486328125e-06,2.384185791015625e-07
1078,0.0028083324432373047,2.1457672119140625e-06,4.76837158203125e-07
1079,0.002499818801879883,1.9073486328125e-06,2.384185791015625e-07
1080,0.002470731735229492,2.384185791015625e-06,2.384185791015625e-07
1081,0.002346038818359375,2.384185791015625e-06,4.76837158203125e-07
1082,0.0024988651275634766,2.1457672119140625e-06,4.76837158203125e-07
1083,0.001689910888671875,1.9073486328125e-06,4.76837158203125e-07
1084,0.001611948013305664,2.1457672119140625e-06,2.384185791015625e-07
1085,0.0014948844909667969,2.1457672119140625e-06,4.76837158203125e-07
1086,0.001291513442993164,1.6689300537109375e-06,4.76837158203125e-07
1087,0.0011043548583984375,1.6689300537109375e-06,2.384185791015625e-07
1088,0.0011477470397949219,1.9073486328125e-06,2.384185791015625e-07
1089,0.0016684532165527344,1.9073486328125e-06,2.384185791015625e-07
1090,0.0009305477142333984,1.9073486328125e-06,2.384185791015625e-07
1091,0.0012791156768798828,1.9073486328125e-06,2.384185791015625e-07
1092,0.0017697811126708984,1.9073486328125e-06,2.384185791015625e-07
1093,0.0014202594757080078,1.9073486328125e-06,4.76837158203125e-07
1094,0.001482248306274414,2.1457672119140625e-06,2.384185791015625e-07
1095,0.0013697147369384766,2.1457672119140625e-06,4.76837158203125e-07
1096,0.0014827251434326172,1.9073486328125e-06,2.384185791015625e-07
1097,0.0011904239654541016,2.1457672119140625e-06,7.152557373046875e-07
1098,0.0013227462768554688,2.1457672119140625e-06,2.384185791015625e-07
1099,0.0014562606811523438,2.1457672119140625e-06,4.76837158203125e-07
1100,0.0013241767883300781,2.384185791015625e-06,2.384185791015625e-07
1101,0.0014677047729492188,2.1457672119140625e-06,4.76837158203125e-07
1102,0.0012145042419433594,1.9073486328125e-06,2.384185791015625e-07
1103,0.001310110092163086,2.1457672119140625e-06,2.384185791015625e-07
1104,0.001194000244140625,2.1457672119140625e-06,4.76837158203125e-07
1105,0.0016744136810302734,2.6226043701171875e-06,2.384185791015625e-07
1106,0.0013835430145263672,1.6689300537109375e-06,2.384185791015625e-07
1107,0.0013856887817382812,1.9073486328125e-06,2.384185791015625e-07
1108,0.0010936260223388672,2.1457672119140625e-06,9.5367431640625e-07
1109,0.001493215560913086,2.1457672119140625e-06,2.384185791015625e-07
1110,0.0018069744110107422,2.1457672119140625e-06,2.384185791015625e-07
1111,0.0018200874328613281,2.1457672119140625e-06,4.76837158203125e-07
1112,0.002561807632446289,2.1457672119140625e-06,2.384185791015625e-07
1113,0.0023317337036132812,2.1457672119140625e-06,2.384185791015625e-07
1114,0.0017273426055908203,2.1457672119140625e-06,2.384185791015625e-07
1115,0.0020978450775146484,1.9073486328125e-06,2.384185791015625e-07
1116,0.0020558834075927734,1.9073486328125e-06,4.76837158203125e-07
1117,0.002420186996459961,1.6689300537109375e-06,4.76837158203125e-07
1118,0.0026831626892089844,1.6689300537109375e-06,4.76837158203125e-07
1119,0.002306222915649414,1.9073486328125e-06,2.384185791015625e-07
1120,0.0025093555450439453,2.1457672119140625e-06,2.384185791015625e-07
1121,0.0032608509063720703,1.9073486328125e-06,2.384185791015625e-07
1122,0.002824544906616211,1.9073486328125e-06,4.76837158203125e-07
1123,0.0024526119232177734,1.9073486328125e-06,2.384185791015625e-07
1124,0.0021469593048095703,2.1457672119140625e-06,4.76837158203125e-07
1125,0.0023584365844726562,2.1457672119140625e-06,2.384185791015625e-07
1126,0.0018689632415771484,2.1457672119140625e-06,4.76837158203125e-07
1127,0.0024111270904541016,2.1457672119140625e-06,2.384185791015625e-07
1128,0.00249481201171875,2.1457672119140625e-06,7.152557373046875e-07
1129,0.002664804458618164,2.1457672119140625e-06,2.384185791015625e-07
1130,0.0021867752075195312,1.9073486328125e-06,4.76837158203125e-07
1131,0.0018951892852783203,2.384185791015625e-06,2.384185791015625e-07
1132,0.0016436576843261719,2.1457672119140625e-06,7.152557373046875e-07
1133,0.0016446113586425781,2.384185791015625e-06,2.384185791015625e-07
1134,0.0019021034240722656,2.1457672119140625e-06,4.76837158203125e-07
1135,0.0018420219421386719,2.384185791015625e-06,4.76837158203125e-07
1136,0.0020551681518554688,2.1457672119140625e-06,2.384185791015625e-07
1137,0.0017316341400146484,2.384185791015625e-06,2.384185791015625e-07
1138,0.002074718475341797,1.9073486328125e-06,2.384185791015625e-07
1139,0.002355337142944336,1.9073486328125e-06,2.384185791015625e-07
1140,0.002514362335205078,1.9073486328125e-06,4.76837158203125e-07
1141,0.002222299575805664,1.6689300537109375e-06,4.76837158203125e-07
1142,0.002805948257446289,1.6689300537109375e-06,4.76837158203125e-07
1143,0.002619504928588867,2.1457672119140625e-06,7.152557373046875e-07
1144,0.0021195411682128906,1.9073486328125e-06,2.384185791015625e-07
1145,0.0023877620697021484,2.1457672119140625e-06,2.384185791015625e-07
1146,0.0022923946380615234,2.384185791015625e-06,4.76837158203125e-07
1147,0.0023708343505859375,2.1457672119140625e-06,2.384185791015625e-07
1148,0.0021810531616210938,2.1457672119140625e-06,2.384185791015625e-07
1149,0.002500295639038086,1.9073486328125e-06,2.384185791015625e-07
1150,0.0024330615997314453,2.1457672119140625e-06,2.384185791015625e-07
1151,0.002389192581176758,1.9073486328125e-06,2.384185791015625e-07
1152,0.002320528030395508,1.9073486328125e-06,7.152557373046875e-07
1153,0.0018699169158935547,1.6689300537109375e-06,2.384185791015625e-07
1154,0.0026404857635498047,2.1457672119140625e-06,2.384185791015625e-07
1155,0.0024755001068115234,2.1457672119140625e-06,2.384185791015625e-07
1156,0.0020215511322021484,2.384185791015625e-06,2.384185791015625e-07
1157,0.0025932788848876953,1.9073486328125e-06,2.384185791015625e-07
1158,0.0019006729125976562,2.1457672119140625e-06,4.76837158203125e-07
1159,0.002002716064453125,1.9073486328125e-06,2.384185791015625e-07
1160,0.002646923065185547,1.6689300537109375e-06,2.384185791015625e-07
1161,0.002616405487060547,1.6689300537109375e-06,7.152557373046875e-07
1162,0.002393484115600586,1.9073486328125e-06,2.384185791015625e-07
1163,0.003074169158935547,1.9073486328125e-06,4.76837158203125e-07
1164,0.002728700637817383,1.9073486328125e-06,4.76837158203125e-07
1165,0.0030312538146972656,1.9073486328125e-06,2.384185791015625e-07
1166,0.0022842884063720703,1.9073486328125e-06,2.384185791015625e-07
1167,0.00205230712890625,2.1457672119140625e-06,2.384185791015625e-07
1168,0.0023076534271240234,1.9073486328125e-06,4.76837158203125e-07
1169,0.0014400482177734375,1.9073486328125e-06,2.384185791015625e-07
1170,0.002245664596557617,1.9073486328125e-06,4.76837158203125e-07
1171,0.0025463104248046875,1.9073486328125e-06,4.76837158203125e-07
1172,0.0029850006103515625,1.6689300537109375e-06,2.384185791015625e-07
1173,0.003078460693359375,1.9073486328125e-06,2.384185791015625e-07
1174,0.0024390220642089844,1.9073486328125e-06,4.76837158203125e-07
1175,0.0024137496948242188,1.9073486328125e-06,2.384185791015625e-07
1176,0.002850055694580078,2.384185791015625e-06,2.384185791015625e-07
1177,0.0024945735931396484,2.1457672119140625e-06,2.384185791015625e-07
1178,0.002450704574584961,2.1457672119140625e-06,2.384185791015625e-07
1179,0.002563953399658203,1.9073486328125e-06,2.384185791015625e-07
1180,0.002914905548095703,2.1457672119140625e-06,7.152557373046875e-07
1181,0.002870321273803711,2.1457672119140625e-06,2.384185791015625e-07
1182,0.0022318363189697266,2.1457672119140625e-06,4.76837158203125e-07
1183,0.002786397933959961,2.1457672119140625e-06,2.384185791015625e-07
1184,0.002129077911376953,2.1457672119140625e-06,2.384185791015625e-07
1185,0.002058267593383789,2.1457672119140625e-06,2.384185791015625e-07
1186,0.002245187759399414,2.384185791015625e-06,2.384185791015625e-07
1187,0.002710103988647461,1.9073486328125e-06,4.76837158203125e-07
1188,0.002409696578979492,2.1457672119140625e-06,4.76837158203125e-07
1189,0.002332448959350586,1.9073486328125e-06,7.152557373046875e-07
1190,0.002783060073852539,2.1457672119140625e-06,2.384185791015625e-07
1191,0.0029692649841308594,1.9073486328125e-06,4.76837158203125e-07
1192,0.002119779586791992,1.9073486328125e-06,2.384185791015625e-07
1193,0.002003908157348633,2.1457672119140625e-06,2.384185791015625e-07
1194,0.002716064453125,1.9073486328125e-06,2.384185791015625e-07
1195,0.0024237632751464844,1.9073486328125e-06,2.384185791015625e-07
1196,0.002857208251953125,1.9073486328125e-06,2.384185791015625e-07
1197,0.0024776458740234375,2.1457672119140625e-06,4.76837158203125e-07
1198,0.002120494842529297,1.9073486328125e-06,4.76837158203125e-07
1199,0.002173900604248047,1.9073486328125e-06,2.384185791015625e-07
1200,0.0021452903747558594,1.9073486328125e-06,2.384185791015625e-07
1201,0.002213001251220703,1.6689300537109375e-06,2.384185791015625e-07
1202,0.002820253372192383,1.9073486328125e-06,2.384185791015625e-07
1203,0.0028891563415527344,2.1457672119140625e-06,4.76837158203125e-07
1204,0.002789735794067383,1.6689300537109375e-06,4.76837158203125e-07
1205,0.0024809837341308594,1.9073486328125e-06,4.76837158203125e-07
1206,0.0034253597259521484,1.9073486328125e-06,2.384185791015625e-07
1207,0.0031185150146484375,1.9073486328125e-06,2.384185791015625e-07
1208,0.002527952194213867,2.384185791015625e-06,2.384185791015625e-07
1209,0.003098726272583008,2.1457672119140625e-06,4.76837158203125e-07
1210,0.002959012985229492,1.9073486328125e-06,2.384185791015625e-07
1211,0.002521514892578125,2.1457672119140625e-06,0.0
1212,0.002526521682739258,2.1457672119140625e-06,2.384185791015625e-07
1213,0.0025348663330078125,2.1457672119140625e-06,4.76837158203125e-07
1214,0.002115488052368164,2.1457672119140625e-06,2.384185791015625e-07
1215,0.0025815963745117188,2.1457672119140625e-06,2.384185791015625e-07
1216,0.002391815185546875,2.1457672119140625e-06,2.384185791015625e-07
1217,0.0022377967834472656,1.9073486328125e-06,4.76837158203125e-07
1218,0.0028934478759765625,1.9073486328125e-06,2.384185791015625e-07
1219,0.003198385238647461,1.9073486328125e-06,2.384185791015625e-07
1220,0.002503633499145508,2.1457672119140625e-06,2.384185791015625e-07
1221,0.0025568008422851562,1.9073486328125e-06,2.384185791015625e-07
1222,0.001613616943359375,2.1457672119140625e-06,2.384185791015625e-07
1223,0.0018851757049560547,1.9073486328125e-06,2.384185791015625e-07
1224,0.0021288394927978516,2.384185791015625e-06,2.384185791015625e-07
1225,0.001638174057006836,1.9073486328125e-06,2.384185791015625e-07
1226,0.0018508434295654297,1.6689300537109375e-06,4.76837158203125e-07
1227,0.0016400814056396484,1.9073486328125e-06,4.76837158203125e-07
1228,0.0021486282348632812,1.9073486328125e-06,2.384185791015625e-07
1229,0.0019040107727050781,2.1457672119140625e-06,4.76837158203125e-07
1230,0.0015110969543457031,2.86102294921875e-06,4.76837158203125e-07
1231,0.001592874526977539,1.9073486328125e-06,2.384185791015625e-07
1232,0.0018494129180908203,2.1457672119140625e-06,2.384185791015625e-07
1233,0.002248048782348633,1.9073486328125e-06,7.152557373046875e-07
1234,0.0021920204162597656,1.9073486328125e-06,2.384185791015625e-07
1235,0.0022802352905273438,1.9073486328125e-06,4.76837158203125e-07
1236,0.0022776126861572266,2.384185791015625e-06,4.76837158203125e-07
1237,0.0029604434967041016,2.1457672119140625e-06,4.76837158203125e-07
1238,0.002193450927734375,1.9073486328125e-06,2.384185791015625e-07
1239,0.0026009082794189453,1.9073486328125e-06,2.384185791015625e-07
1240,0.0029144287109375,1.9073486328125e-06,4.76837158203125e-07
1241,0.002602815628051758,1.9073486328125e-06,2.384185791015625e-07
1242,0.0025322437286376953,2.1457672119140625e-06,2.384185791015625e-07
1243,0.0018343925476074219,2.1457672119140625e-06,2.384185791015625e-07
1244,0.0019969940185546875,2.1457672119140625e-06,2.384185791015625e-07
1245,0.001934051513671875,2.6226043701171875e-06,2.384185791015625e-07
1246,0.0023546218872070312,1.9073486328125e-06,2.384185791015625e-07
1247,0.0025327205657958984,2.384185791015625e-06,2.384185791015625e-07
1248,0.002317190170288086,2.384185791015625e-06,2.384185791015625e-07
1249,0.002899169921875,2.384185791015625e-06,2.384185791015625e-07
1250,0.002792835235595703,2.384185791015625e-06,2.384185791015625e-07
1251,0.002040863037109375,1.9073486328125e-06,2.384185791015625e-07
1252,0.0031440258026123047,2.1457672119140625e-06,2.384185791015625e-07
1253,0.002928018569946289,1.6689300537109375e-06,2.384185791015625e-07
1254,0.002296924591064453,2.1457672119140625e-06,2.384185791015625e-07
1255,0.0018856525421142578,1.9073486328125e-06,2.384185791015625e-07
1256,0.02761673927307129,2.1457672119140625e-06,2.384185791015625e-07
1257,0.0023620128631591797,2.384185791015625e-06,2.384185791015625e-07
1258,0.0028743743896484375,2.1457672119140625e-06,2.384185791015625e-07
1259,0.002675294876098633,1.9073486328125e-06,2.384185791015625e-07
1260,0.0029189586639404297,1.6689300537109375e-06,2.384185791015625e-07
1261,0.0030438899993896484,1.9073486328125e-06,4.76837158203125e-07
1262,0.0025207996368408203,1.9073486328125e-06,2.384185791015625e-07
1263,0.002329111099243164,2.1457672119140625e-06,4.76837158203125e-07
1264,0.0026497840881347656,1.9073486328125e-06,2.384185791015625e-07
1265,0.0023393630981445312,2.384185791015625e-06,2.384185791015625e-07
1266,0.0023643970489501953,1.9073486328125e-06,2.384185791015625e-07
1267,0.00868082046508789,2.1457672119140625e-06,2.384185791015625e-07
1268,0.00287628173828125,2.1457672119140625e-06,2.384185791015625e-07
1269,0.0031299591064453125,2.1457672119140625e-06,4.76837158203125e-07
1270,0.0025033950805664062,1.6689300537109375e-06,2.384185791015625e-07
1271,0.0026721954345703125,1.9073486328125e-06,2.384185791015625e-07
1272,0.0027256011962890625,1.9073486328125e-06,2.384185791015625e-07
1273,0.0030794143676757812,1.9073486328125e-06,2.384185791015625e-07
1274,0.0022699832916259766,1.9073486328125e-06,4.76837158203125e-07
1275,0.0024521350860595703,1.9073486328125e-06,4.76837158203125e-07
1276,0.00202178955078125,2.1457672119140625e-06,2.384185791015625e-07
1277,0.0024008750915527344,1.9073486328125e-06,2.384185791015625e-07
1278,0.0025162696838378906,1.430511474609375e-06,2.384185791015625e-07
1279,0.0025434494018554688,2.1457672119140625e-06,4.76837158203125e-07
1280,0.0031905174255371094,2.1457672119140625e-06,4.76837158203125e-07
1281,0.0034148693084716797,1.6689300537109375e-06,2.384185791015625e-07
1282,0.002337217330932617,1.6689300537109375e-06,4.76837158203125e-07
1283,0.0027480125427246094,1.9073486328125e-06,4.76837158203125e-07
1284,0.0026810169219970703,1.9073486328125e-06,4.76837158203125e-07
1285,0.0019888877868652344,1.9073486328125e-06,2.384185791015625e-07
1286,0.0025975704193115234,2.1457672119140625e-06,2.384185791015625e-07
1287,0.003009796142578125,2.1457672119140625e-06,2.384185791015625e-07
1288,0.0030362606048583984,1.9073486328125e-06,4.76837158203125e-07
1289,0.0027751922607421875,1.9073486328125e-06,2.384185791015625e-07
1290,0.002321004867553711,1.9073486328125e-06,2.384185791015625e-07
1291,0.0025064945220947266,2.384185791015625e-06,2.384185791015625e-07
1292,0.0021371841430664062,2.1457672119140625e-06,2.384185791015625e-07
1293,0.002703428268432617,1.9073486328125e-06,2.384185791015625e-07
1294,0.003041982650756836,2.1457672119140625e-06,2.384185791015625e-07
1295,0.0025501251220703125,1.9073486328125e-06,4.76837158203125e-07
1296,0.002835988998413086,2.1457672119140625e-06,2.384185791015625e-07
1297,0.0029850006103515625,1.9073486328125e-06,2.384185791015625e-07
1298,0.002660512924194336,1.9073486328125e-06,2.384185791015625e-07
1299,0.002630949020385742,1.6689300537109375e-06,2.384185791015625e-07
1300,0.002260923385620117,2.1457672119140625e-06,2.384185791015625e-07
1301,0.0029685497283935547,2.1457672119140625e-06,2.384185791015625e-07
1302,0.0024797916412353516,1.430511474609375e-06,2.384185791015625e-07
1303,0.003338336944580078,1.9073486328125e-06,4.76837158203125e-07
1304,0.002529144287109375,1.6689300537109375e-06,2.384185791015625e-07
1305,0.002652883529663086,1.9073486328125e-06,4.76837158203125e-07
1306,0.0027239322662353516,2.6226043701171875e-06,2.384185791015625e-07
1307,0.002117156982421875,1.9073486328125e-06,2.384185791015625e-07
1308,0.0031011104583740234,2.384185791015625e-06,2.384185791015625e-07
1309,0.002626180648803711,1.9073486328125e-06,2.384185791015625e-07
1310,0.002396821975708008,2.1457672119140625e-06,2.384185791015625e-07
1311,0.00244903564453125,1.9073486328125e-06,2.384185791015625e-07
1312,0.002353191375732422,1.9073486328125e-06,2.384185791015625e-07
1313,0.0021157264709472656,2.1457672119140625e-06,2.384185791015625e-07
1314,0.003485441207885742,2.1457672119140625e-06,2.384185791015625e-07
1315,0.0019466876983642578,2.1457672119140625e-06,4.76837158203125e-07
1316,0.002516508102416992,1.9073486328125e-06,7.152557373046875e-07
1317,0.0022416114807128906,2.1457672119140625e-06,2.384185791015625e-07
1318,0.002237081527709961,1.9073486328125e-06,2.384185791015625e-07
1319,0.0017843246459960938,1.9073486328125e-06,2.384185791015625e-07
1320,0.00214385986328125,1.6689300537109375e-06,2.384185791015625e-07
1321,0.0030095577239990234,2.6226043701171875e-06,2.384185791015625e-07
1322,0.002008199691772461,2.6226043701171875e-06,2.384185791015625e-07
1323,0.0025250911712646484,1.9073486328125e-06,2.384185791015625e-07
1324,0.0031189918518066406,2.1457672119140625e-06,2.384185791015625e-07
1325,0.001975536346435547,1.9073486328125e-06,2.384185791015625e-07
1326,0.0028100013732910156,1.9073486328125e-06,2.384185791015625e-07
1327,0.0024607181549072266,1.9073486328125e-06,2.384185791015625e-07
1328,0.0025606155395507812,2.384185791015625e-06,2.384185791015625e-07
1329,0.002866029739379883,1.9073486328125e-06,7.152557373046875e-07
1330,0.0025691986083984375,2.384185791015625e-06,2.384185791015625e-07
1331,0.0028486251831054688,1.6689300537109375e-06,2.384185791015625e-07
1332,0.0028638839721679688,1.9073486328125e-06,2.384185791015625e-07
1333,0.0026514530181884766,1.6689300537109375e-06,2.384185791015625e-07
1334,0.002591371536254883,1.6689300537109375e-06,2.384185791015625e-07
1335,0.0025625228881835938,1.430511474609375e-05,2.384185791015625e-07
1336,0.0029327869415283203,2.1457672119140625e-06,2.384185791015625e-07
1337,0.0021893978118896484,1.6689300537109375e-06,2.384185791015625e-07
1338,0.0023505687713623047,1.6689300537109375e-06,2.384185791015625e-07
1339,0.002805471420288086,1.6689300537109375e-06,4.76837158203125e-07
1340,0.0015838146209716797,1.6689300537109375e-06,2.384185791015625e-07
1341,0.0020682811737060547,1.6689300537109375e-06,2.384185791015625e-07
1342,0.0022041797637939453,1.6689300537109375e-06,2.384185791015625e-07
1343,0.0020160675048828125,2.1457672119140625e-06,2.384185791015625e-07
1344,0.002577066421508789,1.6689300537109375e-06,2.384185791015625e-07
1345,0.002546548843383789,1.9073486328125e-06,2.384185791015625e-07
1346,0.003061532974243164,2.1457672119140625e-06,2.384185791015625e-07
1347,0.002520322799682617,1.9073486328125e-06,4.76837158203125e-07
1348,0.0028951168060302734,2.1457672119140625e-06,4.76837158203125e-07
1349,0.00202178955078125,1.9073486328125e-06,4.76837158203125e-07
1350,0.002048492431640625,1.9073486328125e-06,2.384185791015625e-07
1351,0.00200653076171875,1.9073486328125e-06,2.384185791015625e-07
1352,0.0027000904083251953,2.1457672119140625e-06,2.384185791015625e-07
1353,0.0024671554565429688,2.384185791015625e-06,2.384185791015625e-07
1354,0.0027985572814941406,1.9073486328125e-06,2.384185791015625e-07
1355,0.002737760543823242,1.9073486328125e-06,4.76837158203125e-07
1356,0.0029256343841552734,2.6226043701171875e-06,7.152557373046875e-07
1357,0.002501964569091797,1.9073486328125e-06,2.384185791015625e-07
1358,0.0033593177795410156,1.9073486328125e-06,2.384185791015625e-07
1359,0.002694845199584961,2.1457672119140625e-06,2.384185791015625e-07
1360,0.002608776092529297,2.1457672119140625e-06,2.384185791015625e-07
1361,0.0021152496337890625,1.9073486328125e-06,2.384185791015625e-07
1362,0.0029904842376708984,1.9073486328125e-06,4.76837158203125e-07
1363,0.0031042098999023438,1.6689300537109375e-06,4.76837158203125e-07
1364,0.002042531967163086,2.1457672119140625e-06,4.76837158203125e-07
1365,0.0026874542236328125,1.9073486328125e-06,2.384185791015625e-07
1366,0.002740621566772461,2.1457672119140625e-06,2.384185791015625e-07
1367,0.002929210662841797,2.1457672119140625e-06,2.384185791015625e-07
1368,0.0024857521057128906,1.9073486328125e-06,2.384185791015625e-07
1369,0.0031790733337402344,2.384185791015625e-06,7.152557373046875e-07
1370,0.002814769744873047,1.9073486328125e-06,4.76837158203125e-07
1371,0.0030231475830078125,2.1457672119140625e-06,2.384185791015625e-07
1372,0.0027604103088378906,1.9073486328125e-06,2.384185791015625e-07
1373,0.0029866695404052734,1.9073486328125e-06,4.76837158203125e-07
1374,0.002676725387573242,1.9073486328125e-06,7.152557373046875e-07
1375,0.0022802352905273438,2.1457672119140625e-06,4.76837158203125e-07
1376,0.0022957324981689453,1.9073486328125e-06,4.76837158203125e-07
1377,0.002412557601928711,2.6226043701171875e-06,2.384185791015625e-07
1378,0.0026617050170898438,1.9073486328125e-06,4.76837158203125e-07
1379,0.002018451690673828,1.6689300537109375e-06,4.76837158203125e-07
1380,0.0026307106018066406,1.6689300537109375e-06,2.384185791015625e-07
1381,0.0026149749755859375,1.9073486328125e-06,2.384185791015625e-07
1382,0.0029561519622802734,1.6689300537109375e-06,2.384185791015625e-07
1383,0.002733469009399414,1.9073486328125e-06,2.384185791015625e-07
1384,0.0029633045196533203,1.9073486328125e-06,2.384185791015625e-07
1385,0.0022649765014648438,1.6689300537109375e-06,2.384185791015625e-07
1386,0.002455472946166992,1.6689300537109375e-06,2.384185791015625e-07
1387,0.0020225048065185547,2.1457672119140625e-06,7.152557373046875e-07
1388,0.002097606658935547,1.9073486328125e-06,4.76837158203125e-07
1389,0.0022058486938476562,1.6689300537109375e-06,2.384185791015625e-07
1390,0.0029747486114501953,1.6689300537109375e-06,2.384185791015625e-07
1391,0.0031156539916992188,2.1457672119140625e-06,2.384185791015625e-07
1392,0.002190828323364258,1.6689300537109375e-06,2.384185791015625e-07
1393,0.0027379989624023438,2.1457672119140625e-06,2.384185791015625e-07
1394,0.002433300018310547,2.1457672119140625e-06,2.384185791015625e-07
1395,0.002760648727416992,2.384185791015625e-06,2.384185791015625e-07
1396,0.0019571781158447266,1.9073486328125e-06,7.152557373046875e-07
1397,0.002121448516845703,2.1457672119140625e-06,2.384185791015625e-07
1398,0.0021893978118896484,1.9073486328125e-06,2.384185791015625e-07
1399,0.0019214153289794922,2.1457672119140625e-06,2.384185791015625e-07
1400,0.0022432804107666016,2.1457672119140625e-06,2.384185791015625e-07
1401,0.0019233226776123047,2.1457672119140625e-06,2.384185791015625e-07
1402,0.0021758079528808594,2.1457672119140625e-06,2.384185791015625e-07
1403,0.0019009113311767578,2.1457672119140625e-06,2.384185791015625e-07
1404,0.0019059181213378906,1.6689300537109375e-06,2.384185791015625e-07
1405,0.0018150806427001953,2.1457672119140625e-06,2.384185791015625e-07
1406,0.0023369789123535156,1.9073486328125e-06,4.76837158203125e-07
1407,0.0026366710662841797,2.384185791015625e-06,2.384185791015625e-07
1408,0.0027163028717041016,1.9073486328125e-06,2.384185791015625e-07
1409,0.001794576644897461,1.9073486328125e-06,7.152557373046875e-07
1410,0.0027806758880615234,2.384185791015625e-06,2.384185791015625e-07
1411,0.00244903564453125,2.1457672119140625e-06,2.384185791015625e-07
1412,0.0026397705078125,1.9073486328125e-06,2.384185791015625e-07
1413,0.0023026466369628906,2.1457672119140625e-06,4.76837158203125e-07
1414,0.002680063247680664,1.9073486328125e-06,4.76837158203125e-07
1415,0.0025005340576171875,1.9073486328125e-06,4.76837158203125e-07
1416,0.0016465187072753906,2.1457672119140625e-06,2.384185791015625e-07
1417,0.002330303192138672,1.9073486328125e-06,2.384185791015625e-07
1418,0.002364635467529297,2.1457672119140625e-06,4.76837158203125e-07
1419,0.0015921592712402344,2.1457672119140625e-06,2.384185791015625e-07
1420,0.001772165298461914,1.9073486328125e-06,2.384185791015625e-07
1421,0.0026717185974121094,2.1457672119140625e-06,2.384185791015625e-07
1422,0.0019054412841796875,1.9073486328125e-06,2.384185791015625e-07
1423,0.0022132396697998047,2.1457672119140625e-06,2.384185791015625e-07
1424,0.002682209014892578,2.384185791015625e-06,2.384185791015625e-07
1425,0.001871347427368164,1.9073486328125e-06,2.384185791015625e-07
1426,0.0019199848175048828,1.9073486328125e-06,2.384185791015625e-07
1427,0.0019643306732177734,2.1457672119140625e-06,2.384185791015625e-07
1428,0.0021958351135253906,2.1457672119140625e-06,4.76837158203125e-07
1429,0.0016014575958251953,1.9073486328125e-06,2.384185791015625e-07
1430,0.00238800048828125,1.9073486328125e-06,2.384185791015625e-07
1431,0.002237558364868164,2.1457672119140625e-06,2.384185791015625e-07
1432,0.002256155014038086,1.6689300537109375e-06,2.384185791015625e-07
1433,0.0018057823181152344,1.6689300537109375e-06,2.384185791015625e-07
1434,0.002437591552734375,2.384185791015625e-06,2.384185791015625e-07
1435,0.0024836063385009766,1.9073486328125e-06,2.384185791015625e-07
1436,0.0021157264709472656,1.6689300537109375e-06,4.76837158203125e-07
1437,0.0015070438385009766,1.9073486328125e-06,2.384185791015625e-07
1438,0.0023648738861083984,1.6689300537109375e-06,2.384185791015625e-07
1439,0.003342151641845703,1.9073486328125e-06,2.384185791015625e-07
1440,0.0025224685668945312,2.1457672119140625e-06,2.384185791015625e-07
1441,0.0016069412231445312,1.9073486328125e-06,2.384185791015625e-07
1442,0.0021889209747314453,1.9073486328125e-06,2.384185791015625e-07
1443,0.0025856494903564453,1.9073486328125e-06,4.76837158203125e-07
1444,0.0022716522216796875,1.9073486328125e-06,4.76837158203125e-07
1445,0.002247333526611328,2.1457672119140625e-06,2.384185791015625e-07
1446,0.002249479293823242,1.9073486328125e-06,2.384185791015625e-07
1447,0.002462625503540039,2.1457672119140625e-06,4.76837158203125e-07
1448,0.002590179443359375,2.1457672119140625e-06,2.384185791015625e-07
1449,0.0022194385528564453,2.384185791015625e-06,2.384185791015625e-07
1450,0.002148866653442383,2.1457672119140625e-06,2.384185791015625e-07
1451,0.0017311573028564453,1.6689300537109375e-06,2.384185791015625e-07
1452,0.0013315677642822266,2.1457672119140625e-06,2.384185791015625e-07
1453,0.002394437789916992,2.1457672119140625e-06,2.384185791015625e-07
1454,0.002372264862060547,2.1457672119140625e-06,7.152557373046875e-07
1455,0.002138853073120117,2.1457672119140625e-06,2.384185791015625e-07
1456,0.002008199691772461,1.9073486328125e-06,2.384185791015625e-07
1457,0.002451658248901367,2.1457672119140625e-06,2.384185791015625e-07
1458,0.002184629440307617,2.384185791015625e-06,2.384185791015625e-07
1459,0.001870870590209961,1.9073486328125e-06,2.384185791015625e-07
1460,0.0028095245361328125,2.1457672119140625e-06,2.384185791015625e-07
1461,0.002695322036743164,2.1457672119140625e-06,2.384185791015625e-07
1462,0.002820730209350586,1.9073486328125e-06,2.384185791015625e-07
1463,0.0028390884399414062,2.1457672119140625e-06,7.152557373046875e-07
1464,0.0021674633026123047,2.384185791015625e-06,2.384185791015625e-07
1465,0.0024673938751220703,1.6689300537109375e-06,2.384185791015625e-07
1466,0.0016665458679199219,1.9073486328125e-06,2.384185791015625e-07
1467,0.0018954277038574219,1.9073486328125e-06,4.76837158203125e-07
1468,0.001661539077758789,1.9073486328125e-06,2.384185791015625e-07
1469,0.0012907981872558594,1.9073486328125e-06,2.384185791015625e-07
1470,0.0016574859619140625,1.9073486328125e-06,2.384185791015625e-07
1471,0.0017023086547851562,2.1457672119140625e-06,2.384185791015625e-07
1472,0.00185394287109375,2.384185791015625e-06,2.384185791015625e-07
1473,0.001600503921508789,1.9073486328125e-06,2.384185791015625e-07
1474,0.0014963150024414062,2.1457672119140625e-06,2.384185791015625e-07
1475,0.001972198486328125,1.9073486328125e-06,4.76837158203125e-07
1476,0.0015337467193603516,2.384185791015625e-06,4.76837158203125e-07
1477,0.0016582012176513672,1.9073486328125e-06,4.76837158203125e-07
1478,0.001268148422241211,2.1457672119140625e-06,2.384185791015625e-07
1479,0.001407623291015625,1.9073486328125e-06,2.384185791015625e-07
1480,0.0014693737030029297,2.1457672119140625e-06,2.384185791015625e-07
1481,0.0016255378723144531,2.1457672119140625e-06,2.384185791015625e-07
1482,0.0019216537475585938,2.1457672119140625e-06,2.384185791015625e-07
1483,0.0017838478088378906,1.9073486328125e-06,2.384185791015625e-07
1484,0.0012907981872558594,3.0994415283203125e-06,2.384185791015625e-07
1485,0.001714468002319336,1.6689300537109375e-06,2.384185791015625e-07
1486,0.001589059829711914,2.1457672119140625e-06,2.384185791015625e-07
1487,0.002101421356201172,1.9073486328125e-06,4.76837158203125e-07
1488,0.0015087127685546875,2.1457672119140625e-06,4.76837158203125e-07
1489,0.001821279525756836,1.9073486328125e-06,2.384185791015625e-07
1490,0.0020287036895751953,2.1457672119140625e-06,2.384185791015625e-07
1491,0.0014946460723876953,2.1457672119140625e-06,7.152557373046875e-07
1492,0.0018401145935058594,1.9073486328125e-06,2.384185791015625e-07
1493,0.001634359359741211,1.6689300537109375e-06,2.384185791015625e-07
1494,0.0014178752899169922,2.384185791015625e-06,4.76837158203125e-07
1495,0.0016243457794189453,1.9073486328125e-06,2.384185791015625e-07
1496,0.0017905235290527344,1.9073486328125e-06,2.384185791015625e-07
1497,0.0015492439270019531,1.6689300537109375e-06,2.384185791015625e-07
1498,0.001390695571899414,1.6689300537109375e-06,2.384185791015625e-07
1499,0.0017299652099609375,1.6689300537109375e-06,4.76837158203125e-07
1500,0.0013341903686523438,2.86102294921875e-06,7.152557373046875e-07
1501,0.0016870498657226562,1.9073486328125e-06,2.384185791015625e-07
1502,0.001226186752319336,2.384185791015625e-06,2.384185791015625e-07
1503,0.0016536712646484375,2.1457672119140625e-06,2.384185791015625e-07
1504,0.00148773193359375,1.6689300537109375e-06,4.76837158203125e-07
1505,0.0014507770538330078,2.1457672119140625e-06,2.384185791015625e-07
1506,0.0016837120056152344,1.9073486328125e-06,2.384185791015625e-07
1507,0.001684427261352539,1.6689300537109375e-06,2.384185791015625e-07
1508,0.0017948150634765625,1.9073486328125e-06,2.384185791015625e-07
1509,0.0015609264373779297,1.9073486328125e-06,2.384185791015625e-07
1510,0.001463174819946289,2.1457672119140625e-06,2.384185791015625e-07
1511,0.0016515254974365234,1.9073486328125e-06,2.384185791015625e-07
1512,0.0011792182922363281,1.9073486328125e-06,2.384185791015625e-07
1513,0.0017468929290771484,1.9073486328125e-06,2.384185791015625e-07
1514,0.001256704330444336,1.6689300537109375e-06,2.384185791015625e-07
1515,0.001316070556640625,2.1457672119140625e-06,2.384185791015625e-07
1516,0.0019125938415527344,2.1457672119140625e-06,2.384185791015625e-07
1517,0.0014035701751708984,2.1457672119140625e-06,9.5367431640625e-07
1518,0.0015339851379394531,1.9073486328125e-06,2.384185791015625e-07
1519,0.0012211799621582031,1.9073486328125e-06,2.384185791015625e-07
1520,0.0016286373138427734,2.384185791015625e-06,2.384185791015625e-07
1521,0.0015256404876708984,1.9073486328125e-06,2.384185791015625e-07
1522,0.0014519691467285156,1.9073486328125e-06,2.384185791015625e-07
1523,0.0012469291687011719,1.9073486328125e-06,2.384185791015625e-07
1524,0.0010578632354736328,2.6226043701171875e-06,2.384185791015625e-07
1525,0.0015301704406738281,1.9073486328125e-06,2.384185791015625e-07
1526,0.0014600753784179688,1.9073486328125e-06,4.76837158203125e-07
1527,0.0010859966278076172,1.9073486328125e-06,2.384185791015625e-07
1528,0.001462697982788086,1.9073486328125e-06,2.384185791015625e-07
1529,0.0010950565338134766,2.1457672119140625e-06,2.384185791015625e-07
1530,0.0013132095336914062,1.6689300537109375e-06,2.384185791015625e-07
1531,0.0021691322326660156,1.9073486328125e-06,2.384185791015625e-07
1532,0.001493215560913086,1.9073486328125e-06,2.384185791015625e-07
1533,0.0019414424896240234,1.9073486328125e-06,2.384185791015625e-07
1534,0.0017151832580566406,2.1457672119140625e-06,2.384185791015625e-07
1535,0.0017883777618408203,2.1457672119140625e-06,4.76837158203125e-07
1536,0.0011353492736816406,1.9073486328125e-06,2.384185791015625e-07
1537,0.0014896392822265625,1.9073486328125e-06,4.76837158203125e-07
1538,0.0016121864318847656,2.1457672119140625e-06,2.384185791015625e-07
1539,0.0013911724090576172,2.384185791015625e-06,2.384185791015625e-07
1540,0.0017426013946533203,1.9073486328125e-06,2.384185791015625e-07
1541,0.0015833377838134766,2.1457672119140625e-06,2.384185791015625e-07
1542,0.001561880111694336,2.1457672119140625e-06,2.384185791015625e-07
1543,0.0011849403381347656,1.430511474609375e-06,2.384185791015625e-07
1544,0.001239776611328125,1.6689300537109375e-06,4.76837158203125e-07
1545,0.0019812583923339844,1.6689300537109375e-06,4.76837158203125e-07
1546,0.0012526512145996094,1.9073486328125e-06,4.76837158203125e-07
1547,0.0014796257019042969,1.6689300537109375e-06,2.384185791015625e-07
1548,0.0018808841705322266,1.6689300537109375e-06,2.384185791015625e-07
1549,0.001963376998901367,1.9073486328125e-06,2.384185791015625e-07
1550,0.0014798641204833984,1.6689300537109375e-06,2.384185791015625e-07
1551,0.0014035701751708984,1.6689300537109375e-06,2.384185791015625e-07
1552,0.001931905746459961,2.384185791015625e-06,4.76837158203125e-07
1553,0.001859903335571289,1.9073486328125e-06,2.384185791015625e-07
1554,0.0016317367553710938,2.1457672119140625e-06,2.384185791015625e-07
1555,0.002105712890625,1.9073486328125e-06,2.384185791015625e-07
1556,0.0014514923095703125,2.1457672119140625e-06,2.384185791015625e-07
1557,0.0016980171203613281,2.1457672119140625e-06,2.384185791015625e-07
1558,0.001827239990234375,2.1457672119140625e-06,4.76837158203125e-07
1559,0.0016672611236572266,1.6689300537109375e-06,2.384185791015625e-07
1560,0.0014410018920898438,2.1457672119140625e-06,2.384185791015625e-07
1561,0.0009605884552001953,2.1457672119140625e-06,2.384185791015625e-07
1562,0.0012905597686767578,1.6689300537109375e-06,2.384185791015625e-07
1563,0.001852273941040039,1.9073486328125e-06,2.384185791015625e-07
1564,0.0014731884002685547,2.1457672119140625e-06,2.384185791015625e-07
1565,0.001462697982788086,1.9073486328125e-06,2.384185791015625e-07
1566,0.0017981529235839844,1.9073486328125e-06,2.384185791015625e-07
1567,0.0014576911926269531,2.1457672119140625e-06,2.384185791015625e-07
1568,0.0012309551239013672,1.9073486328125e-06,4.76837158203125e-07
1569,0.0013620853424072266,2.1457672119140625e-06,4.76837158203125e-07
1570,0.0012638568878173828,1.6689300537109375e-06,4.76837158203125e-07
1571,0.0012996196746826172,2.1457672119140625e-06,2.384185791015625e-07
1572,0.0018160343170166016,2.1457672119140625e-06,4.76837158203125e-07
1573,0.0012574195861816406,1.9073486328125e-06,2.384185791015625e-07
1574,0.0016341209411621094,1.9073486328125e-06,2.384185791015625e-07
1575,0.0014348030090332031,1.9073486328125e-06,2.384185791015625e-07
1576,0.0018415451049804688,1.9073486328125e-06,2.384185791015625e-07
1577,0.0014865398406982422,1.9073486328125e-06,2.384185791015625e-07
1578,0.00200653076171875,1.6689300537109375e-06,2.384185791015625e-07
1579,0.0014939308166503906,1.9073486328125e-06,2.384185791015625e-07
1580,0.0014276504516601562,2.1457672119140625e-06,2.384185791015625e-07
1581,0.0012905597686767578,2.384185791015625e-06,4.76837158203125e-07
1582,0.0015399456024169922,1.430511474609375e-06,2.384185791015625e-07
1583,0.0016100406646728516,1.6689300537109375e-06,4.76837158203125e-07
1584,0.0017049312591552734,1.9073486328125e-06,4.76837158203125e-07
1585,0.001039743423461914,1.9073486328125e-06,7.152557373046875e-07
1586,0.001369476318359375,1.6689300537109375e-06,2.384185791015625e-07
1587,0.0013628005981445312,2.1457672119140625e-06,2.384185791015625e-07
1588,0.0025701522827148438,2.1457672119140625e-06,2.384185791015625e-07
1589,0.002513408660888672,1.9073486328125e-06,2.384185791015625e-07
1590,0.0019555091857910156,1.9073486328125e-06,4.76837158203125e-07
1591,0.002808809280395508,2.1457672119140625e-06,4.76837158203125e-07
1592,0.0024862289428710938,2.1457672119140625e-06,4.76837158203125e-07
1593,0.0013725757598876953,1.9073486328125e-06,4.76837158203125e-07
1594,0.0024819374084472656,2.1457672119140625e-06,4.76837158203125e-07
1595,0.0019252300262451172,2.1457672119140625e-06,4.76837158203125e-07
1596,0.0027709007263183594,2.1457672119140625e-06,4.76837158203125e-07
1597,0.002665996551513672,2.1457672119140625e-06,4.76837158203125e-07
1598,0.001916646957397461,2.1457672119140625e-06,7.152557373046875e-07
1599,0.001873016357421875,1.9073486328125e-06,2.384185791015625e-07
1600,0.002855062484741211,1.9073486328125e-06,2.384185791015625e-07
1601,0.002133607864379883,1.9073486328125e-06,2.384185791015625e-07
1602,0.002279996871948242,1.9073486328125e-06,4.76837158203125e-07
1603,0.002405405044555664,1.9073486328125e-06,4.76837158203125e-07
1604,0.0026836395263671875,2.1457672119140625e-06,2.384185791015625e-07
1605,0.0025451183319091797,2.1457672119140625e-06,2.384185791015625e-07
1606,0.002420663833618164,1.6689300537109375e-06,7.152557373046875e-07
1607,0.0020132064819335938,2.1457672119140625e-06,2.384185791015625e-07
1608,0.002757549285888672,2.1457672119140625e-06,2.384185791015625e-07
1609,0.0032434463500976562,1.9073486328125e-06,2.384185791015625e-07
1610,0.002452373504638672,2.6226043701171875e-06,4.76837158203125e-07
1611,0.002548694610595703,1.9073486328125e-06,2.384185791015625e-07
1612,0.002490520477294922,1.9073486328125e-06,2.384185791015625e-07
1613,0.00244140625,1.6689300537109375e-06,2.384185791015625e-07
1614,0.002412080764770508,1.6689300537109375e-06,2.384185791015625e-07
1615,0.003072977066040039,1.9073486328125e-06,2.384185791015625e-07
1616,0.0029060840606689453,1.6689300537109375e-06,2.384185791015625e-07
1617,0.002703428268432617,1.9073486328125e-06,2.384185791015625e-07
1618,0.0028111934661865234,1.6689300537109375e-06,2.384185791015625e-07
1619,0.0028388500213623047,1.6689300537109375e-06,2.384185791015625e-07
1620,0.002337217330932617,1.6689300537109375e-06,4.76837158203125e-07
1621,0.0026569366455078125,1.6689300537109375e-06,4.76837158203125e-07
1622,0.002791881561279297,1.9073486328125e-06,2.384185791015625e-07
1623,0.002966165542602539,1.6689300537109375e-06,2.384185791015625e-07
1624,0.0035495758056640625,1.9073486328125e-06,7.152557373046875e-07
1625,0.002176046371459961,1.9073486328125e-06,4.76837158203125e-07
1626,0.002789020538330078,1.9073486328125e-06,2.384185791015625e-07
1627,0.0029845237731933594,1.9073486328125e-06,2.384185791015625e-07
1628,0.0028676986694335938,1.9073486328125e-06,4.76837158203125e-07
1629,0.0030221939086914062,2.1457672119140625e-06,4.76837158203125e-07
1630,0.002093076705932617,1.9073486328125e-06,2.384185791015625e-07
1631,0.0028705596923828125,1.6689300537109375e-06,2.384185791015625e-07
1632,0.0025014877319335938,1.9073486328125e-06,4.76837158203125e-07
1633,0.0023550987243652344,1.9073486328125e-06,4.76837158203125e-07
1634,0.0020933151245117188,1.9073486328125e-06,4.76837158203125e-07
1635,0.0019237995147705078,2.1457672119140625e-06,2.384185791015625e-07
1636,0.00152587890625,2.1457672119140625e-06,2.384185791015625e-07
1637,0.0025186538696289062,2.1457672119140625e-06,2.384185791015625e-07
1638,0.002774477005004883,1.9073486328125e-06,2.384185791015625e-07
1639,0.002911806106567383,1.6689300537109375e-06,4.76837158203125e-07
1640,0.002869129180908203,2.1457672119140625e-06,2.384185791015625e-07
1641,0.0025129318237304688,2.1457672119140625e-06,2.384185791015625e-07
1642,0.002336740493774414,2.1457672119140625e-06,4.76837158203125e-07
1643,0.0018630027770996094,1.9073486328125e-06,2.384185791015625e-07
1644,0.001556396484375,1.430511474609375e-06,4.76837158203125e-07
1645,0.0015380382537841797,1.6689300537109375e-06,2.384185791015625e-07
1646,0.002468109130859375,1.9073486328125e-06,2.384185791015625e-07
1647,0.0025327205657958984,1.6689300537109375e-06,7.152557373046875e-07
1648,0.0025663375854492188,1.9073486328125e-06,2.384185791015625e-07
1649,0.002152681350708008,1.6689300537109375e-06,2.384185791015625e-07
1650,0.002079486846923828,2.1457672119140625e-06,2.384185791015625e-07
1651,0.0023398399353027344,1.6689300537109375e-06,2.384185791015625e-07
1652,0.002046823501586914,1.9073486328125e-06,4.76837158203125e-07
1653,0.0020406246185302734,1.9073486328125e-06,2.384185791015625e-07
1654,0.0023756027221679688,1.9073486328125e-06,2.384185791015625e-07
1655,0.0022275447845458984,1.6689300537109375e-06,2.384185791015625e-07
1656,0.002746105194091797,2.1457672119140625e-06,2.384185791015625e-07
1657,0.002680063247680664,2.1457672119140625e-06,2.384185791015625e-07
1658,0.0024862289428710938,2.1457672119140625e-06,2.384185791015625e-07
1659,0.0017604827880859375,1.9073486328125e-06,2.384185791015625e-07
1660,0.002078533172607422,1.6689300537109375e-06,2.384185791015625e-07
1661,0.0017478466033935547,2.1457672119140625e-06,7.152557373046875e-07
1662,0.0019292831420898438,1.9073486328125e-06,2.384185791015625e-07
1663,0.0021457672119140625,2.1457672119140625e-06,2.384185791015625e-07
1664,0.001920461654663086,2.384185791015625e-06,4.76837158203125e-07
1665,0.0013659000396728516,2.1457672119140625e-06,2.384185791015625e-07
1666,0.0012814998626708984,2.1457672119140625e-06,2.384185791015625e-07
1667,0.00185394287109375,1.9073486328125e-06,2.384185791015625e-07
1668,0.001861572265625,1.9073486328125e-06,2.384185791015625e-07
1669,0.001523733139038086,1.9073486328125e-06,2.384185791015625e-07
1670,0.0017189979553222656,1.9073486328125e-06,4.76837158203125e-07
1671,0.002339601516723633,1.9073486328125e-06,4.76837158203125e-07
1672,0.002478361129760742,2.1457672119140625e-06,4.76837158203125e-07
1673,0.001985788345336914,1.9073486328125e-06,2.384185791015625e-07
1674,0.002080202102661133,1.9073486328125e-06,2.384185791015625e-07
1675,0.001516103744506836,1.9073486328125e-06,4.76837158203125e-07
1676,0.001558542251586914,1.9073486328125e-06,4.76837158203125e-07
1677,0.0019328594207763672,2.1457672119140625e-06,2.384185791015625e-07
1678,0.0018718242645263672,2.1457672119140625e-06,2.384185791015625e-07
1679,0.0024106502532958984,1.9073486328125e-06,2.384185791015625e-07
1680,0.0016202926635742188,2.384185791015625e-06,4.76837158203125e-07
1681,0.0017895698547363281,1.9073486328125e-06,2.384185791015625e-07
1682,0.0017943382263183594,1.6689300537109375e-06,2.384185791015625e-07
1683,0.002447366714477539,1.6689300537109375e-06,2.384185791015625e-07
1684,0.0025022029876708984,1.9073486328125e-06,4.76837158203125e-07
1685,0.0021932125091552734,2.1457672119140625e-06,4.76837158203125e-07
1686,0.002346515655517578,1.9073486328125e-06,2.384185791015625e-07
1687,0.0017452239990234375,2.1457672119140625e-06,2.384185791015625e-07
1688,0.0017313957214355469,1.6689300537109375e-06,4.76837158203125e-07
1689,0.0013928413391113281,2.1457672119140625e-06,4.76837158203125e-07
1690,0.0014374256134033203,1.9073486328125e-06,4.76837158203125e-07
1691,0.002434968948364258,1.9073486328125e-06,2.384185791015625e-07
1692,0.0017404556274414062,2.1457672119140625e-06,2.384185791015625e-07
1693,0.0019092559814453125,1.9073486328125e-06,9.5367431640625e-07
1694,0.0021681785583496094,1.9073486328125e-06,2.384185791015625e-07
1695,0.0023849010467529297,1.6689300537109375e-06,4.76837158203125e-07
1696,0.0027315616607666016,1.6689300537109375e-06,2.384185791015625e-07
1697,0.002919912338256836,1.6689300537109375e-06,2.384185791015625e-07
1698,0.0019371509552001953,1.6689300537109375e-06,2.384185791015625e-07
1699,0.00240325927734375,2.1457672119140625e-06,2.384185791015625e-07
1700,0.0019292831420898438,2.1457672119140625e-06,2.384185791015625e-07
1701,0.0020775794982910156,1.6689300537109375e-06,2.384185791015625e-07
1702,0.002331256866455078,2.384185791015625e-06,7.152557373046875e-07
1703,0.0025835037231445312,1.9073486328125e-06,2.384185791015625e-07
1704,0.001974344253540039,2.1457672119140625e-06,2.384185791015625e-07
1705,0.0023403167724609375,1.6689300537109375e-06,2.384185791015625e-07
1706,0.002685070037841797,1.9073486328125e-06,4.76837158203125e-07
1707,0.0021212100982666016,1.9073486328125e-06,2.384185791015625e-07
1708,0.002362966537475586,1.9073486328125e-06,2.384185791015625e-07
1709,0.0017437934875488281,1.6689300537109375e-06,0.0
1710,0.0016930103302001953,1.9073486328125e-06,2.384185791015625e-07
1711,0.0014657974243164062,1.6689300537109375e-06,2.384185791015625e-07
1712,0.0025162696838378906,1.9073486328125e-06,2.384185791015625e-07
1713,0.002286195755004883,1.430511474609375e-06,2.384185791015625e-07
1714,0.002205371856689453,1.9073486328125e-06,2.384185791015625e-07
1715,0.001634359359741211,1.9073486328125e-06,4.76837158203125e-07
1716,0.0020558834075927734,1.9073486328125e-06,4.76837158203125e-07
1717,0.002002239227294922,2.1457672119140625e-06,2.384185791015625e-07
1718,0.001373291015625,1.9073486328125e-06,4.76837158203125e-07
1719,0.0021758079528808594,1.6689300537109375e-06,7.152557373046875e-07
1720,0.002286195755004883,2.1457672119140625e-06,4.76837158203125e-07
1721,0.0024154186248779297,1.9073486328125e-06,4.76837158203125e-07
1722,0.0020716190338134766,1.9073486328125e-06,2.384185791015625e-07
1723,0.002161741256713867,1.6689300537109375e-06,2.384185791015625e-07
1724,0.002504587173461914,2.1457672119140625e-06,4.76837158203125e-07
1725,0.0022144317626953125,1.6689300537109375e-06,2.384185791015625e-07
1726,0.0022726058959960938,1.430511474609375e-06,2.384185791015625e-07
1727,0.0020928382873535156,1.9073486328125e-06,2.384185791015625e-07
1728,0.0017361640930175781,2.384185791015625e-06,4.76837158203125e-07
1729,0.0019154548645019531,1.6689300537109375e-06,2.384185791015625e-07
1730,0.001554727554321289,1.6689300537109375e-06,2.384185791015625e-07
1731,0.0014650821685791016,1.6689300537109375e-06,2.384185791015625e-07
1732,0.0020644664764404297,1.6689300537109375e-06,2.384185791015625e-07
1733,0.001956939697265625,1.9073486328125e-06,4.76837158203125e-07
1734,0.0013554096221923828,1.9073486328125e-06,2.384185791015625e-07
1735,0.0016701221466064453,1.9073486328125e-06,2.384185791015625e-07
1736,0.0018918514251708984,2.6226043701171875e-06,2.384185791015625e-07
1737,0.0015468597412109375,1.9073486328125e-06,4.76837158203125e-07
1738,0.0015521049499511719,1.9073486328125e-06,4.76837158203125e-07
1739,0.0023660659790039062,1.6689300537109375e-06,4.76837158203125e-07
1740,0.0024955272674560547,1.6689300537109375e-06,2.384185791015625e-07
1741,0.0023152828216552734,1.6689300537109375e-06,7.152557373046875e-07
1742,0.001796722412109375,1.9073486328125e-06,2.384185791015625e-07
1743,0.0018379688262939453,1.6689300537109375e-06,4.76837158203125e-07
1744,0.0017230510711669922,1.6689300537109375e-06,2.384185791015625e-07
1745,0.0018191337585449219,1.6689300537109375e-06,2.384185791015625e-07
1746,0.0019817352294921875,1.6689300537109375e-06,2.384185791015625e-07
1747,0.002474069595336914,1.6689300537109375e-06,4.76837158203125e-07
1748,0.003460407257080078,1.6689300537109375e-06,2.384185791015625e-07
1749,0.0029668807983398438,1.6689300537109375e-06,2.384185791015625e-07
1750,0.0020313262939453125,2.1457672119140625e-06,4.76837158203125e-07
1751,0.0029058456420898438,2.1457672119140625e-06,2.384185791015625e-07
1752,0.002382516860961914,1.9073486328125e-06,2.384185791015625e-07
1753,0.0018775463104248047,2.1457672119140625e-06,2.384185791015625e-07
1754,0.0018374919891357422,1.6689300537109375e-06,2.384185791015625e-07
1755,0.002125978469848633,1.6689300537109375e-06,2.384185791015625e-07
1756,0.0021288394927978516,1.9073486328125e-06,2.384185791015625e-07
1757,0.0022323131561279297,1.9073486328125e-06,2.384185791015625e-07
1758,0.0020198822021484375,1.9073486328125e-06,2.384185791015625e-07
1759,0.002569913864135742,2.1457672119140625e-06,2.384185791015625e-07
1760,0.0017437934875488281,2.1457672119140625e-06,2.384185791015625e-07
1761,0.0023241043090820312,2.1457672119140625e-06,4.76837158203125e-07
1762,0.0026082992553710938,1.9073486328125e-06,2.384185791015625e-07
1763,0.0023696422576904297,2.1457672119140625e-06,4.76837158203125e-07
1764,0.0022847652435302734,2.1457672119140625e-06,4.76837158203125e-07
1765,0.0028159618377685547,2.1457672119140625e-06,4.76837158203125e-07
1766,0.0026483535766601562,1.9073486328125e-06,2.384185791015625e-07
1767,0.002156496047973633,1.9073486328125e-06,2.384185791015625e-07
1768,0.001995563507080078,1.6689300537109375e-06,2.384185791015625e-07
1769,0.002739429473876953,1.9073486328125e-06,4.76837158203125e-07
1770,0.002349853515625,1.9073486328125e-06,4.76837158203125e-07
1771,0.0027244091033935547,1.9073486328125e-06,2.384185791015625e-07
1772,0.0028264522552490234,2.1457672119140625e-06,9.5367431640625e-07
1773,0.003039121627807617,1.9073486328125e-06,4.76837158203125e-07
1774,0.0027687549591064453,2.1457672119140625e-06,2.384185791015625e-07
1775,0.002708911895751953,2.1457672119140625e-06,2.384185791015625e-07
1776,0.002649068832397461,2.1457672119140625e-06,4.76837158203125e-07
1777,0.002507448196411133,2.384185791015625e-06,2.384185791015625e-07
1778,0.002832651138305664,1.9073486328125e-06,2.384185791015625e-07
1779,0.002711057662963867,2.1457672119140625e-06,4.76837158203125e-07
1780,0.0026090145111083984,1.6689300537109375e-06,2.384185791015625e-07
1781,0.002371549606323242,1.6689300537109375e-06,4.76837158203125e-07
1782,0.002137422561645508,1.9073486328125e-06,2.384185791015625e-07
1783,0.0030090808868408203,1.6689300537109375e-06,2.384185791015625e-07
1784,0.0027539730072021484,2.1457672119140625e-06,2.384185791015625e-07
1785,0.002696514129638672,1.9073486328125e-06,4.76837158203125e-07
1786,0.0027379989624023438,2.1457672119140625e-06,2.384185791015625e-07
1787,0.0024900436401367188,2.1457672119140625e-06,2.384185791015625e-07
1788,0.0025687217712402344,2.1457672119140625e-06,2.384185791015625e-07
1789,0.00307464599609375,1.6689300537109375e-06,2.384185791015625e-07
1790,0.002652406692504883,2.1457672119140625e-06,4.76837158203125e-07
1791,0.0030722618103027344,1.9073486328125e-06,2.384185791015625e-07
1792,0.002960205078125,1.9073486328125e-06,2.384185791015625e-07
1793,0.003046274185180664,1.9073486328125e-06,2.384185791015625e-07
1794,0.0026197433471679688,1.6689300537109375e-06,4.76837158203125e-07
1795,0.002180337905883789,1.9073486328125e-06,2.384185791015625e-07
1796,0.0023064613342285156,1.6689300537109375e-06,2.384185791015625e-07
1797,0.0027244091033935547,1.9073486328125e-06,2.384185791015625e-07
1798,0.002588510513305664,2.384185791015625e-06,2.384185791015625e-07
1799,0.002853870391845703,2.1457672119140625e-06,2.384185791015625e-07
1800,0.002295970916748047,2.1457672119140625e-06,2.384185791015625e-07
1801,0.0026807785034179688,2.1457672119140625e-06,4.76837158203125e-07
1802,0.0028769969940185547,2.1457672119140625e-06,2.384185791015625e-07
1803,0.0023500919342041016,1.9073486328125e-06,7.152557373046875e-07
1804,0.002317190170288086,1.6689300537109375e-06,2.384185791015625e-07
1805,0.0033609867095947266,1.6689300537109375e-06,2.384185791015625e-07
1806,0.0027649402618408203,1.6689300537109375e-06,4.76837158203125e-07
1807,0.0017688274383544922,1.9073486328125e-06,2.384185791015625e-07
1808,0.0018854141235351562,1.9073486328125e-06,2.384185791015625e-07
1809,0.002248048782348633,2.1457672119140625e-06,4.76837158203125e-07
1810,0.0023937225341796875,2.1457672119140625e-06,4.76837158203125e-07
1811,0.001703023910522461,2.1457672119140625e-06,4.76837158203125e-07
1812,0.002526998519897461,1.9073486328125e-06,2.384185791015625e-07
1813,0.0025250911712646484,1.9073486328125e-06,2.384185791015625e-07
1814,0.0018930435180664062,1.6689300537109375e-06,2.384185791015625e-07
1815,0.0017466545104980469,1.9073486328125e-06,2.384185791015625e-07
1816,0.002177000045776367,1.9073486328125e-06,2.384185791015625e-07
1817,0.0021352767944335938,1.6689300537109375e-06,4.76837158203125e-07
1818,0.0016796588897705078,1.9073486328125e-06,2.384185791015625e-07
1819,0.002437591552734375,1.6689300537109375e-06,4.76837158203125e-07
1820,0.0021555423736572266,1.9073486328125e-06,4.76837158203125e-07
1821,0.0012023448944091797,1.6689300537109375e-06,2.384185791015625e-07
1822,0.002232074737548828,2.1457672119140625e-06,2.384185791015625e-07
1823,0.0021283626556396484,2.384185791015625e-06,2.384185791015625e-07
1824,0.002027273178100586,2.1457672119140625e-06,2.384185791015625e-07
1825,0.0018379688262939453,1.9073486328125e-06,2.384185791015625e-07
1826,0.0025739669799804688,1.9073486328125e-06,2.384185791015625e-07
1827,0.0027985572814941406,2.1457672119140625e-06,2.384185791015625e-07
1828,0.0022649765014648438,2.1457672119140625e-06,4.76837158203125e-07
1829,0.0016703605651855469,2.1457672119140625e-06,2.384185791015625e-07
1830,0.002400636672973633,2.1457672119140625e-06,4.76837158203125e-07
1831,0.0020601749420166016,2.384185791015625e-06,2.384185791015625e-07
1832,0.002536296844482422,2.1457672119140625e-06,2.384185791015625e-07
1833,0.0020377635955810547,1.9073486328125e-06,2.384185791015625e-07
1834,0.002195596694946289,1.9073486328125e-06,2.384185791015625e-07
1835,0.0025548934936523438,2.1457672119140625e-06,2.384185791015625e-07
1836,0.0025413036346435547,2.1457672119140625e-06,2.384185791015625e-07
1837,0.001825094223022461,2.1457672119140625e-06,2.384185791015625e-07
1838,0.0025827884674072266,2.1457672119140625e-06,2.384185791015625e-07
1839,0.002615213394165039,2.1457672119140625e-06,4.76837158203125e-07
1840,0.0017747879028320312,2.1457672119140625e-06,2.384185791015625e-07
1841,0.0023050308227539062,1.9073486328125e-06,2.384185791015625e-07
1842,0.002513885498046875,1.9073486328125e-06,2.384185791015625e-07
1843,0.0020325183868408203,1.9073486328125e-06,2.384185791015625e-07
1844,0.0025186538696289062,1.9073486328125e-06,2.384185791015625e-07
1845,0.0022101402282714844,1.6689300537109375e-06,2.384185791015625e-07
1846,0.0018794536590576172,1.9073486328125e-06,2.384185791015625e-07
1847,0.002579927444458008,2.1457672119140625e-06,2.384185791015625e-07
1848,0.0019192695617675781,2.1457672119140625e-06,2.384185791015625e-07
1849,0.002263307571411133,1.9073486328125e-06,2.384185791015625e-07
1850,0.002315044403076172,2.1457672119140625e-06,2.384185791015625e-07
1851,0.0025415420532226562,1.9073486328125e-06,4.76837158203125e-07
1852,0.001890420913696289,1.6689300537109375e-06,4.76837158203125e-07
1853,0.0025284290313720703,1.6689300537109375e-06,7.152557373046875e-07
1854,0.0020945072174072266,1.9073486328125e-06,2.384185791015625e-07
1855,0.0023365020751953125,2.1457672119140625e-06,2.384185791015625e-07
1856,0.0027763843536376953,1.9073486328125e-06,2.384185791015625e-07
1857,0.0022170543670654297,2.1457672119140625e-06,2.384185791015625e-07
1858,0.0029718875885009766,2.1457672119140625e-06,4.76837158203125e-07
1859,0.0023508071899414062,2.384185791015625e-06,2.384185791015625e-07
1860,0.002356290817260742,2.1457672119140625e-06,2.384185791015625e-07
1861,0.0029938220977783203,1.9073486328125e-06,2.384185791015625e-07
1862,0.0021505355834960938,1.9073486328125e-06,2.384185791015625e-07
1863,0.002417325973510742,1.6689300537109375e-06,2.384185791015625e-07
1864,0.0016384124755859375,1.6689300537109375e-06,2.384185791015625e-07
1865,0.0026662349700927734,1.6689300537109375e-06,2.384185791015625e-07
1866,0.001293182373046875,2.384185791015625e-06,2.384185791015625e-07
1867,0.002839803695678711,1.6689300537109375e-06,2.384185791015625e-07
1868,0.0018627643585205078,1.6689300537109375e-06,2.384185791015625e-07
1869,0.0020325183868408203,1.430511474609375e-06,2.384185791015625e-07
1870,0.001850128173828125,1.430511474609375e-06,2.384185791015625e-07
1871,0.0025653839111328125,1.9073486328125e-06,2.384185791015625e-07
1872,0.002887248992919922,1.9073486328125e-06,2.384185791015625e-07
1873,0.0027894973754882812,2.1457672119140625e-06,2.384185791015625e-07
1874,0.0020318031311035156,1.9073486328125e-06,2.384185791015625e-07
1875,0.002744436264038086,1.9073486328125e-06,2.384185791015625e-07
1876,0.0028007030487060547,1.9073486328125e-06,2.384185791015625e-07
1877,0.0028808116912841797,4.76837158203125e-06,2.384185791015625e-07
1878,0.0026323795318603516,1.9073486328125e-06,2.384185791015625e-07
1879,0.002237558364868164,2.1457672119140625e-06,2.384185791015625e-07
1880,0.0025877952575683594,2.1457672119140625e-06,2.384185791015625e-07
1881,0.0021657943725585938,1.9073486328125e-06,4.76837158203125e-07
1882,0.00194549560546875,1.9073486328125e-06,4.76837158203125e-07
1883,0.0024611949920654297,1.6689300537109375e-06,2.384185791015625e-07
1884,0.002649545669555664,1.9073486328125e-06,2.384185791015625e-07
1885,0.0025625228881835938,2.1457672119140625e-06,2.384185791015625e-07
1886,0.002407073974609375,2.1457672119140625e-06,2.384185791015625e-07
1887,0.0026159286499023438,2.1457672119140625e-06,2.384185791015625e-07
1888,0.002095460891723633,1.3589859008789062e-05,2.384185791015625e-07
1889,0.002861499786376953,1.9073486328125e-06,2.384185791015625e-07
1890,0.002129793167114258,1.9073486328125e-06,2.384185791015625e-07
1891,0.0022046566009521484,2.1457672119140625e-06,2.384185791015625e-07
1892,0.002145528793334961,1.6689300537109375e-06,2.384185791015625e-07
1893,0.0022668838500976562,1.9073486328125e-06,2.384185791015625e-07
1894,0.002164125442504883,2.1457672119140625e-06,4.76837158203125e-07
1895,0.002379894256591797,1.9073486328125e-06,7.152557373046875e-07
1896,0.001954793930053711,2.1457672119140625e-06,4.76837158203125e-07
1897,0.0024611949920654297,1.9073486328125e-06,2.384185791015625e-07
1898,0.0027704238891601562,1.6689300537109375e-06,2.384185791015625e-07
1899,0.0024700164794921875,1.6689300537109375e-06,2.384185791015625e-07
1900,0.0019278526306152344,1.6689300537109375e-06,2.384185791015625e-07
1901,0.0027015209197998047,1.9073486328125e-06,2.384185791015625e-07
1902,0.002424478530883789,1.9073486328125e-06,2.384185791015625e-07
1903,0.002257108688354492,1.6689300537109375e-06,2.384185791015625e-07
1904,0.0022420883178710938,2.1457672119140625e-06,2.384185791015625e-07
1905,0.0017008781433105469,2.1457672119140625e-06,2.384185791015625e-07
1906,0.0022788047790527344,1.6689300537109375e-06,2.384185791015625e-07
1907,0.0027227401733398438,1.6689300537109375e-06,2.384185791015625e-07
1908,0.002108335494995117,1.6689300537109375e-06,7.152557373046875e-07
1909,0.002358675003051758,1.6689300537109375e-06,2.384185791015625e-07
1910,0.0021948814392089844,1.6689300537109375e-06,2.384185791015625e-07
1911,0.002357006072998047,1.6689300537109375e-06,2.384185791015625e-07
1912,0.0023288726806640625,1.9073486328125e-06,2.384185791015625e-07
1913,0.002124309539794922,1.6689300537109375e-06,4.76837158203125e-07
1914,0.0022325515747070312,1.6689300537109375e-06,2.384185791015625e-07
1915,0.001965045928955078,1.6689300537109375e-06,2.384185791015625e-07
1916,0.003138303756713867,1.6689300537109375e-06,4.76837158203125e-07
1917,0.002190828323364258,1.6689300537109375e-06,4.76837158203125e-07
1918,0.0024788379669189453,1.9073486328125e-06,4.76837158203125e-07
1919,0.003350496292114258,2.1457672119140625e-06,2.384185791015625e-07
1920,0.002568960189819336,2.1457672119140625e-06,2.384185791015625e-07
1921,0.0025644302368164062,1.9073486328125e-06,2.384185791015625e-07
1922,0.0024700164794921875,1.9073486328125e-06,4.76837158203125e-07
1923,0.001857757568359375,2.6226043701171875e-06,2.384185791015625e-07
1924,0.002333402633666992,1.6689300537109375e-06,4.76837158203125e-07
1925,0.002302408218383789,1.9073486328125e-06,4.76837158203125e-07
1926,0.0021703243255615234,1.430511474609375e-06,4.76837158203125e-07
1927,0.002376556396484375,1.9073486328125e-06,4.76837158203125e-07
1928,0.0024666786193847656,1.6689300537109375e-06,2.384185791015625e-07
1929,0.0013146400451660156,1.6689300537109375e-06,2.384185791015625e-07
1930,0.0020401477813720703,1.9073486328125e-06,4.76837158203125e-07
1931,0.0024213790893554688,1.430511474609375e-06,2.384185791015625e-07
1932,0.002536773681640625,2.1457672119140625e-06,2.384185791015625e-07
1933,0.0018918514251708984,1.6689300537109375e-06,9.5367431640625e-07
1934,0.001714468002319336,1.6689300537109375e-06,4.76837158203125e-07
1935,0.0021409988403320312,1.9073486328125e-06,2.384185791015625e-07
1936,0.002083301544189453,2.384185791015625e-06,2.384185791015625e-07
1937,0.002281665802001953,1.9073486328125e-06,2.384185791015625e-07
1938,0.002277374267578125,2.1457672119140625e-06,4.76837158203125e-07
1939,0.0023391246795654297,1.9073486328125e-06,4.76837158203125e-07
1940,0.0017173290252685547,1.9073486328125e-06,7.152557373046875e-07
1941,0.0028045177459716797,1.9073486328125e-06,4.76837158203125e-07
1942,0.0028324127197265625,2.1457672119140625e-06,2.384185791015625e-07
1943,0.002298593521118164,2.1457672119140625e-06,2.384185791015625e-07
1944,0.0024046897888183594,1.6689300537109375e-06,2.384185791015625e-07
1945,0.0019729137420654297,1.9073486328125e-06,4.76837158203125e-07
1946,0.0026290416717529297,1.6689300537109375e-06,2.384185791015625e-07
1947,0.003809213638305664,1.9073486328125e-06,2.384185791015625e-07
1948,0.0029494762420654297,1.6689300537109375e-06,2.384185791015625e-07
1949,0.0025343894958496094,1.9073486328125e-06,2.384185791015625e-07
1950,0.002625703811645508,1.6689300537109375e-06,7.152557373046875e-07
1951,0.00244140625,1.6689300537109375e-06,4.76837158203125e-07
1952,0.0023822784423828125,1.6689300537109375e-06,2.384185791015625e-07
1953,0.002552032470703125,1.430511474609375e-06,2.384185791015625e-07
1954,0.0024187564849853516,2.1457672119140625e-06,4.76837158203125e-07
1955,0.0026161670684814453,1.6689300537109375e-06,4.76837158203125e-07
1956,0.002195119857788086,1.6689300537109375e-06,2.384185791015625e-07
1957,0.0019459724426269531,2.384185791015625e-06,4.76837158203125e-07
1958,0.002290010452270508,1.9073486328125e-06,4.76837158203125e-07
1959,0.0014955997467041016,1.9073486328125e-06,4.76837158203125e-07
1960,0.0018138885498046875,2.1457672119140625e-06,2.384185791015625e-07
1961,0.0013132095336914062,1.9073486328125e-06,4.76837158203125e-07
1962,0.0011658668518066406,1.9073486328125e-06,2.384185791015625e-07
1963,0.001848459243774414,1.6689300537109375e-06,2.384185791015625e-07
1964,0.002380847930908203,1.6689300537109375e-06,2.384185791015625e-07
1965,0.002040386199951172,1.9073486328125e-06,2.384185791015625e-07
1966,0.0022683143615722656,1.6689300537109375e-06,4.76837158203125e-07
1967,0.002903461456298828,2.1457672119140625e-06,2.384185791015625e-07
1968,0.0027191638946533203,1.6689300537109375e-06,2.384185791015625e-07
1969,0.0025022029876708984,1.6689300537109375e-06,2.384185791015625e-07
1970,0.0018970966339111328,1.430511474609375e-06,4.76837158203125e-07
1971,0.0023682117462158203,1.6689300537109375e-06,7.152557373046875e-07
1972,0.002076387405395508,2.1457672119140625e-06,2.384185791015625e-07
1973,0.002911090850830078,1.6689300537109375e-06,2.384185791015625e-07
1974,0.001779794692993164,1.6689300537109375e-06,2.384185791015625e-07
1975,0.0020623207092285156,1.9073486328125e-06,2.384185791015625e-07
1976,0.0026471614837646484,1.9073486328125e-06,4.76837158203125e-07
1977,0.002635478973388672,2.1457672119140625e-06,2.384185791015625e-07
1978,0.001998424530029297,1.9073486328125e-06,2.384185791015625e-07
1979,0.0020592212677001953,1.6689300537109375e-06,2.384185791015625e-07
1980,0.0023474693298339844,2.384185791015625e-06,7.152557373046875e-07
1981,0.0022864341735839844,1.9073486328125e-06,2.384185791015625e-07
1982,0.0025017261505126953,1.6689300537109375e-06,2.384185791015625e-07
1983,0.0022287368774414062,1.6689300537109375e-06,2.384185791015625e-07
1984,0.0020246505737304688,1.9073486328125e-06,2.384185791015625e-07
1985,0.0021381378173828125,2.1457672119140625e-06,9.5367431640625e-07
1986,0.002978801727294922,1.9073486328125e-06,2.384185791015625e-07
1987,0.0028870105743408203,2.1457672119140625e-06,4.76837158203125e-07
1988,0.002561807632446289,1.430511474609375e-06,2.384185791015625e-07
1989,0.0019540786743164062,2.384185791015625e-06,2.384185791015625e-07
1990,0.0020008087158203125,1.9073486328125e-06,2.384185791015625e-07
1991,0.0021677017211914062,1.9073486328125e-06,2.384185791015625e-07
1992,0.0019230842590332031,2.1457672119140625e-06,2.384185791015625e-07
1993,0.0018513202667236328,1.9073486328125e-06,4.76837158203125e-07
1994,0.0020592212677001953,2.6226043701171875e-06,2.384185791015625e-07
1995,0.0021507740020751953,1.6689300537109375e-06,2.384185791015625e-07
1996,0.002155780792236328,1.9073486328125e-06,2.384185791015625e-07
1997,0.002093076705932617,2.1457672119140625e-06,7.152557373046875e-07
1998,0.0020062923431396484,2.1457672119140625e-06,2.384185791015625e-07
1999,0.002504110336303711,2.1457672119140625e-06,2.384185791015625e-07
2000,0.0021860599517822266,1.9073486328125e-06,7.152557373046875e-07
2001,0.0017540454864501953,2.1457672119140625e-06,1.1920928955078125e-06
2002,0.0022759437561035156,1.6689300537109375e-06,2.384185791015625e-07
2003,0.003039836883544922,1.9073486328125e-06,2.384185791015625e-07
2004,0.0020432472229003906,2.1457672119140625e-06,4.76837158203125e-07
2005,0.0018794536590576172,2.1457672119140625e-06,2.384185791015625e-07
2006,0.0025429725646972656,1.6689300537109375e-06,2.384185791015625e-07
2007,0.002251863479614258,1.6689300537109375e-06,4.76837158203125e-07
2008,0.0017940998077392578,1.9073486328125e-06,7.152557373046875e-07
2009,0.002138853073120117,1.6689300537109375e-06,2.384185791015625e-07
2010,0.002232789993286133,2.1457672119140625e-06,2.384185791015625e-07
2011,0.002501964569091797,1.9073486328125e-06,4.76837158203125e-07
2012,0.0023560523986816406,2.1457672119140625e-06,4.76837158203125e-07
2013,0.0023665428161621094,1.9073486328125e-06,7.152557373046875e-07
2014,0.00223541259765625,1.9073486328125e-06,2.384185791015625e-07
2015,0.0022356510162353516,1.9073486328125e-06,2.384185791015625e-07
2016,0.002114534378051758,1.9073486328125e-06,7.152557373046875e-07
2017,0.0022220611572265625,1.9073486328125e-06,2.384185791015625e-07
2018,0.002399444580078125,1.9073486328125e-06,4.76837158203125e-07
2019,0.0018742084503173828,2.1457672119140625e-06,4.76837158203125e-07
2020,0.00218963623046875,2.1457672119140625e-06,2.384185791015625e-07
2021,0.0013549327850341797,2.1457672119140625e-06,2.384185791015625e-07
2022,0.0023927688598632812,1.9073486328125e-06,2.384185791015625e-07
2023,0.002426624298095703,2.1457672119140625e-06,2.384185791015625e-07
2024,0.0022063255310058594,2.1457672119140625e-06,2.384185791015625e-07
2025,0.002380847930908203,1.9073486328125e-06,2.384185791015625e-07
2026,0.0022704601287841797,1.9073486328125e-06,4.76837158203125e-07
2027,0.0018744468688964844,2.1457672119140625e-06,2.384185791015625e-07
2028,0.0018088817596435547,2.1457672119140625e-06,4.76837158203125e-07
2029,0.002588987350463867,2.1457672119140625e-06,2.384185791015625e-07
2030,0.0022416114807128906,1.9073486328125e-06,2.384185791015625e-07
2031,0.0028600692749023438,1.6689300537109375e-06,2.384185791015625e-07
2032,0.001844167709350586,1.9073486328125e-06,2.384185791015625e-07
2033,0.002633810043334961,1.9073486328125e-06,4.76837158203125e-07
2034,0.002010345458984375,1.9073486328125e-06,2.384185791015625e-07
2035,0.002431154251098633,1.9073486328125e-06,2.384185791015625e-07
2036,0.002162456512451172,2.1457672119140625e-06,2.384185791015625e-07
2037,0.0020225048065185547,1.9073486328125e-06,2.384185791015625e-07
2038,0.0019397735595703125,1.9073486328125e-06,2.384185791015625e-07
2039,0.0016312599182128906,1.9073486328125e-06,2.384185791015625e-07
2040,0.0022356510162353516,1.9073486328125e-06,4.76837158203125e-07
2041,0.002054452896118164,1.9073486328125e-06,4.76837158203125e-07
2042,0.002681732177734375,1.6689300537109375e-06,2.384185791015625e-07
2043,0.002212047576904297,1.6689300537109375e-06,4.76837158203125e-07
2044,0.0016663074493408203,1.6689300537109375e-06,2.384185791015625e-07
2045,0.0025136470794677734,1.6689300537109375e-06,2.384185791015625e-07
2046,0.001894235610961914,1.9073486328125e-06,2.384185791015625e-07
2047,0.0022792816162109375,1.6689300537109375e-06,2.384185791015625e-07
2048,0.0018544197082519531,1.6689300537109375e-06,4.76837158203125e-07
2049,0.0015892982482910156,1.9073486328125e-06,2.384185791015625e-07
2050,0.002207517623901367,1.9073486328125e-06,2.384185791015625e-07
2051,0.0019693374633789062,1.9073486328125e-06,2.384185791015625e-07
2052,0.0026640892028808594,1.9073486328125e-06,2.384185791015625e-07
2053,0.0023984909057617188,1.9073486328125e-06,2.384185791015625e-07
2054,0.0027303695678710938,1.6689300537109375e-06,2.384185791015625e-07
2055,0.0024747848510742188,1.6689300537109375e-06,2.384185791015625e-07
2056,0.002405405044555664,1.430511474609375e-06,4.76837158203125e-07
2057,0.002101421356201172,1.9073486328125e-06,2.384185791015625e-07
2058,0.0026955604553222656,1.6689300537109375e-06,4.76837158203125e-07
2059,0.0026459693908691406,1.6689300537109375e-06,2.384185791015625e-07
2060,0.002389669418334961,1.6689300537109375e-06,2.384185791015625e-07
2061,0.0023822784423828125,1.9073486328125e-06,4.76837158203125e-07
2062,0.00200653076171875,1.9073486328125e-06,4.76837158203125e-07
2063,0.0024025440216064453,1.6689300537109375e-06,2.384185791015625e-07
2064,0.0023865699768066406,1.6689300537109375e-06,4.76837158203125e-07
2065,0.002553701400756836,1.9073486328125e-06,2.384185791015625e-07
2066,0.002430438995361328,1.6689300537109375e-06,7.152557373046875e-07
2067,0.002279043197631836,1.6689300537109375e-06,7.152557373046875e-07
2068,0.0019216537475585938,1.9073486328125e-06,4.76837158203125e-07
2069,0.0025873184204101562,1.6689300537109375e-06,2.384185791015625e-07
2070,0.0026116371154785156,1.6689300537109375e-06,2.384185791015625e-07
2071,0.0023462772369384766,1.6689300537109375e-06,2.384185791015625e-07
2072,0.001965045928955078,1.6689300537109375e-06,4.76837158203125e-07
2073,0.0027511119842529297,2.1457672119140625e-06,2.384185791015625e-07
2074,0.0024225711822509766,1.9073486328125e-06,4.76837158203125e-07
2075,0.002937793731689453,1.9073486328125e-06,4.76837158203125e-07
2076,0.0024938583374023438,1.6689300537109375e-06,2.384185791015625e-07
2077,0.003039121627807617,1.6689300537109375e-06,2.384185791015625e-07
2078,0.002768993377685547,2.1457672119140625e-06,2.384185791015625e-07
2079,0.0032346248626708984,1.9073486328125e-06,4.76837158203125e-07
2080,0.0026140213012695312,1.9073486328125e-06,2.384185791015625e-07
2081,0.0029175281524658203,1.9073486328125e-06,2.384185791015625e-07
2082,0.0020389556884765625,1.9073486328125e-06,4.76837158203125e-07
2083,0.0022728443145751953,2.1457672119140625e-06,4.76837158203125e-07
2084,0.0025827884674072266,2.1457672119140625e-06,7.152557373046875e-07
2085,0.002206087112426758,1.9073486328125e-06,2.384185791015625e-07
2086,0.0028405189514160156,1.9073486328125e-06,4.76837158203125e-07
2087,0.0021855831146240234,1.9073486328125e-06,2.384185791015625e-07
2088,0.002351522445678711,2.1457672119140625e-06,2.384185791015625e-07
2089,0.0021789073944091797,1.9073486328125e-06,4.76837158203125e-07
2090,0.002503633499145508,2.1457672119140625e-06,2.384185791015625e-07
2091,0.0025947093963623047,1.9073486328125e-06,4.76837158203125e-07
2092,0.0022585391998291016,1.9073486328125e-06,7.152557373046875e-07
2093,0.001832723617553711,1.9073486328125e-06,2.384185791015625e-07
2094,0.0019505023956298828,2.1457672119140625e-06,2.384185791015625e-07
2095,0.0029554367065429688,2.1457672119140625e-06,2.384185791015625e-07
2096,0.0026743412017822266,2.6226043701171875e-06,2.384185791015625e-07
2097,0.002019166946411133,1.9073486328125e-06,2.384185791015625e-07
2098,0.0024843215942382812,1.9073486328125e-06,2.384185791015625e-07
2099,0.0025360584259033203,1.9073486328125e-06,2.384185791015625e-07
2100,0.002867460250854492,1.6689300537109375e-06,2.384185791015625e-07
2101,0.0028777122497558594,1.6689300537109375e-06,4.76837158203125e-07
2102,0.0019636154174804688,2.1457672119140625e-06,4.76837158203125e-07
2103,0.002709627151489258,2.1457672119140625e-06,4.76837158203125e-07
2104,0.0015935897827148438,1.9073486328125e-06,2.384185791015625e-07
2105,0.0012865066528320312,2.1457672119140625e-06,2.384185791015625e-07
2106,0.0014653205871582031,1.9073486328125e-06,4.76837158203125e-07
2107,0.0016629695892333984,2.1457672119140625e-06,4.76837158203125e-07
2108,0.0018711090087890625,2.1457672119140625e-06,2.384185791015625e-07
2109,0.0014271736145019531,2.1457672119140625e-06,2.384185791015625e-07
2110,0.0016758441925048828,2.1457672119140625e-06,2.384185791015625e-07
2111,0.0015799999237060547,2.1457672119140625e-06,2.384185791015625e-07
2112,0.001180887222290039,1.9073486328125e-06,4.76837158203125e-07
2113,0.0013201236724853516,2.1457672119140625e-06,2.384185791015625e-07
2114,0.0013048648834228516,1.9073486328125e-06,2.384185791015625e-07
2115,0.0015304088592529297,1.9073486328125e-06,2.384185791015625e-07
2116,0.0018050670623779297,2.1457672119140625e-06,2.384185791015625e-07
2117,0.0016238689422607422,1.9073486328125e-06,2.384185791015625e-07
2118,0.0017409324645996094,2.6226043701171875e-06,2.384185791015625e-07
2119,0.001531839370727539,1.9073486328125e-06,4.76837158203125e-07
2120,0.0017311573028564453,1.9073486328125e-06,2.384185791015625e-07
2121,0.0016751289367675781,1.9073486328125e-06,4.76837158203125e-07
2122,0.001294851303100586,1.9073486328125e-06,2.384185791015625e-07
2123,0.0014984607696533203,1.9073486328125e-06,2.384185791015625e-07
2124,0.0015590190887451172,1.9073486328125e-06,4.76837158203125e-07
2125,0.0015742778778076172,1.6689300537109375e-06,4.76837158203125e-07
2126,0.0014078617095947266,1.6689300537109375e-06,2.384185791015625e-07
2127,0.0014293193817138672,1.6689300537109375e-06,2.384185791015625e-07
2128,0.001527547836303711,1.6689300537109375e-06,7.152557373046875e-07
2129,0.0017542839050292969,1.9073486328125e-06,4.76837158203125e-07
2130,0.0014827251434326172,2.1457672119140625e-06,4.76837158203125e-07
2131,0.0017011165618896484,2.1457672119140625e-06,2.384185791015625e-07
2132,0.0011162757873535156,1.9073486328125e-06,4.76837158203125e-07
2133,0.0015349388122558594,2.384185791015625e-06,7.152557373046875e-07
2134,0.0010800361633300781,2.1457672119140625e-06,2.384185791015625e-07
2135,0.0014073848724365234,1.9073486328125e-06,2.384185791015625e-07
2136,0.0015821456909179688,1.9073486328125e-06,2.384185791015625e-07
2137,0.0016872882843017578,1.9073486328125e-06,2.384185791015625e-07
2138,0.001546621322631836,1.9073486328125e-06,2.384185791015625e-07
2139,0.0018153190612792969,1.9073486328125e-06,2.384185791015625e-07
2140,0.001634359359741211,1.9073486328125e-06,2.384185791015625e-07
2141,0.001444101333618164,1.9073486328125e-06,2.384185791015625e-07
2142,0.0011882781982421875,2.1457672119140625e-06,2.384185791015625e-07
2143,0.0016682147979736328,1.9073486328125e-06,2.384185791015625e-07
2144,0.0015718936920166016,1.9073486328125e-06,2.384185791015625e-07
2145,0.001672506332397461,1.9073486328125e-06,7.152557373046875e-07
2146,0.0013899803161621094,1.9073486328125e-06,4.76837158203125e-07
2147,0.001291513442993164,1.9073486328125e-06,2.384185791015625e-07
2148,0.0018591880798339844,1.9073486328125e-06,2.384185791015625e-07
2149,0.0021212100982666016,1.9073486328125e-06,2.384185791015625e-07
2150,0.0016620159149169922,2.384185791015625e-06,2.384185791015625e-07
2151,0.0015704631805419922,1.9073486328125e-06,2.384185791015625e-07
2152,0.001132965087890625,1.6689300537109375e-06,2.384185791015625e-07
2153,0.001108407974243164,1.6689300537109375e-06,2.384185791015625e-07
2154,0.001413106918334961,1.9073486328125e-06,4.76837158203125e-07
2155,0.001268148422241211,1.6689300537109375e-06,4.76837158203125e-07
2156,0.0021321773529052734,1.6689300537109375e-06,4.76837158203125e-07
2157,0.0013718605041503906,1.6689300537109375e-06,2.384185791015625e-07
2158,0.001466512680053711,1.6689300537109375e-06,2.384185791015625e-07
2159,0.0012059211730957031,1.9073486328125e-06,2.384185791015625e-07
2160,0.0015549659729003906,1.6689300537109375e-06,2.384185791015625e-07
2161,0.0023844242095947266,1.6689300537109375e-06,2.384185791015625e-07
2162,0.0017368793487548828,1.9073486328125e-06,2.384185791015625e-07
2163,0.0012905597686767578,1.6689300537109375e-06,2.384185791015625e-07
2164,0.0013585090637207031,1.9073486328125e-06,4.76837158203125e-07
2165,0.0015513896942138672,1.6689300537109375e-06,4.76837158203125e-07
2166,0.0016264915466308594,1.9073486328125e-06,4.76837158203125e-07
2167,0.001577138900756836,2.1457672119140625e-06,7.152557373046875e-07
2168,0.0015132427215576172,1.9073486328125e-06,2.384185791015625e-07
2169,0.001800537109375,1.6689300537109375e-06,2.384185791015625e-07
2170,0.0016200542449951172,1.6689300537109375e-06,2.384185791015625e-07
2171,0.0014128684997558594,1.6689300537109375e-06,2.384185791015625e-07
2172,0.0015575885772705078,1.9073486328125e-06,2.384185791015625e-07
2173,0.0014722347259521484,1.6689300537109375e-06,2.384185791015625e-07
2174,0.0016646385192871094,1.9073486328125e-06,4.76837158203125e-07
2175,0.0019490718841552734,1.6689300537109375e-06,2.384185791015625e-07
2176,0.0012106895446777344,1.430511474609375e-06,2.384185791015625e-07
2177,0.001435995101928711,1.6689300537109375e-06,2.384185791015625e-07
2178,0.0012326240539550781,1.6689300537109375e-06,2.384185791015625e-07
2179,0.001758575439453125,1.9073486328125e-06,2.384185791015625e-07
2180,0.0015537738800048828,1.9073486328125e-06,4.76837158203125e-07
2181,0.0008871555328369141,1.6689300537109375e-06,4.76837158203125e-07
2182,0.0012385845184326172,1.9073486328125e-06,4.76837158203125e-07
2183,0.0011868476867675781,1.9073486328125e-06,2.384185791015625e-07
2184,0.0012559890747070312,1.9073486328125e-06,2.384185791015625e-07
2185,0.0015506744384765625,1.9073486328125e-06,2.384185791015625e-07
2186,0.0014541149139404297,1.9073486328125e-06,2.384185791015625e-07
2187,0.0014483928680419922,1.9073486328125e-06,2.384185791015625e-07
2188,0.0015642642974853516,1.9073486328125e-06,7.152557373046875e-07
2189,0.001096487045288086,1.9073486328125e-06,2.384185791015625e-07
2190,0.0012805461883544922,2.384185791015625e-06,4.76837158203125e-07
2191,0.0015218257904052734,2.1457672119140625e-06,4.76837158203125e-07
2192,0.0016744136810302734,1.9073486328125e-06,2.384185791015625e-07
2193,0.0017066001892089844,1.9073486328125e-06,2.384185791015625e-07
2194,0.0013866424560546875,1.9073486328125e-06,4.76837158203125e-07
2195,0.0015494823455810547,1.9073486328125e-06,2.384185791015625e-07
2196,0.0015037059783935547,1.9073486328125e-06,2.384185791015625e-07
2197,0.00232696533203125,1.9073486328125e-06,2.384185791015625e-07
2198,0.002399444580078125,1.9073486328125e-06,2.384185791015625e-07
2199,0.0026416778564453125,2.1457672119140625e-06,2.384185791015625e-07
2200,0.0029115676879882812,1.9073486328125e-06,4.76837158203125e-07
2201,0.0024538040161132812,1.9073486328125e-06,4.76837158203125e-07
2202,0.002488851547241211,1.6689300537109375e-06,4.76837158203125e-07
2203,0.0027599334716796875,1.6689300537109375e-06,2.384185791015625e-07
2204,0.0022377967834472656,1.6689300537109375e-06,4.76837158203125e-07
2205,0.002270936965942383,1.9073486328125e-06,2.384185791015625e-07
2206,0.002510547637939453,2.384185791015625e-06,2.384185791015625e-07
2207,0.0029070377349853516,1.9073486328125e-06,4.76837158203125e-07
2208,0.002541065216064453,2.1457672119140625e-06,4.76837158203125e-07
2209,0.0022497177124023438,1.9073486328125e-06,2.384185791015625e-07
2210,0.0034627914428710938,1.9073486328125e-06,2.384185791015625e-07
2211,0.002445220947265625,2.1457672119140625e-06,2.384185791015625e-07
2212,0.0031502246856689453,2.1457672119140625e-06,2.384185791015625e-07
2213,0.0023305416107177734,1.9073486328125e-06,2.384185791015625e-07
2214,0.0025033950805664062,1.9073486328125e-06,2.384185791015625e-07
2215,0.0023267269134521484,1.9073486328125e-06,2.384185791015625e-07
2216,0.0022072792053222656,1.6689300537109375e-06,4.76837158203125e-07
2217,0.0028619766235351562,2.1457672119140625e-06,2.384185791015625e-07
2218,0.003065347671508789,1.9073486328125e-06,2.384185791015625e-07
2219,0.002423524856567383,1.9073486328125e-06,2.384185791015625e-07
2220,0.002840280532836914,2.1457672119140625e-06,2.384185791015625e-07
2221,0.0026421546936035156,1.9073486328125e-06,2.384185791015625e-07
2222,0.0016655921936035156,2.1457672119140625e-06,2.384185791015625e-07
2223,0.0021877288818359375,2.1457672119140625e-06,2.384185791015625e-07
2224,0.0026230812072753906,1.9073486328125e-06,2.384185791015625e-07
2225,0.0025827884674072266,1.9073486328125e-06,4.76837158203125e-07
2226,0.0030565261840820312,2.1457672119140625e-06,2.384185791015625e-07
2227,0.0029180049896240234,1.6689300537109375e-06,2.384185791015625e-07
2228,0.003101825714111328,1.9073486328125e-06,2.384185791015625e-07
2229,0.0026564598083496094,1.6689300537109375e-06,2.384185791015625e-07
2230,0.0030689239501953125,1.9073486328125e-06,4.76837158203125e-07
2231,0.003003358840942383,1.9073486328125e-06,2.384185791015625e-07
2232,0.0025904178619384766,1.9073486328125e-06,7.152557373046875e-07
2233,0.0026962757110595703,1.9073486328125e-06,2.384185791015625e-07
2234,0.002554178237915039,1.6689300537109375e-06,2.384185791015625e-07
2235,0.0025420188903808594,1.9073486328125e-06,2.384185791015625e-07
2236,0.0022971630096435547,1.9073486328125e-06,2.384185791015625e-07
2237,0.0022003650665283203,1.6689300537109375e-06,4.76837158203125e-07
2238,0.002631664276123047,1.9073486328125e-06,4.76837158203125e-07
2239,0.0025756359100341797,1.6689300537109375e-06,2.384185791015625e-07
2240,0.002775430679321289,1.6689300537109375e-06,4.76837158203125e-07
2241,0.002710580825805664,1.9073486328125e-06,2.384185791015625e-07
2242,0.0028395652770996094,1.9073486328125e-06,4.76837158203125e-07
2243,0.002747058868408203,1.6689300537109375e-06,2.384185791015625e-07
2244,0.0029430389404296875,2.1457672119140625e-06,2.384185791015625e-07
2245,0.0024483203887939453,1.6689300537109375e-06,2.384185791015625e-07
2246,0.002970457077026367,1.6689300537109375e-06,4.76837158203125e-07
2247,0.002050161361694336,1.6689300537109375e-06,2.384185791015625e-07
2248,0.002557992935180664,1.9073486328125e-06,4.76837158203125e-07
2249,0.0025513172149658203,1.9073486328125e-06,2.384185791015625e-07
2250,0.0016987323760986328,1.6689300537109375e-06,4.76837158203125e-07
2251,0.002708911895751953,1.6689300537109375e-06,2.384185791015625e-07
2252,0.002938985824584961,1.9073486328125e-06,2.384185791015625e-07
2253,0.0025212764739990234,1.6689300537109375e-06,2.384185791015625e-07
2254,0.002721548080444336,2.1457672119140625e-06,2.384185791015625e-07
2255,0.0037555694580078125,1.9073486328125e-06,2.384185791015625e-07
2256,0.002789735794067383,2.1457672119140625e-06,4.76837158203125e-07
2257,0.0025093555450439453,2.1457672119140625e-06,2.384185791015625e-07
2258,0.0025038719177246094,2.1457672119140625e-06,2.384185791015625e-07
2259,0.0022106170654296875,1.6689300537109375e-06,4.76837158203125e-07
2260,0.0027170181274414062,1.430511474609375e-06,2.384185791015625e-07
2261,0.0029494762420654297,1.6689300537109375e-06,2.384185791015625e-07
2262,0.0023674964904785156,2.1457672119140625e-06,2.384185791015625e-07
2263,0.0021758079528808594,1.6689300537109375e-06,2.384185791015625e-07
2264,0.001634359359741211,1.6689300537109375e-06,4.76837158203125e-07
2265,0.002622842788696289,1.6689300537109375e-06,4.76837158203125e-07
2266,0.002285480499267578,2.1457672119140625e-06,2.384185791015625e-07
2267,0.002114534378051758,1.6689300537109375e-06,2.384185791015625e-07
2268,0.0029685497283935547,1.6689300537109375e-06,4.76837158203125e-07
2269,0.002385854721069336,1.9073486328125e-06,2.384185791015625e-07
2270,0.0023412704467773438,1.6689300537109375e-06,2.384185791015625e-07
2271,0.002298593521118164,2.384185791015625e-06,4.76837158203125e-07
2272,0.0019271373748779297,1.6689300537109375e-06,2.384185791015625e-07
2273,0.0028929710388183594,1.9073486328125e-06,4.76837158203125e-07
2274,0.002798795700073242,2.1457672119140625e-06,2.384185791015625e-07
2275,0.002306222915649414,1.9073486328125e-06,2.384185791015625e-07
2276,0.003102540969848633,2.1457672119140625e-06,2.384185791015625e-07
2277,0.002049684524536133,1.6689300537109375e-06,2.384185791015625e-07
2278,0.0025653839111328125,2.1457672119140625e-06,2.384185791015625e-07
2279,0.0027387142181396484,2.1457672119140625e-06,4.76837158203125e-07
2280,0.029143571853637695,1.9073486328125e-06,2.384185791015625e-07
2281,0.002451658248901367,2.1457672119140625e-06,2.384185791015625e-07
2282,0.0019600391387939453,1.6689300537109375e-06,2.384185791015625e-07
2283,0.0015916824340820312,2.1457672119140625e-06,2.384185791015625e-07
2284,0.0025284290313720703,1.9073486328125e-06,2.384185791015625e-07
2285,0.0027146339416503906,1.9073486328125e-06,2.384185791015625e-07
2286,0.0024585723876953125,2.1457672119140625e-06,4.76837158203125e-07
2287,0.002631664276123047,1.9073486328125e-06,2.384185791015625e-07
2288,0.002657651901245117,2.1457672119140625e-06,2.384185791015625e-07
2289,0.0026721954345703125,1.9073486328125e-06,4.76837158203125e-07
2290,0.002733945846557617,1.9073486328125e-06,2.384185791015625e-07
2291,0.0023193359375,2.1457672119140625e-06,2.384185791015625e-07
2292,0.002301931381225586,2.1457672119140625e-06,4.76837158203125e-07
2293,0.002251148223876953,1.9073486328125e-06,2.384185791015625e-07
2294,0.002853870391845703,1.6689300537109375e-06,7.152557373046875e-07
2295,0.002713441848754883,1.6689300537109375e-06,4.76837158203125e-07
2296,0.001834869384765625,1.6689300537109375e-06,2.384185791015625e-07
2297,0.002216339111328125,1.9073486328125e-06,0.0
2298,0.0024611949920654297,1.6689300537109375e-06,2.384185791015625e-07
2299,0.0021979808807373047,1.6689300537109375e-06,4.76837158203125e-07
2300,0.002745389938354492,1.6689300537109375e-06,4.76837158203125e-07
2301,0.0032498836517333984,1.9073486328125e-06,4.76837158203125e-07
2302,0.0030612945556640625,1.9073486328125e-06,2.384185791015625e-07
2303,0.0025701522827148438,1.6689300537109375e-06,4.76837158203125e-07
2304,0.0011754035949707031,1.9073486328125e-06,4.76837158203125e-07
2305,0.0011661052703857422,1.6689300537109375e-06,4.76837158203125e-07
2306,0.001583099365234375,1.9073486328125e-06,2.384185791015625e-07
2307,0.0014736652374267578,1.9073486328125e-06,4.76837158203125e-07
2308,0.0016415119171142578,1.9073486328125e-06,2.384185791015625e-07
2309,0.0015158653259277344,1.6689300537109375e-06,2.384185791015625e-07
2310,0.0018579959869384766,1.6689300537109375e-06,2.384185791015625e-07
2311,0.002003192901611328,1.6689300537109375e-06,2.384185791015625e-07
2312,0.001337289810180664,1.430511474609375e-06,4.76837158203125e-07
2313,0.001775979995727539,1.6689300537109375e-06,2.384185791015625e-07
2314,0.0015037059783935547,1.9073486328125e-06,2.384185791015625e-07
2315,0.0014405250549316406,1.9073486328125e-06,2.384185791015625e-07
2316,0.0020923614501953125,1.6689300537109375e-06,2.384185791015625e-07
2317,0.0019073486328125,1.6689300537109375e-06,4.76837158203125e-07
2318,0.0017275810241699219,1.9073486328125e-06,2.384185791015625e-07
2319,0.0016679763793945312,1.9073486328125e-06,4.76837158203125e-07
2320,0.0021827220916748047,1.6689300537109375e-06,2.384185791015625e-07
2321,0.0017657279968261719,1.9073486328125e-06,2.384185791015625e-07
2322,0.002002239227294922,1.6689300537109375e-06,4.76837158203125e-07
2323,0.0017480850219726562,1.430511474609375e-06,2.384185791015625e-07
2324,0.0015392303466796875,1.6689300537109375e-06,7.152557373046875e-07
2325,0.001680612564086914,2.1457672119140625e-06,2.384185791015625e-07
2326,0.0014955997467041016,2.1457672119140625e-06,2.384185791015625e-07
2327,0.0014598369598388672,1.9073486328125e-06,2.384185791015625e-07
2328,0.001483917236328125,1.6689300537109375e-06,4.76837158203125e-07
2329,0.0016598701477050781,2.1457672119140625e-06,2.384185791015625e-07
2330,0.0018258094787597656,2.1457672119140625e-06,4.76837158203125e-07
2331,0.0012319087982177734,1.9073486328125e-06,2.384185791015625e-07
2332,0.0016167163848876953,1.9073486328125e-06,2.384185791015625e-07
2333,0.0015354156494140625,2.1457672119140625e-06,4.76837158203125e-07
2334,0.0012531280517578125,2.1457672119140625e-06,2.384185791015625e-07
2335,0.0014889240264892578,2.1457672119140625e-06,7.152557373046875e-07
2336,0.0016674995422363281,2.1457672119140625e-06,2.384185791015625e-07
2337,0.0013477802276611328,2.1457672119140625e-06,2.384185791015625e-07
2338,0.0015685558319091797,1.430511474609375e-06,2.384185791015625e-07
2339,0.0016667842864990234,1.9073486328125e-06,4.76837158203125e-07
2340,0.0018563270568847656,2.1457672119140625e-06,4.76837158203125e-07
2341,0.002781391143798828,1.6689300537109375e-06,2.384185791015625e-07
2342,0.0022394657135009766,1.9073486328125e-06,4.76837158203125e-07
2343,0.0027730464935302734,2.1457672119140625e-06,2.384185791015625e-07
2344,0.002671957015991211,1.9073486328125e-06,4.76837158203125e-07
2345,0.002376079559326172,1.9073486328125e-06,4.76837158203125e-07
2346,0.0021545886993408203,1.9073486328125e-06,2.384185791015625e-07
2347,0.0023114681243896484,2.1457672119140625e-06,2.384185791015625e-07
2348,0.0022907257080078125,1.9073486328125e-06,9.5367431640625e-07
2349,0.001983642578125,1.9073486328125e-06,2.384185791015625e-07
2350,0.0014798641204833984,2.1457672119140625e-06,2.384185791015625e-07
2351,0.0021026134490966797,2.1457672119140625e-06,4.76837158203125e-07
2352,0.0025153160095214844,2.1457672119140625e-06,7.152557373046875e-07
2353,0.0026750564575195312,2.1457672119140625e-06,2.384185791015625e-07
2354,0.0017058849334716797,2.1457672119140625e-06,2.384185791015625e-07
2355,0.0013394355773925781,1.9073486328125e-06,2.384185791015625e-07
2356,0.0016851425170898438,1.9073486328125e-06,7.152557373046875e-07
2357,0.0020852088928222656,1.6689300537109375e-06,4.76837158203125e-07
2358,0.0013358592987060547,2.1457672119140625e-06,2.384185791015625e-07
2359,0.0015175342559814453,1.9073486328125e-06,2.384185791015625e-07
2360,0.0010960102081298828,1.9073486328125e-06,2.384185791015625e-07
2361,0.0015497207641601562,2.1457672119140625e-06,2.384185791015625e-07
2362,0.001552581787109375,2.1457672119140625e-06,2.384185791015625e-07
2363,0.0017855167388916016,2.1457672119140625e-06,2.384185791015625e-07
2364,0.0017044544219970703,1.9073486328125e-06,2.384185791015625e-07
2365,0.0016095638275146484,1.9073486328125e-06,4.76837158203125e-07
2366,0.001928567886352539,2.1457672119140625e-06,2.384185791015625e-07
2367,0.0014340877532958984,1.6689300537109375e-06,2.384185791015625e-07
2368,0.0013282299041748047,1.6689300537109375e-06,4.76837158203125e-07
2369,0.0012426376342773438,1.6689300537109375e-06,2.384185791015625e-07
2370,0.0017654895782470703,1.9073486328125e-06,2.384185791015625e-07
2371,0.0017852783203125,1.9073486328125e-06,2.384185791015625e-07
2372,0.0016710758209228516,1.6689300537109375e-06,4.76837158203125e-07
2373,0.0016407966613769531,1.6689300537109375e-06,2.384185791015625e-07
2374,0.0016741752624511719,1.9073486328125e-06,4.76837158203125e-07
2375,0.0019960403442382812,1.6689300537109375e-06,2.384185791015625e-07
2376,0.0014543533325195312,2.1457672119140625e-06,2.384185791015625e-07
2377,0.001363515853881836,2.1457672119140625e-06,2.384185791015625e-07
2378,0.0018892288208007812,2.1457672119140625e-06,4.76837158203125e-07
2379,0.002179861068725586,1.9073486328125e-06,2.384185791015625e-07
2380,0.0015742778778076172,1.9073486328125e-06,2.384185791015625e-07
2381,0.0014643669128417969,1.9073486328125e-06,2.384185791015625e-07
2382,0.0016760826110839844,1.9073486328125e-06,2.384185791015625e-07
2383,0.0015137195587158203,1.9073486328125e-06,2.384185791015625e-07
2384,0.0018107891082763672,1.430511474609375e-06,2.384185791015625e-07
2385,0.0022444725036621094,2.1457672119140625e-06,4.76837158203125e-07
2386,0.0018453598022460938,2.1457672119140625e-06,4.76837158203125e-07
2387,0.0014772415161132812,1.6689300537109375e-06,4.76837158203125e-07
2388,0.001270294189453125,1.9073486328125e-06,2.384185791015625e-07
2389,0.0016374588012695312,1.9073486328125e-06,2.384185791015625e-07
2390,0.0017762184143066406,2.1457672119140625e-06,2.384185791015625e-07
2391,0.001575469970703125,2.1457672119140625e-06,2.384185791015625e-07
2392,0.0016047954559326172,2.1457672119140625e-06,2.384185791015625e-07
2393,0.0015611648559570312,1.9073486328125e-06,2.384185791015625e-07
2394,0.0015943050384521484,1.6689300537109375e-06,2.384185791015625e-07
2395,0.0014116764068603516,1.6689300537109375e-06,2.384185791015625e-07
2396,0.001271963119506836,1.9073486328125e-06,2.384185791015625e-07
2397,0.0016531944274902344,2.1457672119140625e-06,2.384185791015625e-07
2398,0.0011832714080810547,1.9073486328125e-06,2.384185791015625e-07
2399,0.0017008781433105469,1.9073486328125e-06,2.384185791015625e-07
2400,0.0012421607971191406,2.1457672119140625e-06,4.76837158203125e-07
2401,0.0017673969268798828,2.1457672119140625e-06,4.76837158203125e-07
2402,0.0013549327850341797,1.9073486328125e-06,2.384185791015625e-07
2403,0.001316070556640625,1.9073486328125e-06,2.384185791015625e-07
2404,0.0016715526580810547,1.9073486328125e-06,2.384185791015625e-07
2405,0.0014998912811279297,1.9073486328125e-06,4.76837158203125e-07
2406,0.0017046928405761719,1.9073486328125e-06,2.384185791015625e-07
2407,0.0017247200012207031,1.6689300537109375e-06,2.384185791015625e-07
2408,0.001748800277709961,1.9073486328125e-06,2.384185791015625e-07
2409,0.0016164779663085938,1.9073486328125e-06,2.384185791015625e-07
2410,0.0016002655029296875,1.9073486328125e-06,4.76837158203125e-07
2411,0.0014972686767578125,1.9073486328125e-06,2.384185791015625e-07
2412,0.0016791820526123047,1.9073486328125e-06,2.384185791015625e-07
2413,0.0010628700256347656,2.1457672119140625e-06,7.152557373046875e-07
2414,0.0012962818145751953,1.9073486328125e-06,2.384185791015625e-07
2415,0.0017132759094238281,1.9073486328125e-06,2.384185791015625e-07
2416,0.0017962455749511719,2.1457672119140625e-06,2.384185791015625e-07
2417,0.0017359256744384766,2.1457672119140625e-06,2.384185791015625e-07
2418,0.0020499229431152344,1.9073486328125e-06,2.384185791015625e-07
2419,0.0011398792266845703,2.1457672119140625e-06,2.384185791015625e-07
2420,0.0016980171203613281,1.9073486328125e-06,2.384185791015625e-07
2421,0.0015521049499511719,1.9073486328125e-06,2.384185791015625e-07
2422,0.0014376640319824219,1.9073486328125e-06,4.76837158203125e-07
2423,0.0013523101806640625,1.6689300537109375e-06,2.384185791015625e-07
2424,0.0015785694122314453,1.6689300537109375e-06,2.384185791015625e-07
2425,0.0012636184692382812,1.6689300537109375e-06,2.384185791015625e-07
2426,0.0014696121215820312,1.6689300537109375e-06,2.384185791015625e-07
2427,0.0014197826385498047,1.9073486328125e-06,2.384185791015625e-07
2428,0.0014910697937011719,1.9073486328125e-06,4.76837158203125e-07
2429,0.0016632080078125,1.6689300537109375e-06,2.384185791015625e-07
2430,0.0017380714416503906,1.9073486328125e-06,2.384185791015625e-07
2431,0.0016591548919677734,1.9073486328125e-06,2.384185791015625e-07
2432,0.0011944770812988281,1.9073486328125e-06,2.384185791015625e-07
2433,0.0011212825775146484,1.6689300537109375e-06,2.384185791015625e-07
2434,0.0016956329345703125,1.6689300537109375e-06,2.384185791015625e-07
2435,0.0018317699432373047,1.430511474609375e-06,2.384185791015625e-07
2436,0.0016870498657226562,1.9073486328125e-06,7.152557373046875e-07
2437,0.0017113685607910156,1.9073486328125e-06,2.384185791015625e-07
2438,0.001356363296508789,1.6689300537109375e-06,4.76837158203125e-07
2439,0.0014383792877197266,1.9073486328125e-06,2.384185791015625e-07
2440,0.0008091926574707031,1.6689300537109375e-06,4.76837158203125e-07
2441,0.0016896724700927734,2.1457672119140625e-06,2.384185791015625e-07
2442,0.001741647720336914,1.6689300537109375e-06,4.76837158203125e-07
2443,0.0015802383422851562,1.6689300537109375e-06,2.384185791015625e-07
2444,0.0011348724365234375,1.6689300537109375e-06,2.384185791015625e-07
2445,0.0018229484558105469,1.6689300537109375e-06,4.76837158203125e-07
2446,0.0016326904296875,2.1457672119140625e-06,2.384185791015625e-07
2447,0.0014393329620361328,2.1457672119140625e-06,2.384185791015625e-07
2448,0.0019183158874511719,2.384185791015625e-06,4.76837158203125e-07
2449,0.0018279552459716797,2.1457672119140625e-06,2.384185791015625e-07
2450,0.002561330795288086,1.9073486328125e-06,4.76837158203125e-07
2451,0.0016486644744873047,1.6689300537109375e-06,2.384185791015625e-07
2452,0.0013735294342041016,1.6689300537109375e-06,4.76837158203125e-07
2453,0.0015478134155273438,1.9073486328125e-06,2.384185791015625e-07
2454,0.0015769004821777344,1.9073486328125e-06,2.384185791015625e-07
2455,0.0023217201232910156,1.9073486328125e-06,2.384185791015625e-07
2456,0.0021848678588867188,1.9073486328125e-06,2.384185791015625e-07
2457,0.002315521240234375,1.6689300537109375e-06,4.76837158203125e-07
2458,0.0023119449615478516,1.430511474609375e-06,2.384185791015625e-07
2459,0.002103567123413086,2.1457672119140625e-06,7.152557373046875e-07
2460,0.0020906925201416016,1.6689300537109375e-06,2.384185791015625e-07
2461,0.00200653076171875,1.6689300537109375e-06,2.384185791015625e-07
2462,0.0022330284118652344,1.9073486328125e-06,2.384185791015625e-07
2463,0.0024526119232177734,1.9073486328125e-06,2.384185791015625e-07
2464,0.002567768096923828,1.6689300537109375e-06,2.384185791015625e-07
2465,0.002416372299194336,1.6689300537109375e-06,4.76837158203125e-07
2466,0.0025968551635742188,1.6689300537109375e-06,2.384185791015625e-07
2467,0.0026977062225341797,1.9073486328125e-06,4.76837158203125e-07
2468,0.0017697811126708984,1.6689300537109375e-06,4.76837158203125e-07
2469,0.0019414424896240234,1.9073486328125e-06,2.384185791015625e-07
2470,0.002856731414794922,1.6689300537109375e-06,4.76837158203125e-07
2471,0.002724170684814453,1.6689300537109375e-06,2.384185791015625e-07
2472,0.0027649402618408203,1.6689300537109375e-06,4.76837158203125e-07
2473,0.002589702606201172,1.6689300537109375e-06,2.384185791015625e-07
2474,0.002701997756958008,1.9073486328125e-06,2.384185791015625e-07
2475,0.0024039745330810547,1.430511474609375e-06,2.384185791015625e-07
2476,0.0024416446685791016,1.9073486328125e-06,2.384185791015625e-07
2477,0.002153158187866211,1.6689300537109375e-06,2.384185791015625e-07
2478,0.0016701221466064453,1.6689300537109375e-06,7.152557373046875e-07
2479,0.0020699501037597656,1.6689300537109375e-06,4.76837158203125e-07
2480,0.002288341522216797,1.6689300537109375e-06,2.384185791015625e-07
2481,0.0023696422576904297,1.6689300537109375e-06,2.384185791015625e-07
2482,0.002159595489501953,1.6689300537109375e-06,2.384185791015625e-07
2483,0.0025207996368408203,1.6689300537109375e-06,7.152557373046875e-07
2484,0.0020551681518554688,1.6689300537109375e-06,2.384185791015625e-07
2485,0.0017895698547363281,1.9073486328125e-06,2.384185791015625e-07
2486,0.0026738643646240234,1.6689300537109375e-06,2.384185791015625e-07
2487,0.0027647018432617188,1.6689300537109375e-06,2.384185791015625e-07
2488,0.0020613670349121094,1.6689300537109375e-06,7.152557373046875e-07
2489,0.0024945735931396484,1.6689300537109375e-06,2.384185791015625e-07
2490,0.0024814605712890625,1.9073486328125e-06,2.384185791015625e-07
2491,0.0028808116912841797,1.6689300537109375e-06,4.76837158203125e-07
2492,0.002223491668701172,1.430511474609375e-06,2.384185791015625e-07
2493,0.0028879642486572266,1.6689300537109375e-06,4.76837158203125e-07
2494,0.0034933090209960938,1.6689300537109375e-06,4.76837158203125e-07
2495,0.0017549991607666016,1.6689300537109375e-06,2.384185791015625e-07
2496,0.002249479293823242,1.9073486328125e-06,7.152557373046875e-07
2497,0.0020847320556640625,1.6689300537109375e-06,4.76837158203125e-07
2498,0.0025272369384765625,1.6689300537109375e-06,2.384185791015625e-07
2499,0.0023527145385742188,1.6689300537109375e-06,4.76837158203125e-07
2500,0.0025968551635742188,1.6689300537109375e-06,4.76837158203125e-07
2501,0.00257110595703125,1.6689300537109375e-06,2.384185791015625e-07
2502,0.0025925636291503906,1.6689300537109375e-06,4.76837158203125e-07
2503,0.00308990478515625,1.9073486328125e-06,2.384185791015625e-07
2504,0.0026428699493408203,3.814697265625e-06,2.384185791015625e-07
2505,0.002649068832397461,1.6689300537109375e-06,2.384185791015625e-07
2506,0.002612590789794922,1.6689300537109375e-06,2.384185791015625e-07
2507,0.002585887908935547,1.6689300537109375e-06,2.384185791015625e-07
2508,0.002858877182006836,2.1457672119140625e-06,4.76837158203125e-07
2509,0.0028145313262939453,1.9073486328125e-06,2.384185791015625e-07
2510,0.0031790733337402344,1.6689300537109375e-06,4.76837158203125e-07
2511,0.0028612613677978516,1.9073486328125e-06,4.76837158203125e-07
2512,0.00255584716796875,1.9073486328125e-06,4.76837158203125e-07
2513,0.0027017593383789062,1.9073486328125e-06,2.384185791015625e-07
2514,0.0022513866424560547,2.1457672119140625e-06,2.384185791015625e-07
2515,0.0033843517303466797,1.9073486328125e-06,4.76837158203125e-07
2516,0.002877950668334961,1.9073486328125e-06,2.384185791015625e-07
2517,0.002460479736328125,1.6689300537109375e-06,2.384185791015625e-07
2518,0.0031576156616210938,2.1457672119140625e-06,2.384185791015625e-07
2519,0.0021924972534179688,1.9073486328125e-06,2.384185791015625e-07
2520,0.0024077892303466797,1.9073486328125e-06,2.384185791015625e-07
2521,0.0023169517517089844,2.1457672119140625e-06,4.76837158203125e-07
2522,0.0025742053985595703,1.9073486328125e-06,4.76837158203125e-07
2523,0.0024566650390625,2.1457672119140625e-06,4.76837158203125e-07
2524,0.0026438236236572266,1.9073486328125e-06,2.384185791015625e-07
2525,0.002414703369140625,1.9073486328125e-06,7.152557373046875e-07
2526,0.0024025440216064453,1.9073486328125e-06,2.384185791015625e-07
2527,0.0027327537536621094,2.1457672119140625e-06,2.384185791015625e-07
2528,0.002380847930908203,1.6689300537109375e-06,2.384185791015625e-07
2529,0.0024967193603515625,1.9073486328125e-06,2.384185791015625e-07
2530,0.0015795230865478516,1.9073486328125e-06,2.384185791015625e-07
2531,0.002259492874145508,2.1457672119140625e-06,4.76837158203125e-07
2532,0.0022814273834228516,1.9073486328125e-06,4.76837158203125e-07
2533,0.0028810501098632812,1.430511474609375e-06,2.384185791015625e-07
2534,0.002947092056274414,1.430511474609375e-06,4.76837158203125e-07
2535,0.0026123523712158203,1.6689300537109375e-06,2.384185791015625e-07
2536,0.002391338348388672,1.6689300537109375e-06,2.384185791015625e-07
2537,0.0027008056640625,1.6689300537109375e-06,2.384185791015625e-07
2538,0.0020923614501953125,2.1457672119140625e-06,2.384185791015625e-07
2539,0.002498626708984375,1.6689300537109375e-06,2.384185791015625e-07
2540,0.0027184486389160156,1.6689300537109375e-06,4.76837158203125e-07
2541,0.0021004676818847656,2.1457672119140625e-06,4.76837158203125e-07
2542,0.0026161670684814453,2.1457672119140625e-06,2.384185791015625e-07
2543,0.001999378204345703,1.430511474609375e-06,4.76837158203125e-07
2544,0.002670764923095703,1.6689300537109375e-06,2.384185791015625e-07
2545,0.002762317657470703,1.6689300537109375e-06,4.76837158203125e-07
2546,0.0025887489318847656,1.9073486328125e-06,2.384185791015625e-07
2547,0.002626657485961914,1.9073486328125e-06,2.384185791015625e-07
2548,0.002479076385498047,1.6689300537109375e-06,2.384185791015625e-07
2549,0.0020868778228759766,1.6689300537109375e-06,2.384185791015625e-07
2550,0.0026628971099853516,1.6689300537109375e-06,2.384185791015625e-07
2551,0.002140045166015625,2.1457672119140625e-06,2.384185791015625e-07
2552,0.002131223678588867,1.6689300537109375e-06,2.384185791015625e-07
2553,0.002584218978881836,1.430511474609375e-06,2.384185791015625e-07
2554,0.0026857852935791016,1.9073486328125e-06,2.384185791015625e-07
2555,0.002237081527709961,1.6689300537109375e-06,2.384185791015625e-07
2556,0.002475261688232422,1.6689300537109375e-06,4.76837158203125e-07
2557,0.002167940139770508,2.384185791015625e-06,2.384185791015625e-07
2558,0.00238037109375,1.6689300537109375e-06,2.384185791015625e-07
2559,0.0017969608306884766,1.9073486328125e-06,4.76837158203125e-07
2560,0.0022487640380859375,1.6689300537109375e-06,4.76837158203125e-07
2561,0.002074718475341797,1.6689300537109375e-06,2.384185791015625e-07
2562,0.0019130706787109375,1.6689300537109375e-06,4.76837158203125e-07
2563,0.002482175827026367,1.6689300537109375e-06,9.5367431640625e-07
2564,0.002859830856323242,1.6689300537109375e-06,2.384185791015625e-07
2565,0.0028228759765625,1.6689300537109375e-06,2.384185791015625e-07
2566,0.0021491050720214844,1.9073486328125e-06,2.384185791015625e-07
2567,0.0028676986694335938,1.6689300537109375e-06,2.384185791015625e-07
2568,0.002611875534057617,1.6689300537109375e-06,2.384185791015625e-07
2569,0.0019648075103759766,1.6689300537109375e-06,2.384185791015625e-07
2570,0.0024406909942626953,1.6689300537109375e-06,2.384185791015625e-07
2571,0.002398252487182617,1.9073486328125e-06,2.384185791015625e-07
2572,0.0024328231811523438,1.6689300537109375e-06,4.76837158203125e-07
2573,0.0021479129791259766,1.6689300537109375e-06,2.384185791015625e-07
2574,0.0014872550964355469,1.6689300537109375e-06,2.384185791015625e-07
2575,0.002560853958129883,1.6689300537109375e-06,2.384185791015625e-07
2576,0.002872943878173828,1.9073486328125e-06,4.76837158203125e-07
2577,0.0018062591552734375,1.6689300537109375e-06,2.384185791015625e-07
2578,0.0022106170654296875,1.6689300537109375e-06,2.384185791015625e-07
2579,0.002573251724243164,1.6689300537109375e-06,2.384185791015625e-07
2580,0.002675294876098633,1.6689300537109375e-06,2.384185791015625e-07
2581,0.002378225326538086,1.6689300537109375e-06,2.384185791015625e-07
2582,0.002317190170288086,1.6689300537109375e-06,2.384185791015625e-07
2583,0.002155303955078125,1.6689300537109375e-06,2.384185791015625e-07
2584,0.002687692642211914,1.6689300537109375e-06,2.384185791015625e-07
2585,0.0022797584533691406,1.6689300537109375e-06,2.384185791015625e-07
2586,0.0020711421966552734,1.430511474609375e-06,2.384185791015625e-07
2587,0.002382993698120117,1.9073486328125e-06,2.384185791015625e-07
2588,0.0025048255920410156,1.6689300537109375e-06,2.384185791015625e-07
2589,0.002227306365966797,1.430511474609375e-06,7.152557373046875e-07
2590,0.0024840831756591797,1.430511474609375e-06,2.384185791015625e-07
2591,0.003042936325073242,1.6689300537109375e-06,2.384185791015625e-07
2592,0.0019311904907226562,1.9073486328125e-06,2.384185791015625e-07
2593,0.0026035308837890625,1.6689300537109375e-06,2.384185791015625e-07
2594,0.0018985271453857422,1.9073486328125e-06,2.384185791015625e-07
2595,0.0023658275604248047,2.1457672119140625e-06,2.384185791015625e-07
2596,0.0034902095794677734,1.6689300537109375e-06,2.384185791015625e-07
2597,0.0021669864654541016,1.9073486328125e-06,2.384185791015625e-07
2598,0.002301454544067383,1.6689300537109375e-06,4.76837158203125e-07
2599,0.0019073486328125,1.6689300537109375e-06,2.384185791015625e-07
2600,0.00213623046875,1.6689300537109375e-06,2.384185791015625e-07
2601,0.0019276142120361328,1.6689300537109375e-06,2.384185791015625e-07
2602,0.0019865036010742188,1.6689300537109375e-06,0.0
2603,0.001508951187133789,1.9073486328125e-06,2.384185791015625e-07
2604,0.0019495487213134766,1.430511474609375e-06,2.384185791015625e-07
2605,0.002415895462036133,1.6689300537109375e-06,2.384185791015625e-07
2606,0.002143383026123047,2.1457672119140625e-06,2.384185791015625e-07
2607,0.0021390914916992188,1.9073486328125e-06,4.76837158203125e-07
2608,0.0026917457580566406,1.9073486328125e-06,2.384185791015625e-07
2609,0.002468585968017578,1.430511474609375e-06,2.384185791015625e-07
2610,0.002895832061767578,1.6689300537109375e-06,4.76837158203125e-07
2611,0.0023958683013916016,1.6689300537109375e-06,2.384185791015625e-07
2612,0.002102375030517578,1.9073486328125e-06,2.384185791015625e-07
2613,0.0025207996368408203,1.6689300537109375e-06,2.384185791015625e-07
2614,0.0021080970764160156,1.6689300537109375e-06,2.384185791015625e-07
2615,0.002353668212890625,1.9073486328125e-06,2.384185791015625e-07
2616,0.002092123031616211,2.1457672119140625e-06,7.152557373046875e-07
2617,0.0028421878814697266,1.9073486328125e-06,7.152557373046875e-07
2618,0.0021991729736328125,1.9073486328125e-06,2.384185791015625e-07
2619,0.004019737243652344,1.6689300537109375e-06,2.384185791015625e-07
2620,0.002634286880493164,2.384185791015625e-06,4.76837158203125e-07
2621,0.0024938583374023438,1.9073486328125e-06,2.384185791015625e-07
2622,0.0019767284393310547,2.1457672119140625e-06,2.384185791015625e-07
2623,0.0025742053985595703,2.1457672119140625e-06,2.384185791015625e-07
2624,0.0026149749755859375,2.1457672119140625e-06,2.384185791015625e-07
2625,0.0019655227661132812,2.1457672119140625e-06,2.384185791015625e-07
2626,0.001833200454711914,1.9073486328125e-06,2.384185791015625e-07
2627,0.0019752979278564453,1.9073486328125e-06,2.384185791015625e-07
2628,0.0025298595428466797,2.1457672119140625e-06,2.384185791015625e-07
2629,0.002229452133178711,2.1457672119140625e-06,7.152557373046875e-07
2630,0.0028209686279296875,2.1457672119140625e-06,2.384185791015625e-07
2631,0.0018706321716308594,1.9073486328125e-06,2.384185791015625e-07
2632,0.001638650894165039,1.6689300537109375e-06,0.0
2633,0.0023469924926757812,1.9073486328125e-06,4.76837158203125e-07
2634,0.0022635459899902344,1.9073486328125e-06,4.76837158203125e-07
2635,0.001697540283203125,2.1457672119140625e-06,2.384185791015625e-07
2636,0.0019600391387939453,2.1457672119140625e-06,4.76837158203125e-07
2637,0.0023584365844726562,1.9073486328125e-06,2.384185791015625e-07
2638,0.002716064453125,1.9073486328125e-06,4.76837158203125e-07
2639,0.002386808395385742,2.1457672119140625e-06,2.384185791015625e-07
2640,0.002256155014038086,1.9073486328125e-06,2.384185791015625e-07
2641,0.002321004867553711,1.9073486328125e-06,4.76837158203125e-07
2642,0.0022420883178710938,1.9073486328125e-06,4.76837158203125e-07
2643,0.001965761184692383,1.9073486328125e-06,2.384185791015625e-07
2644,0.002788066864013672,2.1457672119140625e-06,2.384185791015625e-07
2645,0.001775503158569336,1.6689300537109375e-06,4.76837158203125e-07
2646,0.0022444725036621094,1.9073486328125e-06,4.76837158203125e-07
2647,0.0022988319396972656,1.6689300537109375e-06,2.384185791015625e-07
2648,0.0022897720336914062,1.9073486328125e-06,2.384185791015625e-07
2649,0.0031824111938476562,1.6689300537109375e-06,4.76837158203125e-07
2650,0.0036857128143310547,1.6689300537109375e-06,2.384185791015625e-07
2651,0.0027964115142822266,1.6689300537109375e-06,2.384185791015625e-07
2652,0.0018742084503173828,1.9073486328125e-06,2.384185791015625e-07
2653,0.0024890899658203125,1.6689300537109375e-06,2.384185791015625e-07
2654,0.0018584728240966797,1.9073486328125e-06,2.384185791015625e-07
2655,0.002630949020385742,1.9073486328125e-06,4.76837158203125e-07
2656,0.002053976058959961,2.1457672119140625e-06,2.384185791015625e-07
2657,0.0022912025451660156,1.6689300537109375e-06,2.384185791015625e-07
2658,0.002022266387939453,1.430511474609375e-06,2.384185791015625e-07
2659,0.001825094223022461,1.9073486328125e-06,4.76837158203125e-07
2660,0.0013768672943115234,1.9073486328125e-06,7.152557373046875e-07
2661,0.0021758079528808594,1.9073486328125e-06,2.384185791015625e-07
2662,0.003027200698852539,2.1457672119140625e-06,7.152557373046875e-07
2663,0.003134012222290039,1.9073486328125e-06,2.384185791015625e-07
2664,0.002437114715576172,2.1457672119140625e-06,2.384185791015625e-07
2665,0.002131223678588867,2.384185791015625e-06,2.384185791015625e-07
2666,0.002198457717895508,2.1457672119140625e-06,2.384185791015625e-07
2667,0.0023527145385742188,2.1457672119140625e-06,4.76837158203125e-07
2668,0.002016782760620117,2.1457672119140625e-06,2.384185791015625e-07
2669,0.002501964569091797,1.9073486328125e-06,4.76837158203125e-07
2670,0.0013463497161865234,2.1457672119140625e-06,4.76837158203125e-07
2671,0.002810239791870117,1.9073486328125e-06,2.384185791015625e-07
2672,0.0027740001678466797,2.1457672119140625e-06,2.384185791015625e-07
2673,0.0021524429321289062,1.9073486328125e-06,2.384185791015625e-07
2674,0.003093719482421875,1.6689300537109375e-06,2.384185791015625e-07
2675,0.0028040409088134766,1.6689300537109375e-06,2.384185791015625e-07
2676,0.0028688907623291016,1.6689300537109375e-06,2.384185791015625e-07
2677,0.0025200843811035156,1.9073486328125e-06,2.384185791015625e-07
2678,0.0023849010467529297,1.6689300537109375e-06,2.384185791015625e-07
2679,0.0029172897338867188,1.6689300537109375e-06,2.384185791015625e-07
2680,0.0026121139526367188,2.1457672119140625e-06,2.384185791015625e-07
2681,0.0026569366455078125,1.9073486328125e-06,2.384185791015625e-07
2682,0.0024297237396240234,1.6689300537109375e-06,2.384185791015625e-07
2683,0.0023107528686523438,1.6689300537109375e-06,2.384185791015625e-07
2684,0.002309560775756836,1.9073486328125e-06,2.384185791015625e-07
2685,0.002447366714477539,1.9073486328125e-06,2.384185791015625e-07
2686,0.0028553009033203125,2.1457672119140625e-06,2.384185791015625e-07
2687,0.00246429443359375,2.384185791015625e-06,4.76837158203125e-07
2688,0.0022475719451904297,1.9073486328125e-06,4.76837158203125e-07
2689,0.002206563949584961,1.9073486328125e-06,2.384185791015625e-07
2690,0.0022101402282714844,2.1457672119140625e-06,2.384185791015625e-07
2691,0.0022072792053222656,1.9073486328125e-06,4.76837158203125e-07
2692,0.001928091049194336,1.9073486328125e-06,2.384185791015625e-07
2693,0.0025343894958496094,2.6226043701171875e-06,2.384185791015625e-07
2694,0.002463817596435547,1.6689300537109375e-06,4.76837158203125e-07
2695,0.0022323131561279297,1.6689300537109375e-06,2.384185791015625e-07
2696,0.0020639896392822266,2.1457672119140625e-06,7.152557373046875e-07
2697,0.0016739368438720703,1.9073486328125e-06,2.384185791015625e-07
2698,0.0015904903411865234,1.6689300537109375e-06,2.384185791015625e-07
2699,0.0027627944946289062,1.6689300537109375e-06,2.384185791015625e-07
2700,0.001295328140258789,2.1457672119140625e-06,4.76837158203125e-07
2701,0.0018050670623779297,1.6689300537109375e-06,2.384185791015625e-07
2702,0.002100229263305664,1.6689300537109375e-06,2.384185791015625e-07
2703,0.001583099365234375,1.6689300537109375e-06,4.76837158203125e-07
2704,0.0019578933715820312,1.9073486328125e-06,4.76837158203125e-07
2705,0.0021288394927978516,1.6689300537109375e-06,7.152557373046875e-07
2706,0.002155780792236328,2.1457672119140625e-06,2.384185791015625e-07
2707,0.0029103755950927734,1.9073486328125e-06,2.384185791015625e-07
2708,0.0022406578063964844,1.9073486328125e-06,2.384185791015625e-07
2709,0.0022220611572265625,1.6689300537109375e-06,7.152557373046875e-07
2710,0.0021665096282958984,1.9073486328125e-06,4.76837158203125e-07
2711,0.0022742748260498047,1.6689300537109375e-06,4.76837158203125e-07
2712,0.0017619132995605469,2.1457672119140625e-06,2.384185791015625e-07
2713,0.002732992172241211,1.6689300537109375e-06,2.384185791015625e-07
2714,0.0022470951080322266,2.1457672119140625e-06,2.384185791015625e-07
2715,0.0020732879638671875,1.9073486328125e-06,2.384185791015625e-07
2716,0.0023899078369140625,1.9073486328125e-06,4.76837158203125e-07
2717,0.0021245479583740234,2.1457672119140625e-06,2.384185791015625e-07
2718,0.002224445343017578,2.1457672119140625e-06,4.76837158203125e-07
2719,0.0020668506622314453,1.6689300537109375e-06,2.384185791015625e-07
2720,0.0024788379669189453,1.9073486328125e-06,2.384185791015625e-07
2721,0.002209901809692383,1.9073486328125e-06,2.384185791015625e-07
2722,0.0025577545166015625,1.6689300537109375e-06,2.384185791015625e-07
2723,0.001840353012084961,2.1457672119140625e-06,2.384185791015625e-07
2724,0.0018646717071533203,2.1457672119140625e-06,2.384185791015625e-07
2725,0.002033710479736328,1.9073486328125e-06,2.384185791015625e-07
2726,0.0020554065704345703,1.9073486328125e-06,2.384185791015625e-07
2727,0.0017337799072265625,1.9073486328125e-06,2.384185791015625e-07
2728,0.002320528030395508,1.9073486328125e-06,2.384185791015625e-07
2729,0.0019130706787109375,1.9073486328125e-06,4.76837158203125e-07
2730,0.0022819042205810547,2.1457672119140625e-06,2.384185791015625e-07
2731,0.0020666122436523438,2.1457672119140625e-06,4.76837158203125e-07
2732,0.002847433090209961,1.9073486328125e-06,2.384185791015625e-07
2733,0.0024559497833251953,1.6689300537109375e-06,4.76837158203125e-07
2734,0.0020732879638671875,1.6689300537109375e-06,4.76837158203125e-07
2735,0.0018608570098876953,2.1457672119140625e-06,4.76837158203125e-07
2736,0.0025305747985839844,1.6689300537109375e-06,2.384185791015625e-07
2737,0.001806497573852539,1.9073486328125e-06,2.384185791015625e-07
2738,0.002362489700317383,2.1457672119140625e-06,4.76837158203125e-07
2739,0.002221822738647461,1.6689300537109375e-06,2.384185791015625e-07
2740,0.0016319751739501953,2.1457672119140625e-06,2.384185791015625e-07
2741,0.0022444725036621094,1.6689300537109375e-06,2.384185791015625e-07
2742,0.002424955368041992,1.6689300537109375e-06,2.384185791015625e-07
2743,0.002021312713623047,1.6689300537109375e-06,2.384185791015625e-07
2744,0.0017287731170654297,1.9073486328125e-06,2.384185791015625e-07
2745,0.0022182464599609375,1.9073486328125e-06,2.384185791015625e-07
2746,0.002353668212890625,1.6689300537109375e-06,4.76837158203125e-07
2747,0.002300262451171875,2.1457672119140625e-06,4.76837158203125e-07
2748,0.0024001598358154297,2.1457672119140625e-06,4.76837158203125e-07
2749,0.0017702579498291016,2.1457672119140625e-06,4.76837158203125e-07
2750,0.0017817020416259766,2.1457672119140625e-06,2.384185791015625e-07
2751,0.0023860931396484375,2.1457672119140625e-06,2.384185791015625e-07
2752,0.002513885498046875,1.9073486328125e-06,4.76837158203125e-07
2753,0.002725362777709961,1.9073486328125e-06,2.384185791015625e-07
2754,0.0018439292907714844,2.1457672119140625e-06,7.152557373046875e-07
2755,0.0024836063385009766,1.6689300537109375e-06,2.384185791015625e-07
2756,0.002321958541870117,1.9073486328125e-06,7.152557373046875e-07
2757,0.0021452903747558594,1.9073486328125e-06,4.76837158203125e-07
2758,0.002171039581298828,2.1457672119140625e-06,2.384185791015625e-07
2759,0.001664876937866211,2.1457672119140625e-06,2.384185791015625e-07
2760,0.0013439655303955078,1.9073486328125e-06,2.384185791015625e-07
2761,0.0018575191497802734,1.9073486328125e-06,2.384185791015625e-07
2762,0.0022237300872802734,1.9073486328125e-06,4.76837158203125e-07
2763,0.0016167163848876953,2.1457672119140625e-06,4.76837158203125e-07
2764,0.0024194717407226562,1.9073486328125e-06,4.76837158203125e-07
2765,0.0016453266143798828,2.384185791015625e-06,4.76837158203125e-07
2766,0.0024323463439941406,1.9073486328125e-06,7.152557373046875e-07
2767,0.0016908645629882812,1.9073486328125e-06,2.384185791015625e-07
2768,0.0015709400177001953,2.1457672119140625e-06,4.76837158203125e-07
2769,0.0022759437561035156,1.9073486328125e-06,2.384185791015625e-07
2770,0.0016124248504638672,1.9073486328125e-06,4.76837158203125e-07
2771,0.0019032955169677734,2.1457672119140625e-06,2.384185791015625e-07
2772,0.0018818378448486328,1.9073486328125e-06,4.76837158203125e-07
2773,0.0018362998962402344,1.9073486328125e-06,2.384185791015625e-07
2774,0.0019865036010742188,1.9073486328125e-06,4.76837158203125e-07
2775,0.0022792816162109375,1.6689300537109375e-06,2.384185791015625e-07
2776,0.0018558502197265625,1.6689300537109375e-06,2.384185791015625e-07
2777,0.0016815662384033203,1.9073486328125e-06,4.76837158203125e-07
2778,0.002391815185546875,2.1457672119140625e-06,7.152557373046875e-07
2779,0.002505779266357422,1.9073486328125e-06,2.384185791015625e-07
2780,0.002611875534057617,1.9073486328125e-06,2.384185791015625e-07
2781,0.0015385150909423828,2.384185791015625e-06,2.384185791015625e-07
2782,0.001987934112548828,2.384185791015625e-06,2.384185791015625e-07
2783,0.002463102340698242,2.1457672119140625e-06,2.384185791015625e-07
2784,0.002197742462158203,2.1457672119140625e-06,2.384185791015625e-07
2785,0.0022749900817871094,1.9073486328125e-06,2.384185791015625e-07
2786,0.0019154548645019531,1.9073486328125e-06,2.384185791015625e-07
2787,0.0025625228881835938,1.6689300537109375e-06,2.384185791015625e-07
2788,0.0020918846130371094,1.6689300537109375e-06,2.384185791015625e-07
2789,0.0026895999908447266,1.6689300537109375e-06,4.76837158203125e-07
2790,0.0023336410522460938,1.6689300537109375e-06,2.384185791015625e-07
2791,0.00208282470703125,1.9073486328125e-06,2.384185791015625e-07
2792,0.0014202594757080078,2.384185791015625e-06,2.384185791015625e-07
2793,0.0033097267150878906,2.384185791015625e-06,4.76837158203125e-07
2794,0.0024709701538085938,2.1457672119140625e-06,2.384185791015625e-07
2795,0.001962423324584961,1.9073486328125e-06,2.384185791015625e-07
2796,0.0021598339080810547,1.6689300537109375e-06,4.76837158203125e-07
2797,0.0024080276489257812,1.9073486328125e-06,2.384185791015625e-07
2798,0.002358675003051758,1.9073486328125e-06,2.384185791015625e-07
2799,0.0017044544219970703,1.6689300537109375e-06,2.384185791015625e-07
2800,0.001986980438232422,1.9073486328125e-06,2.384185791015625e-07
2801,0.002604961395263672,2.1457672119140625e-06,2.384185791015625e-07
2802,0.0025207996368408203,2.1457672119140625e-06,2.384185791015625e-07
2803,0.0018608570098876953,1.9073486328125e-06,2.384185791015625e-07
2804,0.0020208358764648438,2.384185791015625e-06,2.384185791015625e-07
2805,0.0022826194763183594,2.1457672119140625e-06,2.384185791015625e-07
2806,0.0022869110107421875,2.1457672119140625e-06,2.384185791015625e-07
2807,0.002338409423828125,1.9073486328125e-06,7.152557373046875e-07
2808,0.0022766590118408203,1.9073486328125e-06,2.384185791015625e-07
2809,0.0019638538360595703,1.6689300537109375e-06,2.384185791015625e-07
2810,0.0019271373748779297,2.1457672119140625e-06,2.384185791015625e-07
2811,0.002097606658935547,2.384185791015625e-06,2.384185791015625e-07
2812,0.0019521713256835938,1.9073486328125e-06,2.384185791015625e-07
2813,0.0023593902587890625,1.9073486328125e-06,2.384185791015625e-07
2814,0.0015439987182617188,2.1457672119140625e-06,4.76837158203125e-07
2815,0.001962900161743164,1.9073486328125e-06,4.76837158203125e-07
2816,0.002203702926635742,1.6689300537109375e-06,2.384185791015625e-07
2817,0.0011701583862304688,1.9073486328125e-06,4.76837158203125e-07
2818,0.002428770065307617,1.6689300537109375e-06,2.384185791015625e-07
2819,0.0023241043090820312,1.9073486328125e-06,4.76837158203125e-07
2820,0.0017256736755371094,2.1457672119140625e-06,2.384185791015625e-07
2821,0.0018074512481689453,2.1457672119140625e-06,2.384185791015625e-07
2822,0.001764059066772461,2.1457672119140625e-06,2.384185791015625e-07
2823,0.0016412734985351562,2.1457672119140625e-06,2.384185791015625e-07
2824,0.0022666454315185547,1.9073486328125e-06,2.384185791015625e-07
2825,0.0015799999237060547,2.1457672119140625e-06,4.76837158203125e-07
2826,0.0018548965454101562,2.1457672119140625e-06,2.384185791015625e-07
2827,0.001928091049194336,1.9073486328125e-06,4.76837158203125e-07
2828,0.0022013187408447266,1.9073486328125e-06,2.384185791015625e-07
2829,0.002286195755004883,1.9073486328125e-06,2.384185791015625e-07
2830,0.0021278858184814453,1.9073486328125e-06,4.76837158203125e-07
2831,0.0018804073333740234,1.9073486328125e-06,2.384185791015625e-07
2832,0.0016446113586425781,1.9073486328125e-06,2.384185791015625e-07
2833,0.0016338825225830078,1.9073486328125e-06,2.384185791015625e-07
2834,0.002249002456665039,1.9073486328125e-06,2.384185791015625e-07
2835,0.0020689964294433594,1.6689300537109375e-06,4.76837158203125e-07
2836,0.0017037391662597656,1.9073486328125e-06,2.384185791015625e-07
2837,0.0020186901092529297,1.9073486328125e-06,2.384185791015625e-07
2838,0.0014297962188720703,1.9073486328125e-06,2.384185791015625e-07
2839,0.0022110939025878906,2.1457672119140625e-06,2.384185791015625e-07
2840,0.001552581787109375,2.1457672119140625e-06,2.384185791015625e-07
2841,0.0017702579498291016,1.9073486328125e-06,2.384185791015625e-07
2842,0.0016794204711914062,1.9073486328125e-06,2.384185791015625e-07
2843,0.0018534660339355469,2.1457672119140625e-06,4.76837158203125e-07
2844,0.0019593238830566406,2.1457672119140625e-06,4.76837158203125e-07
2845,0.0016644001007080078,2.1457672119140625e-06,4.76837158203125e-07
2846,0.00225830078125,1.6689300537109375e-06,2.384185791015625e-07
2847,0.002443552017211914,1.6689300537109375e-06,2.384185791015625e-07
2848,0.0015726089477539062,1.9073486328125e-06,4.76837158203125e-07
2849,0.0015406608581542969,1.9073486328125e-06,2.384185791015625e-07
2850,0.0022215843200683594,2.1457672119140625e-06,2.384185791015625e-07
2851,0.0021085739135742188,2.1457672119140625e-06,2.384185791015625e-07
2852,0.002945423126220703,2.384185791015625e-06,4.76837158203125e-07
2853,0.0019316673278808594,1.9073486328125e-06,2.384185791015625e-07
2854,0.002147674560546875,1.9073486328125e-06,2.384185791015625e-07
2855,0.0019559860229492188,2.1457672119140625e-06,2.384185791015625e-07
2856,0.0020875930786132812,2.1457672119140625e-06,4.76837158203125e-07
2857,0.00128936767578125,1.9073486328125e-06,2.384185791015625e-07
2858,0.002275228500366211,1.9073486328125e-06,2.384185791015625e-07
2859,0.0016851425170898438,2.1457672119140625e-06,4.76837158203125e-07
2860,0.002023458480834961,1.6689300537109375e-06,2.384185791015625e-07
2861,0.0017273426055908203,1.6689300537109375e-06,2.384185791015625e-07
2862,0.0018398761749267578,2.1457672119140625e-06,2.384185791015625e-07
2863,0.0023391246795654297,2.1457672119140625e-06,4.76837158203125e-07
2864,0.0020287036895751953,2.1457672119140625e-06,4.76837158203125e-07
2865,0.002477407455444336,2.1457672119140625e-06,2.384185791015625e-07
2866,0.0021495819091796875,1.6689300537109375e-06,2.384185791015625e-07
2867,0.0022416114807128906,1.9073486328125e-06,2.384185791015625e-07
2868,0.0018305778503417969,1.9073486328125e-06,2.384185791015625e-07
2869,0.0023131370544433594,2.1457672119140625e-06,4.76837158203125e-07
2870,0.0018613338470458984,2.384185791015625e-06,2.384185791015625e-07
2871,0.0018990039825439453,2.1457672119140625e-06,2.384185791015625e-07
2872,0.0021486282348632812,2.1457672119140625e-06,4.76837158203125e-07
2873,0.0018849372863769531,2.1457672119140625e-06,2.384185791015625e-07
2874,0.0020275115966796875,2.1457672119140625e-06,4.76837158203125e-07
2875,0.0014002323150634766,2.1457672119140625e-06,2.384185791015625e-07
2876,0.0018677711486816406,1.9073486328125e-06,2.384185791015625e-07
2877,0.0019145011901855469,1.9073486328125e-06,2.384185791015625e-07
2878,0.002042531967163086,2.1457672119140625e-06,2.384185791015625e-07
2879,0.0021882057189941406,2.1457672119140625e-06,4.76837158203125e-07
2880,0.0025789737701416016,1.6689300537109375e-06,2.384185791015625e-07
2881,0.0020499229431152344,1.6689300537109375e-06,2.384185791015625e-07
2882,0.0016794204711914062,1.6689300537109375e-06,4.76837158203125e-07
2883,0.0022230148315429688,1.6689300537109375e-06,2.384185791015625e-07
2884,0.0015959739685058594,1.9073486328125e-06,2.384185791015625e-07
2885,0.0015947818756103516,2.1457672119140625e-06,4.76837158203125e-07
2886,0.0013546943664550781,1.9073486328125e-06,2.384185791015625e-07
2887,0.002245187759399414,1.9073486328125e-06,4.76837158203125e-07
2888,0.0021631717681884766,1.9073486328125e-06,2.384185791015625e-07
2889,0.0016357898712158203,1.9073486328125e-06,2.384185791015625e-07
2890,0.0009343624114990234,1.9073486328125e-06,2.384185791015625e-07
2891,0.00274658203125,2.1457672119140625e-06,2.384185791015625e-07
2892,0.0011892318725585938,1.9073486328125e-06,2.384185791015625e-07
2893,0.0016133785247802734,1.6689300537109375e-06,2.384185791015625e-07
2894,0.0022912025451660156,1.9073486328125e-06,2.384185791015625e-07
2895,0.0016484260559082031,2.1457672119140625e-06,2.384185791015625e-07
2896,0.0016050338745117188,2.384185791015625e-06,2.384185791015625e-07
2897,0.0015206336975097656,1.9073486328125e-06,2.384185791015625e-07
2898,0.002391815185546875,1.9073486328125e-06,4.76837158203125e-07
2899,0.002079010009765625,1.9073486328125e-06,4.76837158203125e-07
2900,0.0025892257690429688,2.1457672119140625e-06,2.384185791015625e-07
2901,0.0018999576568603516,1.9073486328125e-06,2.384185791015625e-07
2902,0.0024635791778564453,1.9073486328125e-06,7.152557373046875e-07
2903,0.002904176712036133,2.1457672119140625e-06,2.384185791015625e-07
2904,0.002953052520751953,1.9073486328125e-06,4.76837158203125e-07
2905,0.0027313232421875,1.9073486328125e-06,2.384185791015625e-07
2906,0.0021181106567382812,1.9073486328125e-06,4.76837158203125e-07
2907,0.002546548843383789,1.9073486328125e-06,4.76837158203125e-07
2908,0.0024640560150146484,1.6689300537109375e-06,2.384185791015625e-07
2909,0.002585887908935547,1.9073486328125e-06,2.384185791015625e-07
2910,0.0025420188903808594,1.6689300537109375e-06,2.384185791015625e-07
2911,0.0023009777069091797,1.9073486328125e-06,4.76837158203125e-07
2912,0.0024755001068115234,2.1457672119140625e-06,4.76837158203125e-07
2913,0.002341747283935547,1.6689300537109375e-06,2.384185791015625e-07
2914,0.0026695728302001953,1.9073486328125e-06,4.76837158203125e-07
2915,0.0018694400787353516,1.6689300537109375e-06,4.76837158203125e-07
2916,0.0025353431701660156,1.9073486328125e-06,4.76837158203125e-07
2917,0.0022721290588378906,1.6689300537109375e-06,2.384185791015625e-07
2918,0.003292560577392578,1.6689300537109375e-06,2.384185791015625e-07
2919,0.003016233444213867,1.9073486328125e-06,2.384185791015625e-07
2920,0.002279520034790039,1.6689300537109375e-06,7.152557373046875e-07
2921,0.0021753311157226562,1.6689300537109375e-06,2.384185791015625e-07
2922,0.0023844242095947266,1.6689300537109375e-06,2.384185791015625e-07
2923,0.0019605159759521484,2.1457672119140625e-06,2.384185791015625e-07
2924,0.0024225711822509766,1.9073486328125e-06,4.76837158203125e-07
2925,0.002377033233642578,1.9073486328125e-06,2.384185791015625e-07
2926,0.0025794506072998047,1.9073486328125e-06,2.384185791015625e-07
2927,0.0025932788848876953,2.384185791015625e-06,4.76837158203125e-07
2928,0.0026438236236572266,1.9073486328125e-06,7.152557373046875e-07
2929,0.0025250911712646484,2.1457672119140625e-06,2.384185791015625e-07
2930,0.0024225711822509766,2.384185791015625e-06,2.384185791015625e-07
2931,0.002368450164794922,1.6689300537109375e-06,2.384185791015625e-07
2932,0.0022449493408203125,1.9073486328125e-06,2.384185791015625e-07
2933,0.0019533634185791016,1.6689300537109375e-06,2.384185791015625e-07
2934,0.002804279327392578,2.1457672119140625e-06,2.384185791015625e-07
2935,0.002412557601928711,1.9073486328125e-06,4.76837158203125e-07
2936,0.002823352813720703,1.6689300537109375e-06,2.384185791015625e-07
2937,0.0026175975799560547,1.6689300537109375e-06,2.384185791015625e-07
2938,0.0022165775299072266,2.1457672119140625e-06,4.76837158203125e-07
2939,0.002683401107788086,2.1457672119140625e-06,4.76837158203125e-07
2940,0.0025544166564941406,2.1457672119140625e-06,2.384185791015625e-07
2941,0.0026009082794189453,1.9073486328125e-06,2.384185791015625e-07
2942,0.0023288726806640625,2.1457672119140625e-06,2.384185791015625e-07
2943,0.002748727798461914,1.9073486328125e-06,2.384185791015625e-07
2944,0.003329753875732422,1.6689300537109375e-06,2.384185791015625e-07
2945,0.0028989315032958984,1.6689300537109375e-06,2.384185791015625e-07
2946,0.002393007278442383,1.9073486328125e-06,2.384185791015625e-07
2947,0.001973390579223633,1.9073486328125e-06,2.384185791015625e-07
2948,0.002197265625,2.1457672119140625e-06,2.384185791015625e-07
2949,0.0018868446350097656,2.1457672119140625e-06,2.384185791015625e-07
2950,0.0025701522827148438,1.9073486328125e-06,2.384185791015625e-07
2951,0.0025043487548828125,2.1457672119140625e-06,2.384185791015625e-07
2952,0.0024094581604003906,1.9073486328125e-06,2.384185791015625e-07
2953,0.002740144729614258,2.1457672119140625e-06,2.384185791015625e-07
2954,0.0017518997192382812,1.9073486328125e-06,2.384185791015625e-07
2955,0.0026040077209472656,1.9073486328125e-06,2.384185791015625e-07
2956,0.0022618770599365234,1.6689300537109375e-06,2.384185791015625e-07
2957,0.002148151397705078,1.9073486328125e-06,2.384185791015625e-07
2958,0.0020294189453125,1.9073486328125e-06,4.76837158203125e-07
2959,0.002325773239135742,1.6689300537109375e-06,2.384185791015625e-07
2960,0.002179384231567383,1.6689300537109375e-06,4.76837158203125e-07
2961,0.002133607864379883,1.6689300537109375e-06,2.384185791015625e-07
2962,0.002516031265258789,1.9073486328125e-06,2.384185791015625e-07
2963,0.0024268627166748047,1.9073486328125e-06,2.384185791015625e-07
2964,0.0023500919342041016,1.9073486328125e-06,2.384185791015625e-07
2965,0.002274751663208008,2.1457672119140625e-06,2.384185791015625e-07
2966,0.002434253692626953,2.1457672119140625e-06,4.76837158203125e-07
2967,0.0024046897888183594,1.9073486328125e-06,4.76837158203125e-07
2968,0.002014636993408203,1.9073486328125e-06,2.384185791015625e-07
2969,0.002263784408569336,2.1457672119140625e-06,4.76837158203125e-07
2970,0.002608060836791992,2.1457672119140625e-06,2.384185791015625e-07
2971,0.002498626708984375,2.1457672119140625e-06,2.384185791015625e-07
2972,0.002468109130859375,1.9073486328125e-06,2.384185791015625e-07
2973,0.0018451213836669922,1.9073486328125e-06,7.152557373046875e-07
2974,0.0024831295013427734,2.1457672119140625e-06,4.76837158203125e-07
2975,0.0023012161254882812,2.1457672119140625e-06,4.76837158203125e-07
2976,0.0019736289978027344,1.9073486328125e-06,2.384185791015625e-07
2977,0.002234220504760742,2.1457672119140625e-06,4.76837158203125e-07
2978,0.0023412704467773438,1.6689300537109375e-06,2.384185791015625e-07
2979,0.002357006072998047,1.9073486328125e-06,2.384185791015625e-07
2980,0.0026056766510009766,1.6689300537109375e-06,2.384185791015625e-07
2981,0.002201080322265625,1.6689300537109375e-06,4.76837158203125e-07
2982,0.0025839805603027344,1.9073486328125e-06,4.76837158203125e-07
2983,0.002621173858642578,2.1457672119140625e-06,2.384185791015625e-07
2984,0.0022284984588623047,2.1457672119140625e-06,2.384185791015625e-07
2985,0.00225830078125,1.9073486328125e-06,2.384185791015625e-07
2986,0.002207517623901367,2.1457672119140625e-06,2.384185791015625e-07
2987,0.0029044151306152344,2.1457672119140625e-06,2.384185791015625e-07
2988,0.0026340484619140625,1.6689300537109375e-06,2.384185791015625e-07
2989,0.0019490718841552734,1.9073486328125e-06,2.384185791015625e-07
2990,0.002357959747314453,1.6689300537109375e-06,7.152557373046875e-07
2991,0.001924276351928711,1.6689300537109375e-06,4.76837158203125e-07
2992,0.0020520687103271484,1.6689300537109375e-06,4.76837158203125e-07
2993,0.002334117889404297,1.6689300537109375e-06,2.384185791015625e-07
2994,0.0019297599792480469,1.9073486328125e-06,4.76837158203125e-07
2995,0.0020122528076171875,1.6689300537109375e-06,2.384185791015625e-07
2996,0.0025327205657958984,1.6689300537109375e-06,2.384185791015625e-07
2997,0.002606630325317383,1.9073486328125e-06,2.384185791015625e-07
2998,0.0026209354400634766,1.6689300537109375e-06,2.384185791015625e-07
2999,0.002692699432373047,1.6689300537109375e-06,4.76837158203125e-07
3000,0.002347230911254883,1.6689300537109375e-06,4.76837158203125e-07
3001,0.002598285675048828,1.9073486328125e-06,7.152557373046875e-07
3002,0.002260923385620117,1.9073486328125e-06,2.384185791015625e-07
3003,0.0020580291748046875,1.9073486328125e-06,2.384185791015625e-07
3004,0.0026204586029052734,2.1457672119140625e-06,4.76837158203125e-07
3005,0.0026438236236572266,1.9073486328125e-06,2.384185791015625e-07
3006,0.0023326873779296875,1.9073486328125e-06,2.384185791015625e-07
3007,0.0027344226837158203,2.1457672119140625e-06,2.384185791015625e-07
3008,0.002324342727661133,1.9073486328125e-06,2.384185791015625e-07
3009,0.0022771358489990234,2.1457672119140625e-06,4.76837158203125e-07
3010,0.002546548843383789,1.9073486328125e-06,2.384185791015625e-07
3011,0.0017902851104736328,1.9073486328125e-06,4.76837158203125e-07
3012,0.0023734569549560547,1.9073486328125e-06,2.384185791015625e-07
3013,0.002369403839111328,2.1457672119140625e-06,2.384185791015625e-07
3014,0.0027513504028320312,1.9073486328125e-06,4.76837158203125e-07
3015,0.002431631088256836,1.6689300537109375e-06,4.76837158203125e-07
3016,0.002646207809448242,1.9073486328125e-06,2.384185791015625e-07
3017,0.002277374267578125,2.1457672119140625e-06,2.384185791015625e-07
3018,0.002065420150756836,1.9073486328125e-06,2.384185791015625e-07
3019,0.002135753631591797,1.6689300537109375e-06,4.76837158203125e-07
3020,0.002184152603149414,1.9073486328125e-06,4.76837158203125e-07
3021,0.0018923282623291016,1.6689300537109375e-06,2.384185791015625e-07
3022,0.002045154571533203,2.1457672119140625e-06,2.384185791015625e-07
3023,0.002593994140625,2.1457672119140625e-06,7.152557373046875e-07
3024,0.0023546218872070312,1.9073486328125e-06,4.76837158203125e-07
3025,0.0022873878479003906,1.9073486328125e-06,2.384185791015625e-07
3026,0.00302886962890625,1.9073486328125e-06,2.384185791015625e-07
3027,0.0024907588958740234,1.9073486328125e-06,4.76837158203125e-07
3028,0.002382516860961914,1.9073486328125e-06,2.384185791015625e-07
3029,0.002365589141845703,1.9073486328125e-06,4.76837158203125e-07
3030,0.0024504661560058594,1.9073486328125e-06,4.76837158203125e-07
3031,0.002278566360473633,1.430511474609375e-06,2.384185791015625e-07
3032,0.002171754837036133,1.6689300537109375e-06,4.76837158203125e-07
3033,0.0026116371154785156,1.6689300537109375e-06,2.384185791015625e-07
3034,0.0029752254486083984,1.6689300537109375e-06,2.384185791015625e-07
3035,0.0022737979888916016,1.6689300537109375e-06,4.76837158203125e-07
3036,0.002543926239013672,1.6689300537109375e-06,2.384185791015625e-07
3037,0.0025780200958251953,1.6689300537109375e-06,2.384185791015625e-07
3038,0.0015590190887451172,1.9073486328125e-06,2.384185791015625e-07
3039,0.0032966136932373047,1.6689300537109375e-06,4.76837158203125e-07
3040,0.0027387142181396484,1.9073486328125e-06,2.384185791015625e-07
3041,0.002424478530883789,1.9073486328125e-06,2.384185791015625e-07
3042,0.0028760433197021484,1.6689300537109375e-06,4.76837158203125e-07
3043,0.0022940635681152344,1.9073486328125e-06,2.384185791015625e-07
3044,0.002522706985473633,1.6689300537109375e-06,4.76837158203125e-07
3045,0.0020656585693359375,1.6689300537109375e-06,2.384185791015625e-07
3046,0.002863645553588867,1.9073486328125e-06,2.384185791015625e-07
3047,0.0019698143005371094,1.6689300537109375e-06,2.384185791015625e-07
3048,0.0022482872009277344,1.6689300537109375e-06,2.384185791015625e-07
3049,0.0021059513092041016,1.9073486328125e-06,4.76837158203125e-07
3050,0.002715587615966797,1.9073486328125e-06,4.76837158203125e-07
3051,0.0025634765625,1.9073486328125e-06,2.384185791015625e-07
3052,0.0022368431091308594,1.6689300537109375e-06,4.76837158203125e-07
3053,0.002588987350463867,1.6689300537109375e-06,4.76837158203125e-07
3054,0.002460956573486328,1.6689300537109375e-06,2.384185791015625e-07
3055,0.0024662017822265625,1.6689300537109375e-06,2.384185791015625e-07
3056,0.002846240997314453,1.6689300537109375e-06,2.384185791015625e-07
3057,0.002061128616333008,1.6689300537109375e-06,2.384185791015625e-07
3058,0.0021812915802001953,1.6689300537109375e-06,2.384185791015625e-07
3059,0.002380847930908203,1.9073486328125e-06,2.384185791015625e-07
3060,0.002402782440185547,1.6689300537109375e-06,7.152557373046875e-07
3061,0.0022478103637695312,1.6689300537109375e-06,2.384185791015625e-07
3062,0.002841472625732422,1.6689300537109375e-06,2.384185791015625e-07
3063,0.002469778060913086,2.1457672119140625e-06,2.384185791015625e-07
3064,0.0019903182983398438,1.9073486328125e-06,2.384185791015625e-07
3065,0.002689361572265625,1.430511474609375e-06,2.384185791015625e-07
3066,0.0022721290588378906,1.6689300537109375e-06,2.384185791015625e-07
3067,0.003184795379638672,1.9073486328125e-06,4.76837158203125e-07
3068,0.0023458003997802734,1.9073486328125e-06,2.384185791015625e-07
3069,0.002304553985595703,1.6689300537109375e-06,7.152557373046875e-07
3070,0.002290487289428711,1.6689300537109375e-06,2.384185791015625e-07
3071,0.0022721290588378906,1.6689300537109375e-06,2.384185791015625e-07
3072,0.0015878677368164062,1.9073486328125e-06,2.384185791015625e-07
3073,0.0025339126586914062,1.9073486328125e-06,7.152557373046875e-07
3074,0.0021703243255615234,1.6689300537109375e-06,4.76837158203125e-07
3075,0.002384662628173828,1.6689300537109375e-06,4.76837158203125e-07
3076,0.0019609928131103516,1.9073486328125e-06,4.76837158203125e-07
3077,0.0027039051055908203,1.6689300537109375e-06,4.76837158203125e-07
3078,0.0026671886444091797,1.6689300537109375e-06,2.384185791015625e-07
3079,0.0018846988677978516,1.430511474609375e-06,2.384185791015625e-07
3080,0.0029337406158447266,1.6689300537109375e-06,2.384185791015625e-07
3081,0.0030422210693359375,1.6689300537109375e-06,2.384185791015625e-07
3082,0.0019440650939941406,1.9073486328125e-06,4.76837158203125e-07
3083,0.002900362014770508,1.6689300537109375e-06,2.384185791015625e-07
3084,0.0022797584533691406,1.6689300537109375e-06,4.76837158203125e-07
3085,0.002772808074951172,1.6689300537109375e-06,4.76837158203125e-07
3086,0.0019690990447998047,1.9073486328125e-06,4.76837158203125e-07
3087,0.0025212764739990234,1.6689300537109375e-06,2.384185791015625e-07
3088,0.002396821975708008,1.6689300537109375e-06,4.76837158203125e-07
3089,0.0017547607421875,1.9073486328125e-06,4.76837158203125e-07
3090,0.0027823448181152344,1.9073486328125e-06,2.384185791015625e-07
3091,0.0027282238006591797,1.6689300537109375e-06,2.384185791015625e-07
3092,0.002268075942993164,1.6689300537109375e-06,0.0
3093,0.0018534660339355469,1.6689300537109375e-06,4.76837158203125e-07
3094,0.0024666786193847656,1.6689300537109375e-06,2.384185791015625e-07
3095,0.0020089149475097656,1.6689300537109375e-06,2.384185791015625e-07
3096,0.0021860599517822266,2.1457672119140625e-06,4.76837158203125e-07
3097,0.0010945796966552734,1.9073486328125e-06,2.384185791015625e-07
3098,0.0022432804107666016,1.9073486328125e-06,7.152557373046875e-07
3099,0.002305269241333008,1.6689300537109375e-06,2.384185791015625e-07
3100,0.00197601318359375,1.9073486328125e-06,2.384185791015625e-07
3101,0.0019371509552001953,1.6689300537109375e-06,2.384185791015625e-07
3102,0.0021364688873291016,1.6689300537109375e-06,2.384185791015625e-07
3103,0.0020864009857177734,1.6689300537109375e-06,2.384185791015625e-07
3104,0.0021483898162841797,1.6689300537109375e-06,4.76837158203125e-07
3105,0.0018804073333740234,1.9073486328125e-06,2.384185791015625e-07
3106,0.002067089080810547,1.9073486328125e-06,2.384185791015625e-07
3107,0.002331972122192383,1.6689300537109375e-06,4.76837158203125e-07
3108,0.0024116039276123047,2.1457672119140625e-06,2.384185791015625e-07
3109,0.0023145675659179688,2.1457672119140625e-06,2.384185791015625e-07
3110,0.0018050670623779297,1.9073486328125e-06,2.384185791015625e-07
3111,0.0026712417602539062,2.1457672119140625e-06,2.384185791015625e-07
3112,0.002488851547241211,1.9073486328125e-06,4.76837158203125e-07
3113,0.002151012420654297,1.9073486328125e-06,2.384185791015625e-07
3114,0.0020928382873535156,2.1457672119140625e-06,2.384185791015625e-07
3115,0.002652406692504883,2.1457672119140625e-06,2.384185791015625e-07
3116,0.003472566604614258,1.9073486328125e-06,2.384185791015625e-07
3117,0.0019996166229248047,2.1457672119140625e-06,7.152557373046875e-07
3118,0.002481698989868164,1.9073486328125e-06,2.384185791015625e-07
3119,0.002232789993286133,2.1457672119140625e-06,2.384185791015625e-07
3120,0.0025467872619628906,2.1457672119140625e-06,2.384185791015625e-07
3121,0.002391338348388672,2.1457672119140625e-06,2.384185791015625e-07
3122,0.0024864673614501953,2.1457672119140625e-06,4.76837158203125e-07
3123,0.0027589797973632812,1.9073486328125e-06,2.384185791015625e-07
3124,0.0025115013122558594,1.9073486328125e-06,2.384185791015625e-07
3125,0.002711057662963867,1.9073486328125e-06,2.384185791015625e-07
3126,0.002355337142944336,2.1457672119140625e-06,4.76837158203125e-07
3127,0.0015914440155029297,2.1457672119140625e-06,2.384185791015625e-07
3128,0.0017654895782470703,2.1457672119140625e-06,2.384185791015625e-07
3129,0.0025718212127685547,1.9073486328125e-06,2.384185791015625e-07
3130,0.0018897056579589844,1.9073486328125e-06,4.76837158203125e-07
3131,0.0017402172088623047,1.9073486328125e-06,4.76837158203125e-07
3132,0.002209901809692383,1.6689300537109375e-06,2.384185791015625e-07
3133,0.0030395984649658203,2.1457672119140625e-06,2.384185791015625e-07
3134,0.0022869110107421875,2.384185791015625e-06,4.76837158203125e-07
3135,0.002223491668701172,1.9073486328125e-06,2.384185791015625e-07
3136,0.0018260478973388672,1.9073486328125e-06,2.384185791015625e-07
3137,0.0018877983093261719,2.1457672119140625e-06,2.384185791015625e-07
3138,0.0018832683563232422,1.6689300537109375e-06,4.76837158203125e-07
3139,0.002424001693725586,1.9073486328125e-06,4.76837158203125e-07
3140,0.002844095230102539,1.9073486328125e-06,2.384185791015625e-07
3141,0.0028657913208007812,2.1457672119140625e-06,4.76837158203125e-07
3142,0.002429962158203125,2.1457672119140625e-06,2.384185791015625e-07
3143,0.0020911693572998047,1.6689300537109375e-06,2.384185791015625e-07
3144,0.0022902488708496094,1.6689300537109375e-06,4.76837158203125e-07
3145,0.002005338668823242,1.6689300537109375e-06,4.76837158203125e-07
3146,0.002805471420288086,1.9073486328125e-06,4.76837158203125e-07
3147,0.0023431777954101562,2.384185791015625e-06,2.384185791015625e-07
3148,0.0019059181213378906,1.9073486328125e-06,2.384185791015625e-07
3149,0.0019273757934570312,1.9073486328125e-06,2.384185791015625e-07
3150,0.0019855499267578125,1.9073486328125e-06,2.384185791015625e-07
3151,0.002508401870727539,2.1457672119140625e-06,4.76837158203125e-07
3152,0.0021622180938720703,2.1457672119140625e-06,4.76837158203125e-07
3153,0.0023736953735351562,2.1457672119140625e-06,2.384185791015625e-07
3154,0.002218961715698242,1.9073486328125e-06,2.384185791015625e-07
3155,0.0025177001953125,1.9073486328125e-06,4.76837158203125e-07
3156,0.002148151397705078,2.1457672119140625e-06,2.384185791015625e-07
3157,0.001374959945678711,1.9073486328125e-06,2.384185791015625e-07
3158,0.002440929412841797,2.1457672119140625e-06,2.384185791015625e-07
3159,0.0024907588958740234,1.9073486328125e-06,2.384185791015625e-07
3160,0.0027272701263427734,2.1457672119140625e-06,4.76837158203125e-07
3161,0.0019927024841308594,1.9073486328125e-06,2.384185791015625e-07
3162,0.0024242401123046875,1.9073486328125e-06,2.384185791015625e-07
3163,0.0020601749420166016,2.1457672119140625e-06,2.384185791015625e-07
3164,0.0018641948699951172,1.6689300537109375e-06,4.76837158203125e-07
3165,0.002115488052368164,1.9073486328125e-06,2.384185791015625e-07
3166,0.0017268657684326172,1.9073486328125e-06,2.384185791015625e-07
3167,0.002661466598510742,1.9073486328125e-06,2.384185791015625e-07
3168,0.0019576549530029297,2.1457672119140625e-06,2.384185791015625e-07
3169,0.0016863346099853516,1.9073486328125e-06,2.384185791015625e-07
3170,0.002137899398803711,2.384185791015625e-06,2.384185791015625e-07
3171,0.0018205642700195312,1.6689300537109375e-06,2.384185791015625e-07
3172,0.0022993087768554688,1.9073486328125e-06,2.384185791015625e-07
3173,0.0027544498443603516,1.9073486328125e-06,0.0
3174,0.0017657279968261719,1.6689300537109375e-06,4.76837158203125e-07
3175,0.0022983551025390625,1.6689300537109375e-06,2.384185791015625e-07
3176,0.0025894641876220703,1.6689300537109375e-06,2.384185791015625e-07
3177,0.002367734909057617,1.6689300537109375e-06,2.384185791015625e-07
3178,0.0021452903747558594,1.6689300537109375e-06,2.384185791015625e-07
3179,0.002044200897216797,1.6689300537109375e-06,2.384185791015625e-07
3180,0.0020837783813476562,2.1457672119140625e-06,2.384185791015625e-07
3181,0.0026357173919677734,2.1457672119140625e-06,2.384185791015625e-07
3182,0.0021317005157470703,2.1457672119140625e-06,2.384185791015625e-07
3183,0.002294778823852539,1.9073486328125e-06,2.384185791015625e-07
3184,0.002093076705932617,1.6689300537109375e-06,4.76837158203125e-07
3185,0.00243377685546875,2.1457672119140625e-06,2.384185791015625e-07
3186,0.0026483535766601562,1.430511474609375e-06,2.384185791015625e-07
3187,0.0025424957275390625,2.1457672119140625e-06,2.384185791015625e-07
3188,0.002775430679321289,2.1457672119140625e-06,2.384185791015625e-07
3189,0.0017304420471191406,1.9073486328125e-06,2.384185791015625e-07
3190,0.002604246139526367,1.9073486328125e-06,7.152557373046875e-07
3191,0.002314329147338867,2.1457672119140625e-06,4.76837158203125e-07
3192,0.002965211868286133,1.9073486328125e-06,2.384185791015625e-07
3193,0.0020780563354492188,1.9073486328125e-06,2.384185791015625e-07
3194,0.002863645553588867,2.384185791015625e-06,4.76837158203125e-07
3195,0.002171754837036133,1.9073486328125e-06,2.384185791015625e-07
3196,0.002849102020263672,1.9073486328125e-06,2.384185791015625e-07
3197,0.002619504928588867,2.1457672119140625e-06,4.76837158203125e-07
3198,0.0025894641876220703,1.9073486328125e-06,2.384185791015625e-07
3199,0.002449512481689453,1.9073486328125e-06,2.384185791015625e-07
3200,0.0027611255645751953,1.9073486328125e-06,2.384185791015625e-07
3201,0.0029871463775634766,2.1457672119140625e-06,4.76837158203125e-07
3202,0.0019919872283935547,1.9073486328125e-06,2.384185791015625e-07
3203,0.002203226089477539,1.9073486328125e-06,2.384185791015625e-07
3204,0.00270843505859375,2.384185791015625e-06,2.384185791015625e-07
3205,0.002735614776611328,2.1457672119140625e-06,4.76837158203125e-07
3206,0.002544403076171875,2.1457672119140625e-06,2.384185791015625e-07
3207,0.0030837059020996094,1.430511474609375e-06,4.76837158203125e-07
3208,0.0023679733276367188,1.6689300537109375e-06,2.384185791015625e-07
3209,0.00244140625,1.6689300537109375e-06,2.384185791015625e-07
3210,0.0028905868530273438,1.430511474609375e-06,2.384185791015625e-07
3211,0.00238800048828125,2.86102294921875e-06,2.384185791015625e-07
3212,0.001649618148803711,2.1457672119140625e-06,4.76837158203125e-07
3213,0.002390146255493164,1.9073486328125e-06,2.384185791015625e-07
3214,0.0021855831146240234,1.9073486328125e-06,2.384185791015625e-07
3215,0.0025064945220947266,2.1457672119140625e-06,4.76837158203125e-07
3216,0.0025260448455810547,1.9073486328125e-06,2.384185791015625e-07
3217,0.002544879913330078,1.9073486328125e-06,2.384185791015625e-07
3218,0.0027925968170166016,1.9073486328125e-06,4.76837158203125e-07
3219,0.0025451183319091797,1.9073486328125e-06,2.384185791015625e-07
3220,0.002071380615234375,1.9073486328125e-06,2.384185791015625e-07
3221,0.0019445419311523438,1.9073486328125e-06,2.384185791015625e-07
3222,0.001967191696166992,1.9073486328125e-06,7.152557373046875e-07
3223,0.0024237632751464844,2.384185791015625e-06,2.384185791015625e-07
3224,0.0025513172149658203,1.9073486328125e-06,2.384185791015625e-07
3225,0.002912759780883789,1.6689300537109375e-06,2.384185791015625e-07
3226,0.0018668174743652344,1.6689300537109375e-06,2.384185791015625e-07
3227,0.002620697021484375,1.9073486328125e-06,2.384185791015625e-07
3228,0.0024874210357666016,1.9073486328125e-06,4.76837158203125e-07
3229,0.0027434825897216797,1.9073486328125e-06,4.76837158203125e-07
3230,0.002676725387573242,2.1457672119140625e-06,2.384185791015625e-07
3231,0.0022351741790771484,1.9073486328125e-06,2.384185791015625e-07
3232,0.0023775100708007812,1.6689300537109375e-06,2.384185791015625e-07
3233,0.0024139881134033203,1.9073486328125e-06,2.384185791015625e-07
3234,0.0022246837615966797,1.9073486328125e-06,2.384185791015625e-07
3235,0.0020928382873535156,1.6689300537109375e-06,2.384185791015625e-07
3236,0.0024559497833251953,1.9073486328125e-06,4.76837158203125e-07
3237,0.0028655529022216797,1.6689300537109375e-06,4.76837158203125e-07
3238,0.0023338794708251953,2.1457672119140625e-06,2.384185791015625e-07
3239,0.0025472640991210938,1.6689300537109375e-06,2.384185791015625e-07
3240,0.0025560855865478516,1.6689300537109375e-06,4.76837158203125e-07
3241,0.0022368431091308594,1.9073486328125e-06,4.76837158203125e-07
3242,0.002038240432739258,1.9073486328125e-06,4.76837158203125e-07
3243,0.0021598339080810547,1.9073486328125e-06,2.384185791015625e-07
3244,0.00193023681640625,1.9073486328125e-06,2.384185791015625e-07
3245,0.003157377243041992,1.9073486328125e-06,2.384185791015625e-07
3246,0.002618074417114258,1.9073486328125e-06,4.76837158203125e-07
3247,0.002001523971557617,2.1457672119140625e-06,2.384185791015625e-07
3248,0.0021677017211914062,1.6689300537109375e-06,2.384185791015625e-07
3249,0.0019192695617675781,2.1457672119140625e-06,4.76837158203125e-07
3250,0.0025157928466796875,2.1457672119140625e-06,2.384185791015625e-07
3251,0.002179861068725586,2.1457672119140625e-06,2.384185791015625e-07
3252,0.0028786659240722656,1.9073486328125e-06,2.384185791015625e-07
3253,0.0015516281127929688,1.9073486328125e-06,2.384185791015625e-07
3254,0.002325773239135742,1.9073486328125e-06,2.384185791015625e-07
3255,0.0018873214721679688,1.9073486328125e-06,2.384185791015625e-07
3256,0.0020134449005126953,1.9073486328125e-06,2.384185791015625e-07
3257,0.0021352767944335938,1.9073486328125e-06,2.384185791015625e-07
3258,0.0015230178833007812,2.1457672119140625e-06,2.384185791015625e-07
3259,0.0019435882568359375,2.1457672119140625e-06,2.384185791015625e-07
3260,0.0018007755279541016,1.6689300537109375e-06,2.384185791015625e-07
3261,0.002552032470703125,1.6689300537109375e-06,2.384185791015625e-07
3262,0.0019152164459228516,1.6689300537109375e-06,2.384185791015625e-07
3263,0.0019450187683105469,1.6689300537109375e-06,2.384185791015625e-07
3264,0.0022699832916259766,1.6689300537109375e-06,2.384185791015625e-07
3265,0.001712799072265625,1.6689300537109375e-06,2.384185791015625e-07
3266,0.0024073123931884766,1.6689300537109375e-06,2.384185791015625e-07
3267,0.0022814273834228516,1.6689300537109375e-06,2.384185791015625e-07
3268,0.0023856163024902344,2.1457672119140625e-06,2.384185791015625e-07
3269,0.0019652843475341797,2.1457672119140625e-06,2.384185791015625e-07
3270,0.001486063003540039,2.1457672119140625e-06,4.76837158203125e-07
3271,0.0019080638885498047,1.9073486328125e-06,2.384185791015625e-07
3272,0.0022199153900146484,1.6689300537109375e-06,2.384185791015625e-07
3273,0.0025010108947753906,1.6689300537109375e-06,2.384185791015625e-07
3274,0.0021462440490722656,1.9073486328125e-06,2.384185791015625e-07
3275,0.002213716506958008,1.6689300537109375e-06,7.152557373046875e-07
3276,0.0015981197357177734,1.6689300537109375e-06,2.384185791015625e-07
3277,0.002057790756225586,1.9073486328125e-06,2.384185791015625e-07
3278,0.0017781257629394531,1.430511474609375e-06,2.384185791015625e-07
3279,0.002460479736328125,1.6689300537109375e-06,2.384185791015625e-07
3280,0.001917123794555664,1.9073486328125e-06,2.384185791015625e-07
3281,0.0016427040100097656,1.6689300537109375e-06,4.76837158203125e-07
3282,0.0020928382873535156,1.9073486328125e-06,2.384185791015625e-07
3283,0.0020961761474609375,1.6689300537109375e-06,4.76837158203125e-07
3284,0.0015001296997070312,1.6689300537109375e-06,2.384185791015625e-07
3285,0.0024137496948242188,1.6689300537109375e-06,2.384185791015625e-07
3286,0.0020864009857177734,1.6689300537109375e-06,4.76837158203125e-07
3287,0.0017032623291015625,1.6689300537109375e-06,2.384185791015625e-07
3288,0.002366304397583008,1.9073486328125e-06,4.76837158203125e-07
3289,0.0021131038665771484,1.9073486328125e-06,2.384185791015625e-07
3290,0.0025124549865722656,1.9073486328125e-06,2.384185791015625e-07
3291,0.0021674633026123047,1.6689300537109375e-06,2.384185791015625e-07
3292,0.002404451370239258,1.6689300537109375e-06,4.76837158203125e-07
3293,0.002833127975463867,2.1457672119140625e-06,2.384185791015625e-07
3294,0.002613067626953125,1.6689300537109375e-06,4.76837158203125e-07
3295,0.0026755332946777344,1.9073486328125e-06,2.384185791015625e-07
3296,0.0019724369049072266,2.1457672119140625e-06,2.384185791015625e-07
3297,0.002012968063354492,2.1457672119140625e-06,4.76837158203125e-07
3298,0.002332925796508789,2.1457672119140625e-06,2.384185791015625e-07
3299,0.0023415088653564453,1.9073486328125e-06,2.384185791015625e-07
3300,0.0023360252380371094,2.1457672119140625e-06,4.76837158203125e-07
3301,0.0019216537475585938,2.1457672119140625e-06,2.384185791015625e-07
3302,0.0019073486328125,1.9073486328125e-06,2.384185791015625e-07
3303,0.0021369457244873047,1.9073486328125e-06,2.384185791015625e-07
3304,0.02458786964416504,2.1457672119140625e-06,2.384185791015625e-07
3305,0.0025997161865234375,1.9073486328125e-06,2.384185791015625e-07
3306,0.002566814422607422,2.1457672119140625e-06,2.384185791015625e-07
3307,0.0028476715087890625,1.9073486328125e-06,2.384185791015625e-07
3308,0.0025856494903564453,2.1457672119140625e-06,4.76837158203125e-07
3309,0.0026221275329589844,2.1457672119140625e-06,4.76837158203125e-07
3310,0.0025451183319091797,2.1457672119140625e-06,2.384185791015625e-07
3311,0.002000570297241211,1.9073486328125e-06,2.384185791015625e-07
3312,0.0017957687377929688,1.9073486328125e-06,2.384185791015625e-07
3313,0.002354145050048828,2.1457672119140625e-06,2.384185791015625e-07
3314,0.002671480178833008,1.9073486328125e-06,4.76837158203125e-07
3315,0.002030611038208008,1.9073486328125e-06,2.384185791015625e-07
3316,0.0018398761749267578,1.9073486328125e-06,4.76837158203125e-07
3317,0.0024824142456054688,1.9073486328125e-06,2.384185791015625e-07
3318,0.0022771358489990234,2.1457672119140625e-06,2.384185791015625e-07
3319,0.0016782283782958984,1.9073486328125e-06,4.76837158203125e-07
3320,0.0013580322265625,1.9073486328125e-06,2.384185791015625e-07
3321,0.002112865447998047,1.9073486328125e-06,2.384185791015625e-07
3322,0.001851797103881836,1.9073486328125e-06,2.384185791015625e-07
3323,0.0016717910766601562,1.9073486328125e-06,2.384185791015625e-07
3324,0.001977682113647461,2.1457672119140625e-06,2.384185791015625e-07
3325,0.002351999282836914,1.9073486328125e-06,2.384185791015625e-07
3326,0.002337932586669922,1.9073486328125e-06,2.384185791015625e-07
3327,0.0023512840270996094,1.430511474609375e-06,2.384185791015625e-07
3328,0.002811431884765625,1.6689300537109375e-06,7.152557373046875e-07
3329,0.0023081302642822266,2.1457672119140625e-06,2.384185791015625e-07
3330,0.0024394989013671875,1.9073486328125e-06,4.76837158203125e-07
3331,0.0023665428161621094,1.6689300537109375e-06,7.152557373046875e-07
3332,0.0019249916076660156,1.6689300537109375e-06,2.384185791015625e-07
3333,0.0018818378448486328,1.6689300537109375e-06,2.384185791015625e-07
3334,0.0024933815002441406,1.9073486328125e-06,2.384185791015625e-07
3335,0.0024535655975341797,1.6689300537109375e-06,2.384185791015625e-07
3336,0.002248525619506836,1.6689300537109375e-06,2.384185791015625e-07
3337,0.002515554428100586,1.6689300537109375e-06,2.384185791015625e-07
3338,0.0025107860565185547,1.6689300537109375e-06,4.76837158203125e-07
3339,0.0026412010192871094,1.6689300537109375e-06,2.384185791015625e-07
3340,0.0027616024017333984,1.6689300537109375e-06,4.76837158203125e-07
3341,0.0016870498657226562,1.6689300537109375e-06,2.384185791015625e-07
3342,0.0020325183868408203,1.6689300537109375e-06,2.384185791015625e-07
3343,0.002305269241333008,1.6689300537109375e-06,2.384185791015625e-07
3344,0.0025734901428222656,2.384185791015625e-06,2.384185791015625e-07
3345,0.002280712127685547,1.9073486328125e-06,2.384185791015625e-07
3346,0.0024454593658447266,2.1457672119140625e-06,2.384185791015625e-07
3347,0.0020296573638916016,2.1457672119140625e-06,2.384185791015625e-07
3348,0.002791881561279297,1.9073486328125e-06,2.384185791015625e-07
3349,0.002378225326538086,1.9073486328125e-06,2.384185791015625e-07
3350,0.002585887908935547,1.9073486328125e-06,4.76837158203125e-07
3351,0.0022690296173095703,1.9073486328125e-06,4.76837158203125e-07
3352,0.0026993751525878906,1.9073486328125e-06,4.76837158203125e-07
3353,0.0017955303192138672,1.6689300537109375e-06,2.384185791015625e-07
3354,0.002667665481567383,1.9073486328125e-06,2.384185791015625e-07
3355,0.0027151107788085938,1.6689300537109375e-06,2.384185791015625e-07
3356,0.002035379409790039,1.9073486328125e-06,2.384185791015625e-07
3357,0.001837015151977539,1.6689300537109375e-06,0.0
3358,0.0028040409088134766,1.6689300537109375e-06,2.384185791015625e-07
3359,0.0019257068634033203,1.430511474609375e-06,7.152557373046875e-07
3360,0.002413511276245117,1.6689300537109375e-06,2.384185791015625e-07
3361,0.0016846656799316406,1.9073486328125e-06,2.384185791015625e-07
3362,0.0021140575408935547,1.9073486328125e-06,2.384185791015625e-07
3363,0.0013904571533203125,1.9073486328125e-06,4.76837158203125e-07
3364,0.0022351741790771484,1.6689300537109375e-06,2.384185791015625e-07
3365,0.001939535140991211,1.6689300537109375e-06,2.384185791015625e-07
3366,0.0017731189727783203,1.6689300537109375e-06,4.76837158203125e-07
3367,0.002176523208618164,1.6689300537109375e-06,2.384185791015625e-07
3368,0.0015325546264648438,1.6689300537109375e-06,2.384185791015625e-07
3369,0.0018723011016845703,1.6689300537109375e-06,4.76837158203125e-07
3370,0.0018155574798583984,1.6689300537109375e-06,2.384185791015625e-07
3371,0.0023832321166992188,1.6689300537109375e-06,4.76837158203125e-07
3372,0.0022764205932617188,1.9073486328125e-06,2.384185791015625e-07
3373,0.0014696121215820312,1.9073486328125e-06,2.384185791015625e-07
3374,0.0023360252380371094,1.6689300537109375e-06,2.384185791015625e-07
3375,0.002051830291748047,1.9073486328125e-06,4.76837158203125e-07
3376,0.002164602279663086,2.1457672119140625e-06,2.384185791015625e-07
3377,0.002019643783569336,2.1457672119140625e-06,7.152557373046875e-07
3378,0.002694845199584961,1.6689300537109375e-06,2.384185791015625e-07
3379,0.002529144287109375,1.9073486328125e-06,2.384185791015625e-07
3380,0.002488851547241211,2.1457672119140625e-06,4.76837158203125e-07
3381,0.002092123031616211,2.1457672119140625e-06,4.76837158203125e-07
3382,0.0017800331115722656,2.1457672119140625e-06,2.384185791015625e-07
3383,0.0029909610748291016,1.9073486328125e-06,4.76837158203125e-07
3384,0.0026617050170898438,2.1457672119140625e-06,2.384185791015625e-07
3385,0.0024309158325195312,2.1457672119140625e-06,2.384185791015625e-07
3386,0.0022606849670410156,1.9073486328125e-06,4.76837158203125e-07
3387,0.00261688232421875,1.9073486328125e-06,2.384185791015625e-07
3388,0.0027060508728027344,1.9073486328125e-06,2.384185791015625e-07
3389,0.0030717849731445312,1.9073486328125e-06,2.384185791015625e-07
3390,0.0024232864379882812,2.1457672119140625e-06,2.384185791015625e-07
3391,0.002251863479614258,2.1457672119140625e-06,4.76837158203125e-07
3392,0.001882791519165039,2.1457672119140625e-06,2.384185791015625e-07
3393,0.002830982208251953,1.9073486328125e-06,4.76837158203125e-07
3394,0.002563953399658203,2.1457672119140625e-06,7.152557373046875e-07
3395,0.003172159194946289,2.1457672119140625e-06,2.384185791015625e-07
3396,0.0025773048400878906,2.384185791015625e-06,2.384185791015625e-07
3397,0.0024433135986328125,1.6689300537109375e-06,4.76837158203125e-07
3398,0.0024912357330322266,2.1457672119140625e-06,4.76837158203125e-07
3399,0.0022537708282470703,2.384185791015625e-06,2.384185791015625e-07
3400,0.002088308334350586,1.9073486328125e-06,2.384185791015625e-07
3401,0.0026009082794189453,2.384185791015625e-06,2.384185791015625e-07
3402,0.0019567012786865234,2.1457672119140625e-06,2.384185791015625e-07
3403,0.0019397735595703125,1.9073486328125e-06,2.384185791015625e-07
3404,0.0019960403442382812,2.1457672119140625e-06,2.384185791015625e-07
3405,0.0018007755279541016,1.430511474609375e-06,2.384185791015625e-07
3406,0.002399444580078125,1.6689300537109375e-06,2.384185791015625e-07
3407,0.0028426647186279297,1.9073486328125e-06,4.76837158203125e-07
3408,0.002697467803955078,1.9073486328125e-06,2.384185791015625e-07
3409,0.0020661354064941406,1.6689300537109375e-06,2.384185791015625e-07
3410,0.002558469772338867,2.1457672119140625e-06,2.384185791015625e-07
3411,0.002429485321044922,2.1457672119140625e-06,2.384185791015625e-07
3412,0.002771139144897461,1.6689300537109375e-06,2.384185791015625e-07
3413,0.002444744110107422,2.384185791015625e-06,2.384185791015625e-07
3414,0.0018208026885986328,2.1457672119140625e-06,2.384185791015625e-07
3415,0.0028104782104492188,1.9073486328125e-06,2.384185791015625e-07
3416,0.0019183158874511719,2.1457672119140625e-06,2.384185791015625e-07
3417,0.001901388168334961,2.1457672119140625e-06,2.384185791015625e-07
3418,0.0015676021575927734,1.6689300537109375e-06,2.384185791015625e-07
3419,0.0029916763305664062,1.9073486328125e-06,4.76837158203125e-07
3420,0.0020673274993896484,2.1457672119140625e-06,1.1920928955078125e-06
3421,0.0021622180938720703,2.384185791015625e-06,2.384185791015625e-07
3422,0.0018761157989501953,2.1457672119140625e-06,2.384185791015625e-07
3423,0.002901792526245117,2.1457672119140625e-06,2.384185791015625e-07
3424,0.0026607513427734375,1.9073486328125e-06,7.152557373046875e-07
3425,0.0019807815551757812,1.9073486328125e-06,7.152557373046875e-07
3426,0.0021469593048095703,1.9073486328125e-06,2.384185791015625e-07
3427,0.0025894641876220703,1.9073486328125e-06,2.384185791015625e-07
3428,0.002478361129760742,1.6689300537109375e-06,2.384185791015625e-07
3429,0.0020117759704589844,1.9073486328125e-06,2.384185791015625e-07
3430,0.0022482872009277344,1.9073486328125e-06,2.384185791015625e-07
3431,0.002763986587524414,1.6689300537109375e-06,2.384185791015625e-07
3432,0.0022819042205810547,1.6689300537109375e-06,2.384185791015625e-07
3433,0.0014994144439697266,1.6689300537109375e-06,2.384185791015625e-07
3434,0.0027964115142822266,1.6689300537109375e-06,2.384185791015625e-07
3435,0.001972675323486328,1.6689300537109375e-06,2.384185791015625e-07
3436,0.0018553733825683594,1.430511474609375e-06,4.76837158203125e-07
3437,0.002595186233520508,1.6689300537109375e-06,7.152557373046875e-07
3438,0.002480030059814453,1.6689300537109375e-06,2.384185791015625e-07
3439,0.0021240711212158203,1.6689300537109375e-06,2.384185791015625e-07
3440,0.00252532958984375,1.9073486328125e-06,2.384185791015625e-07
3441,0.0022401809692382812,1.6689300537109375e-06,2.384185791015625e-07
3442,0.0027074813842773438,1.6689300537109375e-06,2.384185791015625e-07
3443,0.002268552780151367,1.9073486328125e-06,2.384185791015625e-07
3444,0.002751588821411133,1.6689300537109375e-06,4.76837158203125e-07
3445,0.002586841583251953,1.6689300537109375e-06,4.76837158203125e-07
3446,0.0017547607421875,1.6689300537109375e-06,2.384185791015625e-07
3447,0.0026912689208984375,2.1457672119140625e-06,2.384185791015625e-07
3448,0.002349853515625,1.9073486328125e-06,2.384185791015625e-07
3449,0.0018241405487060547,2.1457672119140625e-06,2.384185791015625e-07
3450,0.0024080276489257812,1.9073486328125e-06,2.384185791015625e-07
3451,0.002121448516845703,1.9073486328125e-06,2.384185791015625e-07
3452,0.002804279327392578,2.1457672119140625e-06,2.384185791015625e-07
3453,0.0026998519897460938,2.1457672119140625e-06,2.384185791015625e-07
3454,0.0022165775299072266,1.6689300537109375e-06,2.384185791015625e-07
3455,0.0020325183868408203,1.9073486328125e-06,2.384185791015625e-07
3456,0.002099275588989258,1.9073486328125e-06,2.384185791015625e-07
3457,0.002684354782104492,2.1457672119140625e-06,2.384185791015625e-07
3458,0.0025331974029541016,1.6689300537109375e-06,2.384185791015625e-07
3459,0.0030176639556884766,2.1457672119140625e-06,4.76837158203125e-07
3460,0.00252532958984375,1.430511474609375e-06,4.76837158203125e-07
3461,0.002329111099243164,1.9073486328125e-06,4.76837158203125e-07
3462,0.002120494842529297,2.1457672119140625e-06,2.384185791015625e-07
3463,0.0019643306732177734,2.1457672119140625e-06,2.384185791015625e-07
3464,0.0021567344665527344,1.6689300537109375e-06,2.384185791015625e-07
3465,0.0029561519622802734,1.9073486328125e-06,2.384185791015625e-07
3466,0.002611875534057617,2.384185791015625e-06,7.152557373046875e-07
3467,0.0029757022857666016,1.6689300537109375e-06,2.384185791015625e-07
3468,0.002072572708129883,1.6689300537109375e-06,4.76837158203125e-07
3469,0.0018148422241210938,1.9073486328125e-06,2.384185791015625e-07
3470,0.0032045841217041016,1.9073486328125e-06,2.384185791015625e-07
3471,0.0029337406158447266,1.9073486328125e-06,2.384185791015625e-07
3472,0.002346038818359375,1.6689300537109375e-06,4.76837158203125e-07
3473,0.002287626266479492,1.9073486328125e-06,2.384185791015625e-07
3474,0.002928495407104492,1.6689300537109375e-06,2.384185791015625e-07
3475,0.0022869110107421875,1.6689300537109375e-06,2.384185791015625e-07
3476,0.0025131702423095703,1.6689300537109375e-06,2.384185791015625e-07
3477,0.0026051998138427734,1.6689300537109375e-06,2.384185791015625e-07
3478,0.002343893051147461,1.6689300537109375e-06,4.76837158203125e-07
3479,0.002344846725463867,1.9073486328125e-06,2.384185791015625e-07
3480,0.0026733875274658203,1.6689300537109375e-06,7.152557373046875e-07
3481,0.0015838146209716797,1.430511474609375e-06,2.384185791015625e-07
3482,0.0029058456420898438,1.9073486328125e-06,2.384185791015625e-07
3483,0.002576589584350586,1.6689300537109375e-06,2.384185791015625e-07
3484,0.002444744110107422,1.9073486328125e-06,2.384185791015625e-07
3485,0.002295255661010742,1.430511474609375e-06,2.384185791015625e-07
3486,0.0027077198028564453,2.1457672119140625e-06,2.384185791015625e-07
3487,0.0017542839050292969,1.6689300537109375e-06,2.384185791015625e-07
3488,0.0023567676544189453,2.384185791015625e-06,4.76837158203125e-07
3489,0.002369403839111328,2.384185791015625e-06,2.384185791015625e-07
3490,0.0025682449340820312,2.1457672119140625e-06,2.384185791015625e-07
3491,0.0028891563415527344,2.1457672119140625e-06,4.76837158203125e-07
3492,0.002483367919921875,1.6689300537109375e-06,4.76837158203125e-07
3493,0.0025839805603027344,1.6689300537109375e-06,4.76837158203125e-07
3494,0.0024116039276123047,1.6689300537109375e-06,2.384185791015625e-07
3495,0.0028831958770751953,1.9073486328125e-06,4.76837158203125e-07
3496,0.002410888671875,1.6689300537109375e-06,2.384185791015625e-07
3497,0.002405405044555664,1.6689300537109375e-06,2.384185791015625e-07
3498,0.002719402313232422,1.6689300537109375e-06,2.384185791015625e-07
3499,0.0023393630981445312,1.9073486328125e-06,4.76837158203125e-07
3500,0.0027532577514648438,1.9073486328125e-06,2.384185791015625e-07
3501,0.0020895004272460938,1.6689300537109375e-06,2.384185791015625e-07
3502,0.002643108367919922,2.1457672119140625e-06,2.384185791015625e-07
3503,0.002334117889404297,1.9073486328125e-06,2.384185791015625e-07
3504,0.0024819374084472656,1.9073486328125e-06,2.384185791015625e-07
3505,0.002043485641479492,1.6689300537109375e-06,2.384185791015625e-07
3506,0.0019073486328125,1.9073486328125e-06,2.384185791015625e-07
3507,0.002001047134399414,2.1457672119140625e-06,2.384185791015625e-07
3508,0.0018897056579589844,1.9073486328125e-06,4.76837158203125e-07
3509,0.0030372142791748047,1.9073486328125e-06,4.76837158203125e-07
3510,0.0020918846130371094,1.6689300537109375e-06,2.384185791015625e-07
3511,0.0020775794982910156,1.9073486328125e-06,2.384185791015625e-07
3512,0.002565145492553711,1.9073486328125e-06,2.384185791015625e-07
3513,0.0021555423736572266,2.1457672119140625e-06,4.76837158203125e-07
3514,0.0028967857360839844,1.9073486328125e-06,2.384185791015625e-07
3515,0.001989603042602539,2.1457672119140625e-06,2.384185791015625e-07
3516,0.0020151138305664062,1.9073486328125e-06,2.384185791015625e-07
3517,0.002397775650024414,1.6689300537109375e-06,2.384185791015625e-07
3518,0.0021507740020751953,1.9073486328125e-06,4.76837158203125e-07
3519,0.002490520477294922,1.6689300537109375e-06,2.384185791015625e-07
3520,0.0026237964630126953,1.9073486328125e-06,2.384185791015625e-07
3521,0.002005338668823242,1.6689300537109375e-06,2.384185791015625e-07
3522,0.0027577877044677734,1.6689300537109375e-06,4.76837158203125e-07
3523,0.0025856494903564453,1.6689300537109375e-06,2.384185791015625e-07
3524,0.0023577213287353516,2.384185791015625e-06,2.384185791015625e-07
3525,0.0019769668579101562,1.6689300537109375e-06,4.76837158203125e-07
3526,0.0019178390502929688,2.6226043701171875e-06,2.384185791015625e-07
3527,0.002458810806274414,1.6689300537109375e-06,7.152557373046875e-07
3528,0.002175569534301758,1.9073486328125e-06,2.384185791015625e-07
3529,0.0024449825286865234,1.9073486328125e-06,4.76837158203125e-07
3530,0.002248525619506836,2.1457672119140625e-06,2.384185791015625e-07
3531,0.0019366741180419922,2.1457672119140625e-06,4.76837158203125e-07
3532,0.0021865367889404297,2.384185791015625e-06,2.384185791015625e-07
3533,0.001646280288696289,1.9073486328125e-06,2.384185791015625e-07
3534,0.0016994476318359375,1.9073486328125e-06,2.384185791015625e-07
3535,0.002474069595336914,1.9073486328125e-06,2.384185791015625e-07
3536,0.0018908977508544922,2.1457672119140625e-06,0.0
3537,0.0019328594207763672,1.9073486328125e-06,4.76837158203125e-07
3538,0.0027103424072265625,2.1457672119140625e-06,2.384185791015625e-07
3539,0.0021560192108154297,1.9073486328125e-06,2.384185791015625e-07
3540,0.002073526382446289,1.9073486328125e-06,2.384185791015625e-07
3541,0.002215862274169922,2.1457672119140625e-06,2.384185791015625e-07
3542,0.002663135528564453,2.384185791015625e-06,2.384185791015625e-07
3543,0.002226591110229492,1.6689300537109375e-06,4.76837158203125e-07
3544,0.0024330615997314453,2.1457672119140625e-06,2.384185791015625e-07
3545,0.0028722286224365234,1.6689300537109375e-06,7.152557373046875e-07
3546,0.002880096435546875,1.9073486328125e-06,2.384185791015625e-07
3547,0.002438783645629883,1.6689300537109375e-06,4.76837158203125e-07
3548,0.002154111862182617,2.384185791015625e-06,2.384185791015625e-07
3549,0.0026199817657470703,1.9073486328125e-06,2.384185791015625e-07
3550,0.0021736621856689453,1.9073486328125e-06,2.384185791015625e-07
3551,0.0026950836181640625,2.1457672119140625e-06,2.384185791015625e-07
3552,0.0018775463104248047,1.9073486328125e-06,2.384185791015625e-07
3553,0.0026404857635498047,1.9073486328125e-06,2.384185791015625e-07
3554,0.0024232864379882812,1.6689300537109375e-06,2.384185791015625e-07
3555,0.002368450164794922,1.9073486328125e-06,2.384185791015625e-07
3556,0.0028972625732421875,2.1457672119140625e-06,4.76837158203125e-07
3557,0.002439737319946289,1.9073486328125e-06,2.384185791015625e-07
3558,0.002573251724243164,1.9073486328125e-06,4.76837158203125e-07
3559,0.002264738082885742,1.9073486328125e-06,4.76837158203125e-07
3560,0.002641439437866211,1.9073486328125e-06,2.384185791015625e-07
3561,0.0021491050720214844,1.9073486328125e-06,2.384185791015625e-07
3562,0.0019905567169189453,2.1457672119140625e-06,2.384185791015625e-07
3563,0.002280712127685547,2.1457672119140625e-06,2.384185791015625e-07
3564,0.002561807632446289,2.1457672119140625e-06,2.384185791015625e-07
3565,0.002288818359375,1.430511474609375e-06,2.384185791015625e-07
3566,0.0021271705627441406,2.1457672119140625e-06,2.384185791015625e-07
3567,0.0020020008087158203,2.1457672119140625e-06,4.76837158203125e-07
3568,0.00208282470703125,1.9073486328125e-06,4.76837158203125e-07
3569,0.0018923282623291016,1.9073486328125e-06,4.76837158203125e-07
3570,0.0016934871673583984,1.9073486328125e-06,2.384185791015625e-07
3571,0.002618074417114258,1.6689300537109375e-06,2.384185791015625e-07
3572,0.0021169185638427734,2.86102294921875e-06,7.152557373046875e-07
3573,0.00225830078125,1.6689300537109375e-06,2.384185791015625e-07
3574,0.0017974376678466797,1.6689300537109375e-06,2.384185791015625e-07
3575,0.0015933513641357422,1.9073486328125e-06,2.384185791015625e-07
3576,0.0021085739135742188,2.1457672119140625e-06,4.76837158203125e-07
3577,0.0020999908447265625,1.430511474609375e-06,4.76837158203125e-07
3578,0.002290964126586914,1.9073486328125e-06,2.384185791015625e-07
3579,0.0033402442932128906,1.6689300537109375e-06,2.384185791015625e-07
3580,0.0018923282623291016,2.1457672119140625e-06,4.76837158203125e-07
3581,0.002259492874145508,1.9073486328125e-06,4.76837158203125e-07
3582,0.0019807815551757812,1.9073486328125e-06,2.384185791015625e-07
3583,0.0018224716186523438,1.9073486328125e-06,2.384185791015625e-07
3584,0.0016651153564453125,1.9073486328125e-06,2.384185791015625e-07
3585,0.0017154216766357422,2.1457672119140625e-06,4.76837158203125e-07
3586,0.0018434524536132812,1.9073486328125e-06,2.384185791015625e-07
3587,0.0021562576293945312,2.1457672119140625e-06,2.384185791015625e-07
3588,0.0019299983978271484,1.9073486328125e-06,2.384185791015625e-07
3589,0.0023653507232666016,2.1457672119140625e-06,4.76837158203125e-07
3590,0.003297090530395508,1.9073486328125e-06,4.76837158203125e-07
3591,0.00241851806640625,1.9073486328125e-06,4.76837158203125e-07
3592,0.0019376277923583984,1.9073486328125e-06,4.76837158203125e-07
3593,0.001982450485229492,1.9073486328125e-06,2.384185791015625e-07
3594,0.0020182132720947266,2.1457672119140625e-06,4.76837158203125e-07
3595,0.0017597675323486328,1.6689300537109375e-06,2.384185791015625e-07
3596,0.0022258758544921875,2.1457672119140625e-06,4.76837158203125e-07
3597,0.0024132728576660156,2.384185791015625e-06,2.384185791015625e-07
3598,0.001943349838256836,2.1457672119140625e-06,2.384185791015625e-07
3599,0.00234222412109375,1.9073486328125e-06,4.76837158203125e-07
3600,0.0025985240936279297,1.9073486328125e-06,2.384185791015625e-07
3601,0.00180816650390625,1.9073486328125e-06,4.76837158203125e-07
3602,0.0026636123657226562,1.9073486328125e-06,2.384185791015625e-07
3603,0.0019698143005371094,1.6689300537109375e-06,4.76837158203125e-07
3604,0.0021102428436279297,1.9073486328125e-06,2.384185791015625e-07
3605,0.0019867420196533203,1.6689300537109375e-06,7.152557373046875e-07
3606,0.0020322799682617188,1.9073486328125e-06,2.384185791015625e-07
3607,0.0025310516357421875,1.6689300537109375e-06,2.384185791015625e-07
3608,0.0018467903137207031,1.9073486328125e-06,2.384185791015625e-07
3609,0.002351045608520508,1.6689300537109375e-06,4.76837158203125e-07
3610,0.0021791458129882812,2.1457672119140625e-06,2.384185791015625e-07
3611,0.002452850341796875,1.6689300537109375e-06,2.384185791015625e-07
3612,0.001975536346435547,1.9073486328125e-06,2.384185791015625e-07
3613,0.002251863479614258,1.6689300537109375e-06,4.76837158203125e-07
3614,0.0018887519836425781,1.9073486328125e-06,4.76837158203125e-07
3615,0.002086639404296875,1.6689300537109375e-06,2.384185791015625e-07
3616,0.001840829849243164,1.9073486328125e-06,2.384185791015625e-07
3617,0.0020475387573242188,2.384185791015625e-06,2.384185791015625e-07
3618,0.0017409324645996094,1.9073486328125e-06,2.384185791015625e-07
3619,0.002163410186767578,1.9073486328125e-06,2.384185791015625e-07
3620,0.0016281604766845703,1.6689300537109375e-06,2.384185791015625e-07
3621,0.001711130142211914,1.6689300537109375e-06,4.76837158203125e-07
3622,0.00152587890625,1.430511474609375e-06,2.384185791015625e-07
3623,0.001627206802368164,1.9073486328125e-06,2.384185791015625e-07
3624,0.001583099365234375,1.9073486328125e-06,2.384185791015625e-07
3625,0.002155303955078125,1.6689300537109375e-06,0.0
3626,0.002330303192138672,1.9073486328125e-06,7.152557373046875e-07
3627,0.0019032955169677734,1.6689300537109375e-06,2.384185791015625e-07
3628,0.002107858657836914,1.9073486328125e-06,4.76837158203125e-07
3629,0.0018978118896484375,1.9073486328125e-06,4.76837158203125e-07
3630,0.0013432502746582031,1.9073486328125e-06,2.384185791015625e-07
3631,0.0020220279693603516,2.1457672119140625e-06,4.76837158203125e-07
3632,0.0022568702697753906,2.1457672119140625e-06,7.152557373046875e-07
3633,0.0022630691528320312,2.1457672119140625e-06,4.76837158203125e-07
3634,0.001796722412109375,2.1457672119140625e-06,2.384185791015625e-07
3635,0.0019245147705078125,1.6689300537109375e-06,2.384185791015625e-07
3636,0.0016772747039794922,1.9073486328125e-06,4.76837158203125e-07
3637,0.0013689994812011719,1.6689300537109375e-06,2.384185791015625e-07
3638,0.001718282699584961,1.6689300537109375e-06,2.384185791015625e-07
3639,0.0019252300262451172,1.6689300537109375e-06,4.76837158203125e-07
3640,0.0031523704528808594,2.384185791015625e-06,2.384185791015625e-07
3641,0.001966714859008789,1.6689300537109375e-06,4.76837158203125e-07
3642,0.0015454292297363281,1.430511474609375e-06,2.384185791015625e-07
3643,0.002506256103515625,1.9073486328125e-06,7.152557373046875e-07
3644,0.002929210662841797,1.430511474609375e-06,2.384185791015625e-07
3645,0.0024623870849609375,1.6689300537109375e-06,2.384185791015625e-07
3646,0.002910137176513672,1.6689300537109375e-06,2.384185791015625e-07
3647,0.0027942657470703125,1.6689300537109375e-06,2.384185791015625e-07
3648,0.0016283988952636719,1.6689300537109375e-06,4.76837158203125e-07
3649,0.0030975341796875,1.9073486328125e-06,2.384185791015625e-07
3650,0.0021076202392578125,1.9073486328125e-06,2.384185791015625e-07
3651,0.0029642581939697266,2.1457672119140625e-06,2.384185791015625e-07
3652,0.0024292469024658203,1.9073486328125e-06,7.152557373046875e-07
3653,0.003156900405883789,1.9073486328125e-06,2.384185791015625e-07
3654,0.0022089481353759766,2.1457672119140625e-06,4.76837158203125e-07
3655,0.0025396347045898438,1.9073486328125e-06,2.384185791015625e-07
3656,0.0019054412841796875,2.1457672119140625e-06,2.384185791015625e-07
3657,0.002192258834838867,1.9073486328125e-06,2.384185791015625e-07
3658,0.0028276443481445312,2.1457672119140625e-06,2.384185791015625e-07
3659,0.0023632049560546875,2.384185791015625e-06,2.384185791015625e-07
3660,0.0021376609802246094,2.1457672119140625e-06,4.76837158203125e-07
3661,0.0026955604553222656,2.384185791015625e-06,2.384185791015625e-07
3662,0.0020630359649658203,2.1457672119140625e-06,2.384185791015625e-07
3663,0.002299785614013672,1.9073486328125e-06,7.152557373046875e-07
3664,0.002072572708129883,1.9073486328125e-06,2.384185791015625e-07
3665,0.0023682117462158203,1.9073486328125e-06,2.384185791015625e-07
3666,0.0026743412017822266,2.1457672119140625e-06,2.384185791015625e-07
3667,0.002763032913208008,1.9073486328125e-06,2.384185791015625e-07
3668,0.002663135528564453,1.6689300537109375e-06,2.384185791015625e-07
3669,0.0028030872344970703,2.1457672119140625e-06,2.384185791015625e-07
3670,0.002676248550415039,1.6689300537109375e-06,2.384185791015625e-07
3671,0.002297639846801758,1.6689300537109375e-06,4.76837158203125e-07
3672,0.0021750926971435547,1.6689300537109375e-06,2.384185791015625e-07
3673,0.0024445056915283203,1.9073486328125e-06,2.384185791015625e-07
3674,0.0022640228271484375,1.430511474609375e-06,2.384185791015625e-07
3675,0.0023195743560791016,1.6689300537109375e-06,2.384185791015625e-07
3676,0.002444028854370117,1.9073486328125e-06,4.76837158203125e-07
3677,0.0020699501037597656,1.6689300537109375e-06,2.384185791015625e-07
3678,0.002582550048828125,1.9073486328125e-06,4.76837158203125e-07
3679,0.0023000240325927734,1.6689300537109375e-06,2.384185791015625e-07
3680,0.002415895462036133,1.6689300537109375e-06,2.384185791015625e-07
3681,0.0021295547485351562,1.9073486328125e-06,4.76837158203125e-07
3682,0.003110647201538086,1.9073486328125e-06,2.384185791015625e-07
3683,0.0025789737701416016,1.9073486328125e-06,2.384185791015625e-07
3684,0.002752542495727539,1.9073486328125e-06,2.384185791015625e-07
3685,0.0030603408813476562,1.9073486328125e-06,4.76837158203125e-07
3686,0.0018301010131835938,1.9073486328125e-06,2.384185791015625e-07
3687,0.0026657581329345703,1.6689300537109375e-06,2.384185791015625e-07
3688,0.0026237964630126953,1.6689300537109375e-06,4.76837158203125e-07
3689,0.002945423126220703,2.1457672119140625e-06,2.384185791015625e-07
3690,0.0029196739196777344,2.1457672119140625e-06,2.384185791015625e-07
3691,0.002823352813720703,1.9073486328125e-06,2.384185791015625e-07
3692,0.002041339874267578,2.1457672119140625e-06,4.76837158203125e-07
3693,0.0014047622680664062,1.9073486328125e-06,2.384185791015625e-07
3694,0.0015673637390136719,1.9073486328125e-06,4.76837158203125e-07
3695,0.0014157295227050781,2.1457672119140625e-06,2.384185791015625e-07
3696,0.0017688274383544922,1.9073486328125e-06,2.384185791015625e-07
3697,0.0017278194427490234,2.1457672119140625e-06,2.384185791015625e-07
3698,0.0018038749694824219,1.9073486328125e-06,2.384185791015625e-07
3699,0.0015654563903808594,2.1457672119140625e-06,7.152557373046875e-07
3700,0.0016455650329589844,5.245208740234375e-06,2.384185791015625e-07
3701,0.0011682510375976562,1.9073486328125e-06,2.384185791015625e-07
3702,0.0011949539184570312,1.9073486328125e-06,2.384185791015625e-07
3703,0.0014340877532958984,1.9073486328125e-06,2.384185791015625e-07
3704,0.001415252685546875,2.1457672119140625e-06,2.384185791015625e-07
3705,0.002306222915649414,1.6689300537109375e-06,2.384185791015625e-07
3706,0.0023136138916015625,1.9073486328125e-06,2.384185791015625e-07
3707,0.0023779869079589844,1.9073486328125e-06,4.76837158203125e-07
3708,0.002079486846923828,2.1457672119140625e-06,2.384185791015625e-07
3709,0.002697467803955078,1.9073486328125e-06,2.384185791015625e-07
3710,0.003353595733642578,1.9073486328125e-06,2.384185791015625e-07
3711,0.0027320384979248047,2.384185791015625e-06,2.384185791015625e-07
3712,0.0021200180053710938,1.9073486328125e-06,2.384185791015625e-07
3713,0.0026633739471435547,1.9073486328125e-06,2.384185791015625e-07
3714,0.0023221969604492188,1.9073486328125e-06,4.76837158203125e-07
3715,0.0025348663330078125,2.1457672119140625e-06,2.384185791015625e-07
3716,0.0016777515411376953,1.9073486328125e-06,2.384185791015625e-07
3717,0.002153635025024414,2.1457672119140625e-06,7.152557373046875e-07
3718,0.0027649402618408203,1.6689300537109375e-06,2.384185791015625e-07
3719,0.0019021034240722656,1.6689300537109375e-06,4.76837158203125e-07
3720,0.0024251937866210938,1.9073486328125e-06,4.76837158203125e-07
3721,0.0025429725646972656,1.9073486328125e-06,2.384185791015625e-07
3722,0.002159595489501953,1.9073486328125e-06,2.384185791015625e-07
3723,0.0026617050170898438,1.9073486328125e-06,4.76837158203125e-07
3724,0.002208709716796875,2.1457672119140625e-06,4.76837158203125e-07
3725,0.002962827682495117,1.9073486328125e-06,2.384185791015625e-07
3726,0.00202178955078125,2.1457672119140625e-06,2.384185791015625e-07
3727,0.0032532215118408203,1.9073486328125e-06,2.384185791015625e-07
3728,0.002062082290649414,2.1457672119140625e-06,2.384185791015625e-07
3729,0.0028541088104248047,1.9073486328125e-06,2.384185791015625e-07
3730,0.002471446990966797,1.9073486328125e-06,2.384185791015625e-07
3731,0.002235889434814453,1.9073486328125e-06,2.384185791015625e-07
3732,0.0023031234741210938,1.6689300537109375e-06,2.384185791015625e-07
3733,0.0020873546600341797,2.1457672119140625e-06,2.384185791015625e-07
3734,0.002429485321044922,2.1457672119140625e-06,2.384185791015625e-07
3735,0.001965045928955078,2.1457672119140625e-06,4.76837158203125e-07
3736,0.002188444137573242,2.1457672119140625e-06,4.76837158203125e-07
3737,0.002490997314453125,1.9073486328125e-06,4.76837158203125e-07
3738,0.0024039745330810547,1.9073486328125e-06,2.384185791015625e-07
3739,0.0015113353729248047,1.9073486328125e-06,2.384185791015625e-07
3740,0.002105712890625,1.9073486328125e-06,2.384185791015625e-07
3741,0.002629995346069336,1.9073486328125e-06,7.152557373046875e-07
3742,0.0023076534271240234,2.1457672119140625e-06,4.76837158203125e-07
3743,0.0023071765899658203,2.384185791015625e-06,2.384185791015625e-07
3744,0.0022635459899902344,2.1457672119140625e-06,2.384185791015625e-07
3745,0.002004861831665039,1.9073486328125e-06,9.5367431640625e-07
3746,0.002058267593383789,2.1457672119140625e-06,4.76837158203125e-07
3747,0.002347230911254883,1.9073486328125e-06,2.384185791015625e-07
3748,0.002022266387939453,1.9073486328125e-06,2.384185791015625e-07
3749,0.002527475357055664,1.6689300537109375e-06,2.384185791015625e-07
3750,0.0023355484008789062,1.6689300537109375e-06,2.384185791015625e-07
3751,0.002448558807373047,1.9073486328125e-06,2.384185791015625e-07
3752,0.002420186996459961,2.1457672119140625e-06,2.384185791015625e-07
3753,0.0018963813781738281,2.1457672119140625e-06,4.76837158203125e-07
3754,0.0019686222076416016,2.1457672119140625e-06,2.384185791015625e-07
3755,0.0016818046569824219,2.1457672119140625e-06,2.384185791015625e-07
3756,0.002050638198852539,1.9073486328125e-06,2.384185791015625e-07
3757,0.0024056434631347656,2.1457672119140625e-06,2.384185791015625e-07
3758,0.001847982406616211,2.1457672119140625e-06,2.384185791015625e-07
3759,0.002757549285888672,1.9073486328125e-06,2.384185791015625e-07
3760,0.0019495487213134766,2.1457672119140625e-06,2.384185791015625e-07
3761,0.002489328384399414,1.9073486328125e-06,4.76837158203125e-07
3762,0.002358675003051758,1.9073486328125e-06,2.384185791015625e-07
3763,0.0017676353454589844,1.6689300537109375e-06,2.384185791015625e-07
3764,0.0014951229095458984,1.6689300537109375e-06,2.384185791015625e-07
3765,0.002341747283935547,2.1457672119140625e-06,2.384185791015625e-07
3766,0.0024442672729492188,1.9073486328125e-06,2.384185791015625e-07
3767,0.003148317337036133,1.6689300537109375e-06,2.384185791015625e-07
3768,0.002602815628051758,2.1457672119140625e-06,2.384185791015625e-07
3769,0.0018677711486816406,1.9073486328125e-06,0.0
3770,0.0017697811126708984,2.1457672119140625e-06,4.76837158203125e-07
3771,0.0017523765563964844,1.9073486328125e-06,4.76837158203125e-07
3772,0.002730131149291992,1.6689300537109375e-06,2.384185791015625e-07
3773,0.0024034976959228516,2.1457672119140625e-06,2.384185791015625e-07
3774,0.0015468597412109375,1.6689300537109375e-06,2.384185791015625e-07
3775,0.0019328594207763672,2.6226043701171875e-06,2.384185791015625e-07
3776,0.002054929733276367,1.9073486328125e-06,4.76837158203125e-07
3777,0.0023581981658935547,2.1457672119140625e-06,4.76837158203125e-07
3778,0.0021865367889404297,2.384185791015625e-06,2.384185791015625e-07
3779,0.001954317092895508,2.1457672119140625e-06,2.384185791015625e-07
3780,0.0017919540405273438,2.384185791015625e-06,2.384185791015625e-07
3781,0.002017974853515625,1.6689300537109375e-06,4.76837158203125e-07
3782,0.002001047134399414,1.9073486328125e-06,2.384185791015625e-07
3783,0.0018718242645263672,1.9073486328125e-06,2.384185791015625e-07
3784,0.0019309520721435547,1.6689300537109375e-06,2.384185791015625e-07
3785,0.001943349838256836,2.1457672119140625e-06,2.384185791015625e-07
3786,0.0021033287048339844,1.9073486328125e-06,4.76837158203125e-07
3787,0.0020782947540283203,2.384185791015625e-06,0.0
3788,0.0021979808807373047,2.384185791015625e-06,2.384185791015625e-07
3789,0.002438783645629883,1.6689300537109375e-06,2.384185791015625e-07
3790,0.0024039745330810547,1.6689300537109375e-06,2.384185791015625e-07
3791,0.0027081966400146484,1.9073486328125e-06,2.384185791015625e-07
3792,0.0025548934936523438,1.9073486328125e-06,0.0
3793,0.0024263858795166016,1.9073486328125e-06,2.384185791015625e-07
3794,0.002596139907836914,1.6689300537109375e-06,2.384185791015625e-07
3795,0.0021486282348632812,1.6689300537109375e-06,2.384185791015625e-07
3796,0.0026121139526367188,2.6226043701171875e-06,2.384185791015625e-07
3797,0.002503633499145508,2.1457672119140625e-06,4.76837158203125e-07
3798,0.0017218589782714844,1.9073486328125e-06,2.384185791015625e-07
3799,0.0020482540130615234,1.9073486328125e-06,2.384185791015625e-07
3800,0.0024566650390625,1.9073486328125e-06,2.384185791015625e-07
3801,0.0017864704132080078,5.0067901611328125e-06,2.384185791015625e-07
3802,0.0022072792053222656,1.6689300537109375e-06,4.76837158203125e-07
3803,0.0018897056579589844,1.6689300537109375e-06,2.384185791015625e-07
3804,0.0021991729736328125,1.9073486328125e-06,2.384185791015625e-07
3805,0.0016121864318847656,1.6689300537109375e-06,2.384185791015625e-07
3806,0.002017498016357422,1.9073486328125e-06,2.384185791015625e-07
3807,0.0018124580383300781,1.6689300537109375e-06,4.76837158203125e-07
3808,0.0015597343444824219,1.9073486328125e-06,2.384185791015625e-07
3809,0.0016400814056396484,1.6689300537109375e-06,2.384185791015625e-07
3810,0.001870870590209961,2.1457672119140625e-06,2.384185791015625e-07
3811,0.0015020370483398438,1.9073486328125e-06,2.384185791015625e-07
3812,0.001764059066772461,1.6689300537109375e-06,2.384185791015625e-07
3813,0.0015430450439453125,1.9073486328125e-06,2.384185791015625e-07
3814,0.0013403892517089844,1.9073486328125e-06,2.384185791015625e-07
3815,0.001668691635131836,1.9073486328125e-06,2.384185791015625e-07
3816,0.0017101764678955078,1.9073486328125e-06,2.384185791015625e-07
3817,0.0019173622131347656,1.6689300537109375e-06,2.384185791015625e-07
3818,0.0022695064544677734,1.9073486328125e-06,0.0
3819,0.002236604690551758,1.9073486328125e-06,2.384185791015625e-07
3820,0.0014905929565429688,1.9073486328125e-06,2.384185791015625e-07
3821,0.0018317699432373047,1.6689300537109375e-06,4.76837158203125e-07
3822,0.0021514892578125,1.6689300537109375e-06,2.384185791015625e-07
3823,0.0024454593658447266,1.6689300537109375e-06,7.152557373046875e-07
3824,0.0018227100372314453,1.9073486328125e-06,2.384185791015625e-07
3825,0.0017018318176269531,1.6689300537109375e-06,4.76837158203125e-07
3826,0.002122163772583008,1.9073486328125e-06,4.76837158203125e-07
3827,0.0017049312591552734,1.9073486328125e-06,4.76837158203125e-07
3828,0.0015339851379394531,1.9073486328125e-06,2.384185791015625e-07
3829,0.0021533966064453125,2.1457672119140625e-06,2.384185791015625e-07
3830,0.0019118785858154297,1.9073486328125e-06,2.384185791015625e-07
3831,0.001468658447265625,1.9073486328125e-06,2.384185791015625e-07
3832,0.0022211074829101562,2.1457672119140625e-06,2.384185791015625e-07
3833,0.002171754837036133,1.9073486328125e-06,2.384185791015625e-07
3834,0.001837015151977539,1.9073486328125e-06,2.384185791015625e-07
3835,0.0015501976013183594,1.9073486328125e-06,2.384185791015625e-07
3836,0.0018110275268554688,1.9073486328125e-06,2.384185791015625e-07
3837,0.0018551349639892578,2.1457672119140625e-06,2.384185791015625e-07
3838,0.002293109893798828,1.9073486328125e-06,2.384185791015625e-07
3839,0.00249481201171875,1.9073486328125e-06,4.76837158203125e-07
3840,0.0019156932830810547,2.1457672119140625e-06,2.384185791015625e-07
3841,0.0027213096618652344,1.9073486328125e-06,2.384185791015625e-07
3842,0.0014259815216064453,1.9073486328125e-06,2.384185791015625e-07
3843,0.0017802715301513672,1.9073486328125e-06,2.384185791015625e-07
3844,0.0019965171813964844,2.1457672119140625e-06,7.152557373046875e-07
3845,0.0009722709655761719,1.6689300537109375e-06,2.384185791015625e-07
3846,0.0017631053924560547,1.9073486328125e-06,4.76837158203125e-07
3847,0.002656698226928711,1.9073486328125e-06,2.384185791015625e-07
3848,0.002164125442504883,1.9073486328125e-06,2.384185791015625e-07
3849,0.0011103153228759766,1.6689300537109375e-06,4.76837158203125e-07
3850,0.002051830291748047,1.9073486328125e-06,4.76837158203125e-07
3851,0.0014925003051757812,1.6689300537109375e-06,2.384185791015625e-07
3852,0.0017132759094238281,1.9073486328125e-06,2.384185791015625e-07
3853,0.0020771026611328125,2.1457672119140625e-06,2.384185791015625e-07
3854,0.0016741752624511719,1.9073486328125e-06,2.384185791015625e-07
3855,0.0019168853759765625,1.9073486328125e-06,2.384185791015625e-07
3856,0.0020227432250976562,2.1457672119140625e-06,2.384185791015625e-07
3857,0.002968311309814453,1.9073486328125e-06,2.384185791015625e-07
3858,0.0026793479919433594,1.9073486328125e-06,4.76837158203125e-07
3859,0.0021212100982666016,2.1457672119140625e-06,4.76837158203125e-07
3860,0.0025811195373535156,1.9073486328125e-06,4.76837158203125e-07
3861,0.0018897056579589844,2.384185791015625e-06,2.384185791015625e-07
3862,0.0023424625396728516,1.9073486328125e-06,4.76837158203125e-07
3863,0.0026786327362060547,1.9073486328125e-06,2.384185791015625e-07
3864,0.0028104782104492188,1.6689300537109375e-06,2.384185791015625e-07
3865,0.0022079944610595703,2.1457672119140625e-06,4.76837158203125e-07
3866,0.002699613571166992,2.1457672119140625e-06,2.384185791015625e-07
3867,0.0023124217987060547,1.9073486328125e-06,4.76837158203125e-07
3868,0.0029082298278808594,2.1457672119140625e-06,2.384185791015625e-07
3869,0.0022389888763427734,1.9073486328125e-06,7.152557373046875e-07
3870,0.0027539730072021484,1.9073486328125e-06,2.384185791015625e-07
3871,0.001861572265625,2.1457672119140625e-06,2.384185791015625e-07
3872,0.0024476051330566406,2.1457672119140625e-06,4.76837158203125e-07
3873,0.002111196517944336,1.9073486328125e-06,2.384185791015625e-07
3874,0.002727508544921875,1.9073486328125e-06,2.384185791015625e-07
3875,0.0026617050170898438,1.6689300537109375e-06,2.384185791015625e-07
3876,0.0026733875274658203,1.9073486328125e-06,2.384185791015625e-07
3877,0.002804994583129883,1.9073486328125e-06,4.76837158203125e-07
3878,0.0027756690979003906,1.9073486328125e-06,2.384185791015625e-07
3879,0.002357959747314453,1.9073486328125e-06,2.384185791015625e-07
3880,0.003170490264892578,1.9073486328125e-06,2.384185791015625e-07
3881,0.0024292469024658203,2.384185791015625e-06,4.76837158203125e-07
3882,0.002474069595336914,1.9073486328125e-06,2.384185791015625e-07
3883,0.0024271011352539062,1.9073486328125e-06,2.384185791015625e-07
3884,0.002159595489501953,1.430511474609375e-06,2.384185791015625e-07
3885,0.0028412342071533203,1.6689300537109375e-06,2.384185791015625e-07
3886,0.0015759468078613281,1.6689300537109375e-06,2.384185791015625e-07
3887,0.0023360252380371094,1.6689300537109375e-06,2.384185791015625e-07
3888,0.0031769275665283203,1.6689300537109375e-06,2.384185791015625e-07
3889,0.002030611038208008,1.9073486328125e-06,2.384185791015625e-07
3890,0.0020639896392822266,1.6689300537109375e-06,2.384185791015625e-07
3891,0.0023076534271240234,1.9073486328125e-06,2.384185791015625e-07
3892,0.0053653717041015625,2.1457672119140625e-06,2.384185791015625e-07
3893,0.0023887157440185547,1.9073486328125e-06,2.384185791015625e-07
3894,0.0027251243591308594,2.1457672119140625e-06,4.76837158203125e-07
3895,0.002682209014892578,2.1457672119140625e-06,4.76837158203125e-07
3896,0.0029265880584716797,2.384185791015625e-06,4.76837158203125e-07
3897,0.002666473388671875,1.9073486328125e-06,4.76837158203125e-07
3898,0.002446889877319336,1.9073486328125e-06,4.76837158203125e-07
3899,0.0019469261169433594,1.6689300537109375e-06,2.384185791015625e-07
3900,0.003552675247192383,1.6689300537109375e-06,4.76837158203125e-07
3901,0.0024871826171875,1.6689300537109375e-06,2.384185791015625e-07
3902,0.0026636123657226562,1.9073486328125e-06,2.384185791015625e-07
3903,0.002727508544921875,1.9073486328125e-06,4.76837158203125e-07
3904,0.002888917922973633,1.6689300537109375e-06,7.152557373046875e-07
3905,0.002385854721069336,1.9073486328125e-06,2.384185791015625e-07
3906,0.0030651092529296875,1.9073486328125e-06,2.384185791015625e-07
3907,0.0026845932006835938,1.6689300537109375e-06,2.384185791015625e-07
3908,0.004235982894897461,2.6226043701171875e-06,2.384185791015625e-07
3909,0.0028328895568847656,1.9073486328125e-06,2.384185791015625e-07
3910,0.003166675567626953,1.9073486328125e-06,4.76837158203125e-07
3911,0.002735137939453125,2.1457672119140625e-06,4.76837158203125e-07
3912,0.0028073787689208984,1.9073486328125e-06,2.384185791015625e-07
3913,0.003099203109741211,2.1457672119140625e-06,2.384185791015625e-07
3914,0.003966808319091797,1.9073486328125e-06,4.76837158203125e-07
3915,0.0016067028045654297,1.6689300537109375e-06,2.384185791015625e-07
3916,0.0025267601013183594,1.9073486328125e-06,2.384185791015625e-07
3917,0.002069711685180664,2.1457672119140625e-06,2.384185791015625e-07
3918,0.001796722412109375,1.9073486328125e-06,2.384185791015625e-07
3919,0.0023686885833740234,1.9073486328125e-06,2.384185791015625e-07
3920,0.0029790401458740234,2.1457672119140625e-06,2.384185791015625e-07
3921,0.002952098846435547,1.9073486328125e-06,4.76837158203125e-07
3922,0.0033113956451416016,1.6689300537109375e-06,2.384185791015625e-07
3923,0.0023059844970703125,1.6689300537109375e-06,4.76837158203125e-07
3924,0.002866983413696289,1.6689300537109375e-06,2.384185791015625e-07
3925,0.0023016929626464844,1.6689300537109375e-06,4.76837158203125e-07
3926,0.0024709701538085938,1.6689300537109375e-06,4.76837158203125e-07
3927,0.002069234848022461,1.6689300537109375e-06,2.384185791015625e-07
3928,0.003207683563232422,1.6689300537109375e-06,2.384185791015625e-07
3929,0.002050638198852539,1.9073486328125e-06,2.384185791015625e-07
3930,0.0030422210693359375,1.9073486328125e-06,2.384185791015625e-07
3931,0.0023620128631591797,1.6689300537109375e-06,2.384185791015625e-07
3932,0.0013575553894042969,1.430511474609375e-06,2.384185791015625e-07
3933,0.002461671829223633,1.9073486328125e-06,2.384185791015625e-07
3934,0.0026307106018066406,1.6689300537109375e-06,4.76837158203125e-07
3935,0.0021066665649414062,1.6689300537109375e-06,2.384185791015625e-07
3936,0.002905130386352539,1.6689300537109375e-06,2.384185791015625e-07
3937,0.002953052520751953,1.6689300537109375e-06,2.384185791015625e-07
3938,0.002723217010498047,1.9073486328125e-06,2.384185791015625e-07
3939,0.002471446990966797,1.9073486328125e-06,2.384185791015625e-07
3940,0.002294778823852539,1.9073486328125e-06,2.384185791015625e-07
3941,0.0024902820587158203,1.9073486328125e-06,2.384185791015625e-07
3942,0.0026445388793945312,1.9073486328125e-06,2.384185791015625e-07
3943,0.002611398696899414,2.1457672119140625e-06,2.384185791015625e-07
3944,0.002429485321044922,1.6689300537109375e-06,2.384185791015625e-07
3945,0.002485990524291992,1.6689300537109375e-06,2.384185791015625e-07
3946,0.0021517276763916016,1.9073486328125e-06,2.384185791015625e-07
3947,0.003241300582885742,1.9073486328125e-06,2.384185791015625e-07
3948,0.002155303955078125,1.9073486328125e-06,4.76837158203125e-07
3949,0.0018384456634521484,1.9073486328125e-06,2.384185791015625e-07
3950,0.002770662307739258,1.6689300537109375e-06,2.384185791015625e-07
3951,0.0024602413177490234,2.1457672119140625e-06,2.384185791015625e-07
3952,0.0023980140686035156,1.9073486328125e-06,4.76837158203125e-07
3953,0.0017960071563720703,1.9073486328125e-06,2.384185791015625e-07
3954,0.002571582794189453,1.9073486328125e-06,2.384185791015625e-07
3955,0.0030562877655029297,2.1457672119140625e-06,2.384185791015625e-07
3956,0.002661466598510742,1.9073486328125e-06,2.384185791015625e-07
3957,0.0026509761810302734,2.1457672119140625e-06,2.384185791015625e-07
3958,0.002303600311279297,1.9073486328125e-06,2.384185791015625e-07
3959,0.0020198822021484375,2.1457672119140625e-06,2.384185791015625e-07
3960,0.0028655529022216797,1.9073486328125e-06,2.384185791015625e-07
3961,0.0023212432861328125,1.9073486328125e-06,2.384185791015625e-07
3962,0.002360820770263672,1.6689300537109375e-06,4.76837158203125e-07
3963,0.0015759468078613281,1.9073486328125e-06,2.384185791015625e-07
3964,0.002689838409423828,1.9073486328125e-06,4.76837158203125e-07
3965,0.002374410629272461,1.9073486328125e-06,2.384185791015625e-07
3966,0.0031061172485351562,1.9073486328125e-06,2.384185791015625e-07
3967,0.0019979476928710938,2.1457672119140625e-06,4.76837158203125e-07
3968,0.0026040077209472656,1.6689300537109375e-06,2.384185791015625e-07
3969,0.0022656917572021484,2.1457672119140625e-06,2.384185791015625e-07
3970,0.0025119781494140625,1.9073486328125e-06,2.384185791015625e-07
3971,0.002966165542602539,1.6689300537109375e-06,2.384185791015625e-07
3972,0.0025453567504882812,1.6689300537109375e-06,2.384185791015625e-07
3973,0.0027704238891601562,1.9073486328125e-06,2.384185791015625e-07
3974,0.0030236244201660156,1.6689300537109375e-06,4.76837158203125e-07
3975,0.0026803016662597656,1.6689300537109375e-06,2.384185791015625e-07
3976,0.0018336772918701172,1.9073486328125e-06,4.76837158203125e-07
3977,0.0027832984924316406,2.1457672119140625e-06,2.384185791015625e-07
3978,0.002696990966796875,2.1457672119140625e-06,4.76837158203125e-07
3979,0.0024645328521728516,1.9073486328125e-06,2.384185791015625e-07
3980,0.0020322799682617188,1.9073486328125e-06,2.384185791015625e-07
3981,0.002540111541748047,1.9073486328125e-06,2.384185791015625e-07
3982,0.002074718475341797,2.1457672119140625e-06,2.384185791015625e-07
3983,0.002782583236694336,1.9073486328125e-06,4.76837158203125e-07
3984,0.002806425094604492,1.9073486328125e-06,2.384185791015625e-07
3985,0.0013322830200195312,1.6689300537109375e-06,2.384185791015625e-07
3986,0.002073526382446289,1.430511474609375e-06,2.384185791015625e-07
3987,0.002718210220336914,1.6689300537109375e-06,2.384185791015625e-07
3988,0.0028400421142578125,1.9073486328125e-06,2.384185791015625e-07
3989,0.0027315616607666016,1.6689300537109375e-06,2.384185791015625e-07
3990,0.0022361278533935547,1.6689300537109375e-06,2.384185791015625e-07
3991,0.002332448959350586,2.1457672119140625e-06,4.76837158203125e-07
3992,0.0020394325256347656,2.1457672119140625e-06,2.384185791015625e-07
3993,0.002196073532104492,2.1457672119140625e-06,2.384185791015625e-07
3994,0.002427339553833008,1.9073486328125e-06,2.384185791015625e-07
3995,0.002660989761352539,1.9073486328125e-06,2.384185791015625e-07
3996,0.002558469772338867,1.9073486328125e-06,2.384185791015625e-07
3997,0.0020804405212402344,2.1457672119140625e-06,2.384185791015625e-07
3998,0.002270221710205078,1.9073486328125e-06,7.152557373046875e-07
3999,0.0026607513427734375,1.6689300537109375e-06,2.384185791015625e-07
4000,0.0021848678588867188,1.9073486328125e-06,2.384185791015625e-07
4001,0.0020432472229003906,1.6689300537109375e-06,7.152557373046875e-07
4002,0.0025169849395751953,1.9073486328125e-06,7.152557373046875e-07
4003,0.002821207046508789,1.6689300537109375e-06,2.384185791015625e-07
4004,0.002477884292602539,1.6689300537109375e-06,2.384185791015625e-07
4005,0.002341747283935547,1.6689300537109375e-06,2.384185791015625e-07
4006,0.002591371536254883,1.6689300537109375e-06,2.384185791015625e-07
4007,0.0022711753845214844,1.9073486328125e-06,2.384185791015625e-07
4008,0.002172708511352539,1.6689300537109375e-06,2.384185791015625e-07
4009,0.002106904983520508,1.430511474609375e-06,2.384185791015625e-07
4010,0.0029065608978271484,1.9073486328125e-06,2.384185791015625e-07
4011,0.0025017261505126953,2.1457672119140625e-06,2.384185791015625e-07
4012,0.002353191375732422,1.9073486328125e-06,2.384185791015625e-07
4013,0.0018813610076904297,1.9073486328125e-06,2.384185791015625e-07
4014,0.002839326858520508,1.6689300537109375e-06,2.384185791015625e-07
4015,0.0026404857635498047,1.6689300537109375e-06,2.384185791015625e-07
4016,0.0028302669525146484,2.1457672119140625e-06,2.384185791015625e-07
4017,0.001832723617553711,1.6689300537109375e-06,4.76837158203125e-07
4018,0.002624034881591797,1.6689300537109375e-06,2.384185791015625e-07
4019,0.0027909278869628906,1.9073486328125e-06,2.384185791015625e-07
4020,0.0021431446075439453,1.9073486328125e-06,4.76837158203125e-07
4021,0.0030012130737304688,2.1457672119140625e-06,2.384185791015625e-07
4022,0.002396821975708008,1.6689300537109375e-06,2.384185791015625e-07
4023,0.0029196739196777344,1.6689300537109375e-06,2.384185791015625e-07
4024,0.0019037723541259766,2.1457672119140625e-06,2.384185791015625e-07
4025,0.0018177032470703125,1.9073486328125e-06,4.76837158203125e-07
4026,0.0025582313537597656,1.6689300537109375e-06,2.384185791015625e-07
4027,0.0024843215942382812,1.6689300537109375e-06,2.384185791015625e-07
4028,0.00311279296875,1.9073486328125e-06,2.384185791015625e-07
4029,0.0033788681030273438,1.6689300537109375e-06,7.152557373046875e-07
4030,0.0022630691528320312,1.430511474609375e-06,2.384185791015625e-07
4031,0.002470254898071289,1.6689300537109375e-06,2.384185791015625e-07
4032,0.0043599605560302734,1.9073486328125e-06,2.384185791015625e-07
4033,0.002519845962524414,1.9073486328125e-06,2.384185791015625e-07
4034,0.002622842788696289,2.1457672119140625e-06,4.76837158203125e-07
4035,0.002541065216064453,1.9073486328125e-06,2.384185791015625e-07
4036,0.0022916793823242188,2.1457672119140625e-06,4.76837158203125e-07
4037,0.0025560855865478516,2.1457672119140625e-06,0.0
4038,0.0029997825622558594,1.9073486328125e-06,2.384185791015625e-07
4039,0.002305269241333008,2.1457672119140625e-06,2.384185791015625e-07
4040,0.0022993087768554688,1.9073486328125e-06,4.76837158203125e-07
4041,0.002722501754760742,1.9073486328125e-06,2.384185791015625e-07
4042,0.002719402313232422,1.6689300537109375e-06,4.76837158203125e-07
4043,0.0019292831420898438,1.6689300537109375e-06,4.76837158203125e-07
4044,0.003048419952392578,1.6689300537109375e-06,2.384185791015625e-07
4045,0.0026869773864746094,2.1457672119140625e-06,2.384185791015625e-07
4046,0.0026373863220214844,2.1457672119140625e-06,2.384185791015625e-07
4047,0.0030236244201660156,2.1457672119140625e-06,2.384185791015625e-07
4048,0.001615285873413086,1.9073486328125e-06,2.384185791015625e-07
4049,0.0017158985137939453,1.9073486328125e-06,2.384185791015625e-07
4050,0.0024967193603515625,1.9073486328125e-06,4.76837158203125e-07
4051,0.0019068717956542969,1.9073486328125e-06,2.384185791015625e-07
4052,0.0027992725372314453,2.1457672119140625e-06,2.384185791015625e-07
4053,0.0028045177459716797,1.9073486328125e-06,2.384185791015625e-07
4054,0.0031740665435791016,1.9073486328125e-06,4.76837158203125e-07
4055,0.002496957778930664,2.1457672119140625e-06,2.384185791015625e-07
4056,0.002382516860961914,1.9073486328125e-06,2.384185791015625e-07
4057,0.002058744430541992,1.6689300537109375e-06,4.76837158203125e-07
4058,0.0021278858184814453,1.6689300537109375e-06,4.76837158203125e-07
4059,0.0025620460510253906,1.9073486328125e-06,4.76837158203125e-07
4060,0.0021734237670898438,1.430511474609375e-06,2.384185791015625e-07
4061,0.0021958351135253906,1.9073486328125e-06,2.384185791015625e-07
4062,0.003078937530517578,1.6689300537109375e-06,2.384185791015625e-07
4063,0.0022504329681396484,1.6689300537109375e-06,2.384185791015625e-07
4064,0.0017704963684082031,1.6689300537109375e-06,2.384185791015625e-07
4065,0.0028612613677978516,1.9073486328125e-06,2.384185791015625e-07
4066,0.002160787582397461,1.6689300537109375e-06,2.384185791015625e-07
4067,0.002699613571166992,1.430511474609375e-06,2.384185791015625e-07
4068,0.001875162124633789,1.6689300537109375e-06,2.384185791015625e-07
4069,0.003501415252685547,2.6226043701171875e-06,2.384185791015625e-07
4070,0.003053426742553711,2.1457672119140625e-06,4.76837158203125e-07
4071,0.002676248550415039,1.9073486328125e-06,2.384185791015625e-07
4072,0.0028100013732910156,1.9073486328125e-06,2.384185791015625e-07
4073,0.0018618106842041016,1.9073486328125e-06,2.384185791015625e-07
4074,0.002146482467651367,1.9073486328125e-06,2.384185791015625e-07
4075,0.002450227737426758,2.1457672119140625e-06,2.384185791015625e-07
4076,0.0024771690368652344,2.1457672119140625e-06,4.76837158203125e-07
4077,0.0027968883514404297,1.9073486328125e-06,2.384185791015625e-07
4078,0.0019404888153076172,2.1457672119140625e-06,2.384185791015625e-07
4079,0.002256155014038086,2.384185791015625e-06,2.384185791015625e-07
4080,0.0024864673614501953,2.1457672119140625e-06,2.384185791015625e-07
4081,0.002261638641357422,2.1457672119140625e-06,7.152557373046875e-07
4082,0.002586841583251953,1.9073486328125e-06,2.384185791015625e-07
4083,0.0025756359100341797,1.6689300537109375e-06,2.384185791015625e-07
4084,0.0024738311767578125,1.6689300537109375e-06,2.384185791015625e-07
4085,0.002318859100341797,1.9073486328125e-06,2.384185791015625e-07
4086,0.0021085739135742188,1.6689300537109375e-06,2.384185791015625e-07
4087,0.002511739730834961,1.9073486328125e-06,4.76837158203125e-07
4088,0.0024938583374023438,2.1457672119140625e-06,2.384185791015625e-07
4089,0.0025136470794677734,1.9073486328125e-06,2.384185791015625e-07
4090,0.0019788742065429688,1.9073486328125e-06,9.5367431640625e-07
4091,0.0023398399353027344,1.9073486328125e-06,2.384185791015625e-07
4092,0.0022683143615722656,1.9073486328125e-06,2.384185791015625e-07
4093,0.0026183128356933594,1.9073486328125e-06,2.384185791015625e-07
4094,0.0021505355834960938,1.9073486328125e-06,2.384185791015625e-07
4095,0.002163410186767578,1.9073486328125e-06,2.384185791015625e-07
4096,0.002926349639892578,2.1457672119140625e-06,2.384185791015625e-07
4097,0.0025064945220947266,1.9073486328125e-06,2.384185791015625e-07
4098,0.002613067626953125,1.9073486328125e-06,2.384185791015625e-07
4099,0.002411365509033203,2.1457672119140625e-06,2.384185791015625e-07
4100,0.0021789073944091797,2.1457672119140625e-06,4.76837158203125e-07
4101,0.002456188201904297,2.1457672119140625e-06,2.384185791015625e-07
4102,0.0018475055694580078,2.1457672119140625e-06,2.384185791015625e-07
4103,0.0025789737701416016,2.384185791015625e-06,2.384185791015625e-07
4104,0.0018582344055175781,2.1457672119140625e-06,4.76837158203125e-07
4105,0.0026526451110839844,1.9073486328125e-06,4.76837158203125e-07
4106,0.0022847652435302734,1.6689300537109375e-06,2.384185791015625e-07
4107,0.0017271041870117188,1.9073486328125e-06,4.76837158203125e-07
4108,0.0017538070678710938,1.9073486328125e-06,2.384185791015625e-07
4109,0.0020723342895507812,1.6689300537109375e-06,2.384185791015625e-07
4110,0.0020198822021484375,1.6689300537109375e-06,2.384185791015625e-07
4111,0.002241849899291992,1.6689300537109375e-06,2.384185791015625e-07
4112,0.003416776657104492,1.6689300537109375e-06,2.384185791015625e-07
4113,0.003077268600463867,2.1457672119140625e-06,4.76837158203125e-07
4114,0.002981901168823242,1.6689300537109375e-06,2.384185791015625e-07
4115,0.002505779266357422,1.9073486328125e-06,2.384185791015625e-07
4116,0.0027658939361572266,1.6689300537109375e-06,2.384185791015625e-07
4117,0.0023021697998046875,1.6689300537109375e-06,2.384185791015625e-07
4118,0.0026869773864746094,2.1457672119140625e-06,2.384185791015625e-07
4119,0.0021963119506835938,2.1457672119140625e-06,2.384185791015625e-07
4120,0.002956867218017578,2.1457672119140625e-06,2.384185791015625e-07
4121,0.001750946044921875,2.1457672119140625e-06,4.76837158203125e-07
4122,0.0016627311706542969,2.1457672119140625e-06,2.384185791015625e-07
4123,0.0016021728515625,1.9073486328125e-06,2.384185791015625e-07
4124,0.0015408992767333984,1.6689300537109375e-06,4.76837158203125e-07
4125,0.0017459392547607422,1.9073486328125e-06,2.384185791015625e-07
4126,0.0015978813171386719,2.6226043701171875e-06,2.384185791015625e-07
4127,0.0019788742065429688,1.9073486328125e-06,0.0
4128,0.0016779899597167969,1.6689300537109375e-06,2.384185791015625e-07
4129,0.0015881061553955078,1.9073486328125e-06,2.384185791015625e-07
4130,0.0018510818481445312,2.1457672119140625e-06,2.384185791015625e-07
4131,0.001748800277709961,1.6689300537109375e-06,2.384185791015625e-07
4132,0.001798868179321289,1.6689300537109375e-06,2.384185791015625e-07
4133,0.001842498779296875,1.9073486328125e-06,4.76837158203125e-07
4134,0.0017001628875732422,2.384185791015625e-06,2.384185791015625e-07
4135,0.0017857551574707031,2.1457672119140625e-06,2.384185791015625e-07
4136,0.0012335777282714844,1.9073486328125e-06,2.384185791015625e-07
4137,0.001316070556640625,1.9073486328125e-06,4.76837158203125e-07
4138,0.0016086101531982422,2.1457672119140625e-06,2.384185791015625e-07
4139,0.0013954639434814453,2.1457672119140625e-06,2.384185791015625e-07
4140,0.0015664100646972656,1.6689300537109375e-06,4.76837158203125e-07
4141,0.002004861831665039,1.9073486328125e-06,2.384185791015625e-07
4142,0.0029096603393554688,1.9073486328125e-06,2.384185791015625e-07
4143,0.0019483566284179688,2.1457672119140625e-06,4.76837158203125e-07
4144,0.002568960189819336,1.6689300537109375e-06,2.384185791015625e-07
4145,0.0026416778564453125,1.9073486328125e-06,4.76837158203125e-07
4146,0.0020101070404052734,2.1457672119140625e-06,7.152557373046875e-07
4147,0.0022552013397216797,1.6689300537109375e-06,2.384185791015625e-07
4148,0.002020597457885742,1.6689300537109375e-06,2.384185791015625e-07
4149,0.0015835762023925781,1.9073486328125e-06,2.384185791015625e-07
4150,0.0018563270568847656,1.9073486328125e-06,2.384185791015625e-07
4151,0.0020456314086914062,1.6689300537109375e-06,2.384185791015625e-07
4152,0.0017099380493164062,2.384185791015625e-06,2.384185791015625e-07
4153,0.0018627643585205078,1.9073486328125e-06,2.384185791015625e-07
4154,0.0018954277038574219,1.6689300537109375e-06,4.76837158203125e-07
4155,0.002206087112426758,1.6689300537109375e-06,2.384185791015625e-07
4156,0.0021398067474365234,1.6689300537109375e-06,2.384185791015625e-07
4157,0.0021448135375976562,1.6689300537109375e-06,2.384185791015625e-07
4158,0.001523733139038086,1.9073486328125e-06,4.76837158203125e-07
4159,0.001611948013305664,1.9073486328125e-06,7.152557373046875e-07
4160,0.0019464492797851562,1.9073486328125e-06,4.76837158203125e-07
4161,0.0019550323486328125,1.9073486328125e-06,2.384185791015625e-07
4162,0.0020754337310791016,1.9073486328125e-06,4.76837158203125e-07
4163,0.00345611572265625,2.1457672119140625e-06,4.76837158203125e-07
4164,0.0017347335815429688,2.1457672119140625e-06,2.384185791015625e-07
4165,0.002334117889404297,1.9073486328125e-06,2.384185791015625e-07
4166,0.0029141902923583984,1.9073486328125e-06,4.76837158203125e-07
4167,0.002442598342895508,1.9073486328125e-06,2.384185791015625e-07
4168,0.002329111099243164,1.9073486328125e-06,2.384185791015625e-07
4169,0.002180337905883789,1.9073486328125e-06,2.384185791015625e-07
4170,0.0020852088928222656,1.9073486328125e-06,2.384185791015625e-07
4171,0.0014150142669677734,1.9073486328125e-06,2.384185791015625e-07
4172,0.002039194107055664,2.1457672119140625e-06,4.76837158203125e-07
4173,0.0025031566619873047,2.1457672119140625e-06,2.384185791015625e-07
4174,0.0016636848449707031,2.1457672119140625e-06,2.384185791015625e-07
4175,0.0022940635681152344,1.9073486328125e-06,2.384185791015625e-07
4176,0.0020890235900878906,1.6689300537109375e-06,2.384185791015625e-07
4177,0.002695322036743164,1.6689300537109375e-06,4.76837158203125e-07
4178,0.0025985240936279297,1.6689300537109375e-06,2.384185791015625e-07
4179,0.0021677017211914062,1.9073486328125e-06,2.384185791015625e-07
4180,0.001434326171875,1.9073486328125e-06,4.76837158203125e-07
4181,0.0023190975189208984,1.6689300537109375e-06,4.76837158203125e-07
4182,0.0029418468475341797,1.6689300537109375e-06,2.384185791015625e-07
4183,0.0018537044525146484,1.6689300537109375e-06,2.384185791015625e-07
4184,0.0022096633911132812,1.9073486328125e-06,2.384185791015625e-07
4185,0.0026290416717529297,2.384185791015625e-06,2.384185791015625e-07
4186,0.0018908977508544922,2.1457672119140625e-06,4.76837158203125e-07
4187,0.0018885135650634766,1.9073486328125e-06,2.384185791015625e-07
4188,0.002043485641479492,2.1457672119140625e-06,2.384185791015625e-07
4189,0.002840757369995117,1.6689300537109375e-06,4.76837158203125e-07
4190,0.002375364303588867,1.9073486328125e-06,4.76837158203125e-07
4191,0.00254058837890625,1.430511474609375e-06,2.384185791015625e-07
4192,0.0030279159545898438,2.1457672119140625e-06,2.384185791015625e-07
4193,0.0024209022521972656,1.9073486328125e-06,4.76837158203125e-07
4194,0.0029296875,1.9073486328125e-06,4.76837158203125e-07
4195,0.0023686885833740234,1.9073486328125e-06,2.384185791015625e-07
4196,0.0022568702697753906,2.1457672119140625e-06,2.384185791015625e-07
4197,0.002475261688232422,1.9073486328125e-06,2.384185791015625e-07
4198,0.0030889511108398438,2.1457672119140625e-06,2.384185791015625e-07
4199,0.0026192665100097656,1.9073486328125e-06,4.76837158203125e-07
4200,0.0018239021301269531,1.9073486328125e-06,2.384185791015625e-07
4201,0.002373933792114258,2.384185791015625e-06,9.5367431640625e-07
4202,0.0023682117462158203,1.9073486328125e-06,2.384185791015625e-07
4203,0.0024983882904052734,1.9073486328125e-06,2.384185791015625e-07
4204,0.0031785964965820312,1.9073486328125e-06,4.76837158203125e-07
4205,0.002826213836669922,2.1457672119140625e-06,2.384185791015625e-07
4206,0.0025720596313476562,1.9073486328125e-06,2.384185791015625e-07
4207,0.0029306411743164062,1.9073486328125e-06,4.76837158203125e-07
4208,0.0023794174194335938,1.9073486328125e-06,2.384185791015625e-07
4209,0.0023632049560546875,2.1457672119140625e-06,2.384185791015625e-07
4210,0.002772808074951172,2.1457672119140625e-06,2.384185791015625e-07
4211,0.0021941661834716797,2.1457672119140625e-06,2.384185791015625e-07
4212,0.002100229263305664,2.1457672119140625e-06,2.384185791015625e-07
4213,0.002768278121948242,1.9073486328125e-06,2.384185791015625e-07
4214,0.0021200180053710938,1.9073486328125e-06,2.384185791015625e-07
4215,0.002477884292602539,2.1457672119140625e-06,2.384185791015625e-07
4216,0.0019676685333251953,1.6689300537109375e-06,4.76837158203125e-07
4217,0.001959085464477539,2.1457672119140625e-06,4.76837158203125e-07
4218,0.0027875900268554688,1.9073486328125e-06,4.76837158203125e-07
4219,0.0022118091583251953,1.9073486328125e-06,2.384185791015625e-07
4220,0.001760244369506836,1.430511474609375e-06,2.384185791015625e-07
4221,0.0027341842651367188,1.6689300537109375e-06,2.384185791015625e-07
4222,0.0019207000732421875,1.430511474609375e-06,2.384185791015625e-07
4223,0.0023529529571533203,1.9073486328125e-06,2.384185791015625e-07
4224,0.002177000045776367,1.6689300537109375e-06,2.384185791015625e-07
4225,0.002463102340698242,1.9073486328125e-06,2.384185791015625e-07
4226,0.0021276473999023438,1.6689300537109375e-06,2.384185791015625e-07
4227,0.0030028820037841797,2.1457672119140625e-06,2.384185791015625e-07
4228,0.0016052722930908203,1.6689300537109375e-06,2.384185791015625e-07
4229,0.0027692317962646484,1.6689300537109375e-06,2.384185791015625e-07
4230,0.002351522445678711,1.6689300537109375e-06,4.76837158203125e-07
4231,0.0021772384643554688,1.9073486328125e-06,2.384185791015625e-07
4232,0.003047466278076172,2.1457672119140625e-06,2.384185791015625e-07
4233,0.0023374557495117188,1.9073486328125e-06,7.152557373046875e-07
4234,0.002722024917602539,2.384185791015625e-06,2.384185791015625e-07
4235,0.0024232864379882812,1.9073486328125e-06,4.76837158203125e-07
4236,0.0026671886444091797,1.9073486328125e-06,7.152557373046875e-07
4237,0.002796173095703125,1.9073486328125e-06,4.76837158203125e-07
4238,0.0031447410583496094,1.6689300537109375e-06,2.384185791015625e-07
4239,0.00262451171875,1.6689300537109375e-06,2.384185791015625e-07
4240,0.0024139881134033203,1.9073486328125e-06,4.76837158203125e-07
4241,0.0026557445526123047,1.6689300537109375e-06,2.384185791015625e-07
4242,0.002827167510986328,1.6689300537109375e-06,2.384185791015625e-07
4243,0.0022182464599609375,1.6689300537109375e-06,2.384185791015625e-07
4244,0.002889394760131836,1.6689300537109375e-06,2.384185791015625e-07
4245,0.002327442169189453,1.9073486328125e-06,7.152557373046875e-07
4246,0.002469301223754883,1.9073486328125e-06,2.384185791015625e-07
4247,0.0027501583099365234,2.384185791015625e-06,2.384185791015625e-07
4248,0.0018229484558105469,1.6689300537109375e-06,2.384185791015625e-07
4249,0.0028891563415527344,1.6689300537109375e-06,2.384185791015625e-07
4250,0.00189971923828125,1.9073486328125e-06,2.384185791015625e-07
4251,0.002720355987548828,1.6689300537109375e-06,2.384185791015625e-07
4252,0.002279996871948242,1.6689300537109375e-06,2.384185791015625e-07
4253,0.00240325927734375,1.6689300537109375e-06,2.384185791015625e-07
4254,0.0026712417602539062,1.9073486328125e-06,2.384185791015625e-07
4255,0.002540111541748047,1.6689300537109375e-06,2.384185791015625e-07
4256,0.002223491668701172,1.430511474609375e-06,2.384185791015625e-07
4257,0.0025506019592285156,1.6689300537109375e-06,2.384185791015625e-07
4258,0.0025823116302490234,1.6689300537109375e-06,2.384185791015625e-07
4259,0.0020935535430908203,1.6689300537109375e-06,4.76837158203125e-07
4260,0.0025887489318847656,1.9073486328125e-06,2.384185791015625e-07
4261,0.0025892257690429688,1.9073486328125e-06,2.384185791015625e-07
4262,0.0027141571044921875,1.9073486328125e-06,2.384185791015625e-07
4263,0.00209808349609375,1.6689300537109375e-06,4.76837158203125e-07
4264,0.002780437469482422,1.9073486328125e-06,7.152557373046875e-07
4265,0.0032091140747070312,1.6689300537109375e-06,2.384185791015625e-07
4266,0.002603292465209961,1.6689300537109375e-06,4.76837158203125e-07
4267,0.002393960952758789,1.9073486328125e-06,2.384185791015625e-07
4268,0.00249481201171875,2.1457672119140625e-06,4.76837158203125e-07
4269,0.0024340152740478516,1.6689300537109375e-06,4.76837158203125e-07
4270,0.001901388168334961,1.6689300537109375e-06,2.384185791015625e-07
4271,0.002830982208251953,1.6689300537109375e-06,2.384185791015625e-07
4272,0.0017766952514648438,1.6689300537109375e-06,4.76837158203125e-07
4273,0.0026085376739501953,1.6689300537109375e-06,2.384185791015625e-07
4274,0.0028166770935058594,1.9073486328125e-06,2.384185791015625e-07
4275,0.002427816390991211,1.6689300537109375e-06,2.384185791015625e-07
4276,0.0029659271240234375,2.1457672119140625e-06,4.76837158203125e-07
4277,0.0021767616271972656,2.1457672119140625e-06,2.384185791015625e-07
4278,0.0026001930236816406,1.9073486328125e-06,2.384185791015625e-07
4279,0.002485036849975586,1.9073486328125e-06,2.384185791015625e-07
4280,0.002933025360107422,1.9073486328125e-06,4.76837158203125e-07
4281,0.002087116241455078,1.9073486328125e-06,2.384185791015625e-07
4282,0.0028319358825683594,2.1457672119140625e-06,2.384185791015625e-07
4283,0.002861499786376953,1.9073486328125e-06,2.384185791015625e-07
4284,0.001985311508178711,1.9073486328125e-06,2.384185791015625e-07
4285,0.0023889541625976562,1.9073486328125e-06,2.384185791015625e-07
4286,0.002010822296142578,1.9073486328125e-06,4.76837158203125e-07
4287,0.0023164749145507812,1.6689300537109375e-06,2.384185791015625e-07
4288,0.003253936767578125,2.384185791015625e-06,2.384185791015625e-07
4289,0.0029108524322509766,1.9073486328125e-06,2.384185791015625e-07
4290,0.0026972293853759766,2.1457672119140625e-06,2.384185791015625e-07
4291,0.0019130706787109375,1.9073486328125e-06,2.384185791015625e-07
4292,0.002080202102661133,1.6689300537109375e-06,2.384185791015625e-07
4293,0.0023584365844726562,2.1457672119140625e-06,2.384185791015625e-07
4294,0.0026569366455078125,1.6689300537109375e-06,4.76837158203125e-07
4295,0.0027387142181396484,1.9073486328125e-06,2.384185791015625e-07
4296,0.002628803253173828,1.9073486328125e-06,4.76837158203125e-07
4297,0.002221345901489258,1.9073486328125e-06,2.384185791015625e-07
4298,0.002699136734008789,1.9073486328125e-06,4.76837158203125e-07
4299,0.0028944015502929688,1.9073486328125e-06,2.384185791015625e-07
4300,0.0024673938751220703,1.9073486328125e-06,2.384185791015625e-07
4301,0.0028123855590820312,1.9073486328125e-06,2.384185791015625e-07
4302,0.0022165775299072266,1.6689300537109375e-06,2.384185791015625e-07
4303,0.0029871463775634766,1.6689300537109375e-06,4.76837158203125e-07
4304,0.0021147727966308594,1.6689300537109375e-06,2.384185791015625e-07
4305,0.001912832260131836,1.6689300537109375e-06,2.384185791015625e-07
4306,0.0024983882904052734,2.1457672119140625e-06,2.384185791015625e-07
4307,0.0024907588958740234,1.9073486328125e-06,2.384185791015625e-07
4308,0.002353668212890625,2.1457672119140625e-06,2.384185791015625e-07
4309,0.00279998779296875,2.1457672119140625e-06,2.384185791015625e-07
4310,0.0027806758880615234,1.9073486328125e-06,2.384185791015625e-07
4311,0.002868175506591797,1.9073486328125e-06,2.384185791015625e-07
4312,0.0028486251831054688,2.1457672119140625e-06,2.384185791015625e-07
4313,0.0022077560424804688,2.1457672119140625e-06,2.384185791015625e-07
4314,0.0025920867919921875,1.9073486328125e-06,2.384185791015625e-07
4315,0.002923727035522461,1.9073486328125e-06,4.76837158203125e-07
4316,0.0020651817321777344,1.9073486328125e-06,2.384185791015625e-07
4317,0.0022013187408447266,2.1457672119140625e-06,2.384185791015625e-07
4318,0.002498626708984375,1.9073486328125e-06,4.76837158203125e-07
4319,0.0023965835571289062,1.9073486328125e-06,2.384185791015625e-07
4320,0.0028281211853027344,1.9073486328125e-06,2.384185791015625e-07
4321,0.0032279491424560547,1.9073486328125e-06,2.384185791015625e-07
4322,0.0028481483459472656,2.1457672119140625e-06,2.384185791015625e-07
4323,0.0027480125427246094,2.1457672119140625e-06,2.384185791015625e-07
4324,0.0025968551635742188,1.9073486328125e-06,2.384185791015625e-07
4325,0.0030870437622070312,1.6689300537109375e-06,4.76837158203125e-07
4326,0.0021080970764160156,1.9073486328125e-06,2.384185791015625e-07
4327,0.0031638145446777344,1.9073486328125e-06,2.384185791015625e-07
4328,0.030733823776245117,2.1457672119140625e-06,2.384185791015625e-07
4329,0.002368927001953125,1.9073486328125e-06,2.384185791015625e-07
4330,0.0025725364685058594,2.1457672119140625e-06,4.76837158203125e-07
4331,0.0025153160095214844,1.6689300537109375e-06,2.384185791015625e-07
4332,0.003261089324951172,1.9073486328125e-06,2.384185791015625e-07
4333,0.002433300018310547,1.6689300537109375e-06,4.76837158203125e-07
4334,0.0025482177734375,1.6689300537109375e-06,2.384185791015625e-07
4335,0.0021827220916748047,1.6689300537109375e-06,4.76837158203125e-07
4336,0.0023756027221679688,1.9073486328125e-06,2.384185791015625e-07
4337,0.002093076705932617,1.9073486328125e-06,2.384185791015625e-07
4338,0.0023887157440185547,1.9073486328125e-06,2.384185791015625e-07
4339,0.001986265182495117,1.6689300537109375e-06,2.384185791015625e-07
4340,0.002297639846801758,1.6689300537109375e-06,2.384185791015625e-07
4341,0.0027685165405273438,1.6689300537109375e-06,2.384185791015625e-07
4342,0.0024602413177490234,1.9073486328125e-06,2.384185791015625e-07
4343,0.0023887157440185547,1.9073486328125e-06,2.384185791015625e-07
4344,0.0022683143615722656,1.6689300537109375e-06,2.384185791015625e-07
4345,0.0024716854095458984,1.9073486328125e-06,2.384185791015625e-07
4346,0.0025403499603271484,1.9073486328125e-06,2.384185791015625e-07
4347,0.0019910335540771484,1.9073486328125e-06,2.384185791015625e-07
4348,0.0020461082458496094,2.1457672119140625e-06,2.384185791015625e-07
4349,0.0020830631256103516,1.9073486328125e-06,4.76837158203125e-07
4350,0.002141237258911133,1.9073486328125e-06,4.76837158203125e-07
4351,0.002295970916748047,1.9073486328125e-06,4.76837158203125e-07
4352,0.0024881362915039062,1.6689300537109375e-06,2.384185791015625e-07
4353,0.002507448196411133,1.9073486328125e-06,2.384185791015625e-07
4354,0.0025844573974609375,2.1457672119140625e-06,2.384185791015625e-07
4355,0.0028023719787597656,1.430511474609375e-06,2.384185791015625e-07
4356,0.0019159317016601562,1.6689300537109375e-06,2.384185791015625e-07
4357,0.003378152847290039,2.1457672119140625e-06,2.384185791015625e-07
4358,0.002477407455444336,1.9073486328125e-06,7.152557373046875e-07
4359,0.0022516250610351562,2.384185791015625e-06,4.76837158203125e-07
4360,0.0020453929901123047,1.6689300537109375e-06,4.76837158203125e-07
4361,0.002516031265258789,1.9073486328125e-06,2.384185791015625e-07
4362,0.0028777122497558594,1.9073486328125e-06,4.76837158203125e-07
4363,0.002416849136352539,2.1457672119140625e-06,2.384185791015625e-07
4364,0.0024442672729492188,1.9073486328125e-06,2.384185791015625e-07
4365,0.0020868778228759766,1.9073486328125e-06,4.76837158203125e-07
4366,0.0021855831146240234,2.1457672119140625e-06,2.384185791015625e-07
4367,0.0024394989013671875,1.9073486328125e-06,2.384185791015625e-07
4368,0.0023355484008789062,2.1457672119140625e-06,2.384185791015625e-07
4369,0.0021295547485351562,1.9073486328125e-06,2.384185791015625e-07
4370,0.00249481201171875,2.384185791015625e-06,2.384185791015625e-07
4371,0.0024971961975097656,1.9073486328125e-06,2.384185791015625e-07
4372,0.0029065608978271484,1.9073486328125e-06,2.384185791015625e-07
4373,0.0026984214782714844,1.9073486328125e-06,2.384185791015625e-07
4374,0.002346038818359375,1.9073486328125e-06,2.384185791015625e-07
4375,0.002305746078491211,2.1457672119140625e-06,2.384185791015625e-07
4376,0.0021903514862060547,1.9073486328125e-06,2.384185791015625e-07
4377,0.002015352249145508,2.1457672119140625e-06,4.76837158203125e-07
4378,0.0028030872344970703,1.9073486328125e-06,2.384185791015625e-07
4379,0.0026810169219970703,2.384185791015625e-06,2.384185791015625e-07
4380,0.0024657249450683594,2.384185791015625e-06,2.384185791015625e-07
4381,0.002248048782348633,2.1457672119140625e-06,2.384185791015625e-07
4382,0.0026891231536865234,2.1457672119140625e-06,4.76837158203125e-07
4383,0.0018286705017089844,1.6689300537109375e-06,2.384185791015625e-07
4384,0.0019404888153076172,1.9073486328125e-06,2.384185791015625e-07
4385,0.002128124237060547,2.384185791015625e-06,2.384185791015625e-07
4386,0.0022907257080078125,1.6689300537109375e-06,2.384185791015625e-07
4387,0.0022351741790771484,2.1457672119140625e-06,2.384185791015625e-07
4388,0.002475261688232422,2.1457672119140625e-06,2.384185791015625e-07
4389,0.002232074737548828,2.1457672119140625e-06,2.384185791015625e-07
4390,0.0020983219146728516,2.1457672119140625e-06,2.384185791015625e-07
4391,0.0026099681854248047,1.9073486328125e-06,4.76837158203125e-07
4392,0.002040386199951172,2.384185791015625e-06,2.384185791015625e-07
4393,0.0025022029876708984,1.9073486328125e-06,4.76837158203125e-07
4394,0.00235748291015625,1.9073486328125e-06,4.76837158203125e-07
4395,0.0023174285888671875,1.9073486328125e-06,2.384185791015625e-07
4396,0.001905679702758789,1.9073486328125e-06,2.384185791015625e-07
4397,0.0027549266815185547,2.1457672119140625e-06,2.384185791015625e-07
4398,0.002260923385620117,2.384185791015625e-06,4.76837158203125e-07
4399,0.002433300018310547,1.9073486328125e-06,2.384185791015625e-07
4400,0.0023145675659179688,1.9073486328125e-06,2.384185791015625e-07
4401,0.001961946487426758,1.6689300537109375e-06,2.384185791015625e-07
4402,0.002526998519897461,1.9073486328125e-06,2.384185791015625e-07
4403,0.0020995140075683594,1.9073486328125e-06,2.384185791015625e-07
4404,0.0012400150299072266,2.1457672119140625e-06,2.384185791015625e-07
4405,0.002409696578979492,2.1457672119140625e-06,2.384185791015625e-07
4406,0.0019168853759765625,1.9073486328125e-06,2.384185791015625e-07
4407,0.0024445056915283203,1.6689300537109375e-06,9.5367431640625e-07
4408,0.0019598007202148438,1.9073486328125e-06,2.384185791015625e-07
4409,0.002250194549560547,1.9073486328125e-06,2.384185791015625e-07
4410,0.0020661354064941406,1.9073486328125e-06,2.384185791015625e-07
4411,0.002470731735229492,2.1457672119140625e-06,4.76837158203125e-07
4412,0.002201557159423828,1.9073486328125e-06,2.384185791015625e-07
4413,0.002595663070678711,1.9073486328125e-06,4.76837158203125e-07
4414,0.0024552345275878906,1.9073486328125e-06,2.384185791015625e-07
4415,0.0021088123321533203,2.384185791015625e-06,2.384185791015625e-07
4416,0.0016875267028808594,1.9073486328125e-06,4.76837158203125e-07
4417,0.003249645233154297,1.6689300537109375e-06,4.76837158203125e-07
4418,0.0021402835845947266,1.6689300537109375e-06,4.76837158203125e-07
4419,0.002825021743774414,2.1457672119140625e-06,2.384185791015625e-07
4420,0.0025599002838134766,2.384185791015625e-06,4.76837158203125e-07
4421,0.0024785995483398438,1.9073486328125e-06,2.384185791015625e-07
4422,0.0022051334381103516,1.9073486328125e-06,2.384185791015625e-07
4423,0.00176239013671875,1.9073486328125e-06,2.384185791015625e-07
4424,0.002828359603881836,2.1457672119140625e-06,2.384185791015625e-07
4425,0.0021190643310546875,1.9073486328125e-06,2.384185791015625e-07
4426,0.0022857189178466797,1.9073486328125e-06,2.384185791015625e-07
4427,0.002349853515625,1.9073486328125e-06,2.384185791015625e-07
4428,0.0021588802337646484,2.1457672119140625e-06,2.384185791015625e-07
4429,0.0025348663330078125,1.9073486328125e-06,2.384185791015625e-07
4430,0.0026540756225585938,1.6689300537109375e-06,4.76837158203125e-07
4431,0.002604246139526367,1.9073486328125e-06,4.76837158203125e-07
4432,0.0027534961700439453,1.9073486328125e-06,4.76837158203125e-07
4433,0.0028235912322998047,1.6689300537109375e-06,2.384185791015625e-07
4434,0.0019497871398925781,1.9073486328125e-06,2.384185791015625e-07
4435,0.0030694007873535156,2.384185791015625e-06,2.384185791015625e-07
4436,0.0031464099884033203,1.9073486328125e-06,2.384185791015625e-07
4437,0.0021250247955322266,1.9073486328125e-06,2.384185791015625e-07
4438,0.0021333694458007812,1.9073486328125e-06,2.384185791015625e-07
4439,0.00238800048828125,1.9073486328125e-06,7.152557373046875e-07
4440,0.0030717849731445312,1.9073486328125e-06,4.76837158203125e-07
4441,0.002620220184326172,1.9073486328125e-06,4.76837158203125e-07
4442,0.0018761157989501953,2.6226043701171875e-06,2.384185791015625e-07
4443,0.004207611083984375,1.6689300537109375e-06,2.384185791015625e-07
4444,0.0027854442596435547,1.6689300537109375e-06,2.384185791015625e-07
4445,0.002083301544189453,2.1457672119140625e-06,4.76837158203125e-07
4446,0.002495288848876953,2.1457672119140625e-06,2.384185791015625e-07
4447,0.00254058837890625,1.6689300537109375e-06,2.384185791015625e-07
4448,0.002122640609741211,2.1457672119140625e-06,2.384185791015625e-07
4449,0.002595186233520508,1.6689300537109375e-06,2.384185791015625e-07
4450,0.0024907588958740234,1.6689300537109375e-06,2.384185791015625e-07
4451,0.0027735233306884766,1.6689300537109375e-06,2.384185791015625e-07
4452,0.0025148391723632812,1.6689300537109375e-06,2.384185791015625e-07
4453,0.0026068687438964844,2.1457672119140625e-06,4.76837158203125e-07
4454,0.002858877182006836,1.6689300537109375e-06,4.76837158203125e-07
4455,0.002028942108154297,1.6689300537109375e-06,2.384185791015625e-07
4456,0.0018470287322998047,1.6689300537109375e-06,4.76837158203125e-07
4457,0.0026824474334716797,1.6689300537109375e-06,4.76837158203125e-07
4458,0.002602100372314453,1.6689300537109375e-06,2.384185791015625e-07
4459,0.0022542476654052734,1.9073486328125e-06,2.384185791015625e-07
4460,0.002666473388671875,1.9073486328125e-06,2.384185791015625e-07
4461,0.0026865005493164062,1.6689300537109375e-06,2.384185791015625e-07
4462,0.002657651901245117,1.9073486328125e-06,2.384185791015625e-07
4463,0.0023932456970214844,2.1457672119140625e-06,2.384185791015625e-07
4464,0.0021734237670898438,2.1457672119140625e-06,4.76837158203125e-07
4465,0.002844572067260742,1.9073486328125e-06,4.76837158203125e-07
4466,0.0029015541076660156,1.9073486328125e-06,2.384185791015625e-07
4467,0.0030558109283447266,1.9073486328125e-06,2.384185791015625e-07
4468,0.002483844757080078,1.9073486328125e-06,2.384185791015625e-07
4469,0.0027513504028320312,1.6689300537109375e-06,4.76837158203125e-07
4470,0.002308368682861328,1.6689300537109375e-06,2.384185791015625e-07
4471,0.00292205810546875,1.6689300537109375e-06,2.384185791015625e-07
4472,0.0024929046630859375,1.9073486328125e-06,2.384185791015625e-07
4473,0.0019731521606445312,1.6689300537109375e-06,2.384185791015625e-07
4474,0.0027713775634765625,1.9073486328125e-06,2.384185791015625e-07
4475,0.002424478530883789,1.9073486328125e-06,2.384185791015625e-07
4476,0.0019884109497070312,2.1457672119140625e-06,2.384185791015625e-07
4477,0.0023651123046875,1.9073486328125e-06,2.384185791015625e-07
4478,0.0022537708282470703,1.9073486328125e-06,9.5367431640625e-07
4479,0.0026509761810302734,1.9073486328125e-06,2.384185791015625e-07
4480,0.0026769638061523438,2.1457672119140625e-06,4.76837158203125e-07
4481,0.0026547908782958984,1.9073486328125e-06,2.384185791015625e-07
4482,0.0029404163360595703,2.1457672119140625e-06,7.152557373046875e-07
4483,0.003117084503173828,1.9073486328125e-06,2.384185791015625e-07
4484,0.002226114273071289,2.1457672119140625e-06,2.384185791015625e-07
4485,0.0025093555450439453,1.9073486328125e-06,2.384185791015625e-07
4486,0.0021228790283203125,1.9073486328125e-06,2.384185791015625e-07
4487,0.002424478530883789,1.6689300537109375e-06,4.76837158203125e-07
4488,0.0021827220916748047,1.6689300537109375e-06,4.76837158203125e-07
4489,0.002132415771484375,1.6689300537109375e-06,4.76837158203125e-07
4490,0.002160787582397461,1.9073486328125e-06,2.384185791015625e-07
4491,0.0025720596313476562,2.384185791015625e-06,2.384185791015625e-07
4492,0.00232696533203125,1.9073486328125e-06,2.384185791015625e-07
4493,0.0025968551635742188,1.9073486328125e-06,2.384185791015625e-07
4494,0.002587556838989258,2.384185791015625e-06,2.384185791015625e-07
4495,0.0025739669799804688,1.9073486328125e-06,4.76837158203125e-07
4496,0.002287626266479492,2.1457672119140625e-06,2.384185791015625e-07
4497,0.002640247344970703,1.9073486328125e-06,2.384185791015625e-07
4498,0.0020852088928222656,2.1457672119140625e-06,2.384185791015625e-07
4499,0.002393007278442383,1.9073486328125e-06,4.76837158203125e-07
4500,0.002105236053466797,1.6689300537109375e-06,4.76837158203125e-07
4501,0.0021157264709472656,1.9073486328125e-06,2.384185791015625e-07
4502,0.002654552459716797,1.9073486328125e-06,2.384185791015625e-07
4503,0.002572774887084961,1.9073486328125e-06,2.384185791015625e-07
4504,0.0026671886444091797,1.430511474609375e-06,2.384185791015625e-07
4505,0.0020971298217773438,2.384185791015625e-06,2.384185791015625e-07
4506,0.002264738082885742,1.9073486328125e-06,4.76837158203125e-07
4507,0.002364635467529297,2.1457672119140625e-06,4.76837158203125e-07
4508,0.0018458366394042969,2.1457672119140625e-06,2.384185791015625e-07
4509,0.0023131370544433594,2.1457672119140625e-06,2.384185791015625e-07
4510,0.003044605255126953,1.9073486328125e-06,7.152557373046875e-07
4511,0.0022535324096679688,2.1457672119140625e-06,2.384185791015625e-07
4512,0.0028438568115234375,2.1457672119140625e-06,2.384185791015625e-07
4513,0.0021038055419921875,1.9073486328125e-06,2.384185791015625e-07
4514,0.002876758575439453,1.9073486328125e-06,4.76837158203125e-07
4515,0.0025014877319335938,2.384185791015625e-06,4.76837158203125e-07
4516,0.0024461746215820312,1.9073486328125e-06,2.384185791015625e-07
4517,0.002737760543823242,1.9073486328125e-06,4.76837158203125e-07
4518,0.0026073455810546875,1.6689300537109375e-06,4.76837158203125e-07
4519,0.0026330947875976562,1.6689300537109375e-06,2.384185791015625e-07
4520,0.0026803016662597656,1.6689300537109375e-06,4.76837158203125e-07
4521,0.0016264915466308594,1.9073486328125e-06,4.76837158203125e-07
4522,0.0024302005767822266,1.9073486328125e-06,4.76837158203125e-07
4523,0.0024595260620117188,1.9073486328125e-06,4.76837158203125e-07
4524,0.0018677711486816406,1.9073486328125e-06,2.384185791015625e-07
4525,0.0026094913482666016,2.384185791015625e-06,2.384185791015625e-07
4526,0.003078937530517578,2.1457672119140625e-06,2.384185791015625e-07
4527,0.002418041229248047,2.1457672119140625e-06,2.384185791015625e-07
4528,0.0020492076873779297,2.1457672119140625e-06,4.76837158203125e-07
4529,0.0019795894622802734,1.6689300537109375e-06,2.384185791015625e-07
4530,0.0037186145782470703,2.384185791015625e-06,2.384185791015625e-07
4531,0.0027811527252197266,1.9073486328125e-06,2.384185791015625e-07
4532,0.002877473831176758,1.6689300537109375e-06,7.152557373046875e-07
4533,0.0018951892852783203,2.1457672119140625e-06,2.384185791015625e-07
4534,0.0021119117736816406,2.384185791015625e-06,2.384185791015625e-07
4535,0.0012590885162353516,1.9073486328125e-06,2.384185791015625e-07
4536,0.0023527145385742188,2.1457672119140625e-06,2.384185791015625e-07
4537,0.002604961395263672,2.1457672119140625e-06,7.152557373046875e-07
4538,0.0023462772369384766,2.1457672119140625e-06,4.76837158203125e-07
4539,0.0024712085723876953,2.1457672119140625e-06,4.76837158203125e-07
4540,0.0018215179443359375,1.9073486328125e-06,2.384185791015625e-07
4541,0.002445220947265625,1.6689300537109375e-06,2.384185791015625e-07
4542,0.002796649932861328,1.9073486328125e-06,7.152557373046875e-07
4543,0.002335071563720703,1.6689300537109375e-06,2.384185791015625e-07
4544,0.0020704269409179688,1.9073486328125e-06,2.384185791015625e-07
4545,0.0025734901428222656,1.6689300537109375e-06,2.384185791015625e-07
4546,0.002173185348510742,1.9073486328125e-06,7.152557373046875e-07
4547,0.0016951560974121094,1.9073486328125e-06,4.76837158203125e-07
4548,0.003451824188232422,1.9073486328125e-06,2.384185791015625e-07
4549,0.002590656280517578,2.1457672119140625e-06,4.76837158203125e-07
4550,0.0021343231201171875,1.6689300537109375e-06,2.384185791015625e-07
4551,0.002320528030395508,1.6689300537109375e-06,2.384185791015625e-07
4552,0.0026197433471679688,1.6689300537109375e-06,2.384185791015625e-07
4553,0.0026314258575439453,1.6689300537109375e-06,2.384185791015625e-07
4554,0.0025453567504882812,1.9073486328125e-06,2.384185791015625e-07
4555,0.0020601749420166016,2.384185791015625e-06,2.384185791015625e-07
4556,0.002540111541748047,2.1457672119140625e-06,2.384185791015625e-07
4557,0.0017087459564208984,2.6226043701171875e-06,2.384185791015625e-07
4558,0.002429485321044922,1.9073486328125e-06,2.384185791015625e-07
4559,0.0020623207092285156,1.6689300537109375e-06,2.384185791015625e-07
4560,0.0027015209197998047,1.9073486328125e-06,4.76837158203125e-07
4561,0.0024182796478271484,1.9073486328125e-06,2.384185791015625e-07
4562,0.0021560192108154297,1.6689300537109375e-06,2.384185791015625e-07
4563,0.00267791748046875,2.1457672119140625e-06,2.384185791015625e-07
4564,0.002744436264038086,2.1457672119140625e-06,2.384185791015625e-07
4565,0.0027599334716796875,2.1457672119140625e-06,2.384185791015625e-07
4566,0.0022215843200683594,2.1457672119140625e-06,2.384185791015625e-07
4567,0.0026426315307617188,1.9073486328125e-06,2.384185791015625e-07
4568,0.0025184154510498047,2.1457672119140625e-06,2.384185791015625e-07
4569,0.002605915069580078,1.9073486328125e-06,2.384185791015625e-07
4570,0.002454042434692383,1.9073486328125e-06,2.384185791015625e-07
4571,0.0020940303802490234,1.9073486328125e-06,2.384185791015625e-07
4572,0.002645730972290039,1.9073486328125e-06,2.384185791015625e-07
4573,0.002817392349243164,1.6689300537109375e-06,2.384185791015625e-07
4574,0.002585172653198242,1.6689300537109375e-06,2.384185791015625e-07
4575,0.0025060176849365234,2.1457672119140625e-06,4.76837158203125e-07
4576,0.00250244140625,2.1457672119140625e-06,2.384185791015625e-07
4577,0.002588987350463867,1.6689300537109375e-06,2.384185791015625e-07
4578,0.0022172927856445312,2.1457672119140625e-06,4.76837158203125e-07
4579,0.0023779869079589844,1.9073486328125e-06,2.384185791015625e-07
4580,0.002382040023803711,1.9073486328125e-06,2.384185791015625e-07
4581,0.0022287368774414062,1.9073486328125e-06,2.384185791015625e-07
4582,0.0024819374084472656,1.9073486328125e-06,4.76837158203125e-07
4583,0.001934051513671875,2.1457672119140625e-06,4.76837158203125e-07
4584,0.002694845199584961,2.1457672119140625e-06,2.384185791015625e-07
4585,0.0026352405548095703,1.9073486328125e-06,2.384185791015625e-07
4586,0.0017991065979003906,2.1457672119140625e-06,2.384185791015625e-07
4587,0.002368927001953125,1.9073486328125e-06,2.384185791015625e-07
4588,0.0026023387908935547,1.9073486328125e-06,2.384185791015625e-07
4589,0.0024831295013427734,2.1457672119140625e-06,4.76837158203125e-07
4590,0.002498149871826172,2.384185791015625e-06,2.384185791015625e-07
4591,0.0020835399627685547,1.6689300537109375e-06,4.76837158203125e-07
4592,0.0022106170654296875,1.9073486328125e-06,2.384185791015625e-07
4593,0.0018868446350097656,1.9073486328125e-06,7.152557373046875e-07
4594,0.0016934871673583984,2.1457672119140625e-06,2.384185791015625e-07
4595,0.002285003662109375,2.1457672119140625e-06,2.384185791015625e-07
4596,0.002320528030395508,2.1457672119140625e-06,2.384185791015625e-07
4597,0.0019392967224121094,2.384185791015625e-06,2.384185791015625e-07
4598,0.0026879310607910156,1.9073486328125e-06,2.384185791015625e-07
4599,0.0024917125701904297,1.6689300537109375e-06,2.384185791015625e-07
4600,0.0017170906066894531,1.6689300537109375e-06,2.384185791015625e-07
4601,0.0022089481353759766,1.6689300537109375e-06,2.384185791015625e-07
4602,0.0022308826446533203,1.6689300537109375e-06,2.384185791015625e-07
4603,0.001994609832763672,1.9073486328125e-06,2.384185791015625e-07
4604,0.0021746158599853516,2.1457672119140625e-06,4.76837158203125e-07
4605,0.0024979114532470703,2.1457672119140625e-06,2.384185791015625e-07
4606,0.0018274784088134766,1.9073486328125e-06,2.384185791015625e-07
4607,0.0020170211791992188,2.1457672119140625e-06,4.76837158203125e-07
4608,0.003291606903076172,2.1457672119140625e-06,2.384185791015625e-07
4609,0.0024976730346679688,2.1457672119140625e-06,2.384185791015625e-07
4610,0.0022258758544921875,2.1457672119140625e-06,2.384185791015625e-07
4611,0.0023169517517089844,1.9073486328125e-06,2.384185791015625e-07
4612,0.0028192996978759766,1.6689300537109375e-06,2.384185791015625e-07
4613,0.0024611949920654297,2.1457672119140625e-06,7.152557373046875e-07
4614,0.0019309520721435547,2.384185791015625e-06,2.384185791015625e-07
4615,0.0021305084228515625,2.1457672119140625e-06,4.76837158203125e-07
4616,0.0016248226165771484,2.1457672119140625e-06,9.5367431640625e-07
4617,0.0024144649505615234,1.9073486328125e-06,2.384185791015625e-07
4618,0.001898050308227539,2.1457672119140625e-06,4.76837158203125e-07
4619,0.001786947250366211,1.6689300537109375e-06,2.384185791015625e-07
4620,0.002167224884033203,1.9073486328125e-06,2.384185791015625e-07
4621,0.0018558502197265625,2.1457672119140625e-06,2.384185791015625e-07
4622,0.0022096633911132812,1.6689300537109375e-06,2.384185791015625e-07
4623,0.002656698226928711,1.9073486328125e-06,2.384185791015625e-07
4624,0.002523660659790039,1.9073486328125e-06,2.384185791015625e-07
4625,0.0020532608032226562,1.6689300537109375e-06,2.384185791015625e-07
4626,0.0023345947265625,2.6226043701171875e-06,2.384185791015625e-07
4627,0.0017049312591552734,1.9073486328125e-06,2.384185791015625e-07
4628,0.0015287399291992188,2.1457672119140625e-06,4.76837158203125e-07
4629,0.0012254714965820312,2.1457672119140625e-06,7.152557373046875e-07
4630,0.0025031566619873047,2.1457672119140625e-06,2.384185791015625e-07
4631,0.0017805099487304688,1.6689300537109375e-06,2.384185791015625e-07
4632,0.002357959747314453,1.6689300537109375e-06,2.384185791015625e-07
4633,0.0020418167114257812,1.9073486328125e-06,4.76837158203125e-07
4634,0.002399921417236328,1.6689300537109375e-06,2.384185791015625e-07
4635,0.0023949146270751953,1.9073486328125e-06,4.76837158203125e-07
4636,0.002017974853515625,1.6689300537109375e-06,2.384185791015625e-07
4637,0.0014295578002929688,1.6689300537109375e-06,2.384185791015625e-07
4638,0.0024132728576660156,1.9073486328125e-06,2.384185791015625e-07
4639,0.0019450187683105469,1.6689300537109375e-06,2.384185791015625e-07
4640,0.0023789405822753906,1.9073486328125e-06,2.384185791015625e-07
4641,0.002577543258666992,2.6226043701171875e-06,2.384185791015625e-07
4642,0.002451181411743164,1.9073486328125e-06,2.384185791015625e-07
4643,0.0022809505462646484,2.1457672119140625e-06,2.384185791015625e-07
4644,0.001728057861328125,1.6689300537109375e-06,2.384185791015625e-07
4645,0.002026796340942383,1.9073486328125e-06,2.384185791015625e-07
4646,0.002381563186645508,1.9073486328125e-06,4.76837158203125e-07
4647,0.002053976058959961,2.1457672119140625e-06,2.384185791015625e-07
4648,0.0023393630981445312,2.1457672119140625e-06,2.384185791015625e-07
4649,0.0022764205932617188,2.384185791015625e-06,2.384185791015625e-07
4650,0.002545595169067383,1.9073486328125e-06,4.76837158203125e-07
4651,0.002141714096069336,2.384185791015625e-06,2.384185791015625e-07
4652,0.0024156570434570312,2.1457672119140625e-06,4.76837158203125e-07
4653,0.0019822120666503906,1.9073486328125e-06,2.384185791015625e-07
4654,0.0020062923431396484,1.430511474609375e-06,4.76837158203125e-07
4655,0.0021469593048095703,1.6689300537109375e-06,4.76837158203125e-07
4656,0.0023260116577148438,1.9073486328125e-06,2.384185791015625e-07
4657,0.0031042098999023438,2.1457672119140625e-06,4.76837158203125e-07
4658,0.0023458003997802734,1.9073486328125e-06,4.76837158203125e-07
4659,0.0021636486053466797,1.6689300537109375e-06,2.384185791015625e-07
4660,0.002570629119873047,1.430511474609375e-06,2.384185791015625e-07
4661,0.001789093017578125,1.6689300537109375e-06,2.384185791015625e-07
4662,0.002165555953979492,1.9073486328125e-06,2.384185791015625e-07
4663,0.0026388168334960938,1.9073486328125e-06,2.384185791015625e-07
4664,0.001975536346435547,1.9073486328125e-06,2.384185791015625e-07
4665,0.002565622329711914,1.6689300537109375e-06,2.384185791015625e-07
4666,0.0014240741729736328,1.6689300537109375e-06,4.76837158203125e-07
4667,0.0023643970489501953,1.6689300537109375e-06,2.384185791015625e-07
4668,0.002023458480834961,1.9073486328125e-06,2.384185791015625e-07
4669,0.0030477046966552734,1.6689300537109375e-06,4.76837158203125e-07
4670,0.002643108367919922,1.9073486328125e-06,2.384185791015625e-07
4671,0.001971006393432617,1.9073486328125e-06,2.384185791015625e-07
4672,0.0027742385864257812,1.9073486328125e-06,2.384185791015625e-07
4673,0.002939939498901367,1.9073486328125e-06,2.384185791015625e-07
4674,0.0029120445251464844,2.384185791015625e-06,2.384185791015625e-07
4675,0.0036079883575439453,1.9073486328125e-06,2.384185791015625e-07
4676,0.0026764869689941406,1.9073486328125e-06,2.384185791015625e-07
4677,0.002557516098022461,1.6689300537109375e-06,2.384185791015625e-07
4678,0.0021991729736328125,2.1457672119140625e-06,2.384185791015625e-07
4679,0.002303600311279297,1.6689300537109375e-06,2.384185791015625e-07
4680,0.0019025802612304688,1.6689300537109375e-06,2.384185791015625e-07
4681,0.0025353431701660156,1.6689300537109375e-06,2.384185791015625e-07
4682,0.0025663375854492188,1.6689300537109375e-06,7.152557373046875e-07
4683,0.0021562576293945312,1.6689300537109375e-06,4.76837158203125e-07
4684,0.002220630645751953,1.6689300537109375e-06,4.76837158203125e-07
4685,0.0025968551635742188,1.6689300537109375e-06,4.76837158203125e-07
4686,0.002460956573486328,1.6689300537109375e-06,2.384185791015625e-07
4687,0.003228425979614258,1.9073486328125e-06,2.384185791015625e-07
4688,0.0023267269134521484,2.1457672119140625e-06,2.384185791015625e-07
4689,0.0026831626892089844,2.1457672119140625e-06,2.384185791015625e-07
4690,0.002880573272705078,1.6689300537109375e-06,2.384185791015625e-07
4691,0.002437591552734375,1.9073486328125e-06,2.384185791015625e-07
4692,0.002412080764770508,2.1457672119140625e-06,2.384185791015625e-07
4693,0.0015442371368408203,2.1457672119140625e-06,2.384185791015625e-07
4694,0.002270936965942383,1.9073486328125e-06,7.152557373046875e-07
4695,0.002731800079345703,2.1457672119140625e-06,4.76837158203125e-07
4696,0.0024175643920898438,2.1457672119140625e-06,2.384185791015625e-07
4697,0.002591371536254883,2.1457672119140625e-06,2.384185791015625e-07
4698,0.0026900768280029297,1.6689300537109375e-06,2.384185791015625e-07
4699,0.002246379852294922,2.1457672119140625e-06,2.384185791015625e-07
4700,0.0023534297943115234,2.1457672119140625e-06,4.76837158203125e-07
4701,0.002563953399658203,1.9073486328125e-06,2.384185791015625e-07
4702,0.002985239028930664,1.9073486328125e-06,4.76837158203125e-07
4703,0.001955747604370117,1.9073486328125e-06,2.384185791015625e-07
4704,0.0024917125701904297,1.9073486328125e-06,2.384185791015625e-07
4705,0.002806425094604492,1.9073486328125e-06,2.384185791015625e-07
4706,0.0025818347930908203,2.384185791015625e-06,2.384185791015625e-07
4707,0.0018298625946044922,2.1457672119140625e-06,2.384185791015625e-07
4708,0.0030400753021240234,1.9073486328125e-06,4.76837158203125e-07
4709,0.0027658939361572266,1.9073486328125e-06,2.384185791015625e-07
4710,0.0026450157165527344,1.9073486328125e-06,4.76837158203125e-07
4711,0.0025482177734375,1.430511474609375e-06,2.384185791015625e-07
4712,0.002599477767944336,1.6689300537109375e-06,2.384185791015625e-07
4713,0.0023903846740722656,2.1457672119140625e-06,7.152557373046875e-07
4714,0.0024323463439941406,1.9073486328125e-06,2.384185791015625e-07
4715,0.0026438236236572266,2.1457672119140625e-06,2.384185791015625e-07
4716,0.0025467872619628906,1.6689300537109375e-06,4.76837158203125e-07
4717,0.002202272415161133,2.1457672119140625e-06,4.76837158203125e-07
4718,0.0029730796813964844,1.9073486328125e-06,2.384185791015625e-07
4719,0.0018355846405029297,2.1457672119140625e-06,2.384185791015625e-07
4720,0.0027501583099365234,1.9073486328125e-06,2.384185791015625e-07
4721,0.0028848648071289062,2.1457672119140625e-06,2.384185791015625e-07
4722,0.002427816390991211,2.1457672119140625e-06,4.76837158203125e-07
4723,0.002048015594482422,1.9073486328125e-06,2.384185791015625e-07
4724,0.002488374710083008,1.9073486328125e-06,2.384185791015625e-07
4725,0.002234935760498047,1.6689300537109375e-06,4.76837158203125e-07
4726,0.0016760826110839844,1.6689300537109375e-06,2.384185791015625e-07
4727,0.0022094249725341797,1.6689300537109375e-06,7.152557373046875e-07
4728,0.001934051513671875,1.430511474609375e-06,4.76837158203125e-07
4729,0.0020363330841064453,1.6689300537109375e-06,2.384185791015625e-07
4730,0.0017845630645751953,1.9073486328125e-06,2.384185791015625e-07
4731,0.002351999282836914,1.9073486328125e-06,4.76837158203125e-07
4732,0.0024895668029785156,2.1457672119140625e-06,2.384185791015625e-07
4733,0.0015444755554199219,1.6689300537109375e-06,2.384185791015625e-07
4734,0.002185344696044922,2.1457672119140625e-06,2.384185791015625e-07
4735,0.0022504329681396484,2.1457672119140625e-06,2.384185791015625e-07
4736,0.002293825149536133,2.6226043701171875e-06,4.76837158203125e-07
4737,0.0024700164794921875,1.9073486328125e-06,2.384185791015625e-07
4738,0.001972198486328125,2.1457672119140625e-06,2.384185791015625e-07
4739,0.0020024776458740234,1.9073486328125e-06,2.384185791015625e-07
4740,0.002404451370239258,1.9073486328125e-06,2.384185791015625e-07
4741,0.0028047561645507812,2.1457672119140625e-06,2.384185791015625e-07
4742,0.0021436214447021484,1.9073486328125e-06,2.384185791015625e-07
4743,0.0019655227661132812,1.6689300537109375e-06,2.384185791015625e-07
4744,0.0020906925201416016,1.9073486328125e-06,2.384185791015625e-07
4745,0.0019419193267822266,1.9073486328125e-06,4.76837158203125e-07
4746,0.0019237995147705078,1.9073486328125e-06,2.384185791015625e-07
4747,0.002717256546020508,2.1457672119140625e-06,2.384185791015625e-07
4748,0.0019054412841796875,2.1457672119140625e-06,2.384185791015625e-07
4749,0.0024518966674804688,2.1457672119140625e-06,4.76837158203125e-07
4750,0.0017309188842773438,1.9073486328125e-06,4.76837158203125e-07
4751,0.002148151397705078,1.9073486328125e-06,4.76837158203125e-07
4752,0.0022852420806884766,1.9073486328125e-06,2.384185791015625e-07
4753,0.0020856857299804688,1.9073486328125e-06,2.384185791015625e-07
4754,0.0023872852325439453,1.9073486328125e-06,2.384185791015625e-07
4755,0.0018682479858398438,1.9073486328125e-06,2.384185791015625e-07
4756,0.002078533172607422,1.9073486328125e-06,2.384185791015625e-07
4757,0.0022995471954345703,2.1457672119140625e-06,2.384185791015625e-07
4758,0.0018007755279541016,2.1457672119140625e-06,4.76837158203125e-07
4759,0.0019257068634033203,1.9073486328125e-06,4.76837158203125e-07
4760,0.002140522003173828,1.9073486328125e-06,7.152557373046875e-07
4761,0.002690553665161133,1.9073486328125e-06,2.384185791015625e-07
4762,0.00341796875,1.9073486328125e-06,4.76837158203125e-07
4763,0.0026569366455078125,1.9073486328125e-06,2.384185791015625e-07
4764,0.0016815662384033203,2.1457672119140625e-06,2.384185791015625e-07
4765,0.0024361610412597656,1.9073486328125e-06,4.76837158203125e-07
4766,0.0023789405822753906,2.1457672119140625e-06,7.152557373046875e-07
4767,0.002294301986694336,1.6689300537109375e-06,2.384185791015625e-07
4768,0.0018682479858398438,1.6689300537109375e-06,2.384185791015625e-07
4769,0.0019385814666748047,1.9073486328125e-06,4.76837158203125e-07
4770,0.001918792724609375,1.9073486328125e-06,2.384185791015625e-07
4771,0.0013897418975830078,1.9073486328125e-06,2.384185791015625e-07
4772,0.002602815628051758,2.1457672119140625e-06,2.384185791015625e-07
4773,0.0014259815216064453,1.9073486328125e-06,2.384185791015625e-07
4774,0.0019063949584960938,2.1457672119140625e-06,2.384185791015625e-07
4775,0.002309083938598633,2.1457672119140625e-06,2.384185791015625e-07
4776,0.0018143653869628906,1.6689300537109375e-06,2.384185791015625e-07
4777,0.0016663074493408203,1.6689300537109375e-06,2.384185791015625e-07
4778,0.002470731735229492,1.6689300537109375e-06,4.76837158203125e-07
4779,0.0018346309661865234,1.6689300537109375e-06,2.384185791015625e-07
4780,0.0025043487548828125,1.6689300537109375e-06,4.76837158203125e-07
4781,0.0023038387298583984,1.9073486328125e-06,2.384185791015625e-07
4782,0.0022034645080566406,1.6689300537109375e-06,2.384185791015625e-07
4783,0.0015971660614013672,1.9073486328125e-06,2.384185791015625e-07
4784,0.0019316673278808594,1.9073486328125e-06,4.76837158203125e-07
4785,0.0017383098602294922,1.430511474609375e-06,4.76837158203125e-07
4786,0.00167083740234375,1.9073486328125e-06,2.384185791015625e-07
4787,0.0018634796142578125,1.9073486328125e-06,7.152557373046875e-07
4788,0.0014541149139404297,1.9073486328125e-06,4.76837158203125e-07
4789,0.0024509429931640625,1.9073486328125e-06,2.384185791015625e-07
4790,0.0019145011901855469,1.430511474609375e-06,2.384185791015625e-07
4791,0.002214670181274414,1.6689300537109375e-06,2.384185791015625e-07
4792,0.0017697811126708984,1.9073486328125e-06,4.76837158203125e-07
4793,0.0016384124755859375,2.1457672119140625e-06,2.384185791015625e-07
4794,0.001855611801147461,2.1457672119140625e-06,2.384185791015625e-07
4795,0.0020084381103515625,2.1457672119140625e-06,2.384185791015625e-07
4796,0.002027750015258789,1.9073486328125e-06,2.384185791015625e-07
4797,0.0026674270629882812,1.6689300537109375e-06,2.384185791015625e-07
4798,0.0019669532775878906,2.384185791015625e-06,2.384185791015625e-07
4799,0.0022079944610595703,1.9073486328125e-06,2.384185791015625e-07
4800,0.0022754669189453125,1.9073486328125e-06,2.384185791015625e-07
4801,0.0019779205322265625,2.1457672119140625e-06,4.76837158203125e-07
4802,0.0025873184204101562,2.1457672119140625e-06,4.76837158203125e-07
4803,0.0017807483673095703,2.1457672119140625e-06,4.76837158203125e-07
4804,0.002371549606323242,1.9073486328125e-06,2.384185791015625e-07
4805,0.0021181106567382812,1.9073486328125e-06,4.76837158203125e-07
4806,0.002384185791015625,2.1457672119140625e-06,2.384185791015625e-07
4807,0.0018765926361083984,1.9073486328125e-06,4.76837158203125e-07
4808,0.002327442169189453,1.9073486328125e-06,4.76837158203125e-07
4809,0.0019249916076660156,1.9073486328125e-06,2.384185791015625e-07
4810,0.0027022361755371094,2.384185791015625e-06,4.76837158203125e-07
4811,0.0025124549865722656,2.1457672119140625e-06,4.76837158203125e-07
4812,0.0022411346435546875,1.9073486328125e-06,4.76837158203125e-07
4813,0.002528667449951172,1.9073486328125e-06,2.384185791015625e-07
4814,0.0024836063385009766,1.6689300537109375e-06,2.384185791015625e-07
4815,0.002597332000732422,1.9073486328125e-06,2.384185791015625e-07
4816,0.0021293163299560547,1.9073486328125e-06,2.384185791015625e-07
4817,0.0023086071014404297,2.1457672119140625e-06,2.384185791015625e-07
4818,0.0019881725311279297,1.430511474609375e-06,2.384185791015625e-07
4819,0.002850055694580078,1.6689300537109375e-06,2.384185791015625e-07
4820,0.002824544906616211,1.6689300537109375e-06,2.384185791015625e-07
4821,0.0018401145935058594,1.9073486328125e-06,2.384185791015625e-07
4822,0.0021562576293945312,1.430511474609375e-06,2.384185791015625e-07
4823,0.0021398067474365234,1.9073486328125e-06,2.384185791015625e-07
4824,0.002290487289428711,1.9073486328125e-06,2.384185791015625e-07
4825,0.0028886795043945312,1.9073486328125e-06,2.384185791015625e-07
4826,0.0019245147705078125,2.1457672119140625e-06,2.384185791015625e-07
4827,0.002657651901245117,1.6689300537109375e-06,7.152557373046875e-07
4828,0.002455472946166992,2.1457672119140625e-06,4.76837158203125e-07
4829,0.002393484115600586,1.9073486328125e-06,4.76837158203125e-07
4830,0.0023741722106933594,2.1457672119140625e-06,2.384185791015625e-07
4831,0.0027921199798583984,1.6689300537109375e-06,2.384185791015625e-07
4832,0.0022580623626708984,1.6689300537109375e-06,2.384185791015625e-07
4833,0.0021619796752929688,1.9073486328125e-06,2.384185791015625e-07
4834,0.002718210220336914,2.1457672119140625e-06,2.384185791015625e-07
4835,0.0028514862060546875,1.9073486328125e-06,2.384185791015625e-07
4836,0.0018076896667480469,2.1457672119140625e-06,2.384185791015625e-07
4837,0.0023374557495117188,2.1457672119140625e-06,2.384185791015625e-07
4838,0.0023076534271240234,1.9073486328125e-06,4.76837158203125e-07
4839,0.0019974708557128906,1.9073486328125e-06,2.384185791015625e-07
4840,0.0023419857025146484,1.9073486328125e-06,2.384185791015625e-07
4841,0.0019500255584716797,2.1457672119140625e-06,4.76837158203125e-07
4842,0.002001047134399414,1.9073486328125e-06,2.384185791015625e-07
4843,0.002102375030517578,2.1457672119140625e-06,2.384185791015625e-07
4844,0.0029344558715820312,1.9073486328125e-06,4.76837158203125e-07
4845,0.0020678043365478516,1.6689300537109375e-06,4.76837158203125e-07
4846,0.0019490718841552734,1.6689300537109375e-06,2.384185791015625e-07
4847,0.002895832061767578,2.384185791015625e-06,4.76837158203125e-07
4848,0.002409219741821289,1.6689300537109375e-06,2.384185791015625e-07
4849,0.001859903335571289,1.9073486328125e-06,2.384185791015625e-07
4850,0.0023794174194335938,2.1457672119140625e-06,2.384185791015625e-07
4851,0.001779794692993164,1.9073486328125e-06,2.384185791015625e-07
4852,0.0027565956115722656,2.1457672119140625e-06,2.384185791015625e-07
4853,0.0027387142181396484,1.9073486328125e-06,2.384185791015625e-07
4854,0.002737760543823242,1.9073486328125e-06,2.384185791015625e-07
4855,0.0021479129791259766,1.9073486328125e-06,2.384185791015625e-07
4856,0.002218961715698242,2.1457672119140625e-06,2.384185791015625e-07
4857,0.002518892288208008,2.1457672119140625e-06,2.384185791015625e-07
4858,0.0021381378173828125,2.1457672119140625e-06,2.384185791015625e-07
4859,0.002427816390991211,2.384185791015625e-06,4.76837158203125e-07
4860,0.002596616744995117,2.1457672119140625e-06,2.384185791015625e-07
4861,0.0022542476654052734,1.9073486328125e-06,2.384185791015625e-07
4862,0.0025060176849365234,2.1457672119140625e-06,2.384185791015625e-07
4863,0.002257823944091797,1.9073486328125e-06,2.384185791015625e-07
4864,0.002940654754638672,2.1457672119140625e-06,4.76837158203125e-07
4865,0.002429485321044922,1.9073486328125e-06,2.384185791015625e-07
4866,0.002610921859741211,2.1457672119140625e-06,2.384185791015625e-07
4867,0.002709627151489258,1.9073486328125e-06,2.384185791015625e-07
4868,0.0024192333221435547,1.6689300537109375e-06,2.384185791015625e-07
4869,0.0019006729125976562,1.9073486328125e-06,2.384185791015625e-07
4870,0.0024962425231933594,1.6689300537109375e-06,2.384185791015625e-07
4871,0.0025794506072998047,1.430511474609375e-06,2.384185791015625e-07
4872,0.002226591110229492,1.430511474609375e-06,2.384185791015625e-07
4873,0.002019166946411133,1.6689300537109375e-06,4.76837158203125e-07
4874,0.0022957324981689453,1.9073486328125e-06,4.76837158203125e-07
4875,0.002512693405151367,2.1457672119140625e-06,2.384185791015625e-07
4876,0.002658843994140625,1.430511474609375e-06,2.384185791015625e-07
4877,0.002152681350708008,1.6689300537109375e-06,4.76837158203125e-07
4878,0.0021369457244873047,1.6689300537109375e-06,2.384185791015625e-07
4879,0.0022013187408447266,2.1457672119140625e-06,2.384185791015625e-07
4880,0.0021572113037109375,1.6689300537109375e-06,4.76837158203125e-07
4881,0.0025527477264404297,1.9073486328125e-06,2.384185791015625e-07
4882,0.002820730209350586,1.6689300537109375e-06,2.384185791015625e-07
4883,0.0021653175354003906,1.6689300537109375e-06,4.76837158203125e-07
4884,0.0019485950469970703,1.6689300537109375e-06,2.384185791015625e-07
4885,0.0012938976287841797,1.9073486328125e-06,2.384185791015625e-07
4886,0.0019834041595458984,2.1457672119140625e-06,4.76837158203125e-07
4887,0.001697540283203125,1.6689300537109375e-06,2.384185791015625e-07
4888,0.001615285873413086,1.6689300537109375e-06,2.384185791015625e-07
4889,0.001493215560913086,1.9073486328125e-06,2.384185791015625e-07
4890,0.0018429756164550781,2.1457672119140625e-06,2.384185791015625e-07
4891,0.0024437904357910156,2.1457672119140625e-06,2.384185791015625e-07
4892,0.0018324851989746094,1.9073486328125e-06,4.76837158203125e-07
4893,0.0019137859344482422,2.1457672119140625e-06,2.384185791015625e-07
4894,0.0028815269470214844,1.9073486328125e-06,2.384185791015625e-07
4895,0.002762317657470703,1.6689300537109375e-06,2.384185791015625e-07
4896,0.002124786376953125,1.9073486328125e-06,2.384185791015625e-07
4897,0.00168609619140625,1.9073486328125e-06,2.384185791015625e-07
4898,0.002755880355834961,1.9073486328125e-06,2.384185791015625e-07
4899,0.002466917037963867,1.9073486328125e-06,2.384185791015625e-07
4900,0.00222015380859375,1.9073486328125e-06,7.152557373046875e-07
4901,0.0028421878814697266,1.9073486328125e-06,4.76837158203125e-07
4902,0.0023071765899658203,1.9073486328125e-06,2.384185791015625e-07
4903,0.002238035202026367,2.1457672119140625e-06,2.384185791015625e-07
4904,0.0025801658630371094,1.9073486328125e-06,2.384185791015625e-07
4905,0.0022668838500976562,2.384185791015625e-06,7.152557373046875e-07
4906,0.0025987625122070312,1.9073486328125e-06,2.384185791015625e-07
4907,0.002496004104614258,2.1457672119140625e-06,4.76837158203125e-07
4908,0.0031909942626953125,1.9073486328125e-06,7.152557373046875e-07
4909,0.0022547245025634766,1.9073486328125e-06,2.384185791015625e-07
4910,0.0015697479248046875,1.9073486328125e-06,2.384185791015625e-07
4911,0.002588510513305664,1.9073486328125e-06,2.384185791015625e-07
4912,0.0017545223236083984,2.1457672119140625e-06,2.384185791015625e-07
4913,0.002400636672973633,2.1457672119140625e-06,2.384185791015625e-07
4914,0.00241851806640625,1.9073486328125e-06,2.384185791015625e-07
4915,0.0025093555450439453,1.9073486328125e-06,2.384185791015625e-07
4916,0.0019431114196777344,1.9073486328125e-06,4.76837158203125e-07
4917,0.0026841163635253906,1.9073486328125e-06,4.76837158203125e-07
4918,0.002797842025756836,1.6689300537109375e-06,2.384185791015625e-07
4919,0.0024864673614501953,1.430511474609375e-06,4.76837158203125e-07
4920,0.001970052719116211,2.1457672119140625e-06,4.76837158203125e-07
4921,0.0019483566284179688,1.6689300537109375e-06,4.76837158203125e-07
4922,0.0026569366455078125,1.9073486328125e-06,2.384185791015625e-07
4923,0.0023870468139648438,1.9073486328125e-06,4.76837158203125e-07
4924,0.0029015541076660156,2.384185791015625e-06,2.384185791015625e-07
4925,0.0033898353576660156,1.9073486328125e-06,2.384185791015625e-07
4926,0.001962900161743164,2.1457672119140625e-06,2.384185791015625e-07
4927,0.002613544464111328,1.6689300537109375e-06,2.384185791015625e-07
4928,0.002298116683959961,1.6689300537109375e-06,2.384185791015625e-07
4929,0.001766204833984375,1.6689300537109375e-06,2.384185791015625e-07
4930,0.0025403499603271484,1.6689300537109375e-06,2.384185791015625e-07
4931,0.002211332321166992,1.6689300537109375e-06,7.152557373046875e-07
4932,0.002079486846923828,1.6689300537109375e-06,2.384185791015625e-07
4933,0.002052783966064453,1.430511474609375e-06,2.384185791015625e-07
4934,0.0017151832580566406,1.6689300537109375e-06,2.384185791015625e-07
4935,0.0022132396697998047,2.384185791015625e-06,4.76837158203125e-07
4936,0.0023789405822753906,1.9073486328125e-06,2.384185791015625e-07
4937,0.0020613670349121094,1.9073486328125e-06,2.384185791015625e-07
4938,0.002877473831176758,1.9073486328125e-06,2.384185791015625e-07
4939,0.0029489994049072266,1.9073486328125e-06,2.384185791015625e-07
4940,0.0021042823791503906,1.9073486328125e-06,2.384185791015625e-07
4941,0.002839326858520508,1.9073486328125e-06,2.384185791015625e-07
4942,0.0022635459899902344,2.1457672119140625e-06,2.384185791015625e-07
4943,0.0025568008422851562,1.9073486328125e-06,2.384185791015625e-07
4944,0.0024650096893310547,2.1457672119140625e-06,7.152557373046875e-07
4945,0.0026509761810302734,2.384185791015625e-06,2.384185791015625e-07
4946,0.0024976730346679688,1.430511474609375e-06,2.384185791015625e-07
4947,0.0018820762634277344,1.9073486328125e-06,2.384185791015625e-07
4948,0.0023615360260009766,1.6689300537109375e-06,2.384185791015625e-07
4949,0.002587556838989258,1.9073486328125e-06,2.384185791015625e-07
4950,0.0020918846130371094,1.9073486328125e-06,2.384185791015625e-07
4951,0.002058744430541992,2.1457672119140625e-06,2.384185791015625e-07
4952,0.002702951431274414,1.9073486328125e-06,2.384185791015625e-07
4953,0.002317190170288086,1.9073486328125e-06,4.76837158203125e-07
4954,0.0020089149475097656,2.1457672119140625e-06,2.384185791015625e-07
4955,0.002863168716430664,2.1457672119140625e-06,2.384185791015625e-07
4956,0.002239704132080078,1.6689300537109375e-06,2.384185791015625e-07
4957,0.002268552780151367,1.6689300537109375e-06,2.384185791015625e-07
4958,0.0020356178283691406,1.9073486328125e-06,4.76837158203125e-07
4959,0.002256155014038086,1.6689300537109375e-06,2.384185791015625e-07
4960,0.002579212188720703,1.9073486328125e-06,4.76837158203125e-07
4961,0.002680063247680664,1.9073486328125e-06,2.384185791015625e-07
4962,0.0024824142456054688,1.6689300537109375e-06,7.152557373046875e-07
4963,0.002897500991821289,1.9073486328125e-06,2.384185791015625e-07
4964,0.0030815601348876953,1.9073486328125e-06,4.76837158203125e-07
4965,0.002364635467529297,1.6689300537109375e-06,2.384185791015625e-07
4966,0.002413034439086914,1.6689300537109375e-06,4.76837158203125e-07
4967,0.0026094913482666016,1.9073486328125e-06,4.76837158203125e-07
4968,0.0020325183868408203,1.9073486328125e-06,2.384185791015625e-07
4969,0.002382516860961914,1.6689300537109375e-06,2.384185791015625e-07
4970,0.0025250911712646484,2.1457672119140625e-06,2.384185791015625e-07
4971,0.0022754669189453125,1.6689300537109375e-06,4.76837158203125e-07
4972,0.0019631385803222656,2.1457672119140625e-06,2.384185791015625e-07
4973,0.00270843505859375,1.6689300537109375e-06,2.384185791015625e-07
4974,0.002468109130859375,1.6689300537109375e-06,2.384185791015625e-07
4975,0.002179384231567383,1.9073486328125e-06,2.384185791015625e-07
4976,0.0022895336151123047,1.9073486328125e-06,2.384185791015625e-07
4977,0.0023193359375,2.1457672119140625e-06,2.384185791015625e-07
4978,0.0023386478424072266,2.1457672119140625e-06,2.384185791015625e-07
4979,0.0022020339965820312,2.1457672119140625e-06,2.384185791015625e-07
4980,0.002079486846923828,1.6689300537109375e-06,2.384185791015625e-07
4981,0.002214193344116211,1.9073486328125e-06,0.0
4982,0.0025429725646972656,2.1457672119140625e-06,2.384185791015625e-07
4983,0.002294778823852539,2.1457672119140625e-06,2.384185791015625e-07
4984,0.0023946762084960938,1.6689300537109375e-06,4.76837158203125e-07
4985,0.0025146007537841797,1.9073486328125e-06,2.384185791015625e-07
4986,0.002455472946166992,1.9073486328125e-06,2.384185791015625e-07
4987,0.002292156219482422,1.9073486328125e-06,2.384185791015625e-07
4988,0.0024178028106689453,1.9073486328125e-06,2.384185791015625e-07
4989,0.0024824142456054688,1.6689300537109375e-06,2.384185791015625e-07
4990,0.0025053024291992188,1.6689300537109375e-06,2.384185791015625e-07
4991,0.001980304718017578,1.6689300537109375e-06,2.384185791015625e-07
4992,0.0020744800567626953,1.9073486328125e-06,2.384185791015625e-07
4993,0.0028197765350341797,2.384185791015625e-06,2.384185791015625e-07
4994,0.0021359920501708984,1.9073486328125e-06,4.76837158203125e-07
4995,0.002323627471923828,1.9073486328125e-06,2.384185791015625e-07
4996,0.002688169479370117,1.9073486328125e-06,2.384185791015625e-07
4997,0.0026772022247314453,1.9073486328125e-06,2.384185791015625e-07
4998,0.002087831497192383,1.9073486328125e-06,4.76837158203125e-07
4999,0.002257108688354492,2.1457672119140625e-06,4.76837158203125e-07
5000,0.0023317337036132812,1.6689300537109375e-06,2.384185791015625e-07
5001,0.0019369125366210938,1.9073486328125e-06,2.384185791015625e-07
5002,0.0024480819702148438,1.9073486328125e-06,4.76837158203125e-07
5003,0.0022039413452148438,1.9073486328125e-06,2.384185791015625e-07
5004,0.0022242069244384766,1.9073486328125e-06,4.76837158203125e-07
5005,0.002856731414794922,1.9073486328125e-06,2.384185791015625e-07
5006,0.0026650428771972656,1.9073486328125e-06,2.384185791015625e-07
5007,0.0033321380615234375,1.9073486328125e-06,4.76837158203125e-07
5008,0.0025038719177246094,1.9073486328125e-06,7.152557373046875e-07
5009,0.003595590591430664,1.9073486328125e-06,2.384185791015625e-07
5010,0.0019683837890625,1.9073486328125e-06,2.384185791015625e-07
5011,0.002713441848754883,2.1457672119140625e-06,4.76837158203125e-07
5012,0.0021123886108398438,1.9073486328125e-06,2.384185791015625e-07
5013,0.002331972122192383,1.6689300537109375e-06,2.384185791015625e-07
5014,0.001998424530029297,2.1457672119140625e-06,2.384185791015625e-07
5015,0.0021386146545410156,1.6689300537109375e-06,2.384185791015625e-07
5016,0.002570629119873047,1.6689300537109375e-06,2.384185791015625e-07
5017,0.0024313926696777344,1.6689300537109375e-06,2.384185791015625e-07
5018,0.002111196517944336,1.6689300537109375e-06,2.384185791015625e-07
5019,0.0025691986083984375,1.9073486328125e-06,2.384185791015625e-07
5020,0.0026443004608154297,1.9073486328125e-06,2.384185791015625e-07
5021,0.002315044403076172,1.430511474609375e-06,2.384185791015625e-07
5022,0.0028831958770751953,2.6226043701171875e-06,4.76837158203125e-07
5023,0.0027184486389160156,1.9073486328125e-06,2.384185791015625e-07
5024,0.002555370330810547,2.384185791015625e-06,2.384185791015625e-07
5025,0.002092123031616211,1.9073486328125e-06,2.384185791015625e-07
5026,0.0028154850006103516,1.6689300537109375e-06,2.384185791015625e-07
5027,0.002946138381958008,1.430511474609375e-06,4.76837158203125e-07
5028,0.0021872520446777344,1.430511474609375e-06,2.384185791015625e-07
5029,0.0023849010467529297,1.6689300537109375e-06,2.384185791015625e-07
5030,0.002398967742919922,1.9073486328125e-06,2.384185791015625e-07
5031,0.002684354782104492,1.6689300537109375e-06,2.384185791015625e-07
5032,0.002862215042114258,1.6689300537109375e-06,2.384185791015625e-07
5033,0.0024449825286865234,1.6689300537109375e-06,2.384185791015625e-07
5034,0.002081632614135742,1.9073486328125e-06,2.384185791015625e-07
5035,0.0020208358764648438,1.6689300537109375e-06,2.384185791015625e-07
5036,0.002637624740600586,2.1457672119140625e-06,2.384185791015625e-07
5037,0.0013699531555175781,1.6689300537109375e-06,2.384185791015625e-07
5038,0.0025281906127929688,1.6689300537109375e-06,2.384185791015625e-07
5039,0.0019354820251464844,1.9073486328125e-06,2.384185791015625e-07
5040,0.00261688232421875,1.6689300537109375e-06,7.152557373046875e-07
5041,0.0023651123046875,1.6689300537109375e-06,2.384185791015625e-07
5042,0.0027260780334472656,1.6689300537109375e-06,4.76837158203125e-07
5043,0.002883434295654297,1.6689300537109375e-06,4.76837158203125e-07
5044,0.0021834373474121094,1.6689300537109375e-06,2.384185791015625e-07
5045,0.002551555633544922,1.6689300537109375e-06,2.384185791015625e-07
5046,0.0027441978454589844,1.9073486328125e-06,2.384185791015625e-07
5047,0.0026226043701171875,1.6689300537109375e-06,2.384185791015625e-07
5048,0.0033049583435058594,1.430511474609375e-06,2.384185791015625e-07
5049,0.0024290084838867188,1.9073486328125e-06,2.384185791015625e-07
5050,0.002083301544189453,2.1457672119140625e-06,2.384185791015625e-07
5051,0.0025124549865722656,1.9073486328125e-06,2.384185791015625e-07
5052,0.0024580955505371094,1.9073486328125e-06,2.384185791015625e-07
5053,0.002716064453125,1.9073486328125e-06,4.76837158203125e-07
5054,0.0025238990783691406,1.6689300537109375e-06,4.76837158203125e-07
5055,0.0022101402282714844,1.6689300537109375e-06,4.76837158203125e-07
5056,0.002680540084838867,1.6689300537109375e-06,2.384185791015625e-07
5057,0.002485513687133789,1.6689300537109375e-06,2.384185791015625e-07
5058,0.0022835731506347656,1.9073486328125e-06,2.384185791015625e-07
5059,0.0018341541290283203,1.9073486328125e-06,2.384185791015625e-07
5060,0.0020494461059570312,1.430511474609375e-06,2.384185791015625e-07
5061,0.0019352436065673828,1.6689300537109375e-06,2.384185791015625e-07
5062,0.0019123554229736328,1.6689300537109375e-06,2.384185791015625e-07
5063,0.0029592514038085938,1.6689300537109375e-06,4.76837158203125e-07
5064,0.0022890567779541016,2.1457672119140625e-06,2.384185791015625e-07
5065,0.002351999282836914,1.9073486328125e-06,2.384185791015625e-07
5066,0.0022661685943603516,1.9073486328125e-06,2.384185791015625e-07
5067,0.0023632049560546875,1.9073486328125e-06,2.384185791015625e-07
5068,0.002187490463256836,1.9073486328125e-06,2.384185791015625e-07
5069,0.0019304752349853516,1.9073486328125e-06,2.384185791015625e-07
5070,0.002264738082885742,2.1457672119140625e-06,4.76837158203125e-07
5071,0.002143383026123047,1.9073486328125e-06,2.384185791015625e-07
5072,0.0020079612731933594,2.1457672119140625e-06,4.76837158203125e-07
5073,0.002260446548461914,1.9073486328125e-06,4.76837158203125e-07
5074,0.0028934478759765625,1.9073486328125e-06,2.384185791015625e-07
5075,0.0022470951080322266,1.9073486328125e-06,2.384185791015625e-07
5076,0.002079486846923828,1.9073486328125e-06,7.152557373046875e-07
5077,0.0022139549255371094,1.9073486328125e-06,2.384185791015625e-07
5078,0.0018887519836425781,1.9073486328125e-06,2.384185791015625e-07
5079,0.002439737319946289,1.9073486328125e-06,4.76837158203125e-07
5080,0.0022759437561035156,1.9073486328125e-06,4.76837158203125e-07
5081,0.0019001960754394531,1.9073486328125e-06,2.384185791015625e-07
5082,0.0025997161865234375,1.9073486328125e-06,2.384185791015625e-07
5083,0.0026955604553222656,1.6689300537109375e-06,2.384185791015625e-07
5084,0.002650737762451172,2.384185791015625e-06,2.384185791015625e-07
5085,0.002670764923095703,2.384185791015625e-06,2.384185791015625e-07
5086,0.002893686294555664,1.9073486328125e-06,2.384185791015625e-07
5087,0.0027992725372314453,2.1457672119140625e-06,2.384185791015625e-07
5088,0.0022330284118652344,1.9073486328125e-06,2.384185791015625e-07
5089,0.002424478530883789,1.6689300537109375e-06,2.384185791015625e-07
5090,0.002001523971557617,1.9073486328125e-06,7.152557373046875e-07
5091,0.002454042434692383,1.9073486328125e-06,2.384185791015625e-07
5092,0.001993894577026367,1.6689300537109375e-06,2.384185791015625e-07
5093,0.002147674560546875,1.9073486328125e-06,2.384185791015625e-07
5094,0.0020592212677001953,2.1457672119140625e-06,2.384185791015625e-07
5095,0.0016689300537109375,1.9073486328125e-06,4.76837158203125e-07
5096,0.002441883087158203,1.9073486328125e-06,2.384185791015625e-07
5097,0.0025343894958496094,1.9073486328125e-06,2.384185791015625e-07
5098,0.002799510955810547,2.1457672119140625e-06,2.384185791015625e-07
5099,0.002634286880493164,1.9073486328125e-06,2.384185791015625e-07
5100,0.001811981201171875,1.9073486328125e-06,2.384185791015625e-07
5101,0.0025005340576171875,1.9073486328125e-06,2.384185791015625e-07
5102,0.002405881881713867,1.9073486328125e-06,4.76837158203125e-07
5103,0.002390146255493164,2.384185791015625e-06,2.384185791015625e-07
5104,0.0024709701538085938,2.1457672119140625e-06,2.384185791015625e-07
5105,0.002603769302368164,1.9073486328125e-06,2.384185791015625e-07
5106,0.0018508434295654297,1.6689300537109375e-06,2.384185791015625e-07
5107,0.002927064895629883,1.9073486328125e-06,2.384185791015625e-07
5108,0.0021393299102783203,1.9073486328125e-06,2.384185791015625e-07
5109,0.0026047229766845703,2.384185791015625e-06,4.76837158203125e-07
5110,0.002353668212890625,1.6689300537109375e-06,4.76837158203125e-07
5111,0.0022470951080322266,1.430511474609375e-06,2.384185791015625e-07
5112,0.001556396484375,1.6689300537109375e-06,2.384185791015625e-07
5113,0.0024726390838623047,1.9073486328125e-06,2.384185791015625e-07
5114,0.0023779869079589844,1.6689300537109375e-06,2.384185791015625e-07
5115,0.002560853958129883,1.9073486328125e-06,2.384185791015625e-07
5116,0.002590656280517578,1.6689300537109375e-06,2.384185791015625e-07
5117,0.0019137859344482422,1.9073486328125e-06,2.384185791015625e-07
5118,0.002254486083984375,1.6689300537109375e-06,2.384185791015625e-07
5119,0.0020787715911865234,1.9073486328125e-06,4.76837158203125e-07
5120,0.0025408267974853516,1.6689300537109375e-06,2.384185791015625e-07
5121,0.002549409866333008,2.1457672119140625e-06,2.384185791015625e-07
5122,0.0020859241485595703,2.1457672119140625e-06,2.384185791015625e-07
5123,0.002817869186401367,2.1457672119140625e-06,2.384185791015625e-07
5124,0.0022361278533935547,1.9073486328125e-06,2.384185791015625e-07
5125,0.0024116039276123047,1.9073486328125e-06,2.384185791015625e-07
5126,0.0024662017822265625,1.9073486328125e-06,7.152557373046875e-07
5127,0.0026068687438964844,1.6689300537109375e-06,2.384185791015625e-07
5128,0.002772092819213867,2.1457672119140625e-06,2.384185791015625e-07
5129,0.002060413360595703,1.9073486328125e-06,2.384185791015625e-07
5130,0.0025017261505126953,2.1457672119140625e-06,4.76837158203125e-07
5131,0.002046346664428711,2.1457672119140625e-06,2.384185791015625e-07
5132,0.002045154571533203,1.9073486328125e-06,2.384185791015625e-07
5133,0.0028574466705322266,1.9073486328125e-06,2.384185791015625e-07
5134,0.0032982826232910156,1.9073486328125e-06,2.384185791015625e-07
5135,0.002366781234741211,1.9073486328125e-06,4.76837158203125e-07
5136,0.003960371017456055,1.9073486328125e-06,2.384185791015625e-07
5137,0.002046346664428711,2.1457672119140625e-06,2.384185791015625e-07
5138,0.0020723342895507812,2.1457672119140625e-06,4.76837158203125e-07
5139,0.002966642379760742,1.9073486328125e-06,7.152557373046875e-07
5140,0.0024328231811523438,1.9073486328125e-06,2.384185791015625e-07
5141,0.0021605491638183594,1.6689300537109375e-06,2.384185791015625e-07
5142,0.002587556838989258,1.6689300537109375e-06,2.384185791015625e-07
5143,0.002368450164794922,1.6689300537109375e-06,2.384185791015625e-07
5144,0.002902507781982422,1.6689300537109375e-06,4.76837158203125e-07
5145,0.002260446548461914,2.1457672119140625e-06,2.384185791015625e-07
5146,0.0024666786193847656,1.6689300537109375e-06,2.384185791015625e-07
5147,0.0019989013671875,1.9073486328125e-06,2.384185791015625e-07
5148,0.002562999725341797,1.6689300537109375e-06,2.384185791015625e-07
5149,0.0015833377838134766,1.9073486328125e-06,4.76837158203125e-07
5150,0.0024394989013671875,1.9073486328125e-06,2.384185791015625e-07
5151,0.0023691654205322266,1.9073486328125e-06,2.384185791015625e-07
5152,0.002521991729736328,1.6689300537109375e-06,2.384185791015625e-07
5153,0.0022644996643066406,1.9073486328125e-06,4.76837158203125e-07
5154,0.0025229454040527344,1.6689300537109375e-06,4.76837158203125e-07
5155,0.002569913864135742,1.9073486328125e-06,2.384185791015625e-07
5156,0.0023195743560791016,1.6689300537109375e-06,4.76837158203125e-07
5157,0.0021855831146240234,1.6689300537109375e-06,2.384185791015625e-07
5158,0.002499103546142578,1.9073486328125e-06,4.76837158203125e-07
5159,0.0025539398193359375,1.430511474609375e-06,4.76837158203125e-07
5160,0.0026330947875976562,1.6689300537109375e-06,2.384185791015625e-07
5161,0.002133607864379883,1.9073486328125e-06,2.384185791015625e-07
5162,0.0019297599792480469,1.6689300537109375e-06,4.76837158203125e-07
5163,0.0021474361419677734,1.6689300537109375e-06,2.384185791015625e-07
5164,0.002048969268798828,1.9073486328125e-06,2.384185791015625e-07
5165,0.0017323493957519531,1.9073486328125e-06,2.384185791015625e-07
5166,0.0021474361419677734,1.9073486328125e-06,0.0
5167,0.0021796226501464844,1.6689300537109375e-06,2.384185791015625e-07
5168,0.0023756027221679688,1.6689300537109375e-06,4.76837158203125e-07
5169,0.002009153366088867,1.9073486328125e-06,2.384185791015625e-07
5170,0.002800464630126953,1.9073486328125e-06,2.384185791015625e-07
5171,0.0021970272064208984,1.9073486328125e-06,4.76837158203125e-07
5172,0.002550840377807617,2.1457672119140625e-06,2.384185791015625e-07
5173,0.0019779205322265625,1.9073486328125e-06,4.76837158203125e-07
5174,0.002432584762573242,1.9073486328125e-06,4.76837158203125e-07
5175,0.002431154251098633,1.9073486328125e-06,2.384185791015625e-07
5176,0.002179861068725586,1.9073486328125e-06,4.76837158203125e-07
5177,0.0028176307678222656,1.9073486328125e-06,2.384185791015625e-07
5178,0.002080202102661133,1.9073486328125e-06,4.76837158203125e-07
5179,0.002057313919067383,2.1457672119140625e-06,2.384185791015625e-07
5180,0.002319812774658203,2.6226043701171875e-06,2.384185791015625e-07
5181,0.0025360584259033203,2.1457672119140625e-06,2.384185791015625e-07
5182,0.0017535686492919922,1.9073486328125e-06,2.384185791015625e-07
5183,0.0017447471618652344,1.9073486328125e-06,2.384185791015625e-07
5184,0.0024716854095458984,1.9073486328125e-06,2.384185791015625e-07
5185,0.0016200542449951172,1.9073486328125e-06,2.384185791015625e-07
5186,0.002445220947265625,1.6689300537109375e-06,4.76837158203125e-07
5187,0.001962900161743164,1.9073486328125e-06,2.384185791015625e-07
5188,0.0018496513366699219,2.1457672119140625e-06,2.384185791015625e-07
5189,0.0023877620697021484,2.1457672119140625e-06,2.384185791015625e-07
5190,0.0022025108337402344,1.6689300537109375e-06,2.384185791015625e-07
5191,0.001956462860107422,1.6689300537109375e-06,2.384185791015625e-07
5192,0.0022284984588623047,1.6689300537109375e-06,4.76837158203125e-07
5193,0.0019273757934570312,1.9073486328125e-06,2.384185791015625e-07
5194,0.0022764205932617188,1.6689300537109375e-06,2.384185791015625e-07
5195,0.002712249755859375,1.9073486328125e-06,7.152557373046875e-07
5196,0.003148794174194336,1.6689300537109375e-06,2.384185791015625e-07
5197,0.0018644332885742188,1.430511474609375e-06,2.384185791015625e-07
5198,0.0018215179443359375,1.9073486328125e-06,4.76837158203125e-07
5199,0.0014171600341796875,1.9073486328125e-06,7.152557373046875e-07
5200,0.002465486526489258,1.6689300537109375e-06,4.76837158203125e-07
5201,0.0023822784423828125,1.6689300537109375e-06,2.384185791015625e-07
5202,0.002447843551635742,1.6689300537109375e-06,2.384185791015625e-07
5203,0.0017077922821044922,1.6689300537109375e-06,2.384185791015625e-07
5204,0.002486705780029297,1.6689300537109375e-06,2.384185791015625e-07
5205,0.002344846725463867,1.6689300537109375e-06,2.384185791015625e-07
5206,0.0018458366394042969,1.430511474609375e-06,2.384185791015625e-07
5207,0.002209901809692383,1.6689300537109375e-06,7.152557373046875e-07
5208,0.002290964126586914,1.6689300537109375e-06,2.384185791015625e-07
5209,0.002049684524536133,1.6689300537109375e-06,2.384185791015625e-07
5210,0.002506732940673828,1.9073486328125e-06,2.384185791015625e-07
5211,0.0019881725311279297,1.9073486328125e-06,2.384185791015625e-07
5212,0.0025315284729003906,1.9073486328125e-06,4.76837158203125e-07
5213,0.002221345901489258,1.9073486328125e-06,2.384185791015625e-07
5214,0.002293825149536133,1.3589859008789062e-05,2.384185791015625e-07
5215,0.0025930404663085938,1.6689300537109375e-06,2.384185791015625e-07
5216,0.0018634796142578125,1.6689300537109375e-06,7.152557373046875e-07
5217,0.0020952224731445312,1.6689300537109375e-06,2.384185791015625e-07
5218,0.0019369125366210938,1.6689300537109375e-06,2.384185791015625e-07
5219,0.002848386764526367,1.430511474609375e-06,2.384185791015625e-07
5220,0.0026001930236816406,1.430511474609375e-06,4.76837158203125e-07
5221,0.0028429031372070312,1.6689300537109375e-06,2.384185791015625e-07
5222,0.0031871795654296875,1.6689300537109375e-06,2.384185791015625e-07
5223,0.0027544498443603516,2.1457672119140625e-06,2.384185791015625e-07
5224,0.0017557144165039062,2.1457672119140625e-06,2.384185791015625e-07
5225,0.0021615028381347656,2.1457672119140625e-06,2.384185791015625e-07
5226,0.002359628677368164,1.9073486328125e-06,2.384185791015625e-07
5227,0.0024890899658203125,1.6689300537109375e-06,2.384185791015625e-07
5228,0.0024225711822509766,1.430511474609375e-06,2.384185791015625e-07
5229,0.0020062923431396484,1.9073486328125e-06,2.384185791015625e-07
5230,0.0028777122497558594,1.6689300537109375e-06,2.384185791015625e-07
5231,0.002123117446899414,1.6689300537109375e-06,2.384185791015625e-07
5232,0.0016944408416748047,1.9073486328125e-06,2.384185791015625e-07
5233,0.0028340816497802734,1.9073486328125e-06,2.384185791015625e-07
5234,0.0026733875274658203,1.6689300537109375e-06,2.384185791015625e-07
5235,0.0024771690368652344,1.6689300537109375e-06,2.384185791015625e-07
5236,0.002353668212890625,1.9073486328125e-06,2.384185791015625e-07
5237,0.002346515655517578,1.6689300537109375e-06,2.384185791015625e-07
5238,0.00257110595703125,1.6689300537109375e-06,2.384185791015625e-07
5239,0.0025093555450439453,1.9073486328125e-06,2.384185791015625e-07
5240,0.002703428268432617,1.6689300537109375e-06,2.384185791015625e-07
5241,0.0018510818481445312,1.9073486328125e-06,2.384185791015625e-07
5242,0.001569509506225586,1.9073486328125e-06,2.384185791015625e-07
5243,0.002341747283935547,1.6689300537109375e-06,2.384185791015625e-07
5244,0.00188446044921875,1.6689300537109375e-06,2.384185791015625e-07
5245,0.002564668655395508,1.9073486328125e-06,2.384185791015625e-07
5246,0.0025730133056640625,1.9073486328125e-06,4.76837158203125e-07
5247,0.00196075439453125,2.1457672119140625e-06,4.76837158203125e-07
5248,0.0024178028106689453,2.1457672119140625e-06,2.384185791015625e-07
5249,0.002233266830444336,1.9073486328125e-06,2.384185791015625e-07
5250,0.0019032955169677734,1.9073486328125e-06,4.76837158203125e-07
5251,0.002530813217163086,1.6689300537109375e-06,2.384185791015625e-07
5252,0.0017709732055664062,1.6689300537109375e-06,4.76837158203125e-07
5253,0.0022177696228027344,1.6689300537109375e-06,2.384185791015625e-07
5254,0.0024161338806152344,1.9073486328125e-06,4.76837158203125e-07
5255,0.0024557113647460938,1.9073486328125e-06,4.76837158203125e-07
5256,0.0014948844909667969,1.9073486328125e-06,4.76837158203125e-07
5257,0.0021772384643554688,1.6689300537109375e-06,4.76837158203125e-07
5258,0.0025300979614257812,2.1457672119140625e-06,2.384185791015625e-07
5259,0.0017313957214355469,2.1457672119140625e-06,2.384185791015625e-07
5260,0.0019063949584960938,1.9073486328125e-06,2.384185791015625e-07
5261,0.002557992935180664,1.9073486328125e-06,4.76837158203125e-07
5262,0.0022563934326171875,1.9073486328125e-06,2.384185791015625e-07
5263,0.0020647048950195312,1.9073486328125e-06,2.384185791015625e-07
5264,0.0024480819702148438,1.9073486328125e-06,2.384185791015625e-07
5265,0.0026421546936035156,1.6689300537109375e-06,2.384185791015625e-07
5266,0.0029840469360351562,1.9073486328125e-06,2.384185791015625e-07
5267,0.001918792724609375,1.6689300537109375e-06,2.384185791015625e-07
5268,0.0023474693298339844,1.9073486328125e-06,4.76837158203125e-07
5269,0.0022704601287841797,1.9073486328125e-06,4.76837158203125e-07
5270,0.0020341873168945312,1.9073486328125e-06,2.384185791015625e-07
5271,0.002317190170288086,1.6689300537109375e-06,2.384185791015625e-07
5272,0.0023958683013916016,2.1457672119140625e-06,2.384185791015625e-07
5273,0.0021665096282958984,2.1457672119140625e-06,2.384185791015625e-07
5274,0.002120494842529297,2.1457672119140625e-06,2.384185791015625e-07
5275,0.002377033233642578,1.6689300537109375e-06,4.76837158203125e-07
5276,0.002507448196411133,1.430511474609375e-06,2.384185791015625e-07
5277,0.0020058155059814453,1.6689300537109375e-06,2.384185791015625e-07
5278,0.0029959678649902344,1.430511474609375e-06,2.384185791015625e-07
5279,0.001857757568359375,1.6689300537109375e-06,2.384185791015625e-07
5280,0.0020601749420166016,1.9073486328125e-06,2.384185791015625e-07
5281,0.002589702606201172,1.9073486328125e-06,2.384185791015625e-07
5282,0.0025703907012939453,1.9073486328125e-06,2.384185791015625e-07
5283,0.002468109130859375,1.6689300537109375e-06,2.384185791015625e-07
5284,0.0028820037841796875,1.6689300537109375e-06,2.384185791015625e-07
5285,0.0027904510498046875,1.9073486328125e-06,2.384185791015625e-07
5286,0.002384185791015625,1.9073486328125e-06,2.384185791015625e-07
5287,0.001842498779296875,1.6689300537109375e-06,2.384185791015625e-07
5288,0.002108335494995117,1.6689300537109375e-06,2.384185791015625e-07
5289,0.0020685195922851562,1.9073486328125e-06,4.76837158203125e-07
5290,0.0023360252380371094,1.6689300537109375e-06,4.76837158203125e-07
5291,0.0019321441650390625,1.6689300537109375e-06,4.76837158203125e-07
5292,0.0018086433410644531,1.6689300537109375e-06,2.384185791015625e-07
5293,0.002505779266357422,1.9073486328125e-06,2.384185791015625e-07
5294,0.002268075942993164,1.6689300537109375e-06,2.384185791015625e-07
5295,0.0021767616271972656,1.9073486328125e-06,2.384185791015625e-07
5296,0.0022585391998291016,1.6689300537109375e-06,4.76837158203125e-07
5297,0.0024268627166748047,1.6689300537109375e-06,2.384185791015625e-07
5298,0.00168609619140625,1.9073486328125e-06,2.384185791015625e-07
5299,0.0019488334655761719,1.6689300537109375e-06,2.384185791015625e-07
5300,0.00212860107421875,2.384185791015625e-06,2.384185791015625e-07
5301,0.0015153884887695312,2.1457672119140625e-06,2.384185791015625e-07
5302,0.0020678043365478516,1.9073486328125e-06,2.384185791015625e-07
5303,0.0027191638946533203,1.6689300537109375e-06,2.384185791015625e-07
5304,0.0017590522766113281,1.6689300537109375e-06,2.384185791015625e-07
5305,0.002222776412963867,2.1457672119140625e-06,2.384185791015625e-07
5306,0.0021245479583740234,1.9073486328125e-06,2.384185791015625e-07
5307,0.0018761157989501953,2.1457672119140625e-06,2.384185791015625e-07
5308,0.0020799636840820312,2.1457672119140625e-06,2.384185791015625e-07
5309,0.0025107860565185547,1.6689300537109375e-06,4.76837158203125e-07
5310,0.002196073532104492,1.6689300537109375e-06,4.76837158203125e-07
5311,0.003123044967651367,1.9073486328125e-06,2.384185791015625e-07
5312,0.0021643638610839844,1.6689300537109375e-06,2.384185791015625e-07
5313,0.0018172264099121094,2.1457672119140625e-06,4.76837158203125e-07
5314,0.0016078948974609375,1.9073486328125e-06,2.384185791015625e-07
5315,0.0021152496337890625,1.9073486328125e-06,2.384185791015625e-07
5316,0.0018200874328613281,2.1457672119140625e-06,2.384185791015625e-07
5317,0.002586841583251953,1.6689300537109375e-06,4.76837158203125e-07
5318,0.00243377685546875,2.1457672119140625e-06,2.384185791015625e-07
5319,0.0014374256134033203,2.1457672119140625e-06,2.384185791015625e-07
5320,0.0023360252380371094,2.1457672119140625e-06,2.384185791015625e-07
5321,0.0022313594818115234,2.1457672119140625e-06,2.384185791015625e-07
5322,0.002414703369140625,1.9073486328125e-06,2.384185791015625e-07
5323,0.002359151840209961,2.1457672119140625e-06,2.384185791015625e-07
5324,0.002142667770385742,1.9073486328125e-06,4.76837158203125e-07
5325,0.0017023086547851562,1.9073486328125e-06,2.384185791015625e-07
5326,0.0025386810302734375,1.6689300537109375e-06,2.384185791015625e-07
5327,0.0015530586242675781,1.9073486328125e-06,2.384185791015625e-07
5328,0.0018122196197509766,1.9073486328125e-06,2.384185791015625e-07
5329,0.002183198928833008,1.6689300537109375e-06,2.384185791015625e-07
5330,0.0018868446350097656,1.9073486328125e-06,2.384185791015625e-07
5331,0.002643585205078125,1.6689300537109375e-06,2.384185791015625e-07
5332,0.0025920867919921875,1.6689300537109375e-06,7.152557373046875e-07
5333,0.002294301986694336,1.430511474609375e-06,2.384185791015625e-07
5334,0.0025975704193115234,1.6689300537109375e-06,2.384185791015625e-07
5335,0.0016741752624511719,1.430511474609375e-06,4.76837158203125e-07
5336,0.0020835399627685547,1.6689300537109375e-06,2.384185791015625e-07
5337,0.0018565654754638672,1.9073486328125e-06,2.384185791015625e-07
5338,0.002287626266479492,1.6689300537109375e-06,2.384185791015625e-07
5339,0.002348184585571289,1.9073486328125e-06,2.384185791015625e-07
5340,0.002289295196533203,1.6689300537109375e-06,2.384185791015625e-07
5341,0.0023927688598632812,1.9073486328125e-06,2.384185791015625e-07
5342,0.0027430057525634766,1.6689300537109375e-06,2.384185791015625e-07
5343,0.001966238021850586,1.430511474609375e-06,2.384185791015625e-07
5344,0.0023500919342041016,1.6689300537109375e-06,2.384185791015625e-07
5345,0.002569437026977539,1.6689300537109375e-06,4.76837158203125e-07
5346,0.0024547576904296875,1.9073486328125e-06,2.384185791015625e-07
5347,0.0025970935821533203,1.9073486328125e-06,2.384185791015625e-07
5348,0.0019071102142333984,1.6689300537109375e-06,2.384185791015625e-07
5349,0.002579927444458008,2.1457672119140625e-06,2.384185791015625e-07
5350,0.0019822120666503906,1.6689300537109375e-06,2.384185791015625e-07
5351,0.0018010139465332031,1.9073486328125e-06,2.384185791015625e-07
5352,0.0311892032623291,1.6689300537109375e-06,2.384185791015625e-07
5353,0.0034019947052001953,1.6689300537109375e-06,2.384185791015625e-07
5354,0.0018923282623291016,1.430511474609375e-06,2.384185791015625e-07
5355,0.003038167953491211,1.6689300537109375e-06,2.384185791015625e-07
5356,0.002643108367919922,1.6689300537109375e-06,2.384185791015625e-07
5357,0.002258777618408203,1.6689300537109375e-06,2.384185791015625e-07
5358,0.0031316280364990234,1.6689300537109375e-06,2.384185791015625e-07
5359,0.002572298049926758,1.6689300537109375e-06,2.384185791015625e-07
5360,0.0025281906127929688,1.9073486328125e-06,2.384185791015625e-07
5361,0.0028641223907470703,1.430511474609375e-06,2.384185791015625e-07
5362,0.00156402587890625,1.9073486328125e-06,2.384185791015625e-07
5363,0.002152681350708008,1.9073486328125e-06,2.384185791015625e-07
5364,0.0023987293243408203,1.9073486328125e-06,4.76837158203125e-07
5365,0.002170085906982422,1.6689300537109375e-06,0.0
5366,0.0025756359100341797,1.6689300537109375e-06,2.384185791015625e-07
5367,0.002608060836791992,1.6689300537109375e-06,2.384185791015625e-07
5368,0.0021905899047851562,2.1457672119140625e-06,2.384185791015625e-07
5369,0.002337217330932617,1.430511474609375e-06,4.76837158203125e-07
5370,0.0022382736206054688,1.9073486328125e-06,2.384185791015625e-07
5371,0.0026578903198242188,2.1457672119140625e-06,2.384185791015625e-07
5372,0.0024063587188720703,2.1457672119140625e-06,4.76837158203125e-07
5373,0.003988742828369141,1.9073486328125e-06,2.384185791015625e-07
5374,0.0023894309997558594,2.1457672119140625e-06,4.76837158203125e-07
5375,0.002085447311401367,1.9073486328125e-06,2.384185791015625e-07
5376,0.002423524856567383,1.9073486328125e-06,4.76837158203125e-07
5377,0.0023908615112304688,2.1457672119140625e-06,2.384185791015625e-07
5378,0.002348184585571289,1.9073486328125e-06,2.384185791015625e-07
5379,0.001875162124633789,1.6689300537109375e-06,0.0
5380,0.002130270004272461,1.9073486328125e-06,4.76837158203125e-07
5381,0.0028769969940185547,1.9073486328125e-06,2.384185791015625e-07
5382,0.002699136734008789,1.430511474609375e-06,4.76837158203125e-07
5383,0.0025396347045898438,2.6226043701171875e-06,2.384185791015625e-07
5384,0.0027539730072021484,1.6689300537109375e-06,2.384185791015625e-07
5385,0.002953052520751953,1.6689300537109375e-06,4.76837158203125e-07
5386,0.002546072006225586,1.6689300537109375e-06,4.76837158203125e-07
5387,0.002766847610473633,1.6689300537109375e-06,2.384185791015625e-07
5388,0.002378702163696289,2.1457672119140625e-06,2.384185791015625e-07
5389,0.002553224563598633,1.6689300537109375e-06,2.384185791015625e-07
5390,0.002642393112182617,2.1457672119140625e-06,2.384185791015625e-07
5391,0.002210378646850586,2.1457672119140625e-06,2.384185791015625e-07
5392,0.0029435157775878906,1.9073486328125e-06,2.384185791015625e-07
5393,0.0025517940521240234,1.9073486328125e-06,2.384185791015625e-07
5394,0.0031423568725585938,1.6689300537109375e-06,2.384185791015625e-07
5395,0.002199888229370117,1.9073486328125e-06,2.384185791015625e-07
5396,0.0029447078704833984,1.430511474609375e-06,4.76837158203125e-07
5397,0.0027740001678466797,1.6689300537109375e-06,2.384185791015625e-07
5398,0.001800537109375,1.9073486328125e-06,2.384185791015625e-07
5399,0.0027365684509277344,1.9073486328125e-06,2.384185791015625e-07
5400,0.003141164779663086,1.430511474609375e-06,2.384185791015625e-07
5401,0.0024538040161132812,1.6689300537109375e-06,2.384185791015625e-07
5402,0.0018391609191894531,1.6689300537109375e-06,2.384185791015625e-07
5403,0.002604961395263672,1.6689300537109375e-06,4.76837158203125e-07
5404,0.00182342529296875,1.6689300537109375e-06,2.384185791015625e-07
5405,0.0025801658630371094,1.6689300537109375e-06,2.384185791015625e-07
5406,0.002260923385620117,1.9073486328125e-06,2.384185791015625e-07
5407,0.002175569534301758,1.9073486328125e-06,2.384185791015625e-07
5408,0.002747774124145508,1.6689300537109375e-06,2.384185791015625e-07
5409,0.002586841583251953,2.1457672119140625e-06,7.152557373046875e-07
5410,0.0027709007263183594,1.9073486328125e-06,2.384185791015625e-07
5411,0.0017688274383544922,1.6689300537109375e-06,4.76837158203125e-07
5412,0.0028104782104492188,1.430511474609375e-06,2.384185791015625e-07
5413,0.0023887157440185547,1.9073486328125e-06,2.384185791015625e-07
5414,0.00206756591796875,2.6226043701171875e-06,4.76837158203125e-07
5415,0.0025691986083984375,2.1457672119140625e-06,2.384185791015625e-07
5416,0.0029053688049316406,1.430511474609375e-06,2.384185791015625e-07
5417,0.0026273727416992188,1.6689300537109375e-06,4.76837158203125e-07
5418,0.002850770950317383,1.6689300537109375e-06,2.384185791015625e-07
5419,0.0019533634185791016,1.9073486328125e-06,2.384185791015625e-07
5420,0.002607583999633789,2.6226043701171875e-06,2.384185791015625e-07
5421,0.002679109573364258,1.9073486328125e-06,2.384185791015625e-07
5422,0.002150297164916992,1.9073486328125e-06,4.76837158203125e-07
5423,0.0025382041931152344,1.9073486328125e-06,2.384185791015625e-07
5424,0.002312898635864258,2.1457672119140625e-06,2.384185791015625e-07
5425,0.002283811569213867,1.9073486328125e-06,2.384185791015625e-07
5426,0.00209808349609375,1.9073486328125e-06,2.384185791015625e-07
5427,0.0030782222747802734,2.1457672119140625e-06,2.384185791015625e-07
5428,0.002789735794067383,1.9073486328125e-06,2.384185791015625e-07
5429,0.00287628173828125,1.9073486328125e-06,2.384185791015625e-07
5430,0.002593517303466797,1.9073486328125e-06,2.384185791015625e-07
5431,0.002058267593383789,2.384185791015625e-06,2.384185791015625e-07
5432,0.003531217575073242,2.384185791015625e-06,2.384185791015625e-07
5433,0.0022249221801757812,1.6689300537109375e-06,2.384185791015625e-07
5434,0.0028150081634521484,1.6689300537109375e-06,4.76837158203125e-07
5435,0.0028040409088134766,1.6689300537109375e-06,2.384185791015625e-07
5436,0.0024483203887939453,1.9073486328125e-06,4.76837158203125e-07
5437,0.002665281295776367,1.6689300537109375e-06,2.384185791015625e-07
5438,0.002831697463989258,1.9073486328125e-06,2.384185791015625e-07
5439,0.0023238658905029297,1.9073486328125e-06,2.384185791015625e-07
5440,0.002712726593017578,1.6689300537109375e-06,4.76837158203125e-07
5441,0.002100229263305664,1.6689300537109375e-06,2.384185791015625e-07
5442,0.0020635128021240234,1.9073486328125e-06,2.384185791015625e-07
5443,0.002450227737426758,1.6689300537109375e-06,2.384185791015625e-07
5444,0.0027256011962890625,1.6689300537109375e-06,2.384185791015625e-07
5445,0.002584218978881836,1.9073486328125e-06,2.384185791015625e-07
5446,0.002267122268676758,1.9073486328125e-06,2.384185791015625e-07
5447,0.0018725395202636719,2.1457672119140625e-06,2.384185791015625e-07
5448,0.0019884109497070312,2.1457672119140625e-06,2.384185791015625e-07
5449,0.0022630691528320312,1.6689300537109375e-06,2.384185791015625e-07
5450,0.002057313919067383,2.1457672119140625e-06,4.76837158203125e-07
5451,0.0018062591552734375,1.6689300537109375e-06,2.384185791015625e-07
5452,0.0022339820861816406,1.6689300537109375e-06,4.76837158203125e-07
5453,0.0027611255645751953,2.1457672119140625e-06,4.76837158203125e-07
5454,0.0021681785583496094,1.9073486328125e-06,4.76837158203125e-07
5455,0.002562999725341797,1.9073486328125e-06,4.76837158203125e-07
5456,0.0025374889373779297,1.6689300537109375e-06,4.76837158203125e-07
5457,0.002783060073852539,1.9073486328125e-06,2.384185791015625e-07
5458,0.0022563934326171875,2.1457672119140625e-06,2.384185791015625e-07
5459,0.0027992725372314453,2.1457672119140625e-06,2.384185791015625e-07
5460,0.0028066635131835938,2.384185791015625e-06,2.384185791015625e-07
5461,0.002097606658935547,2.1457672119140625e-06,2.384185791015625e-07
5462,0.0023679733276367188,1.9073486328125e-06,2.384185791015625e-07
5463,0.002620697021484375,2.1457672119140625e-06,4.76837158203125e-07
5464,0.0024247169494628906,2.1457672119140625e-06,4.76837158203125e-07
5465,0.002343416213989258,2.384185791015625e-06,2.384185791015625e-07
5466,0.002727508544921875,1.9073486328125e-06,4.76837158203125e-07
5467,0.0027840137481689453,1.9073486328125e-06,4.76837158203125e-07
5468,0.002591371536254883,2.1457672119140625e-06,2.384185791015625e-07
5469,0.002577543258666992,1.9073486328125e-06,2.384185791015625e-07
5470,0.0020487308502197266,1.9073486328125e-06,2.384185791015625e-07
5471,0.002305746078491211,1.6689300537109375e-06,2.384185791015625e-07
5472,0.0018754005432128906,1.9073486328125e-06,2.384185791015625e-07
5473,0.002134561538696289,1.6689300537109375e-06,2.384185791015625e-07
5474,0.002342700958251953,1.9073486328125e-06,4.76837158203125e-07
5475,0.002463102340698242,2.1457672119140625e-06,4.76837158203125e-07
5476,0.001954793930053711,1.6689300537109375e-06,4.76837158203125e-07
5477,0.002507448196411133,1.9073486328125e-06,2.384185791015625e-07
5478,0.002436399459838867,1.6689300537109375e-06,2.384185791015625e-07
5479,0.002635478973388672,2.1457672119140625e-06,2.384185791015625e-07
5480,0.002278566360473633,1.9073486328125e-06,2.384185791015625e-07
5481,0.0023076534271240234,2.1457672119140625e-06,2.384185791015625e-07
5482,0.0021333694458007812,2.1457672119140625e-06,4.76837158203125e-07
5483,0.002538442611694336,2.1457672119140625e-06,2.384185791015625e-07
5484,0.0017619132995605469,2.384185791015625e-06,2.384185791015625e-07
5485,0.0022623538970947266,1.9073486328125e-06,4.76837158203125e-07
5486,0.0018875598907470703,1.9073486328125e-06,4.76837158203125e-07
5487,0.002231121063232422,1.9073486328125e-06,2.384185791015625e-07
5488,0.0018291473388671875,2.1457672119140625e-06,2.384185791015625e-07
5489,0.0021162033081054688,1.9073486328125e-06,2.384185791015625e-07
5490,0.0018453598022460938,1.9073486328125e-06,2.384185791015625e-07
5491,0.0019354820251464844,1.9073486328125e-06,2.384185791015625e-07
5492,0.002277374267578125,1.9073486328125e-06,2.384185791015625e-07
5493,0.0021190643310546875,1.9073486328125e-06,4.76837158203125e-07
5494,0.0025866031646728516,2.1457672119140625e-06,4.76837158203125e-07
5495,0.0018286705017089844,1.9073486328125e-06,2.384185791015625e-07
5496,0.002664327621459961,2.1457672119140625e-06,2.384185791015625e-07
5497,0.0021600723266601562,1.9073486328125e-06,2.384185791015625e-07
5498,0.0019676685333251953,1.9073486328125e-06,2.384185791015625e-07
5499,0.0016629695892333984,1.9073486328125e-06,2.384185791015625e-07
5500,0.0025396347045898438,2.1457672119140625e-06,4.76837158203125e-07
5501,0.002780914306640625,2.1457672119140625e-06,2.384185791015625e-07
5502,0.0022246837615966797,1.9073486328125e-06,2.384185791015625e-07
5503,0.0019643306732177734,2.1457672119140625e-06,2.384185791015625e-07
5504,0.0022499561309814453,2.1457672119140625e-06,2.384185791015625e-07
5505,0.0029087066650390625,1.6689300537109375e-06,4.76837158203125e-07
5506,0.0030968189239501953,1.6689300537109375e-06,2.384185791015625e-07
5507,0.0020601749420166016,1.6689300537109375e-06,2.384185791015625e-07
5508,0.002798795700073242,1.6689300537109375e-06,4.76837158203125e-07
5509,0.0024194717407226562,2.1457672119140625e-06,2.384185791015625e-07
5510,0.0024547576904296875,2.1457672119140625e-06,2.384185791015625e-07
5511,0.002880573272705078,2.384185791015625e-06,2.384185791015625e-07
5512,0.002530336380004883,1.6689300537109375e-06,2.384185791015625e-07
5513,0.0025022029876708984,1.9073486328125e-06,2.384185791015625e-07
5514,0.0018301010131835938,2.1457672119140625e-06,4.76837158203125e-07
5515,0.0024759769439697266,1.9073486328125e-06,2.384185791015625e-07
5516,0.0019774436950683594,2.1457672119140625e-06,2.384185791015625e-07
5517,0.001947641372680664,2.1457672119140625e-06,2.384185791015625e-07
5518,0.0025043487548828125,2.1457672119140625e-06,2.384185791015625e-07
5519,0.0028641223907470703,2.1457672119140625e-06,2.384185791015625e-07
5520,0.0026111602783203125,2.1457672119140625e-06,2.384185791015625e-07
5521,0.002784252166748047,1.6689300537109375e-06,2.384185791015625e-07
5522,0.002638101577758789,1.9073486328125e-06,4.76837158203125e-07
5523,0.0025408267974853516,1.6689300537109375e-06,4.76837158203125e-07
5524,0.0026171207427978516,1.9073486328125e-06,4.76837158203125e-07
5525,0.002338886260986328,1.6689300537109375e-06,2.384185791015625e-07
5526,0.0021467208862304688,1.6689300537109375e-06,2.384185791015625e-07
5527,0.0029685497283935547,2.1457672119140625e-06,2.384185791015625e-07
5528,0.0017352104187011719,1.6689300537109375e-06,2.384185791015625e-07
5529,0.0020132064819335938,1.6689300537109375e-06,2.384185791015625e-07
5530,0.002577543258666992,1.6689300537109375e-06,2.384185791015625e-07
5531,0.002253293991088867,1.6689300537109375e-06,2.384185791015625e-07
5532,0.0027081966400146484,1.9073486328125e-06,4.76837158203125e-07
5533,0.0024347305297851562,1.6689300537109375e-06,7.152557373046875e-07
5534,0.0020704269409179688,2.384185791015625e-06,2.384185791015625e-07
5535,0.0020356178283691406,1.6689300537109375e-06,2.384185791015625e-07
5536,0.002363920211791992,2.1457672119140625e-06,2.384185791015625e-07
5537,0.002422809600830078,1.9073486328125e-06,2.384185791015625e-07
5538,0.0023126602172851562,2.1457672119140625e-06,4.76837158203125e-07
5539,0.001961231231689453,1.9073486328125e-06,2.384185791015625e-07
5540,0.0015702247619628906,1.9073486328125e-06,2.384185791015625e-07
5541,0.002472400665283203,2.1457672119140625e-06,2.384185791015625e-07
5542,0.0026025772094726562,2.1457672119140625e-06,2.384185791015625e-07
5543,0.002650737762451172,1.9073486328125e-06,2.384185791015625e-07
5544,0.0020046234130859375,2.384185791015625e-06,2.384185791015625e-07
5545,0.002739429473876953,1.9073486328125e-06,2.384185791015625e-07
5546,0.0022993087768554688,2.384185791015625e-06,4.76837158203125e-07
5547,0.002559661865234375,1.9073486328125e-06,2.384185791015625e-07
5548,0.0019981861114501953,1.9073486328125e-06,2.384185791015625e-07
5549,0.0027780532836914062,1.9073486328125e-06,2.384185791015625e-07
5550,0.002645730972290039,1.9073486328125e-06,4.76837158203125e-07
5551,0.001863718032836914,1.9073486328125e-06,2.384185791015625e-07
5552,0.0026750564575195312,1.9073486328125e-06,2.384185791015625e-07
5553,0.0020706653594970703,1.9073486328125e-06,2.384185791015625e-07
5554,0.0026159286499023438,1.9073486328125e-06,2.384185791015625e-07
5555,0.0026671886444091797,1.9073486328125e-06,2.384185791015625e-07
5556,0.0027740001678466797,2.1457672119140625e-06,4.76837158203125e-07
5557,0.002530813217163086,1.9073486328125e-06,4.76837158203125e-07
5558,0.0015673637390136719,1.9073486328125e-06,2.384185791015625e-07
5559,0.002562284469604492,2.384185791015625e-06,4.76837158203125e-07
5560,0.0030541419982910156,1.9073486328125e-06,2.384185791015625e-07
5561,0.002377033233642578,2.1457672119140625e-06,4.76837158203125e-07
5562,0.002254009246826172,1.9073486328125e-06,2.384185791015625e-07
5563,0.0015764236450195312,1.6689300537109375e-06,2.384185791015625e-07
5564,0.0026395320892333984,2.6226043701171875e-06,2.384185791015625e-07
5565,0.0019426345825195312,1.6689300537109375e-06,2.384185791015625e-07
5566,0.0021779537200927734,1.9073486328125e-06,2.384185791015625e-07
5567,0.002666473388671875,1.9073486328125e-06,4.76837158203125e-07
5568,0.002347230911254883,1.9073486328125e-06,2.384185791015625e-07
5569,0.002587556838989258,1.9073486328125e-06,2.384185791015625e-07
5570,0.002750396728515625,1.9073486328125e-06,4.76837158203125e-07
5571,0.0025396347045898438,2.1457672119140625e-06,2.384185791015625e-07
5572,0.0019288063049316406,2.1457672119140625e-06,4.76837158203125e-07
5573,0.0019326210021972656,1.9073486328125e-06,4.76837158203125e-07
5574,0.0023000240325927734,1.9073486328125e-06,4.76837158203125e-07
5575,0.0019614696502685547,1.9073486328125e-06,4.76837158203125e-07
5576,0.0024483203887939453,1.6689300537109375e-06,2.384185791015625e-07
5577,0.0020036697387695312,1.6689300537109375e-06,2.384185791015625e-07
5578,0.002925872802734375,2.1457672119140625e-06,2.384185791015625e-07
5579,0.0027458667755126953,1.9073486328125e-06,2.384185791015625e-07
5580,0.0032405853271484375,2.1457672119140625e-06,2.384185791015625e-07
5581,0.0023813247680664062,2.384185791015625e-06,2.384185791015625e-07
5582,0.002744913101196289,2.6226043701171875e-06,4.76837158203125e-07
5583,0.0027823448181152344,2.1457672119140625e-06,4.76837158203125e-07
5584,0.0022835731506347656,1.9073486328125e-06,2.384185791015625e-07
5585,0.0019326210021972656,2.1457672119140625e-06,2.384185791015625e-07
5586,0.0027031898498535156,1.6689300537109375e-06,2.384185791015625e-07
5587,0.002457857131958008,1.9073486328125e-06,2.384185791015625e-07
5588,0.0022153854370117188,2.1457672119140625e-06,2.384185791015625e-07
5589,0.0021767616271972656,1.9073486328125e-06,2.384185791015625e-07
5590,0.002496004104614258,1.9073486328125e-06,4.76837158203125e-07
5591,0.0027251243591308594,1.9073486328125e-06,2.384185791015625e-07
5592,0.002182483673095703,1.9073486328125e-06,2.384185791015625e-07
5593,0.0019617080688476562,1.9073486328125e-06,2.384185791015625e-07
5594,0.0035462379455566406,1.6689300537109375e-06,2.384185791015625e-07
5595,0.0022008419036865234,1.6689300537109375e-06,2.384185791015625e-07
5596,0.0025115013122558594,1.9073486328125e-06,2.384185791015625e-07
5597,0.0020914077758789062,1.6689300537109375e-06,2.384185791015625e-07
5598,0.002004861831665039,2.1457672119140625e-06,2.384185791015625e-07
5599,0.0021791458129882812,2.1457672119140625e-06,2.384185791015625e-07
5600,0.002486705780029297,2.1457672119140625e-06,2.384185791015625e-07
5601,0.0022230148315429688,1.9073486328125e-06,2.384185791015625e-07
5602,0.0030939579010009766,1.9073486328125e-06,2.384185791015625e-07
5603,0.0025861263275146484,1.6689300537109375e-06,2.384185791015625e-07
5604,0.002440929412841797,1.9073486328125e-06,4.76837158203125e-07
5605,0.002247333526611328,1.9073486328125e-06,2.384185791015625e-07
5606,0.0020172595977783203,2.384185791015625e-06,2.384185791015625e-07
5607,0.0014774799346923828,1.9073486328125e-06,2.384185791015625e-07
5608,0.0021431446075439453,2.384185791015625e-06,7.152557373046875e-07
5609,0.0017578601837158203,1.9073486328125e-06,2.384185791015625e-07
5610,0.0021944046020507812,1.9073486328125e-06,2.384185791015625e-07
5611,0.0025234222412109375,2.1457672119140625e-06,4.76837158203125e-07
5612,0.0018811225891113281,1.6689300537109375e-06,2.384185791015625e-07
5613,0.002116680145263672,1.9073486328125e-06,7.152557373046875e-07
5614,0.002299070358276367,1.9073486328125e-06,2.384185791015625e-07
5615,0.00203704833984375,1.6689300537109375e-06,4.76837158203125e-07
5616,0.0024809837341308594,1.9073486328125e-06,2.384185791015625e-07
5617,0.0021250247955322266,1.430511474609375e-06,2.384185791015625e-07
5618,0.0019195079803466797,1.9073486328125e-06,2.384185791015625e-07
5619,0.0024089813232421875,1.430511474609375e-06,2.384185791015625e-07
5620,0.0020437240600585938,1.9073486328125e-06,4.76837158203125e-07
5621,0.002429962158203125,2.1457672119140625e-06,4.76837158203125e-07
5622,0.0027663707733154297,1.9073486328125e-06,4.76837158203125e-07
5623,0.0022809505462646484,2.1457672119140625e-06,2.384185791015625e-07
5624,0.002249002456665039,1.9073486328125e-06,2.384185791015625e-07
5625,0.002363443374633789,1.9073486328125e-06,2.384185791015625e-07
5626,0.0018236637115478516,1.9073486328125e-06,2.384185791015625e-07
5627,0.0022749900817871094,1.9073486328125e-06,2.384185791015625e-07
5628,0.002505779266357422,1.9073486328125e-06,2.384185791015625e-07
5629,0.0019941329956054688,1.9073486328125e-06,2.384185791015625e-07
5630,0.002409696578979492,1.9073486328125e-06,2.384185791015625e-07
5631,0.002419710159301758,1.9073486328125e-06,2.384185791015625e-07
5632,0.0018143653869628906,2.1457672119140625e-06,2.384185791015625e-07
5633,0.002513885498046875,2.1457672119140625e-06,2.384185791015625e-07
5634,0.002104043960571289,1.9073486328125e-06,2.384185791015625e-07
5635,0.0022804737091064453,1.9073486328125e-06,4.76837158203125e-07
5636,0.0016753673553466797,2.1457672119140625e-06,4.76837158203125e-07
5637,0.0023903846740722656,2.1457672119140625e-06,2.384185791015625e-07
5638,0.002045869827270508,1.9073486328125e-06,4.76837158203125e-07
5639,0.0023081302642822266,1.6689300537109375e-06,4.76837158203125e-07
5640,0.002627134323120117,2.1457672119140625e-06,4.76837158203125e-07
5641,0.002786397933959961,2.384185791015625e-06,4.76837158203125e-07
5642,0.002034902572631836,2.1457672119140625e-06,2.384185791015625e-07
5643,0.002942323684692383,2.1457672119140625e-06,2.384185791015625e-07
5644,0.0027294158935546875,2.384185791015625e-06,2.384185791015625e-07
5645,0.0021390914916992188,1.9073486328125e-06,4.76837158203125e-07
5646,0.002856731414794922,1.9073486328125e-06,2.384185791015625e-07
5647,0.002775907516479492,2.1457672119140625e-06,2.384185791015625e-07
5648,0.0023717880249023438,2.1457672119140625e-06,2.384185791015625e-07
5649,0.0015702247619628906,2.6226043701171875e-06,2.384185791015625e-07
5650,0.0023818016052246094,1.9073486328125e-06,2.384185791015625e-07
5651,0.0025370121002197266,1.6689300537109375e-06,2.384185791015625e-07
5652,0.0019865036010742188,1.6689300537109375e-06,4.76837158203125e-07
5653,0.0021791458129882812,1.9073486328125e-06,4.76837158203125e-07
5654,0.0021965503692626953,1.6689300537109375e-06,4.76837158203125e-07
5655,0.001627206802368164,2.1457672119140625e-06,2.384185791015625e-07
5656,0.0023691654205322266,2.1457672119140625e-06,2.384185791015625e-07
5657,0.002523660659790039,1.9073486328125e-06,2.384185791015625e-07
5658,0.0024971961975097656,2.384185791015625e-06,4.76837158203125e-07
5659,0.0026378631591796875,2.1457672119140625e-06,2.384185791015625e-07
5660,0.002149820327758789,2.384185791015625e-06,2.384185791015625e-07
5661,0.0018739700317382812,1.9073486328125e-06,2.384185791015625e-07
5662,0.0028645992279052734,1.9073486328125e-06,7.152557373046875e-07
5663,0.0029985904693603516,1.9073486328125e-06,2.384185791015625e-07
5664,0.0027124881744384766,1.6689300537109375e-06,2.384185791015625e-07
5665,0.0025205612182617188,1.9073486328125e-06,2.384185791015625e-07
5666,0.002367258071899414,2.1457672119140625e-06,4.76837158203125e-07
5667,0.002502918243408203,2.1457672119140625e-06,4.76837158203125e-07
5668,0.002599000930786133,1.9073486328125e-06,2.384185791015625e-07
5669,0.0020515918731689453,2.1457672119140625e-06,2.384185791015625e-07
5670,0.0024428367614746094,1.6689300537109375e-06,2.384185791015625e-07
5671,0.0028536319732666016,1.6689300537109375e-06,2.384185791015625e-07
5672,0.002424001693725586,1.6689300537109375e-06,2.384185791015625e-07
5673,0.002802610397338867,1.6689300537109375e-06,2.384185791015625e-07
5674,0.002318859100341797,2.1457672119140625e-06,7.152557373046875e-07
5675,0.002167224884033203,2.1457672119140625e-06,2.384185791015625e-07
5676,0.002199411392211914,1.9073486328125e-06,2.384185791015625e-07
5677,0.002805948257446289,1.9073486328125e-06,2.384185791015625e-07
5678,0.00295257568359375,2.384185791015625e-06,2.384185791015625e-07
5679,0.0020673274993896484,2.1457672119140625e-06,4.76837158203125e-07
5680,0.0025501251220703125,1.6689300537109375e-06,2.384185791015625e-07
5681,0.002222299575805664,1.6689300537109375e-06,2.384185791015625e-07
5682,0.0019538402557373047,1.9073486328125e-06,2.384185791015625e-07
5683,0.0017676353454589844,1.6689300537109375e-06,2.384185791015625e-07
5684,0.0025424957275390625,1.9073486328125e-06,2.384185791015625e-07
5685,0.002471923828125,2.1457672119140625e-06,2.384185791015625e-07
5686,0.0022683143615722656,2.1457672119140625e-06,2.384185791015625e-07
5687,0.001987934112548828,2.1457672119140625e-06,2.384185791015625e-07
5688,0.002332925796508789,1.9073486328125e-06,4.76837158203125e-07
5689,0.002882242202758789,1.9073486328125e-06,2.384185791015625e-07
5690,0.0022330284118652344,2.384185791015625e-06,2.384185791015625e-07
5691,0.0020227432250976562,1.6689300537109375e-06,2.384185791015625e-07
5692,0.002507448196411133,1.6689300537109375e-06,2.384185791015625e-07
5693,0.0017137527465820312,1.6689300537109375e-06,2.384185791015625e-07
5694,0.002391338348388672,1.6689300537109375e-06,4.76837158203125e-07
5695,0.002323150634765625,1.6689300537109375e-06,2.384185791015625e-07
5696,0.002971649169921875,1.9073486328125e-06,2.384185791015625e-07
5697,0.0016970634460449219,1.9073486328125e-06,4.76837158203125e-07
5698,0.0019392967224121094,1.9073486328125e-06,2.384185791015625e-07
5699,0.0017347335815429688,1.6689300537109375e-06,7.152557373046875e-07
5700,0.0020599365234375,1.9073486328125e-06,2.384185791015625e-07
5701,0.0018579959869384766,1.6689300537109375e-06,7.152557373046875e-07
5702,0.0021986961364746094,1.6689300537109375e-06,4.76837158203125e-07
5703,0.001749277114868164,1.9073486328125e-06,2.384185791015625e-07
5704,0.0016803741455078125,1.6689300537109375e-06,2.384185791015625e-07
5705,0.002086162567138672,2.1457672119140625e-06,2.384185791015625e-07
5706,0.0022749900817871094,2.1457672119140625e-06,2.384185791015625e-07
5707,0.0028018951416015625,1.9073486328125e-06,2.384185791015625e-07
5708,0.0024733543395996094,1.9073486328125e-06,2.384185791015625e-07
5709,0.002549886703491211,1.9073486328125e-06,4.76837158203125e-07
5710,0.002089977264404297,2.1457672119140625e-06,2.384185791015625e-07
5711,0.002049684524536133,1.9073486328125e-06,2.384185791015625e-07
5712,0.00215911865234375,2.1457672119140625e-06,2.384185791015625e-07
5713,0.0019078254699707031,2.1457672119140625e-06,2.384185791015625e-07
5714,0.002283334732055664,2.1457672119140625e-06,4.76837158203125e-07
5715,0.0016944408416748047,1.6689300537109375e-06,4.76837158203125e-07
5716,0.0024077892303466797,1.6689300537109375e-06,2.384185791015625e-07
5717,0.0019123554229736328,1.9073486328125e-06,2.384185791015625e-07
5718,0.0024797916412353516,1.9073486328125e-06,2.384185791015625e-07
5719,0.0023970603942871094,1.9073486328125e-06,2.384185791015625e-07
5720,0.002192258834838867,2.1457672119140625e-06,4.76837158203125e-07
5721,0.0021028518676757812,1.9073486328125e-06,2.384185791015625e-07
5722,0.002338409423828125,2.1457672119140625e-06,2.384185791015625e-07
5723,0.0021152496337890625,2.1457672119140625e-06,2.384185791015625e-07
5724,0.002227783203125,1.6689300537109375e-06,4.76837158203125e-07
5725,0.001825094223022461,1.6689300537109375e-06,2.384185791015625e-07
5726,0.002000570297241211,1.9073486328125e-06,4.76837158203125e-07
5727,0.001772165298461914,1.9073486328125e-06,2.384185791015625e-07
5728,0.0019941329956054688,2.6226043701171875e-06,2.384185791015625e-07
5729,0.0013628005981445312,1.6689300537109375e-06,4.76837158203125e-07
5730,0.0019004344940185547,2.1457672119140625e-06,2.384185791015625e-07
5731,0.0023241043090820312,2.1457672119140625e-06,2.384185791015625e-07
5732,0.0020089149475097656,1.9073486328125e-06,2.384185791015625e-07
5733,0.0020036697387695312,1.9073486328125e-06,4.76837158203125e-07
5734,0.0022423267364501953,2.1457672119140625e-06,7.152557373046875e-07
5735,0.001991748809814453,2.1457672119140625e-06,2.384185791015625e-07
5736,0.0023851394653320312,1.9073486328125e-06,2.384185791015625e-07
5737,0.0024564266204833984,1.9073486328125e-06,2.384185791015625e-07
5738,0.0018551349639892578,1.9073486328125e-06,2.384185791015625e-07
5739,0.0017554759979248047,1.6689300537109375e-06,2.384185791015625e-07
5740,0.001470327377319336,1.6689300537109375e-06,2.384185791015625e-07
5741,0.0017232894897460938,2.6226043701171875e-06,4.76837158203125e-07
5742,0.0014803409576416016,1.9073486328125e-06,2.384185791015625e-07
5743,0.0019521713256835938,2.1457672119140625e-06,2.384185791015625e-07
5744,0.0018391609191894531,2.1457672119140625e-06,2.384185791015625e-07
5745,0.001486063003540039,2.1457672119140625e-06,2.384185791015625e-07
5746,0.0018067359924316406,1.9073486328125e-06,4.76837158203125e-07
5747,0.0017547607421875,1.9073486328125e-06,7.152557373046875e-07
5748,0.0020411014556884766,1.9073486328125e-06,2.384185791015625e-07
5749,0.001827239990234375,1.9073486328125e-06,2.384185791015625e-07
5750,0.0021543502807617188,1.6689300537109375e-06,2.384185791015625e-07
5751,0.0016911029815673828,2.1457672119140625e-06,2.384185791015625e-07
5752,0.0019335746765136719,1.6689300537109375e-06,2.384185791015625e-07
5753,0.0021681785583496094,2.1457672119140625e-06,2.384185791015625e-07
5754,0.0019254684448242188,1.9073486328125e-06,2.384185791015625e-07
5755,0.002286672592163086,2.1457672119140625e-06,2.384185791015625e-07
5756,0.0019407272338867188,1.9073486328125e-06,2.384185791015625e-07
5757,0.0024204254150390625,2.384185791015625e-06,2.384185791015625e-07
5758,0.0020477771759033203,1.9073486328125e-06,2.384185791015625e-07
5759,0.002254009246826172,1.9073486328125e-06,4.76837158203125e-07
5760,0.0018165111541748047,1.6689300537109375e-06,4.76837158203125e-07
5761,0.0024950504302978516,2.1457672119140625e-06,0.0
5762,0.0014467239379882812,1.6689300537109375e-06,2.384185791015625e-07
5763,0.001970529556274414,1.6689300537109375e-06,2.384185791015625e-07
5764,0.0015594959259033203,1.6689300537109375e-06,4.76837158203125e-07
5765,0.0020155906677246094,1.9073486328125e-06,2.384185791015625e-07
5766,0.0015652179718017578,2.384185791015625e-06,2.384185791015625e-07
5767,0.0017199516296386719,2.1457672119140625e-06,2.384185791015625e-07
5768,0.002124786376953125,1.6689300537109375e-06,2.384185791015625e-07
5769,0.0017104148864746094,3.0994415283203125e-06,2.384185791015625e-07
5770,0.0015513896942138672,2.1457672119140625e-06,4.76837158203125e-07
5771,0.0016298294067382812,2.1457672119140625e-06,4.76837158203125e-07
5772,0.0022194385528564453,2.1457672119140625e-06,2.384185791015625e-07
5773,0.0027484893798828125,2.384185791015625e-06,2.384185791015625e-07
5774,0.001970052719116211,2.1457672119140625e-06,2.384185791015625e-07
5775,0.0019292831420898438,2.1457672119140625e-06,2.384185791015625e-07
5776,0.0019199848175048828,1.9073486328125e-06,4.76837158203125e-07
5777,0.0018124580383300781,1.9073486328125e-06,2.384185791015625e-07
5778,0.0018067359924316406,2.1457672119140625e-06,2.384185791015625e-07
5779,0.0019185543060302734,2.1457672119140625e-06,2.384185791015625e-07
5780,0.0018873214721679688,1.9073486328125e-06,7.152557373046875e-07
5781,0.002424001693725586,1.9073486328125e-06,2.384185791015625e-07
5782,0.0017247200012207031,1.6689300537109375e-06,2.384185791015625e-07
5783,0.002380847930908203,1.9073486328125e-06,2.384185791015625e-07
5784,0.0016694068908691406,1.9073486328125e-06,2.384185791015625e-07
5785,0.0018529891967773438,1.6689300537109375e-06,2.384185791015625e-07
5786,0.0015687942504882812,1.9073486328125e-06,4.76837158203125e-07
5787,0.0022597312927246094,1.6689300537109375e-06,2.384185791015625e-07
5788,0.0016613006591796875,1.6689300537109375e-06,2.384185791015625e-07
5789,0.002588987350463867,1.430511474609375e-06,2.384185791015625e-07
5790,0.0025420188903808594,1.9073486328125e-06,4.76837158203125e-07
5791,0.0024840831756591797,1.9073486328125e-06,2.384185791015625e-07
5792,0.0018596649169921875,2.1457672119140625e-06,2.384185791015625e-07
5793,0.002190828323364258,1.9073486328125e-06,4.76837158203125e-07
5794,0.002274036407470703,1.6689300537109375e-06,7.152557373046875e-07
5795,0.0020301342010498047,1.9073486328125e-06,2.384185791015625e-07
5796,0.0026290416717529297,2.1457672119140625e-06,2.384185791015625e-07
5797,0.0016574859619140625,2.1457672119140625e-06,2.384185791015625e-07
5798,0.002338409423828125,1.9073486328125e-06,2.384185791015625e-07
5799,0.00225830078125,1.9073486328125e-06,2.384185791015625e-07
5800,0.0015423297882080078,2.384185791015625e-06,2.384185791015625e-07
5801,0.0015904903411865234,1.6689300537109375e-06,4.76837158203125e-07
5802,0.0015478134155273438,1.6689300537109375e-06,2.384185791015625e-07
5803,0.001155853271484375,1.6689300537109375e-06,2.384185791015625e-07
5804,0.0017864704132080078,1.6689300537109375e-06,2.384185791015625e-07
5805,0.0017931461334228516,1.9073486328125e-06,4.76837158203125e-07
5806,0.0014891624450683594,1.9073486328125e-06,2.384185791015625e-07
5807,0.0017898082733154297,2.384185791015625e-06,2.384185791015625e-07
5808,0.0017352104187011719,1.9073486328125e-06,2.384185791015625e-07
5809,0.002007722854614258,2.1457672119140625e-06,4.76837158203125e-07
5810,0.0018076896667480469,2.1457672119140625e-06,2.384185791015625e-07
5811,0.0023126602172851562,1.9073486328125e-06,2.384185791015625e-07
5812,0.0023560523986816406,1.9073486328125e-06,2.384185791015625e-07
5813,0.0023751258850097656,1.9073486328125e-06,2.384185791015625e-07
5814,0.0019445419311523438,1.6689300537109375e-06,2.384185791015625e-07
5815,0.0015804767608642578,2.1457672119140625e-06,2.384185791015625e-07
5816,0.0024433135986328125,2.1457672119140625e-06,4.76837158203125e-07
5817,0.0029442310333251953,2.1457672119140625e-06,2.384185791015625e-07
5818,0.002399444580078125,2.1457672119140625e-06,4.76837158203125e-07
5819,0.002120494842529297,1.6689300537109375e-06,2.384185791015625e-07
5820,0.002403736114501953,2.1457672119140625e-06,2.384185791015625e-07
5821,0.0024809837341308594,2.1457672119140625e-06,2.384185791015625e-07
5822,0.0029561519622802734,2.384185791015625e-06,4.76837158203125e-07
5823,0.0015692710876464844,2.1457672119140625e-06,2.384185791015625e-07
5824,0.0017769336700439453,2.384185791015625e-06,2.384185791015625e-07
5825,0.0021185874938964844,1.6689300537109375e-06,4.76837158203125e-07
5826,0.001990795135498047,1.9073486328125e-06,4.76837158203125e-07
5827,0.002342700958251953,2.6226043701171875e-06,2.384185791015625e-07
5828,0.0025539398193359375,1.9073486328125e-06,2.384185791015625e-07
5829,0.002430438995361328,2.1457672119140625e-06,2.384185791015625e-07
5830,0.0023522377014160156,1.9073486328125e-06,2.384185791015625e-07
5831,0.0023980140686035156,1.6689300537109375e-06,4.76837158203125e-07
5832,0.0022873878479003906,1.9073486328125e-06,2.384185791015625e-07
5833,0.0026938915252685547,1.9073486328125e-06,2.384185791015625e-07
5834,0.002554655075073242,1.6689300537109375e-06,2.384185791015625e-07
5835,0.0020639896392822266,1.9073486328125e-06,2.384185791015625e-07
5836,0.0027756690979003906,1.6689300537109375e-06,4.76837158203125e-07
5837,0.002203702926635742,1.6689300537109375e-06,2.384185791015625e-07
5838,0.002457141876220703,2.1457672119140625e-06,2.384185791015625e-07
5839,0.001916646957397461,2.1457672119140625e-06,2.384185791015625e-07
5840,0.002164602279663086,2.1457672119140625e-06,2.384185791015625e-07
5841,0.0023899078369140625,2.1457672119140625e-06,4.76837158203125e-07
5842,0.0024590492248535156,2.1457672119140625e-06,2.384185791015625e-07
5843,0.002045869827270508,1.9073486328125e-06,2.384185791015625e-07
5844,0.0018794536590576172,1.9073486328125e-06,4.76837158203125e-07
5845,0.0019664764404296875,1.6689300537109375e-06,2.384185791015625e-07
5846,0.0023207664489746094,1.9073486328125e-06,2.384185791015625e-07
5847,0.0027074813842773438,1.9073486328125e-06,2.384185791015625e-07
5848,0.0028443336486816406,2.1457672119140625e-06,2.384185791015625e-07
5849,0.0024137496948242188,2.1457672119140625e-06,4.76837158203125e-07
5850,0.0020182132720947266,1.9073486328125e-06,4.76837158203125e-07
5851,0.002400636672973633,1.9073486328125e-06,2.384185791015625e-07
5852,0.002574920654296875,1.9073486328125e-06,2.384185791015625e-07
5853,0.001987457275390625,2.1457672119140625e-06,7.152557373046875e-07
5854,0.002565145492553711,1.9073486328125e-06,2.384185791015625e-07
5855,0.0010898113250732422,1.9073486328125e-06,2.384185791015625e-07
5856,0.0019412040710449219,1.9073486328125e-06,2.384185791015625e-07
5857,0.0020291805267333984,1.9073486328125e-06,2.384185791015625e-07
5858,0.0021660327911376953,2.1457672119140625e-06,2.384185791015625e-07
5859,0.001990795135498047,1.9073486328125e-06,2.384185791015625e-07
5860,0.0021753311157226562,1.9073486328125e-06,4.76837158203125e-07
5861,0.0020313262939453125,2.1457672119140625e-06,2.384185791015625e-07
5862,0.0020949840545654297,2.384185791015625e-06,2.384185791015625e-07
5863,0.002811908721923828,1.9073486328125e-06,2.384185791015625e-07
5864,0.0028541088104248047,2.1457672119140625e-06,2.384185791015625e-07
5865,0.0024924278259277344,1.9073486328125e-06,2.384185791015625e-07
5866,0.00237274169921875,1.9073486328125e-06,2.384185791015625e-07
5867,0.001821756362915039,1.9073486328125e-06,4.76837158203125e-07
5868,0.0026662349700927734,2.1457672119140625e-06,2.384185791015625e-07
5869,0.0020983219146728516,1.9073486328125e-06,4.76837158203125e-07
5870,0.002660512924194336,1.9073486328125e-06,4.76837158203125e-07
5871,0.002993345260620117,1.9073486328125e-06,4.76837158203125e-07
5872,0.0021517276763916016,2.1457672119140625e-06,7.152557373046875e-07
5873,0.002079010009765625,1.9073486328125e-06,4.76837158203125e-07
5874,0.0022759437561035156,1.9073486328125e-06,2.384185791015625e-07
5875,0.0028297901153564453,2.1457672119140625e-06,2.384185791015625e-07
5876,0.002778291702270508,1.9073486328125e-06,2.384185791015625e-07
5877,0.002929210662841797,1.9073486328125e-06,4.76837158203125e-07
5878,0.0019347667694091797,2.1457672119140625e-06,4.76837158203125e-07
5879,0.0021288394927978516,1.9073486328125e-06,2.384185791015625e-07
5880,0.0030477046966552734,2.1457672119140625e-06,2.384185791015625e-07
5881,0.0024652481079101562,2.384185791015625e-06,2.384185791015625e-07
5882,0.0014727115631103516,1.9073486328125e-06,2.384185791015625e-07
5883,0.0022881031036376953,2.1457672119140625e-06,4.76837158203125e-07
5884,0.002773761749267578,1.6689300537109375e-06,2.384185791015625e-07
5885,0.002928018569946289,1.6689300537109375e-06,2.384185791015625e-07
5886,0.0022919178009033203,1.6689300537109375e-06,2.384185791015625e-07
5887,0.002249002456665039,1.9073486328125e-06,2.384185791015625e-07
5888,0.0023889541625976562,1.9073486328125e-06,4.76837158203125e-07
5889,0.002567768096923828,2.1457672119140625e-06,2.384185791015625e-07
5890,0.0021920204162597656,2.1457672119140625e-06,2.384185791015625e-07
5891,0.0017664432525634766,1.9073486328125e-06,4.76837158203125e-07
5892,0.002196073532104492,2.1457672119140625e-06,2.384185791015625e-07
5893,0.002448558807373047,1.9073486328125e-06,2.384185791015625e-07
5894,0.002482175827026367,2.1457672119140625e-06,2.384185791015625e-07
5895,0.0022089481353759766,1.9073486328125e-06,2.384185791015625e-07
5896,0.0022623538970947266,2.1457672119140625e-06,2.384185791015625e-07
5897,0.002298593521118164,1.6689300537109375e-06,4.76837158203125e-07
5898,0.002474546432495117,1.9073486328125e-06,4.76837158203125e-07
5899,0.0025434494018554688,1.9073486328125e-06,4.76837158203125e-07
5900,0.0018572807312011719,2.1457672119140625e-06,2.384185791015625e-07
5901,0.0020732879638671875,2.1457672119140625e-06,2.384185791015625e-07
5902,0.0023992061614990234,1.9073486328125e-06,2.384185791015625e-07
5903,0.0019369125366210938,2.1457672119140625e-06,2.384185791015625e-07
5904,0.002638578414916992,2.1457672119140625e-06,4.76837158203125e-07
5905,0.0017609596252441406,1.6689300537109375e-06,2.384185791015625e-07
5906,0.002008676528930664,2.1457672119140625e-06,2.384185791015625e-07
5907,0.0019540786743164062,1.6689300537109375e-06,2.384185791015625e-07
5908,0.00212860107421875,1.9073486328125e-06,7.152557373046875e-07
5909,0.0023424625396728516,2.1457672119140625e-06,4.76837158203125e-07
5910,0.0027310848236083984,1.6689300537109375e-06,2.384185791015625e-07
5911,0.0021240711212158203,1.6689300537109375e-06,2.384185791015625e-07
5912,0.0015132427215576172,1.6689300537109375e-06,7.152557373046875e-07
5913,0.002553224563598633,1.6689300537109375e-06,2.384185791015625e-07
5914,0.0021529197692871094,1.6689300537109375e-06,4.76837158203125e-07
5915,0.0028481483459472656,1.6689300537109375e-06,2.384185791015625e-07
5916,0.0018668174743652344,1.9073486328125e-06,2.384185791015625e-07
5917,0.002053976058959961,1.9073486328125e-06,4.76837158203125e-07
5918,0.0019381046295166016,2.384185791015625e-06,4.76837158203125e-07
5919,0.0016798973083496094,2.1457672119140625e-06,2.384185791015625e-07
5920,0.0017669200897216797,1.9073486328125e-06,2.384185791015625e-07
5921,0.002110719680786133,1.9073486328125e-06,2.384185791015625e-07
5922,0.0024383068084716797,1.9073486328125e-06,2.384185791015625e-07
5923,0.0017299652099609375,1.9073486328125e-06,2.384185791015625e-07
5924,0.0017747879028320312,2.1457672119140625e-06,2.384185791015625e-07
5925,0.0015022754669189453,2.384185791015625e-06,4.76837158203125e-07
5926,0.0024566650390625,1.9073486328125e-06,4.76837158203125e-07
5927,0.002691507339477539,1.9073486328125e-06,4.76837158203125e-07
5928,0.0024030208587646484,2.1457672119140625e-06,2.384185791015625e-07
5929,0.002162933349609375,1.9073486328125e-06,2.384185791015625e-07
5930,0.0028820037841796875,1.9073486328125e-06,4.76837158203125e-07
5931,0.0027573108673095703,1.9073486328125e-06,2.384185791015625e-07
5932,0.0022478103637695312,1.9073486328125e-06,4.76837158203125e-07
5933,0.0025479793548583984,2.384185791015625e-06,2.384185791015625e-07
5934,0.002244234085083008,2.1457672119140625e-06,4.76837158203125e-07
5935,0.002437591552734375,1.9073486328125e-06,2.384185791015625e-07
5936,0.0011701583862304688,1.9073486328125e-06,7.152557373046875e-07
5937,0.0020198822021484375,2.384185791015625e-06,2.384185791015625e-07
5938,0.0022542476654052734,1.9073486328125e-06,7.152557373046875e-07
5939,0.002905130386352539,2.6226043701171875e-06,2.384185791015625e-07
5940,0.0023682117462158203,1.6689300537109375e-06,7.152557373046875e-07
5941,0.0021517276763916016,1.9073486328125e-06,4.76837158203125e-07
5942,0.0019931793212890625,1.9073486328125e-06,2.384185791015625e-07
5943,0.00247955322265625,1.9073486328125e-06,2.384185791015625e-07
5944,0.0022590160369873047,2.384185791015625e-06,2.384185791015625e-07
5945,0.0028772354125976562,1.6689300537109375e-06,2.384185791015625e-07
5946,0.0021054744720458984,2.384185791015625e-06,4.76837158203125e-07
5947,0.0021321773529052734,1.9073486328125e-06,2.384185791015625e-07
5948,0.002342700958251953,2.1457672119140625e-06,2.384185791015625e-07
5949,0.002161741256713867,1.9073486328125e-06,2.384185791015625e-07
5950,0.0022776126861572266,1.9073486328125e-06,2.384185791015625e-07
5951,0.0025217533111572266,1.9073486328125e-06,2.384185791015625e-07
5952,0.002389669418334961,2.1457672119140625e-06,7.152557373046875e-07
5953,0.002732515335083008,2.1457672119140625e-06,2.384185791015625e-07
5954,0.002384662628173828,1.6689300537109375e-06,2.384185791015625e-07
5955,0.002350330352783203,1.9073486328125e-06,2.384185791015625e-07
5956,0.002416372299194336,2.1457672119140625e-06,2.384185791015625e-07
5957,0.002526521682739258,1.9073486328125e-06,2.384185791015625e-07
5958,0.002647876739501953,2.1457672119140625e-06,2.384185791015625e-07
5959,0.002682924270629883,1.9073486328125e-06,2.384185791015625e-07
5960,0.002524852752685547,1.9073486328125e-06,4.76837158203125e-07
5961,0.002813100814819336,2.1457672119140625e-06,4.76837158203125e-07
5962,0.0021660327911376953,1.9073486328125e-06,4.76837158203125e-07
5963,0.002380847930908203,1.9073486328125e-06,4.76837158203125e-07
5964,0.003575563430786133,2.384185791015625e-06,2.384185791015625e-07
5965,0.002674579620361328,1.6689300537109375e-06,7.152557373046875e-07
5966,0.0024433135986328125,1.6689300537109375e-06,2.384185791015625e-07
5967,0.0024666786193847656,1.9073486328125e-06,2.384185791015625e-07
5968,0.0028235912322998047,2.1457672119140625e-06,4.76837158203125e-07
5969,0.0018241405487060547,1.9073486328125e-06,4.76837158203125e-07
5970,0.0027167797088623047,1.9073486328125e-06,4.76837158203125e-07
5971,0.0025718212127685547,2.384185791015625e-06,2.384185791015625e-07
5972,0.0026695728302001953,1.6689300537109375e-06,2.384185791015625e-07
5973,0.002312183380126953,1.9073486328125e-06,4.76837158203125e-07
5974,0.0020923614501953125,1.6689300537109375e-06,2.384185791015625e-07
5975,0.0021009445190429688,1.9073486328125e-06,2.384185791015625e-07
5976,0.002544879913330078,1.9073486328125e-06,2.384185791015625e-07
5977,0.0026044845581054688,1.430511474609375e-06,2.384185791015625e-07
5978,0.0026025772094726562,1.6689300537109375e-06,2.384185791015625e-07
5979,0.0015799999237060547,1.6689300537109375e-06,2.384185791015625e-07
5980,0.0025327205657958984,1.6689300537109375e-06,4.76837158203125e-07
5981,0.0021347999572753906,2.1457672119140625e-06,4.76837158203125e-07
5982,0.002231597900390625,1.9073486328125e-06,2.384185791015625e-07
5983,0.0027697086334228516,1.9073486328125e-06,4.76837158203125e-07
5984,0.0019104480743408203,2.1457672119140625e-06,2.384185791015625e-07
5985,0.0016629695892333984,1.9073486328125e-06,4.76837158203125e-07
5986,0.001565694808959961,1.9073486328125e-06,2.384185791015625e-07
5987,0.0022614002227783203,2.1457672119140625e-06,2.384185791015625e-07
5988,0.0021948814392089844,2.384185791015625e-06,2.384185791015625e-07
5989,0.0017547607421875,1.9073486328125e-06,2.384185791015625e-07
5990,0.0016353130340576172,2.1457672119140625e-06,2.384185791015625e-07
5991,0.0025336742401123047,1.9073486328125e-06,4.76837158203125e-07
5992,0.002588033676147461,2.1457672119140625e-06,2.384185791015625e-07
5993,0.001905679702758789,1.9073486328125e-06,2.384185791015625e-07
5994,0.0013885498046875,2.1457672119140625e-06,2.384185791015625e-07
5995,0.0019023418426513672,1.6689300537109375e-06,2.384185791015625e-07
5996,0.002438068389892578,1.6689300537109375e-06,2.384185791015625e-07
5997,0.002220630645751953,1.9073486328125e-06,2.384185791015625e-07
5998,0.0019969940185546875,1.9073486328125e-06,4.76837158203125e-07
5999,0.0016388893127441406,1.9073486328125e-06,2.384185791015625e-07
6000,0.0018346309661865234,1.9073486328125e-06,2.384185791015625e-07
6001,0.0014605522155761719,1.9073486328125e-06,9.5367431640625e-07
6002,0.001589059829711914,1.9073486328125e-06,2.384185791015625e-07
6003,0.0025398731231689453,1.9073486328125e-06,4.76837158203125e-07
6004,0.003019094467163086,1.9073486328125e-06,2.384185791015625e-07
6005,0.0025365352630615234,2.1457672119140625e-06,2.384185791015625e-07
6006,0.002849578857421875,2.384185791015625e-06,2.384185791015625e-07
6007,0.002263784408569336,1.6689300537109375e-06,2.384185791015625e-07
6008,0.002730846405029297,1.9073486328125e-06,2.384185791015625e-07
6009,0.002882242202758789,1.9073486328125e-06,2.384185791015625e-07
6010,0.0020258426666259766,1.6689300537109375e-06,2.384185791015625e-07
6011,0.0021915435791015625,1.6689300537109375e-06,2.384185791015625e-07
6012,0.002461671829223633,1.9073486328125e-06,2.384185791015625e-07
6013,0.0023005008697509766,1.9073486328125e-06,2.384185791015625e-07
6014,0.0025017261505126953,2.1457672119140625e-06,2.384185791015625e-07
6015,0.0026977062225341797,1.9073486328125e-06,2.384185791015625e-07
6016,0.0025489330291748047,1.9073486328125e-06,2.384185791015625e-07
6017,0.002759695053100586,1.9073486328125e-06,2.384185791015625e-07
6018,0.0013995170593261719,2.1457672119140625e-06,7.152557373046875e-07
6019,0.002398967742919922,1.9073486328125e-06,2.384185791015625e-07
6020,0.0019643306732177734,1.9073486328125e-06,2.384185791015625e-07
6021,0.002010822296142578,1.9073486328125e-06,2.384185791015625e-07
6022,0.0024263858795166016,1.9073486328125e-06,2.384185791015625e-07
6023,0.002361774444580078,2.1457672119140625e-06,2.384185791015625e-07
6024,0.002257823944091797,1.9073486328125e-06,2.384185791015625e-07
6025,0.0018265247344970703,1.9073486328125e-06,4.76837158203125e-07
6026,0.0025787353515625,1.9073486328125e-06,2.384185791015625e-07
6027,0.002526998519897461,2.1457672119140625e-06,2.384185791015625e-07
6028,0.002356290817260742,2.1457672119140625e-06,2.384185791015625e-07
6029,0.0022056102752685547,1.6689300537109375e-06,2.384185791015625e-07
6030,0.003040790557861328,2.384185791015625e-06,2.384185791015625e-07
6031,0.0021681785583496094,1.9073486328125e-06,2.384185791015625e-07
6032,0.002481222152709961,2.1457672119140625e-06,4.76837158203125e-07
6033,0.002879619598388672,1.6689300537109375e-06,4.76837158203125e-07
6034,0.002131938934326172,1.9073486328125e-06,2.384185791015625e-07
6035,0.0028836727142333984,1.9073486328125e-06,2.384185791015625e-07
6036,0.002493619918823242,1.9073486328125e-06,2.384185791015625e-07
6037,0.0021135807037353516,2.1457672119140625e-06,2.384185791015625e-07
6038,0.002431154251098633,2.1457672119140625e-06,2.384185791015625e-07
6039,0.0031037330627441406,2.1457672119140625e-06,2.384185791015625e-07
6040,0.0026929378509521484,2.1457672119140625e-06,4.76837158203125e-07
6041,0.0027725696563720703,1.9073486328125e-06,4.76837158203125e-07
6042,0.0021812915802001953,1.9073486328125e-06,4.76837158203125e-07
6043,0.002370119094848633,1.430511474609375e-06,2.384185791015625e-07
6044,0.0028731822967529297,1.9073486328125e-06,2.384185791015625e-07
6045,0.0023810863494873047,1.6689300537109375e-06,2.384185791015625e-07
6046,0.0028676986694335938,1.6689300537109375e-06,2.384185791015625e-07
6047,0.002277851104736328,1.6689300537109375e-06,4.76837158203125e-07
6048,0.0019958019256591797,1.6689300537109375e-06,2.384185791015625e-07
6049,0.002535104751586914,1.9073486328125e-06,4.76837158203125e-07
6050,0.0025212764739990234,1.6689300537109375e-06,2.384185791015625e-07
6051,0.0026388168334960938,1.6689300537109375e-06,4.76837158203125e-07
6052,0.0021550655364990234,1.6689300537109375e-06,2.384185791015625e-07
6053,0.0028586387634277344,1.430511474609375e-06,2.384185791015625e-07
6054,0.0032978057861328125,1.6689300537109375e-06,2.384185791015625e-07
6055,0.0030775070190429688,1.9073486328125e-06,4.76837158203125e-07
6056,0.0022721290588378906,2.1457672119140625e-06,4.76837158203125e-07
6057,0.0021810531616210938,2.1457672119140625e-06,4.76837158203125e-07
6058,0.0025603771209716797,1.6689300537109375e-06,2.384185791015625e-07
6059,0.002441883087158203,1.6689300537109375e-06,4.76837158203125e-07
6060,0.002488374710083008,1.6689300537109375e-06,4.76837158203125e-07
6061,0.002460479736328125,2.1457672119140625e-06,4.76837158203125e-07
6062,0.00244140625,2.1457672119140625e-06,2.384185791015625e-07
6063,0.0028243064880371094,2.384185791015625e-06,2.384185791015625e-07
6064,0.0023598670959472656,1.9073486328125e-06,4.76837158203125e-07
6065,0.0021827220916748047,1.9073486328125e-06,4.76837158203125e-07
6066,0.002630472183227539,1.9073486328125e-06,2.384185791015625e-07
6067,0.002397298812866211,1.9073486328125e-06,2.384185791015625e-07
6068,0.0027251243591308594,2.1457672119140625e-06,2.384185791015625e-07
6069,0.0020651817321777344,2.1457672119140625e-06,2.384185791015625e-07
6070,0.0024573802947998047,1.6689300537109375e-06,2.384185791015625e-07
6071,0.0022842884063720703,1.6689300537109375e-06,2.384185791015625e-07
6072,0.002418994903564453,1.6689300537109375e-06,2.384185791015625e-07
6073,0.003017902374267578,1.6689300537109375e-06,2.384185791015625e-07
6074,0.002515077590942383,2.1457672119140625e-06,4.76837158203125e-07
6075,0.002445220947265625,1.9073486328125e-06,2.384185791015625e-07
6076,0.0027875900268554688,1.9073486328125e-06,4.76837158203125e-07
6077,0.0028069019317626953,1.9073486328125e-06,2.384185791015625e-07
6078,0.002706289291381836,2.1457672119140625e-06,4.76837158203125e-07
6079,0.002750396728515625,1.9073486328125e-06,2.384185791015625e-07
6080,0.00266265869140625,2.1457672119140625e-06,2.384185791015625e-07
6081,0.0030469894409179688,1.9073486328125e-06,4.76837158203125e-07
6082,0.0026175975799560547,2.384185791015625e-06,4.76837158203125e-07
6083,0.002578258514404297,1.9073486328125e-06,2.384185791015625e-07
6084,0.0018627643585205078,1.9073486328125e-06,2.384185791015625e-07
6085,0.0021963119506835938,1.9073486328125e-06,4.76837158203125e-07
6086,0.002584218978881836,2.1457672119140625e-06,2.384185791015625e-07
6087,0.0025925636291503906,2.1457672119140625e-06,2.384185791015625e-07
6088,0.0018804073333740234,2.1457672119140625e-06,4.76837158203125e-07
6089,0.0018434524536132812,1.6689300537109375e-06,4.76837158203125e-07
6090,0.0025665760040283203,1.6689300537109375e-06,2.384185791015625e-07
6091,0.00262451171875,1.6689300537109375e-06,2.384185791015625e-07
6092,0.003152608871459961,1.9073486328125e-06,4.76837158203125e-07
6093,0.0027158260345458984,1.6689300537109375e-06,2.384185791015625e-07
6094,0.003214597702026367,1.6689300537109375e-06,2.384185791015625e-07
6095,0.0022835731506347656,1.6689300537109375e-06,2.384185791015625e-07
6096,0.002901792526245117,1.6689300537109375e-06,4.76837158203125e-07
6097,0.0028228759765625,1.9073486328125e-06,4.76837158203125e-07
6098,0.0024433135986328125,1.9073486328125e-06,2.384185791015625e-07
6099,0.0027039051055908203,2.1457672119140625e-06,2.384185791015625e-07
6100,0.003772258758544922,1.9073486328125e-06,4.76837158203125e-07
6101,0.002554655075073242,2.1457672119140625e-06,2.384185791015625e-07
6102,0.002198934555053711,1.9073486328125e-06,2.384185791015625e-07
6103,0.0016202926635742188,2.1457672119140625e-06,4.76837158203125e-07
6104,0.002332448959350586,1.6689300537109375e-06,4.76837158203125e-07
6105,0.0024175643920898438,1.6689300537109375e-06,2.384185791015625e-07
6106,0.002407073974609375,1.6689300537109375e-06,7.152557373046875e-07
6107,0.002614736557006836,1.9073486328125e-06,4.76837158203125e-07
6108,0.002888202667236328,1.9073486328125e-06,4.76837158203125e-07
6109,0.002471923828125,1.9073486328125e-06,4.76837158203125e-07
6110,0.0023775100708007812,1.9073486328125e-06,2.384185791015625e-07
6111,0.0019495487213134766,1.9073486328125e-06,2.384185791015625e-07
6112,0.0025746822357177734,1.9073486328125e-06,4.76837158203125e-07
6113,0.002145051956176758,2.1457672119140625e-06,4.76837158203125e-07
6114,0.002657651901245117,1.6689300537109375e-06,2.384185791015625e-07
6115,0.002820253372192383,1.6689300537109375e-06,2.384185791015625e-07
6116,0.0024940967559814453,2.1457672119140625e-06,2.384185791015625e-07
6117,0.0024869441986083984,1.9073486328125e-06,2.384185791015625e-07
6118,0.0015361309051513672,1.6689300537109375e-06,2.384185791015625e-07
6119,0.0022056102752685547,1.9073486328125e-06,2.384185791015625e-07
6120,0.002050161361694336,1.9073486328125e-06,4.76837158203125e-07
6121,0.002106904983520508,1.6689300537109375e-06,2.384185791015625e-07
6122,0.0025377273559570312,1.6689300537109375e-06,4.76837158203125e-07
6123,0.0024423599243164062,1.6689300537109375e-06,2.384185791015625e-07
6124,0.0020062923431396484,1.6689300537109375e-06,2.384185791015625e-07
6125,0.0022187232971191406,2.1457672119140625e-06,2.384185791015625e-07
6126,0.002189159393310547,1.9073486328125e-06,2.384185791015625e-07
6127,0.002671957015991211,2.1457672119140625e-06,2.384185791015625e-07
6128,0.002201080322265625,1.9073486328125e-06,2.384185791015625e-07
6129,0.002209186553955078,1.9073486328125e-06,2.384185791015625e-07
6130,0.0018887519836425781,1.9073486328125e-06,2.384185791015625e-07
6131,0.0022029876708984375,2.1457672119140625e-06,2.384185791015625e-07
6132,0.0022172927856445312,1.9073486328125e-06,2.384185791015625e-07
6133,0.0018150806427001953,1.9073486328125e-06,2.384185791015625e-07
6134,0.001940011978149414,1.9073486328125e-06,2.384185791015625e-07
6135,0.001756906509399414,2.1457672119140625e-06,0.0
6136,0.0024657249450683594,1.9073486328125e-06,2.384185791015625e-07
6137,0.003407716751098633,1.9073486328125e-06,4.76837158203125e-07
6138,0.0017879009246826172,2.1457672119140625e-06,2.384185791015625e-07
6139,0.0024678707122802734,1.9073486328125e-06,4.76837158203125e-07
6140,0.0018877983093261719,2.1457672119140625e-06,2.384185791015625e-07
6141,0.0030736923217773438,1.9073486328125e-06,2.384185791015625e-07
6142,0.0018515586853027344,1.9073486328125e-06,2.384185791015625e-07
6143,0.0016131401062011719,2.1457672119140625e-06,2.384185791015625e-07
6144,0.002254486083984375,1.9073486328125e-06,2.384185791015625e-07
6145,0.0026443004608154297,1.9073486328125e-06,2.384185791015625e-07
6146,0.002382993698120117,2.1457672119140625e-06,4.76837158203125e-07
6147,0.0017154216766357422,1.9073486328125e-06,4.76837158203125e-07
6148,0.0019218921661376953,1.9073486328125e-06,4.76837158203125e-07
6149,0.0024712085723876953,2.1457672119140625e-06,2.384185791015625e-07
6150,0.0027976036071777344,1.9073486328125e-06,4.76837158203125e-07
6151,0.0023653507232666016,2.1457672119140625e-06,4.76837158203125e-07
6152,0.0023345947265625,1.6689300537109375e-06,2.384185791015625e-07
6153,0.002509593963623047,2.6226043701171875e-06,4.76837158203125e-07
6154,0.0031638145446777344,2.1457672119140625e-06,2.384185791015625e-07
6155,0.0017969608306884766,1.9073486328125e-06,7.152557373046875e-07
6156,0.002143383026123047,2.1457672119140625e-06,2.384185791015625e-07
6157,0.0029354095458984375,1.9073486328125e-06,2.384185791015625e-07
6158,0.002242565155029297,1.9073486328125e-06,4.76837158203125e-07
6159,0.002298593521118164,1.9073486328125e-06,2.384185791015625e-07
6160,0.0016226768493652344,2.1457672119140625e-06,4.76837158203125e-07
6161,0.0024297237396240234,1.9073486328125e-06,2.384185791015625e-07
6162,0.0023674964904785156,1.6689300537109375e-06,2.384185791015625e-07
6163,0.002601146697998047,2.1457672119140625e-06,7.152557373046875e-07
6164,0.0022644996643066406,1.9073486328125e-06,2.384185791015625e-07
6165,0.0018973350524902344,1.6689300537109375e-06,4.76837158203125e-07
6166,0.002434968948364258,2.1457672119140625e-06,4.76837158203125e-07
6167,0.002597808837890625,2.1457672119140625e-06,2.384185791015625e-07
6168,0.0016057491302490234,2.384185791015625e-06,2.384185791015625e-07
6169,0.0020492076873779297,1.9073486328125e-06,4.76837158203125e-07
6170,0.0025281906127929688,1.9073486328125e-06,2.384185791015625e-07
6171,0.001916646957397461,2.1457672119140625e-06,4.76837158203125e-07
6172,0.002295255661010742,1.9073486328125e-06,7.152557373046875e-07
6173,0.002031087875366211,1.9073486328125e-06,4.76837158203125e-07
6174,0.0024476051330566406,1.6689300537109375e-06,2.384185791015625e-07
6175,0.0022737979888916016,1.6689300537109375e-06,7.152557373046875e-07
6176,0.002665996551513672,1.9073486328125e-06,2.384185791015625e-07
6177,0.002408742904663086,1.6689300537109375e-06,2.384185791015625e-07
6178,0.0025687217712402344,2.1457672119140625e-06,2.384185791015625e-07
6179,0.0023496150970458984,1.6689300537109375e-06,2.384185791015625e-07
6180,0.0019693374633789062,1.6689300537109375e-06,2.384185791015625e-07
6181,0.002492666244506836,1.6689300537109375e-06,4.76837158203125e-07
6182,0.0020685195922851562,2.1457672119140625e-06,2.384185791015625e-07
6183,0.0019519329071044922,1.6689300537109375e-06,4.76837158203125e-07
6184,0.0024423599243164062,2.1457672119140625e-06,2.384185791015625e-07
6185,0.001975536346435547,2.384185791015625e-06,2.384185791015625e-07
6186,0.0020558834075927734,1.9073486328125e-06,2.384185791015625e-07
6187,0.0016674995422363281,1.9073486328125e-06,7.152557373046875e-07
6188,0.0017101764678955078,1.9073486328125e-06,2.384185791015625e-07
6189,0.0024318695068359375,1.9073486328125e-06,2.384185791015625e-07
6190,0.001783132553100586,1.9073486328125e-06,4.76837158203125e-07
6191,0.001516580581665039,1.9073486328125e-06,4.76837158203125e-07
6192,0.0018756389617919922,2.1457672119140625e-06,2.384185791015625e-07
6193,0.0020809173583984375,2.1457672119140625e-06,2.384185791015625e-07
6194,0.0019109249114990234,1.9073486328125e-06,2.384185791015625e-07
6195,0.0021457672119140625,1.9073486328125e-06,2.384185791015625e-07
6196,0.0025026798248291016,1.6689300537109375e-06,7.152557373046875e-07
6197,0.002561807632446289,1.9073486328125e-06,2.384185791015625e-07
6198,0.0023899078369140625,1.6689300537109375e-06,2.384185791015625e-07
6199,0.001981973648071289,1.430511474609375e-06,4.76837158203125e-07
6200,0.0024411678314208984,2.86102294921875e-06,4.76837158203125e-07
6201,0.0020904541015625,2.1457672119140625e-06,2.384185791015625e-07
6202,0.002780437469482422,2.1457672119140625e-06,4.76837158203125e-07
6203,0.0023615360260009766,2.1457672119140625e-06,2.384185791015625e-07
6204,0.0019500255584716797,1.9073486328125e-06,2.384185791015625e-07
6205,0.00232696533203125,1.9073486328125e-06,2.384185791015625e-07
6206,0.0022361278533935547,1.430511474609375e-06,2.384185791015625e-07
6207,0.0027282238006591797,1.6689300537109375e-06,2.384185791015625e-07
6208,0.0023889541625976562,1.9073486328125e-06,2.384185791015625e-07
6209,0.002546548843383789,1.9073486328125e-06,2.384185791015625e-07
6210,0.0026361942291259766,1.9073486328125e-06,4.76837158203125e-07
6211,0.002396821975708008,1.6689300537109375e-06,4.76837158203125e-07
6212,0.0019309520721435547,1.9073486328125e-06,4.76837158203125e-07
6213,0.0023784637451171875,1.9073486328125e-06,2.384185791015625e-07
6214,0.003074169158935547,1.9073486328125e-06,2.384185791015625e-07
6215,0.002347230911254883,1.9073486328125e-06,2.384185791015625e-07
6216,0.002466917037963867,1.9073486328125e-06,4.76837158203125e-07
6217,0.0020112991333007812,1.6689300537109375e-06,7.152557373046875e-07
6218,0.0030851364135742188,1.6689300537109375e-06,2.384185791015625e-07
6219,0.0022597312927246094,1.6689300537109375e-06,2.384185791015625e-07
6220,0.001928091049194336,1.9073486328125e-06,7.152557373046875e-07
6221,0.0018379688262939453,1.6689300537109375e-06,2.384185791015625e-07
6222,0.0025441646575927734,2.6226043701171875e-06,2.384185791015625e-07
6223,0.001730203628540039,2.1457672119140625e-06,2.384185791015625e-07
6224,0.001856088638305664,2.1457672119140625e-06,2.384185791015625e-07
6225,0.0024580955505371094,1.9073486328125e-06,9.5367431640625e-07
6226,0.0025513172149658203,2.1457672119140625e-06,2.384185791015625e-07
6227,0.002382040023803711,1.9073486328125e-06,2.384185791015625e-07
6228,0.0024013519287109375,1.9073486328125e-06,2.384185791015625e-07
6229,0.0022308826446533203,1.9073486328125e-06,2.384185791015625e-07
6230,0.002548694610595703,2.1457672119140625e-06,7.152557373046875e-07
6231,0.002305746078491211,2.1457672119140625e-06,4.76837158203125e-07
6232,0.001878499984741211,1.9073486328125e-06,4.76837158203125e-07
6233,0.002064228057861328,1.6689300537109375e-06,2.384185791015625e-07
6234,0.002646207809448242,1.9073486328125e-06,2.384185791015625e-07
6235,0.002069711685180664,1.9073486328125e-06,4.76837158203125e-07
6236,0.001983642578125,2.1457672119140625e-06,2.384185791015625e-07
6237,0.0022995471954345703,1.6689300537109375e-06,2.384185791015625e-07
6238,0.001926422119140625,1.9073486328125e-06,2.384185791015625e-07
6239,0.0020799636840820312,1.6689300537109375e-06,2.384185791015625e-07
6240,0.0023543834686279297,2.1457672119140625e-06,2.384185791015625e-07
6241,0.0028510093688964844,1.9073486328125e-06,4.76837158203125e-07
6242,0.002411365509033203,1.9073486328125e-06,2.384185791015625e-07
6243,0.0022771358489990234,2.1457672119140625e-06,2.384185791015625e-07
6244,0.002171039581298828,1.9073486328125e-06,2.384185791015625e-07
6245,0.0015857219696044922,1.9073486328125e-06,2.384185791015625e-07
6246,0.0021317005157470703,1.9073486328125e-06,4.76837158203125e-07
6247,0.002380847930908203,2.1457672119140625e-06,4.76837158203125e-07
6248,0.001901865005493164,1.9073486328125e-06,9.5367431640625e-07
6249,0.002040386199951172,1.9073486328125e-06,2.384185791015625e-07
6250,0.0024139881134033203,1.9073486328125e-06,4.76837158203125e-07
6251,0.002162933349609375,1.9073486328125e-06,7.152557373046875e-07
6252,0.0023660659790039062,1.9073486328125e-06,2.384185791015625e-07
6253,0.0026984214782714844,2.1457672119140625e-06,2.384185791015625e-07
6254,0.00189971923828125,1.9073486328125e-06,2.384185791015625e-07
6255,0.0021758079528808594,1.9073486328125e-06,2.384185791015625e-07
6256,0.0023674964904785156,2.1457672119140625e-06,4.76837158203125e-07
6257,0.001627206802368164,2.1457672119140625e-06,2.384185791015625e-07
6258,0.0025742053985595703,2.1457672119140625e-06,7.152557373046875e-07
6259,0.002300262451171875,1.9073486328125e-06,4.76837158203125e-07
6260,0.0017936229705810547,2.1457672119140625e-06,2.384185791015625e-07
6261,0.0022194385528564453,1.9073486328125e-06,2.384185791015625e-07
6262,0.001983165740966797,2.384185791015625e-06,2.384185791015625e-07
6263,0.001894235610961914,2.1457672119140625e-06,2.384185791015625e-07
6264,0.0025169849395751953,1.9073486328125e-06,2.384185791015625e-07
6265,0.0025634765625,1.6689300537109375e-06,4.76837158203125e-07
6266,0.0023965835571289062,1.9073486328125e-06,2.384185791015625e-07
6267,0.0012214183807373047,1.6689300537109375e-06,4.76837158203125e-07
6268,0.0017504692077636719,2.1457672119140625e-06,2.384185791015625e-07
6269,0.0015838146209716797,1.6689300537109375e-06,2.384185791015625e-07
6270,0.0022139549255371094,2.1457672119140625e-06,2.384185791015625e-07
6271,0.001969575881958008,2.1457672119140625e-06,2.384185791015625e-07
6272,0.0031719207763671875,2.1457672119140625e-06,2.384185791015625e-07
6273,0.002170085906982422,1.9073486328125e-06,7.152557373046875e-07
6274,0.002471923828125,1.6689300537109375e-06,2.384185791015625e-07
6275,0.0016295909881591797,2.1457672119140625e-06,2.384185791015625e-07
6276,0.0013034343719482422,1.6689300537109375e-06,2.384185791015625e-07
6277,0.001667022705078125,1.9073486328125e-06,2.384185791015625e-07
6278,0.0016605854034423828,1.9073486328125e-06,2.384185791015625e-07
6279,0.0018718242645263672,2.1457672119140625e-06,9.5367431640625e-07
6280,0.0017600059509277344,2.1457672119140625e-06,2.384185791015625e-07
6281,0.0016956329345703125,1.9073486328125e-06,4.76837158203125e-07
6282,0.0017852783203125,1.9073486328125e-06,2.384185791015625e-07
6283,0.0013861656188964844,2.384185791015625e-06,2.384185791015625e-07
6284,0.0013480186462402344,2.1457672119140625e-06,2.384185791015625e-07
6285,0.0016651153564453125,1.9073486328125e-06,4.76837158203125e-07
6286,0.0012552738189697266,2.1457672119140625e-06,2.384185791015625e-07
6287,0.0018017292022705078,2.384185791015625e-06,2.384185791015625e-07
6288,0.0013456344604492188,1.6689300537109375e-06,2.384185791015625e-07
6289,0.0016713142395019531,1.9073486328125e-06,7.152557373046875e-07
6290,0.0017940998077392578,1.6689300537109375e-06,2.384185791015625e-07
6291,0.0019729137420654297,1.6689300537109375e-06,2.384185791015625e-07
6292,0.001329183578491211,1.6689300537109375e-06,2.384185791015625e-07
6293,0.0014750957489013672,1.9073486328125e-06,2.384185791015625e-07
6294,0.001993417739868164,1.9073486328125e-06,7.152557373046875e-07
6295,0.001889944076538086,1.6689300537109375e-06,2.384185791015625e-07
6296,0.0016520023345947266,1.430511474609375e-06,2.384185791015625e-07
6297,0.0022492408752441406,1.9073486328125e-06,4.76837158203125e-07
6298,0.002124786376953125,2.1457672119140625e-06,7.152557373046875e-07
6299,0.001939535140991211,2.1457672119140625e-06,4.76837158203125e-07
6300,0.0020949840545654297,1.9073486328125e-06,9.5367431640625e-07
6301,0.0022068023681640625,1.9073486328125e-06,4.76837158203125e-07
6302,0.0021893978118896484,1.9073486328125e-06,2.384185791015625e-07
6303,0.0014743804931640625,1.9073486328125e-06,2.384185791015625e-07
6304,0.002088308334350586,2.384185791015625e-06,2.384185791015625e-07
6305,0.0025789737701416016,1.9073486328125e-06,4.76837158203125e-07
6306,0.001737833023071289,1.9073486328125e-06,2.384185791015625e-07
6307,0.002323150634765625,2.1457672119140625e-06,4.76837158203125e-07
6308,0.0017771720886230469,1.6689300537109375e-06,4.76837158203125e-07
6309,0.0017273426055908203,1.6689300537109375e-06,4.76837158203125e-07
6310,0.0020313262939453125,1.6689300537109375e-06,2.384185791015625e-07
6311,0.0019867420196533203,1.9073486328125e-06,2.384185791015625e-07
6312,0.0017800331115722656,1.6689300537109375e-06,2.384185791015625e-07
6313,0.0019185543060302734,1.9073486328125e-06,2.384185791015625e-07
6314,0.001787424087524414,1.6689300537109375e-06,4.76837158203125e-07
6315,0.0020415782928466797,1.430511474609375e-06,2.384185791015625e-07
6316,0.002313852310180664,1.9073486328125e-06,2.384185791015625e-07
6317,0.001909017562866211,1.6689300537109375e-06,2.384185791015625e-07
6318,0.002016305923461914,1.9073486328125e-06,2.384185791015625e-07
6319,0.001750946044921875,1.430511474609375e-05,4.76837158203125e-07
6320,0.0018854141235351562,2.1457672119140625e-06,2.384185791015625e-07
6321,0.0019998550415039062,1.6689300537109375e-06,4.76837158203125e-07
6322,0.002306222915649414,1.6689300537109375e-06,4.76837158203125e-07
6323,0.001867055892944336,2.384185791015625e-06,4.76837158203125e-07
6324,0.0022683143615722656,1.6689300537109375e-06,2.384185791015625e-07
6325,0.0018312931060791016,1.6689300537109375e-06,2.384185791015625e-07
6326,0.0022716522216796875,2.1457672119140625e-06,2.384185791015625e-07
6327,0.0017590522766113281,1.430511474609375e-06,2.384185791015625e-07
6328,0.002561807632446289,1.9073486328125e-06,2.384185791015625e-07
6329,0.0023097991943359375,1.6689300537109375e-06,2.384185791015625e-07
6330,0.002508401870727539,1.6689300537109375e-06,7.152557373046875e-07
6331,0.0024001598358154297,1.6689300537109375e-06,2.384185791015625e-07
6332,0.002009153366088867,1.9073486328125e-06,2.384185791015625e-07
6333,0.0024175643920898438,1.430511474609375e-06,2.384185791015625e-07
6334,0.0019371509552001953,1.6689300537109375e-06,2.384185791015625e-07
6335,0.0016715526580810547,1.6689300537109375e-06,2.384185791015625e-07
6336,0.0015590190887451172,1.6689300537109375e-06,2.384185791015625e-07
6337,0.0019114017486572266,1.6689300537109375e-06,2.384185791015625e-07
6338,0.0027475357055664062,1.9073486328125e-06,2.384185791015625e-07
6339,0.001912832260131836,1.6689300537109375e-06,2.384185791015625e-07
6340,0.0019307136535644531,1.6689300537109375e-06,2.384185791015625e-07
6341,0.0015375614166259766,1.6689300537109375e-06,2.384185791015625e-07
6342,0.0014505386352539062,1.9073486328125e-06,2.384185791015625e-07
6343,0.00228118896484375,1.6689300537109375e-06,4.76837158203125e-07
6344,0.0021843910217285156,1.6689300537109375e-06,4.76837158203125e-07
6345,0.0015285015106201172,1.6689300537109375e-06,2.384185791015625e-07
6346,0.0015339851379394531,1.9073486328125e-06,2.384185791015625e-07
6347,0.001859903335571289,1.6689300537109375e-06,2.384185791015625e-07
6348,0.002429485321044922,1.6689300537109375e-06,4.76837158203125e-07
6349,0.001863241195678711,1.430511474609375e-06,2.384185791015625e-07
6350,0.0018508434295654297,1.6689300537109375e-06,2.384185791015625e-07
6351,0.0017192363739013672,1.6689300537109375e-06,2.384185791015625e-07
6352,0.0017502307891845703,1.6689300537109375e-06,2.384185791015625e-07
6353,0.0013289451599121094,1.9073486328125e-06,2.384185791015625e-07
6354,0.001338958740234375,1.9073486328125e-06,2.384185791015625e-07
6355,0.0018277168273925781,1.6689300537109375e-06,9.5367431640625e-07
6356,0.0016562938690185547,1.430511474609375e-06,2.384185791015625e-07
6357,0.0017819404602050781,1.9073486328125e-06,2.384185791015625e-07
6358,0.0015265941619873047,1.9073486328125e-06,2.384185791015625e-07
6359,0.002123117446899414,1.6689300537109375e-06,2.384185791015625e-07
6360,0.0017282962799072266,1.9073486328125e-06,7.152557373046875e-07
6361,0.002364635467529297,1.9073486328125e-06,2.384185791015625e-07
6362,0.0018422603607177734,1.9073486328125e-06,2.384185791015625e-07
6363,0.001669168472290039,1.430511474609375e-06,2.384185791015625e-07
6364,0.0017321109771728516,1.6689300537109375e-06,7.152557373046875e-07
6365,0.0026984214782714844,2.1457672119140625e-06,4.76837158203125e-07
6366,0.0019981861114501953,2.1457672119140625e-06,2.384185791015625e-07
6367,0.002090930938720703,1.9073486328125e-06,4.76837158203125e-07
6368,0.002231597900390625,1.9073486328125e-06,2.384185791015625e-07
6369,0.0019533634185791016,2.1457672119140625e-06,4.76837158203125e-07
6370,0.0025472640991210938,2.1457672119140625e-06,2.384185791015625e-07
6371,0.0024476051330566406,2.1457672119140625e-06,2.384185791015625e-07
6372,0.0026144981384277344,1.9073486328125e-06,2.384185791015625e-07
6373,0.0018808841705322266,1.9073486328125e-06,2.384185791015625e-07
6374,0.002736330032348633,1.9073486328125e-06,2.384185791015625e-07
6375,0.0021789073944091797,2.1457672119140625e-06,4.76837158203125e-07
6376,0.025453805923461914,1.9073486328125e-06,4.76837158203125e-07
6377,0.0020847320556640625,1.9073486328125e-06,2.384185791015625e-07
6378,0.001865386962890625,1.9073486328125e-06,4.76837158203125e-07
6379,0.0022058486938476562,1.9073486328125e-06,4.76837158203125e-07
6380,0.0025475025177001953,1.9073486328125e-06,2.384185791015625e-07
6381,0.0020749568939208984,1.9073486328125e-06,2.384185791015625e-07
6382,0.0019626617431640625,2.1457672119140625e-06,2.384185791015625e-07
6383,0.0017554759979248047,1.9073486328125e-06,4.76837158203125e-07
6384,0.0015430450439453125,1.9073486328125e-06,4.76837158203125e-07
6385,0.0018389225006103516,1.9073486328125e-06,2.384185791015625e-07
6386,0.002209186553955078,1.9073486328125e-06,2.384185791015625e-07
6387,0.002153158187866211,1.9073486328125e-06,2.384185791015625e-07
6388,0.0022547245025634766,1.9073486328125e-06,2.384185791015625e-07
6389,0.002355813980102539,1.9073486328125e-06,2.384185791015625e-07
6390,0.0021152496337890625,2.1457672119140625e-06,2.384185791015625e-07
6391,0.0021457672119140625,1.6689300537109375e-06,2.384185791015625e-07
6392,0.0016257762908935547,1.9073486328125e-06,2.384185791015625e-07
6393,0.002422332763671875,1.9073486328125e-06,2.384185791015625e-07
6394,0.002512693405151367,1.6689300537109375e-06,2.384185791015625e-07
6395,0.002071380615234375,1.9073486328125e-06,2.384185791015625e-07
6396,0.001940011978149414,2.384185791015625e-06,2.384185791015625e-07
6397,0.0014843940734863281,1.9073486328125e-06,2.384185791015625e-07
6398,0.002582550048828125,2.1457672119140625e-06,4.76837158203125e-07
6399,0.0016398429870605469,1.9073486328125e-06,2.384185791015625e-07
6400,0.001986265182495117,1.9073486328125e-06,4.76837158203125e-07
6401,0.002004861831665039,2.1457672119140625e-06,2.384185791015625e-07
6402,0.0017898082733154297,1.9073486328125e-06,2.384185791015625e-07
6403,0.002277374267578125,1.9073486328125e-06,4.76837158203125e-07
6404,0.002666950225830078,2.1457672119140625e-06,7.152557373046875e-07
6405,0.002515554428100586,1.9073486328125e-06,2.384185791015625e-07
6406,0.0025506019592285156,2.1457672119140625e-06,2.384185791015625e-07
6407,0.0023713111877441406,1.6689300537109375e-06,2.384185791015625e-07
6408,0.002733469009399414,2.1457672119140625e-06,2.384185791015625e-07
6409,0.0020821094512939453,1.6689300537109375e-06,2.384185791015625e-07
6410,0.0022077560424804688,1.6689300537109375e-06,2.384185791015625e-07
6411,0.0027685165405273438,1.9073486328125e-06,2.384185791015625e-07
6412,0.0026040077209472656,1.9073486328125e-06,2.384185791015625e-07
6413,0.0020627975463867188,2.1457672119140625e-06,4.76837158203125e-07
6414,0.0018839836120605469,1.6689300537109375e-06,2.384185791015625e-07
6415,0.0028731822967529297,1.9073486328125e-06,2.384185791015625e-07
6416,0.0018146038055419922,1.6689300537109375e-06,2.384185791015625e-07
6417,0.003017902374267578,1.6689300537109375e-06,2.384185791015625e-07
6418,0.0028133392333984375,1.9073486328125e-06,4.76837158203125e-07
6419,0.00287628173828125,1.6689300537109375e-06,2.384185791015625e-07
6420,0.0028870105743408203,1.6689300537109375e-06,2.384185791015625e-07
6421,0.00541377067565918,1.6689300537109375e-06,2.384185791015625e-07
6422,0.002650022506713867,1.9073486328125e-06,2.384185791015625e-07
6423,0.002752542495727539,2.1457672119140625e-06,4.76837158203125e-07
6424,0.002466917037963867,1.9073486328125e-06,2.384185791015625e-07
6425,0.002911806106567383,2.1457672119140625e-06,4.76837158203125e-07
6426,0.0025365352630615234,1.9073486328125e-06,4.76837158203125e-07
6427,0.002429962158203125,2.1457672119140625e-06,9.5367431640625e-07
6428,0.0021486282348632812,2.1457672119140625e-06,4.76837158203125e-07
6429,0.002497434616088867,1.9073486328125e-06,2.384185791015625e-07
6430,0.0028367042541503906,2.1457672119140625e-06,4.76837158203125e-07
6431,0.003015279769897461,2.1457672119140625e-06,2.384185791015625e-07
6432,0.0019202232360839844,1.9073486328125e-06,2.384185791015625e-07
6433,0.002655506134033203,1.9073486328125e-06,4.76837158203125e-07
6434,0.0033385753631591797,1.9073486328125e-06,2.384185791015625e-07
6435,0.0025789737701416016,2.1457672119140625e-06,4.76837158203125e-07
6436,0.0030727386474609375,2.1457672119140625e-06,4.76837158203125e-07
6437,0.003101348876953125,1.6689300537109375e-06,4.76837158203125e-07
6438,0.0027077198028564453,2.1457672119140625e-06,2.384185791015625e-07
6439,0.0032775402069091797,1.6689300537109375e-06,2.384185791015625e-07
6440,0.0031082630157470703,2.1457672119140625e-06,2.384185791015625e-07
6441,0.002989530563354492,1.9073486328125e-06,2.384185791015625e-07
6442,0.0023407936096191406,1.9073486328125e-06,2.384185791015625e-07
6443,0.0024385452270507812,2.384185791015625e-06,7.152557373046875e-07
6444,0.0023040771484375,1.6689300537109375e-06,4.76837158203125e-07
6445,0.0024406909942626953,2.1457672119140625e-06,2.384185791015625e-07
6446,0.0022649765014648438,1.9073486328125e-06,2.384185791015625e-07
6447,0.0024347305297851562,1.9073486328125e-06,2.384185791015625e-07
6448,0.002779722213745117,1.9073486328125e-06,2.384185791015625e-07
6449,0.0028285980224609375,1.6689300537109375e-06,2.384185791015625e-07
6450,0.002849102020263672,1.9073486328125e-06,2.384185791015625e-07
6451,0.0022118091583251953,2.1457672119140625e-06,2.384185791015625e-07
6452,0.0023543834686279297,2.1457672119140625e-06,4.76837158203125e-07
6453,0.0023107528686523438,1.9073486328125e-06,4.76837158203125e-07
6454,0.0022470951080322266,1.6689300537109375e-06,4.76837158203125e-07
6455,0.0030646324157714844,2.384185791015625e-06,2.384185791015625e-07
6456,0.0027425289154052734,2.1457672119140625e-06,2.384185791015625e-07
6457,0.0020847320556640625,1.9073486328125e-06,2.384185791015625e-07
6458,0.0031249523162841797,1.9073486328125e-06,7.152557373046875e-07
6459,0.0033402442932128906,2.1457672119140625e-06,2.384185791015625e-07
6460,0.0024492740631103516,1.9073486328125e-06,2.384185791015625e-07
6461,0.0038352012634277344,1.6689300537109375e-06,2.384185791015625e-07
6462,0.002192258834838867,1.6689300537109375e-06,4.76837158203125e-07
6463,0.002510547637939453,1.9073486328125e-06,4.76837158203125e-07
6464,0.0026607513427734375,2.1457672119140625e-06,7.152557373046875e-07
6465,0.002398967742919922,2.1457672119140625e-06,2.384185791015625e-07
6466,0.0019884109497070312,1.9073486328125e-06,4.76837158203125e-07
6467,0.002962827682495117,2.384185791015625e-06,4.76837158203125e-07
6468,0.0020024776458740234,2.1457672119140625e-06,7.152557373046875e-07
6469,0.0017375946044921875,2.1457672119140625e-06,2.384185791015625e-07
6470,0.002741098403930664,1.9073486328125e-06,2.384185791015625e-07
6471,0.0021619796752929688,1.9073486328125e-06,2.384185791015625e-07
6472,0.00261688232421875,1.9073486328125e-06,2.384185791015625e-07
6473,0.0020875930786132812,2.1457672119140625e-06,2.384185791015625e-07
6474,0.0018570423126220703,1.9073486328125e-06,4.76837158203125e-07
6475,0.0017962455749511719,1.9073486328125e-06,4.76837158203125e-07
6476,0.002368450164794922,2.384185791015625e-06,2.384185791015625e-07
6477,0.0026407241821289062,2.384185791015625e-06,2.384185791015625e-07
6478,0.002992868423461914,2.1457672119140625e-06,2.384185791015625e-07
6479,0.001486063003540039,2.384185791015625e-06,2.384185791015625e-07
6480,0.0027608871459960938,2.384185791015625e-06,4.76837158203125e-07
6481,0.0025207996368408203,1.9073486328125e-06,2.384185791015625e-07
6482,0.002851724624633789,1.9073486328125e-06,4.76837158203125e-07
6483,0.002191781997680664,1.9073486328125e-06,4.76837158203125e-07
6484,0.0021047592163085938,1.6689300537109375e-06,7.152557373046875e-07
6485,0.0030922889709472656,1.9073486328125e-06,4.76837158203125e-07
6486,0.002289295196533203,1.9073486328125e-06,4.76837158203125e-07
6487,0.0028679370880126953,1.9073486328125e-06,4.76837158203125e-07
6488,0.0027403831481933594,1.6689300537109375e-06,4.76837158203125e-07
6489,0.0027365684509277344,1.6689300537109375e-06,2.384185791015625e-07
6490,0.002660989761352539,1.6689300537109375e-06,4.76837158203125e-07
6491,0.0022029876708984375,1.9073486328125e-06,4.76837158203125e-07
6492,0.0027618408203125,1.9073486328125e-06,4.76837158203125e-07
6493,0.0027666091918945312,1.9073486328125e-06,4.76837158203125e-07
6494,0.0026612281799316406,1.6689300537109375e-06,2.384185791015625e-07
6495,0.002013683319091797,1.6689300537109375e-06,4.76837158203125e-07
6496,0.002717256546020508,1.6689300537109375e-06,2.384185791015625e-07
6497,0.002610921859741211,1.6689300537109375e-06,7.152557373046875e-07
6498,0.0019752979278564453,1.6689300537109375e-06,2.384185791015625e-07
6499,0.001955747604370117,1.9073486328125e-06,2.384185791015625e-07
6500,0.003421306610107422,1.6689300537109375e-06,4.76837158203125e-07
6501,0.0015075206756591797,1.430511474609375e-06,2.384185791015625e-07
6502,0.0022428035736083984,1.6689300537109375e-06,2.384185791015625e-07
6503,0.0022907257080078125,1.9073486328125e-06,2.384185791015625e-07
6504,0.0025641918182373047,2.1457672119140625e-06,2.384185791015625e-07
6505,0.003007650375366211,2.1457672119140625e-06,2.384185791015625e-07
6506,0.0025415420532226562,2.1457672119140625e-06,4.76837158203125e-07
6507,0.0025975704193115234,2.1457672119140625e-06,2.384185791015625e-07
6508,0.002283811569213867,2.1457672119140625e-06,2.384185791015625e-07
6509,0.0026988983154296875,2.384185791015625e-06,4.76837158203125e-07
6510,0.003111600875854492,2.1457672119140625e-06,4.76837158203125e-07
6511,0.0028486251831054688,1.9073486328125e-06,4.76837158203125e-07
6512,0.002841949462890625,1.9073486328125e-06,2.384185791015625e-07
6513,0.0026090145111083984,1.9073486328125e-06,2.384185791015625e-07
6514,0.002995729446411133,1.9073486328125e-06,7.152557373046875e-07
6515,0.0020093917846679688,1.9073486328125e-06,4.76837158203125e-07
6516,0.0027217864990234375,1.9073486328125e-06,2.384185791015625e-07
6517,0.0029370784759521484,1.9073486328125e-06,2.384185791015625e-07
6518,0.002002239227294922,2.1457672119140625e-06,2.384185791015625e-07
6519,0.0028417110443115234,2.1457672119140625e-06,2.384185791015625e-07
6520,0.0021317005157470703,1.9073486328125e-06,4.76837158203125e-07
6521,0.0023925304412841797,1.9073486328125e-06,4.76837158203125e-07
6522,0.0018401145935058594,2.1457672119140625e-06,2.384185791015625e-07
6523,0.002850770950317383,2.1457672119140625e-06,2.384185791015625e-07
6524,0.002485036849975586,1.9073486328125e-06,4.76837158203125e-07
6525,0.003226041793823242,2.1457672119140625e-06,2.384185791015625e-07
6526,0.0029592514038085938,1.9073486328125e-06,2.384185791015625e-07
6527,0.0019350051879882812,2.6226043701171875e-06,2.384185791015625e-07
6528,0.0031948089599609375,1.6689300537109375e-06,4.76837158203125e-07
6529,0.002522706985473633,1.9073486328125e-06,2.384185791015625e-07
6530,0.0018506050109863281,1.9073486328125e-06,4.76837158203125e-07
6531,0.0015866756439208984,1.6689300537109375e-06,4.76837158203125e-07
6532,0.0029060840606689453,1.9073486328125e-06,2.384185791015625e-07
6533,0.0024068355560302734,1.6689300537109375e-06,2.384185791015625e-07
6534,0.0023641586303710938,1.9073486328125e-06,2.384185791015625e-07
6535,0.002912282943725586,1.6689300537109375e-06,2.384185791015625e-07
6536,0.0023145675659179688,1.6689300537109375e-06,7.152557373046875e-07
6537,0.0021352767944335938,1.9073486328125e-06,2.384185791015625e-07
6538,0.0027201175689697266,1.9073486328125e-06,2.384185791015625e-07
6539,0.0024170875549316406,1.6689300537109375e-06,2.384185791015625e-07
6540,0.0032091140747070312,1.9073486328125e-06,4.76837158203125e-07
6541,0.002561330795288086,1.6689300537109375e-06,7.152557373046875e-07
6542,0.002355813980102539,1.9073486328125e-06,2.384185791015625e-07
6543,0.002903461456298828,1.6689300537109375e-06,2.384185791015625e-07
6544,0.002411365509033203,1.6689300537109375e-06,2.384185791015625e-07
6545,0.002896547317504883,1.6689300537109375e-06,7.152557373046875e-07
6546,0.0024895668029785156,2.384185791015625e-06,2.384185791015625e-07
6547,0.002598285675048828,2.1457672119140625e-06,2.384185791015625e-07
6548,0.0031213760375976562,1.9073486328125e-06,2.384185791015625e-07
6549,0.0021865367889404297,1.9073486328125e-06,4.76837158203125e-07
6550,0.0028815269470214844,1.9073486328125e-06,7.152557373046875e-07
6551,0.0027818679809570312,2.1457672119140625e-06,4.76837158203125e-07
6552,0.003698110580444336,2.1457672119140625e-06,4.76837158203125e-07
6553,0.0028057098388671875,2.1457672119140625e-06,2.384185791015625e-07
6554,0.002928018569946289,2.1457672119140625e-06,2.384185791015625e-07
6555,0.0025892257690429688,1.9073486328125e-06,2.384185791015625e-07
6556,0.002846956253051758,1.9073486328125e-06,2.384185791015625e-07
6557,0.0029022693634033203,1.9073486328125e-06,2.384185791015625e-07
6558,0.0031235218048095703,1.9073486328125e-06,4.76837158203125e-07
6559,0.0024194717407226562,2.1457672119140625e-06,4.76837158203125e-07
6560,0.002382516860961914,1.9073486328125e-06,4.76837158203125e-07
6561,0.0027430057525634766,1.9073486328125e-06,2.384185791015625e-07
6562,0.0024225711822509766,2.1457672119140625e-06,2.384185791015625e-07
6563,0.0025222301483154297,1.9073486328125e-06,2.384185791015625e-07
6564,0.0017371177673339844,1.9073486328125e-06,4.76837158203125e-07
6565,0.0017652511596679688,1.9073486328125e-06,4.76837158203125e-07
6566,0.002790212631225586,1.9073486328125e-06,2.384185791015625e-07
6567,0.002454042434692383,2.384185791015625e-06,2.384185791015625e-07
6568,0.002192258834838867,2.1457672119140625e-06,2.384185791015625e-07
6569,0.002843618392944336,2.1457672119140625e-06,2.384185791015625e-07
6570,0.0030570030212402344,1.9073486328125e-06,2.384185791015625e-07
6571,0.002509593963623047,2.1457672119140625e-06,2.384185791015625e-07
6572,0.002235889434814453,1.9073486328125e-06,2.384185791015625e-07
6573,0.0016949176788330078,1.6689300537109375e-06,2.384185791015625e-07
6574,0.002473115921020508,1.9073486328125e-06,2.384185791015625e-07
6575,0.0020821094512939453,1.6689300537109375e-06,2.384185791015625e-07
6576,0.0021910667419433594,1.6689300537109375e-06,4.76837158203125e-07
6577,0.0027184486389160156,1.6689300537109375e-06,2.384185791015625e-07
6578,0.0025238990783691406,1.9073486328125e-06,2.384185791015625e-07
6579,0.0030546188354492188,1.9073486328125e-06,4.76837158203125e-07
6580,0.0022509098052978516,1.6689300537109375e-06,4.76837158203125e-07
6581,0.002794027328491211,1.9073486328125e-06,4.76837158203125e-07
6582,0.0030035972595214844,1.430511474609375e-06,2.384185791015625e-07
6583,0.002457141876220703,1.6689300537109375e-06,2.384185791015625e-07
6584,0.002821683883666992,2.384185791015625e-06,2.384185791015625e-07
6585,0.0024709701538085938,1.6689300537109375e-06,2.384185791015625e-07
6586,0.0030913352966308594,1.9073486328125e-06,4.76837158203125e-07
6587,0.0022668838500976562,2.1457672119140625e-06,4.76837158203125e-07
6588,0.003108978271484375,1.9073486328125e-06,4.76837158203125e-07
6589,0.002020597457885742,1.9073486328125e-06,7.152557373046875e-07
6590,0.0024454593658447266,2.1457672119140625e-06,4.76837158203125e-07
6591,0.0025784969329833984,1.9073486328125e-06,2.384185791015625e-07
6592,0.002276182174682617,1.6689300537109375e-06,2.384185791015625e-07
6593,0.0020842552185058594,1.6689300537109375e-06,4.76837158203125e-07
6594,0.002561807632446289,1.9073486328125e-06,2.384185791015625e-07
6595,0.0023736953735351562,1.6689300537109375e-06,2.384185791015625e-07
6596,0.0022504329681396484,1.9073486328125e-06,2.384185791015625e-07
6597,0.002620697021484375,1.6689300537109375e-06,4.76837158203125e-07
6598,0.002603769302368164,1.6689300537109375e-06,4.76837158203125e-07
6599,0.0024263858795166016,1.6689300537109375e-06,2.384185791015625e-07
6600,0.0027685165405273438,1.9073486328125e-06,2.384185791015625e-07
6601,0.0023224353790283203,1.6689300537109375e-06,2.384185791015625e-07
6602,0.0024139881134033203,1.6689300537109375e-06,2.384185791015625e-07
6603,0.002683401107788086,2.1457672119140625e-06,2.384185791015625e-07
6604,0.002571582794189453,1.9073486328125e-06,7.152557373046875e-07
6605,0.002494335174560547,2.1457672119140625e-06,2.384185791015625e-07
6606,0.0016427040100097656,1.9073486328125e-06,4.76837158203125e-07
6607,0.002269744873046875,1.9073486328125e-06,2.384185791015625e-07
6608,0.0024805068969726562,2.1457672119140625e-06,2.384185791015625e-07
6609,0.0025017261505126953,1.6689300537109375e-06,2.384185791015625e-07
6610,0.0025162696838378906,1.6689300537109375e-06,4.76837158203125e-07
6611,0.002501964569091797,2.1457672119140625e-06,4.76837158203125e-07
6612,0.00244140625,2.1457672119140625e-06,7.152557373046875e-07
6613,0.0023856163024902344,2.1457672119140625e-06,2.384185791015625e-07
6614,0.002811431884765625,1.9073486328125e-06,2.384185791015625e-07
6615,0.002221822738647461,2.1457672119140625e-06,2.384185791015625e-07
6616,0.002485990524291992,1.9073486328125e-06,2.384185791015625e-07
6617,0.002751588821411133,1.9073486328125e-06,2.384185791015625e-07
6618,0.002673625946044922,2.1457672119140625e-06,2.384185791015625e-07
6619,0.0028879642486572266,1.9073486328125e-06,2.384185791015625e-07
6620,0.0026569366455078125,2.1457672119140625e-06,2.384185791015625e-07
6621,0.002466440200805664,1.9073486328125e-06,2.384185791015625e-07
6622,0.002969503402709961,1.9073486328125e-06,2.384185791015625e-07
6623,0.0026540756225585938,2.1457672119140625e-06,4.76837158203125e-07
6624,0.0024518966674804688,2.1457672119140625e-06,2.384185791015625e-07
6625,0.0026330947875976562,2.1457672119140625e-06,4.76837158203125e-07
6626,0.0029735565185546875,2.1457672119140625e-06,2.384185791015625e-07
6627,0.0031731128692626953,2.1457672119140625e-06,2.384185791015625e-07
6628,0.0026886463165283203,1.9073486328125e-06,2.384185791015625e-07
6629,0.002471446990966797,2.1457672119140625e-06,2.384185791015625e-07
6630,0.0028324127197265625,2.384185791015625e-06,2.384185791015625e-07
6631,0.00284576416015625,1.9073486328125e-06,4.76837158203125e-07
6632,0.00269317626953125,2.1457672119140625e-06,7.152557373046875e-07
6633,0.0020809173583984375,2.1457672119140625e-06,2.384185791015625e-07
6634,0.0026760101318359375,1.9073486328125e-06,2.384185791015625e-07
6635,0.002367734909057617,2.1457672119140625e-06,2.384185791015625e-07
6636,0.0028183460235595703,2.1457672119140625e-06,2.384185791015625e-07
6637,0.0020492076873779297,1.9073486328125e-06,2.384185791015625e-07
6638,0.002776622772216797,2.1457672119140625e-06,4.76837158203125e-07
6639,0.002771139144897461,2.1457672119140625e-06,2.384185791015625e-07
6640,0.002704620361328125,1.430511474609375e-06,7.152557373046875e-07
6641,0.0026047229766845703,1.9073486328125e-06,4.76837158203125e-07
6642,0.002782583236694336,2.1457672119140625e-06,2.384185791015625e-07
6643,0.0022766590118408203,1.6689300537109375e-06,4.76837158203125e-07
6644,0.0027382373809814453,2.1457672119140625e-06,7.152557373046875e-07
6645,0.0023565292358398438,1.9073486328125e-06,4.76837158203125e-07
6646,0.0022430419921875,1.9073486328125e-06,4.76837158203125e-07
6647,0.0024068355560302734,1.6689300537109375e-06,2.384185791015625e-07
6648,0.002668142318725586,1.6689300537109375e-06,2.384185791015625e-07
6649,0.002787351608276367,1.6689300537109375e-06,2.384185791015625e-07
6650,0.002220630645751953,2.1457672119140625e-06,2.384185791015625e-07
6651,0.002424478530883789,2.1457672119140625e-06,2.384185791015625e-07
6652,0.0024831295013427734,1.9073486328125e-06,2.384185791015625e-07
6653,0.002376556396484375,1.9073486328125e-06,4.76837158203125e-07
6654,0.0024840831756591797,1.9073486328125e-06,2.384185791015625e-07
6655,0.002918720245361328,2.1457672119140625e-06,2.384185791015625e-07
6656,0.0029189586639404297,2.1457672119140625e-06,2.384185791015625e-07
6657,0.002637624740600586,2.1457672119140625e-06,4.76837158203125e-07
6658,0.003510713577270508,1.6689300537109375e-06,2.384185791015625e-07
6659,0.0025064945220947266,1.430511474609375e-06,2.384185791015625e-07
6660,0.0027663707733154297,1.6689300537109375e-06,2.384185791015625e-07
6661,0.002904653549194336,2.384185791015625e-06,2.384185791015625e-07
6662,0.0023822784423828125,1.9073486328125e-06,7.152557373046875e-07
6663,0.002265453338623047,2.384185791015625e-06,2.384185791015625e-07
6664,0.0024995803833007812,2.1457672119140625e-06,2.384185791015625e-07
6665,0.0029015541076660156,1.9073486328125e-06,2.384185791015625e-07
6666,0.0020487308502197266,1.9073486328125e-06,4.76837158203125e-07
6667,0.0028014183044433594,1.9073486328125e-06,2.384185791015625e-07
6668,0.0031175613403320312,2.1457672119140625e-06,4.76837158203125e-07
6669,0.002710580825805664,2.384185791015625e-06,4.76837158203125e-07
6670,0.0029959678649902344,1.9073486328125e-06,4.76837158203125e-07
6671,0.002664327621459961,2.1457672119140625e-06,2.384185791015625e-07
6672,0.002565145492553711,1.9073486328125e-06,2.384185791015625e-07
6673,0.0030221939086914062,1.9073486328125e-06,7.152557373046875e-07
6674,0.002526521682739258,1.9073486328125e-06,4.76837158203125e-07
6675,0.0033915042877197266,1.9073486328125e-06,2.384185791015625e-07
6676,0.001802682876586914,1.9073486328125e-06,2.384185791015625e-07
6677,0.0028753280639648438,1.6689300537109375e-06,4.76837158203125e-07
6678,0.0026166439056396484,1.6689300537109375e-06,2.384185791015625e-07
6679,0.002674579620361328,1.6689300537109375e-06,4.76837158203125e-07
6680,0.002803802490234375,1.9073486328125e-06,2.384185791015625e-07
6681,0.002878427505493164,1.9073486328125e-06,2.384185791015625e-07
6682,0.0023114681243896484,1.9073486328125e-06,4.76837158203125e-07
6683,0.002206087112426758,1.9073486328125e-06,7.152557373046875e-07
6684,0.0022385120391845703,1.6689300537109375e-06,2.384185791015625e-07
6685,0.0019991397857666016,2.1457672119140625e-06,2.384185791015625e-07
6686,0.002593994140625,2.1457672119140625e-06,2.384185791015625e-07
6687,0.0025861263275146484,2.1457672119140625e-06,2.384185791015625e-07
6688,0.002645254135131836,1.9073486328125e-06,2.384185791015625e-07
6689,0.0025758743286132812,2.1457672119140625e-06,2.384185791015625e-07
6690,0.0027234554290771484,1.9073486328125e-06,4.76837158203125e-07
6691,0.0026540756225585938,1.9073486328125e-06,2.384185791015625e-07
6692,0.0021538734436035156,1.9073486328125e-06,4.76837158203125e-07
6693,0.002424001693725586,2.384185791015625e-06,2.384185791015625e-07
6694,0.002209186553955078,1.9073486328125e-06,2.384185791015625e-07
6695,0.002221345901489258,1.9073486328125e-06,7.152557373046875e-07
6696,0.0025763511657714844,2.384185791015625e-06,4.76837158203125e-07
6697,0.0031557083129882812,1.9073486328125e-06,2.384185791015625e-07
6698,0.002142667770385742,1.6689300537109375e-06,2.384185791015625e-07
6699,0.0028243064880371094,1.9073486328125e-06,4.76837158203125e-07
6700,0.002321481704711914,2.1457672119140625e-06,4.76837158203125e-07
6701,0.002342700958251953,2.1457672119140625e-06,2.384185791015625e-07
6702,0.002446889877319336,1.9073486328125e-06,4.76837158203125e-07
6703,0.002256155014038086,1.9073486328125e-06,7.152557373046875e-07
6704,0.002063274383544922,1.9073486328125e-06,2.384185791015625e-07
6705,0.002460002899169922,2.1457672119140625e-06,2.384185791015625e-07
6706,0.0025229454040527344,1.6689300537109375e-06,2.384185791015625e-07
6707,0.001959085464477539,1.6689300537109375e-06,4.76837158203125e-07
6708,0.0021233558654785156,1.6689300537109375e-06,2.384185791015625e-07
6709,0.0019588470458984375,1.6689300537109375e-06,2.384185791015625e-07
6710,0.0024840831756591797,2.1457672119140625e-06,2.384185791015625e-07
6711,0.0020864009857177734,1.9073486328125e-06,2.384185791015625e-07
6712,0.002653360366821289,2.384185791015625e-06,2.384185791015625e-07
6713,0.002017498016357422,1.6689300537109375e-06,2.384185791015625e-07
6714,0.0028755664825439453,1.6689300537109375e-06,2.384185791015625e-07
6715,0.0022835731506347656,1.9073486328125e-06,2.384185791015625e-07
6716,0.002668142318725586,1.6689300537109375e-06,2.384185791015625e-07
6717,0.002401590347290039,1.6689300537109375e-06,2.384185791015625e-07
6718,0.0019381046295166016,1.9073486328125e-06,2.384185791015625e-07
6719,0.0026960372924804688,1.9073486328125e-06,2.384185791015625e-07
6720,0.002014636993408203,1.9073486328125e-06,2.384185791015625e-07
6721,0.002681255340576172,1.9073486328125e-06,4.76837158203125e-07
6722,0.002327442169189453,1.6689300537109375e-06,2.384185791015625e-07
6723,0.002734661102294922,1.9073486328125e-06,2.384185791015625e-07
6724,0.0020978450775146484,1.6689300537109375e-06,2.384185791015625e-07
6725,0.0026171207427978516,2.1457672119140625e-06,2.384185791015625e-07
6726,0.0025005340576171875,2.1457672119140625e-06,2.384185791015625e-07
6727,0.002171039581298828,1.9073486328125e-06,2.384185791015625e-07
6728,0.002985239028930664,1.9073486328125e-06,4.76837158203125e-07
6729,0.0024971961975097656,1.6689300537109375e-06,2.384185791015625e-07
6730,0.0025739669799804688,1.9073486328125e-06,4.76837158203125e-07
6731,0.0020966529846191406,1.430511474609375e-06,7.152557373046875e-07
6732,0.001733541488647461,1.9073486328125e-06,2.384185791015625e-07
6733,0.002896547317504883,2.1457672119140625e-06,4.76837158203125e-07
6734,0.0023627281188964844,1.6689300537109375e-06,2.384185791015625e-07
6735,0.002262115478515625,1.9073486328125e-06,2.384185791015625e-07
6736,0.0024292469024658203,2.1457672119140625e-06,2.384185791015625e-07
6737,0.0025992393493652344,1.9073486328125e-06,2.384185791015625e-07
6738,0.002377748489379883,1.9073486328125e-06,2.384185791015625e-07
6739,0.0018839836120605469,1.9073486328125e-06,2.384185791015625e-07
6740,0.0022335052490234375,1.9073486328125e-06,2.384185791015625e-07
6741,0.00249481201171875,1.9073486328125e-06,2.384185791015625e-07
6742,0.0026900768280029297,1.9073486328125e-06,7.152557373046875e-07
6743,0.002805948257446289,1.9073486328125e-06,2.384185791015625e-07
6744,0.0027446746826171875,2.1457672119140625e-06,4.76837158203125e-07
6745,0.002494335174560547,1.9073486328125e-06,2.384185791015625e-07
6746,0.0022835731506347656,1.9073486328125e-06,4.76837158203125e-07
6747,0.002373933792114258,2.6226043701171875e-06,4.76837158203125e-07
6748,0.002480745315551758,1.9073486328125e-06,2.384185791015625e-07
6749,0.0021085739135742188,1.9073486328125e-06,2.384185791015625e-07
6750,0.0030176639556884766,1.9073486328125e-06,2.384185791015625e-07
6751,0.002084016799926758,2.384185791015625e-06,2.384185791015625e-07
6752,0.0017478466033935547,2.1457672119140625e-06,2.384185791015625e-07
6753,0.002505779266357422,2.1457672119140625e-06,2.384185791015625e-07
6754,0.0022690296173095703,1.6689300537109375e-06,4.76837158203125e-07
6755,0.002721548080444336,1.6689300537109375e-06,2.384185791015625e-07
6756,0.0018076896667480469,1.9073486328125e-06,4.76837158203125e-07
6757,0.0014965534210205078,1.9073486328125e-06,2.384185791015625e-07
6758,0.002954244613647461,2.1457672119140625e-06,2.384185791015625e-07
6759,0.0029113292694091797,1.9073486328125e-06,2.384185791015625e-07
6760,0.0022644996643066406,1.6689300537109375e-06,2.384185791015625e-07
6761,0.0027687549591064453,1.6689300537109375e-06,4.76837158203125e-07
6762,0.002457141876220703,2.1457672119140625e-06,4.76837158203125e-07
6763,0.002225637435913086,2.1457672119140625e-06,2.384185791015625e-07
6764,0.0022482872009277344,2.1457672119140625e-06,7.152557373046875e-07
6765,0.002117156982421875,1.9073486328125e-06,2.384185791015625e-07
6766,0.0018477439880371094,2.1457672119140625e-06,4.76837158203125e-07
6767,0.0026192665100097656,2.1457672119140625e-06,2.384185791015625e-07
6768,0.0030646324157714844,1.9073486328125e-06,2.384185791015625e-07
6769,0.0018935203552246094,2.1457672119140625e-06,2.384185791015625e-07
6770,0.002857685089111328,1.9073486328125e-06,4.76837158203125e-07
6771,0.002886533737182617,1.9073486328125e-06,2.384185791015625e-07
6772,0.0020105838775634766,1.9073486328125e-06,4.76837158203125e-07
6773,0.0028579235076904297,1.9073486328125e-06,2.384185791015625e-07
6774,0.0023679733276367188,1.9073486328125e-06,4.76837158203125e-07
6775,0.0020732879638671875,1.9073486328125e-06,4.76837158203125e-07
6776,0.0021822452545166016,1.430511474609375e-06,4.76837158203125e-07
6777,0.0022897720336914062,1.6689300537109375e-06,2.384185791015625e-07
6778,0.002705812454223633,1.9073486328125e-06,2.384185791015625e-07
6779,0.0022156238555908203,1.9073486328125e-06,2.384185791015625e-07
6780,0.0023398399353027344,1.6689300537109375e-06,2.384185791015625e-07
6781,0.002327442169189453,1.6689300537109375e-06,2.384185791015625e-07
6782,0.0026199817657470703,1.6689300537109375e-06,2.384185791015625e-07
6783,0.002171754837036133,1.9073486328125e-06,4.76837158203125e-07
6784,0.002989530563354492,1.9073486328125e-06,4.76837158203125e-07
6785,0.002372264862060547,1.9073486328125e-06,4.76837158203125e-07
6786,0.0027968883514404297,1.9073486328125e-06,2.384185791015625e-07
6787,0.0023877620697021484,1.9073486328125e-06,4.76837158203125e-07
6788,0.002588510513305664,1.9073486328125e-06,2.384185791015625e-07
6789,0.002273082733154297,2.1457672119140625e-06,2.384185791015625e-07
6790,0.002568960189819336,1.9073486328125e-06,2.384185791015625e-07
6791,0.0025336742401123047,1.9073486328125e-06,2.384185791015625e-07
6792,0.0020751953125,2.1457672119140625e-06,2.384185791015625e-07
6793,0.00223541259765625,1.9073486328125e-06,2.384185791015625e-07
6794,0.0021991729736328125,1.9073486328125e-06,2.384185791015625e-07
6795,0.002578258514404297,1.9073486328125e-06,2.384185791015625e-07
6796,0.0020415782928466797,1.6689300537109375e-06,2.384185791015625e-07
6797,0.0025839805603027344,1.6689300537109375e-06,2.384185791015625e-07
6798,0.0021119117736816406,2.384185791015625e-06,4.76837158203125e-07
6799,0.002649545669555664,1.9073486328125e-06,7.152557373046875e-07
6800,0.0016393661499023438,1.6689300537109375e-06,4.76837158203125e-07
6801,0.0016672611236572266,1.430511474609375e-06,2.384185791015625e-07
6802,0.00252532958984375,1.9073486328125e-06,2.384185791015625e-07
6803,0.0019919872283935547,1.6689300537109375e-06,2.384185791015625e-07
6804,0.0026290416717529297,1.9073486328125e-06,2.384185791015625e-07
6805,0.0019714832305908203,1.9073486328125e-06,7.152557373046875e-07
6806,0.0027055740356445312,1.9073486328125e-06,2.384185791015625e-07
6807,0.0025949478149414062,2.1457672119140625e-06,4.76837158203125e-07
6808,0.002126932144165039,2.1457672119140625e-06,2.384185791015625e-07
6809,0.002991199493408203,2.1457672119140625e-06,2.384185791015625e-07
6810,0.0028874874114990234,1.9073486328125e-06,2.384185791015625e-07
6811,0.0024318695068359375,2.1457672119140625e-06,4.76837158203125e-07
6812,0.002082347869873047,2.1457672119140625e-06,4.76837158203125e-07
6813,0.0025131702423095703,2.384185791015625e-06,2.384185791015625e-07
6814,0.0027463436126708984,1.9073486328125e-06,2.384185791015625e-07
6815,0.0024688243865966797,1.9073486328125e-06,2.384185791015625e-07
6816,0.002471446990966797,1.9073486328125e-06,4.76837158203125e-07
6817,0.002669095993041992,1.9073486328125e-06,4.76837158203125e-07
6818,0.0026242733001708984,1.9073486328125e-06,9.5367431640625e-07
6819,0.0021479129791259766,1.9073486328125e-06,2.384185791015625e-07
6820,0.0027806758880615234,1.9073486328125e-06,2.384185791015625e-07
6821,0.002287149429321289,2.1457672119140625e-06,4.76837158203125e-07
6822,0.0023221969604492188,2.384185791015625e-06,2.384185791015625e-07
6823,0.0017459392547607422,2.1457672119140625e-06,2.384185791015625e-07
6824,0.0025844573974609375,1.9073486328125e-06,2.384185791015625e-07
6825,0.0026199817657470703,2.1457672119140625e-06,2.384185791015625e-07
6826,0.0024220943450927734,1.6689300537109375e-06,4.76837158203125e-07
6827,0.0025000572204589844,1.6689300537109375e-06,2.384185791015625e-07
6828,0.0032606124877929688,2.1457672119140625e-06,2.384185791015625e-07
6829,0.002523183822631836,1.430511474609375e-06,2.384185791015625e-07
6830,0.0015377998352050781,1.9073486328125e-06,4.76837158203125e-07
6831,0.002505064010620117,2.1457672119140625e-06,7.152557373046875e-07
6832,0.002566814422607422,1.6689300537109375e-06,4.76837158203125e-07
6833,0.002792835235595703,1.6689300537109375e-06,2.384185791015625e-07
6834,0.0022020339965820312,1.9073486328125e-06,4.76837158203125e-07
6835,0.0023856163024902344,1.9073486328125e-06,4.76837158203125e-07
6836,0.0024144649505615234,1.6689300537109375e-06,2.384185791015625e-07
6837,0.0021181106567382812,1.6689300537109375e-06,2.384185791015625e-07
6838,0.0025284290313720703,2.1457672119140625e-06,2.384185791015625e-07
6839,0.0024385452270507812,1.6689300537109375e-06,4.76837158203125e-07
6840,0.0021619796752929688,1.6689300537109375e-06,2.384185791015625e-07
6841,0.0023262500762939453,2.384185791015625e-06,2.384185791015625e-07
6842,0.002514362335205078,2.1457672119140625e-06,2.384185791015625e-07
6843,0.0021905899047851562,1.9073486328125e-06,2.384185791015625e-07
6844,0.002411365509033203,1.9073486328125e-06,2.384185791015625e-07
6845,0.0018689632415771484,1.9073486328125e-06,2.384185791015625e-07
6846,0.0027132034301757812,2.1457672119140625e-06,2.384185791015625e-07
6847,0.0020127296447753906,2.1457672119140625e-06,4.76837158203125e-07
6848,0.0028181076049804688,1.9073486328125e-06,2.384185791015625e-07
6849,0.002438068389892578,2.1457672119140625e-06,2.384185791015625e-07
6850,0.0019378662109375,1.9073486328125e-06,4.76837158203125e-07
6851,0.0025987625122070312,2.1457672119140625e-06,2.384185791015625e-07
6852,0.002514362335205078,1.9073486328125e-06,2.384185791015625e-07
6853,0.003032684326171875,1.9073486328125e-06,2.384185791015625e-07
6854,0.0023970603942871094,1.9073486328125e-06,2.384185791015625e-07
6855,0.002880573272705078,1.9073486328125e-06,2.384185791015625e-07
6856,0.0026290416717529297,1.9073486328125e-06,4.76837158203125e-07
6857,0.002450227737426758,2.1457672119140625e-06,2.384185791015625e-07
6858,0.0020127296447753906,1.9073486328125e-06,2.384185791015625e-07
6859,0.002536773681640625,1.9073486328125e-06,2.384185791015625e-07
6860,0.0026192665100097656,2.1457672119140625e-06,4.76837158203125e-07
6861,0.00299072265625,1.9073486328125e-06,4.76837158203125e-07
6862,0.0017087459564208984,1.9073486328125e-06,2.384185791015625e-07
6863,0.002467632293701172,2.1457672119140625e-06,4.76837158203125e-07
6864,0.002331972122192383,1.9073486328125e-06,7.152557373046875e-07
6865,0.00209808349609375,2.1457672119140625e-06,2.384185791015625e-07
6866,0.002916097640991211,2.1457672119140625e-06,2.384185791015625e-07
6867,0.002096414566040039,1.9073486328125e-06,2.384185791015625e-07
6868,0.002463102340698242,1.6689300537109375e-06,2.384185791015625e-07
6869,0.002601146697998047,1.430511474609375e-06,2.384185791015625e-07
6870,0.0017228126525878906,1.430511474609375e-06,2.384185791015625e-07
6871,0.002113819122314453,1.6689300537109375e-06,2.384185791015625e-07
6872,0.002027273178100586,1.9073486328125e-06,4.76837158203125e-07
6873,0.0023789405822753906,1.430511474609375e-06,7.152557373046875e-07
6874,0.0022923946380615234,1.9073486328125e-06,2.384185791015625e-07
6875,0.002715587615966797,1.6689300537109375e-06,2.384185791015625e-07
6876,0.0018606185913085938,1.9073486328125e-06,4.76837158203125e-07
6877,0.002065896987915039,1.6689300537109375e-06,2.384185791015625e-07
6878,0.002183675765991211,1.2159347534179688e-05,2.384185791015625e-07
6879,0.0021212100982666016,1.6689300537109375e-06,2.384185791015625e-07
6880,0.0023169517517089844,1.6689300537109375e-06,2.384185791015625e-07
6881,0.0022630691528320312,1.430511474609375e-06,2.384185791015625e-07
6882,0.0018002986907958984,2.1457672119140625e-06,2.384185791015625e-07
6883,0.0031769275665283203,2.384185791015625e-06,2.384185791015625e-07
6884,0.0023126602172851562,1.6689300537109375e-06,2.384185791015625e-07
6885,0.0025839805603027344,1.9073486328125e-06,2.384185791015625e-07
6886,0.0031280517578125,1.9073486328125e-06,4.76837158203125e-07
6887,0.0026438236236572266,1.9073486328125e-06,2.384185791015625e-07
6888,0.002626657485961914,2.1457672119140625e-06,4.76837158203125e-07
6889,0.0025513172149658203,2.1457672119140625e-06,2.384185791015625e-07
6890,0.002109527587890625,1.6689300537109375e-06,4.76837158203125e-07
6891,0.002531766891479492,2.1457672119140625e-06,2.384185791015625e-07
6892,0.002360820770263672,1.9073486328125e-06,2.384185791015625e-07
6893,0.0025081634521484375,1.9073486328125e-06,4.76837158203125e-07
6894,0.002537965774536133,1.9073486328125e-06,2.384185791015625e-07
6895,0.002481698989868164,2.384185791015625e-06,7.152557373046875e-07
6896,0.002446889877319336,1.9073486328125e-06,2.384185791015625e-07
6897,0.002676248550415039,1.9073486328125e-06,2.384185791015625e-07
6898,0.001873016357421875,1.9073486328125e-06,2.384185791015625e-07
6899,0.0024492740631103516,1.9073486328125e-06,9.5367431640625e-07
6900,0.0022661685943603516,1.9073486328125e-06,2.384185791015625e-07
6901,0.002626180648803711,1.6689300537109375e-06,4.76837158203125e-07
6902,0.002993345260620117,1.9073486328125e-06,7.152557373046875e-07
6903,0.0022814273834228516,1.9073486328125e-06,4.76837158203125e-07
6904,0.0024874210357666016,1.9073486328125e-06,2.384185791015625e-07
6905,0.002382993698120117,1.9073486328125e-06,2.384185791015625e-07
6906,0.0024509429931640625,2.384185791015625e-06,2.384185791015625e-07
6907,0.0016944408416748047,1.9073486328125e-06,2.384185791015625e-07
6908,0.002949953079223633,1.9073486328125e-06,2.384185791015625e-07
6909,0.0017511844635009766,1.9073486328125e-06,4.76837158203125e-07
6910,0.0023462772369384766,1.430511474609375e-06,4.76837158203125e-07
6911,0.002614736557006836,1.6689300537109375e-06,2.384185791015625e-07
6912,0.002382516860961914,2.1457672119140625e-06,2.384185791015625e-07
6913,0.0024743080139160156,1.6689300537109375e-06,2.384185791015625e-07
6914,0.0026731491088867188,1.6689300537109375e-06,4.76837158203125e-07
6915,0.002521514892578125,1.9073486328125e-06,4.76837158203125e-07
6916,0.0022046566009521484,1.9073486328125e-06,2.384185791015625e-07
6917,0.0023212432861328125,1.6689300537109375e-06,2.384185791015625e-07
6918,0.002896547317504883,1.6689300537109375e-06,2.384185791015625e-07
6919,0.0020377635955810547,1.9073486328125e-06,4.76837158203125e-07
6920,0.002005338668823242,1.9073486328125e-06,4.76837158203125e-07
6921,0.00252532958984375,1.6689300537109375e-06,2.384185791015625e-07
6922,0.001967906951904297,1.9073486328125e-06,2.384185791015625e-07
6923,0.0021016597747802734,1.9073486328125e-06,2.384185791015625e-07
6924,0.002370595932006836,1.6689300537109375e-06,2.384185791015625e-07
6925,0.002445220947265625,1.6689300537109375e-06,4.76837158203125e-07
6926,0.0026531219482421875,1.9073486328125e-06,2.384185791015625e-07
6927,0.0025484561920166016,2.1457672119140625e-06,9.5367431640625e-07
6928,0.0024976730346679688,1.9073486328125e-06,2.384185791015625e-07
6929,0.002984285354614258,2.1457672119140625e-06,2.384185791015625e-07
6930,0.0022881031036376953,1.6689300537109375e-06,2.384185791015625e-07
6931,0.002163410186767578,1.9073486328125e-06,4.76837158203125e-07
6932,0.002439737319946289,2.1457672119140625e-06,2.384185791015625e-07
6933,0.002195596694946289,2.1457672119140625e-06,2.384185791015625e-07
6934,0.0021314620971679688,2.1457672119140625e-06,2.384185791015625e-07
6935,0.002846956253051758,1.9073486328125e-06,2.384185791015625e-07
6936,0.0024557113647460938,1.9073486328125e-06,2.384185791015625e-07
6937,0.0025854110717773438,1.9073486328125e-06,2.384185791015625e-07
6938,0.0021080970764160156,1.9073486328125e-06,2.384185791015625e-07
6939,0.0022687911987304688,2.384185791015625e-06,2.384185791015625e-07
6940,0.0027022361755371094,1.9073486328125e-06,4.76837158203125e-07
6941,0.0025644302368164062,1.9073486328125e-06,2.384185791015625e-07
6942,0.0020842552185058594,2.1457672119140625e-06,2.384185791015625e-07
6943,0.0015568733215332031,2.1457672119140625e-06,4.76837158203125e-07
6944,0.0023877620697021484,1.9073486328125e-06,4.76837158203125e-07
6945,0.0025801658630371094,1.6689300537109375e-06,2.384185791015625e-07
6946,0.0022525787353515625,1.6689300537109375e-06,2.384185791015625e-07
6947,0.0026814937591552734,1.6689300537109375e-06,4.76837158203125e-07
6948,0.002635478973388672,1.6689300537109375e-06,4.76837158203125e-07
6949,0.002408742904663086,1.9073486328125e-06,4.76837158203125e-07
6950,0.0025322437286376953,1.6689300537109375e-06,2.384185791015625e-07
6951,0.0023164749145507812,2.1457672119140625e-06,2.384185791015625e-07
6952,0.002431154251098633,1.6689300537109375e-06,2.384185791015625e-07
6953,0.002360105514526367,1.9073486328125e-06,4.76837158203125e-07
6954,0.002263307571411133,1.6689300537109375e-06,2.384185791015625e-07
6955,0.0025725364685058594,1.6689300537109375e-06,4.76837158203125e-07
6956,0.002409696578979492,1.9073486328125e-06,2.384185791015625e-07
6957,0.001890420913696289,1.9073486328125e-06,2.384185791015625e-07
6958,0.0019774436950683594,1.9073486328125e-06,4.76837158203125e-07
6959,0.0014719963073730469,1.6689300537109375e-06,2.384185791015625e-07
6960,0.002681732177734375,1.6689300537109375e-06,2.384185791015625e-07
6961,0.002602100372314453,1.6689300537109375e-06,2.384185791015625e-07
6962,0.0022056102752685547,1.6689300537109375e-06,7.152557373046875e-07
6963,0.0024340152740478516,1.6689300537109375e-06,2.384185791015625e-07
6964,0.0023899078369140625,1.6689300537109375e-06,2.384185791015625e-07
6965,0.0017576217651367188,1.6689300537109375e-06,4.76837158203125e-07
6966,0.0023336410522460938,1.9073486328125e-06,2.384185791015625e-07
6967,0.0023643970489501953,1.9073486328125e-06,2.384185791015625e-07
6968,0.002379894256591797,1.9073486328125e-06,2.384185791015625e-07
6969,0.002043008804321289,1.6689300537109375e-06,2.384185791015625e-07
6970,0.0024275779724121094,1.6689300537109375e-06,2.384185791015625e-07
6971,0.0027618408203125,1.9073486328125e-06,4.76837158203125e-07
6972,0.0026569366455078125,1.6689300537109375e-06,2.384185791015625e-07
6973,0.0020799636840820312,1.6689300537109375e-06,4.76837158203125e-07
6974,0.0030329227447509766,1.6689300537109375e-06,2.384185791015625e-07
6975,0.0018193721771240234,1.9073486328125e-06,2.384185791015625e-07
6976,0.0027170181274414062,1.9073486328125e-06,2.384185791015625e-07
6977,0.002208232879638672,1.6689300537109375e-06,4.76837158203125e-07
6978,0.0022127628326416016,1.6689300537109375e-06,2.384185791015625e-07
6979,0.0023202896118164062,1.6689300537109375e-06,2.384185791015625e-07
6980,0.002647876739501953,1.6689300537109375e-06,1.1920928955078125e-06
6981,0.0023353099822998047,1.9073486328125e-06,4.76837158203125e-07
6982,0.002044677734375,1.6689300537109375e-06,2.384185791015625e-07
6983,0.0019032955169677734,1.9073486328125e-06,2.384185791015625e-07
6984,0.002511262893676758,1.9073486328125e-06,4.76837158203125e-07
6985,0.002073049545288086,1.6689300537109375e-06,2.384185791015625e-07
6986,0.0021371841430664062,1.9073486328125e-06,2.384185791015625e-07
6987,0.0027027130126953125,1.6689300537109375e-06,4.76837158203125e-07
6988,0.0027952194213867188,1.6689300537109375e-06,2.384185791015625e-07
6989,0.0021758079528808594,1.6689300537109375e-06,2.384185791015625e-07
6990,0.0025691986083984375,1.430511474609375e-06,2.384185791015625e-07
6991,0.002650022506713867,1.6689300537109375e-06,4.76837158203125e-07
6992,0.0019521713256835938,1.9073486328125e-06,2.384185791015625e-07
6993,0.0027549266815185547,1.9073486328125e-06,4.76837158203125e-07
6994,0.0018646717071533203,1.6689300537109375e-06,4.76837158203125e-07
6995,0.002313375473022461,1.6689300537109375e-06,2.384185791015625e-07
6996,0.002066373825073242,1.430511474609375e-06,4.76837158203125e-07
6997,0.0026092529296875,1.9073486328125e-06,2.384185791015625e-07
6998,0.002260923385620117,1.9073486328125e-06,2.384185791015625e-07
6999,0.0023338794708251953,1.9073486328125e-06,2.384185791015625e-07
7000,0.002474546432495117,2.1457672119140625e-06,2.384185791015625e-07
7001,0.0021538734436035156,2.1457672119140625e-06,9.5367431640625e-07
7002,0.002160787582397461,1.6689300537109375e-06,2.384185791015625e-07
7003,0.002529621124267578,1.9073486328125e-06,2.384185791015625e-07
7004,0.0021860599517822266,1.6689300537109375e-06,2.384185791015625e-07
7005,0.0028238296508789062,2.384185791015625e-06,2.384185791015625e-07
7006,0.002359628677368164,1.6689300537109375e-06,2.384185791015625e-07
7007,0.0027854442596435547,1.6689300537109375e-06,2.384185791015625e-07
7008,0.0033295154571533203,1.6689300537109375e-06,4.76837158203125e-07
7009,0.0029392242431640625,1.9073486328125e-06,4.76837158203125e-07
7010,0.0024781227111816406,1.9073486328125e-06,2.384185791015625e-07
7011,0.0028846263885498047,1.6689300537109375e-06,2.384185791015625e-07
7012,0.002084016799926758,1.9073486328125e-06,2.384185791015625e-07
7013,0.002769947052001953,1.9073486328125e-06,4.76837158203125e-07
7014,0.002207040786743164,1.9073486328125e-06,4.76837158203125e-07
7015,0.002705812454223633,1.6689300537109375e-06,2.384185791015625e-07
7016,0.0037577152252197266,1.9073486328125e-06,4.76837158203125e-07
7017,0.0019555091857910156,1.6689300537109375e-06,4.76837158203125e-07
7018,0.0026895999908447266,1.6689300537109375e-06,2.384185791015625e-07
7019,0.0026361942291259766,1.6689300537109375e-06,2.384185791015625e-07
7020,0.0029234886169433594,1.6689300537109375e-06,2.384185791015625e-07
7021,0.002821683883666992,1.9073486328125e-06,2.384185791015625e-07
7022,0.002465963363647461,1.9073486328125e-06,2.384185791015625e-07
7023,0.0026407241821289062,1.6689300537109375e-06,2.384185791015625e-07
7024,0.0022215843200683594,1.6689300537109375e-06,4.76837158203125e-07
7025,0.0019011497497558594,1.6689300537109375e-06,4.76837158203125e-07
7026,0.0016896724700927734,1.6689300537109375e-06,2.384185791015625e-07
7027,0.0026340484619140625,1.6689300537109375e-06,2.384185791015625e-07
7028,0.002406597137451172,1.9073486328125e-06,2.384185791015625e-07
7029,0.0019659996032714844,2.1457672119140625e-06,7.152557373046875e-07
7030,0.0029468536376953125,1.6689300537109375e-06,2.384185791015625e-07
7031,0.0025081634521484375,1.6689300537109375e-06,4.76837158203125e-07
7032,0.0026977062225341797,1.9073486328125e-06,2.384185791015625e-07
7033,0.0032567977905273438,1.6689300537109375e-06,4.76837158203125e-07
7034,0.0025284290313720703,1.430511474609375e-06,2.384185791015625e-07
7035,0.002582073211669922,1.6689300537109375e-06,4.76837158203125e-07
7036,0.002298593521118164,1.6689300537109375e-06,2.384185791015625e-07
7037,0.003097057342529297,1.6689300537109375e-06,2.384185791015625e-07
7038,0.002601146697998047,1.6689300537109375e-06,4.76837158203125e-07
7039,0.002539396286010742,2.1457672119140625e-06,2.384185791015625e-07
7040,0.0029180049896240234,1.6689300537109375e-06,2.384185791015625e-07
7041,0.002102375030517578,1.9073486328125e-06,2.384185791015625e-07
7042,0.0027894973754882812,1.6689300537109375e-06,2.384185791015625e-07
7043,0.002208232879638672,2.1457672119140625e-06,2.384185791015625e-07
7044,0.00266265869140625,2.1457672119140625e-06,4.76837158203125e-07
7045,0.0025141239166259766,1.9073486328125e-06,2.384185791015625e-07
7046,0.0030176639556884766,1.6689300537109375e-06,4.76837158203125e-07
7047,0.0021347999572753906,1.6689300537109375e-06,7.152557373046875e-07
7048,0.0029091835021972656,1.6689300537109375e-06,4.76837158203125e-07
7049,0.0024230480194091797,1.6689300537109375e-06,2.384185791015625e-07
7050,0.0027894973754882812,1.6689300537109375e-06,2.384185791015625e-07
7051,0.002023935317993164,1.6689300537109375e-06,2.384185791015625e-07
7052,0.002318859100341797,1.9073486328125e-06,2.384185791015625e-07
7053,0.002921581268310547,1.6689300537109375e-06,2.384185791015625e-07
7054,0.0020766258239746094,1.6689300537109375e-06,2.384185791015625e-07
7055,0.003030061721801758,1.9073486328125e-06,2.384185791015625e-07
7056,0.0024607181549072266,1.9073486328125e-06,7.152557373046875e-07
7057,0.002410888671875,1.6689300537109375e-06,4.76837158203125e-07
7058,0.0022215843200683594,1.6689300537109375e-06,2.384185791015625e-07
7059,0.002443552017211914,1.9073486328125e-06,2.384185791015625e-07
7060,0.0023305416107177734,1.6689300537109375e-06,4.76837158203125e-07
7061,0.0020465850830078125,1.9073486328125e-06,2.384185791015625e-07
7062,0.0018379688262939453,1.9073486328125e-06,2.384185791015625e-07
7063,0.0016407966613769531,1.6689300537109375e-06,2.384185791015625e-07
7064,0.002585887908935547,1.6689300537109375e-06,4.76837158203125e-07
7065,0.002786874771118164,1.9073486328125e-06,2.384185791015625e-07
7066,0.00182342529296875,1.9073486328125e-06,2.384185791015625e-07
7067,0.002526521682739258,1.6689300537109375e-06,2.384185791015625e-07
7068,0.0029442310333251953,2.1457672119140625e-06,4.76837158203125e-07
7069,0.002613544464111328,1.9073486328125e-06,4.76837158203125e-07
7070,0.0019259452819824219,1.9073486328125e-06,2.384185791015625e-07
7071,0.002857208251953125,1.9073486328125e-06,2.384185791015625e-07
7072,0.0022776126861572266,2.384185791015625e-06,2.384185791015625e-07
7073,0.0023839473724365234,1.9073486328125e-06,2.384185791015625e-07
7074,0.00238800048828125,1.9073486328125e-06,4.76837158203125e-07
7075,0.0026314258575439453,1.9073486328125e-06,2.384185791015625e-07
7076,0.0024852752685546875,2.1457672119140625e-06,2.384185791015625e-07
7077,0.0021598339080810547,1.9073486328125e-06,4.76837158203125e-07
7078,0.0021359920501708984,2.1457672119140625e-06,4.76837158203125e-07
7079,0.002671480178833008,1.6689300537109375e-06,2.384185791015625e-07
7080,0.0023088455200195312,1.9073486328125e-06,4.76837158203125e-07
7081,0.0025420188903808594,1.430511474609375e-06,2.384185791015625e-07
7082,0.002008676528930664,2.384185791015625e-06,4.76837158203125e-07
7083,0.0022902488708496094,1.6689300537109375e-06,2.384185791015625e-07
7084,0.0023436546325683594,1.6689300537109375e-06,2.384185791015625e-07
7085,0.0028057098388671875,2.1457672119140625e-06,2.384185791015625e-07
7086,0.00217437744140625,1.6689300537109375e-06,4.76837158203125e-07
7087,0.0024764537811279297,1.6689300537109375e-06,2.384185791015625e-07
7088,0.0026242733001708984,1.6689300537109375e-06,2.384185791015625e-07
7089,0.002469301223754883,1.6689300537109375e-06,2.384185791015625e-07
7090,0.0021524429321289062,1.9073486328125e-06,7.152557373046875e-07
7091,0.0025839805603027344,1.6689300537109375e-06,2.384185791015625e-07
7092,0.00286102294921875,1.9073486328125e-06,4.76837158203125e-07
7093,0.002781391143798828,1.6689300537109375e-06,2.384185791015625e-07
7094,0.003160238265991211,2.384185791015625e-06,4.76837158203125e-07
7095,0.002772092819213867,1.9073486328125e-06,2.384185791015625e-07
7096,0.0025691986083984375,1.6689300537109375e-06,2.384185791015625e-07
7097,0.0025730133056640625,1.6689300537109375e-06,2.384185791015625e-07
7098,0.0025377273559570312,1.6689300537109375e-06,2.384185791015625e-07
7099,0.0024700164794921875,2.1457672119140625e-06,4.76837158203125e-07
7100,0.0020360946655273438,2.384185791015625e-06,2.384185791015625e-07
7101,0.0026695728302001953,1.9073486328125e-06,2.384185791015625e-07
7102,0.0026636123657226562,1.6689300537109375e-06,2.384185791015625e-07
7103,0.002397775650024414,1.9073486328125e-06,2.384185791015625e-07
7104,0.00255584716796875,1.6689300537109375e-06,2.384185791015625e-07
7105,0.0026862621307373047,1.6689300537109375e-06,2.384185791015625e-07
7106,0.0029363632202148438,1.6689300537109375e-06,4.76837158203125e-07
7107,0.002512693405151367,1.9073486328125e-06,2.384185791015625e-07
7108,0.002934694290161133,1.430511474609375e-06,2.384185791015625e-07
7109,0.002317667007446289,1.6689300537109375e-06,2.384185791015625e-07
7110,0.0023860931396484375,1.6689300537109375e-06,2.384185791015625e-07
7111,0.0027322769165039062,1.6689300537109375e-06,2.384185791015625e-07
7112,0.0029573440551757812,1.6689300537109375e-06,2.384185791015625e-07
7113,0.0019884109497070312,1.9073486328125e-06,7.152557373046875e-07
7114,0.0028409957885742188,2.1457672119140625e-06,2.384185791015625e-07
7115,0.0029768943786621094,1.9073486328125e-06,2.384185791015625e-07
7116,0.0026955604553222656,1.9073486328125e-06,2.384185791015625e-07
7117,0.0019915103912353516,1.9073486328125e-06,2.384185791015625e-07
7118,0.0028243064880371094,2.1457672119140625e-06,2.384185791015625e-07
7119,0.0025784969329833984,1.9073486328125e-06,2.384185791015625e-07
7120,0.0026481151580810547,1.430511474609375e-06,2.384185791015625e-07
7121,0.002743959426879883,1.430511474609375e-06,2.384185791015625e-07
7122,0.002630949020385742,1.9073486328125e-06,2.384185791015625e-07
7123,0.0019431114196777344,1.6689300537109375e-06,4.76837158203125e-07
7124,0.002191305160522461,1.6689300537109375e-06,2.384185791015625e-07
7125,0.0032308101654052734,1.9073486328125e-06,2.384185791015625e-07
7126,0.001878976821899414,1.6689300537109375e-06,2.384185791015625e-07
7127,0.0023474693298339844,1.430511474609375e-06,2.384185791015625e-07
7128,0.0018947124481201172,1.9073486328125e-06,4.76837158203125e-07
7129,0.002735137939453125,1.6689300537109375e-06,4.76837158203125e-07
7130,0.0024154186248779297,1.6689300537109375e-06,2.384185791015625e-07
7131,0.0022618770599365234,2.1457672119140625e-06,2.384185791015625e-07
7132,0.0021848678588867188,1.9073486328125e-06,7.152557373046875e-07
7133,0.0023987293243408203,1.9073486328125e-06,2.384185791015625e-07
7134,0.0027806758880615234,1.9073486328125e-06,2.384185791015625e-07
7135,0.0030384063720703125,2.1457672119140625e-06,4.76837158203125e-07
7136,0.0025281906127929688,1.9073486328125e-06,4.76837158203125e-07
7137,0.0025429725646972656,2.1457672119140625e-06,2.384185791015625e-07
7138,0.0023314952850341797,2.1457672119140625e-06,2.384185791015625e-07
7139,0.0024077892303466797,1.9073486328125e-06,4.76837158203125e-07
7140,0.0021486282348632812,1.9073486328125e-06,2.384185791015625e-07
7141,0.002396106719970703,1.9073486328125e-06,2.384185791015625e-07
7142,0.0021257400512695312,1.9073486328125e-06,4.76837158203125e-07
7143,0.0028281211853027344,1.6689300537109375e-06,2.384185791015625e-07
7144,0.002254009246826172,1.9073486328125e-06,2.384185791015625e-07
7145,0.002843141555786133,1.9073486328125e-06,7.152557373046875e-07
7146,0.002367258071899414,1.9073486328125e-06,2.384185791015625e-07
7147,0.0028176307678222656,1.9073486328125e-06,2.384185791015625e-07
7148,0.0022118091583251953,1.9073486328125e-06,2.384185791015625e-07
7149,0.002448558807373047,1.6689300537109375e-06,2.384185791015625e-07
7150,0.0027375221252441406,1.9073486328125e-06,7.152557373046875e-07
7151,0.003156900405883789,2.1457672119140625e-06,2.384185791015625e-07
7152,0.0024933815002441406,1.9073486328125e-06,2.384185791015625e-07
7153,0.0026504993438720703,1.6689300537109375e-06,2.384185791015625e-07
7154,0.002942323684692383,1.6689300537109375e-06,2.384185791015625e-07
7155,0.0032486915588378906,1.6689300537109375e-06,2.384185791015625e-07
7156,0.0029931068420410156,1.6689300537109375e-06,2.384185791015625e-07
7157,0.0023877620697021484,1.6689300537109375e-06,4.76837158203125e-07
7158,0.002013683319091797,1.6689300537109375e-06,4.76837158203125e-07
7159,0.0025434494018554688,2.1457672119140625e-06,2.384185791015625e-07
7160,0.0023212432861328125,1.9073486328125e-06,2.384185791015625e-07
7161,0.0014102458953857422,1.6689300537109375e-06,2.384185791015625e-07
7162,0.0030722618103027344,1.9073486328125e-06,2.384185791015625e-07
7163,0.002215862274169922,1.6689300537109375e-06,7.152557373046875e-07
7164,0.003113269805908203,1.6689300537109375e-06,2.384185791015625e-07
7165,0.002811908721923828,1.9073486328125e-06,2.384185791015625e-07
7166,0.0018429756164550781,2.384185791015625e-06,4.76837158203125e-07
7167,0.002602100372314453,2.1457672119140625e-06,2.384185791015625e-07
7168,0.0026693344116210938,2.1457672119140625e-06,2.384185791015625e-07
7169,0.0020606517791748047,2.1457672119140625e-06,2.384185791015625e-07
7170,0.0023353099822998047,1.6689300537109375e-06,7.152557373046875e-07
7171,0.0026810169219970703,1.430511474609375e-06,4.76837158203125e-07
7172,0.0026466846466064453,1.6689300537109375e-06,4.76837158203125e-07
7173,0.0018618106842041016,1.9073486328125e-06,4.76837158203125e-07
7174,0.002079486846923828,1.6689300537109375e-06,9.5367431640625e-07
7175,0.002413034439086914,1.6689300537109375e-06,2.384185791015625e-07
7176,0.0025789737701416016,1.6689300537109375e-06,2.384185791015625e-07
7177,0.002106904983520508,1.6689300537109375e-06,4.76837158203125e-07
7178,0.0024046897888183594,1.430511474609375e-06,2.384185791015625e-07
7179,0.0019676685333251953,1.9073486328125e-06,2.384185791015625e-07
7180,0.003017425537109375,1.9073486328125e-06,4.76837158203125e-07
7181,0.0021085739135742188,1.6689300537109375e-06,2.384185791015625e-07
7182,0.0022802352905273438,1.6689300537109375e-06,2.384185791015625e-07
7183,0.0026102066040039062,1.430511474609375e-06,2.384185791015625e-07
7184,0.0023453235626220703,2.384185791015625e-06,2.384185791015625e-07
7185,0.0028798580169677734,1.6689300537109375e-06,2.384185791015625e-07
7186,0.0023469924926757812,2.1457672119140625e-06,2.384185791015625e-07
7187,0.002221822738647461,2.1457672119140625e-06,4.76837158203125e-07
7188,0.002956867218017578,1.9073486328125e-06,4.76837158203125e-07
7189,0.0028502941131591797,2.1457672119140625e-06,2.384185791015625e-07
7190,0.0023374557495117188,2.1457672119140625e-06,2.384185791015625e-07
7191,0.0027306079864501953,1.9073486328125e-06,7.152557373046875e-07
7192,0.0021033287048339844,2.1457672119140625e-06,2.384185791015625e-07
7193,0.002429485321044922,1.9073486328125e-06,2.384185791015625e-07
7194,0.002824068069458008,2.1457672119140625e-06,2.384185791015625e-07
7195,0.0030167102813720703,2.1457672119140625e-06,2.384185791015625e-07
7196,0.002272367477416992,2.1457672119140625e-06,4.76837158203125e-07
7197,0.0025377273559570312,2.1457672119140625e-06,2.384185791015625e-07
7198,0.0021402835845947266,2.1457672119140625e-06,2.384185791015625e-07
7199,0.0026848316192626953,1.9073486328125e-06,2.384185791015625e-07
7200,0.0021479129791259766,1.9073486328125e-06,2.384185791015625e-07
7201,0.0024018287658691406,1.9073486328125e-06,2.384185791015625e-07
7202,0.0028548240661621094,2.1457672119140625e-06,4.76837158203125e-07
7203,0.002260923385620117,1.9073486328125e-06,2.384185791015625e-07
7204,0.0021982192993164062,1.9073486328125e-06,2.384185791015625e-07
7205,0.0023958683013916016,2.1457672119140625e-06,2.384185791015625e-07
7206,0.0019521713256835938,1.9073486328125e-06,2.384185791015625e-07
7207,0.0021491050720214844,1.6689300537109375e-06,4.76837158203125e-07
7208,0.0025832653045654297,2.1457672119140625e-06,2.384185791015625e-07
7209,0.002567768096923828,1.9073486328125e-06,4.76837158203125e-07
7210,0.001960277557373047,1.9073486328125e-06,4.76837158203125e-07
7211,0.0028755664825439453,1.9073486328125e-06,4.76837158203125e-07
7212,0.0021610260009765625,2.1457672119140625e-06,4.76837158203125e-07
7213,0.0025434494018554688,2.1457672119140625e-06,2.384185791015625e-07
7214,0.002837657928466797,1.9073486328125e-06,2.384185791015625e-07
7215,0.002503633499145508,1.9073486328125e-06,2.384185791015625e-07
7216,0.0020875930786132812,1.9073486328125e-06,2.384185791015625e-07
7217,0.002257823944091797,2.1457672119140625e-06,2.384185791015625e-07
7218,0.002439737319946289,1.6689300537109375e-06,4.76837158203125e-07
7219,0.002401590347290039,1.9073486328125e-06,2.384185791015625e-07
7220,0.0025005340576171875,2.384185791015625e-06,4.76837158203125e-07
7221,0.0019223690032958984,2.1457672119140625e-06,4.76837158203125e-07
7222,0.0022344589233398438,2.1457672119140625e-06,4.76837158203125e-07
7223,0.002452373504638672,2.6226043701171875e-06,4.76837158203125e-07
7224,0.0026521682739257812,1.9073486328125e-06,2.384185791015625e-07
7225,0.0019757747650146484,1.6689300537109375e-06,4.76837158203125e-07
7226,0.0023810863494873047,1.9073486328125e-06,2.384185791015625e-07
7227,0.0029311180114746094,1.6689300537109375e-06,2.384185791015625e-07
7228,0.002683401107788086,2.384185791015625e-06,2.384185791015625e-07
7229,0.002516031265258789,2.1457672119140625e-06,2.384185791015625e-07
7230,0.0026984214782714844,1.9073486328125e-06,2.384185791015625e-07
7231,0.0025060176849365234,2.1457672119140625e-06,4.76837158203125e-07
7232,0.0021724700927734375,2.1457672119140625e-06,4.76837158203125e-07
7233,0.002161264419555664,2.1457672119140625e-06,4.76837158203125e-07
7234,0.0017802715301513672,2.1457672119140625e-06,2.384185791015625e-07
7235,0.002222299575805664,2.86102294921875e-06,2.384185791015625e-07
7236,0.001967906951904297,1.9073486328125e-06,2.384185791015625e-07
7237,0.002477884292602539,1.9073486328125e-06,2.384185791015625e-07
7238,0.0033016204833984375,1.9073486328125e-06,2.384185791015625e-07
7239,0.0031943321228027344,1.9073486328125e-06,7.152557373046875e-07
7240,0.001986980438232422,2.1457672119140625e-06,2.384185791015625e-07
7241,0.002008676528930664,2.1457672119140625e-06,2.384185791015625e-07
7242,0.001943826675415039,2.1457672119140625e-06,2.384185791015625e-07
7243,0.002393960952758789,1.9073486328125e-06,7.152557373046875e-07
7244,0.002424478530883789,2.1457672119140625e-06,2.384185791015625e-07
7245,0.0023474693298339844,1.9073486328125e-06,2.384185791015625e-07
7246,0.002872467041015625,1.9073486328125e-06,2.384185791015625e-07
7247,0.0024919509887695312,1.6689300537109375e-06,2.384185791015625e-07
7248,0.0027322769165039062,1.9073486328125e-06,4.76837158203125e-07
7249,0.002615690231323242,1.9073486328125e-06,2.384185791015625e-07
7250,0.0024566650390625,2.384185791015625e-06,2.384185791015625e-07
7251,0.0021550655364990234,1.9073486328125e-06,2.384185791015625e-07
7252,0.002283811569213867,2.1457672119140625e-06,4.76837158203125e-07
7253,0.0013699531555175781,1.9073486328125e-06,2.384185791015625e-07
7254,0.0025429725646972656,2.1457672119140625e-06,2.384185791015625e-07
7255,0.0025289058685302734,2.6226043701171875e-06,2.384185791015625e-07
7256,0.002601146697998047,1.9073486328125e-06,2.384185791015625e-07
7257,0.0023622512817382812,1.9073486328125e-06,2.384185791015625e-07
7258,0.0027861595153808594,1.9073486328125e-06,4.76837158203125e-07
7259,0.002275228500366211,1.6689300537109375e-06,4.76837158203125e-07
7260,0.002830028533935547,1.9073486328125e-06,4.76837158203125e-07
7261,0.002409696578979492,1.9073486328125e-06,7.152557373046875e-07
7262,0.0015528202056884766,1.9073486328125e-06,4.76837158203125e-07
7263,0.0022802352905273438,1.6689300537109375e-06,2.384185791015625e-07
7264,0.0020284652709960938,1.6689300537109375e-06,2.384185791015625e-07
7265,0.002368450164794922,1.9073486328125e-06,2.384185791015625e-07
7266,0.0016984939575195312,2.1457672119140625e-06,2.384185791015625e-07
7267,0.0017940998077392578,2.1457672119140625e-06,4.76837158203125e-07
7268,0.0021419525146484375,2.1457672119140625e-06,4.76837158203125e-07
7269,0.0022144317626953125,1.9073486328125e-06,7.152557373046875e-07
7270,0.0018849372863769531,1.6689300537109375e-06,2.384185791015625e-07
7271,0.002186298370361328,1.6689300537109375e-06,2.384185791015625e-07
7272,0.00151824951171875,1.9073486328125e-06,4.76837158203125e-07
7273,0.0019791126251220703,1.6689300537109375e-06,4.76837158203125e-07
7274,0.002768993377685547,1.9073486328125e-06,2.384185791015625e-07
7275,0.002886056900024414,2.6226043701171875e-06,2.384185791015625e-07
7276,0.002768278121948242,2.1457672119140625e-06,2.384185791015625e-07
7277,0.0018482208251953125,2.1457672119140625e-06,2.384185791015625e-07
7278,0.002574443817138672,1.9073486328125e-06,4.76837158203125e-07
7279,0.0020818710327148438,1.9073486328125e-06,4.76837158203125e-07
7280,0.002023935317993164,1.9073486328125e-06,2.384185791015625e-07
7281,0.002534151077270508,1.9073486328125e-06,2.384185791015625e-07
7282,0.0032405853271484375,2.384185791015625e-06,9.5367431640625e-07
7283,0.0021584033966064453,2.1457672119140625e-06,2.384185791015625e-07
7284,0.0027892589569091797,1.9073486328125e-06,2.384185791015625e-07
7285,0.0019598007202148438,1.9073486328125e-06,2.384185791015625e-07
7286,0.0019526481628417969,2.1457672119140625e-06,2.384185791015625e-07
7287,0.0018482208251953125,2.384185791015625e-06,4.76837158203125e-07
7288,0.0019137859344482422,1.9073486328125e-06,4.76837158203125e-07
7289,0.0018398761749267578,2.384185791015625e-06,4.76837158203125e-07
7290,0.0020630359649658203,1.9073486328125e-06,4.76837158203125e-07
7291,0.0022454261779785156,1.6689300537109375e-06,4.76837158203125e-07
7292,0.002084970474243164,1.6689300537109375e-06,2.384185791015625e-07
7293,0.0022857189178466797,1.9073486328125e-06,2.384185791015625e-07
7294,0.0024912357330322266,1.9073486328125e-06,4.76837158203125e-07
7295,0.0017690658569335938,1.6689300537109375e-06,2.384185791015625e-07
7296,0.002194643020629883,1.9073486328125e-06,4.76837158203125e-07
7297,0.0017523765563964844,2.1457672119140625e-06,4.76837158203125e-07
7298,0.0024955272674560547,1.6689300537109375e-06,1.1920928955078125e-06
7299,0.002315998077392578,2.1457672119140625e-06,2.384185791015625e-07
7300,0.0026426315307617188,2.1457672119140625e-06,2.384185791015625e-07
7301,0.0011491775512695312,1.9073486328125e-06,2.384185791015625e-07
7302,0.002263784408569336,1.9073486328125e-06,7.152557373046875e-07
7303,0.002676725387573242,1.9073486328125e-06,2.384185791015625e-07
7304,0.002079486846923828,1.9073486328125e-06,2.384185791015625e-07
7305,0.001743316650390625,2.1457672119140625e-06,2.384185791015625e-07
7306,0.002151012420654297,2.1457672119140625e-06,4.76837158203125e-07
7307,0.0022630691528320312,1.9073486328125e-06,2.384185791015625e-07
7308,0.0025718212127685547,2.1457672119140625e-06,2.384185791015625e-07
7309,0.002211332321166992,2.1457672119140625e-06,2.384185791015625e-07
7310,0.002019643783569336,1.9073486328125e-06,2.384185791015625e-07
7311,0.002604246139526367,2.1457672119140625e-06,2.384185791015625e-07
7312,0.002121448516845703,1.9073486328125e-06,2.384185791015625e-07
7313,0.0017936229705810547,2.1457672119140625e-06,2.384185791015625e-07
7314,0.001699209213256836,1.9073486328125e-06,2.384185791015625e-07
7315,0.0013315677642822266,2.1457672119140625e-06,7.152557373046875e-07
7316,0.002315521240234375,1.6689300537109375e-06,2.384185791015625e-07
7317,0.0018241405487060547,1.6689300537109375e-06,2.384185791015625e-07
7318,0.0023500919342041016,1.6689300537109375e-06,4.76837158203125e-07
7319,0.0016818046569824219,1.6689300537109375e-06,2.384185791015625e-07
7320,0.0011851787567138672,1.9073486328125e-06,4.76837158203125e-07
7321,0.002534151077270508,1.6689300537109375e-06,4.76837158203125e-07
7322,0.0023012161254882812,2.1457672119140625e-06,2.384185791015625e-07
7323,0.0022077560424804688,1.6689300537109375e-06,2.384185791015625e-07
7324,0.0016720294952392578,1.6689300537109375e-06,4.76837158203125e-07
7325,0.0016982555389404297,1.9073486328125e-06,2.384185791015625e-07
7326,0.0015137195587158203,1.430511474609375e-06,2.384185791015625e-07
7327,0.0021669864654541016,1.6689300537109375e-06,2.384185791015625e-07
7328,0.0019617080688476562,1.6689300537109375e-06,2.384185791015625e-07
7329,0.0011320114135742188,1.6689300537109375e-06,4.76837158203125e-07
7330,0.0022459030151367188,1.9073486328125e-06,2.384185791015625e-07
7331,0.002572298049926758,1.6689300537109375e-06,2.384185791015625e-07
7332,0.0021643638610839844,1.6689300537109375e-06,4.76837158203125e-07
7333,0.0014629364013671875,1.6689300537109375e-06,2.384185791015625e-07
7334,0.0018777847290039062,1.6689300537109375e-06,2.384185791015625e-07
7335,0.0022296905517578125,1.6689300537109375e-06,2.384185791015625e-07
7336,0.0017099380493164062,1.9073486328125e-06,2.384185791015625e-07
7337,0.0018062591552734375,1.6689300537109375e-06,4.76837158203125e-07
7338,0.0019223690032958984,1.6689300537109375e-06,2.384185791015625e-07
7339,0.0016889572143554688,1.6689300537109375e-06,2.384185791015625e-07
7340,0.0019004344940185547,1.430511474609375e-06,2.384185791015625e-07
7341,0.0030710697174072266,2.1457672119140625e-06,2.384185791015625e-07
7342,0.002340555191040039,2.1457672119140625e-06,7.152557373046875e-07
7343,0.001901865005493164,1.9073486328125e-06,2.384185791015625e-07
7344,0.0021028518676757812,1.9073486328125e-06,4.76837158203125e-07
7345,0.0022745132446289062,2.1457672119140625e-06,2.384185791015625e-07
7346,0.0022847652435302734,1.6689300537109375e-06,7.152557373046875e-07
7347,0.0019373893737792969,2.1457672119140625e-06,2.384185791015625e-07
7348,0.0026521682739257812,2.6226043701171875e-06,4.76837158203125e-07
7349,0.002385854721069336,2.1457672119140625e-06,2.384185791015625e-07
7350,0.0026159286499023438,2.1457672119140625e-06,4.76837158203125e-07
7351,0.0026950836181640625,1.9073486328125e-06,2.384185791015625e-07
7352,0.002186298370361328,2.1457672119140625e-06,4.76837158203125e-07
7353,0.0024340152740478516,2.1457672119140625e-06,2.384185791015625e-07
7354,0.0011532306671142578,1.9073486328125e-06,4.76837158203125e-07
7355,0.0020973682403564453,1.9073486328125e-06,7.152557373046875e-07
7356,0.002126455307006836,2.1457672119140625e-06,2.384185791015625e-07
7357,0.002616405487060547,2.1457672119140625e-06,2.384185791015625e-07
7358,0.0018756389617919922,1.9073486328125e-06,2.384185791015625e-07
7359,0.002461671829223633,1.9073486328125e-06,2.384185791015625e-07
7360,0.0024118423461914062,1.6689300537109375e-06,2.384185791015625e-07
7361,0.002038717269897461,1.6689300537109375e-06,2.384185791015625e-07
7362,0.0018224716186523438,1.6689300537109375e-06,2.384185791015625e-07
7363,0.0020699501037597656,1.6689300537109375e-06,4.76837158203125e-07
7364,0.002354860305786133,1.430511474609375e-06,2.384185791015625e-07
7365,0.0014634132385253906,1.9073486328125e-06,2.384185791015625e-07
7366,0.002247333526611328,1.6689300537109375e-06,4.76837158203125e-07
7367,0.0024886131286621094,1.6689300537109375e-06,4.76837158203125e-07
7368,0.0024330615997314453,1.6689300537109375e-06,2.384185791015625e-07
7369,0.0022170543670654297,1.6689300537109375e-06,2.384185791015625e-07
7370,0.0024628639221191406,1.9073486328125e-06,2.384185791015625e-07
7371,0.0018918514251708984,1.6689300537109375e-06,2.384185791015625e-07
7372,0.0025849342346191406,1.6689300537109375e-06,4.76837158203125e-07
7373,0.002311229705810547,1.6689300537109375e-06,4.76837158203125e-07
7374,0.0026726722717285156,1.9073486328125e-06,4.76837158203125e-07
7375,0.002775430679321289,1.9073486328125e-06,2.384185791015625e-07
7376,0.002703428268432617,1.6689300537109375e-06,2.384185791015625e-07
7377,0.0025315284729003906,2.1457672119140625e-06,4.76837158203125e-07
7378,0.0019030570983886719,2.1457672119140625e-06,2.384185791015625e-07
7379,0.0018970966339111328,1.9073486328125e-06,2.384185791015625e-07
7380,0.0022623538970947266,1.9073486328125e-06,7.152557373046875e-07
7381,0.0023124217987060547,1.9073486328125e-06,4.76837158203125e-07
7382,0.0018665790557861328,2.384185791015625e-06,2.384185791015625e-07
7383,0.002361297607421875,2.1457672119140625e-06,2.384185791015625e-07
7384,0.0015592575073242188,1.9073486328125e-06,2.384185791015625e-07
7385,0.002252817153930664,1.9073486328125e-06,2.384185791015625e-07
7386,0.0022797584533691406,1.9073486328125e-06,2.384185791015625e-07
7387,0.002585887908935547,2.1457672119140625e-06,2.384185791015625e-07
7388,0.0020928382873535156,2.1457672119140625e-06,2.384185791015625e-07
7389,0.002501964569091797,1.9073486328125e-06,2.384185791015625e-07
7390,0.0018274784088134766,1.9073486328125e-06,4.76837158203125e-07
7391,0.0029647350311279297,2.384185791015625e-06,4.76837158203125e-07
7392,0.002348184585571289,1.9073486328125e-06,2.384185791015625e-07
7393,0.002424955368041992,1.9073486328125e-06,2.384185791015625e-07
7394,0.0018999576568603516,2.1457672119140625e-06,2.384185791015625e-07
7395,0.0015177726745605469,2.1457672119140625e-06,4.76837158203125e-07
7396,0.0017139911651611328,1.9073486328125e-06,4.76837158203125e-07
7397,0.0018453598022460938,1.9073486328125e-06,2.384185791015625e-07
7398,0.0017192363739013672,2.1457672119140625e-06,4.76837158203125e-07
7399,0.002442598342895508,1.6689300537109375e-06,2.384185791015625e-07
7400,0.026012897491455078,1.9073486328125e-06,2.384185791015625e-07
7401,0.0021402835845947266,1.9073486328125e-06,4.76837158203125e-07
7402,0.002000570297241211,1.9073486328125e-06,2.384185791015625e-07
7403,0.0020911693572998047,1.9073486328125e-06,2.384185791015625e-07
7404,0.0019655227661132812,1.9073486328125e-06,4.76837158203125e-07
7405,0.0021677017211914062,1.9073486328125e-06,4.76837158203125e-07
7406,0.002567291259765625,1.9073486328125e-06,4.76837158203125e-07
7407,0.0023212432861328125,1.6689300537109375e-06,7.152557373046875e-07
7408,0.0025997161865234375,1.9073486328125e-06,2.384185791015625e-07
7409,0.002615213394165039,2.1457672119140625e-06,2.384185791015625e-07
7410,0.003081083297729492,1.9073486328125e-06,4.76837158203125e-07
7411,0.0023484230041503906,1.6689300537109375e-06,4.76837158203125e-07
7412,0.0028858184814453125,1.6689300537109375e-06,2.384185791015625e-07
7413,0.0029022693634033203,1.430511474609375e-06,2.384185791015625e-07
7414,0.002884387969970703,1.9073486328125e-06,4.76837158203125e-07
7415,0.002388477325439453,1.6689300537109375e-06,2.384185791015625e-07
7416,0.0030927658081054688,1.6689300537109375e-06,2.384185791015625e-07
7417,0.002611398696899414,1.6689300537109375e-06,2.384185791015625e-07
7418,0.0026950836181640625,1.6689300537109375e-06,2.384185791015625e-07
7419,0.0017316341400146484,1.9073486328125e-06,2.384185791015625e-07
7420,0.0028154850006103516,1.6689300537109375e-06,7.152557373046875e-07
7421,0.002336263656616211,2.1457672119140625e-06,2.384185791015625e-07
7422,0.002125978469848633,1.6689300537109375e-06,2.384185791015625e-07
7423,0.002194643020629883,1.9073486328125e-06,2.384185791015625e-07
7424,0.0027887821197509766,1.9073486328125e-06,4.76837158203125e-07
7425,0.0017104148864746094,1.6689300537109375e-06,2.384185791015625e-07
7426,0.0027277469635009766,1.6689300537109375e-06,2.384185791015625e-07
7427,0.002506732940673828,2.1457672119140625e-06,2.384185791015625e-07
7428,0.0024976730346679688,1.6689300537109375e-06,2.384185791015625e-07
7429,0.0023660659790039062,2.1457672119140625e-06,4.76837158203125e-07
7430,0.003854513168334961,1.9073486328125e-06,2.384185791015625e-07
7431,0.0024871826171875,1.6689300537109375e-06,2.384185791015625e-07
7432,0.0025322437286376953,1.6689300537109375e-06,2.384185791015625e-07
7433,0.0030469894409179688,1.9073486328125e-06,2.384185791015625e-07
7434,0.002971649169921875,1.6689300537109375e-06,4.76837158203125e-07
7435,0.002549409866333008,1.6689300537109375e-06,2.384185791015625e-07
7436,0.002582073211669922,1.6689300537109375e-06,2.384185791015625e-07
7437,0.0027594566345214844,2.6226043701171875e-06,2.384185791015625e-07
7438,0.0026574134826660156,2.384185791015625e-06,7.152557373046875e-07
7439,0.002268075942993164,2.6226043701171875e-06,2.384185791015625e-07
7440,0.002404928207397461,1.6689300537109375e-06,2.384185791015625e-07
7441,0.002571582794189453,1.6689300537109375e-06,2.384185791015625e-07
7442,0.0024230480194091797,2.1457672119140625e-06,4.76837158203125e-07
7443,0.0025632381439208984,1.9073486328125e-06,4.76837158203125e-07
7444,0.001985788345336914,1.6689300537109375e-06,4.76837158203125e-07
7445,0.0027556419372558594,1.6689300537109375e-06,4.76837158203125e-07
7446,0.002155303955078125,1.6689300537109375e-06,4.76837158203125e-07
7447,0.002399444580078125,1.6689300537109375e-06,2.384185791015625e-07
7448,0.0021278858184814453,1.6689300537109375e-06,2.384185791015625e-07
7449,0.002819538116455078,1.6689300537109375e-06,2.384185791015625e-07
7450,0.002753019332885742,1.6689300537109375e-06,2.384185791015625e-07
7451,0.0025360584259033203,1.430511474609375e-06,2.384185791015625e-07
7452,0.0027251243591308594,1.9073486328125e-06,2.384185791015625e-07
7453,0.0021517276763916016,2.384185791015625e-06,2.384185791015625e-07
7454,0.0025124549865722656,1.6689300537109375e-06,2.384185791015625e-07
7455,0.0022134780883789062,2.1457672119140625e-06,2.384185791015625e-07
7456,0.0020449161529541016,1.6689300537109375e-06,4.76837158203125e-07
7457,0.002509593963623047,2.1457672119140625e-06,2.384185791015625e-07
7458,0.0016963481903076172,1.6689300537109375e-06,2.384185791015625e-07
7459,0.0025420188903808594,1.6689300537109375e-06,2.384185791015625e-07
7460,0.0026090145111083984,2.1457672119140625e-06,2.384185791015625e-07
7461,0.0021009445190429688,2.1457672119140625e-06,2.384185791015625e-07
7462,0.002329111099243164,2.6226043701171875e-06,4.76837158203125e-07
7463,0.0021300315856933594,1.6689300537109375e-06,2.384185791015625e-07
7464,0.0026085376739501953,1.9073486328125e-06,2.384185791015625e-07
7465,0.0025610923767089844,1.9073486328125e-06,2.384185791015625e-07
7466,0.0021152496337890625,2.1457672119140625e-06,2.384185791015625e-07
7467,0.0024580955505371094,1.6689300537109375e-06,4.76837158203125e-07
7468,0.0023720264434814453,1.6689300537109375e-06,2.384185791015625e-07
7469,0.0018305778503417969,2.384185791015625e-06,2.384185791015625e-07
7470,0.002338886260986328,1.6689300537109375e-06,2.384185791015625e-07
7471,0.00218963623046875,1.6689300537109375e-06,2.384185791015625e-07
7472,0.0028641223907470703,1.9073486328125e-06,7.152557373046875e-07
7473,0.0026023387908935547,1.6689300537109375e-06,2.384185791015625e-07
7474,0.002569437026977539,1.9073486328125e-06,2.384185791015625e-07
7475,0.002743244171142578,1.6689300537109375e-06,2.384185791015625e-07
7476,0.0018830299377441406,2.1457672119140625e-06,2.384185791015625e-07
7477,0.0021715164184570312,1.6689300537109375e-06,2.384185791015625e-07
7478,0.002531290054321289,1.6689300537109375e-06,2.384185791015625e-07
7479,0.002098560333251953,2.1457672119140625e-06,2.384185791015625e-07
7480,0.002643108367919922,1.9073486328125e-06,2.384185791015625e-07
7481,0.002145051956176758,1.9073486328125e-06,2.384185791015625e-07
7482,0.002885580062866211,1.9073486328125e-06,4.76837158203125e-07
7483,0.002942323684692383,1.9073486328125e-06,2.384185791015625e-07
7484,0.0019555091857910156,1.9073486328125e-06,2.384185791015625e-07
7485,0.0028645992279052734,1.9073486328125e-06,2.384185791015625e-07
7486,0.0023376941680908203,2.1457672119140625e-06,4.76837158203125e-07
7487,0.002142190933227539,2.1457672119140625e-06,4.76837158203125e-07
7488,0.002528667449951172,1.9073486328125e-06,4.76837158203125e-07
7489,0.0023670196533203125,1.9073486328125e-06,2.384185791015625e-07
7490,0.0022513866424560547,1.9073486328125e-06,4.76837158203125e-07
7491,0.00168609619140625,1.6689300537109375e-06,2.384185791015625e-07
7492,0.0019989013671875,1.6689300537109375e-06,2.384185791015625e-07
7493,0.002552032470703125,1.6689300537109375e-06,4.76837158203125e-07
7494,0.002710580825805664,1.6689300537109375e-06,2.384185791015625e-07
7495,0.002810955047607422,1.9073486328125e-06,7.152557373046875e-07
7496,0.0023424625396728516,1.6689300537109375e-06,2.384185791015625e-07
7497,0.0023016929626464844,1.6689300537109375e-06,4.76837158203125e-07
7498,0.0025641918182373047,1.6689300537109375e-06,4.76837158203125e-07
7499,0.002402782440185547,1.9073486328125e-06,2.384185791015625e-07
7500,0.0027561187744140625,1.6689300537109375e-06,2.384185791015625e-07
7501,0.0024089813232421875,1.9073486328125e-06,2.384185791015625e-07
7502,0.0027756690979003906,1.9073486328125e-06,2.384185791015625e-07
7503,0.002493143081665039,1.9073486328125e-06,2.384185791015625e-07
7504,0.002754688262939453,1.9073486328125e-06,4.76837158203125e-07
7505,0.002758502960205078,1.9073486328125e-06,2.384185791015625e-07
7506,0.0025587081909179688,1.6689300537109375e-06,4.76837158203125e-07
7507,0.0019211769104003906,1.6689300537109375e-06,2.384185791015625e-07
7508,0.0026056766510009766,1.9073486328125e-06,2.384185791015625e-07
7509,0.002248048782348633,2.1457672119140625e-06,2.384185791015625e-07
7510,0.002619028091430664,1.9073486328125e-06,2.384185791015625e-07
7511,0.002747058868408203,1.6689300537109375e-06,2.384185791015625e-07
7512,0.002174854278564453,1.6689300537109375e-06,2.384185791015625e-07
7513,0.0021791458129882812,1.6689300537109375e-06,2.384185791015625e-07
7514,0.0021924972534179688,1.9073486328125e-06,2.384185791015625e-07
7515,0.0025479793548583984,1.430511474609375e-06,4.76837158203125e-07
7516,0.002105236053466797,1.6689300537109375e-06,2.384185791015625e-07
7517,0.002502918243408203,1.9073486328125e-06,2.384185791015625e-07
7518,0.0025446414947509766,1.6689300537109375e-06,4.76837158203125e-07
7519,0.002702474594116211,1.6689300537109375e-06,2.384185791015625e-07
7520,0.003107786178588867,1.9073486328125e-06,2.384185791015625e-07
7521,0.001987934112548828,1.9073486328125e-06,2.384185791015625e-07
7522,0.002674579620361328,2.6226043701171875e-06,4.76837158203125e-07
7523,0.0017883777618408203,1.6689300537109375e-06,2.384185791015625e-07
7524,0.0023365020751953125,1.9073486328125e-06,2.384185791015625e-07
7525,0.002567768096923828,1.9073486328125e-06,4.76837158203125e-07
7526,0.0026154518127441406,2.1457672119140625e-06,2.384185791015625e-07
7527,0.0026209354400634766,1.9073486328125e-06,2.384185791015625e-07
7528,0.0020647048950195312,1.9073486328125e-06,2.384185791015625e-07
7529,0.0025649070739746094,2.1457672119140625e-06,2.384185791015625e-07
7530,0.002573728561401367,1.6689300537109375e-06,4.76837158203125e-07
7531,0.0026903152465820312,1.6689300537109375e-06,4.76837158203125e-07
7532,0.0019330978393554688,2.1457672119140625e-06,4.76837158203125e-07
7533,0.0023834705352783203,2.1457672119140625e-06,4.76837158203125e-07
7534,0.001959562301635742,1.9073486328125e-06,2.384185791015625e-07
7535,0.0028188228607177734,2.1457672119140625e-06,2.384185791015625e-07
7536,0.002315998077392578,1.9073486328125e-06,2.384185791015625e-07
7537,0.0027544498443603516,1.9073486328125e-06,4.76837158203125e-07
7538,0.0021915435791015625,1.6689300537109375e-06,4.76837158203125e-07
7539,0.0023713111877441406,1.6689300537109375e-06,2.384185791015625e-07
7540,0.0025942325592041016,1.6689300537109375e-06,2.384185791015625e-07
7541,0.002413511276245117,1.6689300537109375e-06,4.76837158203125e-07
7542,0.0023157596588134766,1.6689300537109375e-06,4.76837158203125e-07
7543,0.0026035308837890625,1.9073486328125e-06,4.76837158203125e-07
7544,0.0023365020751953125,1.430511474609375e-06,2.384185791015625e-07
7545,0.0022323131561279297,1.6689300537109375e-06,4.76837158203125e-07
7546,0.0028994083404541016,1.9073486328125e-06,4.76837158203125e-07
7547,0.0019683837890625,1.6689300537109375e-06,2.384185791015625e-07
7548,0.0026221275329589844,1.6689300537109375e-06,2.384185791015625e-07
7549,0.0017316341400146484,1.6689300537109375e-06,4.76837158203125e-07
7550,0.0019631385803222656,1.6689300537109375e-06,2.384185791015625e-07
7551,0.0018227100372314453,1.9073486328125e-06,2.384185791015625e-07
7552,0.0024895668029785156,1.6689300537109375e-06,7.152557373046875e-07
7553,0.002007722854614258,1.9073486328125e-06,2.384185791015625e-07
7554,0.0023651123046875,1.9073486328125e-06,4.76837158203125e-07
7555,0.002818584442138672,2.1457672119140625e-06,4.76837158203125e-07
7556,0.002157926559448242,1.9073486328125e-06,4.76837158203125e-07
7557,0.002450704574584961,1.9073486328125e-06,2.384185791015625e-07
7558,0.0022211074829101562,2.1457672119140625e-06,2.384185791015625e-07
7559,0.002666950225830078,1.9073486328125e-06,4.76837158203125e-07
7560,0.0023729801177978516,2.1457672119140625e-06,4.76837158203125e-07
7561,0.00196075439453125,1.6689300537109375e-06,4.76837158203125e-07
7562,0.0021593570709228516,1.9073486328125e-06,2.384185791015625e-07
7563,0.002208232879638672,2.1457672119140625e-06,2.384185791015625e-07
7564,0.0026743412017822266,2.1457672119140625e-06,2.384185791015625e-07
7565,0.0026793479919433594,1.9073486328125e-06,2.384185791015625e-07
7566,0.0017535686492919922,2.1457672119140625e-06,2.384185791015625e-07
7567,0.0022737979888916016,1.9073486328125e-06,4.76837158203125e-07
7568,0.002319812774658203,1.9073486328125e-06,2.384185791015625e-07
7569,0.0024738311767578125,1.9073486328125e-06,2.384185791015625e-07
7570,0.002304553985595703,2.384185791015625e-06,2.384185791015625e-07
7571,0.002649545669555664,1.6689300537109375e-06,4.76837158203125e-07
7572,0.002353668212890625,1.9073486328125e-06,2.384185791015625e-07
7573,0.0019121170043945312,1.6689300537109375e-06,4.76837158203125e-07
7574,0.002023935317993164,1.6689300537109375e-06,2.384185791015625e-07
7575,0.00209808349609375,1.6689300537109375e-06,2.384185791015625e-07
7576,0.0019884109497070312,1.430511474609375e-06,4.76837158203125e-07
7577,0.0020754337310791016,2.1457672119140625e-06,2.384185791015625e-07
7578,0.0023190975189208984,1.9073486328125e-06,2.384185791015625e-07
7579,0.0037484169006347656,1.6689300537109375e-06,2.384185791015625e-07
7580,0.0019986629486083984,1.430511474609375e-06,4.76837158203125e-07
7581,0.0022516250610351562,1.6689300537109375e-06,7.152557373046875e-07
7582,0.0022106170654296875,1.6689300537109375e-06,2.384185791015625e-07
7583,0.002378702163696289,1.6689300537109375e-06,2.384185791015625e-07
7584,0.0028362274169921875,1.9073486328125e-06,2.384185791015625e-07
7585,0.0021300315856933594,1.6689300537109375e-06,2.384185791015625e-07
7586,0.0028700828552246094,1.6689300537109375e-06,2.384185791015625e-07
7587,0.002313852310180664,1.6689300537109375e-06,4.76837158203125e-07
7588,0.002843141555786133,1.9073486328125e-06,2.384185791015625e-07
7589,0.0028090476989746094,2.1457672119140625e-06,2.384185791015625e-07
7590,0.002263307571411133,1.9073486328125e-06,4.76837158203125e-07
7591,0.002559661865234375,2.1457672119140625e-06,2.384185791015625e-07
7592,0.0023703575134277344,2.1457672119140625e-06,2.384185791015625e-07
7593,0.003257274627685547,1.9073486328125e-06,4.76837158203125e-07
7594,0.0026040077209472656,2.1457672119140625e-06,2.384185791015625e-07
7595,0.002735137939453125,1.6689300537109375e-06,4.76837158203125e-07
7596,0.002483367919921875,1.9073486328125e-06,2.384185791015625e-07
7597,0.0028908252716064453,1.6689300537109375e-06,2.384185791015625e-07
7598,0.002071380615234375,2.384185791015625e-06,2.384185791015625e-07
7599,0.0023245811462402344,2.6226043701171875e-06,2.384185791015625e-07
7600,0.0022962093353271484,2.1457672119140625e-06,4.76837158203125e-07
7601,0.0031261444091796875,1.9073486328125e-06,2.384185791015625e-07
7602,0.002226591110229492,1.9073486328125e-06,2.384185791015625e-07
7603,0.0020341873168945312,1.9073486328125e-06,2.384185791015625e-07
7604,0.0024673938751220703,2.1457672119140625e-06,2.384185791015625e-07
7605,0.0026199817657470703,1.9073486328125e-06,4.76837158203125e-07
7606,0.0024063587188720703,2.1457672119140625e-06,2.384185791015625e-07
7607,0.002580404281616211,1.9073486328125e-06,4.76837158203125e-07
7608,0.0020558834075927734,1.6689300537109375e-06,2.384185791015625e-07
7609,0.0027170181274414062,1.9073486328125e-06,2.384185791015625e-07
7610,0.002632617950439453,1.6689300537109375e-06,2.384185791015625e-07
7611,0.003977775573730469,1.6689300537109375e-06,7.152557373046875e-07
7612,0.0020177364349365234,2.1457672119140625e-06,4.76837158203125e-07
7613,0.002620697021484375,2.1457672119140625e-06,2.384185791015625e-07
7614,0.0033674240112304688,1.9073486328125e-06,4.76837158203125e-07
7615,0.002752065658569336,1.9073486328125e-06,4.76837158203125e-07
7616,0.002763032913208008,2.1457672119140625e-06,2.384185791015625e-07
7617,0.0025033950805664062,1.9073486328125e-06,4.76837158203125e-07
7618,0.0033686161041259766,2.1457672119140625e-06,2.384185791015625e-07
7619,0.0022737979888916016,1.9073486328125e-06,2.384185791015625e-07
7620,0.0028455257415771484,1.9073486328125e-06,2.384185791015625e-07
7621,0.0020859241485595703,2.1457672119140625e-06,2.384185791015625e-07
7622,0.0022821426391601562,1.9073486328125e-06,2.384185791015625e-07
7623,0.0025446414947509766,1.9073486328125e-06,4.76837158203125e-07
7624,0.0027551651000976562,1.6689300537109375e-06,9.5367431640625e-07
7625,0.001962900161743164,1.6689300537109375e-06,2.384185791015625e-07
7626,0.0026488304138183594,1.6689300537109375e-06,2.384185791015625e-07
7627,0.0020084381103515625,1.6689300537109375e-06,7.152557373046875e-07
7628,0.002290964126586914,2.1457672119140625e-06,4.76837158203125e-07
7629,0.002719402313232422,1.6689300537109375e-06,2.384185791015625e-07
7630,0.0017752647399902344,1.6689300537109375e-06,4.76837158203125e-07
7631,0.0022940635681152344,1.9073486328125e-06,2.384185791015625e-07
7632,0.0023458003997802734,1.9073486328125e-06,4.76837158203125e-07
7633,0.0022377967834472656,2.1457672119140625e-06,2.384185791015625e-07
7634,0.0027179718017578125,1.9073486328125e-06,2.384185791015625e-07
7635,0.0026302337646484375,1.9073486328125e-06,4.76837158203125e-07
7636,0.002913951873779297,2.384185791015625e-06,2.384185791015625e-07
7637,0.0026328563690185547,2.1457672119140625e-06,2.384185791015625e-07
7638,0.0026803016662597656,2.1457672119140625e-06,2.384185791015625e-07
7639,0.0022437572479248047,1.6689300537109375e-06,2.384185791015625e-07
7640,0.002470731735229492,1.9073486328125e-06,4.76837158203125e-07
7641,0.0023469924926757812,1.6689300537109375e-06,2.384185791015625e-07
7642,0.001718759536743164,1.6689300537109375e-06,2.384185791015625e-07
7643,0.0020062923431396484,1.6689300537109375e-06,2.384185791015625e-07
7644,0.002852916717529297,1.6689300537109375e-06,2.384185791015625e-07
7645,0.0028226375579833984,1.6689300537109375e-06,2.384185791015625e-07
7646,0.0024738311767578125,2.1457672119140625e-06,2.384185791015625e-07
7647,0.0021936893463134766,2.1457672119140625e-06,4.76837158203125e-07
7648,0.002454519271850586,2.1457672119140625e-06,2.384185791015625e-07
7649,0.002260446548461914,1.9073486328125e-06,2.384185791015625e-07
7650,0.0025780200958251953,2.1457672119140625e-06,2.384185791015625e-07
7651,0.0026154518127441406,2.1457672119140625e-06,2.384185791015625e-07
7652,0.0019485950469970703,1.9073486328125e-06,2.384185791015625e-07
7653,0.002459287643432617,2.384185791015625e-06,4.76837158203125e-07
7654,0.002023935317993164,2.1457672119140625e-06,2.384185791015625e-07
7655,0.002233266830444336,1.9073486328125e-06,2.384185791015625e-07
7656,0.002154827117919922,1.9073486328125e-06,4.76837158203125e-07
7657,0.002188444137573242,1.6689300537109375e-06,4.76837158203125e-07
7658,0.0022416114807128906,1.6689300537109375e-06,2.384185791015625e-07
7659,0.0021729469299316406,1.6689300537109375e-06,2.384185791015625e-07
7660,0.0020296573638916016,1.6689300537109375e-06,2.384185791015625e-07
7661,0.0031800270080566406,1.9073486328125e-06,2.384185791015625e-07
7662,0.0028171539306640625,2.1457672119140625e-06,7.152557373046875e-07
7663,0.003747701644897461,1.9073486328125e-06,4.76837158203125e-07
7664,0.002363443374633789,1.9073486328125e-06,2.384185791015625e-07
7665,0.002315521240234375,1.9073486328125e-06,4.76837158203125e-07
7666,0.0032799243927001953,1.9073486328125e-06,2.384185791015625e-07
7667,0.002089977264404297,2.1457672119140625e-06,2.384185791015625e-07
7668,0.0025169849395751953,2.1457672119140625e-06,2.384185791015625e-07
7669,0.0026140213012695312,2.1457672119140625e-06,2.384185791015625e-07
7670,0.0019989013671875,1.9073486328125e-06,2.384185791015625e-07
7671,0.0020754337310791016,1.9073486328125e-06,2.384185791015625e-07
7672,0.0026123523712158203,1.9073486328125e-06,2.384185791015625e-07
7673,0.0024154186248779297,1.6689300537109375e-06,2.384185791015625e-07
7674,0.0021512508392333984,1.6689300537109375e-06,2.384185791015625e-07
7675,0.0020110607147216797,1.9073486328125e-06,4.76837158203125e-07
7676,0.0022668838500976562,1.9073486328125e-06,4.76837158203125e-07
7677,0.002508878707885742,1.6689300537109375e-06,4.76837158203125e-07
7678,0.002343893051147461,1.6689300537109375e-06,4.76837158203125e-07
7679,0.002314329147338867,1.6689300537109375e-06,2.384185791015625e-07
7680,0.0016624927520751953,1.6689300537109375e-06,2.384185791015625e-07
7681,0.0021414756774902344,1.6689300537109375e-06,2.384185791015625e-07
7682,0.001984834671020508,1.6689300537109375e-06,2.384185791015625e-07
7683,0.0022232532501220703,1.6689300537109375e-06,4.76837158203125e-07
7684,0.002325773239135742,1.9073486328125e-06,2.384185791015625e-07
7685,0.002181529998779297,2.1457672119140625e-06,2.384185791015625e-07
7686,0.001932382583618164,1.9073486328125e-06,2.384185791015625e-07
7687,0.001523733139038086,1.6689300537109375e-06,4.76837158203125e-07
7688,0.0021257400512695312,1.430511474609375e-06,2.384185791015625e-07
7689,0.0021965503692626953,2.1457672119140625e-06,2.384185791015625e-07
7690,0.002033710479736328,1.9073486328125e-06,2.384185791015625e-07
7691,0.001420736312866211,1.430511474609375e-06,2.384185791015625e-07
7692,0.0015749931335449219,1.9073486328125e-06,4.76837158203125e-07
7693,0.0013921260833740234,2.1457672119140625e-06,2.384185791015625e-07
7694,0.0015456676483154297,2.1457672119140625e-06,2.384185791015625e-07
7695,0.0019402503967285156,1.9073486328125e-06,2.384185791015625e-07
7696,0.001993894577026367,1.9073486328125e-06,2.384185791015625e-07
7697,0.0018749237060546875,1.9073486328125e-06,2.384185791015625e-07
7698,0.0022401809692382812,2.1457672119140625e-06,4.76837158203125e-07
7699,0.002416372299194336,1.9073486328125e-06,4.76837158203125e-07
7700,0.0024411678314208984,2.1457672119140625e-06,4.76837158203125e-07
7701,0.001779794692993164,1.9073486328125e-06,4.76837158203125e-07
7702,0.0019164085388183594,2.1457672119140625e-06,2.384185791015625e-07
7703,0.0016129016876220703,1.9073486328125e-06,2.384185791015625e-07
7704,0.0022711753845214844,1.9073486328125e-06,2.384185791015625e-07
7705,0.0023946762084960938,2.1457672119140625e-06,2.384185791015625e-07
7706,0.0023412704467773438,2.384185791015625e-06,2.384185791015625e-07
7707,0.0026307106018066406,1.9073486328125e-06,2.384185791015625e-07
7708,0.0023870468139648438,1.6689300537109375e-06,2.384185791015625e-07
7709,0.00220489501953125,1.6689300537109375e-06,2.384185791015625e-07
7710,0.0025086402893066406,1.9073486328125e-06,2.384185791015625e-07
7711,0.0025479793548583984,2.1457672119140625e-06,2.384185791015625e-07
7712,0.0022971630096435547,2.1457672119140625e-06,2.384185791015625e-07
7713,0.002183198928833008,1.9073486328125e-06,2.384185791015625e-07
7714,0.0020647048950195312,2.1457672119140625e-06,4.76837158203125e-07
7715,0.00165557861328125,1.9073486328125e-06,2.384185791015625e-07
7716,0.0029315948486328125,2.384185791015625e-06,2.384185791015625e-07
7717,0.002671480178833008,2.6226043701171875e-06,4.76837158203125e-07
7718,0.002666950225830078,2.1457672119140625e-06,2.384185791015625e-07
7719,0.002886533737182617,1.9073486328125e-06,2.384185791015625e-07
7720,0.0028793811798095703,1.6689300537109375e-06,2.384185791015625e-07
7721,0.0027098655700683594,2.1457672119140625e-06,2.384185791015625e-07
7722,0.0017442703247070312,1.6689300537109375e-06,4.76837158203125e-07
7723,0.002856731414794922,1.9073486328125e-06,2.384185791015625e-07
7724,0.002583026885986328,1.9073486328125e-06,2.384185791015625e-07
7725,0.0029931068420410156,1.6689300537109375e-06,2.384185791015625e-07
7726,0.00260162353515625,1.9073486328125e-06,2.384185791015625e-07
7727,0.0026090145111083984,1.9073486328125e-06,4.76837158203125e-07
7728,0.001951456069946289,5.0067901611328125e-06,4.76837158203125e-07
7729,0.001895904541015625,1.6689300537109375e-06,2.384185791015625e-07
7730,0.0022461414337158203,1.9073486328125e-06,7.152557373046875e-07
7731,0.002257823944091797,1.9073486328125e-06,4.76837158203125e-07
7732,0.002429485321044922,1.9073486328125e-06,4.76837158203125e-07
7733,0.0020537376403808594,1.9073486328125e-06,2.384185791015625e-07
7734,0.0024487972259521484,2.1457672119140625e-06,2.384185791015625e-07
7735,0.0016160011291503906,1.6689300537109375e-06,2.384185791015625e-07
7736,0.0021157264709472656,2.1457672119140625e-06,2.384185791015625e-07
7737,0.0026655197143554688,1.430511474609375e-06,2.384185791015625e-07
7738,0.0025572776794433594,2.1457672119140625e-06,4.76837158203125e-07
7739,0.0018575191497802734,2.1457672119140625e-06,2.384185791015625e-07
7740,0.002253293991088867,1.6689300537109375e-06,2.384185791015625e-07
7741,0.003058910369873047,1.6689300537109375e-06,2.384185791015625e-07
7742,0.002070188522338867,1.6689300537109375e-06,2.384185791015625e-07
7743,0.002422332763671875,1.6689300537109375e-06,4.76837158203125e-07
7744,0.0027382373809814453,1.6689300537109375e-06,4.76837158203125e-07
7745,0.0028676986694335938,2.1457672119140625e-06,2.384185791015625e-07
7746,0.002027273178100586,1.6689300537109375e-06,2.384185791015625e-07
7747,0.0023741722106933594,1.6689300537109375e-06,2.384185791015625e-07
7748,0.0020112991333007812,1.6689300537109375e-06,4.76837158203125e-07
7749,0.0042574405670166016,1.9073486328125e-06,2.384185791015625e-07
7750,0.0024576187133789062,2.1457672119140625e-06,2.384185791015625e-07
7751,0.002731800079345703,2.1457672119140625e-06,2.384185791015625e-07
7752,0.002111673355102539,1.9073486328125e-06,2.384185791015625e-07
7753,0.0019350051879882812,1.6689300537109375e-06,2.384185791015625e-07
7754,0.0024309158325195312,1.6689300537109375e-06,7.152557373046875e-07
7755,0.0024788379669189453,1.6689300537109375e-06,2.384185791015625e-07
7756,0.0026099681854248047,1.9073486328125e-06,2.384185791015625e-07
7757,0.001621246337890625,1.6689300537109375e-06,2.384185791015625e-07
7758,0.0019750595092773438,2.1457672119140625e-06,4.76837158203125e-07
7759,0.001999378204345703,2.384185791015625e-06,2.384185791015625e-07
7760,0.002250194549560547,2.1457672119140625e-06,4.76837158203125e-07
7761,0.0019450187683105469,1.9073486328125e-06,2.384185791015625e-07
7762,0.0024046897888183594,1.9073486328125e-06,2.384185791015625e-07
7763,0.002634286880493164,2.1457672119140625e-06,2.384185791015625e-07
7764,0.0018563270568847656,1.9073486328125e-06,2.384185791015625e-07
7765,0.002667665481567383,1.9073486328125e-06,2.384185791015625e-07
7766,0.0020720958709716797,1.6689300537109375e-06,4.76837158203125e-07
7767,0.0028150081634521484,1.6689300537109375e-06,2.384185791015625e-07
7768,0.0021355152130126953,1.9073486328125e-06,7.152557373046875e-07
7769,0.001783609390258789,2.1457672119140625e-06,2.384185791015625e-07
7770,0.0021355152130126953,1.9073486328125e-06,4.76837158203125e-07
7771,0.002099752426147461,1.9073486328125e-06,2.384185791015625e-07
7772,0.002663135528564453,1.9073486328125e-06,2.384185791015625e-07
7773,0.0023126602172851562,1.9073486328125e-06,4.76837158203125e-07
7774,0.002659320831298828,2.1457672119140625e-06,2.384185791015625e-07
7775,0.002635955810546875,1.9073486328125e-06,7.152557373046875e-07
7776,0.0027320384979248047,2.1457672119140625e-06,7.152557373046875e-07
7777,0.0021507740020751953,1.9073486328125e-06,2.384185791015625e-07
7778,0.0025129318237304688,2.1457672119140625e-06,2.384185791015625e-07
7779,0.0023314952850341797,1.9073486328125e-06,4.76837158203125e-07
7780,0.002283334732055664,1.6689300537109375e-06,2.384185791015625e-07
7781,0.0025718212127685547,1.9073486328125e-06,2.384185791015625e-07
7782,0.002479076385498047,1.9073486328125e-06,4.76837158203125e-07
7783,0.002087831497192383,2.1457672119140625e-06,4.76837158203125e-07
7784,0.002116680145263672,1.9073486328125e-06,2.384185791015625e-07
7785,0.0022284984588623047,1.9073486328125e-06,2.384185791015625e-07
7786,0.001939535140991211,1.9073486328125e-06,2.384185791015625e-07
7787,0.002422809600830078,1.9073486328125e-06,2.384185791015625e-07
7788,0.002427339553833008,1.9073486328125e-06,4.76837158203125e-07
7789,0.0019409656524658203,2.1457672119140625e-06,4.76837158203125e-07
7790,0.0017299652099609375,2.384185791015625e-06,2.384185791015625e-07
7791,0.002126932144165039,1.9073486328125e-06,2.384185791015625e-07
7792,0.00209808349609375,1.9073486328125e-06,2.384185791015625e-07
7793,0.0017669200897216797,1.9073486328125e-06,7.152557373046875e-07
7794,0.0028333663940429688,1.6689300537109375e-06,2.384185791015625e-07
7795,0.002493619918823242,1.6689300537109375e-06,4.76837158203125e-07
7796,0.0019996166229248047,1.6689300537109375e-06,2.384185791015625e-07
7797,0.001749277114868164,1.6689300537109375e-06,2.384185791015625e-07
7798,0.0022873878479003906,1.6689300537109375e-06,2.384185791015625e-07
7799,0.0015022754669189453,1.430511474609375e-06,4.76837158203125e-07
7800,0.0022592544555664062,1.9073486328125e-06,2.384185791015625e-07
7801,0.0021393299102783203,1.6689300537109375e-06,7.152557373046875e-07
7802,0.0025634765625,1.6689300537109375e-06,2.384185791015625e-07
7803,0.0023021697998046875,1.6689300537109375e-06,2.384185791015625e-07
7804,0.0021266937255859375,1.9073486328125e-06,4.76837158203125e-07
7805,0.0019502639770507812,1.6689300537109375e-06,4.76837158203125e-07
7806,0.002032756805419922,1.430511474609375e-06,2.384185791015625e-07
7807,0.0021979808807373047,2.1457672119140625e-06,2.384185791015625e-07
7808,0.001986980438232422,1.430511474609375e-06,4.76837158203125e-07
7809,0.002244234085083008,1.9073486328125e-06,4.76837158203125e-07
7810,0.0019371509552001953,1.9073486328125e-06,2.384185791015625e-07
7811,0.0019259452819824219,1.430511474609375e-06,2.384185791015625e-07
7812,0.0025703907012939453,1.9073486328125e-06,2.384185791015625e-07
7813,0.0020046234130859375,1.9073486328125e-06,2.384185791015625e-07
7814,0.002703428268432617,1.9073486328125e-06,4.76837158203125e-07
7815,0.00201416015625,1.9073486328125e-06,2.384185791015625e-07
7816,0.0027070045471191406,2.1457672119140625e-06,4.76837158203125e-07
7817,0.001859426498413086,1.9073486328125e-06,4.76837158203125e-07
7818,0.0022306442260742188,1.9073486328125e-06,2.384185791015625e-07
7819,0.0019464492797851562,1.9073486328125e-06,4.76837158203125e-07
7820,0.0023849010467529297,1.9073486328125e-06,4.76837158203125e-07
7821,0.002058267593383789,2.1457672119140625e-06,2.384185791015625e-07
7822,0.0021855831146240234,1.6689300537109375e-06,2.384185791015625e-07
7823,0.0020363330841064453,1.430511474609375e-06,4.76837158203125e-07
7824,0.0023763179779052734,2.1457672119140625e-06,2.384185791015625e-07
7825,0.0024063587188720703,2.1457672119140625e-06,2.384185791015625e-07
7826,0.002142190933227539,1.9073486328125e-06,4.76837158203125e-07
7827,0.002262592315673828,1.9073486328125e-06,2.384185791015625e-07
7828,0.002428293228149414,2.1457672119140625e-06,4.76837158203125e-07
7829,0.0023322105407714844,1.6689300537109375e-06,2.384185791015625e-07
7830,0.002019643783569336,1.9073486328125e-06,2.384185791015625e-07
7831,0.0024993419647216797,1.6689300537109375e-06,2.384185791015625e-07
7832,0.0017478466033935547,1.9073486328125e-06,2.384185791015625e-07
7833,0.002155303955078125,1.6689300537109375e-06,4.76837158203125e-07
7834,0.0025396347045898438,1.6689300537109375e-06,2.384185791015625e-07
7835,0.0018374919891357422,1.430511474609375e-06,2.384185791015625e-07
7836,0.0016472339630126953,1.9073486328125e-06,2.384185791015625e-07
7837,0.0024111270904541016,1.430511474609375e-06,2.384185791015625e-07
7838,0.002421855926513672,1.9073486328125e-06,2.384185791015625e-07
7839,0.0017354488372802734,1.430511474609375e-06,2.384185791015625e-07
7840,0.002954244613647461,1.6689300537109375e-06,4.76837158203125e-07
7841,0.002372264862060547,1.9073486328125e-06,2.384185791015625e-07
7842,0.001970529556274414,1.9073486328125e-06,2.384185791015625e-07
7843,0.0022139549255371094,1.6689300537109375e-06,2.384185791015625e-07
7844,0.002319812774658203,1.9073486328125e-06,4.76837158203125e-07
7845,0.002395153045654297,1.6689300537109375e-06,2.384185791015625e-07
7846,0.0024662017822265625,1.6689300537109375e-06,2.384185791015625e-07
7847,0.0023376941680908203,1.6689300537109375e-06,2.384185791015625e-07
7848,0.0018367767333984375,1.9073486328125e-06,2.384185791015625e-07
7849,0.0019180774688720703,1.6689300537109375e-06,2.384185791015625e-07
7850,0.0018253326416015625,1.9073486328125e-06,4.76837158203125e-07
7851,0.0022208690643310547,1.6689300537109375e-06,4.76837158203125e-07
7852,0.0019268989562988281,1.6689300537109375e-06,2.384185791015625e-07
7853,0.0019636154174804688,1.6689300537109375e-06,2.384185791015625e-07
7854,0.0021271705627441406,1.6689300537109375e-06,2.384185791015625e-07
7855,0.0018208026885986328,1.6689300537109375e-06,4.76837158203125e-07
7856,0.002615690231323242,1.6689300537109375e-06,7.152557373046875e-07
7857,0.0026025772094726562,1.6689300537109375e-06,2.384185791015625e-07
7858,0.002797365188598633,2.384185791015625e-06,4.76837158203125e-07
7859,0.0026025772094726562,2.1457672119140625e-06,2.384185791015625e-07
7860,0.0023641586303710938,2.1457672119140625e-06,2.384185791015625e-07
7861,0.0024404525756835938,1.9073486328125e-06,2.384185791015625e-07
7862,0.002432107925415039,2.1457672119140625e-06,2.384185791015625e-07
7863,0.0024895668029785156,1.9073486328125e-06,4.76837158203125e-07
7864,0.0024328231811523438,1.9073486328125e-06,4.76837158203125e-07
7865,0.0026574134826660156,1.9073486328125e-06,2.384185791015625e-07
7866,0.0020678043365478516,2.1457672119140625e-06,4.76837158203125e-07
7867,0.0022187232971191406,1.9073486328125e-06,2.384185791015625e-07
7868,0.002652883529663086,1.9073486328125e-06,2.384185791015625e-07
7869,0.001961231231689453,1.6689300537109375e-06,2.384185791015625e-07
7870,0.0023915767669677734,1.9073486328125e-06,2.384185791015625e-07
7871,0.002088785171508789,1.9073486328125e-06,2.384185791015625e-07
7872,0.0024476051330566406,1.9073486328125e-06,2.384185791015625e-07
7873,0.0021414756774902344,1.6689300537109375e-06,2.384185791015625e-07
7874,0.002148866653442383,2.1457672119140625e-06,4.76837158203125e-07
7875,0.0019512176513671875,1.9073486328125e-06,4.76837158203125e-07
7876,0.0022079944610595703,2.1457672119140625e-06,2.384185791015625e-07
7877,0.002384185791015625,1.6689300537109375e-06,2.384185791015625e-07
7878,0.0023899078369140625,2.1457672119140625e-06,2.384185791015625e-07
7879,0.0024263858795166016,2.1457672119140625e-06,2.384185791015625e-07
7880,0.001707315444946289,1.9073486328125e-06,2.384185791015625e-07
7881,0.0021746158599853516,2.1457672119140625e-06,2.384185791015625e-07
7882,0.002480745315551758,2.1457672119140625e-06,4.76837158203125e-07
7883,0.0022246837615966797,1.9073486328125e-06,4.76837158203125e-07
7884,0.0020093917846679688,2.1457672119140625e-06,4.76837158203125e-07
7885,0.0027227401733398438,2.1457672119140625e-06,2.384185791015625e-07
7886,0.0020742416381835938,2.1457672119140625e-06,4.76837158203125e-07
7887,0.0018546581268310547,1.9073486328125e-06,2.384185791015625e-07
7888,0.002274751663208008,2.1457672119140625e-06,2.384185791015625e-07
7889,0.002479076385498047,1.9073486328125e-06,2.384185791015625e-07
7890,0.0026400089263916016,2.1457672119140625e-06,2.384185791015625e-07
7891,0.002012968063354492,1.9073486328125e-06,2.384185791015625e-07
7892,0.0015268325805664062,1.9073486328125e-06,2.384185791015625e-07
7893,0.0024423599243164062,1.9073486328125e-06,2.384185791015625e-07
7894,0.0019791126251220703,1.9073486328125e-06,2.384185791015625e-07
7895,0.002658367156982422,1.9073486328125e-06,4.76837158203125e-07
7896,0.0026903152465820312,1.9073486328125e-06,4.76837158203125e-07
7897,0.0025789737701416016,1.430511474609375e-06,2.384185791015625e-07
7898,0.002203702926635742,1.9073486328125e-06,2.384185791015625e-07
7899,0.0019683837890625,1.9073486328125e-06,7.152557373046875e-07
7900,0.0026633739471435547,1.9073486328125e-06,2.384185791015625e-07
7901,0.0019600391387939453,2.1457672119140625e-06,2.384185791015625e-07
7902,0.0020928382873535156,2.384185791015625e-06,2.384185791015625e-07
7903,0.0024094581604003906,1.9073486328125e-06,4.76837158203125e-07
7904,0.002062559127807617,1.9073486328125e-06,2.384185791015625e-07
7905,0.0021827220916748047,1.9073486328125e-06,4.76837158203125e-07
7906,0.0026445388793945312,1.9073486328125e-06,2.384185791015625e-07
7907,0.0024216175079345703,2.1457672119140625e-06,2.384185791015625e-07
7908,0.002591848373413086,1.6689300537109375e-06,2.384185791015625e-07
7909,0.0026521682739257812,2.1457672119140625e-06,2.384185791015625e-07
7910,0.0021893978118896484,2.1457672119140625e-06,4.76837158203125e-07
7911,0.0025992393493652344,2.384185791015625e-06,4.76837158203125e-07
7912,0.002508878707885742,2.1457672119140625e-06,7.152557373046875e-07
7913,0.002705097198486328,1.9073486328125e-06,2.384185791015625e-07
7914,0.002070188522338867,1.9073486328125e-06,2.384185791015625e-07
7915,0.0029022693634033203,1.9073486328125e-06,2.384185791015625e-07
7916,0.0030868053436279297,1.9073486328125e-06,2.384185791015625e-07
7917,0.002353668212890625,2.384185791015625e-06,4.76837158203125e-07
7918,0.002174854278564453,1.9073486328125e-06,2.384185791015625e-07
7919,0.0024285316467285156,1.9073486328125e-06,2.384185791015625e-07
7920,0.0029158592224121094,2.1457672119140625e-06,4.76837158203125e-07
7921,0.0027458667755126953,1.6689300537109375e-06,2.384185791015625e-07
7922,0.0024614334106445312,1.9073486328125e-06,2.384185791015625e-07
7923,0.002339601516723633,1.9073486328125e-06,2.384185791015625e-07
7924,0.00290679931640625,1.9073486328125e-06,2.384185791015625e-07
7925,0.002502918243408203,2.1457672119140625e-06,2.384185791015625e-07
7926,0.002672910690307617,1.9073486328125e-06,2.384185791015625e-07
7927,0.002665996551513672,2.1457672119140625e-06,4.76837158203125e-07
7928,0.002645254135131836,1.9073486328125e-06,4.76837158203125e-07
7929,0.0024340152740478516,1.9073486328125e-06,2.384185791015625e-07
7930,0.002737283706665039,1.6689300537109375e-06,4.76837158203125e-07
7931,0.002560138702392578,1.430511474609375e-06,7.152557373046875e-07
7932,0.002788543701171875,1.6689300537109375e-06,2.384185791015625e-07
7933,0.0022733211517333984,1.9073486328125e-06,2.384185791015625e-07
7934,0.002458810806274414,1.9073486328125e-06,2.384185791015625e-07
7935,0.0019419193267822266,2.1457672119140625e-06,4.76837158203125e-07
7936,0.002185821533203125,1.6689300537109375e-06,2.384185791015625e-07
7937,0.002445220947265625,1.6689300537109375e-06,2.384185791015625e-07
7938,0.0021140575408935547,1.6689300537109375e-06,2.384185791015625e-07
7939,0.002781391143798828,1.9073486328125e-06,2.384185791015625e-07
7940,0.0025911331176757812,1.9073486328125e-06,2.384185791015625e-07
7941,0.0027594566345214844,1.6689300537109375e-06,2.384185791015625e-07
7942,0.0021033287048339844,1.9073486328125e-06,0.0
7943,0.002685070037841797,1.6689300537109375e-06,2.384185791015625e-07
7944,0.0034635066986083984,1.6689300537109375e-06,2.384185791015625e-07
7945,0.002636432647705078,1.6689300537109375e-06,2.384185791015625e-07
7946,0.0026137828826904297,2.1457672119140625e-06,4.76837158203125e-07
7947,0.002482891082763672,1.6689300537109375e-06,4.76837158203125e-07
7948,0.0021402835845947266,1.9073486328125e-06,2.384185791015625e-07
7949,0.0026786327362060547,1.6689300537109375e-06,2.384185791015625e-07
7950,0.0024509429931640625,1.6689300537109375e-06,2.384185791015625e-07
7951,0.0030498504638671875,1.6689300537109375e-06,2.384185791015625e-07
7952,0.0025932788848876953,1.9073486328125e-06,2.384185791015625e-07
7953,0.0029332637786865234,1.6689300537109375e-06,2.384185791015625e-07
7954,0.0024538040161132812,1.9073486328125e-06,4.76837158203125e-07
7955,0.002859354019165039,1.9073486328125e-06,2.384185791015625e-07
7956,0.002708911895751953,1.9073486328125e-06,2.384185791015625e-07
7957,0.0026988983154296875,1.9073486328125e-06,2.384185791015625e-07
7958,0.0030126571655273438,1.9073486328125e-06,2.384185791015625e-07
7959,0.0025773048400878906,2.1457672119140625e-06,4.76837158203125e-07
7960,0.0022630691528320312,1.6689300537109375e-06,4.76837158203125e-07
7961,0.0021626949310302734,1.430511474609375e-06,2.384185791015625e-07
7962,0.0024023056030273438,1.430511474609375e-06,2.384185791015625e-07
7963,0.002721548080444336,1.9073486328125e-06,4.76837158203125e-07
7964,0.0027637481689453125,2.1457672119140625e-06,4.76837158203125e-07
7965,0.002763032913208008,2.1457672119140625e-06,4.76837158203125e-07
7966,0.0030753612518310547,1.9073486328125e-06,2.384185791015625e-07
7967,0.002632617950439453,1.9073486328125e-06,2.384185791015625e-07
7968,0.0024118423461914062,1.9073486328125e-06,4.76837158203125e-07
7969,0.002216815948486328,1.9073486328125e-06,2.384185791015625e-07
7970,0.002305269241333008,1.9073486328125e-06,4.76837158203125e-07
7971,0.0029947757720947266,2.1457672119140625e-06,2.384185791015625e-07
7972,0.0026891231536865234,1.6689300537109375e-06,2.384185791015625e-07
7973,0.0024886131286621094,1.9073486328125e-06,2.384185791015625e-07
7974,0.002732992172241211,1.6689300537109375e-06,2.384185791015625e-07
7975,0.002600431442260742,1.6689300537109375e-06,2.384185791015625e-07
7976,0.002666473388671875,1.6689300537109375e-06,2.384185791015625e-07
7977,0.0023708343505859375,1.6689300537109375e-06,7.152557373046875e-07
7978,0.0027642250061035156,1.430511474609375e-06,4.76837158203125e-07
7979,0.0019834041595458984,1.9073486328125e-06,2.384185791015625e-07
7980,0.002681255340576172,1.9073486328125e-06,2.384185791015625e-07
7981,0.002259492874145508,1.6689300537109375e-06,4.76837158203125e-07
7982,0.00251007080078125,1.430511474609375e-06,4.76837158203125e-07
7983,0.0023958683013916016,1.9073486328125e-06,4.76837158203125e-07
7984,0.0025022029876708984,1.9073486328125e-06,2.384185791015625e-07
7985,0.002034902572631836,1.6689300537109375e-06,4.76837158203125e-07
7986,0.0022161006927490234,2.1457672119140625e-06,2.384185791015625e-07
7987,0.002415895462036133,1.9073486328125e-06,4.76837158203125e-07
7988,0.0026938915252685547,1.9073486328125e-06,4.76837158203125e-07
7989,0.0024607181549072266,1.9073486328125e-06,2.384185791015625e-07
7990,0.002751588821411133,1.9073486328125e-06,2.384185791015625e-07
7991,0.0018537044525146484,1.9073486328125e-06,2.384185791015625e-07
7992,0.0018312931060791016,1.9073486328125e-06,2.384185791015625e-07
7993,0.002207517623901367,1.9073486328125e-06,2.384185791015625e-07
7994,0.0024437904357910156,1.430511474609375e-06,2.384185791015625e-07
7995,0.003051280975341797,1.430511474609375e-06,2.384185791015625e-07
7996,0.002776622772216797,1.6689300537109375e-06,2.384185791015625e-07
7997,0.002251863479614258,1.9073486328125e-06,2.384185791015625e-07
7998,0.002268552780151367,1.6689300537109375e-06,2.384185791015625e-07
7999,0.002844095230102539,1.9073486328125e-06,2.384185791015625e-07
8000,0.0018908977508544922,1.9073486328125e-06,2.384185791015625e-07
8001,0.0025565624237060547,1.6689300537109375e-06,7.152557373046875e-07
8002,0.001965761184692383,1.9073486328125e-06,4.76837158203125e-07
8003,0.0024688243865966797,1.6689300537109375e-06,4.76837158203125e-07
8004,0.0022001266479492188,1.9073486328125e-06,2.384185791015625e-07
8005,0.0023055076599121094,1.6689300537109375e-06,2.384185791015625e-07
8006,0.002778291702270508,1.9073486328125e-06,4.76837158203125e-07
8007,0.002707242965698242,2.1457672119140625e-06,2.384185791015625e-07
8008,0.0025281906127929688,1.9073486328125e-06,2.384185791015625e-07
8009,0.0018897056579589844,1.6689300537109375e-06,2.384185791015625e-07
8010,0.001955747604370117,1.6689300537109375e-06,4.76837158203125e-07
8011,0.0028455257415771484,1.6689300537109375e-06,7.152557373046875e-07
8012,0.0023183822631835938,1.6689300537109375e-06,4.76837158203125e-07
8013,0.002660036087036133,1.9073486328125e-06,4.76837158203125e-07
8014,0.002427816390991211,1.9073486328125e-06,2.384185791015625e-07
8015,0.002357959747314453,1.430511474609375e-06,2.384185791015625e-07
8016,0.0027854442596435547,1.6689300537109375e-06,9.5367431640625e-07
8017,0.0020308494567871094,1.9073486328125e-06,4.76837158203125e-07
8018,0.002824544906616211,1.9073486328125e-06,2.384185791015625e-07
8019,0.0026352405548095703,1.9073486328125e-06,4.76837158203125e-07
8020,0.0020532608032226562,1.9073486328125e-06,7.152557373046875e-07
8021,0.002424478530883789,1.9073486328125e-06,4.76837158203125e-07
8022,0.002202272415161133,1.9073486328125e-06,4.76837158203125e-07
8023,0.00225067138671875,1.9073486328125e-06,2.384185791015625e-07
8024,0.0038259029388427734,1.9073486328125e-06,2.384185791015625e-07
8025,0.0025644302368164062,1.6689300537109375e-06,2.384185791015625e-07
8026,0.0020165443420410156,1.6689300537109375e-06,2.384185791015625e-07
8027,0.0024552345275878906,1.6689300537109375e-06,2.384185791015625e-07
8028,0.0027937889099121094,1.6689300537109375e-06,2.384185791015625e-07
8029,0.0019502639770507812,1.6689300537109375e-06,2.384185791015625e-07
8030,0.002607107162475586,1.6689300537109375e-06,2.384185791015625e-07
8031,0.0018284320831298828,1.6689300537109375e-06,2.384185791015625e-07
8032,0.0026960372924804688,1.9073486328125e-06,2.384185791015625e-07
8033,0.0022499561309814453,1.6689300537109375e-06,7.152557373046875e-07
8034,0.0025212764739990234,1.9073486328125e-06,2.384185791015625e-07
8035,0.0026466846466064453,1.9073486328125e-06,4.76837158203125e-07
8036,0.0026383399963378906,1.9073486328125e-06,2.384185791015625e-07
8037,0.0024306774139404297,1.6689300537109375e-06,2.384185791015625e-07
8038,0.0025568008422851562,1.6689300537109375e-06,2.384185791015625e-07
8039,0.002580404281616211,1.9073486328125e-06,2.384185791015625e-07
8040,0.002614259719848633,1.9073486328125e-06,2.384185791015625e-07
8041,0.0026466846466064453,1.430511474609375e-06,2.384185791015625e-07
8042,0.002141714096069336,1.6689300537109375e-06,4.76837158203125e-07
8043,0.002228260040283203,1.6689300537109375e-06,2.384185791015625e-07
8044,0.0016450881958007812,1.6689300537109375e-06,2.384185791015625e-07
8045,0.002608060836791992,1.6689300537109375e-06,2.384185791015625e-07
8046,0.0025827884674072266,1.6689300537109375e-06,2.384185791015625e-07
8047,0.0021605491638183594,1.6689300537109375e-06,4.76837158203125e-07
8048,0.002104043960571289,1.9073486328125e-06,2.384185791015625e-07
8049,0.0029730796813964844,1.9073486328125e-06,4.76837158203125e-07
8050,0.0021152496337890625,1.9073486328125e-06,4.76837158203125e-07
8051,0.002286195755004883,2.1457672119140625e-06,2.384185791015625e-07
8052,0.0023522377014160156,1.9073486328125e-06,2.384185791015625e-07
8053,0.002596616744995117,1.6689300537109375e-06,2.384185791015625e-07
8054,0.0029418468475341797,2.1457672119140625e-06,7.152557373046875e-07
8055,0.002468585968017578,1.9073486328125e-06,2.384185791015625e-07
8056,0.002923727035522461,1.9073486328125e-06,2.384185791015625e-07
8057,0.0020437240600585938,2.1457672119140625e-06,2.384185791015625e-07
8058,0.0019435882568359375,2.1457672119140625e-06,4.76837158203125e-07
8059,0.0021550655364990234,1.9073486328125e-06,4.76837158203125e-07
8060,0.002756834030151367,1.9073486328125e-06,2.384185791015625e-07
8061,0.003167867660522461,1.9073486328125e-06,4.76837158203125e-07
8062,0.0031752586364746094,1.9073486328125e-06,2.384185791015625e-07
8063,0.0026845932006835938,1.9073486328125e-06,2.384185791015625e-07
8064,0.002340078353881836,2.1457672119140625e-06,2.384185791015625e-07
8065,0.0029439926147460938,2.1457672119140625e-06,2.384185791015625e-07
8066,0.002666473388671875,1.9073486328125e-06,2.384185791015625e-07
8067,0.0023860931396484375,2.1457672119140625e-06,2.384185791015625e-07
8068,0.0026199817657470703,1.9073486328125e-06,7.152557373046875e-07
8069,0.002288341522216797,2.1457672119140625e-06,2.384185791015625e-07
8070,0.0020875930786132812,1.9073486328125e-06,2.384185791015625e-07
8071,0.004044532775878906,2.1457672119140625e-06,2.384185791015625e-07
8072,0.0026030540466308594,1.9073486328125e-06,2.384185791015625e-07
8073,0.002569437026977539,2.384185791015625e-06,4.76837158203125e-07
8074,0.002619028091430664,1.6689300537109375e-06,4.76837158203125e-07
8075,0.002759218215942383,2.1457672119140625e-06,2.384185791015625e-07
8076,0.002410411834716797,2.1457672119140625e-06,2.384185791015625e-07
8077,0.0024423599243164062,1.9073486328125e-06,4.76837158203125e-07
8078,0.0018398761749267578,2.1457672119140625e-06,7.152557373046875e-07
8079,0.0022106170654296875,1.9073486328125e-06,2.384185791015625e-07
8080,0.002638101577758789,2.1457672119140625e-06,2.384185791015625e-07
8081,0.0025625228881835938,1.9073486328125e-06,2.384185791015625e-07
8082,0.0022246837615966797,2.1457672119140625e-06,2.384185791015625e-07
8083,0.0017278194427490234,1.9073486328125e-06,4.76837158203125e-07
8084,0.002222299575805664,1.9073486328125e-06,4.76837158203125e-07
8085,0.0035810470581054688,2.1457672119140625e-06,4.76837158203125e-07
8086,0.00267791748046875,1.9073486328125e-06,2.384185791015625e-07
8087,0.002524852752685547,2.1457672119140625e-06,2.384185791015625e-07
8088,0.0022416114807128906,1.9073486328125e-06,4.76837158203125e-07
8089,0.003265857696533203,2.1457672119140625e-06,4.76837158203125e-07
8090,0.0021905899047851562,1.9073486328125e-06,2.384185791015625e-07
8091,0.002876758575439453,1.9073486328125e-06,2.384185791015625e-07
8092,0.0024073123931884766,1.6689300537109375e-06,2.384185791015625e-07
8093,0.0024089813232421875,1.6689300537109375e-06,4.76837158203125e-07
8094,0.002050638198852539,1.9073486328125e-06,4.76837158203125e-07
8095,0.0025587081909179688,1.9073486328125e-06,2.384185791015625e-07
8096,0.002517223358154297,1.6689300537109375e-06,2.384185791015625e-07
8097,0.0021741390228271484,2.1457672119140625e-06,2.384185791015625e-07
8098,0.002379179000854492,1.9073486328125e-06,2.384185791015625e-07
8099,0.002241849899291992,1.9073486328125e-06,4.76837158203125e-07
8100,0.0028188228607177734,1.9073486328125e-06,2.384185791015625e-07
8101,0.001859426498413086,2.1457672119140625e-06,4.76837158203125e-07
8102,0.002122163772583008,1.9073486328125e-06,2.384185791015625e-07
8103,0.0020465850830078125,1.9073486328125e-06,2.384185791015625e-07
8104,0.0027806758880615234,2.1457672119140625e-06,2.384185791015625e-07
8105,0.002613067626953125,2.1457672119140625e-06,2.384185791015625e-07
8106,0.0024328231811523438,1.9073486328125e-06,2.384185791015625e-07
8107,0.0025908946990966797,2.384185791015625e-06,2.384185791015625e-07
8108,0.0026831626892089844,2.1457672119140625e-06,2.384185791015625e-07
8109,0.0025396347045898438,2.384185791015625e-06,2.384185791015625e-07
8110,0.0024709701538085938,1.9073486328125e-06,4.76837158203125e-07
8111,0.003747701644897461,1.9073486328125e-06,2.384185791015625e-07
8112,0.0019617080688476562,2.384185791015625e-06,2.384185791015625e-07
8113,0.0024623870849609375,1.9073486328125e-06,2.384185791015625e-07
8114,0.0026912689208984375,2.384185791015625e-06,2.384185791015625e-07
8115,0.0029027462005615234,1.6689300537109375e-06,2.384185791015625e-07
8116,0.002015352249145508,1.9073486328125e-06,2.384185791015625e-07
8117,0.003388643264770508,1.6689300537109375e-06,2.384185791015625e-07
8118,0.002388477325439453,1.9073486328125e-06,2.384185791015625e-07
8119,0.002960205078125,1.9073486328125e-06,2.384185791015625e-07
8120,0.0025453567504882812,1.9073486328125e-06,2.384185791015625e-07
8121,0.0026769638061523438,1.6689300537109375e-06,2.384185791015625e-07
8122,0.0020902156829833984,2.6226043701171875e-06,2.384185791015625e-07
8123,0.0025119781494140625,2.1457672119140625e-06,2.384185791015625e-07
8124,0.0021812915802001953,1.9073486328125e-06,2.384185791015625e-07
8125,0.0024602413177490234,1.6689300537109375e-06,2.384185791015625e-07
8126,0.003091096878051758,1.9073486328125e-06,9.5367431640625e-07
8127,0.0023152828216552734,1.9073486328125e-06,2.384185791015625e-07
8128,0.002557516098022461,1.6689300537109375e-06,2.384185791015625e-07
8129,0.002814769744873047,1.9073486328125e-06,2.384185791015625e-07
8130,0.0018095970153808594,1.6689300537109375e-06,2.384185791015625e-07
8131,0.0020933151245117188,2.1457672119140625e-06,2.384185791015625e-07
8132,0.0028219223022460938,1.9073486328125e-06,2.384185791015625e-07
8133,0.002523183822631836,1.9073486328125e-06,4.76837158203125e-07
8134,0.0020322799682617188,2.1457672119140625e-06,4.76837158203125e-07
8135,0.002239704132080078,1.9073486328125e-06,2.384185791015625e-07
8136,0.0024678707122802734,2.1457672119140625e-06,4.76837158203125e-07
8137,0.0026557445526123047,1.9073486328125e-06,2.384185791015625e-07
8138,0.0023300647735595703,2.1457672119140625e-06,4.76837158203125e-07
8139,0.0025205612182617188,1.9073486328125e-06,2.384185791015625e-07
8140,0.0023338794708251953,2.384185791015625e-06,4.76837158203125e-07
8141,0.00237274169921875,1.9073486328125e-06,2.384185791015625e-07
8142,0.0018994808197021484,2.384185791015625e-06,4.76837158203125e-07
8143,0.002201557159423828,1.9073486328125e-06,2.384185791015625e-07
8144,0.0022399425506591797,2.1457672119140625e-06,2.384185791015625e-07
8145,0.0025110244750976562,1.9073486328125e-06,2.384185791015625e-07
8146,0.0019347667694091797,1.9073486328125e-06,2.384185791015625e-07
8147,0.002361297607421875,2.1457672119140625e-06,2.384185791015625e-07
8148,0.0026471614837646484,1.6689300537109375e-06,2.384185791015625e-07
8149,0.0025131702423095703,2.1457672119140625e-06,2.384185791015625e-07
8150,0.0019021034240722656,1.6689300537109375e-06,2.384185791015625e-07
8151,0.0030584335327148438,1.9073486328125e-06,4.76837158203125e-07
8152,0.0028133392333984375,1.6689300537109375e-06,2.384185791015625e-07
8153,0.0023834705352783203,1.9073486328125e-06,2.384185791015625e-07
8154,0.0029561519622802734,1.9073486328125e-06,2.384185791015625e-07
8155,0.0027048587799072266,1.9073486328125e-06,2.384185791015625e-07
8156,0.002145051956176758,1.6689300537109375e-06,2.384185791015625e-07
8157,0.002645730972290039,2.1457672119140625e-06,2.384185791015625e-07
8158,0.002989053726196289,1.9073486328125e-06,4.76837158203125e-07
8159,0.0024628639221191406,2.1457672119140625e-06,4.76837158203125e-07
8160,0.002299785614013672,1.9073486328125e-06,2.384185791015625e-07
8161,0.0026845932006835938,2.384185791015625e-06,2.384185791015625e-07
8162,0.002462148666381836,1.9073486328125e-06,4.76837158203125e-07
8163,0.003120899200439453,2.1457672119140625e-06,2.384185791015625e-07
8164,0.0021839141845703125,1.6689300537109375e-06,2.384185791015625e-07
8165,0.0019555091857910156,1.6689300537109375e-06,4.76837158203125e-07
8166,0.0028116703033447266,1.9073486328125e-06,2.384185791015625e-07
8167,0.00249481201171875,2.1457672119140625e-06,2.384185791015625e-07
8168,0.002844095230102539,1.9073486328125e-06,4.76837158203125e-07
8169,0.0022115707397460938,1.9073486328125e-06,4.76837158203125e-07
8170,0.0032434463500976562,1.9073486328125e-06,2.384185791015625e-07
8171,0.0030832290649414062,2.1457672119140625e-06,2.384185791015625e-07
8172,0.0029714107513427734,1.9073486328125e-06,2.384185791015625e-07
8173,0.0026395320892333984,1.9073486328125e-06,2.384185791015625e-07
8174,0.002947568893432617,2.1457672119140625e-06,2.384185791015625e-07
8175,0.0021059513092041016,1.9073486328125e-06,4.76837158203125e-07
8176,0.0025544166564941406,1.9073486328125e-06,2.384185791015625e-07
8177,0.002636432647705078,2.1457672119140625e-06,2.384185791015625e-07
8178,0.002615690231323242,1.9073486328125e-06,2.384185791015625e-07
8179,0.0025267601013183594,2.1457672119140625e-06,2.384185791015625e-07
8180,0.002221822738647461,1.9073486328125e-06,2.384185791015625e-07
8181,0.002627134323120117,1.6689300537109375e-06,2.384185791015625e-07
8182,0.0025353431701660156,1.9073486328125e-06,2.384185791015625e-07
8183,0.0028259754180908203,2.1457672119140625e-06,2.384185791015625e-07
8184,0.0028443336486816406,2.1457672119140625e-06,2.384185791015625e-07
8185,0.001920938491821289,2.1457672119140625e-06,4.76837158203125e-07
8186,0.002175569534301758,2.1457672119140625e-06,7.152557373046875e-07
8187,0.0026252269744873047,1.9073486328125e-06,4.76837158203125e-07
8188,0.0019953250885009766,2.1457672119140625e-06,4.76837158203125e-07
8189,0.002265453338623047,1.9073486328125e-06,2.384185791015625e-07
8190,0.0035848617553710938,1.6689300537109375e-06,4.76837158203125e-07
8191,0.0028879642486572266,1.6689300537109375e-06,2.384185791015625e-07
8192,0.002717256546020508,1.6689300537109375e-06,4.76837158203125e-07
8193,0.0029010772705078125,1.9073486328125e-06,2.384185791015625e-07
8194,0.0024428367614746094,2.1457672119140625e-06,2.384185791015625e-07
8195,0.003077268600463867,1.9073486328125e-06,2.384185791015625e-07
8196,0.002491474151611328,1.430511474609375e-06,9.5367431640625e-07
8197,0.002705097198486328,1.6689300537109375e-06,7.152557373046875e-07
8198,0.0026137828826904297,1.9073486328125e-06,2.384185791015625e-07
8199,0.0027751922607421875,1.9073486328125e-06,2.384185791015625e-07
8200,0.0023643970489501953,2.1457672119140625e-06,2.384185791015625e-07
8201,0.002311229705810547,1.9073486328125e-06,2.384185791015625e-07
8202,0.002017974853515625,2.1457672119140625e-06,4.76837158203125e-07
8203,0.0025446414947509766,1.9073486328125e-06,4.76837158203125e-07
8204,0.002391815185546875,1.9073486328125e-06,4.76837158203125e-07
8205,0.002663850784301758,1.6689300537109375e-06,2.384185791015625e-07
8206,0.002531290054321289,1.6689300537109375e-06,2.384185791015625e-07
8207,0.0023386478424072266,1.9073486328125e-06,4.76837158203125e-07
8208,0.0020542144775390625,2.1457672119140625e-06,2.384185791015625e-07
8209,0.0017879009246826172,2.1457672119140625e-06,2.384185791015625e-07
8210,0.002488851547241211,2.1457672119140625e-06,2.384185791015625e-07
8211,0.002208709716796875,2.1457672119140625e-06,2.384185791015625e-07
8212,0.0027608871459960938,2.1457672119140625e-06,2.384185791015625e-07
8213,0.002503633499145508,1.9073486328125e-06,2.384185791015625e-07
8214,0.0021266937255859375,1.9073486328125e-06,2.384185791015625e-07
8215,0.002977609634399414,1.6689300537109375e-06,7.152557373046875e-07
8216,0.0025510787963867188,1.6689300537109375e-06,2.384185791015625e-07
8217,0.0024919509887695312,1.6689300537109375e-06,2.384185791015625e-07
8218,0.0026464462280273438,1.9073486328125e-06,4.76837158203125e-07
8219,0.0018723011016845703,1.9073486328125e-06,4.76837158203125e-07
8220,0.0024607181549072266,2.384185791015625e-06,2.384185791015625e-07
8221,0.002401113510131836,1.9073486328125e-06,2.384185791015625e-07
8222,0.002638101577758789,1.9073486328125e-06,2.384185791015625e-07
8223,0.002224445343017578,2.1457672119140625e-06,0.0
8224,0.002770662307739258,2.1457672119140625e-06,2.384185791015625e-07
8225,0.002217531204223633,2.1457672119140625e-06,2.384185791015625e-07
8226,0.0020589828491210938,1.9073486328125e-06,2.384185791015625e-07
8227,0.0023517608642578125,2.1457672119140625e-06,2.384185791015625e-07
8228,0.003933429718017578,1.9073486328125e-06,2.384185791015625e-07
8229,0.0024924278259277344,1.9073486328125e-06,4.76837158203125e-07
8230,0.002581357955932617,1.9073486328125e-06,2.384185791015625e-07
8231,0.0026967525482177734,1.9073486328125e-06,2.384185791015625e-07
8232,0.002176523208618164,1.6689300537109375e-06,2.384185791015625e-07
8233,0.001613616943359375,1.9073486328125e-06,2.384185791015625e-07
8234,0.0016324520111083984,1.6689300537109375e-06,2.384185791015625e-07
8235,0.0023326873779296875,1.6689300537109375e-06,4.76837158203125e-07
8236,0.0026383399963378906,1.6689300537109375e-06,2.384185791015625e-07
8237,0.001924276351928711,1.6689300537109375e-06,4.76837158203125e-07
8238,0.0026674270629882812,1.9073486328125e-06,2.384185791015625e-07
8239,0.0016028881072998047,1.6689300537109375e-06,4.76837158203125e-07
8240,0.0015666484832763672,2.384185791015625e-06,2.384185791015625e-07
8241,0.0022668838500976562,2.1457672119140625e-06,2.384185791015625e-07
8242,0.0020089149475097656,1.9073486328125e-06,2.384185791015625e-07
8243,0.0018067359924316406,2.1457672119140625e-06,2.384185791015625e-07
8244,0.002330780029296875,1.9073486328125e-06,2.384185791015625e-07
8245,0.0019745826721191406,1.6689300537109375e-06,2.384185791015625e-07
8246,0.0023741722106933594,2.1457672119140625e-06,2.384185791015625e-07
8247,0.002125263214111328,5.0067901611328125e-06,2.384185791015625e-07
8248,0.002223491668701172,2.384185791015625e-06,2.384185791015625e-07
8249,0.002156496047973633,1.9073486328125e-06,2.384185791015625e-07
8250,0.001939535140991211,2.1457672119140625e-06,4.76837158203125e-07
8251,0.0026607513427734375,1.9073486328125e-06,2.384185791015625e-07
8252,0.0025942325592041016,2.1457672119140625e-06,4.76837158203125e-07
8253,0.0030362606048583984,2.1457672119140625e-06,4.76837158203125e-07
8254,0.0020427703857421875,2.1457672119140625e-06,2.384185791015625e-07
8255,0.0022644996643066406,2.1457672119140625e-06,2.384185791015625e-07
8256,0.0019326210021972656,1.9073486328125e-06,2.384185791015625e-07
8257,0.0025937557220458984,1.9073486328125e-06,2.384185791015625e-07
8258,0.0017480850219726562,2.1457672119140625e-06,4.76837158203125e-07
8259,0.0022423267364501953,1.9073486328125e-06,4.76837158203125e-07
8260,0.002509593963623047,1.9073486328125e-06,2.384185791015625e-07
8261,0.0013706684112548828,1.9073486328125e-06,2.384185791015625e-07
8262,0.002112865447998047,1.9073486328125e-06,2.384185791015625e-07
8263,0.0021414756774902344,2.1457672119140625e-06,2.384185791015625e-07
8264,0.0019593238830566406,1.9073486328125e-06,4.76837158203125e-07
8265,0.0015006065368652344,1.9073486328125e-06,2.384185791015625e-07
8266,0.0017054080963134766,1.9073486328125e-06,4.76837158203125e-07
8267,0.0017490386962890625,1.6689300537109375e-06,2.384185791015625e-07
8268,0.002512216567993164,1.6689300537109375e-06,7.152557373046875e-07
8269,0.002585172653198242,1.6689300537109375e-06,4.76837158203125e-07
8270,0.002511739730834961,1.6689300537109375e-06,2.384185791015625e-07
8271,0.00228118896484375,1.6689300537109375e-06,2.384185791015625e-07
8272,0.0025610923767089844,1.6689300537109375e-06,2.384185791015625e-07
8273,0.002225637435913086,1.6689300537109375e-06,4.76837158203125e-07
8274,0.0028276443481445312,1.9073486328125e-06,2.384185791015625e-07
8275,0.002667665481567383,1.6689300537109375e-06,2.384185791015625e-07
8276,0.0028896331787109375,1.6689300537109375e-06,2.384185791015625e-07
8277,0.0016410350799560547,1.6689300537109375e-06,7.152557373046875e-07
8278,0.002592325210571289,1.9073486328125e-06,2.384185791015625e-07
8279,0.0021839141845703125,1.6689300537109375e-06,2.384185791015625e-07
8280,0.0022821426391601562,1.6689300537109375e-06,2.384185791015625e-07
8281,0.0030515193939208984,1.6689300537109375e-06,2.384185791015625e-07
8282,0.0026445388793945312,1.6689300537109375e-06,2.384185791015625e-07
8283,0.0016732215881347656,1.9073486328125e-06,2.384185791015625e-07
8284,0.0021364688873291016,1.9073486328125e-06,2.384185791015625e-07
8285,0.0025339126586914062,2.1457672119140625e-06,2.384185791015625e-07
8286,0.002390623092651367,1.9073486328125e-06,2.384185791015625e-07
8287,0.0020368099212646484,1.9073486328125e-06,2.384185791015625e-07
8288,0.0016429424285888672,1.9073486328125e-06,2.384185791015625e-07
8289,0.0029015541076660156,2.1457672119140625e-06,2.384185791015625e-07
8290,0.002500295639038086,2.1457672119140625e-06,2.384185791015625e-07
8291,0.0027098655700683594,1.9073486328125e-06,2.384185791015625e-07
8292,0.002362489700317383,1.9073486328125e-06,4.76837158203125e-07
8293,0.0027437210083007812,1.9073486328125e-06,2.384185791015625e-07
8294,0.00226593017578125,1.9073486328125e-06,2.384185791015625e-07
8295,0.002333402633666992,1.9073486328125e-06,4.76837158203125e-07
8296,0.003003358840942383,1.9073486328125e-06,4.76837158203125e-07
8297,0.003230571746826172,1.9073486328125e-06,2.384185791015625e-07
8298,0.002644062042236328,2.384185791015625e-06,4.76837158203125e-07
8299,0.00254058837890625,2.1457672119140625e-06,4.76837158203125e-07
8300,0.0023636817932128906,1.6689300537109375e-06,4.76837158203125e-07
8301,0.0027709007263183594,2.1457672119140625e-06,2.384185791015625e-07
8302,0.001882791519165039,1.9073486328125e-06,2.384185791015625e-07
8303,0.002380847930908203,1.9073486328125e-06,2.384185791015625e-07
8304,0.002852201461791992,1.9073486328125e-06,2.384185791015625e-07
8305,0.0030431747436523438,2.1457672119140625e-06,2.384185791015625e-07
8306,0.0015912055969238281,2.1457672119140625e-06,7.152557373046875e-07
8307,0.002726316452026367,1.9073486328125e-06,2.384185791015625e-07
8308,0.0023725032806396484,2.1457672119140625e-06,2.384185791015625e-07
8309,0.0018296241760253906,2.1457672119140625e-06,2.384185791015625e-07
8310,0.002600431442260742,1.9073486328125e-06,2.384185791015625e-07
8311,0.0024802684783935547,1.9073486328125e-06,4.76837158203125e-07
8312,0.0023043155670166016,1.9073486328125e-06,2.384185791015625e-07
8313,0.0024569034576416016,2.1457672119140625e-06,9.5367431640625e-07
8314,0.0020325183868408203,2.1457672119140625e-06,4.76837158203125e-07
8315,0.0025854110717773438,1.9073486328125e-06,2.384185791015625e-07
8316,0.0016853809356689453,1.9073486328125e-06,4.76837158203125e-07
8317,0.0026476383209228516,1.6689300537109375e-06,4.76837158203125e-07
8318,0.0025413036346435547,1.6689300537109375e-06,2.384185791015625e-07
8319,0.0021047592163085938,1.6689300537109375e-06,4.76837158203125e-07
8320,0.002531766891479492,1.430511474609375e-06,0.0
8321,0.002761363983154297,1.9073486328125e-06,2.384185791015625e-07
8322,0.002007007598876953,1.6689300537109375e-06,2.384185791015625e-07
8323,0.002668619155883789,2.1457672119140625e-06,2.384185791015625e-07
8324,0.0017597675323486328,2.1457672119140625e-06,2.384185791015625e-07
8325,0.002736330032348633,1.9073486328125e-06,2.384185791015625e-07
8326,0.002227783203125,2.1457672119140625e-06,4.76837158203125e-07
8327,0.0030143260955810547,1.6689300537109375e-06,4.76837158203125e-07
8328,0.0019593238830566406,2.1457672119140625e-06,7.152557373046875e-07
8329,0.002538442611694336,1.9073486328125e-06,2.384185791015625e-07
8330,0.003033161163330078,1.9073486328125e-06,2.384185791015625e-07
8331,0.0027332305908203125,1.9073486328125e-06,2.384185791015625e-07
8332,0.003041505813598633,2.1457672119140625e-06,2.384185791015625e-07
8333,0.002740144729614258,2.1457672119140625e-06,2.384185791015625e-07
8334,0.0022907257080078125,2.1457672119140625e-06,4.76837158203125e-07
8335,0.001847982406616211,1.9073486328125e-06,2.384185791015625e-07
8336,0.0024030208587646484,2.1457672119140625e-06,2.384185791015625e-07
8337,0.002907276153564453,1.9073486328125e-06,4.76837158203125e-07
8338,0.002994537353515625,1.9073486328125e-06,2.384185791015625e-07
8339,0.0028269290924072266,1.9073486328125e-06,2.384185791015625e-07
8340,0.0028035640716552734,1.9073486328125e-06,2.384185791015625e-07
8341,0.0025157928466796875,1.9073486328125e-06,4.76837158203125e-07
8342,0.002670764923095703,2.1457672119140625e-06,2.384185791015625e-07
8343,0.00238800048828125,2.1457672119140625e-06,2.384185791015625e-07
8344,0.002395153045654297,2.1457672119140625e-06,2.384185791015625e-07
8345,0.002877950668334961,1.9073486328125e-06,2.384185791015625e-07
8346,0.0023641586303710938,1.6689300537109375e-06,4.76837158203125e-07
8347,0.0018754005432128906,2.1457672119140625e-06,2.384185791015625e-07
8348,0.002397298812866211,2.1457672119140625e-06,4.76837158203125e-07
8349,0.0024111270904541016,1.9073486328125e-06,2.384185791015625e-07
8350,0.0023632049560546875,2.1457672119140625e-06,2.384185791015625e-07
8351,0.0022945404052734375,1.9073486328125e-06,4.76837158203125e-07
8352,0.0028142929077148438,1.9073486328125e-06,2.384185791015625e-07
8353,0.0023157596588134766,2.384185791015625e-06,2.384185791015625e-07
8354,0.0020766258239746094,1.9073486328125e-06,2.384185791015625e-07
8355,0.0021982192993164062,2.1457672119140625e-06,2.384185791015625e-07
8356,0.0023605823516845703,1.9073486328125e-06,4.76837158203125e-07
8357,0.002344369888305664,2.1457672119140625e-06,2.384185791015625e-07
8358,0.0021767616271972656,2.1457672119140625e-06,2.384185791015625e-07
8359,0.002210378646850586,2.1457672119140625e-06,7.152557373046875e-07
8360,0.0024962425231933594,1.9073486328125e-06,2.384185791015625e-07
8361,0.002382516860961914,2.1457672119140625e-06,2.384185791015625e-07
8362,0.002351045608520508,1.9073486328125e-06,2.384185791015625e-07
8363,0.0025110244750976562,1.6689300537109375e-06,2.384185791015625e-07
8364,0.002468585968017578,1.9073486328125e-06,4.76837158203125e-07
8365,0.00177001953125,2.1457672119140625e-06,2.384185791015625e-07
8366,0.002988576889038086,1.6689300537109375e-06,2.384185791015625e-07
8367,0.0019426345825195312,1.6689300537109375e-06,4.76837158203125e-07
8368,0.0029120445251464844,2.1457672119140625e-06,7.152557373046875e-07
8369,0.0023431777954101562,1.6689300537109375e-06,2.384185791015625e-07
8370,0.0020303726196289062,1.6689300537109375e-06,2.384185791015625e-07
8371,0.0017628669738769531,1.9073486328125e-06,4.76837158203125e-07
8372,0.0027124881744384766,1.6689300537109375e-06,2.384185791015625e-07
8373,0.0017123222351074219,2.1457672119140625e-06,2.384185791015625e-07
8374,0.0027260780334472656,1.9073486328125e-06,2.384185791015625e-07
8375,0.002390623092651367,1.9073486328125e-06,2.384185791015625e-07
8376,0.0019183158874511719,1.6689300537109375e-06,4.76837158203125e-07
8377,0.0023458003997802734,1.9073486328125e-06,4.76837158203125e-07
8378,0.001996755599975586,1.6689300537109375e-06,2.384185791015625e-07
8379,0.002399921417236328,2.1457672119140625e-06,2.384185791015625e-07
8380,0.0033495426177978516,1.9073486328125e-06,4.76837158203125e-07
8381,0.0022764205932617188,1.9073486328125e-06,2.384185791015625e-07
8382,0.002502918243408203,1.9073486328125e-06,7.152557373046875e-07
8383,0.0018401145935058594,1.9073486328125e-06,2.384185791015625e-07
8384,0.002544403076171875,1.6689300537109375e-06,2.384185791015625e-07
8385,0.002936840057373047,1.9073486328125e-06,2.384185791015625e-07
8386,0.0021734237670898438,1.9073486328125e-06,2.384185791015625e-07
8387,0.002800464630126953,1.9073486328125e-06,2.384185791015625e-07
8388,0.0016531944274902344,1.9073486328125e-06,4.76837158203125e-07
8389,0.002700328826904297,2.384185791015625e-06,2.384185791015625e-07
8390,0.0020284652709960938,1.9073486328125e-06,2.384185791015625e-07
8391,0.002332448959350586,1.9073486328125e-06,2.384185791015625e-07
8392,0.0025606155395507812,1.6689300537109375e-06,2.384185791015625e-07
8393,0.0021800994873046875,1.9073486328125e-06,2.384185791015625e-07
8394,0.0026242733001708984,1.9073486328125e-06,2.384185791015625e-07
8395,0.002080678939819336,2.1457672119140625e-06,4.76837158203125e-07
8396,0.002557516098022461,1.9073486328125e-06,2.384185791015625e-07
8397,0.0022149085998535156,2.1457672119140625e-06,2.384185791015625e-07
8398,0.0018227100372314453,2.1457672119140625e-06,2.384185791015625e-07
8399,0.001749277114868164,1.9073486328125e-06,2.384185791015625e-07
8400,0.002323150634765625,2.1457672119140625e-06,2.384185791015625e-07
8401,0.0020411014556884766,2.1457672119140625e-06,2.384185791015625e-07
8402,0.0019240379333496094,1.6689300537109375e-06,2.384185791015625e-07
8403,0.0021698474884033203,2.384185791015625e-06,2.384185791015625e-07
8404,0.002168416976928711,1.9073486328125e-06,4.76837158203125e-07
8405,0.0016255378723144531,1.9073486328125e-06,2.384185791015625e-07
8406,0.002244710922241211,2.384185791015625e-06,2.384185791015625e-07
8407,0.0013492107391357422,1.9073486328125e-06,2.384185791015625e-07
8408,0.002494335174560547,1.6689300537109375e-06,2.384185791015625e-07
8409,0.0025691986083984375,1.9073486328125e-06,7.152557373046875e-07
8410,0.0020363330841064453,1.6689300537109375e-06,4.76837158203125e-07
8411,0.0023317337036132812,1.9073486328125e-06,4.76837158203125e-07
8412,0.002393484115600586,1.9073486328125e-06,2.384185791015625e-07
8413,0.0020880699157714844,1.9073486328125e-06,2.384185791015625e-07
8414,0.0024824142456054688,1.9073486328125e-06,2.384185791015625e-07
8415,0.0022666454315185547,1.6689300537109375e-06,4.76837158203125e-07
8416,0.0013763904571533203,1.9073486328125e-06,2.384185791015625e-07
8417,0.002531766891479492,1.6689300537109375e-06,2.384185791015625e-07
8418,0.002003192901611328,1.9073486328125e-06,7.152557373046875e-07
8419,0.001787424087524414,2.86102294921875e-06,2.384185791015625e-07
8420,0.0019989013671875,1.9073486328125e-06,2.384185791015625e-07
8421,0.0017740726470947266,1.6689300537109375e-06,4.76837158203125e-07
8422,0.0025904178619384766,2.1457672119140625e-06,1.430511474609375e-06
8423,0.002317667007446289,1.9073486328125e-06,2.384185791015625e-07
8424,0.02604222297668457,1.9073486328125e-06,2.384185791015625e-07
8425,0.0019316673278808594,1.9073486328125e-06,2.384185791015625e-07
8426,0.002398967742919922,1.6689300537109375e-06,4.76837158203125e-07
8427,0.0020601749420166016,1.6689300537109375e-06,4.76837158203125e-07
8428,0.002209186553955078,1.9073486328125e-06,4.76837158203125e-07
8429,0.0017931461334228516,1.9073486328125e-06,2.384185791015625e-07
8430,0.0024154186248779297,2.1457672119140625e-06,2.384185791015625e-07
8431,0.0020859241485595703,2.1457672119140625e-06,2.384185791015625e-07
8432,0.0025603771209716797,2.1457672119140625e-06,4.76837158203125e-07
8433,0.0027420520782470703,2.1457672119140625e-06,2.384185791015625e-07
8434,0.0024564266204833984,2.1457672119140625e-06,2.384185791015625e-07
8435,0.002005338668823242,1.9073486328125e-06,4.76837158203125e-07
8436,0.0020418167114257812,1.9073486328125e-06,2.384185791015625e-07
8437,0.0024755001068115234,1.9073486328125e-06,4.76837158203125e-07
8438,0.002260446548461914,1.6689300537109375e-06,2.384185791015625e-07
8439,0.0022118091583251953,1.9073486328125e-06,2.384185791015625e-07
8440,0.0019125938415527344,1.6689300537109375e-06,4.76837158203125e-07
8441,0.0017697811126708984,1.9073486328125e-06,2.384185791015625e-07
8442,0.0019986629486083984,1.9073486328125e-06,2.384185791015625e-07
8443,0.0022928714752197266,1.9073486328125e-06,2.384185791015625e-07
8444,0.0021555423736572266,2.1457672119140625e-06,2.384185791015625e-07
8445,0.0018777847290039062,1.9073486328125e-06,2.384185791015625e-07
8446,0.0021681785583496094,2.1457672119140625e-06,2.384185791015625e-07
8447,0.0022635459899902344,1.9073486328125e-06,2.384185791015625e-07
8448,0.002134561538696289,2.384185791015625e-06,2.384185791015625e-07
8449,0.002492666244506836,1.9073486328125e-06,2.384185791015625e-07
8450,0.0023641586303710938,1.9073486328125e-06,2.384185791015625e-07
8451,0.0017697811126708984,1.9073486328125e-06,2.384185791015625e-07
8452,0.0021209716796875,1.6689300537109375e-06,2.384185791015625e-07
8453,0.002255678176879883,1.6689300537109375e-06,2.384185791015625e-07
8454,0.0018696784973144531,1.9073486328125e-06,2.384185791015625e-07
8455,0.002567768096923828,1.6689300537109375e-06,2.384185791015625e-07
8456,0.002209186553955078,2.1457672119140625e-06,2.384185791015625e-07
8457,0.0023314952850341797,2.384185791015625e-06,2.384185791015625e-07
8458,0.0021314620971679688,2.1457672119140625e-06,2.384185791015625e-07
8459,0.002283811569213867,1.9073486328125e-06,2.384185791015625e-07
8460,0.002117633819580078,1.9073486328125e-06,2.384185791015625e-07
8461,0.0024323463439941406,2.1457672119140625e-06,2.384185791015625e-07
8462,0.00235748291015625,1.9073486328125e-06,2.384185791015625e-07
8463,0.002043008804321289,1.9073486328125e-06,2.384185791015625e-07
8464,0.0022766590118408203,1.6689300537109375e-06,2.384185791015625e-07
8465,0.002132415771484375,2.6226043701171875e-06,2.384185791015625e-07
8466,0.0017137527465820312,1.9073486328125e-06,2.384185791015625e-07
8467,0.001458883285522461,2.1457672119140625e-06,2.384185791015625e-07
8468,0.002649068832397461,1.9073486328125e-06,4.76837158203125e-07
8469,0.0023353099822998047,1.9073486328125e-06,2.384185791015625e-07
8470,0.0028374195098876953,2.1457672119140625e-06,4.76837158203125e-07
8471,0.0023193359375,2.1457672119140625e-06,2.384185791015625e-07
8472,0.0026099681854248047,1.9073486328125e-06,2.384185791015625e-07
8473,0.0021479129791259766,1.9073486328125e-06,2.384185791015625e-07
8474,0.0022406578063964844,1.6689300537109375e-06,7.152557373046875e-07
8475,0.002518892288208008,1.9073486328125e-06,2.384185791015625e-07
8476,0.0020198822021484375,1.9073486328125e-06,2.384185791015625e-07
8477,0.002432584762573242,1.9073486328125e-06,4.76837158203125e-07
8478,0.0019006729125976562,1.9073486328125e-06,2.384185791015625e-07
8479,0.0025739669799804688,2.1457672119140625e-06,2.384185791015625e-07
8480,0.002371072769165039,1.9073486328125e-06,2.384185791015625e-07
8481,0.0021703243255615234,1.9073486328125e-06,2.384185791015625e-07
8482,0.002645254135131836,2.384185791015625e-06,2.384185791015625e-07
8483,0.002126932144165039,1.6689300537109375e-06,2.384185791015625e-07
8484,0.002479076385498047,1.9073486328125e-06,2.384185791015625e-07
8485,0.002210855484008789,1.6689300537109375e-06,4.76837158203125e-07
8486,0.0024139881134033203,1.6689300537109375e-06,2.384185791015625e-07
8487,0.0022068023681640625,1.6689300537109375e-06,2.384185791015625e-07
8488,0.0024547576904296875,1.9073486328125e-06,2.384185791015625e-07
8489,0.002206087112426758,1.9073486328125e-06,2.384185791015625e-07
8490,0.0022156238555908203,1.6689300537109375e-06,2.384185791015625e-07
8491,0.003301382064819336,1.6689300537109375e-06,2.384185791015625e-07
8492,0.002712726593017578,1.6689300537109375e-06,2.384185791015625e-07
8493,0.002752542495727539,1.6689300537109375e-06,4.76837158203125e-07
8494,0.002457141876220703,1.6689300537109375e-06,4.76837158203125e-07
8495,0.0016987323760986328,1.9073486328125e-06,2.384185791015625e-07
8496,0.0026950836181640625,2.1457672119140625e-06,4.76837158203125e-07
8497,0.003206491470336914,2.1457672119140625e-06,2.384185791015625e-07
8498,0.0024111270904541016,1.6689300537109375e-06,4.76837158203125e-07
8499,0.002118825912475586,1.9073486328125e-06,2.384185791015625e-07
8500,0.001984834671020508,1.9073486328125e-06,2.384185791015625e-07
8501,0.002505064010620117,1.6689300537109375e-06,2.384185791015625e-07
8502,0.002820730209350586,1.6689300537109375e-06,2.384185791015625e-07
8503,0.0020322799682617188,1.6689300537109375e-06,4.76837158203125e-07
8504,0.0024776458740234375,1.6689300537109375e-06,4.76837158203125e-07
8505,0.0023283958435058594,2.1457672119140625e-06,2.384185791015625e-07
8506,0.0023980140686035156,2.1457672119140625e-06,2.384185791015625e-07
8507,0.002077817916870117,1.9073486328125e-06,2.384185791015625e-07
8508,0.0025184154510498047,1.9073486328125e-06,2.384185791015625e-07
8509,0.002218961715698242,2.1457672119140625e-06,4.76837158203125e-07
8510,0.0025827884674072266,1.9073486328125e-06,4.76837158203125e-07
8511,0.0026891231536865234,1.9073486328125e-06,4.76837158203125e-07
8512,0.0030815601348876953,2.384185791015625e-06,4.76837158203125e-07
8513,0.002260446548461914,1.6689300537109375e-06,2.384185791015625e-07
8514,0.002445697784423828,1.6689300537109375e-06,2.384185791015625e-07
8515,0.0019085407257080078,1.9073486328125e-06,4.76837158203125e-07
8516,0.002653360366821289,1.6689300537109375e-06,2.384185791015625e-07
8517,0.0027806758880615234,2.1457672119140625e-06,2.384185791015625e-07
8518,0.0021653175354003906,2.1457672119140625e-06,2.384185791015625e-07
8519,0.0020525455474853516,2.1457672119140625e-06,2.384185791015625e-07
8520,0.0029799938201904297,2.1457672119140625e-06,4.76837158203125e-07
8521,0.0020546913146972656,2.1457672119140625e-06,4.76837158203125e-07
8522,0.001973390579223633,2.1457672119140625e-06,2.384185791015625e-07
8523,0.0023772716522216797,2.1457672119140625e-06,2.384185791015625e-07
8524,0.0025320053100585938,1.9073486328125e-06,2.384185791015625e-07
8525,0.003036022186279297,1.9073486328125e-06,2.384185791015625e-07
8526,0.0019457340240478516,2.1457672119140625e-06,2.384185791015625e-07
8527,0.0030624866485595703,1.6689300537109375e-06,2.384185791015625e-07
8528,0.0021376609802246094,2.384185791015625e-06,2.384185791015625e-07
8529,0.002538442611694336,1.6689300537109375e-06,7.152557373046875e-07
8530,0.002184629440307617,1.6689300537109375e-06,2.384185791015625e-07
8531,0.0025599002838134766,1.9073486328125e-06,2.384185791015625e-07
8532,0.0017895698547363281,1.9073486328125e-06,4.76837158203125e-07
8533,0.0028908252716064453,1.6689300537109375e-06,7.152557373046875e-07
8534,0.0027451515197753906,1.6689300537109375e-06,2.384185791015625e-07
8535,0.0023419857025146484,1.9073486328125e-06,2.384185791015625e-07
8536,0.0030295848846435547,2.1457672119140625e-06,2.384185791015625e-07
8537,0.0027282238006591797,1.9073486328125e-06,2.384185791015625e-07
8538,0.002675771713256836,1.9073486328125e-06,2.384185791015625e-07
8539,0.002419710159301758,1.9073486328125e-06,2.384185791015625e-07
8540,0.0016980171203613281,2.384185791015625e-06,4.76837158203125e-07
8541,0.0025742053985595703,1.6689300537109375e-06,2.384185791015625e-07
8542,0.002762317657470703,1.6689300537109375e-06,2.384185791015625e-07
8543,0.0030858516693115234,1.9073486328125e-06,2.384185791015625e-07
8544,0.0022640228271484375,1.6689300537109375e-06,2.384185791015625e-07
8545,0.002483367919921875,1.9073486328125e-06,2.384185791015625e-07
8546,0.0024890899658203125,1.9073486328125e-06,2.384185791015625e-07
8547,0.0015332698822021484,2.1457672119140625e-06,2.384185791015625e-07
8548,0.0021638870239257812,2.1457672119140625e-06,2.384185791015625e-07
8549,0.002353668212890625,2.384185791015625e-06,2.384185791015625e-07
8550,0.002336263656616211,1.9073486328125e-06,2.384185791015625e-07
8551,0.0023953914642333984,1.9073486328125e-06,2.384185791015625e-07
8552,0.002956867218017578,1.9073486328125e-06,2.384185791015625e-07
8553,0.0019276142120361328,2.1457672119140625e-06,4.76837158203125e-07
8554,0.0026416778564453125,2.6226043701171875e-06,2.384185791015625e-07
8555,0.0028486251831054688,2.1457672119140625e-06,2.384185791015625e-07
8556,0.002393007278442383,2.1457672119140625e-06,2.384185791015625e-07
8557,0.0027794837951660156,1.6689300537109375e-06,2.384185791015625e-07
8558,0.002451658248901367,2.1457672119140625e-06,2.384185791015625e-07
8559,0.0027866363525390625,1.9073486328125e-06,4.76837158203125e-07
8560,0.0026607513427734375,1.6689300537109375e-06,4.76837158203125e-07
8561,0.002192974090576172,2.1457672119140625e-06,2.384185791015625e-07
8562,0.0024423599243164062,2.1457672119140625e-06,2.384185791015625e-07
8563,0.002777576446533203,1.6689300537109375e-06,2.384185791015625e-07
8564,0.002288818359375,1.6689300537109375e-06,7.152557373046875e-07
8565,0.002145528793334961,2.1457672119140625e-06,2.384185791015625e-07
8566,0.0029649734497070312,1.6689300537109375e-06,2.384185791015625e-07
8567,0.002454042434692383,1.430511474609375e-06,2.384185791015625e-07
8568,0.002660036087036133,1.9073486328125e-06,2.384185791015625e-07
8569,0.001895904541015625,2.1457672119140625e-06,2.384185791015625e-07
8570,0.002007722854614258,2.1457672119140625e-06,2.384185791015625e-07
8571,0.002805471420288086,1.9073486328125e-06,4.76837158203125e-07
8572,0.0026738643646240234,1.9073486328125e-06,7.152557373046875e-07
8573,0.002872943878173828,1.9073486328125e-06,4.76837158203125e-07
8574,0.002207040786743164,1.9073486328125e-06,2.384185791015625e-07
8575,0.002178668975830078,1.9073486328125e-06,4.76837158203125e-07
8576,0.002836465835571289,1.6689300537109375e-06,2.384185791015625e-07
8577,0.001657724380493164,1.9073486328125e-06,2.384185791015625e-07
8578,0.002527475357055664,1.6689300537109375e-06,4.76837158203125e-07
8579,0.0028014183044433594,1.9073486328125e-06,4.76837158203125e-07
8580,0.0027077198028564453,1.6689300537109375e-06,2.384185791015625e-07
8581,0.0027921199798583984,1.6689300537109375e-06,2.384185791015625e-07
8582,0.0022771358489990234,1.9073486328125e-06,2.384185791015625e-07
8583,0.0031719207763671875,2.384185791015625e-06,4.76837158203125e-07
8584,0.002885103225708008,2.1457672119140625e-06,7.152557373046875e-07
8585,0.003587484359741211,1.9073486328125e-06,2.384185791015625e-07
8586,0.0019457340240478516,2.1457672119140625e-06,2.384185791015625e-07
8587,0.002031087875366211,1.9073486328125e-06,2.384185791015625e-07
8588,0.0031633377075195312,2.1457672119140625e-06,2.384185791015625e-07
8589,0.004021167755126953,2.384185791015625e-06,4.76837158203125e-07
8590,0.0025954246520996094,2.1457672119140625e-06,2.384185791015625e-07
8591,0.002667665481567383,1.6689300537109375e-06,2.384185791015625e-07
8592,0.0016613006591796875,1.6689300537109375e-06,2.384185791015625e-07
8593,0.0032885074615478516,1.9073486328125e-06,7.152557373046875e-07
8594,0.0025467872619628906,1.9073486328125e-06,2.384185791015625e-07
8595,0.002513885498046875,1.6689300537109375e-06,4.76837158203125e-07
8596,0.0016503334045410156,1.6689300537109375e-06,4.76837158203125e-07
8597,0.0023076534271240234,2.384185791015625e-06,2.384185791015625e-07
8598,0.002599000930786133,2.1457672119140625e-06,4.76837158203125e-07
8599,0.002631664276123047,1.9073486328125e-06,2.384185791015625e-07
8600,0.00272369384765625,1.9073486328125e-06,2.384185791015625e-07
8601,0.002127408981323242,1.9073486328125e-06,2.384185791015625e-07
8602,0.0020329952239990234,1.9073486328125e-06,4.76837158203125e-07
8603,0.0020537376403808594,2.1457672119140625e-06,2.384185791015625e-07
8604,0.0025496482849121094,1.6689300537109375e-06,4.76837158203125e-07
8605,0.0021338462829589844,1.6689300537109375e-06,2.384185791015625e-07
8606,0.0019617080688476562,1.6689300537109375e-06,2.384185791015625e-07
8607,0.002810955047607422,1.9073486328125e-06,4.76837158203125e-07
8608,0.0026063919067382812,1.9073486328125e-06,2.384185791015625e-07
8609,0.0018794536590576172,1.6689300537109375e-06,2.384185791015625e-07
8610,0.0022475719451904297,1.9073486328125e-06,2.384185791015625e-07
8611,0.002453327178955078,2.1457672119140625e-06,4.76837158203125e-07
8612,0.0025124549865722656,1.9073486328125e-06,2.384185791015625e-07
8613,0.0028841495513916016,2.1457672119140625e-06,2.384185791015625e-07
8614,0.0020694732666015625,2.1457672119140625e-06,2.384185791015625e-07
8615,0.0018734931945800781,1.9073486328125e-06,4.76837158203125e-07
8616,0.0020856857299804688,2.1457672119140625e-06,2.384185791015625e-07
8617,0.0026733875274658203,1.6689300537109375e-06,4.76837158203125e-07
8618,0.0020918846130371094,1.430511474609375e-06,4.76837158203125e-07
8619,0.0022640228271484375,2.1457672119140625e-06,4.76837158203125e-07
8620,0.0024843215942382812,1.6689300537109375e-06,2.384185791015625e-07
8621,0.002033710479736328,1.9073486328125e-06,2.384185791015625e-07
8622,0.002460479736328125,1.9073486328125e-06,2.384185791015625e-07
8623,0.0022406578063964844,1.6689300537109375e-06,2.384185791015625e-07
8624,0.001934051513671875,2.1457672119140625e-06,2.384185791015625e-07
8625,0.0025022029876708984,1.9073486328125e-06,2.384185791015625e-07
8626,0.0025038719177246094,1.9073486328125e-06,2.384185791015625e-07
8627,0.0024881362915039062,1.6689300537109375e-06,2.384185791015625e-07
8628,0.0016033649444580078,1.6689300537109375e-06,2.384185791015625e-07
8629,0.002605915069580078,2.1457672119140625e-06,7.152557373046875e-07
8630,0.002501964569091797,2.1457672119140625e-06,2.384185791015625e-07
8631,0.0021796226501464844,1.9073486328125e-06,2.384185791015625e-07
8632,0.002797365188598633,2.1457672119140625e-06,4.76837158203125e-07
8633,0.002084493637084961,2.1457672119140625e-06,4.76837158203125e-07
8634,0.0020258426666259766,2.1457672119140625e-06,2.384185791015625e-07
8635,0.0020537376403808594,1.9073486328125e-06,2.384185791015625e-07
8636,0.0022020339965820312,1.9073486328125e-06,2.384185791015625e-07
8637,0.0026650428771972656,1.9073486328125e-06,2.384185791015625e-07
8638,0.0022559165954589844,1.9073486328125e-06,2.384185791015625e-07
8639,0.0017666816711425781,1.9073486328125e-06,4.76837158203125e-07
8640,0.0025718212127685547,1.9073486328125e-06,2.384185791015625e-07
8641,0.001959562301635742,1.9073486328125e-06,4.76837158203125e-07
8642,0.0021407604217529297,2.1457672119140625e-06,2.384185791015625e-07
8643,0.002473592758178711,1.6689300537109375e-06,4.76837158203125e-07
8644,0.0023584365844726562,2.1457672119140625e-06,2.384185791015625e-07
8645,0.0023801326751708984,2.1457672119140625e-06,2.384185791015625e-07
8646,0.002496957778930664,1.9073486328125e-06,2.384185791015625e-07
8647,0.002479076385498047,2.1457672119140625e-06,2.384185791015625e-07
8648,0.0020537376403808594,1.9073486328125e-06,4.76837158203125e-07
8649,0.0017271041870117188,2.1457672119140625e-06,2.384185791015625e-07
8650,0.0018410682678222656,1.9073486328125e-06,2.384185791015625e-07
8651,0.002090930938720703,1.9073486328125e-06,2.384185791015625e-07
8652,0.002276182174682617,2.1457672119140625e-06,2.384185791015625e-07
8653,0.002155780792236328,1.9073486328125e-06,2.384185791015625e-07
8654,0.0022537708282470703,1.9073486328125e-06,2.384185791015625e-07
8655,0.002033710479736328,1.9073486328125e-06,2.384185791015625e-07
8656,0.002125263214111328,1.9073486328125e-06,4.76837158203125e-07
8657,0.0019996166229248047,1.6689300537109375e-06,2.384185791015625e-07
8658,0.003292560577392578,2.1457672119140625e-06,2.384185791015625e-07
8659,0.0017695426940917969,1.6689300537109375e-06,2.384185791015625e-07
8660,0.0016715526580810547,1.9073486328125e-06,2.384185791015625e-07
8661,0.0014808177947998047,1.9073486328125e-06,7.152557373046875e-07
8662,0.0012450218200683594,1.9073486328125e-06,2.384185791015625e-07
8663,0.0012965202331542969,1.9073486328125e-06,4.76837158203125e-07
8664,0.0021202564239501953,1.9073486328125e-06,4.76837158203125e-07
8665,0.002532482147216797,1.9073486328125e-06,4.76837158203125e-07
8666,0.0022466182708740234,2.1457672119140625e-06,2.384185791015625e-07
8667,0.0020978450775146484,1.9073486328125e-06,2.384185791015625e-07
8668,0.0023369789123535156,2.1457672119140625e-06,2.384185791015625e-07
8669,0.0017495155334472656,1.6689300537109375e-06,2.384185791015625e-07
8670,0.002579927444458008,1.6689300537109375e-06,4.76837158203125e-07
8671,0.002593517303466797,1.6689300537109375e-06,4.76837158203125e-07
8672,0.002053976058959961,1.6689300537109375e-06,4.76837158203125e-07
8673,0.0025522708892822266,1.6689300537109375e-06,4.76837158203125e-07
8674,0.0026655197143554688,1.9073486328125e-06,2.384185791015625e-07
8675,0.002030611038208008,2.1457672119140625e-06,7.152557373046875e-07
8676,0.002542734146118164,1.6689300537109375e-06,4.76837158203125e-07
8677,0.0022978782653808594,2.1457672119140625e-06,2.384185791015625e-07
8678,0.002514362335205078,1.9073486328125e-06,4.76837158203125e-07
8679,0.0019598007202148438,1.9073486328125e-06,2.384185791015625e-07
8680,0.0023899078369140625,2.1457672119140625e-06,2.384185791015625e-07
8681,0.0025589466094970703,1.9073486328125e-06,4.76837158203125e-07
8682,0.0023703575134277344,1.9073486328125e-06,9.5367431640625e-07
8683,0.0033617019653320312,1.9073486328125e-06,4.76837158203125e-07
8684,0.0028612613677978516,1.9073486328125e-06,2.384185791015625e-07
8685,0.002852201461791992,1.9073486328125e-06,2.384185791015625e-07
8686,0.001943349838256836,2.1457672119140625e-06,7.152557373046875e-07
8687,0.0027642250061035156,1.9073486328125e-06,2.384185791015625e-07
8688,0.002480030059814453,2.384185791015625e-06,2.384185791015625e-07
8689,0.002775430679321289,2.384185791015625e-06,2.384185791015625e-07
8690,0.0025453567504882812,1.9073486328125e-06,2.384185791015625e-07
8691,0.002730131149291992,1.6689300537109375e-06,4.76837158203125e-07
8692,0.002231121063232422,1.9073486328125e-06,2.384185791015625e-07
8693,0.002279996871948242,1.9073486328125e-06,2.384185791015625e-07
8694,0.002738475799560547,1.9073486328125e-06,2.384185791015625e-07
8695,0.0025818347930908203,1.6689300537109375e-06,2.384185791015625e-07
8696,0.002652406692504883,1.6689300537109375e-06,4.76837158203125e-07
8697,0.0020253658294677734,1.6689300537109375e-06,2.384185791015625e-07
8698,0.0026619434356689453,2.384185791015625e-06,7.152557373046875e-07
8699,0.0026030540466308594,2.1457672119140625e-06,2.384185791015625e-07
8700,0.0024569034576416016,1.9073486328125e-06,2.384185791015625e-07
8701,0.003082752227783203,1.6689300537109375e-06,4.76837158203125e-07
8702,0.0027489662170410156,1.9073486328125e-06,2.384185791015625e-07
8703,0.002083301544189453,1.6689300537109375e-06,2.384185791015625e-07
8704,0.0021064281463623047,1.9073486328125e-06,2.384185791015625e-07
8705,0.0025222301483154297,1.9073486328125e-06,2.384185791015625e-07
8706,0.0024576187133789062,1.9073486328125e-06,2.384185791015625e-07
8707,0.0030803680419921875,1.9073486328125e-06,4.76837158203125e-07
8708,0.0034933090209960938,1.9073486328125e-06,4.76837158203125e-07
8709,0.0025441646575927734,1.9073486328125e-06,7.152557373046875e-07
8710,0.0019419193267822266,1.6689300537109375e-06,2.384185791015625e-07
8711,0.0025234222412109375,1.9073486328125e-06,2.384185791015625e-07
8712,0.0022716522216796875,1.6689300537109375e-06,4.76837158203125e-07
8713,0.0021851062774658203,1.6689300537109375e-06,2.384185791015625e-07
8714,0.0027549266815185547,1.6689300537109375e-06,2.384185791015625e-07
8715,0.0026030540466308594,1.6689300537109375e-06,2.384185791015625e-07
8716,0.002590179443359375,2.1457672119140625e-06,2.384185791015625e-07
8717,0.002893686294555664,1.9073486328125e-06,2.384185791015625e-07
8718,0.002953767776489258,1.9073486328125e-06,2.384185791015625e-07
8719,0.002573728561401367,1.6689300537109375e-06,2.384185791015625e-07
8720,0.0029489994049072266,2.1457672119140625e-06,4.76837158203125e-07
8721,0.0025987625122070312,2.384185791015625e-06,2.384185791015625e-07
8722,0.0030059814453125,2.1457672119140625e-06,2.384185791015625e-07
8723,0.0028853416442871094,2.1457672119140625e-06,2.384185791015625e-07
8724,0.002728700637817383,1.9073486328125e-06,4.76837158203125e-07
8725,0.0023317337036132812,1.6689300537109375e-06,2.384185791015625e-07
8726,0.0023851394653320312,1.6689300537109375e-06,2.384185791015625e-07
8727,0.0024559497833251953,1.6689300537109375e-06,4.76837158203125e-07
8728,0.002576589584350586,2.1457672119140625e-06,7.152557373046875e-07
8729,0.0019969940185546875,1.9073486328125e-06,2.384185791015625e-07
8730,0.002338409423828125,1.9073486328125e-06,2.384185791015625e-07
8731,0.0020384788513183594,2.1457672119140625e-06,2.384185791015625e-07
8732,0.0027556419372558594,1.9073486328125e-06,2.384185791015625e-07
8733,0.00215911865234375,2.1457672119140625e-06,2.384185791015625e-07
8734,0.002596616744995117,1.6689300537109375e-06,4.76837158203125e-07
8735,0.00278472900390625,1.9073486328125e-06,2.384185791015625e-07
8736,0.003068685531616211,1.6689300537109375e-06,2.384185791015625e-07
8737,0.002711772918701172,1.9073486328125e-06,2.384185791015625e-07
8738,0.002538442611694336,1.9073486328125e-06,2.384185791015625e-07
8739,0.0015823841094970703,1.9073486328125e-06,2.384185791015625e-07
8740,0.001985311508178711,2.1457672119140625e-06,2.384185791015625e-07
8741,0.0025331974029541016,1.9073486328125e-06,2.384185791015625e-07
8742,0.0027990341186523438,2.1457672119140625e-06,2.384185791015625e-07
8743,0.0021882057189941406,1.9073486328125e-06,4.76837158203125e-07
8744,0.0023207664489746094,2.1457672119140625e-06,2.384185791015625e-07
8745,0.002112150192260742,1.9073486328125e-06,2.384185791015625e-07
8746,0.002524137496948242,1.9073486328125e-06,2.384185791015625e-07
8747,0.0013871192932128906,1.9073486328125e-06,2.384185791015625e-07
8748,0.002937793731689453,2.1457672119140625e-06,2.384185791015625e-07
8749,0.0020647048950195312,2.1457672119140625e-06,2.384185791015625e-07
8750,0.0023131370544433594,2.384185791015625e-06,4.76837158203125e-07
8751,0.002737760543823242,1.6689300537109375e-06,2.384185791015625e-07
8752,0.0027816295623779297,2.1457672119140625e-06,2.384185791015625e-07
8753,0.002742767333984375,1.6689300537109375e-06,2.384185791015625e-07
8754,0.002447366714477539,1.6689300537109375e-06,2.384185791015625e-07
8755,0.0025184154510498047,1.6689300537109375e-06,2.384185791015625e-07
8756,0.0021800994873046875,1.6689300537109375e-06,4.76837158203125e-07
8757,0.0022394657135009766,1.6689300537109375e-06,2.384185791015625e-07
8758,0.0029413700103759766,1.6689300537109375e-06,4.76837158203125e-07
8759,0.002416372299194336,1.9073486328125e-06,7.152557373046875e-07
8760,0.0026476383209228516,2.6226043701171875e-06,2.384185791015625e-07
8761,0.0022280216217041016,2.1457672119140625e-06,2.384185791015625e-07
8762,0.0021305084228515625,1.9073486328125e-06,2.384185791015625e-07
8763,0.0018613338470458984,1.9073486328125e-06,2.384185791015625e-07
8764,0.003245115280151367,2.1457672119140625e-06,2.384185791015625e-07
8765,0.0025091171264648438,2.1457672119140625e-06,2.384185791015625e-07
8766,0.002822399139404297,1.9073486328125e-06,2.384185791015625e-07
8767,0.0021898746490478516,1.9073486328125e-06,2.384185791015625e-07
8768,0.0022690296173095703,2.1457672119140625e-06,2.384185791015625e-07
8769,0.0022954940795898438,2.1457672119140625e-06,4.76837158203125e-07
8770,0.0019989013671875,1.9073486328125e-06,2.384185791015625e-07
8771,0.0024802684783935547,1.9073486328125e-06,2.384185791015625e-07
8772,0.002288818359375,1.6689300537109375e-06,2.384185791015625e-07
8773,0.0018777847290039062,1.6689300537109375e-06,9.5367431640625e-07
8774,0.002373933792114258,1.6689300537109375e-06,2.384185791015625e-07
8775,0.003872394561767578,1.6689300537109375e-06,7.152557373046875e-07
8776,0.002279996871948242,1.9073486328125e-06,7.152557373046875e-07
8777,0.0027341842651367188,1.6689300537109375e-06,2.384185791015625e-07
8778,0.002242565155029297,1.9073486328125e-06,2.384185791015625e-07
8779,0.0028083324432373047,1.9073486328125e-06,2.384185791015625e-07
8780,0.002663850784301758,2.384185791015625e-06,4.76837158203125e-07
8781,0.0018932819366455078,1.9073486328125e-06,2.384185791015625e-07
8782,0.0018689632415771484,2.1457672119140625e-06,4.76837158203125e-07
8783,0.0027573108673095703,2.1457672119140625e-06,4.76837158203125e-07
8784,0.0018036365509033203,1.9073486328125e-06,4.76837158203125e-07
8785,0.0017726421356201172,1.9073486328125e-06,2.384185791015625e-07
8786,0.002145051956176758,1.9073486328125e-06,2.384185791015625e-07
8787,0.002199888229370117,1.9073486328125e-06,2.384185791015625e-07
8788,0.0020530223846435547,2.1457672119140625e-06,4.76837158203125e-07
8789,0.002492189407348633,1.9073486328125e-06,2.384185791015625e-07
8790,0.0023474693298339844,2.1457672119140625e-06,2.384185791015625e-07
8791,0.0023889541625976562,2.1457672119140625e-06,2.384185791015625e-07
8792,0.002434968948364258,1.9073486328125e-06,2.384185791015625e-07
8793,0.002215147018432617,2.1457672119140625e-06,4.76837158203125e-07
8794,0.0020995140075683594,2.1457672119140625e-06,2.384185791015625e-07
8795,0.002312183380126953,1.6689300537109375e-06,2.384185791015625e-07
8796,0.0022492408752441406,2.1457672119140625e-06,2.384185791015625e-07
8797,0.002409219741821289,2.1457672119140625e-06,2.384185791015625e-07
8798,0.002493619918823242,1.430511474609375e-06,2.384185791015625e-07
8799,0.0027010440826416016,1.9073486328125e-06,2.384185791015625e-07
8800,0.0025773048400878906,1.6689300537109375e-06,2.384185791015625e-07
8801,0.0026335716247558594,1.6689300537109375e-06,4.76837158203125e-07
8802,0.0027170181274414062,1.9073486328125e-06,2.384185791015625e-07
8803,0.002583026885986328,1.6689300537109375e-06,4.76837158203125e-07
8804,0.0025191307067871094,1.9073486328125e-06,2.384185791015625e-07
8805,0.002163410186767578,1.6689300537109375e-06,2.384185791015625e-07
8806,0.0028693675994873047,1.6689300537109375e-06,7.152557373046875e-07
8807,0.002801656723022461,1.9073486328125e-06,2.384185791015625e-07
8808,0.0027010440826416016,1.9073486328125e-06,2.384185791015625e-07
8809,0.0020554065704345703,1.9073486328125e-06,2.384185791015625e-07
8810,0.0018603801727294922,1.6689300537109375e-06,7.152557373046875e-07
8811,0.002089977264404297,1.430511474609375e-06,2.384185791015625e-07
8812,0.002925872802734375,1.9073486328125e-06,2.384185791015625e-07
8813,0.0022950172424316406,1.430511474609375e-06,2.384185791015625e-07
8814,0.002237081527709961,1.6689300537109375e-06,2.384185791015625e-07
8815,0.0023670196533203125,1.6689300537109375e-06,4.76837158203125e-07
8816,0.001470327377319336,1.6689300537109375e-06,2.384185791015625e-07
8817,0.0020160675048828125,1.9073486328125e-06,2.384185791015625e-07
8818,0.002258777618408203,1.6689300537109375e-06,2.384185791015625e-07
8819,0.002688169479370117,1.6689300537109375e-06,2.384185791015625e-07
8820,0.0022759437561035156,1.6689300537109375e-06,2.384185791015625e-07
8821,0.0025365352630615234,1.6689300537109375e-06,0.0
8822,0.001953601837158203,1.6689300537109375e-06,2.384185791015625e-07
8823,0.002562284469604492,1.9073486328125e-06,2.384185791015625e-07
8824,0.0018684864044189453,1.9073486328125e-06,2.384185791015625e-07
8825,0.0027179718017578125,1.6689300537109375e-06,7.152557373046875e-07
8826,0.0024538040161132812,1.6689300537109375e-06,2.384185791015625e-07
8827,0.003350973129272461,1.9073486328125e-06,2.384185791015625e-07
8828,0.002676248550415039,1.9073486328125e-06,2.384185791015625e-07
8829,0.0021893978118896484,2.1457672119140625e-06,2.384185791015625e-07
8830,0.0020356178283691406,2.1457672119140625e-06,2.384185791015625e-07
8831,0.002750873565673828,1.6689300537109375e-06,2.384185791015625e-07
8832,0.002260923385620117,2.1457672119140625e-06,2.384185791015625e-07
8833,0.0028929710388183594,1.9073486328125e-06,2.384185791015625e-07
8834,0.0026099681854248047,1.6689300537109375e-06,2.384185791015625e-07
8835,0.001956939697265625,1.9073486328125e-06,2.384185791015625e-07
8836,0.0025954246520996094,1.9073486328125e-06,2.384185791015625e-07
8837,0.0019197463989257812,2.1457672119140625e-06,2.384185791015625e-07
8838,0.0015964508056640625,2.1457672119140625e-06,2.384185791015625e-07
8839,0.0025680065155029297,1.6689300537109375e-06,4.76837158203125e-07
8840,0.0021393299102783203,1.6689300537109375e-06,4.76837158203125e-07
8841,0.0025081634521484375,1.6689300537109375e-06,4.76837158203125e-07
8842,0.0021054744720458984,2.1457672119140625e-06,2.384185791015625e-07
8843,0.002569913864135742,1.430511474609375e-06,4.76837158203125e-07
8844,0.0028228759765625,1.430511474609375e-06,4.76837158203125e-07
8845,0.002780914306640625,1.6689300537109375e-06,2.384185791015625e-07
8846,0.0017087459564208984,1.6689300537109375e-06,4.76837158203125e-07
8847,0.0022652149200439453,1.6689300537109375e-06,2.384185791015625e-07
8848,0.002281665802001953,1.6689300537109375e-06,4.76837158203125e-07
8849,0.0029449462890625,2.1457672119140625e-06,2.384185791015625e-07
8850,0.0026063919067382812,1.9073486328125e-06,2.384185791015625e-07
8851,0.0025055408477783203,1.9073486328125e-06,2.384185791015625e-07
8852,0.002622842788696289,1.6689300537109375e-06,2.384185791015625e-07
8853,0.0023949146270751953,1.6689300537109375e-06,4.76837158203125e-07
8854,0.002479076385498047,2.1457672119140625e-06,2.384185791015625e-07
8855,0.002127408981323242,1.6689300537109375e-06,2.384185791015625e-07
8856,0.0018999576568603516,1.6689300537109375e-06,4.76837158203125e-07
8857,0.0035669803619384766,1.6689300537109375e-06,2.384185791015625e-07
8858,0.0028057098388671875,1.9073486328125e-06,2.384185791015625e-07
8859,0.002610445022583008,1.6689300537109375e-06,2.384185791015625e-07
8860,0.002153635025024414,1.6689300537109375e-06,2.384185791015625e-07
8861,0.0024945735931396484,1.6689300537109375e-06,2.384185791015625e-07
8862,0.0024046897888183594,1.6689300537109375e-06,2.384185791015625e-07
8863,0.0028259754180908203,1.6689300537109375e-06,2.384185791015625e-07
8864,0.0025453567504882812,1.430511474609375e-06,2.384185791015625e-07
8865,0.006400585174560547,1.9073486328125e-06,2.384185791015625e-07
8866,0.0029120445251464844,2.1457672119140625e-06,2.384185791015625e-07
8867,0.0026693344116210938,1.9073486328125e-06,2.384185791015625e-07
8868,0.0033500194549560547,2.384185791015625e-06,2.384185791015625e-07
8869,0.0028045177459716797,2.1457672119140625e-06,2.384185791015625e-07
8870,0.002952098846435547,1.9073486328125e-06,4.76837158203125e-07
8871,0.0029571056365966797,1.9073486328125e-06,2.384185791015625e-07
8872,0.0023491382598876953,1.9073486328125e-06,4.76837158203125e-07
8873,0.002727508544921875,1.6689300537109375e-06,4.76837158203125e-07
8874,0.003458738327026367,2.1457672119140625e-06,2.384185791015625e-07
8875,0.002953767776489258,1.9073486328125e-06,2.384185791015625e-07
8876,0.0022804737091064453,2.1457672119140625e-06,2.384185791015625e-07
8877,0.0030863285064697266,2.1457672119140625e-06,2.384185791015625e-07
8878,0.002021312713623047,1.9073486328125e-06,2.384185791015625e-07
8879,0.0034067630767822266,1.9073486328125e-06,2.384185791015625e-07
8880,0.002595663070678711,1.9073486328125e-06,2.384185791015625e-07
8881,0.001981973648071289,1.6689300537109375e-06,2.384185791015625e-07
8882,0.0020990371704101562,1.6689300537109375e-06,2.384185791015625e-07
8883,0.002651691436767578,1.6689300537109375e-06,0.0
8884,0.0021295547485351562,1.6689300537109375e-06,2.384185791015625e-07
8885,0.0013167858123779297,1.9073486328125e-06,2.384185791015625e-07
8886,0.0032923221588134766,1.9073486328125e-06,2.384185791015625e-07
8887,0.0029408931732177734,1.9073486328125e-06,4.76837158203125e-07
8888,0.0033316612243652344,1.9073486328125e-06,2.384185791015625e-07
8889,0.0031173229217529297,2.1457672119140625e-06,2.384185791015625e-07
8890,0.002824068069458008,1.9073486328125e-06,2.384185791015625e-07
8891,0.002697467803955078,1.9073486328125e-06,2.384185791015625e-07
8892,0.002858400344848633,2.1457672119140625e-06,2.384185791015625e-07
8893,0.0025522708892822266,1.9073486328125e-06,2.384185791015625e-07
8894,0.003001689910888672,2.1457672119140625e-06,4.76837158203125e-07
8895,0.00231170654296875,1.9073486328125e-06,2.384185791015625e-07
8896,0.002360820770263672,2.1457672119140625e-06,2.384185791015625e-07
8897,0.0025992393493652344,1.9073486328125e-06,2.384185791015625e-07
8898,0.0019643306732177734,2.1457672119140625e-06,2.384185791015625e-07
8899,0.002721071243286133,1.9073486328125e-06,2.384185791015625e-07
8900,0.0028219223022460938,1.9073486328125e-06,4.76837158203125e-07
8901,0.002185344696044922,2.1457672119140625e-06,2.384185791015625e-07
8902,0.002100706100463867,1.9073486328125e-06,2.384185791015625e-07
8903,0.002100706100463867,1.6689300537109375e-06,2.384185791015625e-07
8904,0.002618551254272461,1.9073486328125e-06,2.384185791015625e-07
8905,0.0025072097778320312,1.9073486328125e-06,2.384185791015625e-07
8906,0.0029528141021728516,1.430511474609375e-06,2.384185791015625e-07
8907,0.0023665428161621094,1.9073486328125e-06,2.384185791015625e-07
8908,0.002223968505859375,2.1457672119140625e-06,4.76837158203125e-07
8909,0.002686023712158203,1.6689300537109375e-06,2.384185791015625e-07
8910,0.001756906509399414,1.6689300537109375e-06,4.76837158203125e-07
8911,0.0022537708282470703,1.6689300537109375e-06,2.384185791015625e-07
8912,0.0024404525756835938,1.6689300537109375e-06,4.76837158203125e-07
8913,0.0024166107177734375,1.9073486328125e-06,2.384185791015625e-07
8914,0.0020952224731445312,1.6689300537109375e-06,2.384185791015625e-07
8915,0.0020008087158203125,1.9073486328125e-06,4.76837158203125e-07
8916,0.002650022506713867,1.6689300537109375e-06,4.76837158203125e-07
8917,0.0018515586853027344,1.6689300537109375e-06,2.384185791015625e-07
8918,0.0026078224182128906,1.6689300537109375e-06,2.384185791015625e-07
8919,0.002429962158203125,1.6689300537109375e-06,2.384185791015625e-07
8920,0.002620220184326172,1.9073486328125e-06,4.76837158203125e-07
8921,0.0028460025787353516,1.9073486328125e-06,7.152557373046875e-07
8922,0.0030345916748046875,1.9073486328125e-06,4.76837158203125e-07
8923,0.0026268959045410156,1.6689300537109375e-06,2.384185791015625e-07
8924,0.001890420913696289,2.1457672119140625e-06,2.384185791015625e-07
8925,0.002112865447998047,1.6689300537109375e-06,4.76837158203125e-07
8926,0.002873659133911133,1.9073486328125e-06,2.384185791015625e-07
8927,0.002667665481567383,2.384185791015625e-06,2.384185791015625e-07
8928,0.0025682449340820312,1.6689300537109375e-06,2.384185791015625e-07
8929,0.002374410629272461,2.1457672119140625e-06,4.76837158203125e-07
8930,0.0018970966339111328,2.1457672119140625e-06,2.384185791015625e-07
8931,0.0018315315246582031,1.9073486328125e-06,2.384185791015625e-07
8932,0.0022656917572021484,2.1457672119140625e-06,2.384185791015625e-07
8933,0.002584695816040039,1.9073486328125e-06,2.384185791015625e-07
8934,0.0026209354400634766,2.1457672119140625e-06,2.384185791015625e-07
8935,0.002742767333984375,1.9073486328125e-06,2.384185791015625e-07
8936,0.002240896224975586,1.9073486328125e-06,2.384185791015625e-07
8937,0.0018236637115478516,2.1457672119140625e-06,7.152557373046875e-07
8938,0.0024912357330322266,1.9073486328125e-06,2.384185791015625e-07
8939,0.0017840862274169922,1.9073486328125e-06,2.384185791015625e-07
8940,0.00261688232421875,1.9073486328125e-06,2.384185791015625e-07
8941,0.0025823116302490234,1.6689300537109375e-06,9.5367431640625e-07
8942,0.0025806427001953125,1.9073486328125e-06,2.384185791015625e-07
8943,0.0013813972473144531,1.9073486328125e-06,4.76837158203125e-07
8944,0.0022912025451660156,2.1457672119140625e-06,2.384185791015625e-07
8945,0.002746105194091797,1.9073486328125e-06,2.384185791015625e-07
8946,0.001794576644897461,1.9073486328125e-06,2.384185791015625e-07
8947,0.0017838478088378906,1.6689300537109375e-06,2.384185791015625e-07
8948,0.0015249252319335938,1.6689300537109375e-06,2.384185791015625e-07
8949,0.002339601516723633,1.6689300537109375e-06,2.384185791015625e-07
8950,0.0024394989013671875,1.6689300537109375e-06,2.384185791015625e-07
8951,0.0023453235626220703,1.6689300537109375e-06,2.384185791015625e-07
8952,0.0026497840881347656,1.9073486328125e-06,7.152557373046875e-07
8953,0.002213716506958008,1.6689300537109375e-06,2.384185791015625e-07
8954,0.0017964839935302734,2.1457672119140625e-06,2.384185791015625e-07
8955,0.0021581649780273438,1.6689300537109375e-06,2.384185791015625e-07
8956,0.0028061866760253906,1.6689300537109375e-06,2.384185791015625e-07
8957,0.002811908721923828,2.1457672119140625e-06,2.384185791015625e-07
8958,0.0023229122161865234,1.6689300537109375e-06,4.76837158203125e-07
8959,0.002732992172241211,1.430511474609375e-06,2.384185791015625e-07
8960,0.0030601024627685547,1.9073486328125e-06,2.384185791015625e-07
8961,0.002287149429321289,1.9073486328125e-06,2.384185791015625e-07
8962,0.002892732620239258,1.6689300537109375e-06,7.152557373046875e-07
8963,0.003107309341430664,1.6689300537109375e-06,2.384185791015625e-07
8964,0.002356290817260742,1.9073486328125e-06,2.384185791015625e-07
8965,0.0022001266479492188,1.6689300537109375e-06,2.384185791015625e-07
8966,0.0016624927520751953,1.6689300537109375e-06,2.384185791015625e-07
8967,0.002721071243286133,1.9073486328125e-06,2.384185791015625e-07
8968,0.0021431446075439453,1.6689300537109375e-06,2.384185791015625e-07
8969,0.0034394264221191406,1.9073486328125e-06,2.384185791015625e-07
8970,0.0021708011627197266,1.6689300537109375e-06,2.384185791015625e-07
8971,0.0019283294677734375,1.430511474609375e-06,2.384185791015625e-07
8972,0.00240325927734375,1.9073486328125e-06,2.384185791015625e-07
8973,0.002485513687133789,1.6689300537109375e-06,2.384185791015625e-07
8974,0.002743244171142578,1.6689300537109375e-06,2.384185791015625e-07
8975,0.0023009777069091797,1.9073486328125e-06,2.384185791015625e-07
8976,0.0023386478424072266,1.6689300537109375e-06,2.384185791015625e-07
8977,0.003080129623413086,1.6689300537109375e-06,2.384185791015625e-07
8978,0.002446413040161133,2.1457672119140625e-06,2.384185791015625e-07
8979,0.002589702606201172,1.6689300537109375e-06,4.76837158203125e-07
8980,0.002706766128540039,1.6689300537109375e-06,2.384185791015625e-07
8981,0.002624034881591797,1.6689300537109375e-06,4.76837158203125e-07
8982,0.0025377273559570312,1.6689300537109375e-06,2.384185791015625e-07
8983,0.0023474693298339844,1.6689300537109375e-06,4.76837158203125e-07
8984,0.002395153045654297,1.6689300537109375e-06,7.152557373046875e-07
8985,0.0024390220642089844,2.1457672119140625e-06,2.384185791015625e-07
8986,0.001993417739868164,2.1457672119140625e-06,2.384185791015625e-07
8987,0.0018191337585449219,1.6689300537109375e-06,2.384185791015625e-07
8988,0.0031173229217529297,1.9073486328125e-06,4.76837158203125e-07
8989,0.0026717185974121094,1.9073486328125e-06,4.76837158203125e-07
8990,0.0021085739135742188,1.9073486328125e-06,2.384185791015625e-07
8991,0.002637624740600586,2.1457672119140625e-06,2.384185791015625e-07
8992,0.0019559860229492188,1.9073486328125e-06,4.76837158203125e-07
8993,0.002852916717529297,1.9073486328125e-06,2.384185791015625e-07
8994,0.002712726593017578,2.1457672119140625e-06,2.384185791015625e-07
8995,0.002530813217163086,1.6689300537109375e-06,2.384185791015625e-07
8996,0.0028510093688964844,1.9073486328125e-06,2.384185791015625e-07
8997,0.0021250247955322266,1.9073486328125e-06,7.152557373046875e-07
8998,0.0023009777069091797,1.9073486328125e-06,2.384185791015625e-07
8999,0.002886533737182617,2.384185791015625e-06,4.76837158203125e-07
9000,0.002795696258544922,1.9073486328125e-06,4.76837158203125e-07
9001,0.0019156932830810547,1.9073486328125e-06,7.152557373046875e-07
9002,0.0027124881744384766,1.9073486328125e-06,2.384185791015625e-07
9003,0.0021359920501708984,1.9073486328125e-06,2.384185791015625e-07
9004,0.002683877944946289,1.9073486328125e-06,2.384185791015625e-07
9005,0.0018978118896484375,1.6689300537109375e-06,2.384185791015625e-07
9006,0.0026900768280029297,2.1457672119140625e-06,2.384185791015625e-07
9007,0.0023720264434814453,1.9073486328125e-06,4.76837158203125e-07
9008,0.002249479293823242,1.9073486328125e-06,2.384185791015625e-07
9009,0.002809762954711914,1.9073486328125e-06,2.384185791015625e-07
9010,0.002670764923095703,1.9073486328125e-06,4.76837158203125e-07
9011,0.002590179443359375,2.1457672119140625e-06,2.384185791015625e-07
9012,0.002421855926513672,1.9073486328125e-06,2.384185791015625e-07
9013,0.0025212764739990234,2.1457672119140625e-06,2.384185791015625e-07
9014,0.002224445343017578,1.6689300537109375e-06,4.76837158203125e-07
9015,0.002434968948364258,1.6689300537109375e-06,2.384185791015625e-07
9016,0.002536773681640625,1.9073486328125e-06,4.76837158203125e-07
9017,0.0013604164123535156,2.1457672119140625e-06,4.76837158203125e-07
9018,0.002051115036010742,2.1457672119140625e-06,2.384185791015625e-07
9019,0.002311229705810547,1.9073486328125e-06,2.384185791015625e-07
9020,0.0029685497283935547,1.9073486328125e-06,2.384185791015625e-07
9021,0.002286195755004883,1.9073486328125e-06,2.384185791015625e-07
9022,0.0022156238555908203,2.384185791015625e-06,2.384185791015625e-07
9023,0.0022735595703125,1.9073486328125e-06,2.384185791015625e-07
9024,0.002188444137573242,2.1457672119140625e-06,2.384185791015625e-07
9025,0.0024433135986328125,2.1457672119140625e-06,2.384185791015625e-07
9026,0.0022127628326416016,1.9073486328125e-06,2.384185791015625e-07
9027,0.001888275146484375,1.6689300537109375e-06,2.384185791015625e-07
9028,0.0022962093353271484,1.9073486328125e-06,2.384185791015625e-07
9029,0.002345561981201172,1.430511474609375e-06,2.384185791015625e-07
9030,0.0023877620697021484,1.9073486328125e-06,0.0
9031,0.002359628677368164,1.9073486328125e-06,2.384185791015625e-07
9032,0.0024793148040771484,1.6689300537109375e-06,4.76837158203125e-07
9033,0.002147197723388672,1.9073486328125e-06,2.384185791015625e-07
9034,0.002433300018310547,1.9073486328125e-06,4.76837158203125e-07
9035,0.001970052719116211,2.1457672119140625e-06,2.384185791015625e-07
9036,0.0024089813232421875,1.6689300537109375e-06,2.384185791015625e-07
9037,0.0023467540740966797,1.6689300537109375e-06,2.384185791015625e-07
9038,0.0023102760314941406,1.6689300537109375e-06,2.384185791015625e-07
9039,0.0019626617431640625,1.9073486328125e-06,2.384185791015625e-07
9040,0.002138853073120117,1.9073486328125e-06,2.384185791015625e-07
9041,0.002347230911254883,1.9073486328125e-06,2.384185791015625e-07
9042,0.0020952224731445312,1.9073486328125e-06,4.76837158203125e-07
9043,0.0019414424896240234,1.9073486328125e-06,2.384185791015625e-07
9044,0.0025076866149902344,2.1457672119140625e-06,2.384185791015625e-07
9045,0.0024971961975097656,1.9073486328125e-06,2.384185791015625e-07
9046,0.0018353462219238281,1.9073486328125e-06,2.384185791015625e-07
9047,0.002369403839111328,1.9073486328125e-06,4.76837158203125e-07
9048,0.002111673355102539,1.9073486328125e-06,2.384185791015625e-07
9049,0.002233743667602539,1.9073486328125e-06,4.76837158203125e-07
9050,0.002550840377807617,1.9073486328125e-06,2.384185791015625e-07
9051,0.0019443035125732422,1.9073486328125e-06,4.76837158203125e-07
9052,0.0024547576904296875,1.9073486328125e-06,2.384185791015625e-07
9053,0.0021152496337890625,1.9073486328125e-06,2.384185791015625e-07
9054,0.0027472972869873047,1.9073486328125e-06,4.76837158203125e-07
9055,0.002719402313232422,2.1457672119140625e-06,2.384185791015625e-07
9056,0.0023169517517089844,1.9073486328125e-06,2.384185791015625e-07
9057,0.0021970272064208984,1.9073486328125e-06,4.76837158203125e-07
9058,0.0022156238555908203,1.9073486328125e-06,2.384185791015625e-07
9059,0.0021860599517822266,1.9073486328125e-06,2.384185791015625e-07
9060,0.002314329147338867,1.9073486328125e-06,4.76837158203125e-07
9061,0.0021474361419677734,1.9073486328125e-06,2.384185791015625e-07
9062,0.002583026885986328,1.6689300537109375e-06,2.384185791015625e-07
9063,0.002108335494995117,2.384185791015625e-06,7.152557373046875e-07
9064,0.0024526119232177734,1.6689300537109375e-06,2.384185791015625e-07
9065,0.002010822296142578,2.1457672119140625e-06,2.384185791015625e-07
9066,0.0019795894622802734,2.1457672119140625e-06,2.384185791015625e-07
9067,0.002247333526611328,1.9073486328125e-06,2.384185791015625e-07
9068,0.0022459030151367188,2.1457672119140625e-06,2.384185791015625e-07
9069,0.002199411392211914,1.9073486328125e-06,2.384185791015625e-07
9070,0.002476930618286133,2.1457672119140625e-06,2.384185791015625e-07
9071,0.002617359161376953,1.9073486328125e-06,2.384185791015625e-07
9072,0.001680135726928711,1.6689300537109375e-06,7.152557373046875e-07
9073,0.0020821094512939453,1.9073486328125e-06,2.384185791015625e-07
9074,0.0018990039825439453,2.1457672119140625e-06,2.384185791015625e-07
9075,0.002170562744140625,2.1457672119140625e-06,2.384185791015625e-07
9076,0.002084970474243164,2.86102294921875e-06,7.152557373046875e-07
9077,0.001861572265625,1.9073486328125e-06,2.384185791015625e-07
9078,0.0017786026000976562,1.6689300537109375e-06,4.76837158203125e-07
9079,0.0025212764739990234,1.6689300537109375e-06,2.384185791015625e-07
9080,0.0026018619537353516,1.6689300537109375e-06,4.76837158203125e-07
9081,0.0024802684783935547,2.1457672119140625e-06,4.76837158203125e-07
9082,0.0020971298217773438,1.6689300537109375e-06,2.384185791015625e-07
9083,0.002112865447998047,1.6689300537109375e-06,2.384185791015625e-07
9084,0.0022335052490234375,1.9073486328125e-06,2.384185791015625e-07
9085,0.0017156600952148438,1.9073486328125e-06,2.384185791015625e-07
9086,0.0021514892578125,1.9073486328125e-06,2.384185791015625e-07
9087,0.0028045177459716797,1.9073486328125e-06,2.384185791015625e-07
9088,0.002487659454345703,1.9073486328125e-06,4.76837158203125e-07
9089,0.0021851062774658203,1.9073486328125e-06,2.384185791015625e-07
9090,0.0029060840606689453,1.9073486328125e-06,2.384185791015625e-07
9091,0.0017824172973632812,2.384185791015625e-06,2.384185791015625e-07
9092,0.0021903514862060547,2.1457672119140625e-06,2.384185791015625e-07
9093,0.0022678375244140625,1.9073486328125e-06,2.384185791015625e-07
9094,0.004102230072021484,1.9073486328125e-06,2.384185791015625e-07
9095,0.002497434616088867,1.9073486328125e-06,4.76837158203125e-07
9096,0.0027675628662109375,1.9073486328125e-06,2.384185791015625e-07
9097,0.002742767333984375,1.9073486328125e-06,2.384185791015625e-07
9098,0.0033223628997802734,1.6689300537109375e-06,2.384185791015625e-07
9099,0.002521038055419922,1.9073486328125e-06,2.384185791015625e-07
9100,0.002736330032348633,2.384185791015625e-06,2.384185791015625e-07
9101,0.002371072769165039,2.1457672119140625e-06,4.76837158203125e-07
9102,0.002301931381225586,1.9073486328125e-06,4.76837158203125e-07
9103,0.002480745315551758,1.9073486328125e-06,2.384185791015625e-07
9104,0.0026845932006835938,2.1457672119140625e-06,2.384185791015625e-07
9105,0.001600503921508789,1.9073486328125e-06,4.76837158203125e-07
9106,0.0025756359100341797,1.9073486328125e-06,4.76837158203125e-07
9107,0.002325773239135742,1.9073486328125e-06,4.76837158203125e-07
9108,0.0023238658905029297,1.9073486328125e-06,2.384185791015625e-07
9109,0.0024001598358154297,1.9073486328125e-06,2.384185791015625e-07
9110,0.001455545425415039,1.9073486328125e-06,4.76837158203125e-07
9111,0.0017502307891845703,2.384185791015625e-06,4.76837158203125e-07
9112,0.0025186538696289062,1.9073486328125e-06,2.384185791015625e-07
9113,0.0019404888153076172,2.1457672119140625e-06,2.384185791015625e-07
9114,0.0027239322662353516,1.9073486328125e-06,2.384185791015625e-07
9115,0.0023093223571777344,1.6689300537109375e-06,2.384185791015625e-07
9116,0.002454519271850586,2.1457672119140625e-06,4.76837158203125e-07
9117,0.0023636817932128906,1.9073486328125e-06,2.384185791015625e-07
9118,0.0021467208862304688,1.9073486328125e-06,2.384185791015625e-07
9119,0.002012014389038086,1.9073486328125e-06,2.384185791015625e-07
9120,0.002529144287109375,2.1457672119140625e-06,4.76837158203125e-07
9121,0.0022172927856445312,1.9073486328125e-06,2.384185791015625e-07
9122,0.0027344226837158203,2.1457672119140625e-06,2.384185791015625e-07
9123,0.003152132034301758,1.6689300537109375e-06,2.384185791015625e-07
9124,0.0025010108947753906,2.1457672119140625e-06,4.76837158203125e-07
9125,0.002441883087158203,1.9073486328125e-06,9.5367431640625e-07
9126,0.00299835205078125,2.1457672119140625e-06,2.384185791015625e-07
9127,0.00205230712890625,2.1457672119140625e-06,2.384185791015625e-07
9128,0.003079652786254883,1.430511474609375e-06,2.384185791015625e-07
9129,0.002759218215942383,1.9073486328125e-06,2.384185791015625e-07
9130,0.002260923385620117,2.1457672119140625e-06,4.76837158203125e-07
9131,0.0018231868743896484,2.1457672119140625e-06,4.76837158203125e-07
9132,0.0027790069580078125,1.9073486328125e-06,4.76837158203125e-07
9133,0.0022804737091064453,1.6689300537109375e-06,2.384185791015625e-07
9134,0.002365589141845703,2.6226043701171875e-06,2.384185791015625e-07
9135,0.002604961395263672,1.6689300537109375e-06,4.76837158203125e-07
9136,0.0022974014282226562,1.9073486328125e-06,2.384185791015625e-07
9137,0.0025413036346435547,2.1457672119140625e-06,2.384185791015625e-07
9138,0.001809835433959961,1.6689300537109375e-06,2.384185791015625e-07
9139,0.002388477325439453,1.430511474609375e-06,2.384185791015625e-07
9140,0.0033588409423828125,1.6689300537109375e-06,2.384185791015625e-07
9141,0.002405405044555664,1.6689300537109375e-06,2.384185791015625e-07
9142,0.0025358200073242188,1.6689300537109375e-06,4.76837158203125e-07
9143,0.0020961761474609375,1.9073486328125e-06,4.76837158203125e-07
9144,0.002625703811645508,1.6689300537109375e-06,2.384185791015625e-07
9145,0.0026988983154296875,1.6689300537109375e-06,2.384185791015625e-07
9146,0.002839803695678711,1.9073486328125e-06,4.76837158203125e-07
9147,0.002295970916748047,1.6689300537109375e-06,2.384185791015625e-07
9148,0.0022687911987304688,1.9073486328125e-06,2.384185791015625e-07
9149,0.002778291702270508,1.6689300537109375e-06,2.384185791015625e-07
9150,0.0034105777740478516,1.6689300537109375e-06,4.76837158203125e-07
9151,0.002056121826171875,1.6689300537109375e-06,2.384185791015625e-07
9152,0.0025796890258789062,1.6689300537109375e-06,2.384185791015625e-07
9153,0.002064228057861328,1.6689300537109375e-06,4.76837158203125e-07
9154,0.0027718544006347656,1.9073486328125e-06,2.384185791015625e-07
9155,0.0025839805603027344,1.6689300537109375e-06,4.76837158203125e-07
9156,0.0025081634521484375,1.430511474609375e-06,4.76837158203125e-07
9157,0.0027475357055664062,1.6689300537109375e-06,4.76837158203125e-07
9158,0.002089977264404297,1.6689300537109375e-06,2.384185791015625e-07
9159,0.002535581588745117,1.6689300537109375e-06,2.384185791015625e-07
9160,0.0018963813781738281,1.9073486328125e-06,4.76837158203125e-07
9161,0.0027322769165039062,2.1457672119140625e-06,2.384185791015625e-07
9162,0.002349376678466797,1.9073486328125e-06,2.384185791015625e-07
9163,0.0023076534271240234,1.9073486328125e-06,2.384185791015625e-07
9164,0.0026731491088867188,2.1457672119140625e-06,2.384185791015625e-07
9165,0.0019969940185546875,2.1457672119140625e-06,2.384185791015625e-07
9166,0.002474069595336914,1.9073486328125e-06,2.384185791015625e-07
9167,0.0024230480194091797,1.9073486328125e-06,2.384185791015625e-07
9168,0.002277374267578125,2.1457672119140625e-06,2.384185791015625e-07
9169,0.0029554367065429688,1.9073486328125e-06,2.384185791015625e-07
9170,0.0027227401733398438,1.9073486328125e-06,2.384185791015625e-07
9171,0.002373218536376953,2.1457672119140625e-06,4.76837158203125e-07
9172,0.002062082290649414,2.1457672119140625e-06,2.384185791015625e-07
9173,0.002321481704711914,1.9073486328125e-06,2.384185791015625e-07
9174,0.0023229122161865234,1.9073486328125e-06,4.76837158203125e-07
9175,0.0028967857360839844,1.9073486328125e-06,2.384185791015625e-07
9176,0.0024678707122802734,1.9073486328125e-06,2.384185791015625e-07
9177,0.0022706985473632812,2.1457672119140625e-06,2.384185791015625e-07
9178,0.0025262832641601562,1.9073486328125e-06,2.384185791015625e-07
9179,0.0026459693908691406,1.9073486328125e-06,2.384185791015625e-07
9180,0.0021982192993164062,1.9073486328125e-06,4.76837158203125e-07
9181,0.0027713775634765625,1.9073486328125e-06,2.384185791015625e-07
9182,0.0023937225341796875,2.1457672119140625e-06,2.384185791015625e-07
9183,0.0021169185638427734,2.1457672119140625e-06,4.76837158203125e-07
9184,0.002721071243286133,1.6689300537109375e-06,4.76837158203125e-07
9185,0.0027086734771728516,2.1457672119140625e-06,7.152557373046875e-07
9186,0.0026633739471435547,1.9073486328125e-06,2.384185791015625e-07
9187,0.0027091503143310547,1.9073486328125e-06,2.384185791015625e-07
9188,0.0022552013397216797,1.9073486328125e-06,2.384185791015625e-07
9189,0.0031757354736328125,1.6689300537109375e-06,2.384185791015625e-07
9190,0.0020961761474609375,1.6689300537109375e-06,2.384185791015625e-07
9191,0.002560138702392578,2.1457672119140625e-06,2.384185791015625e-07
9192,0.0022170543670654297,1.9073486328125e-06,4.76837158203125e-07
9193,0.0018527507781982422,1.6689300537109375e-06,7.152557373046875e-07
9194,0.0015001296997070312,1.9073486328125e-06,2.384185791015625e-07
9195,0.002385377883911133,1.6689300537109375e-06,2.384185791015625e-07
9196,0.0027005672454833984,1.6689300537109375e-06,2.384185791015625e-07
9197,0.002685070037841797,1.9073486328125e-06,2.384185791015625e-07
9198,0.003087282180786133,1.9073486328125e-06,2.384185791015625e-07
9199,0.0023605823516845703,1.430511474609375e-06,2.384185791015625e-07
9200,0.002172708511352539,2.6226043701171875e-06,4.76837158203125e-07
9201,0.0027577877044677734,1.9073486328125e-06,2.384185791015625e-07
9202,0.002259492874145508,1.9073486328125e-06,2.384185791015625e-07
9203,0.0028200149536132812,1.9073486328125e-06,2.384185791015625e-07
9204,0.0020666122436523438,1.9073486328125e-06,2.384185791015625e-07
9205,0.0024576187133789062,1.9073486328125e-06,4.76837158203125e-07
9206,0.0018296241760253906,2.1457672119140625e-06,2.384185791015625e-07
9207,0.0019943714141845703,2.1457672119140625e-06,2.384185791015625e-07
9208,0.002417325973510742,1.9073486328125e-06,2.384185791015625e-07
9209,0.00244903564453125,1.9073486328125e-06,2.384185791015625e-07
9210,0.002722501754760742,1.9073486328125e-06,2.384185791015625e-07
9211,0.0024046897888183594,1.9073486328125e-06,2.384185791015625e-07
9212,0.0021996498107910156,1.9073486328125e-06,2.384185791015625e-07
9213,0.002640962600708008,1.9073486328125e-06,4.76837158203125e-07
9214,0.002332448959350586,1.9073486328125e-06,2.384185791015625e-07
9215,0.0026335716247558594,2.1457672119140625e-06,4.76837158203125e-07
9216,0.0024688243865966797,1.9073486328125e-06,4.76837158203125e-07
9217,0.0029196739196777344,1.9073486328125e-06,2.384185791015625e-07
9218,0.0021011829376220703,1.9073486328125e-06,2.384185791015625e-07
9219,0.0024764537811279297,2.1457672119140625e-06,4.76837158203125e-07
9220,0.0027763843536376953,1.9073486328125e-06,2.384185791015625e-07
9221,0.0031659603118896484,2.1457672119140625e-06,2.384185791015625e-07
9222,0.003356456756591797,2.1457672119140625e-06,2.384185791015625e-07
9223,0.0027704238891601562,2.1457672119140625e-06,2.384185791015625e-07
9224,0.0022077560424804688,1.9073486328125e-06,4.76837158203125e-07
9225,0.002216339111328125,2.384185791015625e-06,2.384185791015625e-07
9226,0.0025904178619384766,1.6689300537109375e-06,7.152557373046875e-07
9227,0.0025396347045898438,1.6689300537109375e-06,2.384185791015625e-07
9228,0.0028913021087646484,1.6689300537109375e-06,2.384185791015625e-07
9229,0.0028722286224365234,2.1457672119140625e-06,2.384185791015625e-07
9230,0.0022830963134765625,1.6689300537109375e-06,2.384185791015625e-07
9231,0.0028581619262695312,1.6689300537109375e-06,4.76837158203125e-07
9232,0.0020596981048583984,1.9073486328125e-06,4.76837158203125e-07
9233,0.002062082290649414,1.9073486328125e-06,2.384185791015625e-07
9234,0.0025811195373535156,1.6689300537109375e-06,2.384185791015625e-07
9235,0.002690553665161133,2.384185791015625e-06,4.76837158203125e-07
9236,0.0026655197143554688,1.9073486328125e-06,2.384185791015625e-07
9237,0.0027954578399658203,1.6689300537109375e-06,2.384185791015625e-07
9238,0.002812623977661133,2.1457672119140625e-06,2.384185791015625e-07
9239,0.0020139217376708984,1.9073486328125e-06,4.76837158203125e-07
9240,0.001981496810913086,1.6689300537109375e-06,2.384185791015625e-07
9241,0.0028731822967529297,1.6689300537109375e-06,4.76837158203125e-07
9242,0.0026369094848632812,1.9073486328125e-06,2.384185791015625e-07
9243,0.00262451171875,2.6226043701171875e-06,4.76837158203125e-07
9244,0.0017170906066894531,1.9073486328125e-06,2.384185791015625e-07
9245,0.0019953250885009766,2.1457672119140625e-06,2.384185791015625e-07
9246,0.002562284469604492,1.9073486328125e-06,2.384185791015625e-07
9247,0.0028181076049804688,1.9073486328125e-06,2.384185791015625e-07
9248,0.0018315315246582031,1.9073486328125e-06,4.76837158203125e-07
9249,0.0028023719787597656,2.1457672119140625e-06,2.384185791015625e-07
9250,0.0028371810913085938,2.1457672119140625e-06,4.76837158203125e-07
9251,0.0022957324981689453,1.6689300537109375e-06,2.384185791015625e-07
9252,0.002131223678588867,1.6689300537109375e-06,2.384185791015625e-07
9253,0.002585887908935547,1.9073486328125e-06,7.152557373046875e-07
9254,0.0017805099487304688,2.384185791015625e-06,2.384185791015625e-07
9255,0.002937793731689453,1.9073486328125e-06,4.76837158203125e-07
9256,0.002808094024658203,1.9073486328125e-06,2.384185791015625e-07
9257,0.0027353763580322266,2.384185791015625e-06,2.384185791015625e-07
9258,0.0022449493408203125,2.6226043701171875e-06,2.384185791015625e-07
9259,0.002537250518798828,1.9073486328125e-06,4.76837158203125e-07
9260,0.002955913543701172,2.6226043701171875e-06,2.384185791015625e-07
9261,0.002292156219482422,1.6689300537109375e-06,2.384185791015625e-07
9262,0.003297567367553711,2.384185791015625e-06,2.384185791015625e-07
9263,0.002385377883911133,2.1457672119140625e-06,2.384185791015625e-07
9264,0.002043485641479492,2.1457672119140625e-06,2.384185791015625e-07
9265,0.0016431808471679688,2.1457672119140625e-06,2.384185791015625e-07
9266,0.0021309852600097656,2.1457672119140625e-06,2.384185791015625e-07
9267,0.0026857852935791016,2.384185791015625e-06,2.384185791015625e-07
9268,0.002193927764892578,2.1457672119140625e-06,2.384185791015625e-07
9269,0.0026581287384033203,2.6226043701171875e-06,2.384185791015625e-07
9270,0.002895832061767578,1.6689300537109375e-06,2.384185791015625e-07
9271,0.002321481704711914,1.6689300537109375e-06,2.384185791015625e-07
9272,0.0021004676818847656,2.6226043701171875e-06,2.384185791015625e-07
9273,0.002157449722290039,2.1457672119140625e-06,2.384185791015625e-07
9274,0.0027785301208496094,2.1457672119140625e-06,2.384185791015625e-07
9275,0.002229452133178711,1.9073486328125e-06,2.384185791015625e-07
9276,0.0029273033142089844,2.384185791015625e-06,2.384185791015625e-07
9277,0.002521038055419922,2.1457672119140625e-06,4.76837158203125e-07
9278,0.002428293228149414,1.9073486328125e-06,2.384185791015625e-07
9279,0.0026938915252685547,2.384185791015625e-06,2.384185791015625e-07
9280,0.0023584365844726562,1.9073486328125e-06,2.384185791015625e-07
9281,0.0024094581604003906,1.6689300537109375e-06,2.384185791015625e-07
9282,0.0020809173583984375,2.1457672119140625e-06,2.384185791015625e-07
9283,0.0027043819427490234,2.1457672119140625e-06,2.384185791015625e-07
9284,0.002579212188720703,1.9073486328125e-06,7.152557373046875e-07
9285,0.002716541290283203,2.384185791015625e-06,4.76837158203125e-07
9286,0.0021483898162841797,1.9073486328125e-06,4.76837158203125e-07
9287,0.0024383068084716797,2.1457672119140625e-06,4.76837158203125e-07
9288,0.0028078556060791016,2.384185791015625e-06,2.384185791015625e-07
9289,0.002762317657470703,1.6689300537109375e-06,2.384185791015625e-07
9290,0.0018382072448730469,2.384185791015625e-06,7.152557373046875e-07
9291,0.0026369094848632812,1.9073486328125e-06,4.76837158203125e-07
9292,0.002389669418334961,2.384185791015625e-06,2.384185791015625e-07
9293,0.0020723342895507812,2.384185791015625e-06,2.384185791015625e-07
9294,0.002491474151611328,1.430511474609375e-06,2.384185791015625e-07
9295,0.0025839805603027344,1.6689300537109375e-06,4.76837158203125e-07
9296,0.002667665481567383,1.6689300537109375e-06,2.384185791015625e-07
9297,0.0018639564514160156,1.9073486328125e-06,2.384185791015625e-07
9298,0.002233266830444336,2.1457672119140625e-06,4.76837158203125e-07
9299,0.0019519329071044922,2.384185791015625e-06,2.384185791015625e-07
9300,0.0020432472229003906,1.9073486328125e-06,2.384185791015625e-07
9301,0.0021712779998779297,1.9073486328125e-06,2.384185791015625e-07
9302,0.002409219741821289,1.9073486328125e-06,2.384185791015625e-07
9303,0.0024063587188720703,1.9073486328125e-06,2.384185791015625e-07
9304,0.0031876564025878906,1.9073486328125e-06,4.76837158203125e-07
9305,0.002576112747192383,2.1457672119140625e-06,2.384185791015625e-07
9306,0.002713918685913086,1.6689300537109375e-06,2.384185791015625e-07
9307,0.002129793167114258,2.384185791015625e-06,2.384185791015625e-07
9308,0.002573728561401367,2.1457672119140625e-06,2.384185791015625e-07
9309,0.002666473388671875,2.384185791015625e-06,7.152557373046875e-07
9310,0.002061605453491211,2.1457672119140625e-06,9.5367431640625e-07
9311,0.002233266830444336,1.9073486328125e-06,2.384185791015625e-07
9312,0.002264738082885742,1.9073486328125e-06,2.384185791015625e-07
9313,0.002344369888305664,2.1457672119140625e-06,7.152557373046875e-07
9314,0.002883434295654297,2.1457672119140625e-06,2.384185791015625e-07
9315,0.0033156871795654297,1.6689300537109375e-06,2.384185791015625e-07
9316,0.002095460891723633,1.9073486328125e-06,2.384185791015625e-07
9317,0.0023431777954101562,1.6689300537109375e-06,4.76837158203125e-07
9318,0.0022029876708984375,2.1457672119140625e-06,2.384185791015625e-07
9319,0.002769947052001953,1.9073486328125e-06,2.384185791015625e-07
9320,0.0017435550689697266,1.9073486328125e-06,2.384185791015625e-07
9321,0.0021681785583496094,1.6689300537109375e-06,2.384185791015625e-07
9322,0.0024368762969970703,1.9073486328125e-06,4.76837158203125e-07
9323,0.002650022506713867,2.1457672119140625e-06,4.76837158203125e-07
9324,0.0022974014282226562,1.9073486328125e-06,2.384185791015625e-07
9325,0.0029604434967041016,1.9073486328125e-06,2.384185791015625e-07
9326,0.00182342529296875,1.9073486328125e-06,4.76837158203125e-07
9327,0.0020809173583984375,2.1457672119140625e-06,2.384185791015625e-07
9328,0.002237558364868164,2.1457672119140625e-06,2.384185791015625e-07
9329,0.0023119449615478516,1.6689300537109375e-06,4.76837158203125e-07
9330,0.001636505126953125,2.1457672119140625e-06,2.384185791015625e-07
9331,0.0025403499603271484,2.1457672119140625e-06,2.384185791015625e-07
9332,0.0025787353515625,1.9073486328125e-06,4.76837158203125e-07
9333,0.002359151840209961,1.9073486328125e-06,2.384185791015625e-07
9334,0.0017390251159667969,2.1457672119140625e-06,2.384185791015625e-07
9335,0.0019366741180419922,2.1457672119140625e-06,2.384185791015625e-07
9336,0.0023314952850341797,2.1457672119140625e-06,2.384185791015625e-07
9337,0.0022346973419189453,1.9073486328125e-06,2.384185791015625e-07
9338,0.0020568370819091797,1.9073486328125e-06,2.384185791015625e-07
9339,0.0021941661834716797,1.6689300537109375e-06,2.384185791015625e-07
9340,0.0019366741180419922,2.1457672119140625e-06,1.049041748046875e-05
9341,0.0020918846130371094,2.1457672119140625e-06,4.76837158203125e-07
9342,0.002289295196533203,2.384185791015625e-06,2.384185791015625e-07
9343,0.0019457340240478516,1.6689300537109375e-06,7.152557373046875e-07
9344,0.0024118423461914062,1.9073486328125e-06,2.384185791015625e-07
9345,0.0024156570434570312,1.6689300537109375e-06,4.76837158203125e-07
9346,0.002749204635620117,1.9073486328125e-06,2.384185791015625e-07
9347,0.0020432472229003906,2.1457672119140625e-06,4.76837158203125e-07
9348,0.0028760433197021484,2.384185791015625e-06,2.384185791015625e-07
9349,0.001653432846069336,2.1457672119140625e-06,4.76837158203125e-07
9350,0.0022492408752441406,2.384185791015625e-06,4.76837158203125e-07
9351,0.002387523651123047,2.1457672119140625e-06,2.384185791015625e-07
9352,0.0021719932556152344,2.384185791015625e-06,2.384185791015625e-07
9353,0.001964569091796875,2.86102294921875e-06,2.384185791015625e-07
9354,0.0022208690643310547,2.384185791015625e-06,2.384185791015625e-07
9355,0.0020914077758789062,2.384185791015625e-06,2.384185791015625e-07
9356,0.0022852420806884766,1.6689300537109375e-06,2.384185791015625e-07
9357,0.0028977394104003906,1.9073486328125e-06,2.384185791015625e-07
9358,0.002290010452270508,2.1457672119140625e-06,2.384185791015625e-07
9359,0.0019507408142089844,2.6226043701171875e-06,2.384185791015625e-07
9360,0.002308368682861328,1.9073486328125e-06,2.384185791015625e-07
9361,0.002344369888305664,1.9073486328125e-06,4.76837158203125e-07
9362,0.0018286705017089844,2.1457672119140625e-06,4.76837158203125e-07
9363,0.0017168521881103516,2.1457672119140625e-06,2.384185791015625e-07
9364,0.0023250579833984375,2.1457672119140625e-06,4.76837158203125e-07
9365,0.0023183822631835938,1.9073486328125e-06,2.384185791015625e-07
9366,0.0023393630981445312,2.384185791015625e-06,2.384185791015625e-07
9367,0.0020389556884765625,1.9073486328125e-06,2.384185791015625e-07
9368,0.0018520355224609375,2.1457672119140625e-06,4.76837158203125e-07
9369,0.0023305416107177734,1.9073486328125e-06,4.76837158203125e-07
9370,0.002500295639038086,2.1457672119140625e-06,7.152557373046875e-07
9371,0.002799510955810547,1.9073486328125e-06,2.384185791015625e-07
9372,0.0025582313537597656,1.9073486328125e-06,2.384185791015625e-07
9373,0.0022776126861572266,2.384185791015625e-06,4.76837158203125e-07
9374,0.0021889209747314453,2.1457672119140625e-06,2.384185791015625e-07
9375,0.0030853748321533203,2.1457672119140625e-06,2.384185791015625e-07
9376,0.002296924591064453,2.384185791015625e-06,2.384185791015625e-07
9377,0.0021369457244873047,1.9073486328125e-06,2.384185791015625e-07
9378,0.002799510955810547,1.9073486328125e-06,4.76837158203125e-07
9379,0.0025048255920410156,2.384185791015625e-06,2.384185791015625e-07
9380,0.002499818801879883,2.1457672119140625e-06,2.384185791015625e-07
9381,0.002109050750732422,1.9073486328125e-06,2.384185791015625e-07
9382,0.0018625259399414062,1.9073486328125e-06,2.384185791015625e-07
9383,0.0026557445526123047,1.6689300537109375e-06,4.76837158203125e-07
9384,0.0028345584869384766,1.9073486328125e-06,2.384185791015625e-07
9385,0.0026733875274658203,2.1457672119140625e-06,4.76837158203125e-07
9386,0.0034570693969726562,2.1457672119140625e-06,2.384185791015625e-07
9387,0.0024759769439697266,2.384185791015625e-06,2.384185791015625e-07
9388,0.002965688705444336,2.86102294921875e-06,4.76837158203125e-07
9389,0.0023071765899658203,1.9073486328125e-06,4.76837158203125e-07
9390,0.00211334228515625,1.6689300537109375e-06,2.384185791015625e-07
9391,0.003132343292236328,2.1457672119140625e-06,2.384185791015625e-07
9392,0.002136707305908203,2.1457672119140625e-06,2.384185791015625e-07
9393,0.0022454261779785156,1.6689300537109375e-06,2.384185791015625e-07
9394,0.0019385814666748047,1.9073486328125e-06,2.384185791015625e-07
9395,0.0020170211791992188,1.9073486328125e-06,4.76837158203125e-07
9396,0.002217531204223633,1.9073486328125e-06,4.76837158203125e-07
9397,0.0021142959594726562,1.6689300537109375e-06,2.384185791015625e-07
9398,0.00246429443359375,1.6689300537109375e-06,2.384185791015625e-07
9399,0.0030608177185058594,1.6689300537109375e-06,2.384185791015625e-07
9400,0.0025506019592285156,1.9073486328125e-06,4.76837158203125e-07
9401,0.002546072006225586,2.1457672119140625e-06,2.384185791015625e-07
9402,0.0019481182098388672,2.1457672119140625e-06,2.384185791015625e-07
9403,0.002460479736328125,2.1457672119140625e-06,4.76837158203125e-07
9404,0.002521514892578125,2.1457672119140625e-06,2.384185791015625e-07
9405,0.0024178028106689453,2.384185791015625e-06,4.76837158203125e-07
9406,0.003052949905395508,1.9073486328125e-06,2.384185791015625e-07
9407,0.0022356510162353516,1.9073486328125e-06,2.384185791015625e-07
9408,0.0025391578674316406,1.9073486328125e-06,2.384185791015625e-07
9409,0.0023751258850097656,1.9073486328125e-06,2.384185791015625e-07
9410,0.0027832984924316406,1.9073486328125e-06,2.384185791015625e-07
9411,0.002825498580932617,2.384185791015625e-06,2.384185791015625e-07
9412,0.0020754337310791016,2.384185791015625e-06,2.384185791015625e-07
9413,0.002600431442260742,2.86102294921875e-06,2.384185791015625e-07
9414,0.0037462711334228516,2.6226043701171875e-06,2.384185791015625e-07
9415,0.0023987293243408203,2.1457672119140625e-06,2.384185791015625e-07
9416,0.002385854721069336,1.9073486328125e-06,9.5367431640625e-07
9417,0.0023882389068603516,1.9073486328125e-06,2.384185791015625e-07
9418,0.002351522445678711,2.1457672119140625e-06,2.384185791015625e-07
9419,0.0025854110717773438,1.9073486328125e-06,2.384185791015625e-07
9420,0.002960681915283203,2.384185791015625e-06,2.384185791015625e-07
9421,0.002638578414916992,1.6689300537109375e-06,4.76837158203125e-07
9422,0.002237081527709961,1.6689300537109375e-06,2.384185791015625e-07
9423,0.0026564598083496094,1.9073486328125e-06,2.384185791015625e-07
9424,0.0026595592498779297,2.1457672119140625e-06,2.384185791015625e-07
9425,0.0028142929077148438,2.384185791015625e-06,7.152557373046875e-07
9426,0.0026352405548095703,2.6226043701171875e-06,2.384185791015625e-07
9427,0.0027701854705810547,2.1457672119140625e-06,4.76837158203125e-07
9428,0.0021085739135742188,1.9073486328125e-06,2.384185791015625e-07
9429,0.002746105194091797,1.6689300537109375e-06,2.384185791015625e-07
9430,0.002664804458618164,2.6226043701171875e-06,2.384185791015625e-07
9431,0.0034492015838623047,1.6689300537109375e-06,2.384185791015625e-07
9432,0.0020101070404052734,2.384185791015625e-06,2.384185791015625e-07
9433,0.0029401779174804688,2.1457672119140625e-06,2.384185791015625e-07
9434,0.002521038055419922,1.9073486328125e-06,2.384185791015625e-07
9435,0.0022478103637695312,2.384185791015625e-06,2.384185791015625e-07
9436,0.002741575241088867,1.9073486328125e-06,2.384185791015625e-07
9437,0.001956462860107422,1.9073486328125e-06,4.76837158203125e-07
9438,0.0027489662170410156,1.6689300537109375e-06,2.384185791015625e-07
9439,0.0029675960540771484,2.1457672119140625e-06,7.152557373046875e-07
9440,0.0023658275604248047,1.9073486328125e-06,4.76837158203125e-07
9441,0.002493143081665039,1.6689300537109375e-06,2.384185791015625e-07
9442,0.002614259719848633,2.1457672119140625e-06,2.384185791015625e-07
9443,0.002840280532836914,1.9073486328125e-06,2.384185791015625e-07
9444,0.002763986587524414,1.9073486328125e-06,2.384185791015625e-07
9445,0.0026903152465820312,1.6689300537109375e-06,2.384185791015625e-07
9446,0.0029840469360351562,2.384185791015625e-06,4.76837158203125e-07
9447,0.0023288726806640625,2.1457672119140625e-06,2.384185791015625e-07
9448,0.030689477920532227,2.384185791015625e-06,2.384185791015625e-07
9449,0.0027933120727539062,1.6689300537109375e-06,4.76837158203125e-07
9450,0.001728057861328125,2.384185791015625e-06,4.76837158203125e-07
9451,0.002653360366821289,2.1457672119140625e-06,2.384185791015625e-07
9452,0.001913309097290039,2.1457672119140625e-06,2.384185791015625e-07
9453,0.002808809280395508,1.9073486328125e-06,2.384185791015625e-07
9454,0.0028014183044433594,2.6226043701171875e-06,2.384185791015625e-07
9455,0.002021312713623047,2.384185791015625e-06,2.384185791015625e-07
9456,0.002576112747192383,2.1457672119140625e-06,4.76837158203125e-07
9457,0.0030350685119628906,2.1457672119140625e-06,4.76837158203125e-07
9458,0.0028221607208251953,1.9073486328125e-06,2.384185791015625e-07
9459,0.0026264190673828125,1.9073486328125e-06,2.384185791015625e-07
9460,0.0028378963470458984,1.6689300537109375e-06,4.76837158203125e-07
9461,0.0018849372863769531,2.384185791015625e-06,4.76837158203125e-07
9462,0.002921581268310547,1.6689300537109375e-06,2.384185791015625e-07
9463,0.0028815269470214844,2.1457672119140625e-06,4.76837158203125e-07
9464,0.002826690673828125,1.9073486328125e-06,2.384185791015625e-07
9465,0.002002716064453125,1.6689300537109375e-06,2.384185791015625e-07
9466,0.0017576217651367188,1.9073486328125e-06,4.76837158203125e-07
9467,0.003349781036376953,1.6689300537109375e-06,2.384185791015625e-07
9468,0.0023865699768066406,2.1457672119140625e-06,2.384185791015625e-07
9469,0.0025267601013183594,1.6689300537109375e-06,2.384185791015625e-07
9470,0.0022118091583251953,1.6689300537109375e-06,2.384185791015625e-07
9471,0.0028307437896728516,1.9073486328125e-06,2.384185791015625e-07
9472,0.002497434616088867,2.384185791015625e-06,4.76837158203125e-07
9473,0.0024063587188720703,1.9073486328125e-06,2.384185791015625e-07
9474,0.002627849578857422,1.9073486328125e-06,2.384185791015625e-07
9475,0.0024242401123046875,1.9073486328125e-06,4.76837158203125e-07
9476,0.002458810806274414,1.9073486328125e-06,2.384185791015625e-07
9477,0.002476215362548828,1.9073486328125e-06,2.384185791015625e-07
9478,0.0019731521606445312,1.6689300537109375e-06,2.384185791015625e-07
9479,0.0027205944061279297,2.6226043701171875e-06,2.384185791015625e-07
9480,0.0021321773529052734,1.9073486328125e-06,2.384185791015625e-07
9481,0.0021245479583740234,1.9073486328125e-06,2.384185791015625e-07
9482,0.002794504165649414,2.1457672119140625e-06,2.384185791015625e-07
9483,0.0025496482849121094,1.9073486328125e-06,2.384185791015625e-07
9484,0.0025429725646972656,2.1457672119140625e-06,2.384185791015625e-07
9485,0.00270843505859375,1.6689300537109375e-06,2.384185791015625e-07
9486,0.002170562744140625,1.6689300537109375e-06,2.384185791015625e-07
9487,0.002405881881713867,1.9073486328125e-06,2.384185791015625e-07
9488,0.0028638839721679688,1.6689300537109375e-06,2.384185791015625e-07
9489,0.002552032470703125,1.6689300537109375e-06,4.76837158203125e-07
9490,0.002507925033569336,1.6689300537109375e-06,2.384185791015625e-07
9491,0.002233266830444336,1.9073486328125e-06,2.384185791015625e-07
9492,0.0024890899658203125,1.6689300537109375e-06,4.76837158203125e-07
9493,0.0024077892303466797,1.9073486328125e-06,2.384185791015625e-07
9494,0.002046346664428711,1.9073486328125e-06,4.76837158203125e-07
9495,0.002565622329711914,2.1457672119140625e-06,2.384185791015625e-07
9496,0.0021491050720214844,2.384185791015625e-06,2.384185791015625e-07
9497,0.002042531967163086,2.1457672119140625e-06,2.384185791015625e-07
9498,0.002701997756958008,1.9073486328125e-06,2.384185791015625e-07
9499,0.0025725364685058594,1.9073486328125e-06,2.384185791015625e-07
9500,0.0030469894409179688,2.1457672119140625e-06,7.152557373046875e-07
9501,0.0023012161254882812,1.9073486328125e-06,2.384185791015625e-07
9502,0.0025177001953125,1.9073486328125e-06,2.384185791015625e-07
9503,0.00250244140625,1.6689300537109375e-06,2.384185791015625e-07
9504,0.002111673355102539,1.6689300537109375e-06,2.384185791015625e-07
9505,0.0023441314697265625,1.9073486328125e-06,2.384185791015625e-07
9506,0.002027750015258789,1.6689300537109375e-06,2.384185791015625e-07
9507,0.0020024776458740234,1.9073486328125e-06,2.384185791015625e-07
9508,0.0021958351135253906,1.9073486328125e-06,2.384185791015625e-07
9509,0.0024487972259521484,2.1457672119140625e-06,2.384185791015625e-07
9510,0.002938985824584961,1.9073486328125e-06,2.384185791015625e-07
9511,0.002457141876220703,1.6689300537109375e-06,2.384185791015625e-07
9512,0.0022945404052734375,1.6689300537109375e-06,2.384185791015625e-07
9513,0.0020389556884765625,1.9073486328125e-06,2.384185791015625e-07
9514,0.002827882766723633,2.1457672119140625e-06,2.384185791015625e-07
9515,0.002558469772338867,1.9073486328125e-06,2.384185791015625e-07
9516,0.0027408599853515625,2.1457672119140625e-06,2.384185791015625e-07
9517,0.001451253890991211,1.6689300537109375e-06,2.384185791015625e-07
9518,0.0023691654205322266,1.9073486328125e-06,2.384185791015625e-07
9519,0.0023331642150878906,2.1457672119140625e-06,2.384185791015625e-07
9520,0.0027992725372314453,1.6689300537109375e-06,4.76837158203125e-07
9521,0.0020570755004882812,2.1457672119140625e-06,2.384185791015625e-07
9522,0.0018265247344970703,2.1457672119140625e-06,2.384185791015625e-07
9523,0.0016117095947265625,1.430511474609375e-06,4.76837158203125e-07
9524,0.0021038055419921875,1.6689300537109375e-06,7.152557373046875e-07
9525,0.0022878646850585938,1.9073486328125e-06,2.384185791015625e-07
9526,0.002357959747314453,1.6689300537109375e-06,2.384185791015625e-07
9527,0.0024259090423583984,1.430511474609375e-06,2.384185791015625e-07
9528,0.002115964889526367,1.9073486328125e-06,2.384185791015625e-07
9529,0.0025870800018310547,1.6689300537109375e-06,7.152557373046875e-07
9530,0.00171661376953125,1.9073486328125e-06,2.384185791015625e-07
9531,0.0018663406372070312,1.6689300537109375e-06,4.76837158203125e-07
9532,0.0025599002838134766,1.6689300537109375e-06,2.384185791015625e-07
9533,0.002458333969116211,1.9073486328125e-06,2.384185791015625e-07
9534,0.0021696090698242188,1.6689300537109375e-06,4.76837158203125e-07
9535,0.0012226104736328125,1.6689300537109375e-06,2.384185791015625e-07
9536,0.0013859272003173828,1.9073486328125e-06,2.384185791015625e-07
9537,0.002512693405151367,1.430511474609375e-06,2.384185791015625e-07
9538,0.0020956993103027344,1.6689300537109375e-06,4.76837158203125e-07
9539,0.0022652149200439453,1.9073486328125e-06,2.384185791015625e-07
9540,0.002280712127685547,1.9073486328125e-06,2.384185791015625e-07
9541,0.002016782760620117,1.6689300537109375e-06,2.384185791015625e-07
9542,0.0025818347930908203,2.384185791015625e-06,2.384185791015625e-07
9543,0.0025272369384765625,1.9073486328125e-06,2.384185791015625e-07
9544,0.0020339488983154297,1.9073486328125e-06,4.76837158203125e-07
9545,0.003261566162109375,2.1457672119140625e-06,2.384185791015625e-07
9546,0.002628326416015625,2.384185791015625e-06,2.384185791015625e-07
9547,0.002695322036743164,2.1457672119140625e-06,4.76837158203125e-07
9548,0.002650022506713867,1.9073486328125e-06,2.384185791015625e-07
9549,0.0023555755615234375,1.9073486328125e-06,4.76837158203125e-07
9550,0.001954793930053711,1.6689300537109375e-06,2.384185791015625e-07
9551,0.0019860267639160156,1.9073486328125e-06,2.384185791015625e-07
9552,0.0019774436950683594,1.6689300537109375e-06,4.76837158203125e-07
9553,0.001963376998901367,1.6689300537109375e-06,2.384185791015625e-07
9554,0.0022683143615722656,1.6689300537109375e-06,4.76837158203125e-07
9555,0.001916646957397461,1.9073486328125e-06,2.384185791015625e-07
9556,0.0018944740295410156,1.9073486328125e-06,2.384185791015625e-07
9557,0.002209901809692383,1.6689300537109375e-06,2.384185791015625e-07
9558,0.0027794837951660156,1.9073486328125e-06,2.384185791015625e-07
9559,0.002614736557006836,1.9073486328125e-06,2.384185791015625e-07
9560,0.0022497177124023438,1.430511474609375e-06,2.384185791015625e-07
9561,0.0020837783813476562,1.9073486328125e-06,2.384185791015625e-07
9562,0.0028433799743652344,1.6689300537109375e-06,4.76837158203125e-07
9563,0.0029692649841308594,1.6689300537109375e-06,2.384185791015625e-07
9564,0.002063751220703125,1.6689300537109375e-06,4.76837158203125e-07
9565,0.0017800331115722656,1.9073486328125e-06,2.384185791015625e-07
9566,0.0026671886444091797,1.9073486328125e-06,2.384185791015625e-07
9567,0.0024623870849609375,1.9073486328125e-06,4.76837158203125e-07
9568,0.002649545669555664,2.1457672119140625e-06,2.384185791015625e-07
9569,0.002084493637084961,1.9073486328125e-06,2.384185791015625e-07
9570,0.0026612281799316406,2.1457672119140625e-06,2.384185791015625e-07
9571,0.002297639846801758,1.6689300537109375e-06,2.384185791015625e-07
9572,0.0021097660064697266,1.9073486328125e-06,4.76837158203125e-07
9573,0.0015921592712402344,2.1457672119140625e-06,2.384185791015625e-07
9574,0.0026657581329345703,2.1457672119140625e-06,2.384185791015625e-07
9575,0.002611398696899414,1.9073486328125e-06,2.384185791015625e-07
9576,0.0026979446411132812,1.9073486328125e-06,2.384185791015625e-07
9577,0.0027725696563720703,1.9073486328125e-06,4.76837158203125e-07
9578,0.0020744800567626953,1.9073486328125e-06,2.384185791015625e-07
9579,0.002045154571533203,2.1457672119140625e-06,4.76837158203125e-07
9580,0.002406597137451172,1.9073486328125e-06,2.384185791015625e-07
9581,0.002486705780029297,1.6689300537109375e-06,2.384185791015625e-07
9582,0.0026166439056396484,2.1457672119140625e-06,2.384185791015625e-07
9583,0.002081632614135742,1.9073486328125e-06,4.76837158203125e-07
9584,0.0026352405548095703,2.1457672119140625e-06,4.76837158203125e-07
9585,0.001965761184692383,2.6226043701171875e-06,2.384185791015625e-07
9586,0.002563953399658203,1.9073486328125e-06,2.384185791015625e-07
9587,0.0025920867919921875,2.1457672119140625e-06,4.76837158203125e-07
9588,0.0031528472900390625,1.9073486328125e-06,2.384185791015625e-07
9589,0.002360105514526367,1.9073486328125e-06,4.76837158203125e-07
9590,0.002694368362426758,1.9073486328125e-06,2.384185791015625e-07
9591,0.0017850399017333984,1.9073486328125e-06,2.384185791015625e-07
9592,0.002298116683959961,2.1457672119140625e-06,4.76837158203125e-07
9593,0.002366304397583008,2.1457672119140625e-06,2.384185791015625e-07
9594,0.0026388168334960938,1.9073486328125e-06,2.384185791015625e-07
9595,0.001758575439453125,1.9073486328125e-06,2.384185791015625e-07
9596,0.0025599002838134766,1.9073486328125e-06,2.384185791015625e-07
9597,0.0020372867584228516,1.6689300537109375e-06,4.76837158203125e-07
9598,0.002418041229248047,1.6689300537109375e-06,2.384185791015625e-07
9599,0.0021872520446777344,1.9073486328125e-06,2.384185791015625e-07
9600,0.0018963813781738281,1.6689300537109375e-06,2.384185791015625e-07
9601,0.0020546913146972656,1.6689300537109375e-06,2.384185791015625e-07
9602,0.0025854110717773438,1.9073486328125e-06,2.384185791015625e-07
9603,0.002019166946411133,1.6689300537109375e-06,4.76837158203125e-07
9604,0.002414703369140625,1.6689300537109375e-06,4.76837158203125e-07
9605,0.0024263858795166016,1.6689300537109375e-06,2.384185791015625e-07
9606,0.0023860931396484375,1.9073486328125e-06,2.384185791015625e-07
9607,0.0024569034576416016,1.9073486328125e-06,4.76837158203125e-07
9608,0.002357006072998047,1.6689300537109375e-06,2.384185791015625e-07
9609,0.0024781227111816406,1.6689300537109375e-06,2.384185791015625e-07
9610,0.001950979232788086,1.6689300537109375e-06,2.384185791015625e-07
9611,0.0019598007202148438,1.9073486328125e-06,2.384185791015625e-07
9612,0.002271890640258789,1.6689300537109375e-06,2.384185791015625e-07
9613,0.002104520797729492,1.430511474609375e-06,2.384185791015625e-07
9614,0.0019326210021972656,2.1457672119140625e-06,2.384185791015625e-07
9615,0.0023326873779296875,1.9073486328125e-06,2.384185791015625e-07
9616,0.002178668975830078,1.9073486328125e-06,2.384185791015625e-07
9617,0.0022525787353515625,1.6689300537109375e-06,4.76837158203125e-07
9618,0.002596616744995117,1.9073486328125e-06,2.384185791015625e-07
9619,0.0025932788848876953,1.9073486328125e-06,2.384185791015625e-07
9620,0.002523183822631836,1.9073486328125e-06,2.384185791015625e-07
9621,0.0022780895233154297,2.384185791015625e-06,2.384185791015625e-07
9622,0.002066373825073242,1.9073486328125e-06,4.76837158203125e-07
9623,0.0027289390563964844,1.9073486328125e-06,4.76837158203125e-07
9624,0.002854585647583008,1.6689300537109375e-06,4.76837158203125e-07
9625,0.0016751289367675781,1.9073486328125e-06,2.384185791015625e-07
9626,0.002378225326538086,1.6689300537109375e-06,2.384185791015625e-07
9627,0.0026154518127441406,1.6689300537109375e-06,4.76837158203125e-07
9628,0.002639293670654297,1.9073486328125e-06,2.384185791015625e-07
9629,0.002718687057495117,1.6689300537109375e-06,2.384185791015625e-07
9630,0.0026657581329345703,1.6689300537109375e-06,2.384185791015625e-07
9631,0.003295421600341797,1.6689300537109375e-06,7.152557373046875e-07
9632,0.0021791458129882812,1.9073486328125e-06,4.76837158203125e-07
9633,0.002521514892578125,1.6689300537109375e-06,4.76837158203125e-07
9634,0.0029754638671875,1.9073486328125e-06,2.384185791015625e-07
9635,0.0026712417602539062,1.6689300537109375e-06,2.384185791015625e-07
9636,0.0018813610076904297,1.6689300537109375e-06,7.152557373046875e-07
9637,0.002204418182373047,1.6689300537109375e-06,4.76837158203125e-07
9638,0.002539396286010742,1.6689300537109375e-06,2.384185791015625e-07
9639,0.0024378299713134766,1.6689300537109375e-06,2.384185791015625e-07
9640,0.0026950836181640625,1.6689300537109375e-06,2.384185791015625e-07
9641,0.0028243064880371094,1.6689300537109375e-06,2.384185791015625e-07
9642,0.0030777454376220703,1.9073486328125e-06,2.384185791015625e-07
9643,0.0026290416717529297,1.9073486328125e-06,2.384185791015625e-07
9644,0.002646207809448242,1.9073486328125e-06,4.76837158203125e-07
9645,0.0019352436065673828,1.9073486328125e-06,2.384185791015625e-07
9646,0.0024411678314208984,2.384185791015625e-06,2.384185791015625e-07
9647,0.0024886131286621094,2.1457672119140625e-06,2.384185791015625e-07
9648,0.002444028854370117,2.1457672119140625e-06,2.384185791015625e-07
9649,0.0025720596313476562,1.9073486328125e-06,2.384185791015625e-07
9650,0.0020706653594970703,1.9073486328125e-06,2.384185791015625e-07
9651,0.0018906593322753906,1.9073486328125e-06,2.384185791015625e-07
9652,0.0021677017211914062,1.9073486328125e-06,2.384185791015625e-07
9653,0.0021865367889404297,1.9073486328125e-06,2.384185791015625e-07
9654,0.0017917156219482422,1.9073486328125e-06,7.152557373046875e-07
9655,0.002369403839111328,2.1457672119140625e-06,2.384185791015625e-07
9656,0.00223541259765625,2.1457672119140625e-06,2.384185791015625e-07
9657,0.002702951431274414,2.1457672119140625e-06,4.76837158203125e-07
9658,0.0027174949645996094,2.1457672119140625e-06,4.76837158203125e-07
9659,0.002536773681640625,1.9073486328125e-06,4.76837158203125e-07
9660,0.0021021366119384766,2.1457672119140625e-06,2.384185791015625e-07
9661,0.002763986587524414,1.9073486328125e-06,2.384185791015625e-07
9662,0.0025839805603027344,2.1457672119140625e-06,2.384185791015625e-07
9663,0.003908872604370117,2.1457672119140625e-06,4.76837158203125e-07
9664,0.0021958351135253906,1.9073486328125e-06,4.76837158203125e-07
9665,0.002556324005126953,1.9073486328125e-06,2.384185791015625e-07
9666,0.002743959426879883,2.1457672119140625e-06,2.384185791015625e-07
9667,0.002547025680541992,1.9073486328125e-06,7.152557373046875e-07
9668,0.0018210411071777344,1.9073486328125e-06,2.384185791015625e-07
9669,0.001965045928955078,1.9073486328125e-06,2.384185791015625e-07
9670,0.0021507740020751953,1.430511474609375e-06,2.384185791015625e-07
9671,0.002047300338745117,2.1457672119140625e-06,2.384185791015625e-07
9672,0.0030670166015625,1.9073486328125e-06,7.152557373046875e-07
9673,0.002310514450073242,1.6689300537109375e-06,2.384185791015625e-07
9674,0.0020377635955810547,2.1457672119140625e-06,2.384185791015625e-07
9675,0.0027146339416503906,2.1457672119140625e-06,2.384185791015625e-07
9676,0.0018646717071533203,2.1457672119140625e-06,7.152557373046875e-07
9677,0.0025854110717773438,1.9073486328125e-06,2.384185791015625e-07
9678,0.0020859241485595703,1.9073486328125e-06,2.384185791015625e-07
9679,0.002457857131958008,1.9073486328125e-06,2.384185791015625e-07
9680,0.002406597137451172,2.1457672119140625e-06,2.384185791015625e-07
9681,0.0026819705963134766,2.1457672119140625e-06,2.384185791015625e-07
9682,0.002259969711303711,1.9073486328125e-06,2.384185791015625e-07
9683,0.0017266273498535156,2.1457672119140625e-06,2.384185791015625e-07
9684,0.0024154186248779297,2.1457672119140625e-06,2.384185791015625e-07
9685,0.0026254653930664062,1.9073486328125e-06,2.384185791015625e-07
9686,0.00316619873046875,1.9073486328125e-06,2.384185791015625e-07
9687,0.002232789993286133,2.1457672119140625e-06,2.384185791015625e-07
9688,0.0026521682739257812,1.6689300537109375e-06,2.384185791015625e-07
9689,0.0026137828826904297,2.384185791015625e-06,4.76837158203125e-07
9690,0.002466440200805664,1.9073486328125e-06,2.384185791015625e-07
9691,0.002374410629272461,1.9073486328125e-06,2.384185791015625e-07
9692,0.0023899078369140625,2.1457672119140625e-06,2.384185791015625e-07
9693,0.0026018619537353516,2.1457672119140625e-06,2.384185791015625e-07
9694,0.0018839836120605469,2.1457672119140625e-06,4.76837158203125e-07
9695,0.002129077911376953,2.1457672119140625e-06,4.76837158203125e-07
9696,0.0020928382873535156,1.9073486328125e-06,4.76837158203125e-07
9697,0.0025873184204101562,1.9073486328125e-06,2.384185791015625e-07
9698,0.0018584728240966797,1.9073486328125e-06,4.76837158203125e-07
9699,0.0025267601013183594,2.6226043701171875e-06,4.76837158203125e-07
9700,0.0019118785858154297,1.9073486328125e-06,2.384185791015625e-07
9701,0.0022203922271728516,1.9073486328125e-06,2.384185791015625e-07
9702,0.002157449722290039,1.6689300537109375e-06,2.384185791015625e-07
9703,0.002486705780029297,2.1457672119140625e-06,2.384185791015625e-07
9704,0.0028123855590820312,1.6689300537109375e-06,2.384185791015625e-07
9705,0.0018851757049560547,1.9073486328125e-06,2.384185791015625e-07
9706,0.0022344589233398438,1.6689300537109375e-06,2.384185791015625e-07
9707,0.001958131790161133,1.6689300537109375e-06,2.384185791015625e-07
9708,0.0025131702423095703,1.9073486328125e-06,2.384185791015625e-07
9709,0.0024123191833496094,1.9073486328125e-06,2.384185791015625e-07
9710,0.0023505687713623047,2.1457672119140625e-06,2.384185791015625e-07
9711,0.0021657943725585938,1.9073486328125e-06,4.76837158203125e-07
9712,0.0025949478149414062,1.9073486328125e-06,2.384185791015625e-07
9713,0.002234220504760742,1.9073486328125e-06,2.384185791015625e-07
9714,0.0038902759552001953,1.9073486328125e-06,2.384185791015625e-07
9715,0.0026171207427978516,1.9073486328125e-06,4.76837158203125e-07
9716,0.002899169921875,2.1457672119140625e-06,4.76837158203125e-07
9717,0.002306222915649414,2.1457672119140625e-06,4.76837158203125e-07
9718,0.002541065216064453,2.1457672119140625e-06,4.76837158203125e-07
9719,0.0026063919067382812,2.1457672119140625e-06,2.384185791015625e-07
9720,0.0022432804107666016,1.9073486328125e-06,4.76837158203125e-07
9721,0.0023376941680908203,1.9073486328125e-06,4.76837158203125e-07
9722,0.0022292137145996094,1.9073486328125e-06,2.384185791015625e-07
9723,0.0024118423461914062,2.1457672119140625e-06,2.384185791015625e-07
9724,0.002299785614013672,1.6689300537109375e-06,2.384185791015625e-07
9725,0.0025234222412109375,1.6689300537109375e-06,2.384185791015625e-07
9726,0.0028738975524902344,1.6689300537109375e-06,2.384185791015625e-07
9727,0.0027573108673095703,2.1457672119140625e-06,2.384185791015625e-07
9728,0.001956939697265625,1.9073486328125e-06,2.384185791015625e-07
9729,0.002585172653198242,1.9073486328125e-06,4.76837158203125e-07
9730,0.0018873214721679688,1.9073486328125e-06,2.384185791015625e-07
9731,0.0029501914978027344,1.9073486328125e-06,4.76837158203125e-07
9732,0.002301931381225586,1.9073486328125e-06,2.384185791015625e-07
9733,0.00217437744140625,1.9073486328125e-06,4.76837158203125e-07
9734,0.0024428367614746094,2.1457672119140625e-06,2.384185791015625e-07
9735,0.0026504993438720703,1.9073486328125e-06,4.76837158203125e-07
9736,0.0018346309661865234,1.9073486328125e-06,4.76837158203125e-07
9737,0.0023260116577148438,1.9073486328125e-06,7.152557373046875e-07
9738,0.002676725387573242,2.1457672119140625e-06,2.384185791015625e-07
9739,0.0021820068359375,1.9073486328125e-06,4.76837158203125e-07
9740,0.002326488494873047,2.384185791015625e-06,2.384185791015625e-07
9741,0.002809286117553711,1.9073486328125e-06,2.384185791015625e-07
9742,0.003155231475830078,1.9073486328125e-06,2.384185791015625e-07
9743,0.002188444137573242,1.9073486328125e-06,2.384185791015625e-07
9744,0.0023195743560791016,1.9073486328125e-06,2.384185791015625e-07
9745,0.002414226531982422,1.9073486328125e-06,2.384185791015625e-07
9746,0.0025691986083984375,1.9073486328125e-06,4.76837158203125e-07
9747,0.0023589134216308594,1.430511474609375e-06,2.384185791015625e-07
9748,0.002193450927734375,1.9073486328125e-06,4.76837158203125e-07
9749,0.0024619102478027344,2.384185791015625e-06,2.384185791015625e-07
9750,0.0024213790893554688,1.430511474609375e-06,2.384185791015625e-07
9751,0.001871347427368164,1.9073486328125e-06,4.76837158203125e-07
9752,0.002294778823852539,1.6689300537109375e-06,2.384185791015625e-07
9753,0.002717256546020508,1.9073486328125e-06,2.384185791015625e-07
9754,0.002364635467529297,1.9073486328125e-06,4.76837158203125e-07
9755,0.0017805099487304688,1.6689300537109375e-06,4.76837158203125e-07
9756,0.0033690929412841797,1.6689300537109375e-06,2.384185791015625e-07
9757,0.002516031265258789,2.1457672119140625e-06,2.384185791015625e-07
9758,0.0018002986907958984,1.9073486328125e-06,2.384185791015625e-07
9759,0.0019371509552001953,1.9073486328125e-06,2.384185791015625e-07
9760,0.002452373504638672,1.6689300537109375e-06,2.384185791015625e-07
9761,0.0024290084838867188,2.1457672119140625e-06,2.384185791015625e-07
9762,0.0022470951080322266,1.6689300537109375e-06,2.384185791015625e-07
9763,0.002124309539794922,1.6689300537109375e-06,2.384185791015625e-07
9764,0.0029191970825195312,1.6689300537109375e-06,2.384185791015625e-07
9765,0.0029883384704589844,1.9073486328125e-06,4.76837158203125e-07
9766,0.0023267269134521484,1.6689300537109375e-06,2.384185791015625e-07
9767,0.0020308494567871094,1.6689300537109375e-06,2.384185791015625e-07
9768,0.002264738082885742,1.6689300537109375e-06,2.384185791015625e-07
9769,0.002197265625,1.6689300537109375e-06,2.384185791015625e-07
9770,0.0023183822631835938,2.1457672119140625e-06,2.384185791015625e-07
9771,0.002853870391845703,1.9073486328125e-06,2.384185791015625e-07
9772,0.0026023387908935547,1.6689300537109375e-06,2.384185791015625e-07
9773,0.0024950504302978516,1.6689300537109375e-06,2.384185791015625e-07
9774,0.0018868446350097656,1.6689300537109375e-06,2.384185791015625e-07
9775,0.002475261688232422,1.9073486328125e-06,2.384185791015625e-07
9776,0.002869844436645508,1.9073486328125e-06,2.384185791015625e-07
9777,0.0025932788848876953,1.9073486328125e-06,2.384185791015625e-07
9778,0.0021452903747558594,1.6689300537109375e-06,4.76837158203125e-07
9779,0.0026221275329589844,1.430511474609375e-06,4.76837158203125e-07
9780,0.0022313594818115234,2.1457672119140625e-06,2.384185791015625e-07
9781,0.0022072792053222656,1.6689300537109375e-06,2.384185791015625e-07
9782,0.0018055438995361328,1.9073486328125e-06,2.384185791015625e-07
9783,0.002666950225830078,1.6689300537109375e-06,4.76837158203125e-07
9784,0.001857757568359375,1.6689300537109375e-06,2.384185791015625e-07
9785,0.0016565322875976562,1.6689300537109375e-06,2.384185791015625e-07
9786,0.001407623291015625,1.430511474609375e-06,4.76837158203125e-07
9787,0.0021164417266845703,1.6689300537109375e-06,4.76837158203125e-07
9788,0.0021507740020751953,1.6689300537109375e-06,2.384185791015625e-07
9789,0.0025577545166015625,1.6689300537109375e-06,2.384185791015625e-07
9790,0.0016164779663085938,1.9073486328125e-06,2.384185791015625e-07
9791,0.0018384456634521484,2.1457672119140625e-06,2.384185791015625e-07
9792,0.002401590347290039,1.9073486328125e-06,2.384185791015625e-07
9793,0.0017380714416503906,1.9073486328125e-06,2.384185791015625e-07
9794,0.0024805068969726562,1.9073486328125e-06,2.384185791015625e-07
9795,0.0017578601837158203,1.9073486328125e-06,4.76837158203125e-07
9796,0.002260923385620117,1.9073486328125e-06,2.384185791015625e-07
9797,0.002356290817260742,1.9073486328125e-06,2.384185791015625e-07
9798,0.002422809600830078,1.6689300537109375e-06,2.384185791015625e-07
9799,0.0018813610076904297,1.6689300537109375e-06,2.384185791015625e-07
9800,0.0018880367279052734,1.6689300537109375e-06,2.384185791015625e-07
9801,0.0029497146606445312,1.9073486328125e-06,2.384185791015625e-07
9802,0.0023920536041259766,1.9073486328125e-06,2.384185791015625e-07
9803,0.003149747848510742,1.9073486328125e-06,2.384185791015625e-07
9804,0.002363920211791992,2.384185791015625e-06,2.384185791015625e-07
9805,0.0026280879974365234,1.9073486328125e-06,2.384185791015625e-07
9806,0.0024175643920898438,2.1457672119140625e-06,2.384185791015625e-07
9807,0.0017468929290771484,2.1457672119140625e-06,2.384185791015625e-07
9808,0.0019927024841308594,1.9073486328125e-06,2.384185791015625e-07
9809,0.0021140575408935547,1.9073486328125e-06,2.384185791015625e-07
9810,0.0015816688537597656,1.9073486328125e-06,2.384185791015625e-07
9811,0.002715587615966797,1.9073486328125e-06,2.384185791015625e-07
9812,0.0024056434631347656,1.9073486328125e-06,4.76837158203125e-07
9813,0.0018324851989746094,1.9073486328125e-06,4.76837158203125e-07
9814,0.0019309520721435547,1.9073486328125e-06,4.76837158203125e-07
9815,0.002184152603149414,1.9073486328125e-06,2.384185791015625e-07
9816,0.002240419387817383,2.1457672119140625e-06,2.384185791015625e-07
9817,0.0025701522827148438,1.6689300537109375e-06,2.384185791015625e-07
9818,0.0017406940460205078,1.6689300537109375e-06,7.152557373046875e-07
9819,0.0017421245574951172,1.6689300537109375e-06,2.384185791015625e-07
9820,0.0020639896392822266,1.9073486328125e-06,2.384185791015625e-07
9821,0.00240325927734375,1.9073486328125e-06,2.384185791015625e-07
9822,0.0022881031036376953,1.6689300537109375e-06,2.384185791015625e-07
9823,0.0022428035736083984,1.6689300537109375e-06,2.384185791015625e-07
9824,0.0025718212127685547,1.9073486328125e-06,4.76837158203125e-07
9825,0.001787424087524414,1.6689300537109375e-06,2.384185791015625e-07
9826,0.002638101577758789,1.9073486328125e-06,2.384185791015625e-07
9827,0.002101898193359375,1.6689300537109375e-06,2.384185791015625e-07
9828,0.002037525177001953,1.6689300537109375e-06,2.384185791015625e-07
9829,0.0024302005767822266,1.6689300537109375e-06,2.384185791015625e-07
9830,0.0026459693908691406,1.6689300537109375e-06,2.384185791015625e-07
9831,0.0028526782989501953,1.6689300537109375e-06,2.384185791015625e-07
9832,0.002791881561279297,1.6689300537109375e-06,4.76837158203125e-07
9833,0.0027306079864501953,1.6689300537109375e-06,2.384185791015625e-07
9834,0.0025687217712402344,1.6689300537109375e-06,2.384185791015625e-07
9835,0.002225637435913086,1.6689300537109375e-06,2.384185791015625e-07
9836,0.0024614334106445312,1.430511474609375e-06,2.384185791015625e-07
9837,0.0020203590393066406,2.384185791015625e-06,2.384185791015625e-07
9838,0.002196788787841797,1.6689300537109375e-06,2.384185791015625e-07
9839,0.0017862319946289062,1.9073486328125e-06,2.384185791015625e-07
9840,0.0022690296173095703,1.6689300537109375e-06,2.384185791015625e-07
9841,0.00189208984375,2.1457672119140625e-06,2.384185791015625e-07
9842,0.002344369888305664,1.6689300537109375e-06,2.384185791015625e-07
9843,0.0021810531616210938,2.1457672119140625e-06,2.384185791015625e-07
9844,0.0014660358428955078,2.1457672119140625e-06,2.384185791015625e-07
9845,0.0021250247955322266,1.6689300537109375e-06,2.384185791015625e-07
9846,0.0027828216552734375,1.9073486328125e-06,4.76837158203125e-07
9847,0.0021839141845703125,1.9073486328125e-06,2.384185791015625e-07
9848,0.0024056434631347656,1.9073486328125e-06,2.384185791015625e-07
9849,0.0021529197692871094,1.9073486328125e-06,2.384185791015625e-07
9850,0.001756906509399414,1.9073486328125e-06,2.384185791015625e-07
9851,0.001916646957397461,1.9073486328125e-06,2.384185791015625e-07
9852,0.002771139144897461,2.1457672119140625e-06,2.384185791015625e-07
9853,0.002524137496948242,2.1457672119140625e-06,2.384185791015625e-07
9854,0.0027649402618408203,1.6689300537109375e-06,2.384185791015625e-07
9855,0.0022826194763183594,1.9073486328125e-06,2.384185791015625e-07
9856,0.0019195079803466797,1.6689300537109375e-06,2.384185791015625e-07
9857,0.0024085044860839844,1.6689300537109375e-06,2.384185791015625e-07
9858,0.002160787582397461,1.6689300537109375e-06,2.384185791015625e-07
9859,0.0022373199462890625,1.6689300537109375e-06,2.384185791015625e-07
9860,0.0024259090423583984,1.9073486328125e-06,4.76837158203125e-07
9861,0.0025911331176757812,1.6689300537109375e-06,2.384185791015625e-07
9862,0.0020782947540283203,2.1457672119140625e-06,7.152557373046875e-07
9863,0.002482175827026367,2.1457672119140625e-06,2.384185791015625e-07
9864,0.0020568370819091797,1.9073486328125e-06,2.384185791015625e-07
9865,0.002302885055541992,1.9073486328125e-06,4.76837158203125e-07
9866,0.0018045902252197266,2.1457672119140625e-06,2.384185791015625e-07
9867,0.003766298294067383,1.9073486328125e-06,2.384185791015625e-07
9868,0.002477407455444336,1.9073486328125e-06,2.384185791015625e-07
9869,0.0023000240325927734,1.9073486328125e-06,4.76837158203125e-07
9870,0.002732515335083008,2.1457672119140625e-06,4.76837158203125e-07
9871,0.002421855926513672,1.9073486328125e-06,2.384185791015625e-07
9872,0.0026514530181884766,1.6689300537109375e-06,2.384185791015625e-07
9873,0.001878499984741211,1.9073486328125e-06,4.76837158203125e-07
9874,0.0023119449615478516,1.9073486328125e-06,2.384185791015625e-07
9875,0.0018565654754638672,2.1457672119140625e-06,2.384185791015625e-07
9876,0.0025670528411865234,2.1457672119140625e-06,2.384185791015625e-07
9877,0.0024149417877197266,1.9073486328125e-06,2.384185791015625e-07
9878,0.0023641586303710938,1.9073486328125e-06,2.384185791015625e-07
9879,0.002444744110107422,1.6689300537109375e-06,2.384185791015625e-07
9880,0.0024368762969970703,1.6689300537109375e-06,2.384185791015625e-07
9881,0.0020117759704589844,1.9073486328125e-06,4.76837158203125e-07
9882,0.0019104480743408203,1.6689300537109375e-06,2.384185791015625e-07
9883,0.0021162033081054688,1.6689300537109375e-06,2.384185791015625e-07
9884,0.002414703369140625,1.6689300537109375e-06,4.76837158203125e-07
9885,0.0020782947540283203,1.6689300537109375e-06,4.76837158203125e-07
9886,0.002603292465209961,1.6689300537109375e-06,2.384185791015625e-07
9887,0.0025780200958251953,1.9073486328125e-06,2.384185791015625e-07
9888,0.0019898414611816406,1.6689300537109375e-06,4.76837158203125e-07
9889,0.00345611572265625,1.6689300537109375e-06,4.76837158203125e-07
9890,0.002523183822631836,1.6689300537109375e-06,2.384185791015625e-07
9891,0.0019578933715820312,1.6689300537109375e-06,2.384185791015625e-07
9892,0.001695871353149414,1.6689300537109375e-06,2.384185791015625e-07
9893,0.0023784637451171875,1.6689300537109375e-06,2.384185791015625e-07
9894,0.001585245132446289,1.6689300537109375e-06,2.384185791015625e-07
9895,0.002191305160522461,1.9073486328125e-06,2.384185791015625e-07
9896,0.002074003219604492,1.6689300537109375e-06,2.384185791015625e-07
9897,0.002068042755126953,1.6689300537109375e-06,2.384185791015625e-07
9898,0.0020952224731445312,2.384185791015625e-06,2.384185791015625e-07
9899,0.0023658275604248047,1.6689300537109375e-06,2.384185791015625e-07
9900,0.002473115921020508,2.1457672119140625e-06,2.384185791015625e-07
9901,0.0019304752349853516,1.6689300537109375e-06,2.384185791015625e-07
9902,0.0014910697937011719,1.6689300537109375e-06,2.384185791015625e-07
9903,0.0022296905517578125,1.9073486328125e-06,2.384185791015625e-07
9904,0.0022668838500976562,1.9073486328125e-06,2.384185791015625e-07
9905,0.002001047134399414,1.9073486328125e-06,2.384185791015625e-07
9906,0.0023407936096191406,1.9073486328125e-06,2.384185791015625e-07
9907,0.0031588077545166016,2.1457672119140625e-06,4.76837158203125e-07
9908,0.0027434825897216797,1.9073486328125e-06,2.384185791015625e-07
9909,0.0016601085662841797,2.1457672119140625e-06,2.384185791015625e-07
9910,0.002566099166870117,1.9073486328125e-06,2.384185791015625e-07
9911,0.0022783279418945312,1.6689300537109375e-06,2.384185791015625e-07
9912,0.0016100406646728516,2.384185791015625e-06,2.384185791015625e-07
9913,0.001958608627319336,1.9073486328125e-06,2.384185791015625e-07
9914,0.001889944076538086,1.9073486328125e-06,2.384185791015625e-07
9915,0.0010955333709716797,2.1457672119140625e-06,7.152557373046875e-07
9916,0.0023322105407714844,1.430511474609375e-06,2.384185791015625e-07
9917,0.0024285316467285156,1.6689300537109375e-06,2.384185791015625e-07
9918,0.0024399757385253906,2.1457672119140625e-06,2.384185791015625e-07
9919,0.0019643306732177734,1.6689300537109375e-06,2.384185791015625e-07
9920,0.002114534378051758,1.430511474609375e-06,7.152557373046875e-07
9921,0.002084493637084961,1.6689300537109375e-06,2.384185791015625e-07
9922,0.0015864372253417969,1.6689300537109375e-06,2.384185791015625e-07
9923,0.0022864341735839844,1.9073486328125e-06,2.384185791015625e-07
9924,0.0024902820587158203,1.6689300537109375e-06,2.384185791015625e-07
9925,0.0025634765625,1.9073486328125e-06,2.384185791015625e-07
9926,0.002695798873901367,1.6689300537109375e-06,2.384185791015625e-07
9927,0.0021893978118896484,1.9073486328125e-06,2.384185791015625e-07
9928,0.002931833267211914,1.9073486328125e-06,4.76837158203125e-07
9929,0.0015447139739990234,1.9073486328125e-06,4.76837158203125e-07
9930,0.0022988319396972656,1.9073486328125e-06,2.384185791015625e-07
9931,0.002250194549560547,1.430511474609375e-06,2.384185791015625e-07
9932,0.0023202896118164062,2.1457672119140625e-06,2.384185791015625e-07
9933,0.001870870590209961,1.6689300537109375e-06,2.384185791015625e-07
9934,0.0023992061614990234,1.9073486328125e-06,2.384185791015625e-07
9935,0.0033495426177978516,1.6689300537109375e-06,2.384185791015625e-07
9936,0.0030107498168945312,2.1457672119140625e-06,2.384185791015625e-07
9937,0.0026187896728515625,1.9073486328125e-06,2.384185791015625e-07
9938,0.0019500255584716797,1.9073486328125e-06,2.384185791015625e-07
9939,0.0024487972259521484,1.9073486328125e-06,4.76837158203125e-07
9940,0.0023522377014160156,2.1457672119140625e-06,2.384185791015625e-07
9941,0.003960371017456055,1.9073486328125e-06,4.76837158203125e-07
9942,0.0020411014556884766,1.9073486328125e-06,4.76837158203125e-07
9943,0.002559185028076172,1.6689300537109375e-06,2.384185791015625e-07
9944,0.002195596694946289,2.1457672119140625e-06,2.384185791015625e-07
9945,0.0023322105407714844,1.6689300537109375e-06,2.384185791015625e-07
9946,0.00200653076171875,1.9073486328125e-06,2.384185791015625e-07
9947,0.002445220947265625,1.9073486328125e-06,4.76837158203125e-07
9948,0.002092599868774414,1.9073486328125e-06,9.5367431640625e-07
9949,0.0024938583374023438,1.9073486328125e-06,2.384185791015625e-07
9950,0.0023725032806396484,1.9073486328125e-06,2.384185791015625e-07
9951,0.002679586410522461,2.1457672119140625e-06,4.76837158203125e-07
9952,0.0025832653045654297,2.1457672119140625e-06,2.384185791015625e-07
9953,0.0023000240325927734,1.9073486328125e-06,2.384185791015625e-07
9954,0.0027923583984375,1.9073486328125e-06,2.384185791015625e-07
9955,0.0020029544830322266,1.9073486328125e-06,2.384185791015625e-07
9956,0.002312183380126953,1.9073486328125e-06,2.384185791015625e-07
9957,0.0020456314086914062,1.6689300537109375e-06,2.384185791015625e-07
9958,0.002682924270629883,1.9073486328125e-06,4.76837158203125e-07
9959,0.0024077892303466797,1.6689300537109375e-06,4.76837158203125e-07
9960,0.0026438236236572266,1.6689300537109375e-06,2.384185791015625e-07
9961,0.0027191638946533203,1.6689300537109375e-06,2.384185791015625e-07
9962,0.0026290416717529297,1.9073486328125e-06,2.384185791015625e-07
9963,0.002848386764526367,1.6689300537109375e-06,2.384185791015625e-07
9964,0.0026292800903320312,1.9073486328125e-06,4.76837158203125e-07
9965,0.002698183059692383,1.6689300537109375e-06,2.384185791015625e-07
9966,0.0024950504302978516,1.9073486328125e-06,2.384185791015625e-07
9967,0.002801656723022461,1.9073486328125e-06,2.384185791015625e-07
9968,0.0039980411529541016,1.6689300537109375e-06,2.384185791015625e-07
9969,0.0026466846466064453,1.9073486328125e-06,2.384185791015625e-07
9970,0.0023064613342285156,2.384185791015625e-06,7.152557373046875e-07
9971,0.002218961715698242,2.1457672119140625e-06,2.384185791015625e-07
9972,0.0026090145111083984,2.1457672119140625e-06,2.384185791015625e-07
9973,0.0023763179779052734,1.9073486328125e-06,4.76837158203125e-07
9974,0.0028722286224365234,2.1457672119140625e-06,0.0
9975,0.0025031566619873047,1.430511474609375e-06,2.384185791015625e-07
9976,0.0025517940521240234,2.1457672119140625e-06,7.152557373046875e-07
9977,0.00270843505859375,2.1457672119140625e-06,2.384185791015625e-07
9978,0.001986980438232422,1.6689300537109375e-06,7.152557373046875e-07
9979,0.0024614334106445312,1.9073486328125e-06,2.384185791015625e-07
9980,0.0025377273559570312,1.9073486328125e-06,2.384185791015625e-07
9981,0.002264738082885742,1.9073486328125e-06,2.384185791015625e-07
9982,0.0021104812622070312,2.1457672119140625e-06,2.384185791015625e-07
9983,0.0022242069244384766,1.9073486328125e-06,2.384185791015625e-07
9984,0.0027282238006591797,1.9073486328125e-06,4.76837158203125e-07
9985,0.0026323795318603516,2.1457672119140625e-06,2.384185791015625e-07
9986,0.0023708343505859375,2.1457672119140625e-06,2.384185791015625e-07
9987,0.0029449462890625,1.9073486328125e-06,4.76837158203125e-07
9988,0.0035834312438964844,1.9073486328125e-06,2.384185791015625e-07
9989,0.0024607181549072266,1.6689300537109375e-06,2.384185791015625e-07
9990,0.0018122196197509766,2.384185791015625e-06,4.76837158203125e-07
9991,0.0026874542236328125,2.1457672119140625e-06,4.76837158203125e-07
9992,0.0025010108947753906,1.9073486328125e-06,2.384185791015625e-07
9993,0.002438068389892578,2.1457672119140625e-06,2.384185791015625e-07
9994,0.002811431884765625,2.1457672119140625e-06,2.384185791015625e-07
9995,0.0025072097778320312,1.9073486328125e-06,4.76837158203125e-07
9996,0.00254058837890625,1.6689300537109375e-06,7.152557373046875e-07
9997,0.0021398067474365234,1.6689300537109375e-06,4.76837158203125e-07
9998,0.0032095909118652344,1.6689300537109375e-06,2.384185791015625e-07
9999,0.0021157264709472656,2.1457672119140625e-06,2.384185791015625e-07
average,0.00236231153011322,1.924276351928711e-06,3.2002925872802736e-07
