id,insert_latency,update_latency,delete_latency
0,1.3113021850585938e-05,2.384185791015625e-06,4.76837158203125e-06
1,7.152557373046875e-07,7.152557373046875e-07,7.152557373046875e-07
2,7.152557373046875e-07,7.152557373046875e-07,2.384185791015625e-07
3,4.76837158203125e-07,4.76837158203125e-07,2.384185791015625e-07
4,7.152557373046875e-07,7.152557373046875e-07,0.0
5,4.76837158203125e-07,4.76837158203125e-07,0.0
6,4.76837158203125e-07,4.76837158203125e-07,0.0
7,4.76837158203125e-07,7.152557373046875e-07,0.0
8,4.76837158203125e-07,4.76837158203125e-07,0.0
9,4.76837158203125e-07,4.76837158203125e-07,0.0
10,4.76837158203125e-07,7.152557373046875e-07,2.384185791015625e-07
11,4.76837158203125e-07,4.76837158203125e-07,2.384185791015625e-07
12,4.76837158203125e-07,7.152557373046875e-07,2.384185791015625e-07
13,4.76837158203125e-07,4.76837158203125e-07,2.384185791015625e-07
14,4.76837158203125e-07,4.76837158203125e-07,0.0
15,7.152557373046875e-07,4.76837158203125e-07,2.384185791015625e-07
16,4.76837158203125e-07,7.152557373046875e-07,2.384185791015625e-07
17,4.76837158203125e-07,4.76837158203125e-07,2.384185791015625e-07
18,4.76837158203125e-07,4.76837158203125e-07,0.0
19,7.152557373046875e-07,7.152557373046875e-07,0.0
20,4.76837158203125e-07,4.76837158203125e-07,2.384185791015625e-07
21,4.76837158203125e-07,4.76837158203125e-07,0.0
22,2.384185791015625e-07,4.76837158203125e-07,0.0
23,4.76837158203125e-07,4.76837158203125e-07,2.384185791015625e-07
24,4.76837158203125e-07,4.76837158203125e-07,2.384185791015625e-07
25,4.76837158203125e-07,4.76837158203125e-07,2.384185791015625e-07
26,4.76837158203125e-07,4.76837158203125e-07,2.384185791015625e-07
27,4.76837158203125e-07,7.152557373046875e-07,0.0
28,4.76837158203125e-07,4.76837158203125e-07,0.0
29,4.76837158203125e-07,4.76837158203125e-07,2.384185791015625e-07
30,4.76837158203125e-07,4.76837158203125e-07,2.384185791015625e-07
31,4.76837158203125e-07,7.152557373046875e-07,0.0
32,4.76837158203125e-07,7.152557373046875e-07,2.384185791015625e-07
33,2.384185791015625e-07,4.76837158203125e-07,2.384185791015625e-07
34,7.152557373046875e-07,4.76837158203125e-07,0.0
35,4.76837158203125e-07,4.76837158203125e-07,2.384185791015625e-07
36,4.76837158203125e-07,7.152557373046875e-07,4.76837158203125e-07
37,4.76837158203125e-07,4.76837158203125e-07,0.0
38,7.152557373046875e-07,7.152557373046875e-07,2.384185791015625e-07
39,4.76837158203125e-07,7.152557373046875e-07,2.384185791015625e-07
40,4.76837158203125e-07,7.152557373046875e-07,2.384185791015625e-07
41,4.76837158203125e-07,4.76837158203125e-07,2.384185791015625e-07
42,4.76837158203125e-07,9.5367431640625e-07,0.0
43,4.76837158203125e-07,9.5367431640625e-07,4.76837158203125e-07
44,2.384185791015625e-07,9.5367431640625e-07,2.384185791015625e-07
45,4.76837158203125e-07,9.5367431640625e-07,2.384185791015625e-07
46,4.76837158203125e-07,7.152557373046875e-07,2.384185791015625e-07
47,4.76837158203125e-07,7.152557373046875e-07,2.384185791015625e-07
48,7.152557373046875e-07,4.76837158203125e-07,0.0
49,4.76837158203125e-07,4.76837158203125e-07,2.384185791015625e-07
50,2.384185791015625e-07,4.76837158203125e-07,2.384185791015625e-07
51,4.76837158203125e-07,7.152557373046875e-07,2.384185791015625e-07
52,4.76837158203125e-07,7.152557373046875e-07,2.384185791015625e-07
53,4.76837158203125e-07,4.76837158203125e-07,2.384185791015625e-07
54,4.76837158203125e-07,4.76837158203125e-07,0.0
55,4.76837158203125e-07,4.76837158203125e-07,2.384185791015625e-07
56,4.76837158203125e-07,4.76837158203125e-07,0.0
57,7.152557373046875e-07,4.76837158203125e-07,2.384185791015625e-07
58,4.76837158203125e-07,4.76837158203125e-07,2.384185791015625e-07
59,4.76837158203125e-07,4.76837158203125e-07,4.76837158203125e-07
60,4.76837158203125e-07,4.76837158203125e-07,2.384185791015625e-07
61,7.152557373046875e-07,4.76837158203125e-07,2.384185791015625e-07
62,4.76837158203125e-07,4.76837158203125e-07,2.384185791015625e-07
63,4.76837158203125e-07,4.76837158203125e-07,0.0
64,4.76837158203125e-07,4.76837158203125e-07,2.384185791015625e-07
65,4.76837158203125e-07,7.152557373046875e-07,2.384185791015625e-07
66,4.76837158203125e-07,4.76837158203125e-07,2.384185791015625e-07
67,2.384185791015625e-07,7.152557373046875e-07,2.384185791015625e-07
68,4.76837158203125e-07,4.76837158203125e-07,2.384185791015625e-07
69,4.76837158203125e-07,4.76837158203125e-07,2.384185791015625e-07
70,4.76837158203125e-07,7.152557373046875e-07,0.0
71,4.76837158203125e-07,7.152557373046875e-07,0.0
72,4.76837158203125e-07,7.152557373046875e-07,2.384185791015625e-07
73,4.76837158203125e-07,4.76837158203125e-07,4.76837158203125e-07
74,2.384185791015625e-07,4.76837158203125e-07,2.384185791015625e-07
75,7.152557373046875e-07,4.76837158203125e-07,2.384185791015625e-07
76,4.76837158203125e-07,4.76837158203125e-07,0.0
77,4.76837158203125e-07,7.152557373046875e-07,2.384185791015625e-07
78,4.76837158203125e-07,7.152557373046875e-07,2.384185791015625e-07
79,4.76837158203125e-07,9.5367431640625e-07,2.384185791015625e-07
80,2.384185791015625e-07,4.76837158203125e-07,2.384185791015625e-07
81,4.76837158203125e-07,4.76837158203125e-07,2.384185791015625e-07
82,4.76837158203125e-07,4.76837158203125e-07,2.384185791015625e-07
83,4.76837158203125e-07,7.152557373046875e-07,4.76837158203125e-07
84,4.76837158203125e-07,4.76837158203125e-07,2.384185791015625e-07
85,4.76837158203125e-07,4.76837158203125e-07,2.384185791015625e-07
86,4.76837158203125e-07,4.76837158203125e-07,2.384185791015625e-07
87,4.76837158203125e-07,7.152557373046875e-07,0.0
88,7.152557373046875e-07,4.76837158203125e-07,2.384185791015625e-07
89,4.76837158203125e-07,7.152557373046875e-07,0.0
90,4.76837158203125e-07,4.76837158203125e-07,0.0
91,7.152557373046875e-07,4.76837158203125e-07,0.0
92,2.384185791015625e-07,4.76837158203125e-07,2.384185791015625e-07
93,4.76837158203125e-07,4.76837158203125e-07,0.0
94,7.152557373046875e-07,4.76837158203125e-07,2.384185791015625e-07
95,4.76837158203125e-07,4.76837158203125e-07,2.384185791015625e-07
96,4.76837158203125e-07,7.152557373046875e-07,2.384185791015625e-07
97,4.76837158203125e-07,4.76837158203125e-07,0.0
98,4.76837158203125e-07,4.76837158203125e-07,2.384185791015625e-07
99,4.76837158203125e-07,4.76837158203125e-07,2.384185791015625e-07
100,4.76837158203125e-07,4.76837158203125e-07,2.384185791015625e-07
101,7.152557373046875e-07,7.152557373046875e-07,2.384185791015625e-07
102,4.76837158203125e-07,7.152557373046875e-07,2.384185791015625e-07
103,4.76837158203125e-07,7.152557373046875e-07,0.0
104,7.152557373046875e-07,4.76837158203125e-07,2.384185791015625e-07
105,7.152557373046875e-07,4.76837158203125e-07,4.76837158203125e-07
106,4.76837158203125e-07,4.76837158203125e-07,2.384185791015625e-07
107,4.76837158203125e-07,4.76837158203125e-07,2.384185791015625e-07
108,7.152557373046875e-07,4.76837158203125e-07,2.384185791015625e-07
109,7.152557373046875e-07,7.152557373046875e-07,2.384185791015625e-07
110,4.76837158203125e-07,4.76837158203125e-07,2.384185791015625e-07
111,4.76837158203125e-07,4.76837158203125e-07,0.0
112,4.76837158203125e-07,4.76837158203125e-07,2.384185791015625e-07
113,7.152557373046875e-07,4.76837158203125e-07,2.384185791015625e-07
114,4.76837158203125e-07,4.76837158203125e-07,0.0
115,7.152557373046875e-07,4.76837158203125e-07,2.384185791015625e-07
116,7.152557373046875e-07,4.76837158203125e-07,0.0
117,7.152557373046875e-07,7.152557373046875e-07,2.384185791015625e-07
118,7.152557373046875e-07,4.76837158203125e-07,2.384185791015625e-07
119,4.76837158203125e-07,4.76837158203125e-07,0.0
120,7.152557373046875e-07,4.76837158203125e-07,4.76837158203125e-07
121,4.76837158203125e-07,7.152557373046875e-07,2.384185791015625e-07
122,4.76837158203125e-07,7.152557373046875e-07,0.0
123,7.152557373046875e-07,7.152557373046875e-07,2.384185791015625e-07
124,7.152557373046875e-07,7.152557373046875e-07,2.384185791015625e-07
125,4.76837158203125e-07,4.76837158203125e-07,2.384185791015625e-07
126,4.76837158203125e-07,7.152557373046875e-07,2.384185791015625e-07
127,7.152557373046875e-07,4.76837158203125e-07,2.384185791015625e-07
128,4.76837158203125e-07,4.76837158203125e-07,2.384185791015625e-07
129,4.76837158203125e-07,4.76837158203125e-07,2.384185791015625e-07
130,4.76837158203125e-07,4.76837158203125e-07,2.384185791015625e-07
131,7.152557373046875e-07,7.152557373046875e-07,0.0
132,4.76837158203125e-07,4.76837158203125e-07,2.384185791015625e-07
133,9.5367431640625e-07,7.152557373046875e-07,2.384185791015625e-07
134,4.76837158203125e-07,7.152557373046875e-07,2.384185791015625e-07
135,7.152557373046875e-07,7.152557373046875e-07,0.0
136,9.5367431640625e-07,9.5367431640625e-07,0.0
137,7.152557373046875e-07,7.152557373046875e-07,2.384185791015625e-07
138,4.76837158203125e-07,7.152557373046875e-07,2.384185791015625e-07
139,7.152557373046875e-07,7.152557373046875e-07,2.384185791015625e-07
140,4.76837158203125e-07,7.152557373046875e-07,0.0
141,7.152557373046875e-07,4.76837158203125e-07,4.76837158203125e-07
142,7.152557373046875e-07,9.5367431640625e-07,2.384185791015625e-07
143,7.152557373046875e-07,4.76837158203125e-07,2.384185791015625e-07
144,4.76837158203125e-07,4.76837158203125e-07,2.384185791015625e-07
145,4.76837158203125e-07,4.76837158203125e-07,2.384185791015625e-07
146,4.76837158203125e-07,4.76837158203125e-07,0.0
147,4.76837158203125e-07,4.76837158203125e-07,2.384185791015625e-07
148,4.76837158203125e-07,4.76837158203125e-07,2.384185791015625e-07
149,7.152557373046875e-07,4.76837158203125e-07,2.384185791015625e-07
150,4.76837158203125e-07,4.76837158203125e-07,2.384185791015625e-07
151,4.76837158203125e-07,4.76837158203125e-07,2.384185791015625e-07
152,4.76837158203125e-07,4.76837158203125e-07,0.0
153,4.76837158203125e-07,4.76837158203125e-07,2.384185791015625e-07
154,7.152557373046875e-07,4.76837158203125e-07,2.384185791015625e-07
155,4.76837158203125e-07,4.76837158203125e-07,0.0
156,7.152557373046875e-07,4.76837158203125e-07,4.76837158203125e-07
157,4.76837158203125e-07,7.152557373046875e-07,0.0
158,4.76837158203125e-07,7.152557373046875e-07,2.384185791015625e-07
159,4.76837158203125e-07,7.152557373046875e-07,2.384185791015625e-07
160,4.76837158203125e-07,4.76837158203125e-07,2.384185791015625e-07
161,4.76837158203125e-07,7.152557373046875e-07,2.384185791015625e-07
162,4.76837158203125e-07,4.76837158203125e-07,2.384185791015625e-07
163,7.152557373046875e-07,7.152557373046875e-07,2.384185791015625e-07
164,7.152557373046875e-07,7.152557373046875e-07,0.0
165,4.76837158203125e-07,4.76837158203125e-07,2.384185791015625e-07
166,4.76837158203125e-07,4.76837158203125e-07,0.0
167,4.76837158203125e-07,4.76837158203125e-07,2.384185791015625e-07
168,7.152557373046875e-07,4.76837158203125e-07,2.384185791015625e-07
169,4.76837158203125e-07,7.152557373046875e-07,0.0
170,7.152557373046875e-07,7.152557373046875e-07,2.384185791015625e-07
171,4.76837158203125e-07,7.152557373046875e-07,0.0
172,4.76837158203125e-07,9.5367431640625e-07,0.0
173,7.152557373046875e-07,7.152557373046875e-07,2.384185791015625e-07
174,4.76837158203125e-07,9.5367431640625e-07,0.0
175,4.76837158203125e-07,9.5367431640625e-07,2.384185791015625e-07
176,4.76837158203125e-07,9.5367431640625e-07,2.384185791015625e-07
177,4.76837158203125e-07,9.5367431640625e-07,0.0
178,4.76837158203125e-07,7.152557373046875e-07,2.384185791015625e-07
179,4.76837158203125e-07,4.76837158203125e-07,4.76837158203125e-07
180,9.5367431640625e-07,4.76837158203125e-07,2.384185791015625e-07
181,4.76837158203125e-07,4.76837158203125e-07,2.384185791015625e-07
182,4.76837158203125e-07,4.76837158203125e-07,0.0
183,4.76837158203125e-07,4.76837158203125e-07,2.384185791015625e-07
184,4.76837158203125e-07,4.76837158203125e-07,2.384185791015625e-07
185,4.76837158203125e-07,4.76837158203125e-07,0.0
186,4.76837158203125e-07,4.76837158203125e-07,2.384185791015625e-07
187,4.76837158203125e-07,7.152557373046875e-07,2.384185791015625e-07
188,4.76837158203125e-07,7.152557373046875e-07,2.384185791015625e-07
189,7.152557373046875e-07,4.76837158203125e-07,2.384185791015625e-07
190,9.5367431640625e-07,7.152557373046875e-07,0.0
191,4.76837158203125e-07,4.76837158203125e-07,2.384185791015625e-07
192,4.76837158203125e-07,4.76837158203125e-07,2.384185791015625e-07
193,4.76837158203125e-07,4.76837158203125e-07,0.0
194,4.76837158203125e-07,4.76837158203125e-07,2.384185791015625e-07
195,4.76837158203125e-07,4.76837158203125e-07,2.384185791015625e-07
196,4.76837158203125e-07,4.76837158203125e-07,2.384185791015625e-07
197,4.76837158203125e-07,4.76837158203125e-07,2.384185791015625e-07
198,4.76837158203125e-07,7.152557373046875e-07,2.384185791015625e-07
199,4.76837158203125e-07,7.152557373046875e-07,2.384185791015625e-07
200,7.152557373046875e-07,7.152557373046875e-07,0.0
201,7.152557373046875e-07,4.76837158203125e-07,2.384185791015625e-07
202,7.152557373046875e-07,4.76837158203125e-07,2.384185791015625e-07
203,4.76837158203125e-07,4.76837158203125e-07,2.384185791015625e-07
204,4.76837158203125e-07,7.152557373046875e-07,2.384185791015625e-07
205,4.76837158203125e-07,7.152557373046875e-07,0.0
206,4.76837158203125e-07,7.152557373046875e-07,2.384185791015625e-07
207,7.152557373046875e-07,4.76837158203125e-07,0.0
208,4.76837158203125e-07,4.76837158203125e-07,4.76837158203125e-07
209,4.76837158203125e-07,4.76837158203125e-07,2.384185791015625e-07
210,7.152557373046875e-07,4.76837158203125e-07,0.0
211,4.76837158203125e-07,4.76837158203125e-07,2.384185791015625e-07
212,4.76837158203125e-07,4.76837158203125e-07,2.384185791015625e-07
213,7.152557373046875e-07,7.152557373046875e-07,0.0
214,4.76837158203125e-07,4.76837158203125e-07,2.384185791015625e-07
215,4.76837158203125e-07,4.76837158203125e-07,2.384185791015625e-07
216,7.152557373046875e-07,4.76837158203125e-07,0.0
217,7.152557373046875e-07,4.76837158203125e-07,2.384185791015625e-07
218,4.76837158203125e-07,4.76837158203125e-07,2.384185791015625e-07
219,4.76837158203125e-07,4.76837158203125e-07,0.0
220,4.76837158203125e-07,4.76837158203125e-07,0.0
221,7.152557373046875e-07,7.152557373046875e-07,2.384185791015625e-07
222,7.152557373046875e-07,4.76837158203125e-07,2.384185791015625e-07
223,4.76837158203125e-07,4.76837158203125e-07,0.0
224,4.76837158203125e-07,4.76837158203125e-07,0.0
225,4.76837158203125e-07,4.76837158203125e-07,2.384185791015625e-07
226,4.76837158203125e-07,4.76837158203125e-07,2.384185791015625e-07
227,4.76837158203125e-07,4.76837158203125e-07,0.0
228,4.76837158203125e-07,4.76837158203125e-07,2.384185791015625e-07
229,4.76837158203125e-07,4.76837158203125e-07,2.384185791015625e-07
230,7.152557373046875e-07,7.152557373046875e-07,0.0
231,4.76837158203125e-07,4.76837158203125e-07,2.384185791015625e-07
232,7.152557373046875e-07,4.76837158203125e-07,0.0
233,4.76837158203125e-07,7.152557373046875e-07,2.384185791015625e-07
234,7.152557373046875e-07,7.152557373046875e-07,0.0
235,4.76837158203125e-07,7.152557373046875e-07,2.384185791015625e-07
236,4.76837158203125e-07,7.152557373046875e-07,2.384185791015625e-07
237,4.76837158203125e-07,4.76837158203125e-07,2.384185791015625e-07
238,4.76837158203125e-07,4.76837158203125e-07,2.384185791015625e-07
239,4.76837158203125e-07,7.152557373046875e-07,4.76837158203125e-07
240,4.76837158203125e-07,7.152557373046875e-07,0.0
241,4.76837158203125e-07,7.152557373046875e-07,2.384185791015625e-07
242,4.76837158203125e-07,4.76837158203125e-07,0.0
243,4.76837158203125e-07,4.76837158203125e-07,2.384185791015625e-07
244,4.76837158203125e-07,4.76837158203125e-07,2.384185791015625e-07
245,4.76837158203125e-07,4.76837158203125e-07,2.384185791015625e-07
246,4.76837158203125e-07,4.76837158203125e-07,0.0
247,4.76837158203125e-07,4.76837158203125e-07,4.76837158203125e-07
248,4.76837158203125e-07,4.76837158203125e-07,2.384185791015625e-07
249,4.76837158203125e-07,4.76837158203125e-07,0.0
250,4.76837158203125e-07,4.76837158203125e-07,2.384185791015625e-07
251,4.76837158203125e-07,4.76837158203125e-07,2.384185791015625e-07
252,4.76837158203125e-07,4.76837158203125e-07,2.384185791015625e-07
253,4.76837158203125e-07,7.152557373046875e-07,2.384185791015625e-07
254,4.76837158203125e-07,7.152557373046875e-07,0.0
255,7.152557373046875e-07,7.152557373046875e-07,2.384185791015625e-07
256,4.76837158203125e-07,4.76837158203125e-07,2.384185791015625e-07
257,4.76837158203125e-07,4.76837158203125e-07,2.384185791015625e-07
258,7.152557373046875e-07,4.76837158203125e-07,2.384185791015625e-07
259,7.152557373046875e-07,4.76837158203125e-07,0.0
260,4.76837158203125e-07,7.152557373046875e-07,2.384185791015625e-07
261,7.152557373046875e-07,4.76837158203125e-07,2.384185791015625e-07
262,4.76837158203125e-07,4.76837158203125e-07,0.0
263,4.76837158203125e-07,4.76837158203125e-07,0.0
264,4.76837158203125e-07,7.152557373046875e-07,2.384185791015625e-07
265,4.76837158203125e-07,7.152557373046875e-07,2.384185791015625e-07
266,4.76837158203125e-07,4.76837158203125e-07,0.0
267,4.76837158203125e-07,4.76837158203125e-07,2.384185791015625e-07
268,7.152557373046875e-07,9.5367431640625e-07,0.0
269,7.152557373046875e-07,4.76837158203125e-07,2.384185791015625e-07
270,4.76837158203125e-07,4.76837158203125e-07,2.384185791015625e-07
271,4.76837158203125e-07,4.76837158203125e-07,0.0
272,4.76837158203125e-07,4.76837158203125e-07,0.0
273,4.76837158203125e-07,4.76837158203125e-07,2.384185791015625e-07
274,9.5367431640625e-07,4.76837158203125e-07,2.384185791015625e-07
275,4.76837158203125e-07,7.152557373046875e-07,0.0
276,4.76837158203125e-07,7.152557373046875e-07,0.0
277,4.76837158203125e-07,9.5367431640625e-07,4.76837158203125e-07
278,4.76837158203125e-07,7.152557373046875e-07,2.384185791015625e-07
279,4.76837158203125e-07,7.152557373046875e-07,2.384185791015625e-07
280,4.76837158203125e-07,7.152557373046875e-07,0.0
281,7.152557373046875e-07,4.76837158203125e-07,2.384185791015625e-07
282,7.152557373046875e-07,4.76837158203125e-07,0.0
283,4.76837158203125e-07,4.76837158203125e-07,0.0
284,4.76837158203125e-07,4.76837158203125e-07,0.0
285,7.152557373046875e-07,7.152557373046875e-07,4.76837158203125e-07
286,4.76837158203125e-07,7.152557373046875e-07,2.384185791015625e-07
287,4.76837158203125e-07,4.76837158203125e-07,0.0
288,7.152557373046875e-07,7.152557373046875e-07,2.384185791015625e-07
289,4.76837158203125e-07,7.152557373046875e-07,2.384185791015625e-07
290,4.76837158203125e-07,4.76837158203125e-07,0.0
291,4.76837158203125e-07,7.152557373046875e-07,2.384185791015625e-07
292,4.76837158203125e-07,4.76837158203125e-07,2.384185791015625e-07
293,4.76837158203125e-07,7.152557373046875e-07,0.0
294,4.76837158203125e-07,4.76837158203125e-07,2.384185791015625e-07
295,9.5367431640625e-07,4.76837158203125e-07,2.384185791015625e-07
296,4.76837158203125e-07,4.76837158203125e-07,0.0
297,7.152557373046875e-07,4.76837158203125e-07,0.0
298,4.76837158203125e-07,4.76837158203125e-07,2.384185791015625e-07
299,4.76837158203125e-07,7.152557373046875e-07,2.384185791015625e-07
300,7.152557373046875e-07,7.152557373046875e-07,2.384185791015625e-07
301,4.76837158203125e-07,7.152557373046875e-07,4.76837158203125e-07
302,7.152557373046875e-07,4.76837158203125e-07,0.0
303,4.76837158203125e-07,7.152557373046875e-07,2.384185791015625e-07
304,4.76837158203125e-07,4.76837158203125e-07,2.384185791015625e-07
305,4.76837158203125e-07,4.76837158203125e-07,0.0
306,4.76837158203125e-07,4.76837158203125e-07,2.384185791015625e-07
307,7.152557373046875e-07,7.152557373046875e-07,2.384185791015625e-07
308,4.76837158203125e-07,9.5367431640625e-07,0.0
309,4.76837158203125e-07,7.152557373046875e-07,2.384185791015625e-07
310,4.76837158203125e-07,7.152557373046875e-07,0.0
311,7.152557373046875e-07,4.76837158203125e-07,2.384185791015625e-07
312,4.76837158203125e-07,4.76837158203125e-07,2.384185791015625e-07
313,7.152557373046875e-07,4.76837158203125e-07,2.384185791015625e-07
314,7.152557373046875e-07,4.76837158203125e-07,4.76837158203125e-07
315,9.5367431640625e-07,9.5367431640625e-07,0.0
316,7.152557373046875e-07,4.76837158203125e-07,2.384185791015625e-07
317,4.76837158203125e-07,7.152557373046875e-07,2.384185791015625e-07
318,9.5367431640625e-07,9.5367431640625e-07,0.0
319,4.76837158203125e-07,9.5367431640625e-07,2.384185791015625e-07
320,7.152557373046875e-07,7.152557373046875e-07,2.384185791015625e-07
321,4.76837158203125e-07,4.76837158203125e-07,0.0
322,4.76837158203125e-07,4.76837158203125e-07,2.384185791015625e-07
323,4.76837158203125e-07,4.76837158203125e-07,2.384185791015625e-07
324,4.76837158203125e-07,4.76837158203125e-07,0.0
325,7.152557373046875e-07,4.76837158203125e-07,2.384185791015625e-07
326,4.76837158203125e-07,4.76837158203125e-07,2.384185791015625e-07
327,4.76837158203125e-07,4.76837158203125e-07,0.0
328,4.76837158203125e-07,7.152557373046875e-07,2.384185791015625e-07
329,7.152557373046875e-07,4.76837158203125e-07,2.384185791015625e-07
330,7.152557373046875e-07,7.152557373046875e-07,0.0
331,7.152557373046875e-07,4.76837158203125e-07,2.384185791015625e-07
332,4.76837158203125e-07,4.76837158203125e-07,2.384185791015625e-07
333,4.76837158203125e-07,7.152557373046875e-07,0.0
334,4.76837158203125e-07,4.76837158203125e-07,0.0
335,4.76837158203125e-07,7.152557373046875e-07,2.384185791015625e-07
336,4.76837158203125e-07,4.76837158203125e-07,0.0
337,4.76837158203125e-07,4.76837158203125e-07,2.384185791015625e-07
338,4.76837158203125e-07,4.76837158203125e-07,2.384185791015625e-07
339,7.152557373046875e-07,4.76837158203125e-07,2.384185791015625e-07
340,4.76837158203125e-07,4.76837158203125e-07,2.384185791015625e-07
341,4.76837158203125e-07,7.152557373046875e-07,0.0
342,9.5367431640625e-07,4.76837158203125e-07,2.384185791015625e-07
343,4.76837158203125e-07,7.152557373046875e-07,2.384185791015625e-07
344,7.152557373046875e-07,4.76837158203125e-07,0.0
345,4.76837158203125e-07,4.76837158203125e-07,2.384185791015625e-07
346,7.152557373046875e-07,4.76837158203125e-07,4.76837158203125e-07
347,4.76837158203125e-07,4.76837158203125e-07,0.0
348,4.76837158203125e-07,4.76837158203125e-07,0.0
349,7.152557373046875e-07,4.76837158203125e-07,2.384185791015625e-07
350,4.76837158203125e-07,7.152557373046875e-07,2.384185791015625e-07
351,4.76837158203125e-07,7.152557373046875e-07,0.0
352,4.76837158203125e-07,9.5367431640625e-07,2.384185791015625e-07
353,4.76837158203125e-07,4.76837158203125e-07,2.384185791015625e-07
354,4.76837158203125e-07,9.5367431640625e-07,0.0
355,9.5367431640625e-07,7.152557373046875e-07,2.384185791015625e-07
356,4.76837158203125e-07,7.152557373046875e-07,2.384185791015625e-07
357,7.152557373046875e-07,7.152557373046875e-07,0.0
358,4.76837158203125e-07,7.152557373046875e-07,2.384185791015625e-07
359,4.76837158203125e-07,7.152557373046875e-07,2.384185791015625e-07
360,4.76837158203125e-07,4.76837158203125e-07,2.384185791015625e-07
361,4.76837158203125e-07,4.76837158203125e-07,2.384185791015625e-07
362,7.152557373046875e-07,4.76837158203125e-07,0.0
363,4.76837158203125e-07,4.76837158203125e-07,0.0
364,4.76837158203125e-07,7.152557373046875e-07,2.384185791015625e-07
365,7.152557373046875e-07,7.152557373046875e-07,2.384185791015625e-07
366,4.76837158203125e-07,7.152557373046875e-07,0.0
367,4.76837158203125e-07,4.76837158203125e-07,2.384185791015625e-07
368,4.76837158203125e-07,4.76837158203125e-07,0.0
369,4.76837158203125e-07,4.76837158203125e-07,2.384185791015625e-07
370,4.76837158203125e-07,4.76837158203125e-07,2.384185791015625e-07
371,4.76837158203125e-07,4.76837158203125e-07,0.0
372,4.76837158203125e-07,4.76837158203125e-07,2.384185791015625e-07
373,4.76837158203125e-07,4.76837158203125e-07,0.0
374,4.76837158203125e-07,4.76837158203125e-07,0.0
375,7.152557373046875e-07,4.76837158203125e-07,2.384185791015625e-07
376,4.76837158203125e-07,4.76837158203125e-07,4.76837158203125e-07
377,4.76837158203125e-07,4.76837158203125e-07,0.0
378,7.152557373046875e-07,4.76837158203125e-07,0.0
379,4.76837158203125e-07,4.76837158203125e-07,2.384185791015625e-07
380,4.76837158203125e-07,4.76837158203125e-07,2.384185791015625e-07
381,4.76837158203125e-07,7.152557373046875e-07,0.0
382,7.152557373046875e-07,4.76837158203125e-07,0.0
383,4.76837158203125e-07,7.152557373046875e-07,2.384185791015625e-07
384,7.152557373046875e-07,7.152557373046875e-07,2.384185791015625e-07
385,4.76837158203125e-07,9.5367431640625e-07,0.0
386,4.76837158203125e-07,9.5367431640625e-07,2.384185791015625e-07
387,4.76837158203125e-07,7.152557373046875e-07,0.0
388,4.76837158203125e-07,4.76837158203125e-07,2.384185791015625e-07
389,7.152557373046875e-07,7.152557373046875e-07,2.384185791015625e-07
390,4.76837158203125e-07,4.76837158203125e-07,0.0
391,7.152557373046875e-07,4.76837158203125e-07,2.384185791015625e-07
392,4.76837158203125e-07,4.76837158203125e-07,4.76837158203125e-07
393,4.76837158203125e-07,4.76837158203125e-07,2.384185791015625e-07
394,4.76837158203125e-07,4.76837158203125e-07,2.384185791015625e-07
395,4.76837158203125e-07,4.76837158203125e-07,0.0
396,7.152557373046875e-07,4.76837158203125e-07,2.384185791015625e-07
397,4.76837158203125e-07,4.76837158203125e-07,2.384185791015625e-07
398,4.76837158203125e-07,4.76837158203125e-07,0.0
399,4.76837158203125e-07,4.76837158203125e-07,2.384185791015625e-07
400,4.76837158203125e-07,7.152557373046875e-07,4.76837158203125e-07
401,4.76837158203125e-07,4.76837158203125e-07,0.0
402,7.152557373046875e-07,4.76837158203125e-07,0.0
403,4.76837158203125e-07,7.152557373046875e-07,2.384185791015625e-07
404,4.76837158203125e-07,7.152557373046875e-07,2.384185791015625e-07
405,4.76837158203125e-07,4.76837158203125e-07,0.0
406,4.76837158203125e-07,4.76837158203125e-07,2.384185791015625e-07
407,4.76837158203125e-07,7.152557373046875e-07,2.384185791015625e-07
408,4.76837158203125e-07,4.76837158203125e-07,2.384185791015625e-07
409,4.76837158203125e-07,4.76837158203125e-07,0.0
410,4.76837158203125e-07,4.76837158203125e-07,2.384185791015625e-07
411,4.76837158203125e-07,4.76837158203125e-07,0.0
412,9.5367431640625e-07,4.76837158203125e-07,2.384185791015625e-07
413,4.76837158203125e-07,4.76837158203125e-07,0.0
414,4.76837158203125e-07,4.76837158203125e-07,4.76837158203125e-07
415,4.76837158203125e-07,7.152557373046875e-07,2.384185791015625e-07
416,4.76837158203125e-07,7.152557373046875e-07,0.0
417,4.76837158203125e-07,7.152557373046875e-07,2.384185791015625e-07
418,4.76837158203125e-07,9.5367431640625e-07,2.384185791015625e-07
419,7.152557373046875e-07,7.152557373046875e-07,0.0
420,4.76837158203125e-07,4.76837158203125e-07,2.384185791015625e-07
421,4.76837158203125e-07,4.76837158203125e-07,2.384185791015625e-07
422,4.76837158203125e-07,4.76837158203125e-07,0.0
423,4.76837158203125e-07,4.76837158203125e-07,2.384185791015625e-07
424,4.76837158203125e-07,7.152557373046875e-07,2.384185791015625e-07
425,4.76837158203125e-07,7.152557373046875e-07,0.0
426,4.76837158203125e-07,7.152557373046875e-07,2.384185791015625e-07
427,4.76837158203125e-07,7.152557373046875e-07,2.384185791015625e-07
428,4.76837158203125e-07,4.76837158203125e-07,0.0
429,7.152557373046875e-07,4.76837158203125e-07,0.0
430,4.76837158203125e-07,7.152557373046875e-07,2.384185791015625e-07
431,4.76837158203125e-07,7.152557373046875e-07,2.384185791015625e-07
432,4.76837158203125e-07,7.152557373046875e-07,0.0
433,4.76837158203125e-07,4.76837158203125e-07,2.384185791015625e-07
434,4.76837158203125e-07,7.152557373046875e-07,2.384185791015625e-07
435,4.76837158203125e-07,4.76837158203125e-07,2.384185791015625e-07
436,7.152557373046875e-07,7.152557373046875e-07,0.0
437,7.152557373046875e-07,7.152557373046875e-07,2.384185791015625e-07
438,4.76837158203125e-07,4.76837158203125e-07,4.76837158203125e-07
439,7.152557373046875e-07,4.76837158203125e-07,0.0
440,4.76837158203125e-07,7.152557373046875e-07,2.384185791015625e-07
441,4.76837158203125e-07,7.152557373046875e-07,2.384185791015625e-07
442,4.76837158203125e-07,4.76837158203125e-07,0.0
443,4.76837158203125e-07,4.76837158203125e-07,2.384185791015625e-07
444,4.76837158203125e-07,7.152557373046875e-07,2.384185791015625e-07
445,4.76837158203125e-07,4.76837158203125e-07,2.384185791015625e-07
446,9.5367431640625e-07,7.152557373046875e-07,0.0
447,7.152557373046875e-07,7.152557373046875e-07,2.384185791015625e-07
448,4.76837158203125e-07,9.5367431640625e-07,2.384185791015625e-07
449,4.76837158203125e-07,7.152557373046875e-07,0.0
450,7.152557373046875e-07,7.152557373046875e-07,2.384185791015625e-07
451,4.76837158203125e-07,9.5367431640625e-07,2.384185791015625e-07
452,4.76837158203125e-07,7.152557373046875e-07,0.0
453,7.152557373046875e-07,4.76837158203125e-07,2.384185791015625e-07
454,4.76837158203125e-07,4.76837158203125e-07,4.76837158203125e-07
455,4.76837158203125e-07,4.76837158203125e-07,2.384185791015625e-07
456,7.152557373046875e-07,7.152557373046875e-07,2.384185791015625e-07
457,4.76837158203125e-07,4.76837158203125e-07,2.384185791015625e-07
458,4.76837158203125e-07,7.152557373046875e-07,2.384185791015625e-07
459,4.76837158203125e-07,7.152557373046875e-07,0.0
460,7.152557373046875e-07,4.76837158203125e-07,2.384185791015625e-07
461,4.76837158203125e-07,4.76837158203125e-07,2.384185791015625e-07
462,4.76837158203125e-07,7.152557373046875e-07,0.0
463,7.152557373046875e-07,4.76837158203125e-07,2.384185791015625e-07
464,4.76837158203125e-07,4.76837158203125e-07,2.384185791015625e-07
465,4.76837158203125e-07,4.76837158203125e-07,2.384185791015625e-07
466,4.76837158203125e-07,4.76837158203125e-07,2.384185791015625e-07
467,4.76837158203125e-07,7.152557373046875e-07,2.384185791015625e-07
468,4.76837158203125e-07,9.5367431640625e-07,0.0
469,7.152557373046875e-07,9.5367431640625e-07,2.384185791015625e-07
470,4.76837158203125e-07,7.152557373046875e-07,4.76837158203125e-07
471,4.76837158203125e-07,7.152557373046875e-07,0.0
472,7.152557373046875e-07,9.5367431640625e-07,0.0
473,4.76837158203125e-07,9.5367431640625e-07,2.384185791015625e-07
474,4.76837158203125e-07,9.5367431640625e-07,2.384185791015625e-07
475,4.76837158203125e-07,7.152557373046875e-07,2.384185791015625e-07
476,4.76837158203125e-07,4.76837158203125e-07,0.0
477,7.152557373046875e-07,4.76837158203125e-07,2.384185791015625e-07
478,4.76837158203125e-07,4.76837158203125e-07,4.76837158203125e-07
479,4.76837158203125e-07,4.76837158203125e-07,0.0
480,7.152557373046875e-07,4.76837158203125e-07,2.384185791015625e-07
481,4.76837158203125e-07,4.76837158203125e-07,2.384185791015625e-07
482,4.76837158203125e-07,4.76837158203125e-07,0.0
483,7.152557373046875e-07,4.76837158203125e-07,2.384185791015625e-07
484,7.152557373046875e-07,7.152557373046875e-07,2.384185791015625e-07
485,4.76837158203125e-07,7.152557373046875e-07,0.0
486,4.76837158203125e-07,4.76837158203125e-07,4.76837158203125e-07
487,7.152557373046875e-07,4.76837158203125e-07,2.384185791015625e-07
488,4.76837158203125e-07,4.76837158203125e-07,2.384185791015625e-07
489,4.76837158203125e-07,4.76837158203125e-07,2.384185791015625e-07
490,4.76837158203125e-07,4.76837158203125e-07,0.0
491,4.76837158203125e-07,4.76837158203125e-07,0.0
492,4.76837158203125e-07,4.76837158203125e-07,2.384185791015625e-07
493,7.152557373046875e-07,4.76837158203125e-07,2.384185791015625e-07
494,9.5367431640625e-07,4.76837158203125e-07,0.0
495,4.76837158203125e-07,4.76837158203125e-07,2.384185791015625e-07
496,7.152557373046875e-07,7.152557373046875e-07,2.384185791015625e-07
497,4.76837158203125e-07,4.76837158203125e-07,0.0
498,4.76837158203125e-07,7.152557373046875e-07,2.384185791015625e-07
499,4.76837158203125e-07,7.152557373046875e-07,0.0
500,4.76837158203125e-07,7.152557373046875e-07,2.384185791015625e-07
501,4.76837158203125e-07,9.5367431640625e-07,2.384185791015625e-07
502,4.76837158203125e-07,7.152557373046875e-07,0.0
503,4.76837158203125e-07,7.152557373046875e-07,4.76837158203125e-07
504,7.152557373046875e-07,7.152557373046875e-07,2.384185791015625e-07
505,4.76837158203125e-07,7.152557373046875e-07,0.0
506,4.76837158203125e-07,4.76837158203125e-07,2.384185791015625e-07
507,4.76837158203125e-07,4.76837158203125e-07,0.0
508,9.5367431640625e-07,4.76837158203125e-07,2.384185791015625e-07
509,4.76837158203125e-07,4.76837158203125e-07,2.384185791015625e-07
510,4.76837158203125e-07,7.152557373046875e-07,0.0
511,7.152557373046875e-07,4.76837158203125e-07,4.76837158203125e-07
512,4.76837158203125e-07,7.152557373046875e-07,0.0
513,4.76837158203125e-07,4.76837158203125e-07,2.384185791015625e-07
514,4.76837158203125e-07,4.76837158203125e-07,2.384185791015625e-07
515,1.1920928955078125e-06,4.76837158203125e-07,0.0
516,9.5367431640625e-07,4.76837158203125e-07,2.384185791015625e-07
517,9.5367431640625e-07,4.76837158203125e-07,2.384185791015625e-07
518,7.152557373046875e-07,4.76837158203125e-07,0.0
519,1.1920928955078125e-06,4.76837158203125e-07,2.384185791015625e-07
520,7.152557373046875e-07,4.76837158203125e-07,2.384185791015625e-07
521,1.430511474609375e-06,7.152557373046875e-07,0.0
522,7.152557373046875e-07,7.152557373046875e-07,2.384185791015625e-07
523,1.1920928955078125e-06,7.152557373046875e-07,2.384185791015625e-07
524,7.152557373046875e-07,4.76837158203125e-07,0.0
525,9.5367431640625e-07,4.76837158203125e-07,2.384185791015625e-07
526,7.152557373046875e-07,4.76837158203125e-07,2.384185791015625e-07
527,1.1920928955078125e-06,4.76837158203125e-07,2.384185791015625e-07
528,7.152557373046875e-07,4.76837158203125e-07,2.384185791015625e-07
529,1.1920928955078125e-06,4.76837158203125e-07,2.384185791015625e-07
530,7.152557373046875e-07,4.76837158203125e-07,0.0
531,1.1920928955078125e-06,4.76837158203125e-07,2.384185791015625e-07
532,9.5367431640625e-07,7.152557373046875e-07,2.384185791015625e-07
533,7.152557373046875e-07,7.152557373046875e-07,0.0
534,7.152557373046875e-07,4.76837158203125e-07,4.76837158203125e-07
535,7.152557373046875e-07,4.76837158203125e-07,2.384185791015625e-07
536,1.1920928955078125e-06,4.76837158203125e-07,0.0
537,9.5367431640625e-07,4.76837158203125e-07,2.384185791015625e-07
538,9.5367431640625e-07,4.76837158203125e-07,2.384185791015625e-07
539,7.152557373046875e-07,4.76837158203125e-07,0.0
540,9.5367431640625e-07,4.76837158203125e-07,2.384185791015625e-07
541,7.152557373046875e-07,7.152557373046875e-07,2.384185791015625e-07
542,9.5367431640625e-07,4.76837158203125e-07,4.76837158203125e-07
543,1.9073486328125e-06,7.152557373046875e-07,2.384185791015625e-07
544,4.76837158203125e-07,9.5367431640625e-07,0.0
545,2.384185791015625e-07,7.152557373046875e-07,2.384185791015625e-07
546,4.76837158203125e-07,7.152557373046875e-07,2.384185791015625e-07
547,4.76837158203125e-07,9.5367431640625e-07,0.0
548,4.76837158203125e-07,4.76837158203125e-07,2.384185791015625e-07
549,4.76837158203125e-07,4.76837158203125e-07,0.0
550,4.76837158203125e-07,4.76837158203125e-07,2.384185791015625e-07
551,4.76837158203125e-07,4.76837158203125e-07,2.384185791015625e-07
552,7.152557373046875e-07,4.76837158203125e-07,0.0
553,4.76837158203125e-07,7.152557373046875e-07,2.384185791015625e-07
554,7.152557373046875e-07,4.76837158203125e-07,2.384185791015625e-07
555,4.76837158203125e-07,7.152557373046875e-07,0.0
556,4.76837158203125e-07,7.152557373046875e-07,2.384185791015625e-07
557,4.76837158203125e-07,4.76837158203125e-07,2.384185791015625e-07
558,7.152557373046875e-07,4.76837158203125e-07,0.0
559,4.76837158203125e-07,4.76837158203125e-07,4.76837158203125e-07
560,4.76837158203125e-07,4.76837158203125e-07,2.384185791015625e-07
561,4.76837158203125e-07,4.76837158203125e-07,2.384185791015625e-07
562,7.152557373046875e-07,4.76837158203125e-07,2.384185791015625e-07
563,4.76837158203125e-07,4.76837158203125e-07,0.0
564,4.76837158203125e-07,4.76837158203125e-07,2.384185791015625e-07
565,4.76837158203125e-07,7.152557373046875e-07,2.384185791015625e-07
566,2.384185791015625e-07,4.76837158203125e-07,0.0
567,4.76837158203125e-07,4.76837158203125e-07,4.76837158203125e-07
568,4.76837158203125e-07,4.76837158203125e-07,2.384185791015625e-07
569,4.76837158203125e-07,4.76837158203125e-07,0.0
570,4.76837158203125e-07,4.76837158203125e-07,2.384185791015625e-07
571,4.76837158203125e-07,4.76837158203125e-07,2.384185791015625e-07
572,4.76837158203125e-07,4.76837158203125e-07,0.0
573,4.76837158203125e-07,4.76837158203125e-07,2.384185791015625e-07
574,4.76837158203125e-07,4.76837158203125e-07,2.384185791015625e-07
575,4.76837158203125e-07,4.76837158203125e-07,0.0
576,4.76837158203125e-07,9.5367431640625e-07,2.384185791015625e-07
577,4.76837158203125e-07,9.5367431640625e-07,2.384185791015625e-07
578,4.76837158203125e-07,7.152557373046875e-07,0.0
579,4.76837158203125e-07,7.152557373046875e-07,2.384185791015625e-07
580,4.76837158203125e-07,7.152557373046875e-07,0.0
581,7.152557373046875e-07,4.76837158203125e-07,2.384185791015625e-07
582,4.76837158203125e-07,4.76837158203125e-07,2.384185791015625e-07
583,7.152557373046875e-07,4.76837158203125e-07,0.0
584,4.76837158203125e-07,4.76837158203125e-07,2.384185791015625e-07
585,4.76837158203125e-07,4.76837158203125e-07,2.384185791015625e-07
586,4.76837158203125e-07,4.76837158203125e-07,2.384185791015625e-07
587,4.76837158203125e-07,4.76837158203125e-07,2.384185791015625e-07
588,7.152557373046875e-07,4.76837158203125e-07,0.0
589,4.76837158203125e-07,4.76837158203125e-07,2.384185791015625e-07
590,4.76837158203125e-07,4.76837158203125e-07,2.384185791015625e-07
591,4.76837158203125e-07,7.152557373046875e-07,0.0
592,7.152557373046875e-07,4.76837158203125e-07,4.76837158203125e-07
593,4.76837158203125e-07,4.76837158203125e-07,0.0
594,4.76837158203125e-07,4.76837158203125e-07,2.384185791015625e-07
595,7.152557373046875e-07,7.152557373046875e-07,2.384185791015625e-07
596,4.76837158203125e-07,7.152557373046875e-07,0.0
597,4.76837158203125e-07,4.76837158203125e-07,2.384185791015625e-07
598,4.76837158203125e-07,7.152557373046875e-07,2.384185791015625e-07
599,2.384185791015625e-07,4.76837158203125e-07,0.0
600,4.76837158203125e-07,7.152557373046875e-07,2.384185791015625e-07
601,4.76837158203125e-07,4.76837158203125e-07,2.384185791015625e-07
602,4.76837158203125e-07,4.76837158203125e-07,0.0
603,7.152557373046875e-07,4.76837158203125e-07,2.384185791015625e-07
604,4.76837158203125e-07,4.76837158203125e-07,2.384185791015625e-07
605,4.76837158203125e-07,4.76837158203125e-07,2.384185791015625e-07
606,4.76837158203125e-07,4.76837158203125e-07,0.0
607,2.384185791015625e-07,4.76837158203125e-07,2.384185791015625e-07
608,4.76837158203125e-07,7.152557373046875e-07,2.384185791015625e-07
609,4.76837158203125e-07,4.76837158203125e-07,2.384185791015625e-07
610,4.76837158203125e-07,4.76837158203125e-07,2.384185791015625e-07
611,4.76837158203125e-07,4.76837158203125e-07,0.0
612,4.76837158203125e-07,4.76837158203125e-07,2.384185791015625e-07
613,2.384185791015625e-07,4.76837158203125e-07,2.384185791015625e-07
614,7.152557373046875e-07,9.5367431640625e-07,0.0
615,4.76837158203125e-07,9.5367431640625e-07,2.384185791015625e-07
616,4.76837158203125e-07,7.152557373046875e-07,2.384185791015625e-07
617,4.76837158203125e-07,7.152557373046875e-07,2.384185791015625e-07
618,7.152557373046875e-07,9.5367431640625e-07,2.384185791015625e-07
619,4.76837158203125e-07,7.152557373046875e-07,2.384185791015625e-07
620,2.384185791015625e-07,7.152557373046875e-07,0.0
621,4.76837158203125e-07,4.76837158203125e-07,2.384185791015625e-07
622,4.76837158203125e-07,4.76837158203125e-07,4.76837158203125e-07
623,4.76837158203125e-07,4.76837158203125e-07,0.0
624,2.384185791015625e-07,7.152557373046875e-07,2.384185791015625e-07
625,4.76837158203125e-07,4.76837158203125e-07,0.0
626,2.384185791015625e-07,4.76837158203125e-07,0.0
627,4.76837158203125e-07,4.76837158203125e-07,2.384185791015625e-07
628,4.76837158203125e-07,7.152557373046875e-07,0.0
629,4.76837158203125e-07,4.76837158203125e-07,2.384185791015625e-07
630,4.76837158203125e-07,7.152557373046875e-07,2.384185791015625e-07
631,2.384185791015625e-07,7.152557373046875e-07,0.0
632,4.76837158203125e-07,7.152557373046875e-07,2.384185791015625e-07
633,4.76837158203125e-07,7.152557373046875e-07,2.384185791015625e-07
634,4.76837158203125e-07,4.76837158203125e-07,2.384185791015625e-07
635,4.76837158203125e-07,4.76837158203125e-07,2.384185791015625e-07
636,4.76837158203125e-07,4.76837158203125e-07,2.384185791015625e-07
637,4.76837158203125e-07,4.76837158203125e-07,0.0
638,4.76837158203125e-07,4.76837158203125e-07,4.76837158203125e-07
639,4.76837158203125e-07,4.76837158203125e-07,2.384185791015625e-07
640,4.76837158203125e-07,7.152557373046875e-07,2.384185791015625e-07
641,7.152557373046875e-07,7.152557373046875e-07,2.384185791015625e-07
642,4.76837158203125e-07,7.152557373046875e-07,2.384185791015625e-07
643,4.76837158203125e-07,7.152557373046875e-07,0.0
644,4.76837158203125e-07,4.76837158203125e-07,2.384185791015625e-07
645,7.152557373046875e-07,4.76837158203125e-07,2.384185791015625e-07
646,4.76837158203125e-07,4.76837158203125e-07,2.384185791015625e-07
647,4.76837158203125e-07,4.76837158203125e-07,0.0
648,4.76837158203125e-07,4.76837158203125e-07,2.384185791015625e-07
649,7.152557373046875e-07,7.152557373046875e-07,0.0
650,4.76837158203125e-07,4.76837158203125e-07,2.384185791015625e-07
651,4.76837158203125e-07,4.76837158203125e-07,2.384185791015625e-07
652,4.76837158203125e-07,4.76837158203125e-07,2.384185791015625e-07
653,7.152557373046875e-07,4.76837158203125e-07,0.0
654,4.76837158203125e-07,7.152557373046875e-07,2.384185791015625e-07
655,2.384185791015625e-07,4.76837158203125e-07,0.0
656,4.76837158203125e-07,4.76837158203125e-07,2.384185791015625e-07
657,2.384185791015625e-07,7.152557373046875e-07,2.384185791015625e-07
658,4.76837158203125e-07,4.76837158203125e-07,0.0
659,2.384185791015625e-07,7.152557373046875e-07,2.384185791015625e-07
660,4.76837158203125e-07,4.76837158203125e-07,2.384185791015625e-07
661,4.76837158203125e-07,7.152557373046875e-07,0.0
662,4.76837158203125e-07,7.152557373046875e-07,4.76837158203125e-07
663,2.384185791015625e-07,4.76837158203125e-07,2.384185791015625e-07
664,4.76837158203125e-07,4.76837158203125e-07,2.384185791015625e-07
665,7.152557373046875e-07,4.76837158203125e-07,0.0
666,4.76837158203125e-07,4.76837158203125e-07,2.384185791015625e-07
667,4.76837158203125e-07,4.76837158203125e-07,2.384185791015625e-07
668,7.152557373046875e-07,7.152557373046875e-07,0.0
669,4.76837158203125e-07,7.152557373046875e-07,0.0
670,4.76837158203125e-07,7.152557373046875e-07,2.384185791015625e-07
671,4.76837158203125e-07,4.76837158203125e-07,2.384185791015625e-07
672,7.152557373046875e-07,4.76837158203125e-07,2.384185791015625e-07
673,4.76837158203125e-07,4.76837158203125e-07,2.384185791015625e-07
674,4.76837158203125e-07,4.76837158203125e-07,2.384185791015625e-07
675,7.152557373046875e-07,4.76837158203125e-07,0.0
676,4.76837158203125e-07,7.152557373046875e-07,0.0
677,4.76837158203125e-07,4.76837158203125e-07,4.76837158203125e-07
678,4.76837158203125e-07,7.152557373046875e-07,2.384185791015625e-07
679,4.76837158203125e-07,4.76837158203125e-07,2.384185791015625e-07
680,4.76837158203125e-07,4.76837158203125e-07,2.384185791015625e-07
681,4.76837158203125e-07,4.76837158203125e-07,2.384185791015625e-07
682,7.152557373046875e-07,4.76837158203125e-07,2.384185791015625e-07
683,4.76837158203125e-07,7.152557373046875e-07,2.384185791015625e-07
684,4.76837158203125e-07,4.76837158203125e-07,0.0
685,4.76837158203125e-07,4.76837158203125e-07,4.76837158203125e-07
686,4.76837158203125e-07,4.76837158203125e-07,2.384185791015625e-07
687,4.76837158203125e-07,7.152557373046875e-07,0.0
688,4.76837158203125e-07,4.76837158203125e-07,2.384185791015625e-07
689,7.152557373046875e-07,4.76837158203125e-07,2.384185791015625e-07
690,4.76837158203125e-07,4.76837158203125e-07,0.0
691,7.152557373046875e-07,7.152557373046875e-07,2.384185791015625e-07
692,4.76837158203125e-07,4.76837158203125e-07,4.76837158203125e-07
693,4.76837158203125e-07,4.76837158203125e-07,0.0
694,4.76837158203125e-07,4.76837158203125e-07,2.384185791015625e-07
695,4.76837158203125e-07,4.76837158203125e-07,2.384185791015625e-07
696,7.152557373046875e-07,7.152557373046875e-07,0.0
697,4.76837158203125e-07,7.152557373046875e-07,2.384185791015625e-07
698,4.76837158203125e-07,4.76837158203125e-07,2.384185791015625e-07
699,4.76837158203125e-07,9.5367431640625e-07,0.0
700,4.76837158203125e-07,4.76837158203125e-07,2.384185791015625e-07
701,4.76837158203125e-07,7.152557373046875e-07,2.384185791015625e-07
702,4.76837158203125e-07,9.5367431640625e-07,0.0
703,7.152557373046875e-07,9.5367431640625e-07,0.0
704,4.76837158203125e-07,9.5367431640625e-07,2.384185791015625e-07
705,4.76837158203125e-07,4.76837158203125e-07,2.384185791015625e-07
706,4.76837158203125e-07,7.152557373046875e-07,2.384185791015625e-07
707,4.76837158203125e-07,4.76837158203125e-07,2.384185791015625e-07
708,4.76837158203125e-07,4.76837158203125e-07,0.0
709,4.76837158203125e-07,4.76837158203125e-07,2.384185791015625e-07
710,7.152557373046875e-07,4.76837158203125e-07,2.384185791015625e-07
711,4.76837158203125e-07,4.76837158203125e-07,2.384185791015625e-07
712,4.76837158203125e-07,4.76837158203125e-07,0.0
713,4.76837158203125e-07,4.76837158203125e-07,2.384185791015625e-07
714,4.76837158203125e-07,7.152557373046875e-07,2.384185791015625e-07
715,4.76837158203125e-07,7.152557373046875e-07,2.384185791015625e-07
716,4.76837158203125e-07,4.76837158203125e-07,4.76837158203125e-07
717,7.152557373046875e-07,7.152557373046875e-07,2.384185791015625e-07
718,4.76837158203125e-07,4.76837158203125e-07,0.0
719,4.76837158203125e-07,7.152557373046875e-07,2.384185791015625e-07
720,4.76837158203125e-07,7.152557373046875e-07,2.384185791015625e-07
721,7.152557373046875e-07,4.76837158203125e-07,0.0
722,4.76837158203125e-07,7.152557373046875e-07,2.384185791015625e-07
723,4.76837158203125e-07,4.76837158203125e-07,2.384185791015625e-07
724,7.152557373046875e-07,7.152557373046875e-07,2.384185791015625e-07
725,4.76837158203125e-07,4.76837158203125e-07,2.384185791015625e-07
726,7.152557373046875e-07,4.76837158203125e-07,2.384185791015625e-07
727,4.76837158203125e-07,4.76837158203125e-07,0.0
728,7.152557373046875e-07,7.152557373046875e-07,2.384185791015625e-07
729,4.76837158203125e-07,4.76837158203125e-07,2.384185791015625e-07
730,4.76837158203125e-07,4.76837158203125e-07,0.0
731,9.5367431640625e-07,7.152557373046875e-07,2.384185791015625e-07
732,4.76837158203125e-07,4.76837158203125e-07,4.76837158203125e-07
733,4.76837158203125e-07,4.76837158203125e-07,0.0
734,4.76837158203125e-07,4.76837158203125e-07,2.384185791015625e-07
735,7.152557373046875e-07,4.76837158203125e-07,2.384185791015625e-07
736,4.76837158203125e-07,7.152557373046875e-07,0.0
737,4.76837158203125e-07,7.152557373046875e-07,2.384185791015625e-07
738,7.152557373046875e-07,9.5367431640625e-07,2.384185791015625e-07
739,4.76837158203125e-07,9.5367431640625e-07,0.0
740,4.76837158203125e-07,7.152557373046875e-07,4.76837158203125e-07
741,4.76837158203125e-07,7.152557373046875e-07,0.0
742,7.152557373046875e-07,4.76837158203125e-07,2.384185791015625e-07
743,4.76837158203125e-07,4.76837158203125e-07,2.384185791015625e-07
744,4.76837158203125e-07,4.76837158203125e-07,0.0
745,4.76837158203125e-07,7.152557373046875e-07,2.384185791015625e-07
746,4.76837158203125e-07,4.76837158203125e-07,2.384185791015625e-07
747,4.76837158203125e-07,4.76837158203125e-07,2.384185791015625e-07
748,7.152557373046875e-07,4.76837158203125e-07,2.384185791015625e-07
749,7.152557373046875e-07,4.76837158203125e-07,2.384185791015625e-07
750,4.76837158203125e-07,7.152557373046875e-07,0.0
751,4.76837158203125e-07,7.152557373046875e-07,2.384185791015625e-07
752,4.76837158203125e-07,4.76837158203125e-07,2.384185791015625e-07
753,4.76837158203125e-07,7.152557373046875e-07,0.0
754,4.76837158203125e-07,4.76837158203125e-07,2.384185791015625e-07
755,4.76837158203125e-07,7.152557373046875e-07,2.384185791015625e-07
756,4.76837158203125e-07,4.76837158203125e-07,0.0
757,4.76837158203125e-07,4.76837158203125e-07,4.76837158203125e-07
758,4.76837158203125e-07,4.76837158203125e-07,2.384185791015625e-07
759,4.76837158203125e-07,4.76837158203125e-07,2.384185791015625e-07
760,4.76837158203125e-07,4.76837158203125e-07,2.384185791015625e-07
761,4.76837158203125e-07,4.76837158203125e-07,2.384185791015625e-07
762,7.152557373046875e-07,7.152557373046875e-07,2.384185791015625e-07
763,4.76837158203125e-07,4.76837158203125e-07,0.0
764,4.76837158203125e-07,7.152557373046875e-07,2.384185791015625e-07
765,4.76837158203125e-07,4.76837158203125e-07,2.384185791015625e-07
766,4.76837158203125e-07,4.76837158203125e-07,0.0
767,4.76837158203125e-07,4.76837158203125e-07,2.384185791015625e-07
768,4.76837158203125e-07,4.76837158203125e-07,2.384185791015625e-07
769,7.152557373046875e-07,7.152557373046875e-07,0.0
770,4.76837158203125e-07,4.76837158203125e-07,4.76837158203125e-07
771,7.152557373046875e-07,7.152557373046875e-07,2.384185791015625e-07
772,4.76837158203125e-07,7.152557373046875e-07,2.384185791015625e-07
773,4.76837158203125e-07,4.76837158203125e-07,2.384185791015625e-07
774,4.76837158203125e-07,7.152557373046875e-07,2.384185791015625e-07
775,4.76837158203125e-07,4.76837158203125e-07,0.0
776,4.76837158203125e-07,4.76837158203125e-07,2.384185791015625e-07
777,4.76837158203125e-07,4.76837158203125e-07,0.0
778,7.152557373046875e-07,7.152557373046875e-07,2.384185791015625e-07
779,4.76837158203125e-07,7.152557373046875e-07,2.384185791015625e-07
780,4.76837158203125e-07,7.152557373046875e-07,2.384185791015625e-07
781,4.76837158203125e-07,4.76837158203125e-07,2.384185791015625e-07
782,4.76837158203125e-07,9.5367431640625e-07,2.384185791015625e-07
783,7.152557373046875e-07,4.76837158203125e-07,2.384185791015625e-07
784,4.76837158203125e-07,4.76837158203125e-07,0.0
785,4.76837158203125e-07,4.76837158203125e-07,2.384185791015625e-07
786,4.76837158203125e-07,4.76837158203125e-07,2.384185791015625e-07
787,4.76837158203125e-07,4.76837158203125e-07,2.384185791015625e-07
788,4.76837158203125e-07,4.76837158203125e-07,0.0
789,4.76837158203125e-07,4.76837158203125e-07,2.384185791015625e-07
790,7.152557373046875e-07,4.76837158203125e-07,2.384185791015625e-07
791,4.76837158203125e-07,4.76837158203125e-07,0.0
792,4.76837158203125e-07,4.76837158203125e-07,2.384185791015625e-07
793,4.76837158203125e-07,4.76837158203125e-07,0.0
794,4.76837158203125e-07,4.76837158203125e-07,2.384185791015625e-07
795,4.76837158203125e-07,4.76837158203125e-07,2.384185791015625e-07
796,7.152557373046875e-07,7.152557373046875e-07,0.0
797,7.152557373046875e-07,4.76837158203125e-07,2.384185791015625e-07
798,4.76837158203125e-07,4.76837158203125e-07,2.384185791015625e-07
799,4.76837158203125e-07,7.152557373046875e-07,0.0
800,4.76837158203125e-07,7.152557373046875e-07,2.384185791015625e-07
801,7.152557373046875e-07,4.76837158203125e-07,2.384185791015625e-07
802,4.76837158203125e-07,4.76837158203125e-07,0.0
803,4.76837158203125e-07,4.76837158203125e-07,2.384185791015625e-07
804,7.152557373046875e-07,7.152557373046875e-07,2.384185791015625e-07
805,4.76837158203125e-07,7.152557373046875e-07,0.0
806,4.76837158203125e-07,7.152557373046875e-07,2.384185791015625e-07
807,4.76837158203125e-07,4.76837158203125e-07,2.384185791015625e-07
808,4.76837158203125e-07,4.76837158203125e-07,0.0
809,4.76837158203125e-07,4.76837158203125e-07,2.384185791015625e-07
810,7.152557373046875e-07,4.76837158203125e-07,2.384185791015625e-07
811,7.152557373046875e-07,4.76837158203125e-07,2.384185791015625e-07
812,4.76837158203125e-07,7.152557373046875e-07,2.384185791015625e-07
813,4.76837158203125e-07,4.76837158203125e-07,2.384185791015625e-07
814,4.76837158203125e-07,4.76837158203125e-07,2.384185791015625e-07
815,4.76837158203125e-07,4.76837158203125e-07,2.384185791015625e-07
816,4.76837158203125e-07,4.76837158203125e-07,0.0
817,4.76837158203125e-07,4.76837158203125e-07,2.384185791015625e-07
818,7.152557373046875e-07,7.152557373046875e-07,4.76837158203125e-07
819,4.76837158203125e-07,4.76837158203125e-07,2.384185791015625e-07
820,4.76837158203125e-07,4.76837158203125e-07,2.384185791015625e-07
821,4.76837158203125e-07,4.76837158203125e-07,0.0
822,4.76837158203125e-07,7.152557373046875e-07,2.384185791015625e-07
823,4.76837158203125e-07,4.76837158203125e-07,2.384185791015625e-07
824,4.76837158203125e-07,7.152557373046875e-07,0.0
825,7.152557373046875e-07,4.76837158203125e-07,0.0
826,4.76837158203125e-07,7.152557373046875e-07,0.0
827,4.76837158203125e-07,4.76837158203125e-07,2.384185791015625e-07
828,4.76837158203125e-07,7.152557373046875e-07,2.384185791015625e-07
829,4.76837158203125e-07,4.76837158203125e-07,2.384185791015625e-07
830,4.76837158203125e-07,7.152557373046875e-07,2.384185791015625e-07
831,4.76837158203125e-07,7.152557373046875e-07,0.0
832,7.152557373046875e-07,9.5367431640625e-07,2.384185791015625e-07
833,4.76837158203125e-07,4.76837158203125e-07,2.384185791015625e-07
834,4.76837158203125e-07,9.5367431640625e-07,0.0
835,4.76837158203125e-07,7.152557373046875e-07,2.384185791015625e-07
836,4.76837158203125e-07,4.76837158203125e-07,2.384185791015625e-07
837,4.76837158203125e-07,4.76837158203125e-07,2.384185791015625e-07
838,4.76837158203125e-07,4.76837158203125e-07,2.384185791015625e-07
839,4.76837158203125e-07,4.76837158203125e-07,0.0
840,4.76837158203125e-07,7.152557373046875e-07,2.384185791015625e-07
841,4.76837158203125e-07,4.76837158203125e-07,2.384185791015625e-07
842,4.76837158203125e-07,4.76837158203125e-07,0.0
843,7.152557373046875e-07,4.76837158203125e-07,4.76837158203125e-07
844,4.76837158203125e-07,4.76837158203125e-07,0.0
845,4.76837158203125e-07,4.76837158203125e-07,2.384185791015625e-07
846,4.76837158203125e-07,4.76837158203125e-07,2.384185791015625e-07
847,4.76837158203125e-07,7.152557373046875e-07,0.0
848,4.76837158203125e-07,4.76837158203125e-07,2.384185791015625e-07
849,4.76837158203125e-07,4.76837158203125e-07,2.384185791015625e-07
850,9.5367431640625e-07,4.76837158203125e-07,0.0
851,4.76837158203125e-07,4.76837158203125e-07,4.76837158203125e-07
852,4.76837158203125e-07,4.76837158203125e-07,2.384185791015625e-07
853,4.76837158203125e-07,4.76837158203125e-07,0.0
854,4.76837158203125e-07,7.152557373046875e-07,2.384185791015625e-07
855,4.76837158203125e-07,4.76837158203125e-07,2.384185791015625e-07
856,4.76837158203125e-07,4.76837158203125e-07,0.0
857,4.76837158203125e-07,4.76837158203125e-07,2.384185791015625e-07
858,4.76837158203125e-07,4.76837158203125e-07,4.76837158203125e-07
859,4.76837158203125e-07,4.76837158203125e-07,2.384185791015625e-07
860,4.76837158203125e-07,4.76837158203125e-07,0.0
861,4.76837158203125e-07,4.76837158203125e-07,2.384185791015625e-07
862,4.76837158203125e-07,4.76837158203125e-07,2.384185791015625e-07
863,7.152557373046875e-07,4.76837158203125e-07,0.0
864,4.76837158203125e-07,7.152557373046875e-07,2.384185791015625e-07
865,4.76837158203125e-07,4.76837158203125e-07,2.384185791015625e-07
866,9.5367431640625e-07,7.152557373046875e-07,2.384185791015625e-07
867,4.76837158203125e-07,4.76837158203125e-07,2.384185791015625e-07
868,4.76837158203125e-07,4.76837158203125e-07,2.384185791015625e-07
869,4.76837158203125e-07,4.76837158203125e-07,2.384185791015625e-07
870,7.152557373046875e-07,4.76837158203125e-07,2.384185791015625e-07
871,4.76837158203125e-07,4.76837158203125e-07,2.384185791015625e-07
872,4.76837158203125e-07,7.152557373046875e-07,2.384185791015625e-07
873,7.152557373046875e-07,7.152557373046875e-07,0.0
874,4.76837158203125e-07,7.152557373046875e-07,2.384185791015625e-07
875,4.76837158203125e-07,4.76837158203125e-07,2.384185791015625e-07
876,4.76837158203125e-07,4.76837158203125e-07,0.0
877,4.76837158203125e-07,4.76837158203125e-07,0.0
878,4.76837158203125e-07,4.76837158203125e-07,2.384185791015625e-07
879,4.76837158203125e-07,4.76837158203125e-07,2.384185791015625e-07
880,4.76837158203125e-07,4.76837158203125e-07,0.0
881,4.76837158203125e-07,4.76837158203125e-07,2.384185791015625e-07
882,4.76837158203125e-07,7.152557373046875e-07,2.384185791015625e-07
883,4.76837158203125e-07,4.76837158203125e-07,0.0
884,4.76837158203125e-07,7.152557373046875e-07,2.384185791015625e-07
885,4.76837158203125e-07,7.152557373046875e-07,2.384185791015625e-07
886,4.76837158203125e-07,4.76837158203125e-07,0.0
887,4.76837158203125e-07,4.76837158203125e-07,0.0
888,4.76837158203125e-07,4.76837158203125e-07,2.384185791015625e-07
889,4.76837158203125e-07,4.76837158203125e-07,2.384185791015625e-07
890,7.152557373046875e-07,4.76837158203125e-07,0.0
891,4.76837158203125e-07,4.76837158203125e-07,2.384185791015625e-07
892,4.76837158203125e-07,4.76837158203125e-07,2.384185791015625e-07
893,4.76837158203125e-07,4.76837158203125e-07,0.0
894,4.76837158203125e-07,7.152557373046875e-07,2.384185791015625e-07
895,4.76837158203125e-07,4.76837158203125e-07,2.384185791015625e-07
896,4.76837158203125e-07,7.152557373046875e-07,2.384185791015625e-07
897,4.76837158203125e-07,4.76837158203125e-07,2.384185791015625e-07
898,4.76837158203125e-07,4.76837158203125e-07,0.0
899,7.152557373046875e-07,7.152557373046875e-07,2.384185791015625e-07
900,7.152557373046875e-07,9.5367431640625e-07,2.384185791015625e-07
901,4.76837158203125e-07,7.152557373046875e-07,0.0
902,4.76837158203125e-07,7.152557373046875e-07,2.384185791015625e-07
903,4.76837158203125e-07,7.152557373046875e-07,0.0
904,4.76837158203125e-07,7.152557373046875e-07,2.384185791015625e-07
905,4.76837158203125e-07,4.76837158203125e-07,2.384185791015625e-07
906,4.76837158203125e-07,9.5367431640625e-07,2.384185791015625e-07
907,9.5367431640625e-07,7.152557373046875e-07,0.0
908,4.76837158203125e-07,4.76837158203125e-07,2.384185791015625e-07
909,4.76837158203125e-07,4.76837158203125e-07,2.384185791015625e-07
910,4.76837158203125e-07,4.76837158203125e-07,2.384185791015625e-07
911,4.76837158203125e-07,4.76837158203125e-07,4.76837158203125e-07
912,4.76837158203125e-07,4.76837158203125e-07,2.384185791015625e-07
913,4.76837158203125e-07,4.76837158203125e-07,2.384185791015625e-07
914,7.152557373046875e-07,4.76837158203125e-07,2.384185791015625e-07
915,4.76837158203125e-07,4.76837158203125e-07,2.384185791015625e-07
916,4.76837158203125e-07,4.76837158203125e-07,0.0
917,4.76837158203125e-07,4.76837158203125e-07,2.384185791015625e-07
918,4.76837158203125e-07,7.152557373046875e-07,2.384185791015625e-07
919,4.76837158203125e-07,4.76837158203125e-07,4.76837158203125e-07
920,4.76837158203125e-07,4.76837158203125e-07,0.0
921,7.152557373046875e-07,4.76837158203125e-07,2.384185791015625e-07
922,4.76837158203125e-07,4.76837158203125e-07,2.384185791015625e-07
923,4.76837158203125e-07,4.76837158203125e-07,0.0
924,4.76837158203125e-07,7.152557373046875e-07,2.384185791015625e-07
925,4.76837158203125e-07,7.152557373046875e-07,2.384185791015625e-07
926,4.76837158203125e-07,4.76837158203125e-07,0.0
927,4.76837158203125e-07,4.76837158203125e-07,4.76837158203125e-07
928,7.152557373046875e-07,4.76837158203125e-07,0.0
929,4.76837158203125e-07,7.152557373046875e-07,2.384185791015625e-07
930,4.76837158203125e-07,7.152557373046875e-07,2.384185791015625e-07
931,4.76837158203125e-07,7.152557373046875e-07,0.0
932,4.76837158203125e-07,7.152557373046875e-07,2.384185791015625e-07
933,4.76837158203125e-07,9.5367431640625e-07,2.384185791015625e-07
934,7.152557373046875e-07,4.76837158203125e-07,2.384185791015625e-07
935,7.152557373046875e-07,7.152557373046875e-07,4.76837158203125e-07
936,4.76837158203125e-07,7.152557373046875e-07,0.0
937,4.76837158203125e-07,7.152557373046875e-07,2.384185791015625e-07
938,4.76837158203125e-07,4.76837158203125e-07,2.384185791015625e-07
939,4.76837158203125e-07,4.76837158203125e-07,0.0
940,4.76837158203125e-07,4.76837158203125e-07,2.384185791015625e-07
941,4.76837158203125e-07,4.76837158203125e-07,2.384185791015625e-07
942,7.152557373046875e-07,4.76837158203125e-07,0.0
943,7.152557373046875e-07,4.76837158203125e-07,2.384185791015625e-07
944,7.152557373046875e-07,4.76837158203125e-07,2.384185791015625e-07
945,4.76837158203125e-07,7.152557373046875e-07,2.384185791015625e-07
946,4.76837158203125e-07,7.152557373046875e-07,2.384185791015625e-07
947,4.76837158203125e-07,4.76837158203125e-07,0.0
948,4.76837158203125e-07,4.76837158203125e-07,2.384185791015625e-07
949,7.152557373046875e-07,4.76837158203125e-07,0.0
950,4.76837158203125e-07,7.152557373046875e-07,2.384185791015625e-07
951,4.76837158203125e-07,7.152557373046875e-07,2.384185791015625e-07
952,7.152557373046875e-07,7.152557373046875e-07,0.0
953,4.76837158203125e-07,7.152557373046875e-07,2.384185791015625e-07
954,4.76837158203125e-07,4.76837158203125e-07,0.0
955,4.76837158203125e-07,4.76837158203125e-07,2.384185791015625e-07
956,7.152557373046875e-07,4.76837158203125e-07,2.384185791015625e-07
957,4.76837158203125e-07,4.76837158203125e-07,0.0
958,4.76837158203125e-07,7.152557373046875e-07,2.384185791015625e-07
959,4.76837158203125e-07,4.76837158203125e-07,2.384185791015625e-07
960,4.76837158203125e-07,4.76837158203125e-07,2.384185791015625e-07
961,4.76837158203125e-07,4.76837158203125e-07,2.384185791015625e-07
962,4.76837158203125e-07,7.152557373046875e-07,2.384185791015625e-07
963,4.76837158203125e-07,4.76837158203125e-07,2.384185791015625e-07
964,4.76837158203125e-07,4.76837158203125e-07,2.384185791015625e-07
965,4.76837158203125e-07,4.76837158203125e-07,0.0
966,4.76837158203125e-07,4.76837158203125e-07,2.384185791015625e-07
967,4.76837158203125e-07,4.76837158203125e-07,2.384185791015625e-07
968,4.76837158203125e-07,7.152557373046875e-07,0.0
969,4.76837158203125e-07,7.152557373046875e-07,4.76837158203125e-07
970,7.152557373046875e-07,4.76837158203125e-07,2.384185791015625e-07
971,4.76837158203125e-07,7.152557373046875e-07,0.0
972,7.152557373046875e-07,4.76837158203125e-07,2.384185791015625e-07
973,4.76837158203125e-07,7.152557373046875e-07,0.0
974,4.76837158203125e-07,7.152557373046875e-07,2.384185791015625e-07
975,4.76837158203125e-07,7.152557373046875e-07,2.384185791015625e-07
976,4.76837158203125e-07,4.76837158203125e-07,0.0
977,7.152557373046875e-07,4.76837158203125e-07,2.384185791015625e-07
978,4.76837158203125e-07,4.76837158203125e-07,2.384185791015625e-07
979,7.152557373046875e-07,4.76837158203125e-07,0.0
980,4.76837158203125e-07,7.152557373046875e-07,2.384185791015625e-07
981,7.152557373046875e-07,9.5367431640625e-07,2.384185791015625e-07
982,4.76837158203125e-07,7.152557373046875e-07,0.0
983,4.76837158203125e-07,9.5367431640625e-07,2.384185791015625e-07
984,7.152557373046875e-07,9.5367431640625e-07,2.384185791015625e-07
985,4.76837158203125e-07,4.76837158203125e-07,0.0
986,4.76837158203125e-07,7.152557373046875e-07,2.384185791015625e-07
987,4.76837158203125e-07,4.76837158203125e-07,2.384185791015625e-07
988,4.76837158203125e-07,4.76837158203125e-07,0.0
989,4.76837158203125e-07,7.152557373046875e-07,2.384185791015625e-07
990,4.76837158203125e-07,4.76837158203125e-07,0.0
991,4.76837158203125e-07,4.76837158203125e-07,2.384185791015625e-07
992,4.76837158203125e-07,4.76837158203125e-07,2.384185791015625e-07
993,4.76837158203125e-07,4.76837158203125e-07,0.0
994,7.152557373046875e-07,7.152557373046875e-07,2.384185791015625e-07
995,4.76837158203125e-07,4.76837158203125e-07,2.384185791015625e-07
996,4.76837158203125e-07,7.152557373046875e-07,2.384185791015625e-07
997,4.76837158203125e-07,4.76837158203125e-07,2.384185791015625e-07
998,4.76837158203125e-07,4.76837158203125e-07,2.384185791015625e-07
999,4.76837158203125e-07,4.76837158203125e-07,0.0
1000,4.76837158203125e-07,4.76837158203125e-07,2.384185791015625e-07
1001,4.76837158203125e-07,7.152557373046875e-07,2.384185791015625e-07
1002,4.76837158203125e-07,4.76837158203125e-07,2.384185791015625e-07
1003,7.152557373046875e-07,9.5367431640625e-07,2.384185791015625e-07
1004,4.76837158203125e-07,4.76837158203125e-07,0.0
1005,4.76837158203125e-07,4.76837158203125e-07,2.384185791015625e-07
1006,4.76837158203125e-07,7.152557373046875e-07,4.76837158203125e-07
1007,4.76837158203125e-07,7.152557373046875e-07,0.0
1008,4.76837158203125e-07,7.152557373046875e-07,2.384185791015625e-07
1009,4.76837158203125e-07,7.152557373046875e-07,2.384185791015625e-07
1010,7.152557373046875e-07,9.5367431640625e-07,0.0
1011,4.76837158203125e-07,7.152557373046875e-07,2.384185791015625e-07
1012,4.76837158203125e-07,7.152557373046875e-07,2.384185791015625e-07
1013,4.76837158203125e-07,9.5367431640625e-07,2.384185791015625e-07
1014,4.76837158203125e-07,9.5367431640625e-07,2.384185791015625e-07
1015,4.76837158203125e-07,9.5367431640625e-07,2.384185791015625e-07
1016,4.76837158203125e-07,4.76837158203125e-07,2.384185791015625e-07
1017,7.152557373046875e-07,4.76837158203125e-07,2.384185791015625e-07
1018,4.76837158203125e-07,4.76837158203125e-07,2.384185791015625e-07
1019,4.76837158203125e-07,4.76837158203125e-07,2.384185791015625e-07
1020,4.76837158203125e-07,7.152557373046875e-07,0.0
1021,4.76837158203125e-07,7.152557373046875e-07,2.384185791015625e-07
1022,4.76837158203125e-07,4.76837158203125e-07,2.384185791015625e-07
1023,4.76837158203125e-07,7.152557373046875e-07,4.76837158203125e-07
1024,4.76837158203125e-07,4.76837158203125e-07,2.384185791015625e-07
1025,4.76837158203125e-07,4.76837158203125e-07,0.0
1026,4.76837158203125e-07,4.76837158203125e-07,2.384185791015625e-07
1027,4.76837158203125e-07,7.152557373046875e-07,0.0
1028,4.76837158203125e-07,4.76837158203125e-07,2.384185791015625e-07
1029,7.152557373046875e-07,4.76837158203125e-07,2.384185791015625e-07
1030,7.152557373046875e-07,4.76837158203125e-07,0.0
1031,4.76837158203125e-07,7.152557373046875e-07,4.76837158203125e-07
1032,4.76837158203125e-07,4.76837158203125e-07,0.0
1033,4.76837158203125e-07,4.76837158203125e-07,2.384185791015625e-07
1034,4.76837158203125e-07,7.152557373046875e-07,2.384185791015625e-07
1035,7.152557373046875e-07,7.152557373046875e-07,0.0
1036,4.76837158203125e-07,4.76837158203125e-07,2.384185791015625e-07
1037,4.76837158203125e-07,7.152557373046875e-07,0.0
1038,4.76837158203125e-07,4.76837158203125e-07,2.384185791015625e-07
1039,4.76837158203125e-07,4.76837158203125e-07,2.384185791015625e-07
1040,4.76837158203125e-07,4.76837158203125e-07,0.0
1041,4.76837158203125e-07,4.76837158203125e-07,2.384185791015625e-07
1042,7.152557373046875e-07,4.76837158203125e-07,0.0
1043,4.76837158203125e-07,4.76837158203125e-07,2.384185791015625e-07
1044,4.76837158203125e-07,7.152557373046875e-07,2.384185791015625e-07
1045,4.76837158203125e-07,4.76837158203125e-07,0.0
1046,4.76837158203125e-07,4.76837158203125e-07,2.384185791015625e-07
1047,4.76837158203125e-07,4.76837158203125e-07,2.384185791015625e-07
1048,4.76837158203125e-07,7.152557373046875e-07,4.76837158203125e-07
1049,7.152557373046875e-07,7.152557373046875e-07,2.384185791015625e-07
1050,4.76837158203125e-07,9.5367431640625e-07,2.384185791015625e-07
1051,4.76837158203125e-07,4.76837158203125e-07,2.384185791015625e-07
1052,4.76837158203125e-07,7.152557373046875e-07,2.384185791015625e-07
1053,4.76837158203125e-07,9.5367431640625e-07,0.0
1054,4.76837158203125e-07,7.152557373046875e-07,2.384185791015625e-07
1055,4.76837158203125e-07,7.152557373046875e-07,2.384185791015625e-07
1056,7.152557373046875e-07,4.76837158203125e-07,2.384185791015625e-07
1057,4.76837158203125e-07,4.76837158203125e-07,2.384185791015625e-07
1058,7.152557373046875e-07,4.76837158203125e-07,0.0
1059,7.152557373046875e-07,4.76837158203125e-07,2.384185791015625e-07
1060,4.76837158203125e-07,7.152557373046875e-07,0.0
1061,4.76837158203125e-07,7.152557373046875e-07,2.384185791015625e-07
1062,4.76837158203125e-07,4.76837158203125e-07,2.384185791015625e-07
1063,4.76837158203125e-07,4.76837158203125e-07,0.0
1064,4.76837158203125e-07,4.76837158203125e-07,2.384185791015625e-07
1065,4.76837158203125e-07,7.152557373046875e-07,2.384185791015625e-07
1066,7.152557373046875e-07,7.152557373046875e-07,2.384185791015625e-07
1067,4.76837158203125e-07,4.76837158203125e-07,2.384185791015625e-07
1068,4.76837158203125e-07,4.76837158203125e-07,0.0
1069,4.76837158203125e-07,4.76837158203125e-07,2.384185791015625e-07
1070,4.76837158203125e-07,4.76837158203125e-07,0.0
1071,4.76837158203125e-07,4.76837158203125e-07,0.0
1072,4.76837158203125e-07,4.76837158203125e-07,2.384185791015625e-07
1073,4.76837158203125e-07,7.152557373046875e-07,0.0
1074,4.76837158203125e-07,4.76837158203125e-07,2.384185791015625e-07
1075,4.76837158203125e-07,7.152557373046875e-07,2.384185791015625e-07
1076,4.76837158203125e-07,4.76837158203125e-07,0.0
1077,4.76837158203125e-07,4.76837158203125e-07,2.384185791015625e-07
1078,4.76837158203125e-07,4.76837158203125e-07,0.0
1079,4.76837158203125e-07,4.76837158203125e-07,2.384185791015625e-07
1080,4.76837158203125e-07,7.152557373046875e-07,2.384185791015625e-07
1081,4.76837158203125e-07,4.76837158203125e-07,2.384185791015625e-07
1082,4.76837158203125e-07,4.76837158203125e-07,4.76837158203125e-07
1083,7.152557373046875e-07,4.76837158203125e-07,0.0
1084,9.5367431640625e-07,7.152557373046875e-07,2.384185791015625e-07
1085,4.76837158203125e-07,7.152557373046875e-07,2.384185791015625e-07
1086,4.76837158203125e-07,9.5367431640625e-07,0.0
1087,4.76837158203125e-07,9.5367431640625e-07,2.384185791015625e-07
1088,7.152557373046875e-07,9.5367431640625e-07,2.384185791015625e-07
1089,4.76837158203125e-07,9.5367431640625e-07,2.384185791015625e-07
1090,4.76837158203125e-07,7.152557373046875e-07,4.76837158203125e-07
1091,7.152557373046875e-07,4.76837158203125e-07,0.0
1092,4.76837158203125e-07,4.76837158203125e-07,2.384185791015625e-07
1093,7.152557373046875e-07,7.152557373046875e-07,2.384185791015625e-07
1094,4.76837158203125e-07,9.5367431640625e-07,2.384185791015625e-07
1095,4.76837158203125e-07,4.76837158203125e-07,2.384185791015625e-07
1096,4.76837158203125e-07,7.152557373046875e-07,0.0
1097,4.76837158203125e-07,7.152557373046875e-07,2.384185791015625e-07
1098,7.152557373046875e-07,4.76837158203125e-07,2.384185791015625e-07
1099,4.76837158203125e-07,7.152557373046875e-07,4.76837158203125e-07
1100,4.76837158203125e-07,4.76837158203125e-07,2.384185791015625e-07
1101,4.76837158203125e-07,7.152557373046875e-07,2.384185791015625e-07
1102,4.76837158203125e-07,4.76837158203125e-07,0.0
1103,4.76837158203125e-07,4.76837158203125e-07,2.384185791015625e-07
1104,4.76837158203125e-07,4.76837158203125e-07,0.0
1105,7.152557373046875e-07,4.76837158203125e-07,2.384185791015625e-07
1106,4.76837158203125e-07,7.152557373046875e-07,2.384185791015625e-07
1107,4.76837158203125e-07,7.152557373046875e-07,4.76837158203125e-07
1108,4.76837158203125e-07,7.152557373046875e-07,2.384185791015625e-07
1109,4.76837158203125e-07,4.76837158203125e-07,0.0
1110,4.76837158203125e-07,7.152557373046875e-07,2.384185791015625e-07
1111,4.76837158203125e-07,7.152557373046875e-07,2.384185791015625e-07
1112,7.152557373046875e-07,4.76837158203125e-07,2.384185791015625e-07
1113,4.76837158203125e-07,4.76837158203125e-07,2.384185791015625e-07
1114,4.76837158203125e-07,7.152557373046875e-07,0.0
1115,4.76837158203125e-07,7.152557373046875e-07,2.384185791015625e-07
1116,4.76837158203125e-07,4.76837158203125e-07,0.0
1117,4.76837158203125e-07,4.76837158203125e-07,2.384185791015625e-07
1118,4.76837158203125e-07,4.76837158203125e-07,2.384185791015625e-07
1119,4.76837158203125e-07,4.76837158203125e-07,0.0
1120,4.76837158203125e-07,4.76837158203125e-07,2.384185791015625e-07
1121,4.76837158203125e-07,4.76837158203125e-07,0.0
1122,4.76837158203125e-07,4.76837158203125e-07,2.384185791015625e-07
1123,7.152557373046875e-07,4.76837158203125e-07,2.384185791015625e-07
1124,4.76837158203125e-07,4.76837158203125e-07,4.76837158203125e-07
1125,4.76837158203125e-07,7.152557373046875e-07,2.384185791015625e-07
1126,4.76837158203125e-07,4.76837158203125e-07,2.384185791015625e-07
1127,4.76837158203125e-07,4.76837158203125e-07,2.384185791015625e-07
1128,4.76837158203125e-07,4.76837158203125e-07,0.0
1129,4.76837158203125e-07,7.152557373046875e-07,2.384185791015625e-07
1130,7.152557373046875e-07,7.152557373046875e-07,0.0
1131,4.76837158203125e-07,7.152557373046875e-07,2.384185791015625e-07
1132,4.76837158203125e-07,7.152557373046875e-07,2.384185791015625e-07
1133,4.76837158203125e-07,7.152557373046875e-07,0.0
1134,4.76837158203125e-07,4.76837158203125e-07,2.384185791015625e-07
1135,4.76837158203125e-07,4.76837158203125e-07,0.0
1136,4.76837158203125e-07,4.76837158203125e-07,2.384185791015625e-07
1137,4.76837158203125e-07,4.76837158203125e-07,2.384185791015625e-07
1138,4.76837158203125e-07,7.152557373046875e-07,2.384185791015625e-07
1139,4.76837158203125e-07,4.76837158203125e-07,2.384185791015625e-07
1140,4.76837158203125e-07,7.152557373046875e-07,0.0
1141,7.152557373046875e-07,4.76837158203125e-07,4.76837158203125e-07
1142,4.76837158203125e-07,4.76837158203125e-07,2.384185791015625e-07
1143,4.76837158203125e-07,4.76837158203125e-07,2.384185791015625e-07
1144,4.76837158203125e-07,4.76837158203125e-07,0.0
1145,4.76837158203125e-07,7.152557373046875e-07,2.384185791015625e-07
1146,4.76837158203125e-07,4.76837158203125e-07,2.384185791015625e-07
1147,4.76837158203125e-07,4.76837158203125e-07,0.0
1148,7.152557373046875e-07,4.76837158203125e-07,2.384185791015625e-07
1149,4.76837158203125e-07,4.76837158203125e-07,2.384185791015625e-07
1150,4.76837158203125e-07,4.76837158203125e-07,0.0
1151,4.76837158203125e-07,4.76837158203125e-07,2.384185791015625e-07
1152,4.76837158203125e-07,7.152557373046875e-07,2.384185791015625e-07
1153,4.76837158203125e-07,7.152557373046875e-07,0.0
1154,4.76837158203125e-07,7.152557373046875e-07,2.384185791015625e-07
1155,7.152557373046875e-07,7.152557373046875e-07,2.384185791015625e-07
1156,4.76837158203125e-07,4.76837158203125e-07,0.0
1157,4.76837158203125e-07,4.76837158203125e-07,4.76837158203125e-07
1158,9.5367431640625e-07,4.76837158203125e-07,0.0
1159,4.76837158203125e-07,4.76837158203125e-07,2.384185791015625e-07
1160,4.76837158203125e-07,4.76837158203125e-07,2.384185791015625e-07
1161,4.76837158203125e-07,7.152557373046875e-07,0.0
1162,7.152557373046875e-07,4.76837158203125e-07,0.0
1163,4.76837158203125e-07,7.152557373046875e-07,2.384185791015625e-07
1164,4.76837158203125e-07,4.76837158203125e-07,2.384185791015625e-07
1165,4.76837158203125e-07,4.76837158203125e-07,0.0
1166,4.76837158203125e-07,7.152557373046875e-07,2.384185791015625e-07
1167,4.76837158203125e-07,7.152557373046875e-07,2.384185791015625e-07
1168,4.76837158203125e-07,4.76837158203125e-07,2.384185791015625e-07
1169,7.152557373046875e-07,9.5367431640625e-07,2.384185791015625e-07
1170,4.76837158203125e-07,7.152557373046875e-07,2.384185791015625e-07
1171,4.76837158203125e-07,7.152557373046875e-07,0.0
1172,4.76837158203125e-07,9.5367431640625e-07,2.384185791015625e-07
1173,4.76837158203125e-07,4.76837158203125e-07,2.384185791015625e-07
1174,4.76837158203125e-07,4.76837158203125e-07,2.384185791015625e-07
1175,4.76837158203125e-07,4.76837158203125e-07,2.384185791015625e-07
1176,7.152557373046875e-07,4.76837158203125e-07,2.384185791015625e-07
1177,7.152557373046875e-07,4.76837158203125e-07,2.384185791015625e-07
1178,4.76837158203125e-07,4.76837158203125e-07,2.384185791015625e-07
1179,4.76837158203125e-07,7.152557373046875e-07,0.0
1180,4.76837158203125e-07,4.76837158203125e-07,4.76837158203125e-07
1181,4.76837158203125e-07,7.152557373046875e-07,2.384185791015625e-07
1182,4.76837158203125e-07,4.76837158203125e-07,0.0
1183,7.152557373046875e-07,4.76837158203125e-07,2.384185791015625e-07
1184,4.76837158203125e-07,4.76837158203125e-07,2.384185791015625e-07
1185,4.76837158203125e-07,7.152557373046875e-07,0.0
1186,4.76837158203125e-07,4.76837158203125e-07,2.384185791015625e-07
1187,4.76837158203125e-07,7.152557373046875e-07,2.384185791015625e-07
1188,4.76837158203125e-07,4.76837158203125e-07,2.384185791015625e-07
1189,4.76837158203125e-07,7.152557373046875e-07,2.384185791015625e-07
1190,7.152557373046875e-07,4.76837158203125e-07,0.0
1191,7.152557373046875e-07,4.76837158203125e-07,2.384185791015625e-07
1192,4.76837158203125e-07,7.152557373046875e-07,2.384185791015625e-07
1193,4.76837158203125e-07,7.152557373046875e-07,0.0
1194,4.76837158203125e-07,7.152557373046875e-07,2.384185791015625e-07
1195,4.76837158203125e-07,4.76837158203125e-07,2.384185791015625e-07
1196,4.76837158203125e-07,4.76837158203125e-07,0.0
1197,9.5367431640625e-07,7.152557373046875e-07,2.384185791015625e-07
1198,4.76837158203125e-07,4.76837158203125e-07,0.0
1199,4.76837158203125e-07,4.76837158203125e-07,2.384185791015625e-07
1200,4.76837158203125e-07,4.76837158203125e-07,2.384185791015625e-07
1201,7.152557373046875e-07,7.152557373046875e-07,0.0
1202,4.76837158203125e-07,7.152557373046875e-07,2.384185791015625e-07
1203,4.76837158203125e-07,9.5367431640625e-07,2.384185791015625e-07
1204,7.152557373046875e-07,7.152557373046875e-07,0.0
1205,4.76837158203125e-07,7.152557373046875e-07,4.76837158203125e-07
1206,4.76837158203125e-07,7.152557373046875e-07,2.384185791015625e-07
1207,4.76837158203125e-07,7.152557373046875e-07,2.384185791015625e-07
1208,7.152557373046875e-07,4.76837158203125e-07,2.384185791015625e-07
1209,4.76837158203125e-07,4.76837158203125e-07,0.0
1210,4.76837158203125e-07,4.76837158203125e-07,2.384185791015625e-07
1211,4.76837158203125e-07,4.76837158203125e-07,0.0
1212,7.152557373046875e-07,7.152557373046875e-07,2.384185791015625e-07
1213,4.76837158203125e-07,4.76837158203125e-07,2.384185791015625e-07
1214,4.76837158203125e-07,7.152557373046875e-07,2.384185791015625e-07
1215,4.76837158203125e-07,4.76837158203125e-07,0.0
1216,4.76837158203125e-07,7.152557373046875e-07,2.384185791015625e-07
1217,4.76837158203125e-07,7.152557373046875e-07,2.384185791015625e-07
1218,4.76837158203125e-07,4.76837158203125e-07,2.384185791015625e-07
1219,4.76837158203125e-07,4.76837158203125e-07,2.384185791015625e-07
1220,4.76837158203125e-07,4.76837158203125e-07,0.0
1221,4.76837158203125e-07,4.76837158203125e-07,2.384185791015625e-07
1222,7.152557373046875e-07,4.76837158203125e-07,0.0
1223,4.76837158203125e-07,7.152557373046875e-07,2.384185791015625e-07
1224,4.76837158203125e-07,4.76837158203125e-07,2.384185791015625e-07
1225,4.76837158203125e-07,7.152557373046875e-07,2.384185791015625e-07
1226,4.76837158203125e-07,4.76837158203125e-07,2.384185791015625e-07
1227,4.76837158203125e-07,4.76837158203125e-07,2.384185791015625e-07
1228,4.76837158203125e-07,4.76837158203125e-07,2.384185791015625e-07
1229,7.152557373046875e-07,4.76837158203125e-07,2.384185791015625e-07
1230,4.76837158203125e-07,7.152557373046875e-07,4.76837158203125e-07
1231,4.76837158203125e-07,7.152557373046875e-07,2.384185791015625e-07
1232,4.76837158203125e-07,4.76837158203125e-07,2.384185791015625e-07
1233,4.76837158203125e-07,4.76837158203125e-07,2.384185791015625e-07
1234,4.76837158203125e-07,4.76837158203125e-07,2.384185791015625e-07
1235,4.76837158203125e-07,4.76837158203125e-07,2.384185791015625e-07
1236,4.76837158203125e-07,4.76837158203125e-07,0.0
1237,4.76837158203125e-07,9.5367431640625e-07,2.384185791015625e-07
1238,4.76837158203125e-07,7.152557373046875e-07,4.76837158203125e-07
1239,4.76837158203125e-07,9.5367431640625e-07,2.384185791015625e-07
1240,4.76837158203125e-07,4.76837158203125e-07,2.384185791015625e-07
1241,4.76837158203125e-07,7.152557373046875e-07,0.0
1242,4.76837158203125e-07,7.152557373046875e-07,2.384185791015625e-07
1243,7.152557373046875e-07,9.5367431640625e-07,2.384185791015625e-07
1244,4.76837158203125e-07,4.76837158203125e-07,2.384185791015625e-07
1245,4.76837158203125e-07,4.76837158203125e-07,0.0
1246,4.76837158203125e-07,4.76837158203125e-07,2.384185791015625e-07
1247,4.76837158203125e-07,4.76837158203125e-07,2.384185791015625e-07
1248,4.76837158203125e-07,7.152557373046875e-07,0.0
1249,7.152557373046875e-07,7.152557373046875e-07,2.384185791015625e-07
1250,4.76837158203125e-07,4.76837158203125e-07,2.384185791015625e-07
1251,4.76837158203125e-07,4.76837158203125e-07,0.0
1252,4.76837158203125e-07,7.152557373046875e-07,4.76837158203125e-07
1253,4.76837158203125e-07,7.152557373046875e-07,0.0
1254,4.76837158203125e-07,9.5367431640625e-07,2.384185791015625e-07
1255,4.76837158203125e-07,7.152557373046875e-07,2.384185791015625e-07
1256,7.152557373046875e-07,7.152557373046875e-07,0.0
1257,4.76837158203125e-07,4.76837158203125e-07,2.384185791015625e-07
1258,4.76837158203125e-07,9.5367431640625e-07,2.384185791015625e-07
1259,4.76837158203125e-07,4.76837158203125e-07,2.384185791015625e-07
1260,4.76837158203125e-07,4.76837158203125e-07,2.384185791015625e-07
1261,4.76837158203125e-07,4.76837158203125e-07,0.0
1262,4.76837158203125e-07,4.76837158203125e-07,2.384185791015625e-07
1263,7.152557373046875e-07,4.76837158203125e-07,2.384185791015625e-07
1264,4.76837158203125e-07,7.152557373046875e-07,2.384185791015625e-07
1265,4.76837158203125e-07,7.152557373046875e-07,2.384185791015625e-07
1266,4.76837158203125e-07,4.76837158203125e-07,0.0
1267,4.76837158203125e-07,4.76837158203125e-07,2.384185791015625e-07
1268,7.152557373046875e-07,7.152557373046875e-07,2.384185791015625e-07
1269,4.76837158203125e-07,7.152557373046875e-07,0.0
1270,7.152557373046875e-07,9.5367431640625e-07,2.384185791015625e-07
1271,4.76837158203125e-07,7.152557373046875e-07,2.384185791015625e-07
1272,4.76837158203125e-07,9.5367431640625e-07,0.0
1273,4.76837158203125e-07,4.76837158203125e-07,2.384185791015625e-07
1274,4.76837158203125e-07,4.76837158203125e-07,2.384185791015625e-07
1275,4.76837158203125e-07,4.76837158203125e-07,2.384185791015625e-07
1276,4.76837158203125e-07,4.76837158203125e-07,4.76837158203125e-07
1277,4.76837158203125e-07,4.76837158203125e-07,0.0
1278,4.76837158203125e-07,4.76837158203125e-07,2.384185791015625e-07
1279,4.76837158203125e-07,4.76837158203125e-07,2.384185791015625e-07
1280,4.76837158203125e-07,4.76837158203125e-07,0.0
1281,4.76837158203125e-07,4.76837158203125e-07,2.384185791015625e-07
1282,4.76837158203125e-07,7.152557373046875e-07,2.384185791015625e-07
1283,4.76837158203125e-07,7.152557373046875e-07,2.384185791015625e-07
1284,7.152557373046875e-07,4.76837158203125e-07,2.384185791015625e-07
1285,4.76837158203125e-07,4.76837158203125e-07,2.384185791015625e-07
1286,4.76837158203125e-07,4.76837158203125e-07,2.384185791015625e-07
1287,4.76837158203125e-07,4.76837158203125e-07,2.384185791015625e-07
1288,4.76837158203125e-07,4.76837158203125e-07,0.0
1289,4.76837158203125e-07,4.76837158203125e-07,2.384185791015625e-07
1290,4.76837158203125e-07,4.76837158203125e-07,2.384185791015625e-07
1291,7.152557373046875e-07,4.76837158203125e-07,0.0
1292,4.76837158203125e-07,7.152557373046875e-07,2.384185791015625e-07
1293,4.76837158203125e-07,7.152557373046875e-07,2.384185791015625e-07
1294,4.76837158203125e-07,4.76837158203125e-07,0.0
1295,4.76837158203125e-07,4.76837158203125e-07,2.384185791015625e-07
1296,4.76837158203125e-07,4.76837158203125e-07,2.384185791015625e-07
1297,7.152557373046875e-07,4.76837158203125e-07,0.0
1298,7.152557373046875e-07,4.76837158203125e-07,2.384185791015625e-07
1299,7.152557373046875e-07,4.76837158203125e-07,0.0
1300,4.76837158203125e-07,4.76837158203125e-07,2.384185791015625e-07
1301,4.76837158203125e-07,4.76837158203125e-07,4.76837158203125e-07
1302,4.76837158203125e-07,7.152557373046875e-07,0.0
1303,4.76837158203125e-07,7.152557373046875e-07,2.384185791015625e-07
1304,4.76837158203125e-07,7.152557373046875e-07,2.384185791015625e-07
1305,7.152557373046875e-07,9.5367431640625e-07,2.384185791015625e-07
1306,4.76837158203125e-07,7.152557373046875e-07,2.384185791015625e-07
1307,4.76837158203125e-07,7.152557373046875e-07,0.0
1308,9.5367431640625e-07,4.76837158203125e-07,2.384185791015625e-07
1309,4.76837158203125e-07,7.152557373046875e-07,4.76837158203125e-07
1310,4.76837158203125e-07,4.76837158203125e-07,0.0
1311,4.76837158203125e-07,7.152557373046875e-07,2.384185791015625e-07
1312,7.152557373046875e-07,4.76837158203125e-07,2.384185791015625e-07
1313,4.76837158203125e-07,7.152557373046875e-07,0.0
1314,4.76837158203125e-07,4.76837158203125e-07,2.384185791015625e-07
1315,7.152557373046875e-07,4.76837158203125e-07,2.384185791015625e-07
1316,4.76837158203125e-07,4.76837158203125e-07,0.0
1317,4.76837158203125e-07,4.76837158203125e-07,2.384185791015625e-07
1318,4.76837158203125e-07,4.76837158203125e-07,2.384185791015625e-07
1319,9.5367431640625e-07,4.76837158203125e-07,2.384185791015625e-07
1320,4.76837158203125e-07,4.76837158203125e-07,2.384185791015625e-07
1321,4.76837158203125e-07,4.76837158203125e-07,0.0
1322,7.152557373046875e-07,4.76837158203125e-07,0.0
1323,4.76837158203125e-07,4.76837158203125e-07,2.384185791015625e-07
1324,4.76837158203125e-07,7.152557373046875e-07,2.384185791015625e-07
1325,4.76837158203125e-07,7.152557373046875e-07,0.0
1326,4.76837158203125e-07,4.76837158203125e-07,2.384185791015625e-07
1327,4.76837158203125e-07,4.76837158203125e-07,2.384185791015625e-07
1328,4.76837158203125e-07,4.76837158203125e-07,2.384185791015625e-07
1329,7.152557373046875e-07,4.76837158203125e-07,2.384185791015625e-07
1330,4.76837158203125e-07,4.76837158203125e-07,0.0
1331,4.76837158203125e-07,7.152557373046875e-07,2.384185791015625e-07
1332,4.76837158203125e-07,4.76837158203125e-07,2.384185791015625e-07
1333,4.76837158203125e-07,9.5367431640625e-07,2.384185791015625e-07
1334,4.76837158203125e-07,7.152557373046875e-07,4.76837158203125e-07
1335,4.76837158203125e-07,7.152557373046875e-07,2.384185791015625e-07
1336,7.152557373046875e-07,9.5367431640625e-07,0.0
1337,4.76837158203125e-07,7.152557373046875e-07,2.384185791015625e-07
1338,4.76837158203125e-07,4.76837158203125e-07,2.384185791015625e-07
1339,4.76837158203125e-07,4.76837158203125e-07,0.0
1340,4.76837158203125e-07,4.76837158203125e-07,2.384185791015625e-07
1341,4.76837158203125e-07,7.152557373046875e-07,2.384185791015625e-07
1342,4.76837158203125e-07,4.76837158203125e-07,4.76837158203125e-07
1343,7.152557373046875e-07,4.76837158203125e-07,2.384185791015625e-07
1344,4.76837158203125e-07,4.76837158203125e-07,2.384185791015625e-07
1345,7.152557373046875e-07,4.76837158203125e-07,2.384185791015625e-07
1346,4.76837158203125e-07,4.76837158203125e-07,2.384185791015625e-07
1347,4.76837158203125e-07,4.76837158203125e-07,2.384185791015625e-07
1348,4.76837158203125e-07,4.76837158203125e-07,0.0
1349,4.76837158203125e-07,4.76837158203125e-07,0.0
1350,7.152557373046875e-07,4.76837158203125e-07,4.76837158203125e-07
1351,4.76837158203125e-07,4.76837158203125e-07,2.384185791015625e-07
1352,4.76837158203125e-07,4.76837158203125e-07,2.384185791015625e-07
1353,4.76837158203125e-07,4.76837158203125e-07,2.384185791015625e-07
1354,9.5367431640625e-07,4.76837158203125e-07,0.0
1355,4.76837158203125e-07,4.76837158203125e-07,2.384185791015625e-07
1356,4.76837158203125e-07,7.152557373046875e-07,2.384185791015625e-07
1357,7.152557373046875e-07,4.76837158203125e-07,0.0
1358,4.76837158203125e-07,4.76837158203125e-07,2.384185791015625e-07
1359,4.76837158203125e-07,4.76837158203125e-07,2.384185791015625e-07
1360,4.76837158203125e-07,7.152557373046875e-07,0.0
1361,9.5367431640625e-07,4.76837158203125e-07,2.384185791015625e-07
1362,4.76837158203125e-07,4.76837158203125e-07,2.384185791015625e-07
1363,4.76837158203125e-07,4.76837158203125e-07,0.0
1364,7.152557373046875e-07,7.152557373046875e-07,2.384185791015625e-07
1365,4.76837158203125e-07,4.76837158203125e-07,2.384185791015625e-07
1366,4.76837158203125e-07,4.76837158203125e-07,0.0
1367,4.76837158203125e-07,4.76837158203125e-07,2.384185791015625e-07
1368,4.76837158203125e-07,7.152557373046875e-07,2.384185791015625e-07
1369,4.76837158203125e-07,7.152557373046875e-07,2.384185791015625e-07
1370,4.76837158203125e-07,7.152557373046875e-07,2.384185791015625e-07
1371,7.152557373046875e-07,4.76837158203125e-07,2.384185791015625e-07
1372,4.76837158203125e-07,9.5367431640625e-07,0.0
1373,4.76837158203125e-07,4.76837158203125e-07,2.384185791015625e-07
1374,4.76837158203125e-07,4.76837158203125e-07,2.384185791015625e-07
1375,4.76837158203125e-07,4.76837158203125e-07,4.76837158203125e-07
1376,4.76837158203125e-07,4.76837158203125e-07,2.384185791015625e-07
1377,4.76837158203125e-07,4.76837158203125e-07,0.0
1378,7.152557373046875e-07,4.76837158203125e-07,2.384185791015625e-07
1379,4.76837158203125e-07,4.76837158203125e-07,2.384185791015625e-07
1380,4.76837158203125e-07,4.76837158203125e-07,0.0
1381,7.152557373046875e-07,4.76837158203125e-07,2.384185791015625e-07
1382,4.76837158203125e-07,7.152557373046875e-07,2.384185791015625e-07
1383,4.76837158203125e-07,4.76837158203125e-07,4.76837158203125e-07
1384,4.76837158203125e-07,4.76837158203125e-07,2.384185791015625e-07
1385,7.152557373046875e-07,4.76837158203125e-07,2.384185791015625e-07
1386,4.76837158203125e-07,4.76837158203125e-07,0.0
1387,4.76837158203125e-07,7.152557373046875e-07,2.384185791015625e-07
1388,7.152557373046875e-07,4.76837158203125e-07,2.384185791015625e-07
1389,4.76837158203125e-07,4.76837158203125e-07,0.0
1390,4.76837158203125e-07,4.76837158203125e-07,2.384185791015625e-07
1391,4.76837158203125e-07,7.152557373046875e-07,4.76837158203125e-07
1392,4.76837158203125e-07,4.76837158203125e-07,0.0
1393,4.76837158203125e-07,4.76837158203125e-07,2.384185791015625e-07
1394,4.76837158203125e-07,4.76837158203125e-07,2.384185791015625e-07
1395,7.152557373046875e-07,7.152557373046875e-07,0.0
1396,7.152557373046875e-07,7.152557373046875e-07,2.384185791015625e-07
1397,4.76837158203125e-07,7.152557373046875e-07,2.384185791015625e-07
1398,4.76837158203125e-07,9.5367431640625e-07,0.0
1399,4.76837158203125e-07,9.5367431640625e-07,4.76837158203125e-07
1400,4.76837158203125e-07,7.152557373046875e-07,2.384185791015625e-07
1401,4.76837158203125e-07,9.5367431640625e-07,0.0
1402,7.152557373046875e-07,7.152557373046875e-07,2.384185791015625e-07
1403,4.76837158203125e-07,4.76837158203125e-07,2.384185791015625e-07
1404,4.76837158203125e-07,4.76837158203125e-07,0.0
1405,7.152557373046875e-07,9.5367431640625e-07,2.384185791015625e-07
1406,4.76837158203125e-07,4.76837158203125e-07,2.384185791015625e-07
1407,4.76837158203125e-07,7.152557373046875e-07,4.76837158203125e-07
1408,4.76837158203125e-07,4.76837158203125e-07,2.384185791015625e-07
1409,7.152557373046875e-07,4.76837158203125e-07,2.384185791015625e-07
1410,4.76837158203125e-07,7.152557373046875e-07,2.384185791015625e-07
1411,4.76837158203125e-07,7.152557373046875e-07,0.0
1412,4.76837158203125e-07,4.76837158203125e-07,2.384185791015625e-07
1413,4.76837158203125e-07,4.76837158203125e-07,2.384185791015625e-07
1414,4.76837158203125e-07,4.76837158203125e-07,0.0
1415,4.76837158203125e-07,7.152557373046875e-07,2.384185791015625e-07
1416,7.152557373046875e-07,4.76837158203125e-07,2.384185791015625e-07
1417,4.76837158203125e-07,4.76837158203125e-07,0.0
1418,4.76837158203125e-07,4.76837158203125e-07,2.384185791015625e-07
1419,4.76837158203125e-07,4.76837158203125e-07,2.384185791015625e-07
1420,4.76837158203125e-07,4.76837158203125e-07,0.0
1421,4.76837158203125e-07,7.152557373046875e-07,2.384185791015625e-07
1422,4.76837158203125e-07,4.76837158203125e-07,0.0
1423,7.152557373046875e-07,4.76837158203125e-07,2.384185791015625e-07
1424,4.76837158203125e-07,4.76837158203125e-07,2.384185791015625e-07
1425,4.76837158203125e-07,4.76837158203125e-07,2.384185791015625e-07
1426,4.76837158203125e-07,4.76837158203125e-07,2.384185791015625e-07
1427,4.76837158203125e-07,4.76837158203125e-07,0.0
1428,4.76837158203125e-07,7.152557373046875e-07,2.384185791015625e-07
1429,4.76837158203125e-07,4.76837158203125e-07,2.384185791015625e-07
1430,7.152557373046875e-07,4.76837158203125e-07,0.0
1431,4.76837158203125e-07,4.76837158203125e-07,2.384185791015625e-07
1432,4.76837158203125e-07,4.76837158203125e-07,2.384185791015625e-07
1433,4.76837158203125e-07,4.76837158203125e-07,0.0
1434,4.76837158203125e-07,4.76837158203125e-07,2.384185791015625e-07
1435,4.76837158203125e-07,4.76837158203125e-07,2.384185791015625e-07
1436,2.384185791015625e-07,4.76837158203125e-07,0.0
1437,7.152557373046875e-07,7.152557373046875e-07,2.384185791015625e-07
1438,4.76837158203125e-07,9.5367431640625e-07,2.384185791015625e-07
1439,4.76837158203125e-07,9.5367431640625e-07,4.76837158203125e-07
1440,4.76837158203125e-07,7.152557373046875e-07,2.384185791015625e-07
1441,4.76837158203125e-07,7.152557373046875e-07,2.384185791015625e-07
1442,4.76837158203125e-07,7.152557373046875e-07,0.0
1443,4.76837158203125e-07,4.76837158203125e-07,2.384185791015625e-07
1444,7.152557373046875e-07,4.76837158203125e-07,2.384185791015625e-07
1445,4.76837158203125e-07,4.76837158203125e-07,0.0
1446,4.76837158203125e-07,4.76837158203125e-07,2.384185791015625e-07
1447,4.76837158203125e-07,4.76837158203125e-07,2.384185791015625e-07
1448,4.76837158203125e-07,4.76837158203125e-07,0.0
1449,4.76837158203125e-07,7.152557373046875e-07,2.384185791015625e-07
1450,4.76837158203125e-07,7.152557373046875e-07,2.384185791015625e-07
1451,7.152557373046875e-07,4.76837158203125e-07,0.0
1452,4.76837158203125e-07,4.76837158203125e-07,2.384185791015625e-07
1453,4.76837158203125e-07,4.76837158203125e-07,0.0
1454,7.152557373046875e-07,4.76837158203125e-07,2.384185791015625e-07
1455,4.76837158203125e-07,4.76837158203125e-07,2.384185791015625e-07
1456,4.76837158203125e-07,7.152557373046875e-07,0.0
1457,9.5367431640625e-07,7.152557373046875e-07,2.384185791015625e-07
1458,7.152557373046875e-07,4.76837158203125e-07,2.384185791015625e-07
1459,4.76837158203125e-07,4.76837158203125e-07,0.0
1460,4.76837158203125e-07,4.76837158203125e-07,2.384185791015625e-07
1461,7.152557373046875e-07,4.76837158203125e-07,2.384185791015625e-07
1462,4.76837158203125e-07,4.76837158203125e-07,0.0
1463,4.76837158203125e-07,7.152557373046875e-07,2.384185791015625e-07
1464,4.76837158203125e-07,7.152557373046875e-07,0.0
1465,4.76837158203125e-07,4.76837158203125e-07,2.384185791015625e-07
1466,4.76837158203125e-07,4.76837158203125e-07,2.384185791015625e-07
1467,4.76837158203125e-07,4.76837158203125e-07,0.0
1468,4.76837158203125e-07,4.76837158203125e-07,2.384185791015625e-07
1469,4.76837158203125e-07,4.76837158203125e-07,2.384185791015625e-07
1470,4.76837158203125e-07,7.152557373046875e-07,0.0
1471,4.76837158203125e-07,4.76837158203125e-07,2.384185791015625e-07
1472,4.76837158203125e-07,4.76837158203125e-07,4.76837158203125e-07
1473,4.76837158203125e-07,7.152557373046875e-07,2.384185791015625e-07
1474,4.76837158203125e-07,4.76837158203125e-07,2.384185791015625e-07
1475,4.76837158203125e-07,9.5367431640625e-07,0.0
1476,4.76837158203125e-07,9.5367431640625e-07,2.384185791015625e-07
1477,4.76837158203125e-07,7.152557373046875e-07,2.384185791015625e-07
1478,4.76837158203125e-07,7.152557373046875e-07,0.0
1479,4.76837158203125e-07,7.152557373046875e-07,2.384185791015625e-07
1480,4.76837158203125e-07,4.76837158203125e-07,2.384185791015625e-07
1481,4.76837158203125e-07,4.76837158203125e-07,0.0
1482,4.76837158203125e-07,4.76837158203125e-07,2.384185791015625e-07
1483,7.152557373046875e-07,4.76837158203125e-07,2.384185791015625e-07
1484,4.76837158203125e-07,4.76837158203125e-07,0.0
1485,4.76837158203125e-07,7.152557373046875e-07,2.384185791015625e-07
1486,4.76837158203125e-07,4.76837158203125e-07,2.384185791015625e-07
1487,4.76837158203125e-07,4.76837158203125e-07,0.0
1488,4.76837158203125e-07,4.76837158203125e-07,2.384185791015625e-07
1489,7.152557373046875e-07,4.76837158203125e-07,4.76837158203125e-07
1490,4.76837158203125e-07,4.76837158203125e-07,0.0
1491,4.76837158203125e-07,4.76837158203125e-07,2.384185791015625e-07
1492,4.76837158203125e-07,4.76837158203125e-07,2.384185791015625e-07
1493,4.76837158203125e-07,7.152557373046875e-07,2.384185791015625e-07
1494,4.76837158203125e-07,4.76837158203125e-07,2.384185791015625e-07
1495,4.76837158203125e-07,4.76837158203125e-07,0.0
1496,7.152557373046875e-07,4.76837158203125e-07,2.384185791015625e-07
1497,4.76837158203125e-07,4.76837158203125e-07,4.76837158203125e-07
1498,7.152557373046875e-07,7.152557373046875e-07,0.0
1499,4.76837158203125e-07,4.76837158203125e-07,2.384185791015625e-07
1500,7.152557373046875e-07,4.76837158203125e-07,2.384185791015625e-07
1501,4.76837158203125e-07,4.76837158203125e-07,0.0
1502,4.76837158203125e-07,4.76837158203125e-07,2.384185791015625e-07
1503,7.152557373046875e-07,7.152557373046875e-07,2.384185791015625e-07
1504,4.76837158203125e-07,7.152557373046875e-07,0.0
1505,4.76837158203125e-07,4.76837158203125e-07,2.384185791015625e-07
1506,7.152557373046875e-07,4.76837158203125e-07,2.384185791015625e-07
1507,7.152557373046875e-07,4.76837158203125e-07,2.384185791015625e-07
1508,4.76837158203125e-07,7.152557373046875e-07,2.384185791015625e-07
1509,4.76837158203125e-07,4.76837158203125e-07,2.384185791015625e-07
1510,9.5367431640625e-07,4.76837158203125e-07,2.384185791015625e-07
1511,4.76837158203125e-07,4.76837158203125e-07,2.384185791015625e-07
1512,4.76837158203125e-07,9.5367431640625e-07,2.384185791015625e-07
1513,7.152557373046875e-07,4.76837158203125e-07,4.76837158203125e-07
1514,4.76837158203125e-07,7.152557373046875e-07,0.0
1515,4.76837158203125e-07,7.152557373046875e-07,2.384185791015625e-07
1516,4.76837158203125e-07,7.152557373046875e-07,2.384185791015625e-07
1517,4.76837158203125e-07,9.5367431640625e-07,0.0
1518,4.76837158203125e-07,9.5367431640625e-07,2.384185791015625e-07
1519,4.76837158203125e-07,7.152557373046875e-07,2.384185791015625e-07
1520,7.152557373046875e-07,7.152557373046875e-07,0.0
1521,4.76837158203125e-07,9.5367431640625e-07,2.384185791015625e-07
1522,7.152557373046875e-07,9.5367431640625e-07,2.384185791015625e-07
1523,4.76837158203125e-07,4.76837158203125e-07,0.0
1524,4.76837158203125e-07,4.76837158203125e-07,2.384185791015625e-07
1525,4.76837158203125e-07,4.76837158203125e-07,2.384185791015625e-07
1526,4.76837158203125e-07,4.76837158203125e-07,0.0
1527,7.152557373046875e-07,7.152557373046875e-07,2.384185791015625e-07
1528,4.76837158203125e-07,7.152557373046875e-07,2.384185791015625e-07
1529,4.76837158203125e-07,4.76837158203125e-07,0.0
1530,4.76837158203125e-07,4.76837158203125e-07,2.384185791015625e-07
1531,4.76837158203125e-07,9.5367431640625e-07,2.384185791015625e-07
1532,4.76837158203125e-07,7.152557373046875e-07,2.384185791015625e-07
1533,4.76837158203125e-07,4.76837158203125e-07,2.384185791015625e-07
1534,7.152557373046875e-07,4.76837158203125e-07,0.0
1535,4.76837158203125e-07,4.76837158203125e-07,2.384185791015625e-07
1536,4.76837158203125e-07,9.5367431640625e-07,2.384185791015625e-07
1537,4.76837158203125e-07,4.76837158203125e-07,0.0
1538,4.76837158203125e-07,7.152557373046875e-07,4.76837158203125e-07
1539,4.76837158203125e-07,7.152557373046875e-07,2.384185791015625e-07
1540,4.76837158203125e-07,7.152557373046875e-07,2.384185791015625e-07
1541,9.5367431640625e-07,7.152557373046875e-07,2.384185791015625e-07
1542,4.76837158203125e-07,9.5367431640625e-07,0.0
1543,4.76837158203125e-07,7.152557373046875e-07,2.384185791015625e-07
1544,4.76837158203125e-07,4.76837158203125e-07,2.384185791015625e-07
1545,4.76837158203125e-07,7.152557373046875e-07,0.0
1546,4.76837158203125e-07,4.76837158203125e-07,2.384185791015625e-07
1547,4.76837158203125e-07,4.76837158203125e-07,2.384185791015625e-07
1548,7.152557373046875e-07,4.76837158203125e-07,0.0
1549,7.152557373046875e-07,4.76837158203125e-07,2.384185791015625e-07
1550,4.76837158203125e-07,4.76837158203125e-07,2.384185791015625e-07
1551,4.76837158203125e-07,4.76837158203125e-07,2.384185791015625e-07
1552,7.152557373046875e-07,4.76837158203125e-07,2.384185791015625e-07
1553,4.76837158203125e-07,4.76837158203125e-07,0.0
1554,4.76837158203125e-07,7.152557373046875e-07,2.384185791015625e-07
1555,7.152557373046875e-07,7.152557373046875e-07,2.384185791015625e-07
1556,4.76837158203125e-07,4.76837158203125e-07,0.0
1557,4.76837158203125e-07,4.76837158203125e-07,2.384185791015625e-07
1558,4.76837158203125e-07,4.76837158203125e-07,2.384185791015625e-07
1559,7.152557373046875e-07,4.76837158203125e-07,0.0
1560,4.76837158203125e-07,7.152557373046875e-07,2.384185791015625e-07
1561,7.152557373046875e-07,4.76837158203125e-07,2.384185791015625e-07
1562,7.152557373046875e-07,4.76837158203125e-07,2.384185791015625e-07
1563,4.76837158203125e-07,4.76837158203125e-07,4.76837158203125e-07
1564,4.76837158203125e-07,7.152557373046875e-07,2.384185791015625e-07
1565,4.76837158203125e-07,7.152557373046875e-07,0.0
1566,7.152557373046875e-07,4.76837158203125e-07,2.384185791015625e-07
1567,4.76837158203125e-07,4.76837158203125e-07,2.384185791015625e-07
1568,7.152557373046875e-07,4.76837158203125e-07,0.0
1569,4.76837158203125e-07,9.5367431640625e-07,2.384185791015625e-07
1570,4.76837158203125e-07,7.152557373046875e-07,2.384185791015625e-07
1571,4.76837158203125e-07,7.152557373046875e-07,0.0
1572,4.76837158203125e-07,4.76837158203125e-07,2.384185791015625e-07
1573,7.152557373046875e-07,4.76837158203125e-07,2.384185791015625e-07
1574,4.76837158203125e-07,4.76837158203125e-07,0.0
1575,7.152557373046875e-07,7.152557373046875e-07,2.384185791015625e-07
1576,4.76837158203125e-07,9.5367431640625e-07,2.384185791015625e-07
1577,4.76837158203125e-07,7.152557373046875e-07,0.0
1578,4.76837158203125e-07,7.152557373046875e-07,2.384185791015625e-07
1579,4.76837158203125e-07,7.152557373046875e-07,4.76837158203125e-07
1580,7.152557373046875e-07,4.76837158203125e-07,0.0
1581,4.76837158203125e-07,4.76837158203125e-07,2.384185791015625e-07
1582,2.384185791015625e-07,4.76837158203125e-07,2.384185791015625e-07
1583,4.76837158203125e-07,4.76837158203125e-07,0.0
1584,4.76837158203125e-07,4.76837158203125e-07,2.384185791015625e-07
1585,4.76837158203125e-07,4.76837158203125e-07,0.0
1586,4.76837158203125e-07,4.76837158203125e-07,2.384185791015625e-07
1587,4.76837158203125e-07,4.76837158203125e-07,2.384185791015625e-07
1588,4.76837158203125e-07,4.76837158203125e-07,0.0
1589,4.76837158203125e-07,4.76837158203125e-07,2.384185791015625e-07
1590,9.5367431640625e-07,4.76837158203125e-07,2.384185791015625e-07
1591,4.76837158203125e-07,7.152557373046875e-07,0.0
1592,4.76837158203125e-07,4.76837158203125e-07,2.384185791015625e-07
1593,4.76837158203125e-07,4.76837158203125e-07,2.384185791015625e-07
1594,4.76837158203125e-07,4.76837158203125e-07,2.384185791015625e-07
1595,4.76837158203125e-07,4.76837158203125e-07,4.76837158203125e-07
1596,4.76837158203125e-07,4.76837158203125e-07,0.0
1597,7.152557373046875e-07,4.76837158203125e-07,0.0
1598,4.76837158203125e-07,4.76837158203125e-07,2.384185791015625e-07
1599,4.76837158203125e-07,4.76837158203125e-07,2.384185791015625e-07
1600,4.76837158203125e-07,4.76837158203125e-07,2.384185791015625e-07
1601,4.76837158203125e-07,4.76837158203125e-07,2.384185791015625e-07
1602,7.152557373046875e-07,4.76837158203125e-07,0.0
1603,4.76837158203125e-07,7.152557373046875e-07,4.76837158203125e-07
1604,7.152557373046875e-07,4.76837158203125e-07,2.384185791015625e-07
1605,4.76837158203125e-07,4.76837158203125e-07,0.0
1606,4.76837158203125e-07,9.5367431640625e-07,2.384185791015625e-07
1607,4.76837158203125e-07,7.152557373046875e-07,2.384185791015625e-07
1608,7.152557373046875e-07,7.152557373046875e-07,2.384185791015625e-07
1609,4.76837158203125e-07,7.152557373046875e-07,2.384185791015625e-07
1610,4.76837158203125e-07,4.76837158203125e-07,0.0
1611,7.152557373046875e-07,4.76837158203125e-07,2.384185791015625e-07
1612,4.76837158203125e-07,7.152557373046875e-07,2.384185791015625e-07
1613,4.76837158203125e-07,7.152557373046875e-07,0.0
1614,4.76837158203125e-07,4.76837158203125e-07,2.384185791015625e-07
1615,7.152557373046875e-07,4.76837158203125e-07,2.384185791015625e-07
1616,4.76837158203125e-07,4.76837158203125e-07,0.0
1617,4.76837158203125e-07,7.152557373046875e-07,2.384185791015625e-07
1618,7.152557373046875e-07,4.76837158203125e-07,0.0
1619,7.152557373046875e-07,7.152557373046875e-07,2.384185791015625e-07
1620,4.76837158203125e-07,4.76837158203125e-07,4.76837158203125e-07
1621,4.76837158203125e-07,4.76837158203125e-07,0.0
1622,7.152557373046875e-07,4.76837158203125e-07,2.384185791015625e-07
1623,4.76837158203125e-07,4.76837158203125e-07,2.384185791015625e-07
1624,4.76837158203125e-07,4.76837158203125e-07,0.0
1625,4.76837158203125e-07,4.76837158203125e-07,2.384185791015625e-07
1626,4.76837158203125e-07,7.152557373046875e-07,0.0
1627,4.76837158203125e-07,7.152557373046875e-07,2.384185791015625e-07
1628,4.76837158203125e-07,4.76837158203125e-07,4.76837158203125e-07
1629,7.152557373046875e-07,4.76837158203125e-07,0.0
1630,4.76837158203125e-07,7.152557373046875e-07,2.384185791015625e-07
1631,4.76837158203125e-07,7.152557373046875e-07,2.384185791015625e-07
1632,7.152557373046875e-07,4.76837158203125e-07,0.0
1633,4.76837158203125e-07,4.76837158203125e-07,2.384185791015625e-07
1634,4.76837158203125e-07,7.152557373046875e-07,2.384185791015625e-07
1635,4.76837158203125e-07,7.152557373046875e-07,2.384185791015625e-07
1636,7.152557373046875e-07,7.152557373046875e-07,2.384185791015625e-07
1637,4.76837158203125e-07,4.76837158203125e-07,0.0
1638,4.76837158203125e-07,4.76837158203125e-07,2.384185791015625e-07
1639,4.76837158203125e-07,7.152557373046875e-07,2.384185791015625e-07
1640,4.76837158203125e-07,9.5367431640625e-07,0.0
1641,4.76837158203125e-07,9.5367431640625e-07,2.384185791015625e-07
1642,4.76837158203125e-07,7.152557373046875e-07,2.384185791015625e-07
1643,4.76837158203125e-07,7.152557373046875e-07,0.0
1644,4.76837158203125e-07,7.152557373046875e-07,2.384185791015625e-07
1645,4.76837158203125e-07,4.76837158203125e-07,2.384185791015625e-07
1646,7.152557373046875e-07,4.76837158203125e-07,2.384185791015625e-07
1647,4.76837158203125e-07,7.152557373046875e-07,0.0
1648,4.76837158203125e-07,4.76837158203125e-07,0.0
1649,4.76837158203125e-07,7.152557373046875e-07,0.0
1650,4.76837158203125e-07,4.76837158203125e-07,2.384185791015625e-07
1651,4.76837158203125e-07,4.76837158203125e-07,2.384185791015625e-07
1652,4.76837158203125e-07,4.76837158203125e-07,0.0
1653,4.76837158203125e-07,4.76837158203125e-07,2.384185791015625e-07
1654,4.76837158203125e-07,7.152557373046875e-07,2.384185791015625e-07
1655,4.76837158203125e-07,4.76837158203125e-07,2.384185791015625e-07
1656,4.76837158203125e-07,7.152557373046875e-07,0.0
1657,4.76837158203125e-07,4.76837158203125e-07,2.384185791015625e-07
1658,4.76837158203125e-07,4.76837158203125e-07,0.0
1659,4.76837158203125e-07,4.76837158203125e-07,2.384185791015625e-07
1660,7.152557373046875e-07,4.76837158203125e-07,4.76837158203125e-07
1661,4.76837158203125e-07,7.152557373046875e-07,2.384185791015625e-07
1662,4.76837158203125e-07,4.76837158203125e-07,2.384185791015625e-07
1663,4.76837158203125e-07,4.76837158203125e-07,2.384185791015625e-07
1664,4.76837158203125e-07,4.76837158203125e-07,2.384185791015625e-07
1665,4.76837158203125e-07,4.76837158203125e-07,0.0
1666,4.76837158203125e-07,4.76837158203125e-07,2.384185791015625e-07
1667,4.76837158203125e-07,4.76837158203125e-07,2.384185791015625e-07
1668,4.76837158203125e-07,4.76837158203125e-07,0.0
1669,4.76837158203125e-07,4.76837158203125e-07,0.0
1670,4.76837158203125e-07,4.76837158203125e-07,2.384185791015625e-07
1671,7.152557373046875e-07,4.76837158203125e-07,2.384185791015625e-07
1672,4.76837158203125e-07,4.76837158203125e-07,0.0
1673,4.76837158203125e-07,4.76837158203125e-07,2.384185791015625e-07
1674,7.152557373046875e-07,9.5367431640625e-07,2.384185791015625e-07
1675,4.76837158203125e-07,9.5367431640625e-07,2.384185791015625e-07
1676,4.76837158203125e-07,7.152557373046875e-07,0.0
1677,4.76837158203125e-07,7.152557373046875e-07,2.384185791015625e-07
1678,7.152557373046875e-07,7.152557373046875e-07,2.384185791015625e-07
1679,4.76837158203125e-07,4.76837158203125e-07,0.0
1680,4.76837158203125e-07,9.5367431640625e-07,2.384185791015625e-07
1681,7.152557373046875e-07,7.152557373046875e-07,2.384185791015625e-07
1682,4.76837158203125e-07,4.76837158203125e-07,2.384185791015625e-07
1683,4.76837158203125e-07,4.76837158203125e-07,2.384185791015625e-07
1684,4.76837158203125e-07,4.76837158203125e-07,0.0
1685,7.152557373046875e-07,4.76837158203125e-07,2.384185791015625e-07
1686,4.76837158203125e-07,4.76837158203125e-07,2.384185791015625e-07
1687,4.76837158203125e-07,4.76837158203125e-07,2.384185791015625e-07
1688,7.152557373046875e-07,7.152557373046875e-07,2.384185791015625e-07
1689,4.76837158203125e-07,7.152557373046875e-07,0.0
1690,4.76837158203125e-07,4.76837158203125e-07,2.384185791015625e-07
1691,4.76837158203125e-07,4.76837158203125e-07,2.384185791015625e-07
1692,7.152557373046875e-07,4.76837158203125e-07,0.0
1693,4.76837158203125e-07,4.76837158203125e-07,4.76837158203125e-07
1694,4.76837158203125e-07,4.76837158203125e-07,2.384185791015625e-07
1695,4.76837158203125e-07,4.76837158203125e-07,0.0
1696,4.76837158203125e-07,4.76837158203125e-07,2.384185791015625e-07
1697,4.76837158203125e-07,4.76837158203125e-07,2.384185791015625e-07
1698,4.76837158203125e-07,4.76837158203125e-07,2.384185791015625e-07
1699,7.152557373046875e-07,4.76837158203125e-07,2.384185791015625e-07
1700,4.76837158203125e-07,4.76837158203125e-07,0.0
1701,7.152557373046875e-07,4.76837158203125e-07,4.76837158203125e-07
1702,7.152557373046875e-07,4.76837158203125e-07,2.384185791015625e-07
1703,4.76837158203125e-07,4.76837158203125e-07,0.0
1704,4.76837158203125e-07,7.152557373046875e-07,2.384185791015625e-07
1705,4.76837158203125e-07,7.152557373046875e-07,2.384185791015625e-07
1706,7.152557373046875e-07,7.152557373046875e-07,0.0
1707,4.76837158203125e-07,9.5367431640625e-07,2.384185791015625e-07
1708,4.76837158203125e-07,7.152557373046875e-07,2.384185791015625e-07
1709,4.76837158203125e-07,4.76837158203125e-07,2.384185791015625e-07
1710,4.76837158203125e-07,4.76837158203125e-07,2.384185791015625e-07
1711,4.76837158203125e-07,7.152557373046875e-07,0.0
1712,4.76837158203125e-07,4.76837158203125e-07,2.384185791015625e-07
1713,7.152557373046875e-07,4.76837158203125e-07,2.384185791015625e-07
1714,4.76837158203125e-07,4.76837158203125e-07,0.0
1715,4.76837158203125e-07,7.152557373046875e-07,2.384185791015625e-07
1716,4.76837158203125e-07,4.76837158203125e-07,2.384185791015625e-07
1717,7.152557373046875e-07,4.76837158203125e-07,2.384185791015625e-07
1718,4.76837158203125e-07,4.76837158203125e-07,2.384185791015625e-07
1719,4.76837158203125e-07,4.76837158203125e-07,2.384185791015625e-07
1720,7.152557373046875e-07,4.76837158203125e-07,2.384185791015625e-07
1721,4.76837158203125e-07,4.76837158203125e-07,2.384185791015625e-07
1722,4.76837158203125e-07,4.76837158203125e-07,2.384185791015625e-07
1723,4.76837158203125e-07,4.76837158203125e-07,2.384185791015625e-07
1724,4.76837158203125e-07,7.152557373046875e-07,2.384185791015625e-07
1725,4.76837158203125e-07,4.76837158203125e-07,2.384185791015625e-07
1726,7.152557373046875e-07,4.76837158203125e-07,0.0
1727,4.76837158203125e-07,4.76837158203125e-07,2.384185791015625e-07
1728,4.76837158203125e-07,4.76837158203125e-07,2.384185791015625e-07
1729,4.76837158203125e-07,4.76837158203125e-07,2.384185791015625e-07
1730,4.76837158203125e-07,7.152557373046875e-07,0.0
1731,4.76837158203125e-07,4.76837158203125e-07,2.384185791015625e-07
1732,4.76837158203125e-07,7.152557373046875e-07,0.0
1733,4.76837158203125e-07,7.152557373046875e-07,2.384185791015625e-07
1734,7.152557373046875e-07,4.76837158203125e-07,2.384185791015625e-07
1735,4.76837158203125e-07,4.76837158203125e-07,0.0
1736,4.76837158203125e-07,4.76837158203125e-07,2.384185791015625e-07
1737,4.76837158203125e-07,7.152557373046875e-07,2.384185791015625e-07
1738,4.76837158203125e-07,7.152557373046875e-07,2.384185791015625e-07
1739,4.76837158203125e-07,7.152557373046875e-07,2.384185791015625e-07
1740,7.152557373046875e-07,7.152557373046875e-07,0.0
1741,4.76837158203125e-07,7.152557373046875e-07,2.384185791015625e-07
1742,4.76837158203125e-07,4.76837158203125e-07,4.76837158203125e-07
1743,4.76837158203125e-07,4.76837158203125e-07,2.384185791015625e-07
1744,4.76837158203125e-07,7.152557373046875e-07,0.0
1745,4.76837158203125e-07,7.152557373046875e-07,2.384185791015625e-07
1746,4.76837158203125e-07,4.76837158203125e-07,2.384185791015625e-07
1747,4.76837158203125e-07,7.152557373046875e-07,2.384185791015625e-07
1748,4.76837158203125e-07,4.76837158203125e-07,0.0
1749,4.76837158203125e-07,4.76837158203125e-07,2.384185791015625e-07
1750,4.76837158203125e-07,4.76837158203125e-07,0.0
1751,4.76837158203125e-07,4.76837158203125e-07,2.384185791015625e-07
1752,7.152557373046875e-07,4.76837158203125e-07,2.384185791015625e-07
1753,4.76837158203125e-07,4.76837158203125e-07,0.0
1754,4.76837158203125e-07,4.76837158203125e-07,2.384185791015625e-07
1755,4.76837158203125e-07,4.76837158203125e-07,2.384185791015625e-07
1756,4.76837158203125e-07,4.76837158203125e-07,0.0
1757,4.76837158203125e-07,4.76837158203125e-07,2.384185791015625e-07
1758,2.384185791015625e-07,4.76837158203125e-07,0.0
1759,7.152557373046875e-07,4.76837158203125e-07,2.384185791015625e-07
1760,4.76837158203125e-07,1.1920928955078125e-06,2.384185791015625e-07
1761,4.76837158203125e-07,4.76837158203125e-07,2.384185791015625e-07
1762,4.76837158203125e-07,4.76837158203125e-07,0.0
1763,4.76837158203125e-07,7.152557373046875e-07,2.384185791015625e-07
1764,4.76837158203125e-07,4.76837158203125e-07,2.384185791015625e-07
1765,4.76837158203125e-07,4.76837158203125e-07,2.384185791015625e-07
1766,7.152557373046875e-07,4.76837158203125e-07,2.384185791015625e-07
1767,4.76837158203125e-07,4.76837158203125e-07,0.0
1768,7.152557373046875e-07,4.76837158203125e-07,2.384185791015625e-07
1769,4.76837158203125e-07,4.76837158203125e-07,0.0
1770,4.76837158203125e-07,1.1920928955078125e-06,2.384185791015625e-07
1771,4.76837158203125e-07,7.152557373046875e-07,0.0
1772,4.76837158203125e-07,4.76837158203125e-07,2.384185791015625e-07
1773,9.5367431640625e-07,4.76837158203125e-07,2.384185791015625e-07
1774,4.76837158203125e-07,7.152557373046875e-07,2.384185791015625e-07
1775,4.76837158203125e-07,4.76837158203125e-07,2.384185791015625e-07
1776,7.152557373046875e-07,4.76837158203125e-07,0.0
1777,4.76837158203125e-07,4.76837158203125e-07,0.0
1778,4.76837158203125e-07,4.76837158203125e-07,2.384185791015625e-07
1779,4.76837158203125e-07,4.76837158203125e-07,2.384185791015625e-07
1780,7.152557373046875e-07,4.76837158203125e-07,0.0
1781,4.76837158203125e-07,4.76837158203125e-07,2.384185791015625e-07
1782,4.76837158203125e-07,7.152557373046875e-07,2.384185791015625e-07
1783,7.152557373046875e-07,7.152557373046875e-07,0.0
1784,7.152557373046875e-07,4.76837158203125e-07,2.384185791015625e-07
1785,4.76837158203125e-07,4.76837158203125e-07,2.384185791015625e-07
1786,4.76837158203125e-07,7.152557373046875e-07,0.0
1787,7.152557373046875e-07,7.152557373046875e-07,2.384185791015625e-07
1788,4.76837158203125e-07,9.5367431640625e-07,2.384185791015625e-07
1789,4.76837158203125e-07,7.152557373046875e-07,2.384185791015625e-07
1790,4.76837158203125e-07,7.152557373046875e-07,0.0
1791,4.76837158203125e-07,4.76837158203125e-07,2.384185791015625e-07
1792,4.76837158203125e-07,9.5367431640625e-07,2.384185791015625e-07
1793,4.76837158203125e-07,7.152557373046875e-07,0.0
1794,7.152557373046875e-07,4.76837158203125e-07,2.384185791015625e-07
1795,4.76837158203125e-07,7.152557373046875e-07,2.384185791015625e-07
1796,4.76837158203125e-07,7.152557373046875e-07,2.384185791015625e-07
1797,4.76837158203125e-07,4.76837158203125e-07,2.384185791015625e-07
1798,4.76837158203125e-07,4.76837158203125e-07,2.384185791015625e-07
1799,4.76837158203125e-07,7.152557373046875e-07,0.0
1800,4.76837158203125e-07,4.76837158203125e-07,2.384185791015625e-07
1801,7.152557373046875e-07,7.152557373046875e-07,0.0
1802,4.76837158203125e-07,4.76837158203125e-07,2.384185791015625e-07
1803,4.76837158203125e-07,4.76837158203125e-07,2.384185791015625e-07
1804,4.76837158203125e-07,4.76837158203125e-07,0.0
1805,4.76837158203125e-07,4.76837158203125e-07,2.384185791015625e-07
1806,4.76837158203125e-07,4.76837158203125e-07,2.384185791015625e-07
1807,4.76837158203125e-07,4.76837158203125e-07,2.384185791015625e-07
1808,7.152557373046875e-07,7.152557373046875e-07,0.0
1809,4.76837158203125e-07,7.152557373046875e-07,2.384185791015625e-07
1810,4.76837158203125e-07,4.76837158203125e-07,2.384185791015625e-07
1811,4.76837158203125e-07,4.76837158203125e-07,0.0
1812,4.76837158203125e-07,4.76837158203125e-07,2.384185791015625e-07
1813,4.76837158203125e-07,4.76837158203125e-07,2.384185791015625e-07
1814,4.76837158203125e-07,7.152557373046875e-07,0.0
1815,4.76837158203125e-07,4.76837158203125e-07,4.76837158203125e-07
1816,4.76837158203125e-07,4.76837158203125e-07,0.0
1817,4.76837158203125e-07,4.76837158203125e-07,2.384185791015625e-07
1818,4.76837158203125e-07,4.76837158203125e-07,2.384185791015625e-07
1819,4.76837158203125e-07,4.76837158203125e-07,0.0
1820,4.76837158203125e-07,4.76837158203125e-07,2.384185791015625e-07
1821,4.76837158203125e-07,4.76837158203125e-07,2.384185791015625e-07
1822,7.152557373046875e-07,7.152557373046875e-07,0.0
1823,4.76837158203125e-07,7.152557373046875e-07,2.384185791015625e-07
1824,4.76837158203125e-07,4.76837158203125e-07,0.0
1825,4.76837158203125e-07,4.76837158203125e-07,2.384185791015625e-07
1826,4.76837158203125e-07,7.152557373046875e-07,2.384185791015625e-07
1827,4.76837158203125e-07,7.152557373046875e-07,0.0
1828,7.152557373046875e-07,9.5367431640625e-07,2.384185791015625e-07
1829,4.76837158203125e-07,4.76837158203125e-07,2.384185791015625e-07
1830,4.76837158203125e-07,9.5367431640625e-07,2.384185791015625e-07
1831,4.76837158203125e-07,7.152557373046875e-07,0.0
1832,4.76837158203125e-07,7.152557373046875e-07,2.384185791015625e-07
1833,7.152557373046875e-07,7.152557373046875e-07,0.0
1834,4.76837158203125e-07,9.5367431640625e-07,2.384185791015625e-07
1835,4.76837158203125e-07,7.152557373046875e-07,2.384185791015625e-07
1836,4.76837158203125e-07,7.152557373046875e-07,0.0
1837,4.76837158203125e-07,4.76837158203125e-07,2.384185791015625e-07
1838,4.76837158203125e-07,4.76837158203125e-07,2.384185791015625e-07
1839,7.152557373046875e-07,4.76837158203125e-07,2.384185791015625e-07
1840,7.152557373046875e-07,4.76837158203125e-07,4.76837158203125e-07
1841,4.76837158203125e-07,7.152557373046875e-07,0.0
1842,4.76837158203125e-07,7.152557373046875e-07,2.384185791015625e-07
1843,4.76837158203125e-07,4.76837158203125e-07,2.384185791015625e-07
1844,4.76837158203125e-07,4.76837158203125e-07,0.0
1845,7.152557373046875e-07,4.76837158203125e-07,2.384185791015625e-07
1846,4.76837158203125e-07,4.76837158203125e-07,2.384185791015625e-07
1847,7.152557373046875e-07,4.76837158203125e-07,0.0
1848,4.76837158203125e-07,7.152557373046875e-07,4.76837158203125e-07
1849,4.76837158203125e-07,4.76837158203125e-07,0.0
1850,4.76837158203125e-07,4.76837158203125e-07,2.384185791015625e-07
1851,4.76837158203125e-07,4.76837158203125e-07,2.384185791015625e-07
1852,4.76837158203125e-07,4.76837158203125e-07,0.0
1853,4.76837158203125e-07,4.76837158203125e-07,2.384185791015625e-07
1854,7.152557373046875e-07,4.76837158203125e-07,2.384185791015625e-07
1855,4.76837158203125e-07,7.152557373046875e-07,2.384185791015625e-07
1856,4.76837158203125e-07,4.76837158203125e-07,2.384185791015625e-07
1857,4.76837158203125e-07,4.76837158203125e-07,2.384185791015625e-07
1858,4.76837158203125e-07,4.76837158203125e-07,0.0
1859,4.76837158203125e-07,4.76837158203125e-07,2.384185791015625e-07
1860,4.76837158203125e-07,4.76837158203125e-07,2.384185791015625e-07
1861,7.152557373046875e-07,4.76837158203125e-07,2.384185791015625e-07
1862,4.76837158203125e-07,4.76837158203125e-07,2.384185791015625e-07
1863,4.76837158203125e-07,4.76837158203125e-07,2.384185791015625e-07
1864,4.76837158203125e-07,9.5367431640625e-07,2.384185791015625e-07
1865,4.76837158203125e-07,9.5367431640625e-07,2.384185791015625e-07
1866,2.384185791015625e-07,7.152557373046875e-07,2.384185791015625e-07
1867,4.76837158203125e-07,7.152557373046875e-07,2.384185791015625e-07
1868,7.152557373046875e-07,7.152557373046875e-07,2.384185791015625e-07
1869,4.76837158203125e-07,7.152557373046875e-07,0.0
1870,4.76837158203125e-07,4.76837158203125e-07,2.384185791015625e-07
1871,4.76837158203125e-07,4.76837158203125e-07,2.384185791015625e-07
1872,4.76837158203125e-07,7.152557373046875e-07,2.384185791015625e-07
1873,4.76837158203125e-07,7.152557373046875e-07,0.0
1874,4.76837158203125e-07,7.152557373046875e-07,2.384185791015625e-07
1875,7.152557373046875e-07,4.76837158203125e-07,2.384185791015625e-07
1876,4.76837158203125e-07,4.76837158203125e-07,0.0
1877,4.76837158203125e-07,4.76837158203125e-07,2.384185791015625e-07
1878,4.76837158203125e-07,4.76837158203125e-07,2.384185791015625e-07
1879,7.152557373046875e-07,4.76837158203125e-07,2.384185791015625e-07
1880,7.152557373046875e-07,4.76837158203125e-07,2.384185791015625e-07
1881,4.76837158203125e-07,4.76837158203125e-07,4.76837158203125e-07
1882,7.152557373046875e-07,4.76837158203125e-07,0.0
1883,4.76837158203125e-07,4.76837158203125e-07,2.384185791015625e-07
1884,4.76837158203125e-07,4.76837158203125e-07,0.0
1885,4.76837158203125e-07,4.76837158203125e-07,2.384185791015625e-07
1886,4.76837158203125e-07,4.76837158203125e-07,2.384185791015625e-07
1887,4.76837158203125e-07,4.76837158203125e-07,0.0
1888,4.76837158203125e-07,7.152557373046875e-07,2.384185791015625e-07
1889,4.76837158203125e-07,4.76837158203125e-07,4.76837158203125e-07
1890,4.76837158203125e-07,4.76837158203125e-07,0.0
1891,4.76837158203125e-07,4.76837158203125e-07,2.384185791015625e-07
1892,7.152557373046875e-07,7.152557373046875e-07,2.384185791015625e-07
1893,4.76837158203125e-07,7.152557373046875e-07,0.0
1894,4.76837158203125e-07,4.76837158203125e-07,2.384185791015625e-07
1895,4.76837158203125e-07,4.76837158203125e-07,2.384185791015625e-07
1896,7.152557373046875e-07,4.76837158203125e-07,0.0
1897,4.76837158203125e-07,4.76837158203125e-07,2.384185791015625e-07
1898,4.76837158203125e-07,4.76837158203125e-07,2.384185791015625e-07
1899,7.152557373046875e-07,7.152557373046875e-07,0.0
1900,4.76837158203125e-07,7.152557373046875e-07,2.384185791015625e-07
1901,4.76837158203125e-07,7.152557373046875e-07,2.384185791015625e-07
1902,4.76837158203125e-07,9.5367431640625e-07,0.0
1903,7.152557373046875e-07,9.5367431640625e-07,2.384185791015625e-07
1904,4.76837158203125e-07,7.152557373046875e-07,2.384185791015625e-07
1905,4.76837158203125e-07,4.76837158203125e-07,2.384185791015625e-07
1906,7.152557373046875e-07,4.76837158203125e-07,2.384185791015625e-07
1907,4.76837158203125e-07,4.76837158203125e-07,0.0
1908,7.152557373046875e-07,4.76837158203125e-07,2.384185791015625e-07
1909,4.76837158203125e-07,4.76837158203125e-07,2.384185791015625e-07
1910,9.5367431640625e-07,7.152557373046875e-07,0.0
1911,4.76837158203125e-07,4.76837158203125e-07,2.384185791015625e-07
1912,4.76837158203125e-07,4.76837158203125e-07,2.384185791015625e-07
1913,7.152557373046875e-07,4.76837158203125e-07,2.384185791015625e-07
1914,4.76837158203125e-07,7.152557373046875e-07,4.76837158203125e-07
1915,4.76837158203125e-07,7.152557373046875e-07,0.0
1916,4.76837158203125e-07,7.152557373046875e-07,2.384185791015625e-07
1917,4.76837158203125e-07,4.76837158203125e-07,2.384185791015625e-07
1918,4.76837158203125e-07,4.76837158203125e-07,0.0
1919,4.76837158203125e-07,7.152557373046875e-07,2.384185791015625e-07
1920,9.5367431640625e-07,4.76837158203125e-07,2.384185791015625e-07
1921,4.76837158203125e-07,4.76837158203125e-07,0.0
1922,4.76837158203125e-07,4.76837158203125e-07,4.76837158203125e-07
1923,4.76837158203125e-07,4.76837158203125e-07,2.384185791015625e-07
1924,4.76837158203125e-07,4.76837158203125e-07,0.0
1925,4.76837158203125e-07,4.76837158203125e-07,2.384185791015625e-07
1926,4.76837158203125e-07,4.76837158203125e-07,2.384185791015625e-07
1927,7.152557373046875e-07,7.152557373046875e-07,2.384185791015625e-07
1928,4.76837158203125e-07,4.76837158203125e-07,0.0
1929,4.76837158203125e-07,4.76837158203125e-07,2.384185791015625e-07
1930,4.76837158203125e-07,4.76837158203125e-07,0.0
1931,4.76837158203125e-07,4.76837158203125e-07,0.0
1932,4.76837158203125e-07,7.152557373046875e-07,2.384185791015625e-07
1933,4.76837158203125e-07,7.152557373046875e-07,0.0
1934,7.152557373046875e-07,9.5367431640625e-07,2.384185791015625e-07
1935,4.76837158203125e-07,4.76837158203125e-07,2.384185791015625e-07
1936,4.76837158203125e-07,9.5367431640625e-07,0.0
1937,4.76837158203125e-07,9.5367431640625e-07,2.384185791015625e-07
1938,4.76837158203125e-07,7.152557373046875e-07,4.76837158203125e-07
1939,4.76837158203125e-07,7.152557373046875e-07,0.0
1940,4.76837158203125e-07,4.76837158203125e-07,2.384185791015625e-07
1941,9.5367431640625e-07,4.76837158203125e-07,0.0
1942,4.76837158203125e-07,7.152557373046875e-07,2.384185791015625e-07
1943,4.76837158203125e-07,4.76837158203125e-07,2.384185791015625e-07
1944,4.76837158203125e-07,4.76837158203125e-07,0.0
1945,4.76837158203125e-07,4.76837158203125e-07,2.384185791015625e-07
1946,4.76837158203125e-07,4.76837158203125e-07,2.384185791015625e-07
1947,7.152557373046875e-07,4.76837158203125e-07,0.0
1948,7.152557373046875e-07,7.152557373046875e-07,2.384185791015625e-07
1949,4.76837158203125e-07,4.76837158203125e-07,0.0
1950,4.76837158203125e-07,4.76837158203125e-07,2.384185791015625e-07
1951,4.76837158203125e-07,4.76837158203125e-07,2.384185791015625e-07
1952,4.76837158203125e-07,7.152557373046875e-07,0.0
1953,4.76837158203125e-07,4.76837158203125e-07,2.384185791015625e-07
1954,4.76837158203125e-07,4.76837158203125e-07,2.384185791015625e-07
1955,7.152557373046875e-07,4.76837158203125e-07,0.0
1956,4.76837158203125e-07,4.76837158203125e-07,2.384185791015625e-07
1957,4.76837158203125e-07,4.76837158203125e-07,2.384185791015625e-07
1958,4.76837158203125e-07,4.76837158203125e-07,0.0
1959,4.76837158203125e-07,4.76837158203125e-07,2.384185791015625e-07
1960,7.152557373046875e-07,4.76837158203125e-07,2.384185791015625e-07
1961,4.76837158203125e-07,7.152557373046875e-07,0.0
1962,7.152557373046875e-07,4.76837158203125e-07,2.384185791015625e-07
1963,4.76837158203125e-07,4.76837158203125e-07,4.76837158203125e-07
1964,4.76837158203125e-07,7.152557373046875e-07,0.0
1965,4.76837158203125e-07,7.152557373046875e-07,2.384185791015625e-07
1966,4.76837158203125e-07,7.152557373046875e-07,0.0
1967,4.76837158203125e-07,4.76837158203125e-07,2.384185791015625e-07
1968,4.76837158203125e-07,9.5367431640625e-07,2.384185791015625e-07
1969,7.152557373046875e-07,4.76837158203125e-07,0.0
1970,4.76837158203125e-07,4.76837158203125e-07,2.384185791015625e-07
1971,4.76837158203125e-07,4.76837158203125e-07,2.384185791015625e-07
1972,4.76837158203125e-07,4.76837158203125e-07,0.0
1973,4.76837158203125e-07,4.76837158203125e-07,2.384185791015625e-07
1974,4.76837158203125e-07,4.76837158203125e-07,2.384185791015625e-07
1975,4.76837158203125e-07,4.76837158203125e-07,2.384185791015625e-07
1976,7.152557373046875e-07,4.76837158203125e-07,2.384185791015625e-07
1977,4.76837158203125e-07,4.76837158203125e-07,0.0
1978,4.76837158203125e-07,4.76837158203125e-07,2.384185791015625e-07
1979,4.76837158203125e-07,4.76837158203125e-07,2.384185791015625e-07
1980,4.76837158203125e-07,4.76837158203125e-07,2.384185791015625e-07
1981,4.76837158203125e-07,4.76837158203125e-07,2.384185791015625e-07
1982,4.76837158203125e-07,4.76837158203125e-07,2.384185791015625e-07
1983,9.5367431640625e-07,7.152557373046875e-07,2.384185791015625e-07
1984,4.76837158203125e-07,4.76837158203125e-07,0.0
1985,7.152557373046875e-07,4.76837158203125e-07,2.384185791015625e-07
1986,4.76837158203125e-07,4.76837158203125e-07,2.384185791015625e-07
1987,4.76837158203125e-07,4.76837158203125e-07,0.0
1988,4.76837158203125e-07,4.76837158203125e-07,4.76837158203125e-07
1989,4.76837158203125e-07,7.152557373046875e-07,2.384185791015625e-07
1990,7.152557373046875e-07,7.152557373046875e-07,0.0
1991,4.76837158203125e-07,4.76837158203125e-07,2.384185791015625e-07
1992,4.76837158203125e-07,4.76837158203125e-07,2.384185791015625e-07
1993,4.76837158203125e-07,7.152557373046875e-07,0.0
1994,4.76837158203125e-07,7.152557373046875e-07,2.384185791015625e-07
1995,4.76837158203125e-07,7.152557373046875e-07,0.0
1996,4.76837158203125e-07,9.5367431640625e-07,4.76837158203125e-07
1997,7.152557373046875e-07,9.5367431640625e-07,2.384185791015625e-07
1998,4.76837158203125e-07,7.152557373046875e-07,2.384185791015625e-07
1999,4.76837158203125e-07,4.76837158203125e-07,0.0
2000,4.76837158203125e-07,4.76837158203125e-07,2.384185791015625e-07
2001,4.76837158203125e-07,4.76837158203125e-07,2.384185791015625e-07
2002,4.76837158203125e-07,7.152557373046875e-07,4.76837158203125e-07
2003,7.152557373046875e-07,4.76837158203125e-07,2.384185791015625e-07
2004,4.76837158203125e-07,4.76837158203125e-07,2.384185791015625e-07
2005,4.76837158203125e-07,4.76837158203125e-07,0.0
2006,4.76837158203125e-07,7.152557373046875e-07,2.384185791015625e-07
2007,4.76837158203125e-07,4.76837158203125e-07,2.384185791015625e-07
2008,4.76837158203125e-07,4.76837158203125e-07,0.0
2009,4.76837158203125e-07,7.152557373046875e-07,2.384185791015625e-07
2010,7.152557373046875e-07,4.76837158203125e-07,2.384185791015625e-07
2011,4.76837158203125e-07,4.76837158203125e-07,0.0
2012,4.76837158203125e-07,4.76837158203125e-07,2.384185791015625e-07
2013,7.152557373046875e-07,4.76837158203125e-07,2.384185791015625e-07
2014,4.76837158203125e-07,4.76837158203125e-07,2.384185791015625e-07
2015,4.76837158203125e-07,4.76837158203125e-07,2.384185791015625e-07
2016,4.76837158203125e-07,7.152557373046875e-07,0.0
2017,7.152557373046875e-07,4.76837158203125e-07,2.384185791015625e-07
2018,4.76837158203125e-07,4.76837158203125e-07,4.76837158203125e-07
2019,4.76837158203125e-07,4.76837158203125e-07,2.384185791015625e-07
2020,4.76837158203125e-07,7.152557373046875e-07,2.384185791015625e-07
2021,4.76837158203125e-07,7.152557373046875e-07,2.384185791015625e-07
2022,7.152557373046875e-07,9.5367431640625e-07,2.384185791015625e-07
2023,4.76837158203125e-07,9.5367431640625e-07,0.0
2024,7.152557373046875e-07,7.152557373046875e-07,2.384185791015625e-07
2025,4.76837158203125e-07,7.152557373046875e-07,2.384185791015625e-07
2026,4.76837158203125e-07,7.152557373046875e-07,2.384185791015625e-07
2027,4.76837158203125e-07,7.152557373046875e-07,2.384185791015625e-07
2028,4.76837158203125e-07,4.76837158203125e-07,0.0
2029,4.76837158203125e-07,4.76837158203125e-07,2.384185791015625e-07
2030,4.76837158203125e-07,4.76837158203125e-07,2.384185791015625e-07
2031,7.152557373046875e-07,7.152557373046875e-07,0.0
2032,4.76837158203125e-07,4.76837158203125e-07,2.384185791015625e-07
2033,4.76837158203125e-07,4.76837158203125e-07,2.384185791015625e-07
2034,4.76837158203125e-07,4.76837158203125e-07,0.0
2035,4.76837158203125e-07,4.76837158203125e-07,2.384185791015625e-07
2036,4.76837158203125e-07,7.152557373046875e-07,2.384185791015625e-07
2037,4.76837158203125e-07,4.76837158203125e-07,2.384185791015625e-07
2038,7.152557373046875e-07,4.76837158203125e-07,2.384185791015625e-07
2039,4.76837158203125e-07,7.152557373046875e-07,0.0
2040,4.76837158203125e-07,4.76837158203125e-07,2.384185791015625e-07
2041,9.5367431640625e-07,7.152557373046875e-07,2.384185791015625e-07
2042,4.76837158203125e-07,4.76837158203125e-07,0.0
2043,4.76837158203125e-07,7.152557373046875e-07,4.76837158203125e-07
2044,7.152557373046875e-07,9.5367431640625e-07,2.384185791015625e-07
2045,7.152557373046875e-07,7.152557373046875e-07,2.384185791015625e-07
2046,4.76837158203125e-07,9.5367431640625e-07,2.384185791015625e-07
2047,4.76837158203125e-07,7.152557373046875e-07,0.0
2048,7.152557373046875e-07,7.152557373046875e-07,2.384185791015625e-07
2049,4.76837158203125e-07,7.152557373046875e-07,0.0
2050,4.76837158203125e-07,9.5367431640625e-07,2.384185791015625e-07
2051,4.76837158203125e-07,7.152557373046875e-07,4.76837158203125e-07
2052,4.76837158203125e-07,4.76837158203125e-07,0.0
2053,4.76837158203125e-07,9.5367431640625e-07,2.384185791015625e-07
2054,4.76837158203125e-07,4.76837158203125e-07,2.384185791015625e-07
2055,7.152557373046875e-07,4.76837158203125e-07,0.0
2056,4.76837158203125e-07,7.152557373046875e-07,2.384185791015625e-07
2057,4.76837158203125e-07,4.76837158203125e-07,2.384185791015625e-07
2058,4.76837158203125e-07,4.76837158203125e-07,2.384185791015625e-07
2059,7.152557373046875e-07,4.76837158203125e-07,2.384185791015625e-07
2060,4.76837158203125e-07,4.76837158203125e-07,0.0
2061,4.76837158203125e-07,4.76837158203125e-07,2.384185791015625e-07
2062,7.152557373046875e-07,7.152557373046875e-07,2.384185791015625e-07
2063,4.76837158203125e-07,4.76837158203125e-07,0.0
2064,7.152557373046875e-07,7.152557373046875e-07,2.384185791015625e-07
2065,4.76837158203125e-07,4.76837158203125e-07,0.0
2066,7.152557373046875e-07,4.76837158203125e-07,2.384185791015625e-07
2067,4.76837158203125e-07,4.76837158203125e-07,2.384185791015625e-07
2068,7.152557373046875e-07,4.76837158203125e-07,0.0
2069,4.76837158203125e-07,7.152557373046875e-07,2.384185791015625e-07
2070,4.76837158203125e-07,4.76837158203125e-07,2.384185791015625e-07
2071,4.76837158203125e-07,4.76837158203125e-07,2.384185791015625e-07
2072,4.76837158203125e-07,4.76837158203125e-07,2.384185791015625e-07
2073,7.152557373046875e-07,4.76837158203125e-07,2.384185791015625e-07
2074,4.76837158203125e-07,4.76837158203125e-07,2.384185791015625e-07
2075,4.76837158203125e-07,7.152557373046875e-07,2.384185791015625e-07
2076,7.152557373046875e-07,4.76837158203125e-07,0.0
2077,4.76837158203125e-07,4.76837158203125e-07,2.384185791015625e-07
2078,4.76837158203125e-07,7.152557373046875e-07,2.384185791015625e-07
2079,4.76837158203125e-07,4.76837158203125e-07,2.384185791015625e-07
2080,7.152557373046875e-07,4.76837158203125e-07,2.384185791015625e-07
2081,4.76837158203125e-07,4.76837158203125e-07,0.0
2082,4.76837158203125e-07,4.76837158203125e-07,2.384185791015625e-07
2083,4.76837158203125e-07,7.152557373046875e-07,0.0
2084,4.76837158203125e-07,4.76837158203125e-07,2.384185791015625e-07
2085,4.76837158203125e-07,4.76837158203125e-07,4.76837158203125e-07
2086,4.76837158203125e-07,4.76837158203125e-07,2.384185791015625e-07
2087,7.152557373046875e-07,4.76837158203125e-07,2.384185791015625e-07
2088,4.76837158203125e-07,7.152557373046875e-07,0.0
2089,4.76837158203125e-07,4.76837158203125e-07,2.384185791015625e-07
2090,4.76837158203125e-07,7.152557373046875e-07,2.384185791015625e-07
2091,4.76837158203125e-07,4.76837158203125e-07,2.384185791015625e-07
2092,4.76837158203125e-07,4.76837158203125e-07,2.384185791015625e-07
2093,4.76837158203125e-07,7.152557373046875e-07,0.0
2094,7.152557373046875e-07,4.76837158203125e-07,2.384185791015625e-07
2095,4.76837158203125e-07,4.76837158203125e-07,2.384185791015625e-07
2096,4.76837158203125e-07,7.152557373046875e-07,2.384185791015625e-07
2097,7.152557373046875e-07,4.76837158203125e-07,2.384185791015625e-07
2098,4.76837158203125e-07,4.76837158203125e-07,0.0
2099,4.76837158203125e-07,4.76837158203125e-07,2.384185791015625e-07
2100,4.76837158203125e-07,4.76837158203125e-07,2.384185791015625e-07
2101,4.76837158203125e-07,4.76837158203125e-07,2.384185791015625e-07
2102,4.76837158203125e-07,7.152557373046875e-07,4.76837158203125e-07
2103,4.76837158203125e-07,7.152557373046875e-07,0.0
2104,4.76837158203125e-07,4.76837158203125e-07,2.384185791015625e-07
2105,7.152557373046875e-07,4.76837158203125e-07,0.0
2106,4.76837158203125e-07,4.76837158203125e-07,2.384185791015625e-07
2107,4.76837158203125e-07,4.76837158203125e-07,2.384185791015625e-07
2108,4.76837158203125e-07,7.152557373046875e-07,0.0
2109,4.76837158203125e-07,9.5367431640625e-07,2.384185791015625e-07
2110,4.76837158203125e-07,7.152557373046875e-07,4.76837158203125e-07
2111,4.76837158203125e-07,7.152557373046875e-07,0.0
2112,7.152557373046875e-07,9.5367431640625e-07,2.384185791015625e-07
2113,4.76837158203125e-07,7.152557373046875e-07,0.0
2114,4.76837158203125e-07,7.152557373046875e-07,2.384185791015625e-07
2115,4.76837158203125e-07,7.152557373046875e-07,2.384185791015625e-07
2116,4.76837158203125e-07,4.76837158203125e-07,0.0
2117,4.76837158203125e-07,4.76837158203125e-07,2.384185791015625e-07
2118,4.76837158203125e-07,7.152557373046875e-07,2.384185791015625e-07
2119,7.152557373046875e-07,7.152557373046875e-07,4.76837158203125e-07
2120,4.76837158203125e-07,7.152557373046875e-07,2.384185791015625e-07
2121,4.76837158203125e-07,7.152557373046875e-07,0.0
2122,4.76837158203125e-07,4.76837158203125e-07,2.384185791015625e-07
2123,7.152557373046875e-07,7.152557373046875e-07,2.384185791015625e-07
2124,4.76837158203125e-07,7.152557373046875e-07,0.0
2125,4.76837158203125e-07,4.76837158203125e-07,2.384185791015625e-07
2126,7.152557373046875e-07,7.152557373046875e-07,2.384185791015625e-07
2127,4.76837158203125e-07,7.152557373046875e-07,4.76837158203125e-07
2128,4.76837158203125e-07,4.76837158203125e-07,2.384185791015625e-07
2129,4.76837158203125e-07,4.76837158203125e-07,0.0
2130,4.76837158203125e-07,7.152557373046875e-07,2.384185791015625e-07
2131,4.76837158203125e-07,4.76837158203125e-07,0.0
2132,4.76837158203125e-07,4.76837158203125e-07,2.384185791015625e-07
2133,7.152557373046875e-07,4.76837158203125e-07,2.384185791015625e-07
2134,4.76837158203125e-07,4.76837158203125e-07,0.0
2135,4.76837158203125e-07,4.76837158203125e-07,2.384185791015625e-07
2136,9.5367431640625e-07,4.76837158203125e-07,2.384185791015625e-07
2137,4.76837158203125e-07,4.76837158203125e-07,0.0
2138,4.76837158203125e-07,7.152557373046875e-07,2.384185791015625e-07
2139,4.76837158203125e-07,7.152557373046875e-07,2.384185791015625e-07
2140,7.152557373046875e-07,4.76837158203125e-07,2.384185791015625e-07
2141,4.76837158203125e-07,4.76837158203125e-07,2.384185791015625e-07
2142,4.76837158203125e-07,7.152557373046875e-07,0.0
2143,4.76837158203125e-07,4.76837158203125e-07,2.384185791015625e-07
2144,4.76837158203125e-07,4.76837158203125e-07,0.0
2145,4.76837158203125e-07,4.76837158203125e-07,2.384185791015625e-07
2146,4.76837158203125e-07,4.76837158203125e-07,2.384185791015625e-07
2147,7.152557373046875e-07,7.152557373046875e-07,0.0
2148,4.76837158203125e-07,4.76837158203125e-07,2.384185791015625e-07
2149,4.76837158203125e-07,4.76837158203125e-07,2.384185791015625e-07
2150,9.5367431640625e-07,7.152557373046875e-07,0.0
2151,4.76837158203125e-07,4.76837158203125e-07,2.384185791015625e-07
2152,4.76837158203125e-07,4.76837158203125e-07,4.76837158203125e-07
2153,4.76837158203125e-07,7.152557373046875e-07,2.384185791015625e-07
2154,7.152557373046875e-07,7.152557373046875e-07,0.0
2155,4.76837158203125e-07,4.76837158203125e-07,2.384185791015625e-07
2156,4.76837158203125e-07,4.76837158203125e-07,2.384185791015625e-07
2157,4.76837158203125e-07,4.76837158203125e-07,0.0
2158,7.152557373046875e-07,4.76837158203125e-07,2.384185791015625e-07
2159,4.76837158203125e-07,4.76837158203125e-07,2.384185791015625e-07
2160,4.76837158203125e-07,7.152557373046875e-07,2.384185791015625e-07
2161,7.152557373046875e-07,4.76837158203125e-07,2.384185791015625e-07
2162,4.76837158203125e-07,4.76837158203125e-07,2.384185791015625e-07
2163,4.76837158203125e-07,4.76837158203125e-07,0.0
2164,4.76837158203125e-07,4.76837158203125e-07,2.384185791015625e-07
2165,4.76837158203125e-07,4.76837158203125e-07,2.384185791015625e-07
2166,4.76837158203125e-07,7.152557373046875e-07,2.384185791015625e-07
2167,4.76837158203125e-07,4.76837158203125e-07,0.0
2168,7.152557373046875e-07,7.152557373046875e-07,0.0
2169,4.76837158203125e-07,4.76837158203125e-07,2.384185791015625e-07
2170,4.76837158203125e-07,7.152557373046875e-07,2.384185791015625e-07
2171,4.76837158203125e-07,4.76837158203125e-07,0.0
2172,4.76837158203125e-07,4.76837158203125e-07,2.384185791015625e-07
2173,4.76837158203125e-07,4.76837158203125e-07,2.384185791015625e-07
2174,7.152557373046875e-07,4.76837158203125e-07,0.0
2175,7.152557373046875e-07,4.76837158203125e-07,4.76837158203125e-07
2176,4.76837158203125e-07,7.152557373046875e-07,2.384185791015625e-07
2177,4.76837158203125e-07,4.76837158203125e-07,0.0
2178,7.152557373046875e-07,7.152557373046875e-07,2.384185791015625e-07
2179,4.76837158203125e-07,7.152557373046875e-07,2.384185791015625e-07
2180,4.76837158203125e-07,4.76837158203125e-07,0.0
2181,4.76837158203125e-07,7.152557373046875e-07,2.384185791015625e-07
2182,7.152557373046875e-07,4.76837158203125e-07,2.384185791015625e-07
2183,7.152557373046875e-07,4.76837158203125e-07,4.76837158203125e-07
2184,4.76837158203125e-07,4.76837158203125e-07,2.384185791015625e-07
2185,4.76837158203125e-07,4.76837158203125e-07,0.0
2186,4.76837158203125e-07,4.76837158203125e-07,2.384185791015625e-07
2187,4.76837158203125e-07,4.76837158203125e-07,2.384185791015625e-07
2188,4.76837158203125e-07,7.152557373046875e-07,0.0
2189,4.76837158203125e-07,9.5367431640625e-07,2.384185791015625e-07
2190,4.76837158203125e-07,7.152557373046875e-07,2.384185791015625e-07
2191,4.76837158203125e-07,7.152557373046875e-07,0.0
2192,4.76837158203125e-07,9.5367431640625e-07,2.384185791015625e-07
2193,4.76837158203125e-07,9.5367431640625e-07,2.384185791015625e-07
2194,4.76837158203125e-07,7.152557373046875e-07,2.384185791015625e-07
2195,4.76837158203125e-07,7.152557373046875e-07,2.384185791015625e-07
2196,4.76837158203125e-07,7.152557373046875e-07,2.384185791015625e-07
2197,4.76837158203125e-07,7.152557373046875e-07,2.384185791015625e-07
2198,4.76837158203125e-07,7.152557373046875e-07,2.384185791015625e-07
2199,4.76837158203125e-07,7.152557373046875e-07,0.0
2200,4.76837158203125e-07,9.5367431640625e-07,0.0
2201,4.76837158203125e-07,9.5367431640625e-07,2.384185791015625e-07
2202,4.76837158203125e-07,4.76837158203125e-07,2.384185791015625e-07
2203,4.76837158203125e-07,4.76837158203125e-07,0.0
2204,4.76837158203125e-07,4.76837158203125e-07,0.0
2205,7.152557373046875e-07,4.76837158203125e-07,2.384185791015625e-07
2206,7.152557373046875e-07,4.76837158203125e-07,0.0
2207,7.152557373046875e-07,4.76837158203125e-07,2.384185791015625e-07
2208,4.76837158203125e-07,4.76837158203125e-07,2.384185791015625e-07
2209,7.152557373046875e-07,4.76837158203125e-07,0.0
2210,4.76837158203125e-07,4.76837158203125e-07,2.384185791015625e-07
2211,4.76837158203125e-07,4.76837158203125e-07,0.0
2212,4.76837158203125e-07,4.76837158203125e-07,2.384185791015625e-07
2213,4.76837158203125e-07,4.76837158203125e-07,2.384185791015625e-07
2214,7.152557373046875e-07,4.76837158203125e-07,0.0
2215,4.76837158203125e-07,7.152557373046875e-07,2.384185791015625e-07
2216,4.76837158203125e-07,7.152557373046875e-07,4.76837158203125e-07
2217,4.76837158203125e-07,4.76837158203125e-07,2.384185791015625e-07
2218,4.76837158203125e-07,4.76837158203125e-07,2.384185791015625e-07
2219,4.76837158203125e-07,4.76837158203125e-07,2.384185791015625e-07
2220,4.76837158203125e-07,4.76837158203125e-07,2.384185791015625e-07
2221,4.76837158203125e-07,4.76837158203125e-07,2.384185791015625e-07
2222,4.76837158203125e-07,4.76837158203125e-07,0.0
2223,4.76837158203125e-07,4.76837158203125e-07,2.384185791015625e-07
2224,4.76837158203125e-07,7.152557373046875e-07,4.76837158203125e-07
2225,7.152557373046875e-07,4.76837158203125e-07,0.0
2226,4.76837158203125e-07,4.76837158203125e-07,2.384185791015625e-07
2227,4.76837158203125e-07,4.76837158203125e-07,2.384185791015625e-07
2228,4.76837158203125e-07,4.76837158203125e-07,0.0
2229,4.76837158203125e-07,7.152557373046875e-07,2.384185791015625e-07
2230,4.76837158203125e-07,4.76837158203125e-07,0.0
2231,4.76837158203125e-07,4.76837158203125e-07,2.384185791015625e-07
2232,7.152557373046875e-07,4.76837158203125e-07,2.384185791015625e-07
2233,4.76837158203125e-07,9.5367431640625e-07,0.0
2234,4.76837158203125e-07,4.76837158203125e-07,2.384185791015625e-07
2235,4.76837158203125e-07,7.152557373046875e-07,0.0
2236,4.76837158203125e-07,9.5367431640625e-07,0.0
2237,4.76837158203125e-07,9.5367431640625e-07,2.384185791015625e-07
2238,4.76837158203125e-07,7.152557373046875e-07,0.0
2239,7.152557373046875e-07,7.152557373046875e-07,2.384185791015625e-07
2240,7.152557373046875e-07,7.152557373046875e-07,2.384185791015625e-07
2241,4.76837158203125e-07,4.76837158203125e-07,0.0
2242,4.76837158203125e-07,4.76837158203125e-07,2.384185791015625e-07
2243,4.76837158203125e-07,4.76837158203125e-07,0.0
2244,4.76837158203125e-07,4.76837158203125e-07,2.384185791015625e-07
2245,7.152557373046875e-07,4.76837158203125e-07,2.384185791015625e-07
2246,9.5367431640625e-07,4.76837158203125e-07,0.0
2247,7.152557373046875e-07,7.152557373046875e-07,2.384185791015625e-07
2248,4.76837158203125e-07,7.152557373046875e-07,0.0
2249,7.152557373046875e-07,4.76837158203125e-07,2.384185791015625e-07
2250,4.76837158203125e-07,7.152557373046875e-07,2.384185791015625e-07
2251,4.76837158203125e-07,7.152557373046875e-07,0.0
2252,4.76837158203125e-07,4.76837158203125e-07,2.384185791015625e-07
2253,7.152557373046875e-07,4.76837158203125e-07,0.0
2254,4.76837158203125e-07,4.76837158203125e-07,2.384185791015625e-07
2255,7.152557373046875e-07,4.76837158203125e-07,2.384185791015625e-07
2256,4.76837158203125e-07,4.76837158203125e-07,0.0
2257,4.76837158203125e-07,4.76837158203125e-07,2.384185791015625e-07
2258,4.76837158203125e-07,4.76837158203125e-07,2.384185791015625e-07
2259,4.76837158203125e-07,4.76837158203125e-07,0.0
2260,7.152557373046875e-07,7.152557373046875e-07,2.384185791015625e-07
2261,4.76837158203125e-07,4.76837158203125e-07,2.384185791015625e-07
2262,4.76837158203125e-07,4.76837158203125e-07,2.384185791015625e-07
2263,4.76837158203125e-07,4.76837158203125e-07,2.384185791015625e-07
2264,4.76837158203125e-07,4.76837158203125e-07,2.384185791015625e-07
2265,4.76837158203125e-07,4.76837158203125e-07,2.384185791015625e-07
2266,4.76837158203125e-07,7.152557373046875e-07,0.0
2267,9.5367431640625e-07,7.152557373046875e-07,2.384185791015625e-07
2268,4.76837158203125e-07,4.76837158203125e-07,2.384185791015625e-07
2269,4.76837158203125e-07,4.76837158203125e-07,2.384185791015625e-07
2270,4.76837158203125e-07,7.152557373046875e-07,0.0
2271,4.76837158203125e-07,7.152557373046875e-07,2.384185791015625e-07
2272,4.76837158203125e-07,4.76837158203125e-07,0.0
2273,4.76837158203125e-07,7.152557373046875e-07,2.384185791015625e-07
2274,4.76837158203125e-07,4.76837158203125e-07,2.384185791015625e-07
2275,4.76837158203125e-07,4.76837158203125e-07,0.0
2276,4.76837158203125e-07,7.152557373046875e-07,2.384185791015625e-07
2277,4.76837158203125e-07,7.152557373046875e-07,2.384185791015625e-07
2278,4.76837158203125e-07,7.152557373046875e-07,0.0
2279,7.152557373046875e-07,7.152557373046875e-07,2.384185791015625e-07
2280,4.76837158203125e-07,7.152557373046875e-07,2.384185791015625e-07
2281,4.76837158203125e-07,7.152557373046875e-07,0.0
2282,4.76837158203125e-07,4.76837158203125e-07,2.384185791015625e-07
2283,4.76837158203125e-07,4.76837158203125e-07,2.384185791015625e-07
2284,4.76837158203125e-07,7.152557373046875e-07,2.384185791015625e-07
2285,7.152557373046875e-07,7.152557373046875e-07,0.0
2286,9.5367431640625e-07,4.76837158203125e-07,2.384185791015625e-07
2287,4.76837158203125e-07,7.152557373046875e-07,2.384185791015625e-07
2288,4.76837158203125e-07,4.76837158203125e-07,0.0
2289,4.76837158203125e-07,4.76837158203125e-07,2.384185791015625e-07
2290,4.76837158203125e-07,4.76837158203125e-07,2.384185791015625e-07
2291,4.76837158203125e-07,4.76837158203125e-07,0.0
2292,4.76837158203125e-07,4.76837158203125e-07,2.384185791015625e-07
2293,7.152557373046875e-07,4.76837158203125e-07,2.384185791015625e-07
2294,4.76837158203125e-07,4.76837158203125e-07,0.0
2295,4.76837158203125e-07,4.76837158203125e-07,2.384185791015625e-07
2296,4.76837158203125e-07,7.152557373046875e-07,2.384185791015625e-07
2297,4.76837158203125e-07,4.76837158203125e-07,0.0
2298,4.76837158203125e-07,4.76837158203125e-07,2.384185791015625e-07
2299,4.76837158203125e-07,4.76837158203125e-07,2.384185791015625e-07
2300,7.152557373046875e-07,4.76837158203125e-07,0.0
2301,7.152557373046875e-07,4.76837158203125e-07,4.76837158203125e-07
2302,4.76837158203125e-07,4.76837158203125e-07,2.384185791015625e-07
2303,4.76837158203125e-07,4.76837158203125e-07,0.0
2304,4.76837158203125e-07,7.152557373046875e-07,2.384185791015625e-07
2305,4.76837158203125e-07,7.152557373046875e-07,2.384185791015625e-07
2306,4.76837158203125e-07,4.76837158203125e-07,2.384185791015625e-07
2307,7.152557373046875e-07,4.76837158203125e-07,2.384185791015625e-07
2308,7.152557373046875e-07,7.152557373046875e-07,2.384185791015625e-07
2309,4.76837158203125e-07,4.76837158203125e-07,0.0
2310,4.76837158203125e-07,4.76837158203125e-07,2.384185791015625e-07
2311,4.76837158203125e-07,4.76837158203125e-07,2.384185791015625e-07
2312,4.76837158203125e-07,4.76837158203125e-07,2.384185791015625e-07
2313,4.76837158203125e-07,4.76837158203125e-07,0.0
2314,7.152557373046875e-07,4.76837158203125e-07,2.384185791015625e-07
2315,4.76837158203125e-07,7.152557373046875e-07,2.384185791015625e-07
2316,4.76837158203125e-07,4.76837158203125e-07,0.0
2317,4.76837158203125e-07,4.76837158203125e-07,4.76837158203125e-07
2318,4.76837158203125e-07,7.152557373046875e-07,2.384185791015625e-07
2319,4.76837158203125e-07,4.76837158203125e-07,0.0
2320,4.76837158203125e-07,7.152557373046875e-07,2.384185791015625e-07
2321,7.152557373046875e-07,4.76837158203125e-07,2.384185791015625e-07
2322,4.76837158203125e-07,4.76837158203125e-07,2.384185791015625e-07
2323,4.76837158203125e-07,4.76837158203125e-07,2.384185791015625e-07
2324,7.152557373046875e-07,9.5367431640625e-07,0.0
2325,4.76837158203125e-07,9.5367431640625e-07,4.76837158203125e-07
2326,4.76837158203125e-07,9.5367431640625e-07,2.384185791015625e-07
2327,4.76837158203125e-07,9.5367431640625e-07,0.0
2328,7.152557373046875e-07,9.5367431640625e-07,2.384185791015625e-07
2329,4.76837158203125e-07,4.76837158203125e-07,0.0
2330,4.76837158203125e-07,4.76837158203125e-07,2.384185791015625e-07
2331,4.76837158203125e-07,4.76837158203125e-07,2.384185791015625e-07
2332,4.76837158203125e-07,4.76837158203125e-07,2.384185791015625e-07
2333,4.76837158203125e-07,4.76837158203125e-07,0.0
2334,4.76837158203125e-07,4.76837158203125e-07,2.384185791015625e-07
2335,7.152557373046875e-07,4.76837158203125e-07,2.384185791015625e-07
2336,4.76837158203125e-07,4.76837158203125e-07,2.384185791015625e-07
2337,4.76837158203125e-07,4.76837158203125e-07,2.384185791015625e-07
2338,4.76837158203125e-07,4.76837158203125e-07,0.0
2339,4.76837158203125e-07,4.76837158203125e-07,2.384185791015625e-07
2340,4.76837158203125e-07,4.76837158203125e-07,2.384185791015625e-07
2341,4.76837158203125e-07,7.152557373046875e-07,0.0
2342,4.76837158203125e-07,4.76837158203125e-07,2.384185791015625e-07
2343,4.76837158203125e-07,7.152557373046875e-07,2.384185791015625e-07
2344,4.76837158203125e-07,4.76837158203125e-07,0.0
2345,4.76837158203125e-07,4.76837158203125e-07,2.384185791015625e-07
2346,4.76837158203125e-07,4.76837158203125e-07,2.384185791015625e-07
2347,4.76837158203125e-07,4.76837158203125e-07,0.0
2348,4.76837158203125e-07,4.76837158203125e-07,0.0
2349,9.5367431640625e-07,4.76837158203125e-07,2.384185791015625e-07
2350,4.76837158203125e-07,7.152557373046875e-07,2.384185791015625e-07
2351,4.76837158203125e-07,4.76837158203125e-07,0.0
2352,4.76837158203125e-07,4.76837158203125e-07,2.384185791015625e-07
2353,4.76837158203125e-07,4.76837158203125e-07,0.0
2354,4.76837158203125e-07,7.152557373046875e-07,2.384185791015625e-07
2355,4.76837158203125e-07,7.152557373046875e-07,2.384185791015625e-07
2356,7.152557373046875e-07,9.5367431640625e-07,0.0
2357,4.76837158203125e-07,7.152557373046875e-07,2.384185791015625e-07
2358,4.76837158203125e-07,7.152557373046875e-07,4.76837158203125e-07
2359,7.152557373046875e-07,7.152557373046875e-07,0.0
2360,4.76837158203125e-07,4.76837158203125e-07,2.384185791015625e-07
2361,4.76837158203125e-07,4.76837158203125e-07,2.384185791015625e-07
2362,4.76837158203125e-07,7.152557373046875e-07,0.0
2363,7.152557373046875e-07,4.76837158203125e-07,2.384185791015625e-07
2364,4.76837158203125e-07,4.76837158203125e-07,2.384185791015625e-07
2365,4.76837158203125e-07,4.76837158203125e-07,2.384185791015625e-07
2366,7.152557373046875e-07,4.76837158203125e-07,0.0
2367,4.76837158203125e-07,4.76837158203125e-07,2.384185791015625e-07
2368,4.76837158203125e-07,4.76837158203125e-07,2.384185791015625e-07
2369,7.152557373046875e-07,7.152557373046875e-07,0.0
2370,9.5367431640625e-07,4.76837158203125e-07,2.384185791015625e-07
2371,4.76837158203125e-07,7.152557373046875e-07,2.384185791015625e-07
2372,4.76837158203125e-07,4.76837158203125e-07,2.384185791015625e-07
2373,7.152557373046875e-07,4.76837158203125e-07,0.0
2374,4.76837158203125e-07,7.152557373046875e-07,4.76837158203125e-07
2375,4.76837158203125e-07,4.76837158203125e-07,2.384185791015625e-07
2376,4.76837158203125e-07,4.76837158203125e-07,0.0
2377,4.76837158203125e-07,4.76837158203125e-07,2.384185791015625e-07
2378,4.76837158203125e-07,4.76837158203125e-07,0.0
2379,4.76837158203125e-07,4.76837158203125e-07,0.0
2380,7.152557373046875e-07,4.76837158203125e-07,2.384185791015625e-07
2381,4.76837158203125e-07,4.76837158203125e-07,2.384185791015625e-07
2382,4.76837158203125e-07,4.76837158203125e-07,0.0
2383,4.76837158203125e-07,4.76837158203125e-07,2.384185791015625e-07
2384,4.76837158203125e-07,4.76837158203125e-07,2.384185791015625e-07
2385,4.76837158203125e-07,4.76837158203125e-07,0.0
2386,4.76837158203125e-07,7.152557373046875e-07,2.384185791015625e-07
2387,7.152557373046875e-07,4.76837158203125e-07,2.384185791015625e-07
2388,4.76837158203125e-07,4.76837158203125e-07,0.0
2389,4.76837158203125e-07,4.76837158203125e-07,2.384185791015625e-07
2390,4.76837158203125e-07,4.76837158203125e-07,4.76837158203125e-07
2391,4.76837158203125e-07,4.76837158203125e-07,2.384185791015625e-07
2392,4.76837158203125e-07,4.76837158203125e-07,0.0
2393,4.76837158203125e-07,4.76837158203125e-07,2.384185791015625e-07
2394,7.152557373046875e-07,4.76837158203125e-07,2.384185791015625e-07
2395,4.76837158203125e-07,4.76837158203125e-07,0.0
2396,4.76837158203125e-07,7.152557373046875e-07,2.384185791015625e-07
2397,4.76837158203125e-07,9.5367431640625e-07,2.384185791015625e-07
2398,4.76837158203125e-07,4.76837158203125e-07,0.0
2399,4.76837158203125e-07,7.152557373046875e-07,2.384185791015625e-07
2400,4.76837158203125e-07,7.152557373046875e-07,2.384185791015625e-07
2401,7.152557373046875e-07,7.152557373046875e-07,0.0
2402,4.76837158203125e-07,7.152557373046875e-07,2.384185791015625e-07
2403,4.76837158203125e-07,7.152557373046875e-07,2.384185791015625e-07
2404,4.76837158203125e-07,4.76837158203125e-07,0.0
2405,4.76837158203125e-07,4.76837158203125e-07,2.384185791015625e-07
2406,4.76837158203125e-07,4.76837158203125e-07,4.76837158203125e-07
2407,4.76837158203125e-07,4.76837158203125e-07,0.0
2408,7.152557373046875e-07,4.76837158203125e-07,2.384185791015625e-07
2409,4.76837158203125e-07,4.76837158203125e-07,2.384185791015625e-07
2410,7.152557373046875e-07,4.76837158203125e-07,0.0
2411,7.152557373046875e-07,4.76837158203125e-07,2.384185791015625e-07
2412,7.152557373046875e-07,7.152557373046875e-07,2.384185791015625e-07
2413,4.76837158203125e-07,7.152557373046875e-07,2.384185791015625e-07
2414,4.76837158203125e-07,4.76837158203125e-07,2.384185791015625e-07
2415,7.152557373046875e-07,4.76837158203125e-07,0.0
2416,4.76837158203125e-07,7.152557373046875e-07,2.384185791015625e-07
2417,7.152557373046875e-07,7.152557373046875e-07,2.384185791015625e-07
2418,4.76837158203125e-07,4.76837158203125e-07,2.384185791015625e-07
2419,7.152557373046875e-07,4.76837158203125e-07,0.0
2420,4.76837158203125e-07,7.152557373046875e-07,2.384185791015625e-07
2421,4.76837158203125e-07,4.76837158203125e-07,2.384185791015625e-07
2422,7.152557373046875e-07,4.76837158203125e-07,2.384185791015625e-07
2423,4.76837158203125e-07,4.76837158203125e-07,2.384185791015625e-07
2424,4.76837158203125e-07,7.152557373046875e-07,2.384185791015625e-07
2425,4.76837158203125e-07,7.152557373046875e-07,2.384185791015625e-07
2426,4.76837158203125e-07,4.76837158203125e-07,0.0
2427,4.76837158203125e-07,4.76837158203125e-07,0.0
2428,4.76837158203125e-07,4.76837158203125e-07,2.384185791015625e-07
2429,7.152557373046875e-07,4.76837158203125e-07,2.384185791015625e-07
2430,4.76837158203125e-07,7.152557373046875e-07,0.0
2431,4.76837158203125e-07,7.152557373046875e-07,0.0
2432,4.76837158203125e-07,4.76837158203125e-07,2.384185791015625e-07
2433,4.76837158203125e-07,4.76837158203125e-07,2.384185791015625e-07
2434,4.76837158203125e-07,4.76837158203125e-07,2.384185791015625e-07
2435,4.76837158203125e-07,4.76837158203125e-07,2.384185791015625e-07
2436,4.76837158203125e-07,7.152557373046875e-07,0.0
2437,4.76837158203125e-07,4.76837158203125e-07,2.384185791015625e-07
2438,4.76837158203125e-07,4.76837158203125e-07,4.76837158203125e-07
2439,4.76837158203125e-07,4.76837158203125e-07,2.384185791015625e-07
2440,4.76837158203125e-07,1.2636184692382812e-05,2.384185791015625e-07
2441,4.76837158203125e-07,4.76837158203125e-07,2.384185791015625e-07
2442,4.76837158203125e-07,7.152557373046875e-07,0.0
2443,7.152557373046875e-07,4.76837158203125e-07,0.0
2444,4.76837158203125e-07,7.152557373046875e-07,2.384185791015625e-07
2445,7.152557373046875e-07,4.76837158203125e-07,0.0
2446,9.5367431640625e-07,4.76837158203125e-07,2.384185791015625e-07
2447,4.76837158203125e-07,7.152557373046875e-07,2.384185791015625e-07
2448,4.76837158203125e-07,4.76837158203125e-07,0.0
2449,4.76837158203125e-07,4.76837158203125e-07,2.384185791015625e-07
2450,7.152557373046875e-07,4.76837158203125e-07,2.384185791015625e-07
2451,4.76837158203125e-07,4.76837158203125e-07,0.0
2452,4.76837158203125e-07,4.76837158203125e-07,2.384185791015625e-07
2453,9.5367431640625e-07,4.76837158203125e-07,2.384185791015625e-07
2454,4.76837158203125e-07,7.152557373046875e-07,2.384185791015625e-07
2455,4.76837158203125e-07,4.76837158203125e-07,2.384185791015625e-07
2456,4.76837158203125e-07,4.76837158203125e-07,0.0
2457,7.152557373046875e-07,4.76837158203125e-07,0.0
2458,4.76837158203125e-07,4.76837158203125e-07,2.384185791015625e-07
2459,4.76837158203125e-07,7.152557373046875e-07,2.384185791015625e-07
2460,7.152557373046875e-07,4.76837158203125e-07,2.384185791015625e-07
2461,4.76837158203125e-07,9.5367431640625e-07,0.0
2462,4.76837158203125e-07,9.5367431640625e-07,2.384185791015625e-07
2463,4.76837158203125e-07,9.5367431640625e-07,2.384185791015625e-07
2464,9.5367431640625e-07,7.152557373046875e-07,2.384185791015625e-07
2465,4.76837158203125e-07,7.152557373046875e-07,2.384185791015625e-07
2466,4.76837158203125e-07,4.76837158203125e-07,0.0
2467,7.152557373046875e-07,4.76837158203125e-07,2.384185791015625e-07
2468,4.76837158203125e-07,4.76837158203125e-07,2.384185791015625e-07
2469,4.76837158203125e-07,4.76837158203125e-07,0.0
2470,4.76837158203125e-07,4.76837158203125e-07,2.384185791015625e-07
2471,7.152557373046875e-07,4.76837158203125e-07,2.384185791015625e-07
2472,4.76837158203125e-07,4.76837158203125e-07,0.0
2473,4.76837158203125e-07,4.76837158203125e-07,2.384185791015625e-07
2474,4.76837158203125e-07,7.152557373046875e-07,2.384185791015625e-07
2475,4.76837158203125e-07,7.152557373046875e-07,0.0
2476,4.76837158203125e-07,4.76837158203125e-07,2.384185791015625e-07
2477,4.76837158203125e-07,4.76837158203125e-07,2.384185791015625e-07
2478,7.152557373046875e-07,7.152557373046875e-07,0.0
2479,4.76837158203125e-07,7.152557373046875e-07,2.384185791015625e-07
2480,4.76837158203125e-07,4.76837158203125e-07,2.384185791015625e-07
2481,4.76837158203125e-07,4.76837158203125e-07,2.384185791015625e-07
2482,4.76837158203125e-07,4.76837158203125e-07,2.384185791015625e-07
2483,4.76837158203125e-07,4.76837158203125e-07,2.384185791015625e-07
2484,4.76837158203125e-07,4.76837158203125e-07,0.0
2485,9.5367431640625e-07,4.76837158203125e-07,2.384185791015625e-07
2486,4.76837158203125e-07,4.76837158203125e-07,2.384185791015625e-07
2487,4.76837158203125e-07,4.76837158203125e-07,2.384185791015625e-07
2488,4.76837158203125e-07,4.76837158203125e-07,0.0
2489,4.76837158203125e-07,4.76837158203125e-07,2.384185791015625e-07
2490,4.76837158203125e-07,7.152557373046875e-07,0.0
2491,4.76837158203125e-07,7.152557373046875e-07,2.384185791015625e-07
2492,7.152557373046875e-07,7.152557373046875e-07,2.384185791015625e-07
2493,4.76837158203125e-07,7.152557373046875e-07,2.384185791015625e-07
2494,4.76837158203125e-07,9.5367431640625e-07,0.0
2495,7.152557373046875e-07,4.76837158203125e-07,2.384185791015625e-07
2496,4.76837158203125e-07,7.152557373046875e-07,2.384185791015625e-07
2497,7.152557373046875e-07,4.76837158203125e-07,0.0
2498,7.152557373046875e-07,7.152557373046875e-07,2.384185791015625e-07
2499,7.152557373046875e-07,4.76837158203125e-07,2.384185791015625e-07
2500,4.76837158203125e-07,4.76837158203125e-07,0.0
2501,4.76837158203125e-07,4.76837158203125e-07,2.384185791015625e-07
2502,4.76837158203125e-07,7.152557373046875e-07,2.384185791015625e-07
2503,7.152557373046875e-07,7.152557373046875e-07,4.76837158203125e-07
2504,4.76837158203125e-07,7.152557373046875e-07,2.384185791015625e-07
2505,4.76837158203125e-07,7.152557373046875e-07,0.0
2506,4.76837158203125e-07,4.76837158203125e-07,2.384185791015625e-07
2507,4.76837158203125e-07,7.152557373046875e-07,2.384185791015625e-07
2508,4.76837158203125e-07,7.152557373046875e-07,2.384185791015625e-07
2509,4.76837158203125e-07,4.76837158203125e-07,0.0
2510,7.152557373046875e-07,4.76837158203125e-07,2.384185791015625e-07
2511,4.76837158203125e-07,4.76837158203125e-07,2.384185791015625e-07
2512,4.76837158203125e-07,4.76837158203125e-07,0.0
2513,4.76837158203125e-07,4.76837158203125e-07,2.384185791015625e-07
2514,4.76837158203125e-07,4.76837158203125e-07,2.384185791015625e-07
2515,7.152557373046875e-07,4.76837158203125e-07,2.384185791015625e-07
2516,4.76837158203125e-07,4.76837158203125e-07,2.384185791015625e-07
2517,7.152557373046875e-07,4.76837158203125e-07,0.0
2518,4.76837158203125e-07,7.152557373046875e-07,2.384185791015625e-07
2519,4.76837158203125e-07,7.152557373046875e-07,4.76837158203125e-07
2520,4.76837158203125e-07,9.5367431640625e-07,2.384185791015625e-07
2521,4.76837158203125e-07,9.5367431640625e-07,0.0
2522,4.76837158203125e-07,9.5367431640625e-07,2.384185791015625e-07
2523,4.76837158203125e-07,7.152557373046875e-07,2.384185791015625e-07
2524,7.152557373046875e-07,9.5367431640625e-07,2.384185791015625e-07
2525,4.76837158203125e-07,9.5367431640625e-07,2.384185791015625e-07
2526,4.76837158203125e-07,4.76837158203125e-07,2.384185791015625e-07
2527,4.76837158203125e-07,4.76837158203125e-07,2.384185791015625e-07
2528,4.76837158203125e-07,7.152557373046875e-07,0.0
2529,4.76837158203125e-07,4.76837158203125e-07,2.384185791015625e-07
2530,7.152557373046875e-07,4.76837158203125e-07,2.384185791015625e-07
2531,7.152557373046875e-07,7.152557373046875e-07,0.0
2532,4.76837158203125e-07,7.152557373046875e-07,2.384185791015625e-07
2533,4.76837158203125e-07,7.152557373046875e-07,2.384185791015625e-07
2534,4.76837158203125e-07,7.152557373046875e-07,2.384185791015625e-07
2535,4.76837158203125e-07,7.152557373046875e-07,4.76837158203125e-07
2536,4.76837158203125e-07,7.152557373046875e-07,0.0
2537,4.76837158203125e-07,7.152557373046875e-07,2.384185791015625e-07
2538,4.76837158203125e-07,4.76837158203125e-07,2.384185791015625e-07
2539,4.76837158203125e-07,9.5367431640625e-07,0.0
2540,4.76837158203125e-07,4.76837158203125e-07,2.384185791015625e-07
2541,4.76837158203125e-07,4.76837158203125e-07,2.384185791015625e-07
2542,4.76837158203125e-07,9.5367431640625e-07,0.0
2543,4.76837158203125e-07,4.76837158203125e-07,4.76837158203125e-07
2544,4.76837158203125e-07,4.76837158203125e-07,2.384185791015625e-07
2545,9.5367431640625e-07,7.152557373046875e-07,2.384185791015625e-07
2546,4.76837158203125e-07,4.76837158203125e-07,2.384185791015625e-07
2547,4.76837158203125e-07,4.76837158203125e-07,0.0
2548,4.76837158203125e-07,4.76837158203125e-07,2.384185791015625e-07
2549,4.76837158203125e-07,4.76837158203125e-07,2.384185791015625e-07
2550,4.76837158203125e-07,4.76837158203125e-07,0.0
2551,4.76837158203125e-07,7.152557373046875e-07,2.384185791015625e-07
2552,7.152557373046875e-07,4.76837158203125e-07,2.384185791015625e-07
2553,4.76837158203125e-07,4.76837158203125e-07,0.0
2554,4.76837158203125e-07,4.76837158203125e-07,2.384185791015625e-07
2555,7.152557373046875e-07,4.76837158203125e-07,2.384185791015625e-07
2556,4.76837158203125e-07,7.152557373046875e-07,0.0
2557,4.76837158203125e-07,7.152557373046875e-07,2.384185791015625e-07
2558,4.76837158203125e-07,7.152557373046875e-07,2.384185791015625e-07
2559,4.76837158203125e-07,4.76837158203125e-07,0.0
2560,4.76837158203125e-07,7.152557373046875e-07,4.76837158203125e-07
2561,4.76837158203125e-07,4.76837158203125e-07,2.384185791015625e-07
2562,4.76837158203125e-07,4.76837158203125e-07,4.76837158203125e-07
2563,4.76837158203125e-07,4.76837158203125e-07,2.384185791015625e-07
2564,4.76837158203125e-07,4.76837158203125e-07,0.0
2565,4.76837158203125e-07,4.76837158203125e-07,2.384185791015625e-07
2566,7.152557373046875e-07,4.76837158203125e-07,2.384185791015625e-07
2567,4.76837158203125e-07,4.76837158203125e-07,0.0
2568,7.152557373046875e-07,7.152557373046875e-07,2.384185791015625e-07
2569,4.76837158203125e-07,7.152557373046875e-07,2.384185791015625e-07
2570,4.76837158203125e-07,4.76837158203125e-07,0.0
2571,4.76837158203125e-07,4.76837158203125e-07,2.384185791015625e-07
2572,4.76837158203125e-07,4.76837158203125e-07,2.384185791015625e-07
2573,7.152557373046875e-07,4.76837158203125e-07,0.0
2574,4.76837158203125e-07,4.76837158203125e-07,2.384185791015625e-07
2575,4.76837158203125e-07,7.152557373046875e-07,2.384185791015625e-07
2576,4.76837158203125e-07,4.76837158203125e-07,0.0
2577,4.76837158203125e-07,4.76837158203125e-07,2.384185791015625e-07
2578,4.76837158203125e-07,4.76837158203125e-07,0.0
2579,4.76837158203125e-07,4.76837158203125e-07,2.384185791015625e-07
2580,7.152557373046875e-07,7.152557373046875e-07,2.384185791015625e-07
2581,4.76837158203125e-07,4.76837158203125e-07,0.0
2582,4.76837158203125e-07,4.76837158203125e-07,2.384185791015625e-07
2583,4.76837158203125e-07,7.152557373046875e-07,2.384185791015625e-07
2584,4.76837158203125e-07,4.76837158203125e-07,2.384185791015625e-07
2585,4.76837158203125e-07,4.76837158203125e-07,2.384185791015625e-07
2586,4.76837158203125e-07,4.76837158203125e-07,0.0
2587,9.5367431640625e-07,4.76837158203125e-07,4.76837158203125e-07
2588,4.76837158203125e-07,7.152557373046875e-07,2.384185791015625e-07
2589,7.152557373046875e-07,7.152557373046875e-07,0.0
2590,7.152557373046875e-07,9.5367431640625e-07,2.384185791015625e-07
2591,4.76837158203125e-07,4.76837158203125e-07,2.384185791015625e-07
2592,4.76837158203125e-07,7.152557373046875e-07,0.0
2593,4.76837158203125e-07,7.152557373046875e-07,2.384185791015625e-07
2594,4.76837158203125e-07,7.152557373046875e-07,2.384185791015625e-07
2595,4.76837158203125e-07,9.5367431640625e-07,0.0
2596,7.152557373046875e-07,9.5367431640625e-07,2.384185791015625e-07
2597,7.152557373046875e-07,7.152557373046875e-07,2.384185791015625e-07
2598,4.76837158203125e-07,4.76837158203125e-07,0.0
2599,4.76837158203125e-07,7.152557373046875e-07,2.384185791015625e-07
2600,4.76837158203125e-07,4.76837158203125e-07,2.384185791015625e-07
2601,4.76837158203125e-07,7.152557373046875e-07,0.0
2602,4.76837158203125e-07,7.152557373046875e-07,2.384185791015625e-07
2603,4.76837158203125e-07,4.76837158203125e-07,4.76837158203125e-07
2604,9.5367431640625e-07,4.76837158203125e-07,0.0
2605,4.76837158203125e-07,4.76837158203125e-07,2.384185791015625e-07
2606,4.76837158203125e-07,4.76837158203125e-07,2.384185791015625e-07
2607,4.76837158203125e-07,4.76837158203125e-07,0.0
2608,4.76837158203125e-07,7.152557373046875e-07,2.384185791015625e-07
2609,4.76837158203125e-07,4.76837158203125e-07,2.384185791015625e-07
2610,4.76837158203125e-07,4.76837158203125e-07,0.0
2611,7.152557373046875e-07,4.76837158203125e-07,2.384185791015625e-07
2612,4.76837158203125e-07,4.76837158203125e-07,2.384185791015625e-07
2613,4.76837158203125e-07,4.76837158203125e-07,2.384185791015625e-07
2614,4.76837158203125e-07,4.76837158203125e-07,2.384185791015625e-07
2615,4.76837158203125e-07,4.76837158203125e-07,0.0
2616,7.152557373046875e-07,7.152557373046875e-07,2.384185791015625e-07
2617,4.76837158203125e-07,7.152557373046875e-07,2.384185791015625e-07
2618,7.152557373046875e-07,4.76837158203125e-07,0.0
2619,4.76837158203125e-07,4.76837158203125e-07,2.384185791015625e-07
2620,4.76837158203125e-07,4.76837158203125e-07,2.384185791015625e-07
2621,7.152557373046875e-07,7.152557373046875e-07,0.0
2622,4.76837158203125e-07,4.76837158203125e-07,2.384185791015625e-07
2623,4.76837158203125e-07,4.76837158203125e-07,2.384185791015625e-07
2624,4.76837158203125e-07,4.76837158203125e-07,2.384185791015625e-07
2625,7.152557373046875e-07,7.152557373046875e-07,2.384185791015625e-07
2626,4.76837158203125e-07,4.76837158203125e-07,2.384185791015625e-07
2627,4.76837158203125e-07,4.76837158203125e-07,2.384185791015625e-07
2628,4.76837158203125e-07,4.76837158203125e-07,4.76837158203125e-07
2629,7.152557373046875e-07,4.76837158203125e-07,2.384185791015625e-07
2630,4.76837158203125e-07,4.76837158203125e-07,2.384185791015625e-07
2631,4.76837158203125e-07,7.152557373046875e-07,2.384185791015625e-07
2632,7.152557373046875e-07,7.152557373046875e-07,2.384185791015625e-07
2633,4.76837158203125e-07,7.152557373046875e-07,2.384185791015625e-07
2634,4.76837158203125e-07,4.76837158203125e-07,2.384185791015625e-07
2635,4.76837158203125e-07,4.76837158203125e-07,0.0
2636,4.76837158203125e-07,4.76837158203125e-07,4.76837158203125e-07
2637,4.76837158203125e-07,4.76837158203125e-07,2.384185791015625e-07
2638,4.76837158203125e-07,4.76837158203125e-07,0.0
2639,7.152557373046875e-07,4.76837158203125e-07,2.384185791015625e-07
2640,4.76837158203125e-07,4.76837158203125e-07,2.384185791015625e-07
2641,4.76837158203125e-07,4.76837158203125e-07,0.0
2642,4.76837158203125e-07,7.152557373046875e-07,2.384185791015625e-07
2643,4.76837158203125e-07,4.76837158203125e-07,0.0
2644,4.76837158203125e-07,4.76837158203125e-07,2.384185791015625e-07
2645,4.76837158203125e-07,7.152557373046875e-07,2.384185791015625e-07
2646,9.5367431640625e-07,4.76837158203125e-07,0.0
2647,4.76837158203125e-07,4.76837158203125e-07,2.384185791015625e-07
2648,7.152557373046875e-07,4.76837158203125e-07,2.384185791015625e-07
2649,4.76837158203125e-07,4.76837158203125e-07,0.0
2650,7.152557373046875e-07,4.76837158203125e-07,2.384185791015625e-07
2651,4.76837158203125e-07,4.76837158203125e-07,0.0
2652,4.76837158203125e-07,4.76837158203125e-07,2.384185791015625e-07
2653,7.152557373046875e-07,4.76837158203125e-07,2.384185791015625e-07
2654,4.76837158203125e-07,4.76837158203125e-07,0.0
2655,4.76837158203125e-07,4.76837158203125e-07,2.384185791015625e-07
2656,4.76837158203125e-07,7.152557373046875e-07,0.0
2657,4.76837158203125e-07,9.5367431640625e-07,0.0
2658,4.76837158203125e-07,7.152557373046875e-07,2.384185791015625e-07
2659,4.76837158203125e-07,7.152557373046875e-07,2.384185791015625e-07
2660,7.152557373046875e-07,7.152557373046875e-07,4.76837158203125e-07
2661,4.76837158203125e-07,7.152557373046875e-07,0.0
2662,4.76837158203125e-07,9.5367431640625e-07,2.384185791015625e-07
2663,4.76837158203125e-07,9.5367431640625e-07,2.384185791015625e-07
2664,4.76837158203125e-07,7.152557373046875e-07,0.0
2665,4.76837158203125e-07,4.76837158203125e-07,2.384185791015625e-07
2666,4.76837158203125e-07,4.76837158203125e-07,2.384185791015625e-07
2667,7.152557373046875e-07,4.76837158203125e-07,0.0
2668,4.76837158203125e-07,7.152557373046875e-07,4.76837158203125e-07
2669,4.76837158203125e-07,4.76837158203125e-07,2.384185791015625e-07
2670,4.76837158203125e-07,4.76837158203125e-07,2.384185791015625e-07
2671,4.76837158203125e-07,4.76837158203125e-07,2.384185791015625e-07
2672,4.76837158203125e-07,4.76837158203125e-07,0.0
2673,7.152557373046875e-07,4.76837158203125e-07,2.384185791015625e-07
2674,7.152557373046875e-07,4.76837158203125e-07,2.384185791015625e-07
2675,4.76837158203125e-07,4.76837158203125e-07,0.0
2676,4.76837158203125e-07,4.76837158203125e-07,2.384185791015625e-07
2677,4.76837158203125e-07,7.152557373046875e-07,2.384185791015625e-07
2678,4.76837158203125e-07,4.76837158203125e-07,0.0
2679,4.76837158203125e-07,4.76837158203125e-07,2.384185791015625e-07
2680,4.76837158203125e-07,4.76837158203125e-07,0.0
2681,4.76837158203125e-07,4.76837158203125e-07,2.384185791015625e-07
2682,4.76837158203125e-07,4.76837158203125e-07,2.384185791015625e-07
2683,4.76837158203125e-07,4.76837158203125e-07,0.0
2684,4.76837158203125e-07,7.152557373046875e-07,2.384185791015625e-07
2685,7.152557373046875e-07,4.76837158203125e-07,4.76837158203125e-07
2686,4.76837158203125e-07,4.76837158203125e-07,0.0
2687,4.76837158203125e-07,4.76837158203125e-07,2.384185791015625e-07
2688,7.152557373046875e-07,7.152557373046875e-07,2.384185791015625e-07
2689,4.76837158203125e-07,4.76837158203125e-07,0.0
2690,4.76837158203125e-07,7.152557373046875e-07,2.384185791015625e-07
2691,4.76837158203125e-07,7.152557373046875e-07,2.384185791015625e-07
2692,4.76837158203125e-07,7.152557373046875e-07,2.384185791015625e-07
2693,4.76837158203125e-07,4.76837158203125e-07,4.76837158203125e-07
2694,4.76837158203125e-07,4.76837158203125e-07,0.0
2695,7.152557373046875e-07,7.152557373046875e-07,2.384185791015625e-07
2696,4.76837158203125e-07,4.76837158203125e-07,2.384185791015625e-07
2697,4.76837158203125e-07,4.76837158203125e-07,0.0
2698,4.76837158203125e-07,4.76837158203125e-07,0.0
2699,4.76837158203125e-07,4.76837158203125e-07,0.0
2700,4.76837158203125e-07,4.76837158203125e-07,2.384185791015625e-07
2701,4.76837158203125e-07,4.76837158203125e-07,0.0
2702,9.5367431640625e-07,4.76837158203125e-07,2.384185791015625e-07
2703,4.76837158203125e-07,4.76837158203125e-07,2.384185791015625e-07
2704,4.76837158203125e-07,7.152557373046875e-07,0.0
2705,4.76837158203125e-07,7.152557373046875e-07,2.384185791015625e-07
2706,4.76837158203125e-07,4.76837158203125e-07,2.384185791015625e-07
2707,4.76837158203125e-07,4.76837158203125e-07,0.0
2708,4.76837158203125e-07,4.76837158203125e-07,2.384185791015625e-07
2709,7.152557373046875e-07,7.152557373046875e-07,0.0
2710,4.76837158203125e-07,7.152557373046875e-07,2.384185791015625e-07
2711,4.76837158203125e-07,4.76837158203125e-07,2.384185791015625e-07
2712,4.76837158203125e-07,4.76837158203125e-07,2.384185791015625e-07
2713,9.5367431640625e-07,4.76837158203125e-07,0.0
2714,4.76837158203125e-07,4.76837158203125e-07,2.384185791015625e-07
2715,4.76837158203125e-07,4.76837158203125e-07,0.0
2716,4.76837158203125e-07,4.76837158203125e-07,2.384185791015625e-07
2717,4.76837158203125e-07,4.76837158203125e-07,2.384185791015625e-07
2718,4.76837158203125e-07,4.76837158203125e-07,0.0
2719,4.76837158203125e-07,7.152557373046875e-07,2.384185791015625e-07
2720,4.76837158203125e-07,7.152557373046875e-07,2.384185791015625e-07
2721,7.152557373046875e-07,7.152557373046875e-07,0.0
2722,4.76837158203125e-07,7.152557373046875e-07,2.384185791015625e-07
2723,4.76837158203125e-07,4.76837158203125e-07,2.384185791015625e-07
2724,4.76837158203125e-07,4.76837158203125e-07,0.0
2725,4.76837158203125e-07,4.76837158203125e-07,2.384185791015625e-07
2726,4.76837158203125e-07,4.76837158203125e-07,0.0
2727,7.152557373046875e-07,4.76837158203125e-07,2.384185791015625e-07
2728,4.76837158203125e-07,7.152557373046875e-07,2.384185791015625e-07
2729,4.76837158203125e-07,7.152557373046875e-07,0.0
2730,4.76837158203125e-07,4.76837158203125e-07,2.384185791015625e-07
2731,4.76837158203125e-07,4.76837158203125e-07,2.384185791015625e-07
2732,4.76837158203125e-07,4.76837158203125e-07,2.384185791015625e-07
2733,4.76837158203125e-07,4.76837158203125e-07,2.384185791015625e-07
2734,7.152557373046875e-07,4.76837158203125e-07,0.0
2735,4.76837158203125e-07,4.76837158203125e-07,2.384185791015625e-07
2736,4.76837158203125e-07,4.76837158203125e-07,2.384185791015625e-07
2737,4.76837158203125e-07,7.152557373046875e-07,0.0
2738,4.76837158203125e-07,7.152557373046875e-07,2.384185791015625e-07
2739,4.76837158203125e-07,7.152557373046875e-07,2.384185791015625e-07
2740,7.152557373046875e-07,4.76837158203125e-07,0.0
2741,7.152557373046875e-07,7.152557373046875e-07,2.384185791015625e-07
2742,4.76837158203125e-07,4.76837158203125e-07,2.384185791015625e-07
2743,4.76837158203125e-07,4.76837158203125e-07,0.0
2744,4.76837158203125e-07,4.76837158203125e-07,2.384185791015625e-07
2745,4.76837158203125e-07,4.76837158203125e-07,2.384185791015625e-07
2746,4.76837158203125e-07,4.76837158203125e-07,0.0
2747,4.76837158203125e-07,7.152557373046875e-07,2.384185791015625e-07
2748,7.152557373046875e-07,7.152557373046875e-07,0.0
2749,4.76837158203125e-07,7.152557373046875e-07,2.384185791015625e-07
2750,4.76837158203125e-07,7.152557373046875e-07,2.384185791015625e-07
2751,4.76837158203125e-07,4.76837158203125e-07,0.0
2752,4.76837158203125e-07,4.76837158203125e-07,2.384185791015625e-07
2753,4.76837158203125e-07,4.76837158203125e-07,2.384185791015625e-07
2754,4.76837158203125e-07,4.76837158203125e-07,0.0
2755,7.152557373046875e-07,4.76837158203125e-07,2.384185791015625e-07
2756,4.76837158203125e-07,7.152557373046875e-07,2.384185791015625e-07
2757,7.152557373046875e-07,4.76837158203125e-07,0.0
2758,7.152557373046875e-07,4.76837158203125e-07,2.384185791015625e-07
2759,4.76837158203125e-07,4.76837158203125e-07,4.76837158203125e-07
2760,4.76837158203125e-07,7.152557373046875e-07,2.384185791015625e-07
2761,4.76837158203125e-07,4.76837158203125e-07,2.384185791015625e-07
2762,7.152557373046875e-07,7.152557373046875e-07,0.0
2763,4.76837158203125e-07,7.152557373046875e-07,2.384185791015625e-07
2764,4.76837158203125e-07,4.76837158203125e-07,2.384185791015625e-07
2765,9.5367431640625e-07,4.76837158203125e-07,2.384185791015625e-07
2766,4.76837158203125e-07,4.76837158203125e-07,2.384185791015625e-07
2767,4.76837158203125e-07,4.76837158203125e-07,4.76837158203125e-07
2768,4.76837158203125e-07,4.76837158203125e-07,0.0
2769,7.152557373046875e-07,4.76837158203125e-07,2.384185791015625e-07
2770,4.76837158203125e-07,4.76837158203125e-07,2.384185791015625e-07
2771,4.76837158203125e-07,4.76837158203125e-07,2.384185791015625e-07
2772,4.76837158203125e-07,4.76837158203125e-07,2.384185791015625e-07
2773,4.76837158203125e-07,7.152557373046875e-07,2.384185791015625e-07
2774,7.152557373046875e-07,7.152557373046875e-07,2.384185791015625e-07
2775,4.76837158203125e-07,7.152557373046875e-07,0.0
2776,7.152557373046875e-07,7.152557373046875e-07,2.384185791015625e-07
2777,4.76837158203125e-07,4.76837158203125e-07,2.384185791015625e-07
2778,4.76837158203125e-07,7.152557373046875e-07,2.384185791015625e-07
2779,4.76837158203125e-07,7.152557373046875e-07,0.0
2780,4.76837158203125e-07,4.76837158203125e-07,2.384185791015625e-07
2781,4.76837158203125e-07,4.76837158203125e-07,2.384185791015625e-07
2782,4.76837158203125e-07,7.152557373046875e-07,4.76837158203125e-07
2783,4.76837158203125e-07,4.76837158203125e-07,0.0
2784,4.76837158203125e-07,4.76837158203125e-07,2.384185791015625e-07
2785,4.76837158203125e-07,4.76837158203125e-07,2.384185791015625e-07
2786,7.152557373046875e-07,4.76837158203125e-07,0.0
2787,4.76837158203125e-07,4.76837158203125e-07,2.384185791015625e-07
2788,7.152557373046875e-07,4.76837158203125e-07,0.0
2789,4.76837158203125e-07,4.76837158203125e-07,2.384185791015625e-07
2790,4.76837158203125e-07,4.76837158203125e-07,2.384185791015625e-07
2791,4.76837158203125e-07,7.152557373046875e-07,2.384185791015625e-07
2792,4.76837158203125e-07,4.76837158203125e-07,0.0
2793,7.152557373046875e-07,4.76837158203125e-07,2.384185791015625e-07
2794,4.76837158203125e-07,4.76837158203125e-07,2.384185791015625e-07
2795,4.76837158203125e-07,4.76837158203125e-07,0.0
2796,4.76837158203125e-07,4.76837158203125e-07,2.384185791015625e-07
2797,4.76837158203125e-07,4.76837158203125e-07,2.384185791015625e-07
2798,4.76837158203125e-07,4.76837158203125e-07,0.0
2799,4.76837158203125e-07,4.76837158203125e-07,2.384185791015625e-07
2800,7.152557373046875e-07,4.76837158203125e-07,2.384185791015625e-07
2801,4.76837158203125e-07,4.76837158203125e-07,0.0
2802,4.76837158203125e-07,4.76837158203125e-07,2.384185791015625e-07
2803,4.76837158203125e-07,7.152557373046875e-07,0.0
2804,4.76837158203125e-07,7.152557373046875e-07,2.384185791015625e-07
2805,4.76837158203125e-07,7.152557373046875e-07,2.384185791015625e-07
2806,4.76837158203125e-07,4.76837158203125e-07,0.0
2807,7.152557373046875e-07,4.76837158203125e-07,4.76837158203125e-07
2808,4.76837158203125e-07,4.76837158203125e-07,2.384185791015625e-07
2809,7.152557373046875e-07,4.76837158203125e-07,0.0
2810,4.76837158203125e-07,7.152557373046875e-07,2.384185791015625e-07
2811,4.76837158203125e-07,4.76837158203125e-07,0.0
2812,4.76837158203125e-07,4.76837158203125e-07,2.384185791015625e-07
2813,4.76837158203125e-07,7.152557373046875e-07,2.384185791015625e-07
2814,7.152557373046875e-07,7.152557373046875e-07,0.0
2815,4.76837158203125e-07,4.76837158203125e-07,2.384185791015625e-07
2816,4.76837158203125e-07,7.152557373046875e-07,2.384185791015625e-07
2817,4.76837158203125e-07,4.76837158203125e-07,0.0
2818,4.76837158203125e-07,7.152557373046875e-07,2.384185791015625e-07
2819,4.76837158203125e-07,4.76837158203125e-07,2.384185791015625e-07
2820,4.76837158203125e-07,7.152557373046875e-07,2.384185791015625e-07
2821,7.152557373046875e-07,7.152557373046875e-07,2.384185791015625e-07
2822,4.76837158203125e-07,4.76837158203125e-07,0.0
2823,4.76837158203125e-07,4.76837158203125e-07,2.384185791015625e-07
2824,4.76837158203125e-07,4.76837158203125e-07,2.384185791015625e-07
2825,4.76837158203125e-07,4.76837158203125e-07,0.0
2826,4.76837158203125e-07,7.152557373046875e-07,2.384185791015625e-07
2827,4.76837158203125e-07,4.76837158203125e-07,2.384185791015625e-07
2828,4.76837158203125e-07,7.152557373046875e-07,0.0
2829,4.76837158203125e-07,4.76837158203125e-07,2.384185791015625e-07
2830,4.76837158203125e-07,7.152557373046875e-07,2.384185791015625e-07
2831,4.76837158203125e-07,7.152557373046875e-07,0.0
2832,4.76837158203125e-07,7.152557373046875e-07,4.76837158203125e-07
2833,4.76837158203125e-07,7.152557373046875e-07,2.384185791015625e-07
2834,4.76837158203125e-07,4.76837158203125e-07,2.384185791015625e-07
2835,7.152557373046875e-07,4.76837158203125e-07,2.384185791015625e-07
2836,4.76837158203125e-07,4.76837158203125e-07,0.0
2837,4.76837158203125e-07,4.76837158203125e-07,2.384185791015625e-07
2838,7.152557373046875e-07,4.76837158203125e-07,2.384185791015625e-07
2839,4.76837158203125e-07,4.76837158203125e-07,2.384185791015625e-07
2840,7.152557373046875e-07,4.76837158203125e-07,4.76837158203125e-07
2841,4.76837158203125e-07,4.76837158203125e-07,2.384185791015625e-07
2842,7.152557373046875e-07,4.76837158203125e-07,0.0
2843,4.76837158203125e-07,4.76837158203125e-07,0.0
2844,4.76837158203125e-07,7.152557373046875e-07,2.384185791015625e-07
2845,4.76837158203125e-07,4.76837158203125e-07,2.384185791015625e-07
2846,4.76837158203125e-07,7.152557373046875e-07,0.0
2847,4.76837158203125e-07,4.76837158203125e-07,2.384185791015625e-07
2848,4.76837158203125e-07,4.76837158203125e-07,4.76837158203125e-07
2849,7.152557373046875e-07,4.76837158203125e-07,2.384185791015625e-07
2850,4.76837158203125e-07,4.76837158203125e-07,2.384185791015625e-07
2851,4.76837158203125e-07,4.76837158203125e-07,0.0
2852,7.152557373046875e-07,4.76837158203125e-07,2.384185791015625e-07
2853,4.76837158203125e-07,4.76837158203125e-07,2.384185791015625e-07
2854,4.76837158203125e-07,4.76837158203125e-07,0.0
2855,4.76837158203125e-07,4.76837158203125e-07,2.384185791015625e-07
2856,7.152557373046875e-07,7.152557373046875e-07,4.76837158203125e-07
2857,4.76837158203125e-07,7.152557373046875e-07,0.0
2858,4.76837158203125e-07,7.152557373046875e-07,2.384185791015625e-07
2859,4.76837158203125e-07,7.152557373046875e-07,0.0
2860,4.76837158203125e-07,4.76837158203125e-07,2.384185791015625e-07
2861,4.76837158203125e-07,4.76837158203125e-07,2.384185791015625e-07
2862,4.76837158203125e-07,7.152557373046875e-07,0.0
2863,7.152557373046875e-07,7.152557373046875e-07,2.384185791015625e-07
2864,4.76837158203125e-07,4.76837158203125e-07,2.384185791015625e-07
2865,4.76837158203125e-07,7.152557373046875e-07,4.76837158203125e-07
2866,4.76837158203125e-07,4.76837158203125e-07,2.384185791015625e-07
2867,4.76837158203125e-07,4.76837158203125e-07,2.384185791015625e-07
2868,4.76837158203125e-07,4.76837158203125e-07,0.0
2869,4.76837158203125e-07,4.76837158203125e-07,2.384185791015625e-07
2870,9.5367431640625e-07,4.76837158203125e-07,2.384185791015625e-07
2871,4.76837158203125e-07,4.76837158203125e-07,2.384185791015625e-07
2872,4.76837158203125e-07,4.76837158203125e-07,2.384185791015625e-07
2873,4.76837158203125e-07,4.76837158203125e-07,0.0
2874,4.76837158203125e-07,4.76837158203125e-07,2.384185791015625e-07
2875,4.76837158203125e-07,4.76837158203125e-07,2.384185791015625e-07
2876,4.76837158203125e-07,4.76837158203125e-07,0.0
2877,7.152557373046875e-07,4.76837158203125e-07,2.384185791015625e-07
2878,4.76837158203125e-07,7.152557373046875e-07,0.0
2879,4.76837158203125e-07,4.76837158203125e-07,0.0
2880,4.76837158203125e-07,7.152557373046875e-07,2.384185791015625e-07
2881,4.76837158203125e-07,7.152557373046875e-07,0.0
2882,4.76837158203125e-07,4.76837158203125e-07,2.384185791015625e-07
2883,4.76837158203125e-07,4.76837158203125e-07,2.384185791015625e-07
2884,4.76837158203125e-07,7.152557373046875e-07,0.0
2885,4.76837158203125e-07,7.152557373046875e-07,2.384185791015625e-07
2886,4.76837158203125e-07,4.76837158203125e-07,2.384185791015625e-07
2887,4.76837158203125e-07,4.76837158203125e-07,0.0
2888,7.152557373046875e-07,4.76837158203125e-07,2.384185791015625e-07
2889,7.152557373046875e-07,4.76837158203125e-07,2.384185791015625e-07
2890,4.76837158203125e-07,7.152557373046875e-07,0.0
2891,4.76837158203125e-07,4.76837158203125e-07,4.76837158203125e-07
2892,4.76837158203125e-07,4.76837158203125e-07,2.384185791015625e-07
2893,4.76837158203125e-07,4.76837158203125e-07,0.0
2894,4.76837158203125e-07,7.152557373046875e-07,0.0
2895,7.152557373046875e-07,4.76837158203125e-07,2.384185791015625e-07
2896,4.76837158203125e-07,4.76837158203125e-07,2.384185791015625e-07
2897,7.152557373046875e-07,4.76837158203125e-07,0.0
2898,7.152557373046875e-07,4.76837158203125e-07,2.384185791015625e-07
2899,4.76837158203125e-07,4.76837158203125e-07,4.76837158203125e-07
2900,4.76837158203125e-07,4.76837158203125e-07,2.384185791015625e-07
2901,4.76837158203125e-07,7.152557373046875e-07,2.384185791015625e-07
2902,4.76837158203125e-07,9.5367431640625e-07,0.0
2903,4.76837158203125e-07,7.152557373046875e-07,0.0
2904,7.152557373046875e-07,7.152557373046875e-07,2.384185791015625e-07
2905,4.76837158203125e-07,4.76837158203125e-07,2.384185791015625e-07
2906,4.76837158203125e-07,4.76837158203125e-07,0.0
2907,7.152557373046875e-07,4.76837158203125e-07,4.76837158203125e-07
2908,4.76837158203125e-07,4.76837158203125e-07,0.0
2909,4.76837158203125e-07,4.76837158203125e-07,2.384185791015625e-07
2910,4.76837158203125e-07,4.76837158203125e-07,2.384185791015625e-07
2911,4.76837158203125e-07,7.152557373046875e-07,0.0
2912,4.76837158203125e-07,4.76837158203125e-07,2.384185791015625e-07
2913,4.76837158203125e-07,4.76837158203125e-07,2.384185791015625e-07
2914,4.76837158203125e-07,4.76837158203125e-07,0.0
2915,4.76837158203125e-07,4.76837158203125e-07,2.384185791015625e-07
2916,4.76837158203125e-07,4.76837158203125e-07,2.384185791015625e-07
2917,4.76837158203125e-07,4.76837158203125e-07,0.0
2918,4.76837158203125e-07,4.76837158203125e-07,4.76837158203125e-07
2919,4.76837158203125e-07,4.76837158203125e-07,2.384185791015625e-07
2920,4.76837158203125e-07,7.152557373046875e-07,2.384185791015625e-07
2921,4.76837158203125e-07,7.152557373046875e-07,0.0
2922,4.76837158203125e-07,4.76837158203125e-07,2.384185791015625e-07
2923,4.76837158203125e-07,7.152557373046875e-07,4.76837158203125e-07
2924,4.76837158203125e-07,7.152557373046875e-07,0.0
2925,4.76837158203125e-07,4.76837158203125e-07,2.384185791015625e-07
2926,7.152557373046875e-07,4.76837158203125e-07,2.384185791015625e-07
2927,4.76837158203125e-07,4.76837158203125e-07,0.0
2928,7.152557373046875e-07,4.76837158203125e-07,2.384185791015625e-07
2929,7.152557373046875e-07,4.76837158203125e-07,2.384185791015625e-07
2930,4.76837158203125e-07,4.76837158203125e-07,0.0
2931,4.76837158203125e-07,4.76837158203125e-07,2.384185791015625e-07
2932,4.76837158203125e-07,4.76837158203125e-07,2.384185791015625e-07
2933,4.76837158203125e-07,7.152557373046875e-07,0.0
2934,4.76837158203125e-07,9.5367431640625e-07,2.384185791015625e-07
2935,4.76837158203125e-07,7.152557373046875e-07,2.384185791015625e-07
2936,4.76837158203125e-07,7.152557373046875e-07,2.384185791015625e-07
2937,4.76837158203125e-07,4.76837158203125e-07,0.0
2938,4.76837158203125e-07,4.76837158203125e-07,2.384185791015625e-07
2939,7.152557373046875e-07,4.76837158203125e-07,2.384185791015625e-07
2940,4.76837158203125e-07,7.152557373046875e-07,0.0
2941,4.76837158203125e-07,4.76837158203125e-07,2.384185791015625e-07
2942,4.76837158203125e-07,7.152557373046875e-07,2.384185791015625e-07
2943,4.76837158203125e-07,4.76837158203125e-07,0.0
2944,4.76837158203125e-07,7.152557373046875e-07,2.384185791015625e-07
2945,4.76837158203125e-07,4.76837158203125e-07,2.384185791015625e-07
2946,4.76837158203125e-07,4.76837158203125e-07,0.0
2947,4.76837158203125e-07,4.76837158203125e-07,2.384185791015625e-07
2948,7.152557373046875e-07,4.76837158203125e-07,2.384185791015625e-07
2949,7.152557373046875e-07,4.76837158203125e-07,0.0
2950,4.76837158203125e-07,4.76837158203125e-07,2.384185791015625e-07
2951,4.76837158203125e-07,4.76837158203125e-07,0.0
2952,4.76837158203125e-07,4.76837158203125e-07,2.384185791015625e-07
2953,4.76837158203125e-07,4.76837158203125e-07,2.384185791015625e-07
2954,4.76837158203125e-07,7.152557373046875e-07,0.0
2955,4.76837158203125e-07,4.76837158203125e-07,2.384185791015625e-07
2956,4.76837158203125e-07,4.76837158203125e-07,4.76837158203125e-07
2957,4.76837158203125e-07,4.76837158203125e-07,0.0
2958,4.76837158203125e-07,4.76837158203125e-07,2.384185791015625e-07
2959,4.76837158203125e-07,7.152557373046875e-07,2.384185791015625e-07
2960,4.76837158203125e-07,7.152557373046875e-07,2.384185791015625e-07
2961,4.76837158203125e-07,7.152557373046875e-07,0.0
2962,4.76837158203125e-07,7.152557373046875e-07,2.384185791015625e-07
2963,4.76837158203125e-07,4.76837158203125e-07,2.384185791015625e-07
2964,7.152557373046875e-07,4.76837158203125e-07,0.0
2965,4.76837158203125e-07,4.76837158203125e-07,2.384185791015625e-07
2966,4.76837158203125e-07,7.152557373046875e-07,0.0
2967,4.76837158203125e-07,4.76837158203125e-07,2.384185791015625e-07
2968,4.76837158203125e-07,4.76837158203125e-07,2.384185791015625e-07
2969,4.76837158203125e-07,4.76837158203125e-07,2.384185791015625e-07
2970,4.76837158203125e-07,7.152557373046875e-07,2.384185791015625e-07
2971,7.152557373046875e-07,4.76837158203125e-07,2.384185791015625e-07
2972,4.76837158203125e-07,4.76837158203125e-07,0.0
2973,4.76837158203125e-07,4.76837158203125e-07,2.384185791015625e-07
2974,9.5367431640625e-07,4.76837158203125e-07,2.384185791015625e-07
2975,7.152557373046875e-07,4.76837158203125e-07,2.384185791015625e-07
2976,4.76837158203125e-07,4.76837158203125e-07,2.384185791015625e-07
2977,4.76837158203125e-07,4.76837158203125e-07,2.384185791015625e-07
2978,4.76837158203125e-07,4.76837158203125e-07,2.384185791015625e-07
2979,7.152557373046875e-07,4.76837158203125e-07,0.0
2980,4.76837158203125e-07,7.152557373046875e-07,2.384185791015625e-07
2981,4.76837158203125e-07,4.76837158203125e-07,2.384185791015625e-07
2982,7.152557373046875e-07,7.152557373046875e-07,0.0
2983,4.76837158203125e-07,7.152557373046875e-07,2.384185791015625e-07
2984,4.76837158203125e-07,7.152557373046875e-07,2.384185791015625e-07
2985,4.76837158203125e-07,4.76837158203125e-07,0.0
2986,7.152557373046875e-07,4.76837158203125e-07,2.384185791015625e-07
2987,4.76837158203125e-07,4.76837158203125e-07,2.384185791015625e-07
2988,4.76837158203125e-07,4.76837158203125e-07,0.0
2989,7.152557373046875e-07,4.76837158203125e-07,2.384185791015625e-07
2990,7.152557373046875e-07,4.76837158203125e-07,2.384185791015625e-07
2991,4.76837158203125e-07,4.76837158203125e-07,2.384185791015625e-07
2992,7.152557373046875e-07,7.152557373046875e-07,0.0
2993,7.152557373046875e-07,9.5367431640625e-07,2.384185791015625e-07
2994,7.152557373046875e-07,4.76837158203125e-07,2.384185791015625e-07
2995,4.76837158203125e-07,9.5367431640625e-07,2.384185791015625e-07
2996,4.76837158203125e-07,4.76837158203125e-07,2.384185791015625e-07
2997,4.76837158203125e-07,7.152557373046875e-07,0.0
2998,4.76837158203125e-07,4.76837158203125e-07,2.384185791015625e-07
2999,7.152557373046875e-07,4.76837158203125e-07,2.384185791015625e-07
3000,4.76837158203125e-07,4.76837158203125e-07,0.0
3001,4.76837158203125e-07,7.152557373046875e-07,2.384185791015625e-07
3002,4.76837158203125e-07,9.5367431640625e-07,2.384185791015625e-07
3003,4.76837158203125e-07,7.152557373046875e-07,0.0
3004,4.76837158203125e-07,7.152557373046875e-07,2.384185791015625e-07
3005,4.76837158203125e-07,7.152557373046875e-07,2.384185791015625e-07
3006,4.76837158203125e-07,9.5367431640625e-07,2.384185791015625e-07
3007,4.76837158203125e-07,9.5367431640625e-07,2.384185791015625e-07
3008,4.76837158203125e-07,4.76837158203125e-07,0.0
3009,4.76837158203125e-07,4.76837158203125e-07,2.384185791015625e-07
3010,4.76837158203125e-07,4.76837158203125e-07,2.384185791015625e-07
3011,4.76837158203125e-07,4.76837158203125e-07,2.384185791015625e-07
3012,4.76837158203125e-07,7.152557373046875e-07,2.384185791015625e-07
3013,4.76837158203125e-07,4.76837158203125e-07,2.384185791015625e-07
3014,9.5367431640625e-07,4.76837158203125e-07,0.0
3015,4.76837158203125e-07,4.76837158203125e-07,2.384185791015625e-07
3016,4.76837158203125e-07,7.152557373046875e-07,0.0
3017,7.152557373046875e-07,7.152557373046875e-07,2.384185791015625e-07
3018,4.76837158203125e-07,4.76837158203125e-07,2.384185791015625e-07
3019,4.76837158203125e-07,4.76837158203125e-07,0.0
3020,7.152557373046875e-07,4.76837158203125e-07,2.384185791015625e-07
3021,4.76837158203125e-07,4.76837158203125e-07,2.384185791015625e-07
3022,4.76837158203125e-07,4.76837158203125e-07,0.0
3023,9.5367431640625e-07,4.76837158203125e-07,2.384185791015625e-07
3024,4.76837158203125e-07,4.76837158203125e-07,2.384185791015625e-07
3025,4.76837158203125e-07,4.76837158203125e-07,0.0
3026,7.152557373046875e-07,4.76837158203125e-07,4.76837158203125e-07
3027,4.76837158203125e-07,4.76837158203125e-07,2.384185791015625e-07
3028,4.76837158203125e-07,7.152557373046875e-07,2.384185791015625e-07
3029,7.152557373046875e-07,4.76837158203125e-07,2.384185791015625e-07
3030,4.76837158203125e-07,4.76837158203125e-07,0.0
3031,4.76837158203125e-07,7.152557373046875e-07,2.384185791015625e-07
3032,7.152557373046875e-07,4.76837158203125e-07,2.384185791015625e-07
3033,4.76837158203125e-07,4.76837158203125e-07,0.0
3034,4.76837158203125e-07,4.76837158203125e-07,4.76837158203125e-07
3035,4.76837158203125e-07,4.76837158203125e-07,0.0
3036,2.384185791015625e-07,7.152557373046875e-07,2.384185791015625e-07
3037,4.76837158203125e-07,7.152557373046875e-07,2.384185791015625e-07
3038,4.76837158203125e-07,4.76837158203125e-07,0.0
3039,4.76837158203125e-07,4.76837158203125e-07,2.384185791015625e-07
3040,4.76837158203125e-07,4.76837158203125e-07,2.384185791015625e-07
3041,7.152557373046875e-07,7.152557373046875e-07,2.384185791015625e-07
3042,7.152557373046875e-07,7.152557373046875e-07,2.384185791015625e-07
3043,4.76837158203125e-07,9.5367431640625e-07,2.384185791015625e-07
3044,4.76837158203125e-07,9.5367431640625e-07,0.0
3045,4.76837158203125e-07,7.152557373046875e-07,2.384185791015625e-07
3046,4.76837158203125e-07,7.152557373046875e-07,2.384185791015625e-07
3047,4.76837158203125e-07,4.76837158203125e-07,0.0
3048,4.76837158203125e-07,7.152557373046875e-07,2.384185791015625e-07
3049,4.76837158203125e-07,7.152557373046875e-07,0.0
3050,4.76837158203125e-07,7.152557373046875e-07,2.384185791015625e-07
3051,4.76837158203125e-07,7.152557373046875e-07,2.384185791015625e-07
3052,7.152557373046875e-07,4.76837158203125e-07,0.0
3053,4.76837158203125e-07,7.152557373046875e-07,2.384185791015625e-07
3054,4.76837158203125e-07,7.152557373046875e-07,2.384185791015625e-07
3055,4.76837158203125e-07,7.152557373046875e-07,2.384185791015625e-07
3056,4.76837158203125e-07,4.76837158203125e-07,2.384185791015625e-07
3057,4.76837158203125e-07,4.76837158203125e-07,0.0
3058,4.76837158203125e-07,4.76837158203125e-07,2.384185791015625e-07
3059,4.76837158203125e-07,4.76837158203125e-07,0.0
3060,4.76837158203125e-07,4.76837158203125e-07,2.384185791015625e-07
3061,4.76837158203125e-07,4.76837158203125e-07,2.384185791015625e-07
3062,4.76837158203125e-07,4.76837158203125e-07,2.384185791015625e-07
3063,4.76837158203125e-07,4.76837158203125e-07,2.384185791015625e-07
3064,4.76837158203125e-07,4.76837158203125e-07,0.0
3065,7.152557373046875e-07,4.76837158203125e-07,2.384185791015625e-07
3066,4.76837158203125e-07,7.152557373046875e-07,2.384185791015625e-07
3067,4.76837158203125e-07,7.152557373046875e-07,0.0
3068,7.152557373046875e-07,7.152557373046875e-07,4.76837158203125e-07
3069,4.76837158203125e-07,4.76837158203125e-07,2.384185791015625e-07
3070,4.76837158203125e-07,7.152557373046875e-07,0.0
3071,7.152557373046875e-07,4.76837158203125e-07,2.384185791015625e-07
3072,4.76837158203125e-07,4.76837158203125e-07,2.384185791015625e-07
3073,4.76837158203125e-07,4.76837158203125e-07,2.384185791015625e-07
3074,4.76837158203125e-07,4.76837158203125e-07,2.384185791015625e-07
3075,4.76837158203125e-07,4.76837158203125e-07,2.384185791015625e-07
3076,7.152557373046875e-07,4.76837158203125e-07,0.0
3077,4.76837158203125e-07,4.76837158203125e-07,2.384185791015625e-07
3078,4.76837158203125e-07,4.76837158203125e-07,2.384185791015625e-07
3079,4.76837158203125e-07,4.76837158203125e-07,0.0
3080,4.76837158203125e-07,4.76837158203125e-07,2.384185791015625e-07
3081,7.152557373046875e-07,4.76837158203125e-07,2.384185791015625e-07
3082,4.76837158203125e-07,7.152557373046875e-07,2.384185791015625e-07
3083,4.76837158203125e-07,4.76837158203125e-07,2.384185791015625e-07
3084,4.76837158203125e-07,4.76837158203125e-07,4.76837158203125e-07
3085,4.76837158203125e-07,7.152557373046875e-07,0.0
3086,4.76837158203125e-07,7.152557373046875e-07,2.384185791015625e-07
3087,7.152557373046875e-07,7.152557373046875e-07,2.384185791015625e-07
3088,7.152557373046875e-07,7.152557373046875e-07,0.0
3089,4.76837158203125e-07,4.76837158203125e-07,2.384185791015625e-07
3090,7.152557373046875e-07,4.76837158203125e-07,0.0
3091,4.76837158203125e-07,4.76837158203125e-07,2.384185791015625e-07
3092,4.76837158203125e-07,4.76837158203125e-07,4.76837158203125e-07
3093,4.76837158203125e-07,7.152557373046875e-07,0.0
3094,4.76837158203125e-07,7.152557373046875e-07,2.384185791015625e-07
3095,4.76837158203125e-07,9.5367431640625e-07,0.0
3096,4.76837158203125e-07,9.5367431640625e-07,2.384185791015625e-07
3097,4.76837158203125e-07,4.76837158203125e-07,2.384185791015625e-07
3098,4.76837158203125e-07,4.76837158203125e-07,0.0
3099,4.76837158203125e-07,4.76837158203125e-07,2.384185791015625e-07
3100,4.76837158203125e-07,4.76837158203125e-07,2.384185791015625e-07
3101,7.152557373046875e-07,4.76837158203125e-07,4.76837158203125e-07
3102,4.76837158203125e-07,4.76837158203125e-07,2.384185791015625e-07
3103,4.76837158203125e-07,7.152557373046875e-07,0.0
3104,4.76837158203125e-07,7.152557373046875e-07,2.384185791015625e-07
3105,4.76837158203125e-07,4.76837158203125e-07,2.384185791015625e-07
3106,4.76837158203125e-07,7.152557373046875e-07,0.0
3107,4.76837158203125e-07,4.76837158203125e-07,2.384185791015625e-07
3108,7.152557373046875e-07,4.76837158203125e-07,0.0
3109,4.76837158203125e-07,4.76837158203125e-07,4.76837158203125e-07
3110,4.76837158203125e-07,7.152557373046875e-07,2.384185791015625e-07
3111,4.76837158203125e-07,4.76837158203125e-07,0.0
3112,4.76837158203125e-07,4.76837158203125e-07,2.384185791015625e-07
3113,4.76837158203125e-07,7.152557373046875e-07,0.0
3114,4.76837158203125e-07,7.152557373046875e-07,2.384185791015625e-07
3115,4.76837158203125e-07,4.76837158203125e-07,2.384185791015625e-07
3116,7.152557373046875e-07,9.5367431640625e-07,0.0
3117,4.76837158203125e-07,7.152557373046875e-07,2.384185791015625e-07
3118,4.76837158203125e-07,9.5367431640625e-07,2.384185791015625e-07
3119,4.76837158203125e-07,9.5367431640625e-07,2.384185791015625e-07
3120,4.76837158203125e-07,9.5367431640625e-07,2.384185791015625e-07
3121,4.76837158203125e-07,4.76837158203125e-07,2.384185791015625e-07
3122,7.152557373046875e-07,4.76837158203125e-07,0.0
3123,4.76837158203125e-07,4.76837158203125e-07,2.384185791015625e-07
3124,4.76837158203125e-07,4.76837158203125e-07,2.384185791015625e-07
3125,4.76837158203125e-07,4.76837158203125e-07,0.0
3126,4.76837158203125e-07,4.76837158203125e-07,2.384185791015625e-07
3127,4.76837158203125e-07,4.76837158203125e-07,0.0
3128,4.76837158203125e-07,4.76837158203125e-07,2.384185791015625e-07
3129,7.152557373046875e-07,4.76837158203125e-07,2.384185791015625e-07
3130,4.76837158203125e-07,7.152557373046875e-07,0.0
3131,4.76837158203125e-07,7.152557373046875e-07,2.384185791015625e-07
3132,4.76837158203125e-07,4.76837158203125e-07,0.0
3133,4.76837158203125e-07,7.152557373046875e-07,4.76837158203125e-07
3134,4.76837158203125e-07,4.76837158203125e-07,2.384185791015625e-07
3135,4.76837158203125e-07,4.76837158203125e-07,0.0
3136,7.152557373046875e-07,4.76837158203125e-07,2.384185791015625e-07
3137,4.76837158203125e-07,4.76837158203125e-07,2.384185791015625e-07
3138,4.76837158203125e-07,4.76837158203125e-07,0.0
3139,4.76837158203125e-07,7.152557373046875e-07,2.384185791015625e-07
3140,2.384185791015625e-07,4.76837158203125e-07,2.384185791015625e-07
3141,4.76837158203125e-07,4.76837158203125e-07,2.384185791015625e-07
3142,4.76837158203125e-07,4.76837158203125e-07,2.384185791015625e-07
3143,7.152557373046875e-07,7.152557373046875e-07,0.0
3144,4.76837158203125e-07,7.152557373046875e-07,2.384185791015625e-07
3145,4.76837158203125e-07,7.152557373046875e-07,2.384185791015625e-07
3146,7.152557373046875e-07,7.152557373046875e-07,0.0
3147,4.76837158203125e-07,4.76837158203125e-07,2.384185791015625e-07
3148,4.76837158203125e-07,4.76837158203125e-07,2.384185791015625e-07
3149,4.76837158203125e-07,7.152557373046875e-07,2.384185791015625e-07
3150,7.152557373046875e-07,4.76837158203125e-07,2.384185791015625e-07
3151,4.76837158203125e-07,4.76837158203125e-07,0.0
3152,4.76837158203125e-07,4.76837158203125e-07,2.384185791015625e-07
3153,7.152557373046875e-07,7.152557373046875e-07,2.384185791015625e-07
3154,4.76837158203125e-07,4.76837158203125e-07,0.0
3155,4.76837158203125e-07,4.76837158203125e-07,2.384185791015625e-07
3156,4.76837158203125e-07,4.76837158203125e-07,2.384185791015625e-07
3157,7.152557373046875e-07,4.76837158203125e-07,0.0
3158,4.76837158203125e-07,4.76837158203125e-07,4.76837158203125e-07
3159,4.76837158203125e-07,4.76837158203125e-07,0.0
3160,4.76837158203125e-07,7.152557373046875e-07,2.384185791015625e-07
3161,4.76837158203125e-07,4.76837158203125e-07,2.384185791015625e-07
3162,4.76837158203125e-07,4.76837158203125e-07,0.0
3163,4.76837158203125e-07,4.76837158203125e-07,0.0
3164,4.76837158203125e-07,7.152557373046875e-07,2.384185791015625e-07
3165,7.152557373046875e-07,7.152557373046875e-07,4.76837158203125e-07
3166,4.76837158203125e-07,4.76837158203125e-07,0.0
3167,4.76837158203125e-07,4.76837158203125e-07,2.384185791015625e-07
3168,4.76837158203125e-07,4.76837158203125e-07,2.384185791015625e-07
3169,4.76837158203125e-07,4.76837158203125e-07,2.384185791015625e-07
3170,4.76837158203125e-07,4.76837158203125e-07,2.384185791015625e-07
3171,4.76837158203125e-07,7.152557373046875e-07,2.384185791015625e-07
3172,7.152557373046875e-07,7.152557373046875e-07,0.0
3173,4.76837158203125e-07,7.152557373046875e-07,2.384185791015625e-07
3174,4.76837158203125e-07,7.152557373046875e-07,2.384185791015625e-07
3175,4.76837158203125e-07,4.76837158203125e-07,0.0
3176,4.76837158203125e-07,4.76837158203125e-07,2.384185791015625e-07
3177,4.76837158203125e-07,4.76837158203125e-07,2.384185791015625e-07
3178,7.152557373046875e-07,7.152557373046875e-07,2.384185791015625e-07
3179,4.76837158203125e-07,4.76837158203125e-07,2.384185791015625e-07
3180,4.76837158203125e-07,4.76837158203125e-07,0.0
3181,4.76837158203125e-07,4.76837158203125e-07,2.384185791015625e-07
3182,4.76837158203125e-07,4.76837158203125e-07,0.0
3183,4.76837158203125e-07,4.76837158203125e-07,2.384185791015625e-07
3184,4.76837158203125e-07,4.76837158203125e-07,2.384185791015625e-07
3185,4.76837158203125e-07,4.76837158203125e-07,0.0
3186,4.76837158203125e-07,4.76837158203125e-07,2.384185791015625e-07
3187,4.76837158203125e-07,4.76837158203125e-07,2.384185791015625e-07
3188,7.152557373046875e-07,4.76837158203125e-07,0.0
3189,4.76837158203125e-07,7.152557373046875e-07,2.384185791015625e-07
3190,4.76837158203125e-07,4.76837158203125e-07,4.76837158203125e-07
3191,4.76837158203125e-07,4.76837158203125e-07,2.384185791015625e-07
3192,4.76837158203125e-07,4.76837158203125e-07,2.384185791015625e-07
3193,7.152557373046875e-07,4.76837158203125e-07,0.0
3194,4.76837158203125e-07,4.76837158203125e-07,2.384185791015625e-07
3195,7.152557373046875e-07,4.76837158203125e-07,0.0
3196,4.76837158203125e-07,4.76837158203125e-07,2.384185791015625e-07
3197,4.76837158203125e-07,4.76837158203125e-07,2.384185791015625e-07
3198,4.76837158203125e-07,4.76837158203125e-07,0.0
3199,4.76837158203125e-07,7.152557373046875e-07,2.384185791015625e-07
3200,4.76837158203125e-07,9.5367431640625e-07,0.0
3201,4.76837158203125e-07,7.152557373046875e-07,2.384185791015625e-07
3202,7.152557373046875e-07,7.152557373046875e-07,0.0
3203,4.76837158203125e-07,9.5367431640625e-07,0.0
3204,4.76837158203125e-07,7.152557373046875e-07,2.384185791015625e-07
3205,4.76837158203125e-07,7.152557373046875e-07,2.384185791015625e-07
3206,4.76837158203125e-07,4.76837158203125e-07,2.384185791015625e-07
3207,4.76837158203125e-07,4.76837158203125e-07,4.76837158203125e-07
3208,4.76837158203125e-07,4.76837158203125e-07,0.0
3209,7.152557373046875e-07,4.76837158203125e-07,2.384185791015625e-07
3210,4.76837158203125e-07,4.76837158203125e-07,2.384185791015625e-07
3211,4.76837158203125e-07,4.76837158203125e-07,2.384185791015625e-07
3212,4.76837158203125e-07,4.76837158203125e-07,0.0
3213,4.76837158203125e-07,4.76837158203125e-07,2.384185791015625e-07
3214,4.76837158203125e-07,4.76837158203125e-07,2.384185791015625e-07
3215,4.76837158203125e-07,4.76837158203125e-07,0.0
3216,7.152557373046875e-07,7.152557373046875e-07,2.384185791015625e-07
3217,4.76837158203125e-07,4.76837158203125e-07,2.384185791015625e-07
3218,4.76837158203125e-07,4.76837158203125e-07,2.384185791015625e-07
3219,7.152557373046875e-07,4.76837158203125e-07,2.384185791015625e-07
3220,4.76837158203125e-07,4.76837158203125e-07,2.384185791015625e-07
3221,4.76837158203125e-07,4.76837158203125e-07,2.384185791015625e-07
3222,4.76837158203125e-07,7.152557373046875e-07,2.384185791015625e-07
3223,4.76837158203125e-07,4.76837158203125e-07,0.0
3224,4.76837158203125e-07,7.152557373046875e-07,2.384185791015625e-07
3225,4.76837158203125e-07,4.76837158203125e-07,0.0
3226,7.152557373046875e-07,4.76837158203125e-07,2.384185791015625e-07
3227,7.152557373046875e-07,4.76837158203125e-07,2.384185791015625e-07
3228,7.152557373046875e-07,7.152557373046875e-07,0.0
3229,7.152557373046875e-07,7.152557373046875e-07,2.384185791015625e-07
3230,7.152557373046875e-07,7.152557373046875e-07,0.0
3231,4.76837158203125e-07,9.5367431640625e-07,2.384185791015625e-07
3232,4.76837158203125e-07,9.5367431640625e-07,4.76837158203125e-07
3233,7.152557373046875e-07,4.76837158203125e-07,2.384185791015625e-07
3234,4.76837158203125e-07,4.76837158203125e-07,2.384185791015625e-07
3235,4.76837158203125e-07,9.5367431640625e-07,0.0
3236,7.152557373046875e-07,7.152557373046875e-07,2.384185791015625e-07
3237,7.152557373046875e-07,4.76837158203125e-07,2.384185791015625e-07
3238,4.76837158203125e-07,4.76837158203125e-07,2.384185791015625e-07
3239,4.76837158203125e-07,7.152557373046875e-07,0.0
3240,4.76837158203125e-07,4.76837158203125e-07,4.76837158203125e-07
3241,4.76837158203125e-07,4.76837158203125e-07,2.384185791015625e-07
3242,4.76837158203125e-07,4.76837158203125e-07,2.384185791015625e-07
3243,4.76837158203125e-07,4.76837158203125e-07,2.384185791015625e-07
3244,4.76837158203125e-07,4.76837158203125e-07,0.0
3245,4.76837158203125e-07,7.152557373046875e-07,2.384185791015625e-07
3246,7.152557373046875e-07,4.76837158203125e-07,0.0
3247,7.152557373046875e-07,4.76837158203125e-07,2.384185791015625e-07
3248,7.152557373046875e-07,4.76837158203125e-07,2.384185791015625e-07
3249,4.76837158203125e-07,7.152557373046875e-07,2.384185791015625e-07
3250,4.76837158203125e-07,7.152557373046875e-07,2.384185791015625e-07
3251,4.76837158203125e-07,7.152557373046875e-07,0.0
3252,4.76837158203125e-07,4.76837158203125e-07,2.384185791015625e-07
3253,4.76837158203125e-07,4.76837158203125e-07,0.0
3254,4.76837158203125e-07,4.76837158203125e-07,2.384185791015625e-07
3255,4.76837158203125e-07,7.152557373046875e-07,2.384185791015625e-07
3256,7.152557373046875e-07,4.76837158203125e-07,2.384185791015625e-07
3257,7.152557373046875e-07,4.76837158203125e-07,2.384185791015625e-07
3258,4.76837158203125e-07,4.76837158203125e-07,4.76837158203125e-07
3259,4.76837158203125e-07,4.76837158203125e-07,0.0
3260,4.76837158203125e-07,4.76837158203125e-07,2.384185791015625e-07
3261,4.76837158203125e-07,4.76837158203125e-07,2.384185791015625e-07
3262,4.76837158203125e-07,7.152557373046875e-07,0.0
3263,9.5367431640625e-07,4.76837158203125e-07,2.384185791015625e-07
3264,4.76837158203125e-07,4.76837158203125e-07,2.384185791015625e-07
3265,7.152557373046875e-07,4.76837158203125e-07,2.384185791015625e-07
3266,4.76837158203125e-07,7.152557373046875e-07,2.384185791015625e-07
3267,4.76837158203125e-07,4.76837158203125e-07,0.0
3268,7.152557373046875e-07,4.76837158203125e-07,2.384185791015625e-07
3269,4.76837158203125e-07,4.76837158203125e-07,2.384185791015625e-07
3270,7.152557373046875e-07,7.152557373046875e-07,0.0
3271,4.76837158203125e-07,4.76837158203125e-07,2.384185791015625e-07
3272,4.76837158203125e-07,4.76837158203125e-07,2.384185791015625e-07
3273,4.76837158203125e-07,4.76837158203125e-07,0.0
3274,4.76837158203125e-07,7.152557373046875e-07,2.384185791015625e-07
3275,4.76837158203125e-07,4.76837158203125e-07,2.384185791015625e-07
3276,4.76837158203125e-07,7.152557373046875e-07,0.0
3277,4.76837158203125e-07,7.152557373046875e-07,2.384185791015625e-07
3278,4.76837158203125e-07,9.5367431640625e-07,2.384185791015625e-07
3279,4.76837158203125e-07,7.152557373046875e-07,0.0
3280,7.152557373046875e-07,7.152557373046875e-07,2.384185791015625e-07
3281,4.76837158203125e-07,7.152557373046875e-07,2.384185791015625e-07
3282,4.76837158203125e-07,7.152557373046875e-07,2.384185791015625e-07
3283,4.76837158203125e-07,7.152557373046875e-07,2.384185791015625e-07
3284,4.76837158203125e-07,7.152557373046875e-07,2.384185791015625e-07
3285,4.76837158203125e-07,4.76837158203125e-07,2.384185791015625e-07
3286,7.152557373046875e-07,4.76837158203125e-07,2.384185791015625e-07
3287,7.152557373046875e-07,4.76837158203125e-07,2.384185791015625e-07
3288,7.152557373046875e-07,4.76837158203125e-07,2.384185791015625e-07
3289,4.76837158203125e-07,4.76837158203125e-07,2.384185791015625e-07
3290,7.152557373046875e-07,4.76837158203125e-07,2.384185791015625e-07
3291,4.76837158203125e-07,4.76837158203125e-07,0.0
3292,7.152557373046875e-07,7.152557373046875e-07,2.384185791015625e-07
3293,4.76837158203125e-07,4.76837158203125e-07,2.384185791015625e-07
3294,7.152557373046875e-07,4.76837158203125e-07,2.384185791015625e-07
3295,4.76837158203125e-07,4.76837158203125e-07,2.384185791015625e-07
3296,4.76837158203125e-07,7.152557373046875e-07,0.0
3297,4.76837158203125e-07,7.152557373046875e-07,2.384185791015625e-07
3298,4.76837158203125e-07,7.152557373046875e-07,4.76837158203125e-07
3299,4.76837158203125e-07,7.152557373046875e-07,2.384185791015625e-07
3300,4.76837158203125e-07,4.76837158203125e-07,2.384185791015625e-07
3301,4.76837158203125e-07,7.152557373046875e-07,2.384185791015625e-07
3302,7.152557373046875e-07,4.76837158203125e-07,2.384185791015625e-07
3303,4.76837158203125e-07,4.76837158203125e-07,0.0
3304,4.76837158203125e-07,4.76837158203125e-07,2.384185791015625e-07
3305,4.76837158203125e-07,4.76837158203125e-07,2.384185791015625e-07
3306,4.76837158203125e-07,7.152557373046875e-07,0.0
3307,4.76837158203125e-07,4.76837158203125e-07,2.384185791015625e-07
3308,4.76837158203125e-07,7.152557373046875e-07,2.384185791015625e-07
3309,4.76837158203125e-07,7.152557373046875e-07,0.0
3310,4.76837158203125e-07,9.5367431640625e-07,2.384185791015625e-07
3311,9.5367431640625e-07,9.5367431640625e-07,0.0
3312,7.152557373046875e-07,7.152557373046875e-07,2.384185791015625e-07
3313,7.152557373046875e-07,9.5367431640625e-07,2.384185791015625e-07
3314,4.76837158203125e-07,7.152557373046875e-07,0.0
3315,7.152557373046875e-07,7.152557373046875e-07,2.384185791015625e-07
3316,4.76837158203125e-07,7.152557373046875e-07,0.0
3317,4.76837158203125e-07,7.152557373046875e-07,2.384185791015625e-07
3318,9.5367431640625e-07,7.152557373046875e-07,2.384185791015625e-07
3319,4.76837158203125e-07,4.76837158203125e-07,0.0
3320,4.76837158203125e-07,4.76837158203125e-07,2.384185791015625e-07
3321,4.76837158203125e-07,4.76837158203125e-07,2.384185791015625e-07
3322,4.76837158203125e-07,7.152557373046875e-07,0.0
3323,4.76837158203125e-07,7.152557373046875e-07,2.384185791015625e-07
3324,4.76837158203125e-07,7.152557373046875e-07,2.384185791015625e-07
3325,9.5367431640625e-07,4.76837158203125e-07,2.384185791015625e-07
3326,4.76837158203125e-07,4.76837158203125e-07,2.384185791015625e-07
3327,4.76837158203125e-07,4.76837158203125e-07,0.0
3328,4.76837158203125e-07,4.76837158203125e-07,2.384185791015625e-07
3329,4.76837158203125e-07,4.76837158203125e-07,2.384185791015625e-07
3330,4.76837158203125e-07,4.76837158203125e-07,2.384185791015625e-07
3331,4.76837158203125e-07,4.76837158203125e-07,4.76837158203125e-07
3332,4.76837158203125e-07,4.76837158203125e-07,0.0
3333,7.152557373046875e-07,4.76837158203125e-07,2.384185791015625e-07
3334,4.76837158203125e-07,4.76837158203125e-07,2.384185791015625e-07
3335,9.5367431640625e-07,7.152557373046875e-07,0.0
3336,4.76837158203125e-07,7.152557373046875e-07,2.384185791015625e-07
3337,4.76837158203125e-07,7.152557373046875e-07,2.384185791015625e-07
3338,4.76837158203125e-07,4.76837158203125e-07,2.384185791015625e-07
3339,4.76837158203125e-07,4.76837158203125e-07,2.384185791015625e-07
3340,4.76837158203125e-07,7.152557373046875e-07,2.384185791015625e-07
3341,4.76837158203125e-07,4.76837158203125e-07,0.0
3342,7.152557373046875e-07,7.152557373046875e-07,2.384185791015625e-07
3343,4.76837158203125e-07,7.152557373046875e-07,2.384185791015625e-07
3344,4.76837158203125e-07,7.152557373046875e-07,0.0
3345,4.76837158203125e-07,4.76837158203125e-07,2.384185791015625e-07
3346,4.76837158203125e-07,4.76837158203125e-07,2.384185791015625e-07
3347,4.76837158203125e-07,4.76837158203125e-07,2.384185791015625e-07
3348,4.76837158203125e-07,4.76837158203125e-07,2.384185791015625e-07
3349,7.152557373046875e-07,4.76837158203125e-07,0.0
3350,4.76837158203125e-07,4.76837158203125e-07,2.384185791015625e-07
3351,4.76837158203125e-07,4.76837158203125e-07,2.384185791015625e-07
3352,4.76837158203125e-07,4.76837158203125e-07,0.0
3353,4.76837158203125e-07,4.76837158203125e-07,2.384185791015625e-07
3354,4.76837158203125e-07,4.76837158203125e-07,0.0
3355,7.152557373046875e-07,4.76837158203125e-07,0.0
3356,4.76837158203125e-07,4.76837158203125e-07,4.76837158203125e-07
3357,4.76837158203125e-07,7.152557373046875e-07,2.384185791015625e-07
3358,4.76837158203125e-07,7.152557373046875e-07,0.0
3359,7.152557373046875e-07,7.152557373046875e-07,2.384185791015625e-07
3360,4.76837158203125e-07,7.152557373046875e-07,0.0
3361,7.152557373046875e-07,9.5367431640625e-07,2.384185791015625e-07
3362,7.152557373046875e-07,9.5367431640625e-07,2.384185791015625e-07
3363,4.76837158203125e-07,9.5367431640625e-07,0.0
3364,4.76837158203125e-07,9.5367431640625e-07,4.76837158203125e-07
3365,4.76837158203125e-07,4.76837158203125e-07,0.0
3366,7.152557373046875e-07,4.76837158203125e-07,2.384185791015625e-07
3367,4.76837158203125e-07,4.76837158203125e-07,2.384185791015625e-07
3368,4.76837158203125e-07,4.76837158203125e-07,0.0
3369,4.76837158203125e-07,4.76837158203125e-07,2.384185791015625e-07
3370,4.76837158203125e-07,4.76837158203125e-07,2.384185791015625e-07
3371,4.76837158203125e-07,4.76837158203125e-07,0.0
3372,4.76837158203125e-07,7.152557373046875e-07,2.384185791015625e-07
3373,7.152557373046875e-07,4.76837158203125e-07,2.384185791015625e-07
3374,4.76837158203125e-07,7.152557373046875e-07,0.0
3375,4.76837158203125e-07,4.76837158203125e-07,2.384185791015625e-07
3376,4.76837158203125e-07,4.76837158203125e-07,0.0
3377,7.152557373046875e-07,4.76837158203125e-07,2.384185791015625e-07
3378,7.152557373046875e-07,4.76837158203125e-07,2.384185791015625e-07
3379,4.76837158203125e-07,4.76837158203125e-07,0.0
3380,9.5367431640625e-07,4.76837158203125e-07,2.384185791015625e-07
3381,4.76837158203125e-07,4.76837158203125e-07,2.384185791015625e-07
3382,4.76837158203125e-07,4.76837158203125e-07,0.0
3383,4.76837158203125e-07,4.76837158203125e-07,2.384185791015625e-07
3384,7.152557373046875e-07,4.76837158203125e-07,0.0
3385,4.76837158203125e-07,7.152557373046875e-07,2.384185791015625e-07
3386,4.76837158203125e-07,7.152557373046875e-07,2.384185791015625e-07
3387,4.76837158203125e-07,9.5367431640625e-07,0.0
3388,4.76837158203125e-07,7.152557373046875e-07,2.384185791015625e-07
3389,4.76837158203125e-07,4.76837158203125e-07,4.76837158203125e-07
3390,7.152557373046875e-07,4.76837158203125e-07,0.0
3391,7.152557373046875e-07,4.76837158203125e-07,2.384185791015625e-07
3392,4.76837158203125e-07,7.152557373046875e-07,2.384185791015625e-07
3393,7.152557373046875e-07,4.76837158203125e-07,0.0
3394,7.152557373046875e-07,4.76837158203125e-07,0.0
3395,4.76837158203125e-07,7.152557373046875e-07,2.384185791015625e-07
3396,4.76837158203125e-07,7.152557373046875e-07,0.0
3397,7.152557373046875e-07,4.76837158203125e-07,2.384185791015625e-07
3398,4.76837158203125e-07,7.152557373046875e-07,2.384185791015625e-07
3399,4.76837158203125e-07,4.76837158203125e-07,0.0
3400,4.76837158203125e-07,4.76837158203125e-07,2.384185791015625e-07
3401,4.76837158203125e-07,4.76837158203125e-07,2.384185791015625e-07
3402,4.76837158203125e-07,4.76837158203125e-07,2.384185791015625e-07
3403,4.76837158203125e-07,4.76837158203125e-07,2.384185791015625e-07
3404,7.152557373046875e-07,4.76837158203125e-07,0.0
3405,4.76837158203125e-07,4.76837158203125e-07,2.384185791015625e-07
3406,4.76837158203125e-07,4.76837158203125e-07,2.384185791015625e-07
3407,4.76837158203125e-07,4.76837158203125e-07,0.0
3408,4.76837158203125e-07,4.76837158203125e-07,2.384185791015625e-07
3409,7.152557373046875e-07,7.152557373046875e-07,2.384185791015625e-07
3410,4.76837158203125e-07,7.152557373046875e-07,2.384185791015625e-07
3411,7.152557373046875e-07,7.152557373046875e-07,2.384185791015625e-07
3412,7.152557373046875e-07,7.152557373046875e-07,0.0
3413,7.152557373046875e-07,4.76837158203125e-07,2.384185791015625e-07
3414,9.5367431640625e-07,4.76837158203125e-07,4.76837158203125e-07
3415,4.76837158203125e-07,4.76837158203125e-07,0.0
3416,7.152557373046875e-07,4.76837158203125e-07,2.384185791015625e-07
3417,4.76837158203125e-07,4.76837158203125e-07,2.384185791015625e-07
3418,7.152557373046875e-07,4.76837158203125e-07,2.384185791015625e-07
3419,4.76837158203125e-07,4.76837158203125e-07,0.0
3420,4.76837158203125e-07,7.152557373046875e-07,2.384185791015625e-07
3421,7.152557373046875e-07,7.152557373046875e-07,2.384185791015625e-07
3422,4.76837158203125e-07,4.76837158203125e-07,0.0
3423,4.76837158203125e-07,4.76837158203125e-07,2.384185791015625e-07
3424,4.76837158203125e-07,4.76837158203125e-07,2.384185791015625e-07
3425,4.76837158203125e-07,7.152557373046875e-07,2.384185791015625e-07
3426,4.76837158203125e-07,7.152557373046875e-07,2.384185791015625e-07
3427,4.76837158203125e-07,7.152557373046875e-07,0.0
3428,7.152557373046875e-07,4.76837158203125e-07,2.384185791015625e-07
3429,4.76837158203125e-07,4.76837158203125e-07,2.384185791015625e-07
3430,4.76837158203125e-07,4.76837158203125e-07,0.0
3431,4.76837158203125e-07,7.152557373046875e-07,2.384185791015625e-07
3432,4.76837158203125e-07,4.76837158203125e-07,2.384185791015625e-07
3433,4.76837158203125e-07,4.76837158203125e-07,0.0
3434,7.152557373046875e-07,4.76837158203125e-07,2.384185791015625e-07
3435,7.152557373046875e-07,7.152557373046875e-07,2.384185791015625e-07
3436,7.152557373046875e-07,4.76837158203125e-07,2.384185791015625e-07
3437,4.76837158203125e-07,4.76837158203125e-07,2.384185791015625e-07
3438,4.76837158203125e-07,4.76837158203125e-07,0.0
3439,4.76837158203125e-07,9.5367431640625e-07,2.384185791015625e-07
3440,4.76837158203125e-07,7.152557373046875e-07,2.384185791015625e-07
3441,4.76837158203125e-07,4.76837158203125e-07,2.384185791015625e-07
3442,4.76837158203125e-07,4.76837158203125e-07,2.384185791015625e-07
3443,7.152557373046875e-07,4.76837158203125e-07,2.384185791015625e-07
3444,4.76837158203125e-07,4.76837158203125e-07,0.0
3445,4.76837158203125e-07,4.76837158203125e-07,2.384185791015625e-07
3446,7.152557373046875e-07,4.76837158203125e-07,2.384185791015625e-07
3447,4.76837158203125e-07,4.76837158203125e-07,0.0
3448,4.76837158203125e-07,4.76837158203125e-07,2.384185791015625e-07
3449,4.76837158203125e-07,4.76837158203125e-07,2.384185791015625e-07
3450,4.76837158203125e-07,4.76837158203125e-07,0.0
3451,7.152557373046875e-07,4.76837158203125e-07,2.384185791015625e-07
3452,9.5367431640625e-07,4.76837158203125e-07,2.384185791015625e-07
3453,4.76837158203125e-07,4.76837158203125e-07,2.384185791015625e-07
3454,4.76837158203125e-07,4.76837158203125e-07,2.384185791015625e-07
3455,4.76837158203125e-07,4.76837158203125e-07,0.0
3456,4.76837158203125e-07,4.76837158203125e-07,2.384185791015625e-07
3457,4.76837158203125e-07,4.76837158203125e-07,2.384185791015625e-07
3458,4.76837158203125e-07,4.76837158203125e-07,2.384185791015625e-07
3459,7.152557373046875e-07,9.5367431640625e-07,2.384185791015625e-07
3460,4.76837158203125e-07,4.76837158203125e-07,0.0
3461,4.76837158203125e-07,7.152557373046875e-07,2.384185791015625e-07
3462,4.76837158203125e-07,7.152557373046875e-07,2.384185791015625e-07
3463,4.76837158203125e-07,7.152557373046875e-07,0.0
3464,4.76837158203125e-07,7.152557373046875e-07,2.384185791015625e-07
3465,7.152557373046875e-07,7.152557373046875e-07,2.384185791015625e-07
3466,9.5367431640625e-07,4.76837158203125e-07,0.0
3467,4.76837158203125e-07,7.152557373046875e-07,2.384185791015625e-07
3468,4.76837158203125e-07,4.76837158203125e-07,2.384185791015625e-07
3469,4.76837158203125e-07,7.152557373046875e-07,0.0
3470,4.76837158203125e-07,7.152557373046875e-07,2.384185791015625e-07
3471,4.76837158203125e-07,4.76837158203125e-07,2.384185791015625e-07
3472,7.152557373046875e-07,4.76837158203125e-07,2.384185791015625e-07
3473,7.152557373046875e-07,4.76837158203125e-07,0.0
3474,7.152557373046875e-07,4.76837158203125e-07,2.384185791015625e-07
3475,4.76837158203125e-07,7.152557373046875e-07,2.384185791015625e-07
3476,7.152557373046875e-07,7.152557373046875e-07,0.0
3477,4.76837158203125e-07,4.76837158203125e-07,2.384185791015625e-07
3478,4.76837158203125e-07,4.76837158203125e-07,2.384185791015625e-07
3479,4.76837158203125e-07,4.76837158203125e-07,4.76837158203125e-07
3480,7.152557373046875e-07,4.76837158203125e-07,2.384185791015625e-07
3481,4.76837158203125e-07,4.76837158203125e-07,2.384185791015625e-07
3482,4.76837158203125e-07,7.152557373046875e-07,2.384185791015625e-07
3483,7.152557373046875e-07,7.152557373046875e-07,0.0
3484,4.76837158203125e-07,7.152557373046875e-07,2.384185791015625e-07
3485,4.76837158203125e-07,4.76837158203125e-07,2.384185791015625e-07
3486,7.152557373046875e-07,9.5367431640625e-07,2.384185791015625e-07
3487,7.152557373046875e-07,4.76837158203125e-07,2.384185791015625e-07
3488,4.76837158203125e-07,7.152557373046875e-07,0.0
3489,4.76837158203125e-07,4.76837158203125e-07,2.384185791015625e-07
3490,4.76837158203125e-07,4.76837158203125e-07,2.384185791015625e-07
3491,4.76837158203125e-07,4.76837158203125e-07,2.384185791015625e-07
3492,4.76837158203125e-07,4.76837158203125e-07,2.384185791015625e-07
3493,4.76837158203125e-07,7.152557373046875e-07,0.0
3494,7.152557373046875e-07,4.76837158203125e-07,2.384185791015625e-07
3495,4.76837158203125e-07,4.76837158203125e-07,2.384185791015625e-07
3496,4.76837158203125e-07,4.76837158203125e-07,0.0
3497,9.5367431640625e-07,7.152557373046875e-07,2.384185791015625e-07
3498,7.152557373046875e-07,7.152557373046875e-07,2.384185791015625e-07
3499,4.76837158203125e-07,7.152557373046875e-07,0.0
3500,4.76837158203125e-07,7.152557373046875e-07,2.384185791015625e-07
3501,7.152557373046875e-07,4.76837158203125e-07,2.384185791015625e-07
3502,4.76837158203125e-07,4.76837158203125e-07,2.384185791015625e-07
3503,4.76837158203125e-07,4.76837158203125e-07,2.384185791015625e-07
3504,7.152557373046875e-07,4.76837158203125e-07,4.76837158203125e-07
3505,4.76837158203125e-07,4.76837158203125e-07,2.384185791015625e-07
3506,4.76837158203125e-07,4.76837158203125e-07,2.384185791015625e-07
3507,4.76837158203125e-07,4.76837158203125e-07,0.0
3508,4.76837158203125e-07,7.152557373046875e-07,2.384185791015625e-07
3509,4.76837158203125e-07,7.152557373046875e-07,2.384185791015625e-07
3510,7.152557373046875e-07,4.76837158203125e-07,0.0
3511,7.152557373046875e-07,9.5367431640625e-07,2.384185791015625e-07
3512,7.152557373046875e-07,9.5367431640625e-07,0.0
3513,4.76837158203125e-07,7.152557373046875e-07,2.384185791015625e-07
3514,4.76837158203125e-07,7.152557373046875e-07,2.384185791015625e-07
3515,4.76837158203125e-07,4.76837158203125e-07,0.0
3516,4.76837158203125e-07,4.76837158203125e-07,2.384185791015625e-07
3517,4.76837158203125e-07,4.76837158203125e-07,2.384185791015625e-07
3518,7.152557373046875e-07,4.76837158203125e-07,0.0
3519,4.76837158203125e-07,4.76837158203125e-07,2.384185791015625e-07
3520,4.76837158203125e-07,4.76837158203125e-07,0.0
3521,4.76837158203125e-07,4.76837158203125e-07,4.76837158203125e-07
3522,4.76837158203125e-07,4.76837158203125e-07,2.384185791015625e-07
3523,4.76837158203125e-07,4.76837158203125e-07,0.0
3524,7.152557373046875e-07,4.76837158203125e-07,2.384185791015625e-07
3525,7.152557373046875e-07,4.76837158203125e-07,0.0
3526,4.76837158203125e-07,4.76837158203125e-07,2.384185791015625e-07
3527,4.76837158203125e-07,7.152557373046875e-07,2.384185791015625e-07
3528,4.76837158203125e-07,7.152557373046875e-07,2.384185791015625e-07
3529,4.76837158203125e-07,4.76837158203125e-07,0.0
3530,4.76837158203125e-07,4.76837158203125e-07,2.384185791015625e-07
3531,4.76837158203125e-07,4.76837158203125e-07,2.384185791015625e-07
3532,7.152557373046875e-07,4.76837158203125e-07,0.0
3533,4.76837158203125e-07,7.152557373046875e-07,2.384185791015625e-07
3534,4.76837158203125e-07,4.76837158203125e-07,2.384185791015625e-07
3535,4.76837158203125e-07,4.76837158203125e-07,0.0
3536,7.152557373046875e-07,4.76837158203125e-07,2.384185791015625e-07
3537,4.76837158203125e-07,4.76837158203125e-07,0.0
3538,4.76837158203125e-07,7.152557373046875e-07,2.384185791015625e-07
3539,7.152557373046875e-07,4.76837158203125e-07,2.384185791015625e-07
3540,4.76837158203125e-07,4.76837158203125e-07,2.384185791015625e-07
3541,4.76837158203125e-07,4.76837158203125e-07,2.384185791015625e-07
3542,4.76837158203125e-07,4.76837158203125e-07,2.384185791015625e-07
3543,4.76837158203125e-07,7.152557373046875e-07,0.0
3544,4.76837158203125e-07,7.152557373046875e-07,0.0
3545,7.152557373046875e-07,7.152557373046875e-07,2.384185791015625e-07
3546,4.76837158203125e-07,7.152557373046875e-07,0.0
3547,4.76837158203125e-07,4.76837158203125e-07,2.384185791015625e-07
3548,7.152557373046875e-07,4.76837158203125e-07,2.384185791015625e-07
3549,4.76837158203125e-07,4.76837158203125e-07,0.0
3550,4.76837158203125e-07,4.76837158203125e-07,2.384185791015625e-07
3551,4.76837158203125e-07,7.152557373046875e-07,2.384185791015625e-07
3552,4.76837158203125e-07,7.152557373046875e-07,0.0
3553,4.76837158203125e-07,4.76837158203125e-07,2.384185791015625e-07
3554,4.76837158203125e-07,7.152557373046875e-07,2.384185791015625e-07
3555,4.76837158203125e-07,4.76837158203125e-07,0.0
3556,7.152557373046875e-07,7.152557373046875e-07,2.384185791015625e-07
3557,7.152557373046875e-07,7.152557373046875e-07,2.384185791015625e-07
3558,7.152557373046875e-07,7.152557373046875e-07,2.384185791015625e-07
3559,4.76837158203125e-07,7.152557373046875e-07,2.384185791015625e-07
3560,7.152557373046875e-07,7.152557373046875e-07,2.384185791015625e-07
3561,4.76837158203125e-07,4.76837158203125e-07,0.0
3562,7.152557373046875e-07,4.76837158203125e-07,4.76837158203125e-07
3563,7.152557373046875e-07,4.76837158203125e-07,2.384185791015625e-07
3564,4.76837158203125e-07,7.152557373046875e-07,0.0
3565,4.76837158203125e-07,4.76837158203125e-07,2.384185791015625e-07
3566,4.76837158203125e-07,7.152557373046875e-07,2.384185791015625e-07
3567,4.76837158203125e-07,7.152557373046875e-07,2.384185791015625e-07
3568,4.76837158203125e-07,4.76837158203125e-07,2.384185791015625e-07
3569,4.76837158203125e-07,4.76837158203125e-07,0.0
3570,7.152557373046875e-07,7.152557373046875e-07,4.76837158203125e-07
3571,7.152557373046875e-07,7.152557373046875e-07,2.384185791015625e-07
3572,4.76837158203125e-07,9.5367431640625e-07,0.0
3573,7.152557373046875e-07,7.152557373046875e-07,2.384185791015625e-07
3574,7.152557373046875e-07,9.5367431640625e-07,2.384185791015625e-07
3575,4.76837158203125e-07,9.5367431640625e-07,0.0
3576,7.152557373046875e-07,4.76837158203125e-07,2.384185791015625e-07
3577,4.76837158203125e-07,4.76837158203125e-07,0.0
3578,4.76837158203125e-07,4.76837158203125e-07,2.384185791015625e-07
3579,4.76837158203125e-07,4.76837158203125e-07,2.384185791015625e-07
3580,7.152557373046875e-07,4.76837158203125e-07,0.0
3581,7.152557373046875e-07,4.76837158203125e-07,2.384185791015625e-07
3582,7.152557373046875e-07,7.152557373046875e-07,2.384185791015625e-07
3583,7.152557373046875e-07,7.152557373046875e-07,2.384185791015625e-07
3584,4.76837158203125e-07,4.76837158203125e-07,2.384185791015625e-07
3585,4.76837158203125e-07,7.152557373046875e-07,2.384185791015625e-07
3586,4.76837158203125e-07,4.76837158203125e-07,4.76837158203125e-07
3587,4.76837158203125e-07,4.76837158203125e-07,0.0
3588,4.76837158203125e-07,4.76837158203125e-07,2.384185791015625e-07
3589,4.76837158203125e-07,7.152557373046875e-07,2.384185791015625e-07
3590,7.152557373046875e-07,4.76837158203125e-07,2.384185791015625e-07
3591,7.152557373046875e-07,7.152557373046875e-07,2.384185791015625e-07
3592,4.76837158203125e-07,7.152557373046875e-07,0.0
3593,4.76837158203125e-07,7.152557373046875e-07,0.0
3594,4.76837158203125e-07,4.76837158203125e-07,2.384185791015625e-07
3595,4.76837158203125e-07,4.76837158203125e-07,2.384185791015625e-07
3596,7.152557373046875e-07,4.76837158203125e-07,0.0
3597,4.76837158203125e-07,4.76837158203125e-07,2.384185791015625e-07
3598,4.76837158203125e-07,4.76837158203125e-07,2.384185791015625e-07
3599,7.152557373046875e-07,4.76837158203125e-07,2.384185791015625e-07
3600,4.76837158203125e-07,7.152557373046875e-07,2.384185791015625e-07
3601,4.76837158203125e-07,9.5367431640625e-07,0.0
3602,4.76837158203125e-07,9.5367431640625e-07,2.384185791015625e-07
3603,4.76837158203125e-07,9.5367431640625e-07,4.76837158203125e-07
3604,4.76837158203125e-07,9.5367431640625e-07,0.0
3605,4.76837158203125e-07,4.76837158203125e-07,2.384185791015625e-07
3606,7.152557373046875e-07,4.76837158203125e-07,0.0
3607,4.76837158203125e-07,4.76837158203125e-07,2.384185791015625e-07
3608,7.152557373046875e-07,4.76837158203125e-07,2.384185791015625e-07
3609,7.152557373046875e-07,7.152557373046875e-07,2.384185791015625e-07
3610,4.76837158203125e-07,4.76837158203125e-07,0.0
3611,4.76837158203125e-07,4.76837158203125e-07,4.76837158203125e-07
3612,4.76837158203125e-07,4.76837158203125e-07,0.0
3613,7.152557373046875e-07,4.76837158203125e-07,2.384185791015625e-07
3614,4.76837158203125e-07,4.76837158203125e-07,2.384185791015625e-07
3615,9.5367431640625e-07,7.152557373046875e-07,0.0
3616,4.76837158203125e-07,4.76837158203125e-07,2.384185791015625e-07
3617,4.76837158203125e-07,4.76837158203125e-07,0.0
3618,9.5367431640625e-07,4.76837158203125e-07,2.384185791015625e-07
3619,7.152557373046875e-07,4.76837158203125e-07,2.384185791015625e-07
3620,7.152557373046875e-07,4.76837158203125e-07,0.0
3621,7.152557373046875e-07,7.152557373046875e-07,2.384185791015625e-07
3622,4.76837158203125e-07,4.76837158203125e-07,2.384185791015625e-07
3623,4.76837158203125e-07,4.76837158203125e-07,0.0
3624,7.152557373046875e-07,4.76837158203125e-07,2.384185791015625e-07
3625,9.5367431640625e-07,4.76837158203125e-07,2.384185791015625e-07
3626,4.76837158203125e-07,7.152557373046875e-07,2.384185791015625e-07
3627,4.76837158203125e-07,7.152557373046875e-07,4.76837158203125e-07
3628,4.76837158203125e-07,4.76837158203125e-07,0.0
3629,4.76837158203125e-07,4.76837158203125e-07,2.384185791015625e-07
3630,7.152557373046875e-07,4.76837158203125e-07,2.384185791015625e-07
3631,9.5367431640625e-07,4.76837158203125e-07,0.0
3632,4.76837158203125e-07,4.76837158203125e-07,2.384185791015625e-07
3633,4.76837158203125e-07,4.76837158203125e-07,0.0
3634,7.152557373046875e-07,4.76837158203125e-07,2.384185791015625e-07
3635,7.152557373046875e-07,4.76837158203125e-07,2.384185791015625e-07
3636,4.76837158203125e-07,7.152557373046875e-07,0.0
3637,4.76837158203125e-07,7.152557373046875e-07,2.384185791015625e-07
3638,4.76837158203125e-07,4.76837158203125e-07,2.384185791015625e-07
3639,4.76837158203125e-07,7.152557373046875e-07,0.0
3640,7.152557373046875e-07,4.76837158203125e-07,2.384185791015625e-07
3641,4.76837158203125e-07,4.76837158203125e-07,2.384185791015625e-07
3642,4.76837158203125e-07,7.152557373046875e-07,0.0
3643,4.76837158203125e-07,7.152557373046875e-07,2.384185791015625e-07
3644,4.76837158203125e-07,7.152557373046875e-07,2.384185791015625e-07
3645,4.76837158203125e-07,7.152557373046875e-07,0.0
3646,4.76837158203125e-07,7.152557373046875e-07,2.384185791015625e-07
3647,7.152557373046875e-07,4.76837158203125e-07,0.0
3648,7.152557373046875e-07,4.76837158203125e-07,2.384185791015625e-07
3649,7.152557373046875e-07,4.76837158203125e-07,2.384185791015625e-07
3650,9.5367431640625e-07,4.76837158203125e-07,0.0
3651,4.76837158203125e-07,7.152557373046875e-07,2.384185791015625e-07
3652,7.152557373046875e-07,7.152557373046875e-07,0.0
3653,7.152557373046875e-07,4.76837158203125e-07,2.384185791015625e-07
3654,4.76837158203125e-07,4.76837158203125e-07,2.384185791015625e-07
3655,4.76837158203125e-07,4.76837158203125e-07,0.0
3656,7.152557373046875e-07,4.76837158203125e-07,2.384185791015625e-07
3657,4.76837158203125e-07,7.152557373046875e-07,2.384185791015625e-07
3658,4.76837158203125e-07,7.152557373046875e-07,0.0
3659,4.76837158203125e-07,4.76837158203125e-07,2.384185791015625e-07
3660,7.152557373046875e-07,4.76837158203125e-07,4.76837158203125e-07
3661,7.152557373046875e-07,7.152557373046875e-07,2.384185791015625e-07
3662,7.152557373046875e-07,7.152557373046875e-07,0.0
3663,9.5367431640625e-07,4.76837158203125e-07,2.384185791015625e-07
3664,4.76837158203125e-07,4.76837158203125e-07,2.384185791015625e-07
3665,4.76837158203125e-07,4.76837158203125e-07,0.0
3666,4.76837158203125e-07,4.76837158203125e-07,2.384185791015625e-07
3667,4.76837158203125e-07,4.76837158203125e-07,2.384185791015625e-07
3668,7.152557373046875e-07,4.76837158203125e-07,0.0
3669,4.76837158203125e-07,4.76837158203125e-07,2.384185791015625e-07
3670,4.76837158203125e-07,4.76837158203125e-07,0.0
3671,4.76837158203125e-07,4.76837158203125e-07,0.0
3672,4.76837158203125e-07,7.152557373046875e-07,0.0
3673,7.152557373046875e-07,4.76837158203125e-07,0.0
3674,4.76837158203125e-07,4.76837158203125e-07,0.0
3675,4.76837158203125e-07,4.76837158203125e-07,2.384185791015625e-07
3676,9.5367431640625e-07,4.76837158203125e-07,2.384185791015625e-07
3677,4.76837158203125e-07,4.76837158203125e-07,4.76837158203125e-07
3678,4.76837158203125e-07,4.76837158203125e-07,2.384185791015625e-07
3679,4.76837158203125e-07,4.76837158203125e-07,0.0
3680,4.76837158203125e-07,7.152557373046875e-07,2.384185791015625e-07
3681,4.76837158203125e-07,4.76837158203125e-07,2.384185791015625e-07
3682,9.5367431640625e-07,7.152557373046875e-07,2.384185791015625e-07
3683,4.76837158203125e-07,4.76837158203125e-07,0.0
3684,4.76837158203125e-07,7.152557373046875e-07,2.384185791015625e-07
3685,4.76837158203125e-07,7.152557373046875e-07,4.76837158203125e-07
3686,4.76837158203125e-07,9.5367431640625e-07,2.384185791015625e-07
3687,7.152557373046875e-07,9.5367431640625e-07,2.384185791015625e-07
3688,9.5367431640625e-07,1.430511474609375e-06,0.0
3689,4.76837158203125e-07,7.152557373046875e-07,2.384185791015625e-07
3690,4.76837158203125e-07,9.5367431640625e-07,2.384185791015625e-07
3691,4.76837158203125e-07,9.5367431640625e-07,0.0
3692,4.76837158203125e-07,7.152557373046875e-07,2.384185791015625e-07
3693,4.76837158203125e-07,7.152557373046875e-07,4.76837158203125e-07
3694,7.152557373046875e-07,4.76837158203125e-07,2.384185791015625e-07
3695,7.152557373046875e-07,4.76837158203125e-07,2.384185791015625e-07
3696,4.76837158203125e-07,4.76837158203125e-07,2.384185791015625e-07
3697,4.76837158203125e-07,4.76837158203125e-07,2.384185791015625e-07
3698,7.152557373046875e-07,4.76837158203125e-07,2.384185791015625e-07
3699,4.76837158203125e-07,4.76837158203125e-07,0.0
3700,7.152557373046875e-07,4.76837158203125e-07,2.384185791015625e-07
3701,9.5367431640625e-07,4.76837158203125e-07,4.76837158203125e-07
3702,7.152557373046875e-07,7.152557373046875e-07,0.0
3703,4.76837158203125e-07,7.152557373046875e-07,2.384185791015625e-07
3704,7.152557373046875e-07,4.76837158203125e-07,2.384185791015625e-07
3705,4.76837158203125e-07,4.76837158203125e-07,2.384185791015625e-07
3706,4.76837158203125e-07,4.76837158203125e-07,2.384185791015625e-07
3707,4.76837158203125e-07,4.76837158203125e-07,2.384185791015625e-07
3708,4.76837158203125e-07,7.152557373046875e-07,0.0
3709,4.76837158203125e-07,4.76837158203125e-07,4.76837158203125e-07
3710,4.76837158203125e-07,4.76837158203125e-07,2.384185791015625e-07
3711,4.76837158203125e-07,4.76837158203125e-07,0.0
3712,7.152557373046875e-07,7.152557373046875e-07,2.384185791015625e-07
3713,4.76837158203125e-07,7.152557373046875e-07,2.384185791015625e-07
3714,7.152557373046875e-07,7.152557373046875e-07,0.0
3715,7.152557373046875e-07,7.152557373046875e-07,2.384185791015625e-07
3716,7.152557373046875e-07,4.76837158203125e-07,2.384185791015625e-07
3717,7.152557373046875e-07,4.76837158203125e-07,4.76837158203125e-07
3718,7.152557373046875e-07,4.76837158203125e-07,0.0
3719,4.76837158203125e-07,4.76837158203125e-07,2.384185791015625e-07
3720,7.152557373046875e-07,4.76837158203125e-07,0.0
3721,4.76837158203125e-07,4.76837158203125e-07,2.384185791015625e-07
3722,4.76837158203125e-07,4.76837158203125e-07,2.384185791015625e-07
3723,4.76837158203125e-07,4.76837158203125e-07,0.0
3724,4.76837158203125e-07,4.76837158203125e-07,2.384185791015625e-07
3725,4.76837158203125e-07,4.76837158203125e-07,4.76837158203125e-07
3726,4.76837158203125e-07,7.152557373046875e-07,0.0
3727,7.152557373046875e-07,7.152557373046875e-07,2.384185791015625e-07
3728,4.76837158203125e-07,7.152557373046875e-07,0.0
3729,4.76837158203125e-07,4.76837158203125e-07,2.384185791015625e-07
3730,9.5367431640625e-07,9.5367431640625e-07,0.0
3731,7.152557373046875e-07,7.152557373046875e-07,2.384185791015625e-07
3732,4.76837158203125e-07,7.152557373046875e-07,0.0
3733,4.76837158203125e-07,7.152557373046875e-07,2.384185791015625e-07
3734,4.76837158203125e-07,7.152557373046875e-07,2.384185791015625e-07
3735,4.76837158203125e-07,4.76837158203125e-07,0.0
3736,7.152557373046875e-07,4.76837158203125e-07,2.384185791015625e-07
3737,7.152557373046875e-07,4.76837158203125e-07,2.384185791015625e-07
3738,7.152557373046875e-07,7.152557373046875e-07,0.0
3739,4.76837158203125e-07,7.152557373046875e-07,2.384185791015625e-07
3740,9.5367431640625e-07,7.152557373046875e-07,4.76837158203125e-07
3741,7.152557373046875e-07,7.152557373046875e-07,0.0
3742,4.76837158203125e-07,4.76837158203125e-07,2.384185791015625e-07
3743,4.76837158203125e-07,4.76837158203125e-07,0.0
3744,4.76837158203125e-07,4.76837158203125e-07,2.384185791015625e-07
3745,4.76837158203125e-07,4.76837158203125e-07,2.384185791015625e-07
3746,4.76837158203125e-07,7.152557373046875e-07,0.0
3747,4.76837158203125e-07,4.76837158203125e-07,2.384185791015625e-07
3748,4.76837158203125e-07,4.76837158203125e-07,4.76837158203125e-07
3749,7.152557373046875e-07,4.76837158203125e-07,0.0
3750,9.5367431640625e-07,4.76837158203125e-07,2.384185791015625e-07
3751,7.152557373046875e-07,4.76837158203125e-07,2.384185791015625e-07
3752,4.76837158203125e-07,4.76837158203125e-07,2.384185791015625e-07
3753,4.76837158203125e-07,4.76837158203125e-07,2.384185791015625e-07
3754,4.76837158203125e-07,7.152557373046875e-07,0.0
3755,4.76837158203125e-07,9.5367431640625e-07,2.384185791015625e-07
3756,4.76837158203125e-07,4.76837158203125e-07,2.384185791015625e-07
3757,4.76837158203125e-07,7.152557373046875e-07,0.0
3758,4.76837158203125e-07,4.76837158203125e-07,2.384185791015625e-07
3759,4.76837158203125e-07,7.152557373046875e-07,0.0
3760,7.152557373046875e-07,7.152557373046875e-07,2.384185791015625e-07
3761,4.76837158203125e-07,9.5367431640625e-07,2.384185791015625e-07
3762,4.76837158203125e-07,7.152557373046875e-07,0.0
3763,7.152557373046875e-07,7.152557373046875e-07,2.384185791015625e-07
3764,4.76837158203125e-07,4.76837158203125e-07,0.0
3765,4.76837158203125e-07,4.76837158203125e-07,4.76837158203125e-07
3766,4.76837158203125e-07,4.76837158203125e-07,2.384185791015625e-07
3767,4.76837158203125e-07,4.76837158203125e-07,2.384185791015625e-07
3768,4.76837158203125e-07,4.76837158203125e-07,0.0
3769,4.76837158203125e-07,4.76837158203125e-07,2.384185791015625e-07
3770,4.76837158203125e-07,7.152557373046875e-07,0.0
3771,7.152557373046875e-07,4.76837158203125e-07,0.0
3772,7.152557373046875e-07,7.152557373046875e-07,2.384185791015625e-07
3773,4.76837158203125e-07,7.152557373046875e-07,4.76837158203125e-07
3774,4.76837158203125e-07,4.76837158203125e-07,0.0
3775,4.76837158203125e-07,4.76837158203125e-07,2.384185791015625e-07
3776,4.76837158203125e-07,7.152557373046875e-07,2.384185791015625e-07
3777,4.76837158203125e-07,7.152557373046875e-07,2.384185791015625e-07
3778,4.76837158203125e-07,4.76837158203125e-07,2.384185791015625e-07
3779,7.152557373046875e-07,4.76837158203125e-07,2.384185791015625e-07
3780,4.76837158203125e-07,4.76837158203125e-07,0.0
3781,4.76837158203125e-07,4.76837158203125e-07,4.76837158203125e-07
3782,7.152557373046875e-07,4.76837158203125e-07,2.384185791015625e-07
3783,4.76837158203125e-07,4.76837158203125e-07,0.0
3784,4.76837158203125e-07,7.152557373046875e-07,2.384185791015625e-07
3785,7.152557373046875e-07,4.76837158203125e-07,0.0
3786,4.76837158203125e-07,4.76837158203125e-07,2.384185791015625e-07
3787,7.152557373046875e-07,4.76837158203125e-07,2.384185791015625e-07
3788,4.76837158203125e-07,4.76837158203125e-07,0.0
3789,4.76837158203125e-07,9.5367431640625e-07,2.384185791015625e-07
3790,7.152557373046875e-07,7.152557373046875e-07,2.384185791015625e-07
3791,4.76837158203125e-07,9.5367431640625e-07,0.0
3792,4.76837158203125e-07,9.5367431640625e-07,2.384185791015625e-07
3793,4.76837158203125e-07,4.76837158203125e-07,0.0
3794,4.76837158203125e-07,4.76837158203125e-07,2.384185791015625e-07
3795,7.152557373046875e-07,4.76837158203125e-07,2.384185791015625e-07
3796,4.76837158203125e-07,4.76837158203125e-07,0.0
3797,4.76837158203125e-07,4.76837158203125e-07,2.384185791015625e-07
3798,4.76837158203125e-07,4.76837158203125e-07,4.76837158203125e-07
3799,4.76837158203125e-07,4.76837158203125e-07,0.0
3800,4.76837158203125e-07,4.76837158203125e-07,2.384185791015625e-07
3801,7.152557373046875e-07,4.76837158203125e-07,2.384185791015625e-07
3802,4.76837158203125e-07,4.76837158203125e-07,0.0
3803,4.76837158203125e-07,4.76837158203125e-07,0.0
3804,7.152557373046875e-07,4.76837158203125e-07,2.384185791015625e-07
3805,4.76837158203125e-07,4.76837158203125e-07,2.384185791015625e-07
3806,4.76837158203125e-07,4.76837158203125e-07,4.76837158203125e-07
3807,7.152557373046875e-07,4.76837158203125e-07,2.384185791015625e-07
3808,4.76837158203125e-07,4.76837158203125e-07,2.384185791015625e-07
3809,7.152557373046875e-07,4.76837158203125e-07,0.0
3810,4.76837158203125e-07,4.76837158203125e-07,2.384185791015625e-07
3811,7.152557373046875e-07,4.76837158203125e-07,2.384185791015625e-07
3812,4.76837158203125e-07,4.76837158203125e-07,0.0
3813,4.76837158203125e-07,4.76837158203125e-07,2.384185791015625e-07
3814,7.152557373046875e-07,7.152557373046875e-07,0.0
3815,4.76837158203125e-07,7.152557373046875e-07,2.384185791015625e-07
3816,4.76837158203125e-07,4.76837158203125e-07,2.384185791015625e-07
3817,4.76837158203125e-07,4.76837158203125e-07,0.0
3818,4.76837158203125e-07,4.76837158203125e-07,2.384185791015625e-07
3819,7.152557373046875e-07,4.76837158203125e-07,0.0
3820,4.76837158203125e-07,7.152557373046875e-07,2.384185791015625e-07
3821,7.152557373046875e-07,7.152557373046875e-07,2.384185791015625e-07
3822,4.76837158203125e-07,4.76837158203125e-07,4.76837158203125e-07
3823,4.76837158203125e-07,4.76837158203125e-07,2.384185791015625e-07
3824,4.76837158203125e-07,4.76837158203125e-07,2.384185791015625e-07
3825,4.76837158203125e-07,7.152557373046875e-07,0.0
3826,4.76837158203125e-07,4.76837158203125e-07,2.384185791015625e-07
3827,4.76837158203125e-07,7.152557373046875e-07,2.384185791015625e-07
3828,7.152557373046875e-07,9.5367431640625e-07,0.0
3829,4.76837158203125e-07,7.152557373046875e-07,2.384185791015625e-07
3830,4.76837158203125e-07,9.5367431640625e-07,2.384185791015625e-07
3831,4.76837158203125e-07,9.5367431640625e-07,2.384185791015625e-07
3832,7.152557373046875e-07,7.152557373046875e-07,2.384185791015625e-07
3833,7.152557373046875e-07,7.152557373046875e-07,2.384185791015625e-07
3834,7.152557373046875e-07,9.5367431640625e-07,0.0
3835,7.152557373046875e-07,9.5367431640625e-07,2.384185791015625e-07
3836,7.152557373046875e-07,4.76837158203125e-07,2.384185791015625e-07
3837,4.76837158203125e-07,4.76837158203125e-07,0.0
3838,9.5367431640625e-07,7.152557373046875e-07,2.384185791015625e-07
3839,4.76837158203125e-07,4.76837158203125e-07,2.384185791015625e-07
3840,7.152557373046875e-07,4.76837158203125e-07,0.0
3841,4.76837158203125e-07,4.76837158203125e-07,2.384185791015625e-07
3842,4.76837158203125e-07,4.76837158203125e-07,0.0
3843,4.76837158203125e-07,4.76837158203125e-07,2.384185791015625e-07
3844,7.152557373046875e-07,4.76837158203125e-07,2.384185791015625e-07
3845,7.152557373046875e-07,4.76837158203125e-07,0.0
3846,7.152557373046875e-07,7.152557373046875e-07,2.384185791015625e-07
3847,4.76837158203125e-07,7.152557373046875e-07,4.76837158203125e-07
3848,4.76837158203125e-07,4.76837158203125e-07,2.384185791015625e-07
3849,4.76837158203125e-07,4.76837158203125e-07,2.384185791015625e-07
3850,4.76837158203125e-07,4.76837158203125e-07,0.0
3851,4.76837158203125e-07,4.76837158203125e-07,2.384185791015625e-07
3852,9.5367431640625e-07,7.152557373046875e-07,2.384185791015625e-07
3853,4.76837158203125e-07,7.152557373046875e-07,0.0
3854,4.76837158203125e-07,4.76837158203125e-07,2.384185791015625e-07
3855,4.76837158203125e-07,4.76837158203125e-07,4.76837158203125e-07
3856,4.76837158203125e-07,4.76837158203125e-07,0.0
3857,4.76837158203125e-07,4.76837158203125e-07,2.384185791015625e-07
3858,4.76837158203125e-07,4.76837158203125e-07,2.384185791015625e-07
3859,4.76837158203125e-07,4.76837158203125e-07,0.0
3860,4.76837158203125e-07,4.76837158203125e-07,2.384185791015625e-07
3861,4.76837158203125e-07,4.76837158203125e-07,2.384185791015625e-07
3862,4.76837158203125e-07,7.152557373046875e-07,0.0
3863,4.76837158203125e-07,9.5367431640625e-07,2.384185791015625e-07
3864,4.76837158203125e-07,7.152557373046875e-07,2.384185791015625e-07
3865,4.76837158203125e-07,7.152557373046875e-07,2.384185791015625e-07
3866,7.152557373046875e-07,9.5367431640625e-07,2.384185791015625e-07
3867,4.76837158203125e-07,9.5367431640625e-07,2.384185791015625e-07
3868,4.76837158203125e-07,7.152557373046875e-07,0.0
3869,7.152557373046875e-07,4.76837158203125e-07,2.384185791015625e-07
3870,4.76837158203125e-07,9.5367431640625e-07,0.0
3871,4.76837158203125e-07,4.76837158203125e-07,2.384185791015625e-07
3872,4.76837158203125e-07,7.152557373046875e-07,4.76837158203125e-07
3873,7.152557373046875e-07,7.152557373046875e-07,2.384185791015625e-07
3874,4.76837158203125e-07,4.76837158203125e-07,0.0
3875,4.76837158203125e-07,4.76837158203125e-07,2.384185791015625e-07
3876,7.152557373046875e-07,4.76837158203125e-07,2.384185791015625e-07
3877,4.76837158203125e-07,4.76837158203125e-07,2.384185791015625e-07
3878,4.76837158203125e-07,4.76837158203125e-07,0.0
3879,7.152557373046875e-07,4.76837158203125e-07,2.384185791015625e-07
3880,9.5367431640625e-07,4.76837158203125e-07,2.384185791015625e-07
3881,4.76837158203125e-07,4.76837158203125e-07,2.384185791015625e-07
3882,4.76837158203125e-07,7.152557373046875e-07,0.0
3883,9.5367431640625e-07,7.152557373046875e-07,2.384185791015625e-07
3884,4.76837158203125e-07,4.76837158203125e-07,2.384185791015625e-07
3885,7.152557373046875e-07,4.76837158203125e-07,0.0
3886,4.76837158203125e-07,7.152557373046875e-07,2.384185791015625e-07
3887,4.76837158203125e-07,7.152557373046875e-07,2.384185791015625e-07
3888,7.152557373046875e-07,4.76837158203125e-07,2.384185791015625e-07
3889,4.76837158203125e-07,4.76837158203125e-07,0.0
3890,9.5367431640625e-07,4.76837158203125e-07,2.384185791015625e-07
3891,4.76837158203125e-07,7.152557373046875e-07,2.384185791015625e-07
3892,7.152557373046875e-07,4.76837158203125e-07,2.384185791015625e-07
3893,4.76837158203125e-07,4.76837158203125e-07,2.384185791015625e-07
3894,4.76837158203125e-07,4.76837158203125e-07,2.384185791015625e-07
3895,4.76837158203125e-07,4.76837158203125e-07,0.0
3896,4.76837158203125e-07,4.76837158203125e-07,0.0
3897,7.152557373046875e-07,4.76837158203125e-07,2.384185791015625e-07
3898,4.76837158203125e-07,4.76837158203125e-07,2.384185791015625e-07
3899,4.76837158203125e-07,4.76837158203125e-07,0.0
3900,7.152557373046875e-07,7.152557373046875e-07,2.384185791015625e-07
3901,7.152557373046875e-07,9.5367431640625e-07,2.384185791015625e-07
3902,4.76837158203125e-07,9.5367431640625e-07,0.0
3903,4.76837158203125e-07,7.152557373046875e-07,2.384185791015625e-07
3904,4.76837158203125e-07,7.152557373046875e-07,2.384185791015625e-07
3905,4.76837158203125e-07,4.76837158203125e-07,0.0
3906,4.76837158203125e-07,9.5367431640625e-07,2.384185791015625e-07
3907,7.152557373046875e-07,4.76837158203125e-07,2.384185791015625e-07
3908,4.76837158203125e-07,4.76837158203125e-07,0.0
3909,4.76837158203125e-07,7.152557373046875e-07,2.384185791015625e-07
3910,4.76837158203125e-07,4.76837158203125e-07,2.384185791015625e-07
3911,4.76837158203125e-07,4.76837158203125e-07,0.0
3912,4.76837158203125e-07,4.76837158203125e-07,2.384185791015625e-07
3913,4.76837158203125e-07,7.152557373046875e-07,2.384185791015625e-07
3914,9.5367431640625e-07,4.76837158203125e-07,2.384185791015625e-07
3915,4.76837158203125e-07,4.76837158203125e-07,2.384185791015625e-07
3916,4.76837158203125e-07,7.152557373046875e-07,0.0
3917,4.76837158203125e-07,7.152557373046875e-07,2.384185791015625e-07
3918,4.76837158203125e-07,4.76837158203125e-07,2.384185791015625e-07
3919,4.76837158203125e-07,4.76837158203125e-07,0.0
3920,4.76837158203125e-07,4.76837158203125e-07,4.76837158203125e-07
3921,7.152557373046875e-07,7.152557373046875e-07,2.384185791015625e-07
3922,4.76837158203125e-07,4.76837158203125e-07,0.0
3923,7.152557373046875e-07,4.76837158203125e-07,2.384185791015625e-07
3924,7.152557373046875e-07,4.76837158203125e-07,2.384185791015625e-07
3925,4.76837158203125e-07,4.76837158203125e-07,2.384185791015625e-07
3926,4.76837158203125e-07,4.76837158203125e-07,2.384185791015625e-07
3927,4.76837158203125e-07,4.76837158203125e-07,2.384185791015625e-07
3928,4.76837158203125e-07,4.76837158203125e-07,0.0
3929,4.76837158203125e-07,4.76837158203125e-07,2.384185791015625e-07
3930,4.76837158203125e-07,4.76837158203125e-07,2.384185791015625e-07
3931,4.76837158203125e-07,4.76837158203125e-07,0.0
3932,4.76837158203125e-07,4.76837158203125e-07,2.384185791015625e-07
3933,4.76837158203125e-07,4.76837158203125e-07,2.384185791015625e-07
3934,7.152557373046875e-07,4.76837158203125e-07,2.384185791015625e-07
3935,4.76837158203125e-07,4.76837158203125e-07,2.384185791015625e-07
3936,4.76837158203125e-07,4.76837158203125e-07,4.76837158203125e-07
3937,7.152557373046875e-07,7.152557373046875e-07,0.0
3938,4.76837158203125e-07,9.5367431640625e-07,2.384185791015625e-07
3939,4.76837158203125e-07,7.152557373046875e-07,2.384185791015625e-07
3940,4.76837158203125e-07,4.76837158203125e-07,0.0
3941,9.5367431640625e-07,4.76837158203125e-07,2.384185791015625e-07
3942,4.76837158203125e-07,4.76837158203125e-07,2.384185791015625e-07
3943,7.152557373046875e-07,4.76837158203125e-07,2.384185791015625e-07
3944,9.5367431640625e-07,4.76837158203125e-07,2.384185791015625e-07
3945,4.76837158203125e-07,4.76837158203125e-07,0.0
3946,7.152557373046875e-07,7.152557373046875e-07,2.384185791015625e-07
3947,4.76837158203125e-07,7.152557373046875e-07,2.384185791015625e-07
3948,4.76837158203125e-07,4.76837158203125e-07,2.384185791015625e-07
3949,4.76837158203125e-07,4.76837158203125e-07,2.384185791015625e-07
3950,7.152557373046875e-07,4.76837158203125e-07,0.0
3951,7.152557373046875e-07,7.152557373046875e-07,2.384185791015625e-07
3952,4.76837158203125e-07,4.76837158203125e-07,2.384185791015625e-07
3953,4.76837158203125e-07,4.76837158203125e-07,0.0
3954,4.76837158203125e-07,4.76837158203125e-07,2.384185791015625e-07
3955,4.76837158203125e-07,4.76837158203125e-07,0.0
3956,4.76837158203125e-07,4.76837158203125e-07,2.384185791015625e-07
3957,4.76837158203125e-07,4.76837158203125e-07,2.384185791015625e-07
3958,7.152557373046875e-07,4.76837158203125e-07,0.0
3959,4.76837158203125e-07,4.76837158203125e-07,2.384185791015625e-07
3960,4.76837158203125e-07,4.76837158203125e-07,2.384185791015625e-07
3961,4.76837158203125e-07,4.76837158203125e-07,0.0
3962,7.152557373046875e-07,7.152557373046875e-07,2.384185791015625e-07
3963,4.76837158203125e-07,4.76837158203125e-07,2.384185791015625e-07
3964,4.76837158203125e-07,7.152557373046875e-07,0.0
3965,7.152557373046875e-07,7.152557373046875e-07,2.384185791015625e-07
3966,4.76837158203125e-07,4.76837158203125e-07,2.384185791015625e-07
3967,4.76837158203125e-07,4.76837158203125e-07,2.384185791015625e-07
3968,7.152557373046875e-07,7.152557373046875e-07,2.384185791015625e-07
3969,4.76837158203125e-07,7.152557373046875e-07,4.76837158203125e-07
3970,4.76837158203125e-07,7.152557373046875e-07,0.0
3971,4.76837158203125e-07,7.152557373046875e-07,2.384185791015625e-07
3972,9.5367431640625e-07,9.5367431640625e-07,2.384185791015625e-07
3973,4.76837158203125e-07,4.76837158203125e-07,2.384185791015625e-07
3974,4.76837158203125e-07,4.76837158203125e-07,2.384185791015625e-07
3975,9.5367431640625e-07,4.76837158203125e-07,0.0
3976,4.76837158203125e-07,7.152557373046875e-07,0.0
3977,7.152557373046875e-07,7.152557373046875e-07,2.384185791015625e-07
3978,7.152557373046875e-07,7.152557373046875e-07,2.384185791015625e-07
3979,4.76837158203125e-07,7.152557373046875e-07,0.0
3980,4.76837158203125e-07,4.76837158203125e-07,2.384185791015625e-07
3981,4.76837158203125e-07,4.76837158203125e-07,2.384185791015625e-07
3982,7.152557373046875e-07,7.152557373046875e-07,2.384185791015625e-07
3983,4.76837158203125e-07,4.76837158203125e-07,2.384185791015625e-07
3984,4.76837158203125e-07,7.152557373046875e-07,2.384185791015625e-07
3985,4.76837158203125e-07,7.152557373046875e-07,0.0
3986,4.76837158203125e-07,7.152557373046875e-07,2.384185791015625e-07
3987,7.152557373046875e-07,7.152557373046875e-07,2.384185791015625e-07
3988,7.152557373046875e-07,4.76837158203125e-07,0.0
3989,9.5367431640625e-07,4.76837158203125e-07,2.384185791015625e-07
3990,7.152557373046875e-07,4.76837158203125e-07,2.384185791015625e-07
3991,4.76837158203125e-07,4.76837158203125e-07,2.384185791015625e-07
3992,4.76837158203125e-07,7.152557373046875e-07,2.384185791015625e-07
3993,4.76837158203125e-07,4.76837158203125e-07,0.0
3994,4.76837158203125e-07,4.76837158203125e-07,4.76837158203125e-07
3995,4.76837158203125e-07,7.152557373046875e-07,2.384185791015625e-07
3996,7.152557373046875e-07,7.152557373046875e-07,0.0
3997,4.76837158203125e-07,4.76837158203125e-07,2.384185791015625e-07
3998,7.152557373046875e-07,4.76837158203125e-07,2.384185791015625e-07
3999,4.76837158203125e-07,7.152557373046875e-07,0.0
4000,7.152557373046875e-07,7.152557373046875e-07,2.384185791015625e-07
4001,4.76837158203125e-07,4.76837158203125e-07,2.384185791015625e-07
4002,7.152557373046875e-07,4.76837158203125e-07,2.384185791015625e-07
4003,4.76837158203125e-07,4.76837158203125e-07,2.384185791015625e-07
4004,7.152557373046875e-07,4.76837158203125e-07,2.384185791015625e-07
4005,7.152557373046875e-07,7.152557373046875e-07,0.0
4006,4.76837158203125e-07,4.76837158203125e-07,2.384185791015625e-07
4007,4.76837158203125e-07,4.76837158203125e-07,4.76837158203125e-07
4008,4.76837158203125e-07,4.76837158203125e-07,0.0
4009,4.76837158203125e-07,4.76837158203125e-07,2.384185791015625e-07
4010,4.76837158203125e-07,4.76837158203125e-07,2.384185791015625e-07
4011,7.152557373046875e-07,7.152557373046875e-07,0.0
4012,7.152557373046875e-07,4.76837158203125e-07,2.384185791015625e-07
4013,4.76837158203125e-07,4.76837158203125e-07,2.384185791015625e-07
4014,7.152557373046875e-07,7.152557373046875e-07,2.384185791015625e-07
4015,4.76837158203125e-07,4.76837158203125e-07,2.384185791015625e-07
4016,4.76837158203125e-07,4.76837158203125e-07,2.384185791015625e-07
4017,4.76837158203125e-07,7.152557373046875e-07,2.384185791015625e-07
4018,4.76837158203125e-07,7.152557373046875e-07,2.384185791015625e-07
4019,7.152557373046875e-07,7.152557373046875e-07,0.0
4020,4.76837158203125e-07,7.152557373046875e-07,2.384185791015625e-07
4021,4.76837158203125e-07,7.152557373046875e-07,2.384185791015625e-07
4022,9.5367431640625e-07,4.76837158203125e-07,0.0
4023,4.76837158203125e-07,4.76837158203125e-07,2.384185791015625e-07
4024,4.76837158203125e-07,7.152557373046875e-07,0.0
4025,4.76837158203125e-07,4.76837158203125e-07,2.384185791015625e-07
4026,7.152557373046875e-07,4.76837158203125e-07,2.384185791015625e-07
4027,4.76837158203125e-07,4.76837158203125e-07,2.384185791015625e-07
4028,4.76837158203125e-07,4.76837158203125e-07,2.384185791015625e-07
4029,4.76837158203125e-07,7.152557373046875e-07,0.0
4030,4.76837158203125e-07,4.76837158203125e-07,2.384185791015625e-07
4031,4.76837158203125e-07,4.76837158203125e-07,2.384185791015625e-07
4032,4.76837158203125e-07,7.152557373046875e-07,2.384185791015625e-07
4033,7.152557373046875e-07,4.76837158203125e-07,2.384185791015625e-07
4034,7.152557373046875e-07,4.76837158203125e-07,0.0
4035,4.76837158203125e-07,7.152557373046875e-07,2.384185791015625e-07
4036,4.76837158203125e-07,7.152557373046875e-07,0.0
4037,4.76837158203125e-07,7.152557373046875e-07,2.384185791015625e-07
4038,4.76837158203125e-07,7.152557373046875e-07,2.384185791015625e-07
4039,4.76837158203125e-07,4.76837158203125e-07,0.0
4040,7.152557373046875e-07,4.76837158203125e-07,2.384185791015625e-07
4041,7.152557373046875e-07,4.76837158203125e-07,2.384185791015625e-07
4042,4.76837158203125e-07,7.152557373046875e-07,2.384185791015625e-07
4043,4.76837158203125e-07,7.152557373046875e-07,2.384185791015625e-07
4044,4.76837158203125e-07,4.76837158203125e-07,0.0
4045,4.76837158203125e-07,7.152557373046875e-07,0.0
4046,4.76837158203125e-07,9.5367431640625e-07,2.384185791015625e-07
4047,7.152557373046875e-07,7.152557373046875e-07,2.384185791015625e-07
4048,4.76837158203125e-07,7.152557373046875e-07,2.384185791015625e-07
4049,4.76837158203125e-07,7.152557373046875e-07,4.76837158203125e-07
4050,7.152557373046875e-07,7.152557373046875e-07,2.384185791015625e-07
4051,4.76837158203125e-07,7.152557373046875e-07,0.0
4052,4.76837158203125e-07,7.152557373046875e-07,2.384185791015625e-07
4053,4.76837158203125e-07,4.76837158203125e-07,0.0
4054,9.5367431640625e-07,9.5367431640625e-07,2.384185791015625e-07
4055,7.152557373046875e-07,7.152557373046875e-07,2.384185791015625e-07
4056,4.76837158203125e-07,4.76837158203125e-07,0.0
4057,4.76837158203125e-07,4.76837158203125e-07,4.76837158203125e-07
4058,4.76837158203125e-07,4.76837158203125e-07,0.0
4059,4.76837158203125e-07,7.152557373046875e-07,2.384185791015625e-07
4060,4.76837158203125e-07,4.76837158203125e-07,2.384185791015625e-07
4061,7.152557373046875e-07,4.76837158203125e-07,0.0
4062,4.76837158203125e-07,7.152557373046875e-07,2.384185791015625e-07
4063,4.76837158203125e-07,4.76837158203125e-07,0.0
4064,9.5367431640625e-07,7.152557373046875e-07,2.384185791015625e-07
4065,4.76837158203125e-07,4.76837158203125e-07,2.384185791015625e-07
4066,4.76837158203125e-07,7.152557373046875e-07,0.0
4067,4.76837158203125e-07,7.152557373046875e-07,2.384185791015625e-07
4068,7.152557373046875e-07,4.76837158203125e-07,0.0
4069,4.76837158203125e-07,4.76837158203125e-07,2.384185791015625e-07
4070,4.76837158203125e-07,4.76837158203125e-07,2.384185791015625e-07
4071,9.5367431640625e-07,4.76837158203125e-07,0.0
4072,7.152557373046875e-07,7.152557373046875e-07,2.384185791015625e-07
4073,4.76837158203125e-07,7.152557373046875e-07,2.384185791015625e-07
4074,4.76837158203125e-07,4.76837158203125e-07,2.384185791015625e-07
4075,7.152557373046875e-07,4.76837158203125e-07,2.384185791015625e-07
4076,4.76837158203125e-07,4.76837158203125e-07,0.0
4077,4.76837158203125e-07,4.76837158203125e-07,2.384185791015625e-07
4078,7.152557373046875e-07,7.152557373046875e-07,2.384185791015625e-07
4079,4.76837158203125e-07,7.152557373046875e-07,2.384185791015625e-07
4080,4.76837158203125e-07,7.152557373046875e-07,2.384185791015625e-07
4081,4.76837158203125e-07,4.76837158203125e-07,0.0
4082,4.76837158203125e-07,4.76837158203125e-07,2.384185791015625e-07
4083,4.76837158203125e-07,4.76837158203125e-07,2.384185791015625e-07
4084,4.76837158203125e-07,4.76837158203125e-07,0.0
4085,7.152557373046875e-07,4.76837158203125e-07,2.384185791015625e-07
4086,4.76837158203125e-07,4.76837158203125e-07,2.384185791015625e-07
4087,4.76837158203125e-07,4.76837158203125e-07,2.384185791015625e-07
4088,4.76837158203125e-07,4.76837158203125e-07,2.384185791015625e-07
4089,4.76837158203125e-07,4.76837158203125e-07,2.384185791015625e-07
4090,4.76837158203125e-07,4.76837158203125e-07,0.0
4091,4.76837158203125e-07,4.76837158203125e-07,4.76837158203125e-07
4092,7.152557373046875e-07,4.76837158203125e-07,2.384185791015625e-07
4093,4.76837158203125e-07,4.76837158203125e-07,2.384185791015625e-07
4094,4.76837158203125e-07,4.76837158203125e-07,2.384185791015625e-07
4095,4.76837158203125e-07,9.5367431640625e-07,0.0
4096,4.76837158203125e-07,4.76837158203125e-07,2.384185791015625e-07
4097,7.152557373046875e-07,7.152557373046875e-07,2.384185791015625e-07
4098,4.76837158203125e-07,9.5367431640625e-07,2.384185791015625e-07
4099,7.152557373046875e-07,7.152557373046875e-07,4.76837158203125e-07
4100,4.76837158203125e-07,7.152557373046875e-07,0.0
4101,4.76837158203125e-07,7.152557373046875e-07,2.384185791015625e-07
4102,7.152557373046875e-07,7.152557373046875e-07,0.0
4103,7.152557373046875e-07,7.152557373046875e-07,2.384185791015625e-07
4104,7.152557373046875e-07,7.152557373046875e-07,2.384185791015625e-07
4105,4.76837158203125e-07,7.152557373046875e-07,2.384185791015625e-07
4106,7.152557373046875e-07,7.152557373046875e-07,2.384185791015625e-07
4107,4.76837158203125e-07,9.5367431640625e-07,2.384185791015625e-07
4108,4.76837158203125e-07,7.152557373046875e-07,0.0
4109,7.152557373046875e-07,4.76837158203125e-07,2.384185791015625e-07
4110,7.152557373046875e-07,4.76837158203125e-07,2.384185791015625e-07
4111,4.76837158203125e-07,7.152557373046875e-07,2.384185791015625e-07
4112,4.76837158203125e-07,4.76837158203125e-07,2.384185791015625e-07
4113,7.152557373046875e-07,4.76837158203125e-07,0.0
4114,4.76837158203125e-07,4.76837158203125e-07,2.384185791015625e-07
4115,4.76837158203125e-07,4.76837158203125e-07,2.384185791015625e-07
4116,4.76837158203125e-07,4.76837158203125e-07,4.76837158203125e-07
4117,4.76837158203125e-07,4.76837158203125e-07,2.384185791015625e-07
4118,4.76837158203125e-07,7.152557373046875e-07,0.0
4119,4.76837158203125e-07,4.76837158203125e-07,2.384185791015625e-07
4120,4.76837158203125e-07,4.76837158203125e-07,2.384185791015625e-07
4121,7.152557373046875e-07,4.76837158203125e-07,0.0
4122,7.152557373046875e-07,7.152557373046875e-07,2.384185791015625e-07
4123,4.76837158203125e-07,4.76837158203125e-07,2.384185791015625e-07
4124,4.76837158203125e-07,7.152557373046875e-07,0.0
4125,4.76837158203125e-07,4.76837158203125e-07,2.384185791015625e-07
4126,4.76837158203125e-07,4.76837158203125e-07,0.0
4127,4.76837158203125e-07,4.76837158203125e-07,2.384185791015625e-07
4128,4.76837158203125e-07,7.152557373046875e-07,2.384185791015625e-07
4129,4.76837158203125e-07,4.76837158203125e-07,0.0
4130,7.152557373046875e-07,4.76837158203125e-07,0.0
4131,4.76837158203125e-07,4.76837158203125e-07,2.384185791015625e-07
4132,4.76837158203125e-07,7.152557373046875e-07,0.0
4133,4.76837158203125e-07,4.76837158203125e-07,2.384185791015625e-07
4134,4.76837158203125e-07,7.152557373046875e-07,2.384185791015625e-07
4135,7.152557373046875e-07,7.152557373046875e-07,2.384185791015625e-07
4136,7.152557373046875e-07,4.76837158203125e-07,2.384185791015625e-07
4137,9.5367431640625e-07,4.76837158203125e-07,2.384185791015625e-07
4138,7.152557373046875e-07,4.76837158203125e-07,2.384185791015625e-07
4139,4.76837158203125e-07,4.76837158203125e-07,0.0
4140,4.76837158203125e-07,4.76837158203125e-07,2.384185791015625e-07
4141,4.76837158203125e-07,9.5367431640625e-07,2.384185791015625e-07
4142,4.76837158203125e-07,4.76837158203125e-07,2.384185791015625e-07
4143,4.76837158203125e-07,7.152557373046875e-07,2.384185791015625e-07
4144,7.152557373046875e-07,7.152557373046875e-07,2.384185791015625e-07
4145,4.76837158203125e-07,7.152557373046875e-07,0.0
4146,4.76837158203125e-07,7.152557373046875e-07,0.0
4147,9.5367431640625e-07,7.152557373046875e-07,2.384185791015625e-07
4148,7.152557373046875e-07,7.152557373046875e-07,4.76837158203125e-07
4149,4.76837158203125e-07,7.152557373046875e-07,2.384185791015625e-07
4150,7.152557373046875e-07,4.76837158203125e-07,2.384185791015625e-07
4151,7.152557373046875e-07,4.76837158203125e-07,2.384185791015625e-07
4152,4.76837158203125e-07,7.152557373046875e-07,2.384185791015625e-07
4153,4.76837158203125e-07,4.76837158203125e-07,2.384185791015625e-07
4154,7.152557373046875e-07,7.152557373046875e-07,0.0
4155,4.76837158203125e-07,4.76837158203125e-07,2.384185791015625e-07
4156,4.76837158203125e-07,4.76837158203125e-07,0.0
4157,7.152557373046875e-07,4.76837158203125e-07,4.76837158203125e-07
4158,9.5367431640625e-07,4.76837158203125e-07,2.384185791015625e-07
4159,4.76837158203125e-07,4.76837158203125e-07,2.384185791015625e-07
4160,4.76837158203125e-07,4.76837158203125e-07,0.0
4161,7.152557373046875e-07,4.76837158203125e-07,2.384185791015625e-07
4162,4.76837158203125e-07,4.76837158203125e-07,0.0
4163,4.76837158203125e-07,4.76837158203125e-07,2.384185791015625e-07
4164,4.76837158203125e-07,4.76837158203125e-07,2.384185791015625e-07
4165,9.5367431640625e-07,7.152557373046875e-07,2.384185791015625e-07
4166,4.76837158203125e-07,4.76837158203125e-07,2.384185791015625e-07
4167,4.76837158203125e-07,4.76837158203125e-07,2.384185791015625e-07
4168,7.152557373046875e-07,7.152557373046875e-07,0.0
4169,4.76837158203125e-07,7.152557373046875e-07,2.384185791015625e-07
4170,7.152557373046875e-07,4.76837158203125e-07,2.384185791015625e-07
4171,4.76837158203125e-07,4.76837158203125e-07,2.384185791015625e-07
4172,4.76837158203125e-07,4.76837158203125e-07,2.384185791015625e-07
4173,4.76837158203125e-07,4.76837158203125e-07,0.0
4174,4.76837158203125e-07,7.152557373046875e-07,2.384185791015625e-07
4175,9.5367431640625e-07,4.76837158203125e-07,2.384185791015625e-07
4176,7.152557373046875e-07,4.76837158203125e-07,0.0
4177,7.152557373046875e-07,4.76837158203125e-07,2.384185791015625e-07
4178,7.152557373046875e-07,7.152557373046875e-07,2.384185791015625e-07
4179,4.76837158203125e-07,7.152557373046875e-07,2.384185791015625e-07
4180,4.76837158203125e-07,7.152557373046875e-07,2.384185791015625e-07
4181,4.76837158203125e-07,4.76837158203125e-07,0.0
4182,7.152557373046875e-07,4.76837158203125e-07,2.384185791015625e-07
4183,4.76837158203125e-07,4.76837158203125e-07,0.0
4184,4.76837158203125e-07,4.76837158203125e-07,2.384185791015625e-07
4185,4.76837158203125e-07,9.5367431640625e-07,2.384185791015625e-07
4186,4.76837158203125e-07,9.5367431640625e-07,0.0
4187,7.152557373046875e-07,7.152557373046875e-07,2.384185791015625e-07
4188,7.152557373046875e-07,7.152557373046875e-07,2.384185791015625e-07
4189,7.152557373046875e-07,9.5367431640625e-07,2.384185791015625e-07
4190,4.76837158203125e-07,7.152557373046875e-07,2.384185791015625e-07
4191,4.76837158203125e-07,7.152557373046875e-07,0.0
4192,4.76837158203125e-07,7.152557373046875e-07,2.384185791015625e-07
4193,4.76837158203125e-07,7.152557373046875e-07,2.384185791015625e-07
4194,7.152557373046875e-07,4.76837158203125e-07,0.0
4195,4.76837158203125e-07,9.5367431640625e-07,2.384185791015625e-07
4196,7.152557373046875e-07,4.76837158203125e-07,2.384185791015625e-07
4197,4.76837158203125e-07,4.76837158203125e-07,2.384185791015625e-07
4198,4.76837158203125e-07,7.152557373046875e-07,4.76837158203125e-07
4199,4.76837158203125e-07,4.76837158203125e-07,0.0
4200,4.76837158203125e-07,7.152557373046875e-07,2.384185791015625e-07
4201,4.76837158203125e-07,4.76837158203125e-07,0.0
4202,4.76837158203125e-07,9.5367431640625e-07,2.384185791015625e-07
4203,7.152557373046875e-07,7.152557373046875e-07,2.384185791015625e-07
4204,4.76837158203125e-07,4.76837158203125e-07,2.384185791015625e-07
4205,4.76837158203125e-07,4.76837158203125e-07,2.384185791015625e-07
4206,4.76837158203125e-07,4.76837158203125e-07,0.0
4207,7.152557373046875e-07,4.76837158203125e-07,2.384185791015625e-07
4208,4.76837158203125e-07,7.152557373046875e-07,0.0
4209,4.76837158203125e-07,7.152557373046875e-07,2.384185791015625e-07
4210,7.152557373046875e-07,4.76837158203125e-07,2.384185791015625e-07
4211,7.152557373046875e-07,4.76837158203125e-07,2.384185791015625e-07
4212,7.152557373046875e-07,4.76837158203125e-07,2.384185791015625e-07
4213,4.76837158203125e-07,4.76837158203125e-07,0.0
4214,7.152557373046875e-07,4.76837158203125e-07,2.384185791015625e-07
4215,4.76837158203125e-07,4.76837158203125e-07,4.76837158203125e-07
4216,4.76837158203125e-07,4.76837158203125e-07,2.384185791015625e-07
4217,7.152557373046875e-07,4.76837158203125e-07,2.384185791015625e-07
4218,4.76837158203125e-07,7.152557373046875e-07,2.384185791015625e-07
4219,4.76837158203125e-07,4.76837158203125e-07,0.0
4220,4.76837158203125e-07,4.76837158203125e-07,2.384185791015625e-07
4221,4.76837158203125e-07,4.76837158203125e-07,2.384185791015625e-07
4222,4.76837158203125e-07,4.76837158203125e-07,2.384185791015625e-07
4223,7.152557373046875e-07,4.76837158203125e-07,4.76837158203125e-07
4224,7.152557373046875e-07,4.76837158203125e-07,0.0
4225,4.76837158203125e-07,4.76837158203125e-07,2.384185791015625e-07
4226,4.76837158203125e-07,7.152557373046875e-07,2.384185791015625e-07
4227,4.76837158203125e-07,4.76837158203125e-07,0.0
4228,4.76837158203125e-07,4.76837158203125e-07,2.384185791015625e-07
4229,4.76837158203125e-07,7.152557373046875e-07,2.384185791015625e-07
4230,4.76837158203125e-07,4.76837158203125e-07,2.384185791015625e-07
4231,7.152557373046875e-07,4.76837158203125e-07,2.384185791015625e-07
4232,4.76837158203125e-07,4.76837158203125e-07,2.384185791015625e-07
4233,7.152557373046875e-07,4.76837158203125e-07,2.384185791015625e-07
4234,9.5367431640625e-07,4.76837158203125e-07,2.384185791015625e-07
4235,4.76837158203125e-07,7.152557373046875e-07,2.384185791015625e-07
4236,7.152557373046875e-07,4.76837158203125e-07,0.0
4237,4.76837158203125e-07,4.76837158203125e-07,2.384185791015625e-07
4238,9.5367431640625e-07,7.152557373046875e-07,0.0
4239,4.76837158203125e-07,7.152557373046875e-07,2.384185791015625e-07
4240,4.76837158203125e-07,4.76837158203125e-07,2.384185791015625e-07
4241,7.152557373046875e-07,4.76837158203125e-07,0.0
4242,4.76837158203125e-07,4.76837158203125e-07,2.384185791015625e-07
4243,4.76837158203125e-07,4.76837158203125e-07,0.0
4244,4.76837158203125e-07,7.152557373046875e-07,2.384185791015625e-07
4245,9.5367431640625e-07,4.76837158203125e-07,2.384185791015625e-07
4246,4.76837158203125e-07,4.76837158203125e-07,0.0
4247,4.76837158203125e-07,7.152557373046875e-07,2.384185791015625e-07
4248,9.5367431640625e-07,4.76837158203125e-07,4.76837158203125e-07
4249,4.76837158203125e-07,4.76837158203125e-07,0.0
4250,4.76837158203125e-07,4.76837158203125e-07,2.384185791015625e-07
4251,7.152557373046875e-07,9.5367431640625e-07,2.384185791015625e-07
4252,4.76837158203125e-07,7.152557373046875e-07,0.0
4253,4.76837158203125e-07,7.152557373046875e-07,2.384185791015625e-07
4254,4.76837158203125e-07,7.152557373046875e-07,2.384185791015625e-07
4255,7.152557373046875e-07,7.152557373046875e-07,2.384185791015625e-07
4256,4.76837158203125e-07,9.5367431640625e-07,0.0
4257,4.76837158203125e-07,7.152557373046875e-07,2.384185791015625e-07
4258,4.76837158203125e-07,4.76837158203125e-07,2.384185791015625e-07
4259,4.76837158203125e-07,7.152557373046875e-07,0.0
4260,4.76837158203125e-07,4.76837158203125e-07,2.384185791015625e-07
4261,4.76837158203125e-07,7.152557373046875e-07,2.384185791015625e-07
4262,7.152557373046875e-07,4.76837158203125e-07,0.0
4263,4.76837158203125e-07,7.152557373046875e-07,2.384185791015625e-07
4264,4.76837158203125e-07,4.76837158203125e-07,4.76837158203125e-07
4265,7.152557373046875e-07,7.152557373046875e-07,0.0
4266,4.76837158203125e-07,4.76837158203125e-07,2.384185791015625e-07
4267,4.76837158203125e-07,4.76837158203125e-07,2.384185791015625e-07
4268,4.76837158203125e-07,4.76837158203125e-07,2.384185791015625e-07
4269,4.76837158203125e-07,4.76837158203125e-07,2.384185791015625e-07
4270,4.76837158203125e-07,7.152557373046875e-07,0.0
4271,4.76837158203125e-07,7.152557373046875e-07,2.384185791015625e-07
4272,7.152557373046875e-07,4.76837158203125e-07,2.384185791015625e-07
4273,4.76837158203125e-07,4.76837158203125e-07,0.0
4274,4.76837158203125e-07,4.76837158203125e-07,2.384185791015625e-07
4275,4.76837158203125e-07,4.76837158203125e-07,2.384185791015625e-07
4276,4.76837158203125e-07,4.76837158203125e-07,2.384185791015625e-07
4277,4.76837158203125e-07,4.76837158203125e-07,2.384185791015625e-07
4278,4.76837158203125e-07,4.76837158203125e-07,2.384185791015625e-07
4279,7.152557373046875e-07,4.76837158203125e-07,0.0
4280,7.152557373046875e-07,4.76837158203125e-07,0.0
4281,7.152557373046875e-07,4.76837158203125e-07,2.384185791015625e-07
4282,7.152557373046875e-07,4.76837158203125e-07,2.384185791015625e-07
4283,7.152557373046875e-07,4.76837158203125e-07,0.0
4284,7.152557373046875e-07,4.76837158203125e-07,2.384185791015625e-07
4285,4.76837158203125e-07,4.76837158203125e-07,2.384185791015625e-07
4286,9.5367431640625e-07,4.76837158203125e-07,2.384185791015625e-07
4287,4.76837158203125e-07,7.152557373046875e-07,0.0
4288,4.76837158203125e-07,7.152557373046875e-07,2.384185791015625e-07
4289,7.152557373046875e-07,4.76837158203125e-07,2.384185791015625e-07
4290,4.76837158203125e-07,4.76837158203125e-07,2.384185791015625e-07
4291,4.76837158203125e-07,4.76837158203125e-07,2.384185791015625e-07
4292,4.76837158203125e-07,4.76837158203125e-07,2.384185791015625e-07
4293,9.5367431640625e-07,4.76837158203125e-07,0.0
4294,4.76837158203125e-07,7.152557373046875e-07,2.384185791015625e-07
4295,4.76837158203125e-07,4.76837158203125e-07,2.384185791015625e-07
4296,7.152557373046875e-07,4.76837158203125e-07,0.0
4297,4.76837158203125e-07,4.76837158203125e-07,2.384185791015625e-07
4298,4.76837158203125e-07,4.76837158203125e-07,2.384185791015625e-07
4299,4.76837158203125e-07,4.76837158203125e-07,2.384185791015625e-07
4300,4.76837158203125e-07,4.76837158203125e-07,2.384185791015625e-07
4301,4.76837158203125e-07,4.76837158203125e-07,2.384185791015625e-07
4302,4.76837158203125e-07,4.76837158203125e-07,2.384185791015625e-07
4303,7.152557373046875e-07,4.76837158203125e-07,2.384185791015625e-07
4304,4.76837158203125e-07,4.76837158203125e-07,0.0
4305,4.76837158203125e-07,4.76837158203125e-07,4.76837158203125e-07
4306,4.76837158203125e-07,4.76837158203125e-07,2.384185791015625e-07
4307,4.76837158203125e-07,4.76837158203125e-07,0.0
4308,4.76837158203125e-07,7.152557373046875e-07,0.0
4309,7.152557373046875e-07,4.76837158203125e-07,0.0
4310,9.5367431640625e-07,4.76837158203125e-07,2.384185791015625e-07
4311,4.76837158203125e-07,4.76837158203125e-07,2.384185791015625e-07
4312,4.76837158203125e-07,4.76837158203125e-07,0.0
4313,4.76837158203125e-07,4.76837158203125e-07,2.384185791015625e-07
4314,7.152557373046875e-07,4.76837158203125e-07,2.384185791015625e-07
4315,7.152557373046875e-07,4.76837158203125e-07,0.0
4316,4.76837158203125e-07,4.76837158203125e-07,2.384185791015625e-07
4317,7.152557373046875e-07,4.76837158203125e-07,0.0
4318,7.152557373046875e-07,7.152557373046875e-07,2.384185791015625e-07
4319,4.76837158203125e-07,7.152557373046875e-07,2.384185791015625e-07
4320,7.152557373046875e-07,7.152557373046875e-07,2.384185791015625e-07
4321,4.76837158203125e-07,4.76837158203125e-07,2.384185791015625e-07
4322,4.76837158203125e-07,4.76837158203125e-07,4.76837158203125e-07
4323,4.76837158203125e-07,4.76837158203125e-07,2.384185791015625e-07
4324,4.76837158203125e-07,7.152557373046875e-07,2.384185791015625e-07
4325,7.152557373046875e-07,7.152557373046875e-07,0.0
4326,4.76837158203125e-07,4.76837158203125e-07,2.384185791015625e-07
4327,7.152557373046875e-07,4.76837158203125e-07,2.384185791015625e-07
4328,4.76837158203125e-07,7.152557373046875e-07,0.0
4329,4.76837158203125e-07,9.5367431640625e-07,4.76837158203125e-07
4330,4.76837158203125e-07,7.152557373046875e-07,2.384185791015625e-07
4331,4.76837158203125e-07,7.152557373046875e-07,2.384185791015625e-07
4332,4.76837158203125e-07,9.5367431640625e-07,2.384185791015625e-07
4333,7.152557373046875e-07,9.5367431640625e-07,2.384185791015625e-07
4334,7.152557373046875e-07,9.5367431640625e-07,0.0
4335,4.76837158203125e-07,4.76837158203125e-07,2.384185791015625e-07
4336,4.76837158203125e-07,4.76837158203125e-07,0.0
4337,4.76837158203125e-07,4.76837158203125e-07,4.76837158203125e-07
4338,4.76837158203125e-07,7.152557373046875e-07,2.384185791015625e-07
4339,4.76837158203125e-07,7.152557373046875e-07,0.0
4340,4.76837158203125e-07,4.76837158203125e-07,2.384185791015625e-07
4341,7.152557373046875e-07,4.76837158203125e-07,2.384185791015625e-07
4342,4.76837158203125e-07,4.76837158203125e-07,0.0
4343,4.76837158203125e-07,4.76837158203125e-07,2.384185791015625e-07
4344,7.152557373046875e-07,4.76837158203125e-07,2.384185791015625e-07
4345,4.76837158203125e-07,4.76837158203125e-07,0.0
4346,4.76837158203125e-07,7.152557373046875e-07,2.384185791015625e-07
4347,4.76837158203125e-07,4.76837158203125e-07,2.384185791015625e-07
4348,4.76837158203125e-07,4.76837158203125e-07,0.0
4349,4.76837158203125e-07,4.76837158203125e-07,2.384185791015625e-07
4350,4.76837158203125e-07,4.76837158203125e-07,2.384185791015625e-07
4351,4.76837158203125e-07,7.152557373046875e-07,0.0
4352,4.76837158203125e-07,4.76837158203125e-07,2.384185791015625e-07
4353,4.76837158203125e-07,4.76837158203125e-07,4.76837158203125e-07
4354,7.152557373046875e-07,4.76837158203125e-07,0.0
4355,7.152557373046875e-07,4.76837158203125e-07,2.384185791015625e-07
4356,4.76837158203125e-07,4.76837158203125e-07,2.384185791015625e-07
4357,4.76837158203125e-07,4.76837158203125e-07,0.0
4358,7.152557373046875e-07,4.76837158203125e-07,2.384185791015625e-07
4359,4.76837158203125e-07,4.76837158203125e-07,2.384185791015625e-07
4360,4.76837158203125e-07,4.76837158203125e-07,0.0
4361,7.152557373046875e-07,4.76837158203125e-07,2.384185791015625e-07
4362,4.76837158203125e-07,4.76837158203125e-07,2.384185791015625e-07
4363,4.76837158203125e-07,4.76837158203125e-07,2.384185791015625e-07
4364,7.152557373046875e-07,7.152557373046875e-07,0.0
4365,4.76837158203125e-07,4.76837158203125e-07,2.384185791015625e-07
4366,4.76837158203125e-07,7.152557373046875e-07,2.384185791015625e-07
4367,7.152557373046875e-07,7.152557373046875e-07,0.0
4368,9.5367431640625e-07,7.152557373046875e-07,2.384185791015625e-07
4369,4.76837158203125e-07,9.5367431640625e-07,4.76837158203125e-07
4370,4.76837158203125e-07,9.5367431640625e-07,0.0
4371,4.76837158203125e-07,7.152557373046875e-07,2.384185791015625e-07
4372,4.76837158203125e-07,4.76837158203125e-07,2.384185791015625e-07
4373,4.76837158203125e-07,4.76837158203125e-07,0.0
4374,4.76837158203125e-07,7.152557373046875e-07,2.384185791015625e-07
4375,4.76837158203125e-07,4.76837158203125e-07,2.384185791015625e-07
4376,4.76837158203125e-07,4.76837158203125e-07,2.384185791015625e-07
4377,4.76837158203125e-07,4.76837158203125e-07,2.384185791015625e-07
4378,7.152557373046875e-07,7.152557373046875e-07,0.0
4379,4.76837158203125e-07,4.76837158203125e-07,2.384185791015625e-07
4380,4.76837158203125e-07,4.76837158203125e-07,2.384185791015625e-07
4381,4.76837158203125e-07,4.76837158203125e-07,2.384185791015625e-07
4382,4.76837158203125e-07,7.152557373046875e-07,2.384185791015625e-07
4383,4.76837158203125e-07,7.152557373046875e-07,2.384185791015625e-07
4384,4.76837158203125e-07,4.76837158203125e-07,0.0
4385,7.152557373046875e-07,4.76837158203125e-07,2.384185791015625e-07
4386,4.76837158203125e-07,7.152557373046875e-07,2.384185791015625e-07
4387,4.76837158203125e-07,4.76837158203125e-07,2.384185791015625e-07
4388,4.76837158203125e-07,7.152557373046875e-07,0.0
4389,4.76837158203125e-07,4.76837158203125e-07,2.384185791015625e-07
4390,4.76837158203125e-07,4.76837158203125e-07,2.384185791015625e-07
4391,4.76837158203125e-07,7.152557373046875e-07,2.384185791015625e-07
4392,7.152557373046875e-07,7.152557373046875e-07,2.384185791015625e-07
4393,7.152557373046875e-07,4.76837158203125e-07,2.384185791015625e-07
4394,4.76837158203125e-07,4.76837158203125e-07,0.0
4395,4.76837158203125e-07,4.76837158203125e-07,2.384185791015625e-07
4396,7.152557373046875e-07,7.152557373046875e-07,2.384185791015625e-07
4397,7.152557373046875e-07,4.76837158203125e-07,2.384185791015625e-07
4398,4.76837158203125e-07,4.76837158203125e-07,0.0
4399,7.152557373046875e-07,4.76837158203125e-07,2.384185791015625e-07
4400,7.152557373046875e-07,4.76837158203125e-07,2.384185791015625e-07
4401,4.76837158203125e-07,7.152557373046875e-07,0.0
4402,4.76837158203125e-07,4.76837158203125e-07,4.76837158203125e-07
4403,4.76837158203125e-07,4.76837158203125e-07,2.384185791015625e-07
4404,7.152557373046875e-07,4.76837158203125e-07,2.384185791015625e-07
4405,4.76837158203125e-07,9.5367431640625e-07,2.384185791015625e-07
4406,4.76837158203125e-07,4.76837158203125e-07,0.0
4407,4.76837158203125e-07,7.152557373046875e-07,2.384185791015625e-07
4408,4.76837158203125e-07,7.152557373046875e-07,2.384185791015625e-07
4409,7.152557373046875e-07,4.76837158203125e-07,0.0
4410,4.76837158203125e-07,7.152557373046875e-07,4.76837158203125e-07
4411,7.152557373046875e-07,9.5367431640625e-07,2.384185791015625e-07
4412,4.76837158203125e-07,7.152557373046875e-07,0.0
4413,7.152557373046875e-07,7.152557373046875e-07,2.384185791015625e-07
4414,4.76837158203125e-07,7.152557373046875e-07,2.384185791015625e-07
4415,7.152557373046875e-07,9.5367431640625e-07,0.0
4416,7.152557373046875e-07,7.152557373046875e-07,2.384185791015625e-07
4417,4.76837158203125e-07,4.76837158203125e-07,0.0
4418,7.152557373046875e-07,4.76837158203125e-07,4.76837158203125e-07
4419,4.76837158203125e-07,4.76837158203125e-07,0.0
4420,4.76837158203125e-07,4.76837158203125e-07,2.384185791015625e-07
4421,4.76837158203125e-07,4.76837158203125e-07,2.384185791015625e-07
4422,4.76837158203125e-07,7.152557373046875e-07,2.384185791015625e-07
4423,7.152557373046875e-07,7.152557373046875e-07,2.384185791015625e-07
4424,4.76837158203125e-07,4.76837158203125e-07,0.0
4425,4.76837158203125e-07,4.76837158203125e-07,2.384185791015625e-07
4426,7.152557373046875e-07,4.76837158203125e-07,2.384185791015625e-07
4427,7.152557373046875e-07,4.76837158203125e-07,0.0
4428,7.152557373046875e-07,4.76837158203125e-07,2.384185791015625e-07
4429,7.152557373046875e-07,4.76837158203125e-07,2.384185791015625e-07
4430,9.5367431640625e-07,4.76837158203125e-07,2.384185791015625e-07
4431,4.76837158203125e-07,4.76837158203125e-07,0.0
4432,4.76837158203125e-07,4.76837158203125e-07,2.384185791015625e-07
4433,4.76837158203125e-07,4.76837158203125e-07,2.384185791015625e-07
4434,4.76837158203125e-07,4.76837158203125e-07,0.0
4435,4.76837158203125e-07,4.76837158203125e-07,2.384185791015625e-07
4436,4.76837158203125e-07,4.76837158203125e-07,2.384185791015625e-07
4437,4.76837158203125e-07,7.152557373046875e-07,0.0
4438,4.76837158203125e-07,4.76837158203125e-07,2.384185791015625e-07
4439,4.76837158203125e-07,4.76837158203125e-07,2.384185791015625e-07
4440,7.152557373046875e-07,7.152557373046875e-07,0.0
4441,4.76837158203125e-07,7.152557373046875e-07,2.384185791015625e-07
4442,4.76837158203125e-07,4.76837158203125e-07,2.384185791015625e-07
4443,4.76837158203125e-07,4.76837158203125e-07,0.0
4444,4.76837158203125e-07,4.76837158203125e-07,2.384185791015625e-07
4445,4.76837158203125e-07,4.76837158203125e-07,2.384185791015625e-07
4446,4.76837158203125e-07,4.76837158203125e-07,2.384185791015625e-07
4447,7.152557373046875e-07,4.76837158203125e-07,2.384185791015625e-07
4448,4.76837158203125e-07,4.76837158203125e-07,0.0
4449,7.152557373046875e-07,4.76837158203125e-07,2.384185791015625e-07
4450,7.152557373046875e-07,7.152557373046875e-07,4.76837158203125e-07
4451,4.76837158203125e-07,7.152557373046875e-07,2.384185791015625e-07
4452,7.152557373046875e-07,4.76837158203125e-07,2.384185791015625e-07
4453,4.76837158203125e-07,4.76837158203125e-07,2.384185791015625e-07
4454,7.152557373046875e-07,9.5367431640625e-07,2.384185791015625e-07
4455,4.76837158203125e-07,9.5367431640625e-07,2.384185791015625e-07
4456,4.76837158203125e-07,7.152557373046875e-07,0.0
4457,4.76837158203125e-07,7.152557373046875e-07,2.384185791015625e-07
4458,4.76837158203125e-07,9.5367431640625e-07,4.76837158203125e-07
4459,4.76837158203125e-07,7.152557373046875e-07,0.0
4460,4.76837158203125e-07,7.152557373046875e-07,2.384185791015625e-07
4461,7.152557373046875e-07,4.76837158203125e-07,2.384185791015625e-07
4462,4.76837158203125e-07,7.152557373046875e-07,0.0
4463,4.76837158203125e-07,4.76837158203125e-07,2.384185791015625e-07
4464,4.76837158203125e-07,9.5367431640625e-07,2.384185791015625e-07
4465,7.152557373046875e-07,7.152557373046875e-07,0.0
4466,7.152557373046875e-07,4.76837158203125e-07,4.76837158203125e-07
4467,7.152557373046875e-07,4.76837158203125e-07,2.384185791015625e-07
4468,9.5367431640625e-07,7.152557373046875e-07,2.384185791015625e-07
4469,4.76837158203125e-07,4.76837158203125e-07,2.384185791015625e-07
4470,4.76837158203125e-07,4.76837158203125e-07,0.0
4471,4.76837158203125e-07,4.76837158203125e-07,2.384185791015625e-07
4472,4.76837158203125e-07,4.76837158203125e-07,2.384185791015625e-07
4473,4.76837158203125e-07,7.152557373046875e-07,0.0
4474,4.76837158203125e-07,7.152557373046875e-07,2.384185791015625e-07
4475,4.76837158203125e-07,4.76837158203125e-07,2.384185791015625e-07
4476,4.76837158203125e-07,4.76837158203125e-07,0.0
4477,4.76837158203125e-07,4.76837158203125e-07,2.384185791015625e-07
4478,7.152557373046875e-07,7.152557373046875e-07,2.384185791015625e-07
4479,4.76837158203125e-07,4.76837158203125e-07,0.0
4480,7.152557373046875e-07,4.76837158203125e-07,0.0
4481,4.76837158203125e-07,4.76837158203125e-07,2.384185791015625e-07
4482,9.5367431640625e-07,7.152557373046875e-07,4.76837158203125e-07
4483,4.76837158203125e-07,4.76837158203125e-07,0.0
4484,4.76837158203125e-07,4.76837158203125e-07,2.384185791015625e-07
4485,7.152557373046875e-07,7.152557373046875e-07,2.384185791015625e-07
4486,4.76837158203125e-07,4.76837158203125e-07,2.384185791015625e-07
4487,4.76837158203125e-07,4.76837158203125e-07,2.384185791015625e-07
4488,4.76837158203125e-07,7.152557373046875e-07,0.0
4489,4.76837158203125e-07,4.76837158203125e-07,0.0
4490,4.76837158203125e-07,4.76837158203125e-07,2.384185791015625e-07
4491,7.152557373046875e-07,7.152557373046875e-07,2.384185791015625e-07
4492,7.152557373046875e-07,4.76837158203125e-07,0.0
4493,7.152557373046875e-07,4.76837158203125e-07,2.384185791015625e-07
4494,7.152557373046875e-07,7.152557373046875e-07,2.384185791015625e-07
4495,4.76837158203125e-07,4.76837158203125e-07,0.0
4496,7.152557373046875e-07,4.76837158203125e-07,2.384185791015625e-07
4497,7.152557373046875e-07,4.76837158203125e-07,2.384185791015625e-07
4498,7.152557373046875e-07,7.152557373046875e-07,2.384185791015625e-07
4499,7.152557373046875e-07,4.76837158203125e-07,2.384185791015625e-07
4500,4.76837158203125e-07,7.152557373046875e-07,0.0
4501,4.76837158203125e-07,9.5367431640625e-07,2.384185791015625e-07
4502,4.76837158203125e-07,9.5367431640625e-07,2.384185791015625e-07
4503,4.76837158203125e-07,9.5367431640625e-07,0.0
4504,4.76837158203125e-07,7.152557373046875e-07,2.384185791015625e-07
4505,4.76837158203125e-07,7.152557373046875e-07,2.384185791015625e-07
4506,4.76837158203125e-07,7.152557373046875e-07,0.0
4507,4.76837158203125e-07,9.5367431640625e-07,4.76837158203125e-07
4508,4.76837158203125e-07,9.5367431640625e-07,2.384185791015625e-07
4509,9.5367431640625e-07,7.152557373046875e-07,0.0
4510,7.152557373046875e-07,4.76837158203125e-07,2.384185791015625e-07
4511,4.76837158203125e-07,4.76837158203125e-07,2.384185791015625e-07
4512,4.76837158203125e-07,7.152557373046875e-07,2.384185791015625e-07
4513,7.152557373046875e-07,4.76837158203125e-07,2.384185791015625e-07
4514,4.76837158203125e-07,4.76837158203125e-07,0.0
4515,4.76837158203125e-07,4.76837158203125e-07,4.76837158203125e-07
4516,7.152557373046875e-07,4.76837158203125e-07,2.384185791015625e-07
4517,4.76837158203125e-07,4.76837158203125e-07,0.0
4518,4.76837158203125e-07,4.76837158203125e-07,2.384185791015625e-07
4519,4.76837158203125e-07,7.152557373046875e-07,2.384185791015625e-07
4520,9.5367431640625e-07,4.76837158203125e-07,0.0
4521,7.152557373046875e-07,7.152557373046875e-07,2.384185791015625e-07
4522,4.76837158203125e-07,7.152557373046875e-07,2.384185791015625e-07
4523,7.152557373046875e-07,7.152557373046875e-07,2.384185791015625e-07
4524,7.152557373046875e-07,4.76837158203125e-07,2.384185791015625e-07
4525,4.76837158203125e-07,4.76837158203125e-07,0.0
4526,7.152557373046875e-07,7.152557373046875e-07,2.384185791015625e-07
4527,4.76837158203125e-07,7.152557373046875e-07,2.384185791015625e-07
4528,4.76837158203125e-07,4.76837158203125e-07,0.0
4529,4.76837158203125e-07,7.152557373046875e-07,2.384185791015625e-07
4530,4.76837158203125e-07,4.76837158203125e-07,2.384185791015625e-07
4531,7.152557373046875e-07,7.152557373046875e-07,2.384185791015625e-07
4532,4.76837158203125e-07,4.76837158203125e-07,4.76837158203125e-07
4533,7.152557373046875e-07,4.76837158203125e-07,0.0
4534,4.76837158203125e-07,4.76837158203125e-07,2.384185791015625e-07
4535,4.76837158203125e-07,4.76837158203125e-07,2.384185791015625e-07
4536,4.76837158203125e-07,4.76837158203125e-07,0.0
4537,4.76837158203125e-07,4.76837158203125e-07,2.384185791015625e-07
4538,7.152557373046875e-07,4.76837158203125e-07,2.384185791015625e-07
4539,4.76837158203125e-07,4.76837158203125e-07,0.0
4540,7.152557373046875e-07,4.76837158203125e-07,4.76837158203125e-07
4541,4.76837158203125e-07,7.152557373046875e-07,0.0
4542,4.76837158203125e-07,4.76837158203125e-07,2.384185791015625e-07
4543,4.76837158203125e-07,7.152557373046875e-07,2.384185791015625e-07
4544,4.76837158203125e-07,4.76837158203125e-07,0.0
4545,7.152557373046875e-07,7.152557373046875e-07,2.384185791015625e-07
4546,4.76837158203125e-07,4.76837158203125e-07,2.384185791015625e-07
4547,4.76837158203125e-07,4.76837158203125e-07,0.0
4548,4.76837158203125e-07,4.76837158203125e-07,2.384185791015625e-07
4549,4.76837158203125e-07,7.152557373046875e-07,2.384185791015625e-07
4550,9.5367431640625e-07,4.76837158203125e-07,0.0
4551,7.152557373046875e-07,4.76837158203125e-07,2.384185791015625e-07
4552,7.152557373046875e-07,7.152557373046875e-07,2.384185791015625e-07
4553,4.76837158203125e-07,4.76837158203125e-07,0.0
4554,7.152557373046875e-07,4.76837158203125e-07,2.384185791015625e-07
4555,4.76837158203125e-07,7.152557373046875e-07,2.384185791015625e-07
4556,7.152557373046875e-07,4.76837158203125e-07,0.0
4557,7.152557373046875e-07,4.76837158203125e-07,2.384185791015625e-07
4558,4.76837158203125e-07,7.152557373046875e-07,2.384185791015625e-07
4559,4.76837158203125e-07,4.76837158203125e-07,2.384185791015625e-07
4560,7.152557373046875e-07,4.76837158203125e-07,2.384185791015625e-07
4561,4.76837158203125e-07,7.152557373046875e-07,2.384185791015625e-07
4562,4.76837158203125e-07,4.76837158203125e-07,2.384185791015625e-07
4563,4.76837158203125e-07,7.152557373046875e-07,2.384185791015625e-07
4564,7.152557373046875e-07,4.76837158203125e-07,0.0
4565,4.76837158203125e-07,4.76837158203125e-07,4.76837158203125e-07
4566,4.76837158203125e-07,7.152557373046875e-07,2.384185791015625e-07
4567,4.76837158203125e-07,4.76837158203125e-07,0.0
4568,4.76837158203125e-07,4.76837158203125e-07,2.384185791015625e-07
4569,4.76837158203125e-07,4.76837158203125e-07,2.384185791015625e-07
4570,4.76837158203125e-07,4.76837158203125e-07,0.0
4571,4.76837158203125e-07,4.76837158203125e-07,2.384185791015625e-07
4572,4.76837158203125e-07,7.152557373046875e-07,2.384185791015625e-07
4573,4.76837158203125e-07,4.76837158203125e-07,0.0
4574,7.152557373046875e-07,4.76837158203125e-07,2.384185791015625e-07
4575,7.152557373046875e-07,4.76837158203125e-07,2.384185791015625e-07
4576,7.152557373046875e-07,4.76837158203125e-07,0.0
4577,4.76837158203125e-07,4.76837158203125e-07,2.384185791015625e-07
4578,7.152557373046875e-07,4.76837158203125e-07,2.384185791015625e-07
4579,4.76837158203125e-07,7.152557373046875e-07,0.0
4580,4.76837158203125e-07,9.5367431640625e-07,2.384185791015625e-07
4581,7.152557373046875e-07,9.5367431640625e-07,4.76837158203125e-07
4582,4.76837158203125e-07,7.152557373046875e-07,0.0
4583,4.76837158203125e-07,9.5367431640625e-07,2.384185791015625e-07
4584,4.76837158203125e-07,7.152557373046875e-07,2.384185791015625e-07
4585,4.76837158203125e-07,9.5367431640625e-07,0.0
4586,4.76837158203125e-07,7.152557373046875e-07,2.384185791015625e-07
4587,4.76837158203125e-07,7.152557373046875e-07,2.384185791015625e-07
4588,7.152557373046875e-07,4.76837158203125e-07,0.0
4589,4.76837158203125e-07,9.5367431640625e-07,2.384185791015625e-07
4590,4.76837158203125e-07,7.152557373046875e-07,2.384185791015625e-07
4591,7.152557373046875e-07,4.76837158203125e-07,2.384185791015625e-07
4592,4.76837158203125e-07,4.76837158203125e-07,2.384185791015625e-07
4593,4.76837158203125e-07,4.76837158203125e-07,0.0
4594,4.76837158203125e-07,4.76837158203125e-07,2.384185791015625e-07
4595,9.5367431640625e-07,7.152557373046875e-07,2.384185791015625e-07
4596,7.152557373046875e-07,7.152557373046875e-07,0.0
4597,4.76837158203125e-07,4.76837158203125e-07,2.384185791015625e-07
4598,4.76837158203125e-07,4.76837158203125e-07,2.384185791015625e-07
4599,4.76837158203125e-07,4.76837158203125e-07,2.384185791015625e-07
4600,7.152557373046875e-07,7.152557373046875e-07,2.384185791015625e-07
4601,4.76837158203125e-07,4.76837158203125e-07,0.0
4602,4.76837158203125e-07,7.152557373046875e-07,2.384185791015625e-07
4603,4.76837158203125e-07,4.76837158203125e-07,2.384185791015625e-07
4604,4.76837158203125e-07,7.152557373046875e-07,0.0
4605,7.152557373046875e-07,4.76837158203125e-07,2.384185791015625e-07
4606,4.76837158203125e-07,4.76837158203125e-07,4.76837158203125e-07
4607,4.76837158203125e-07,4.76837158203125e-07,2.384185791015625e-07
4608,4.76837158203125e-07,4.76837158203125e-07,0.0
4609,4.76837158203125e-07,7.152557373046875e-07,2.384185791015625e-07
4610,4.76837158203125e-07,4.76837158203125e-07,0.0
4611,4.76837158203125e-07,4.76837158203125e-07,2.384185791015625e-07
4612,7.152557373046875e-07,4.76837158203125e-07,2.384185791015625e-07
4613,4.76837158203125e-07,4.76837158203125e-07,0.0
4614,4.76837158203125e-07,7.152557373046875e-07,4.76837158203125e-07
4615,9.5367431640625e-07,4.76837158203125e-07,2.384185791015625e-07
4616,7.152557373046875e-07,4.76837158203125e-07,0.0
4617,7.152557373046875e-07,4.76837158203125e-07,0.0
4618,4.76837158203125e-07,7.152557373046875e-07,2.384185791015625e-07
4619,7.152557373046875e-07,4.76837158203125e-07,2.384185791015625e-07
4620,4.76837158203125e-07,7.152557373046875e-07,2.384185791015625e-07
4621,4.76837158203125e-07,7.152557373046875e-07,2.384185791015625e-07
4622,4.76837158203125e-07,4.76837158203125e-07,0.0
4623,7.152557373046875e-07,4.76837158203125e-07,2.384185791015625e-07
4624,7.152557373046875e-07,4.76837158203125e-07,2.384185791015625e-07
4625,4.76837158203125e-07,4.76837158203125e-07,0.0
4626,7.152557373046875e-07,4.76837158203125e-07,2.384185791015625e-07
4627,4.76837158203125e-07,7.152557373046875e-07,2.384185791015625e-07
4628,4.76837158203125e-07,4.76837158203125e-07,0.0
4629,4.76837158203125e-07,4.76837158203125e-07,2.384185791015625e-07
4630,7.152557373046875e-07,4.76837158203125e-07,4.76837158203125e-07
4631,4.76837158203125e-07,7.152557373046875e-07,2.384185791015625e-07
4632,7.152557373046875e-07,4.76837158203125e-07,2.384185791015625e-07
4633,7.152557373046875e-07,7.152557373046875e-07,2.384185791015625e-07
4634,4.76837158203125e-07,7.152557373046875e-07,2.384185791015625e-07
4635,4.76837158203125e-07,7.152557373046875e-07,2.384185791015625e-07
4636,4.76837158203125e-07,7.152557373046875e-07,0.0
4637,4.76837158203125e-07,7.152557373046875e-07,2.384185791015625e-07
4638,4.76837158203125e-07,7.152557373046875e-07,2.384185791015625e-07
4639,4.76837158203125e-07,4.76837158203125e-07,0.0
4640,4.76837158203125e-07,9.5367431640625e-07,2.384185791015625e-07
4641,4.76837158203125e-07,4.76837158203125e-07,2.384185791015625e-07
4642,4.76837158203125e-07,4.76837158203125e-07,2.384185791015625e-07
4643,9.5367431640625e-07,4.76837158203125e-07,2.384185791015625e-07
4644,7.152557373046875e-07,4.76837158203125e-07,2.384185791015625e-07
4645,4.76837158203125e-07,4.76837158203125e-07,2.384185791015625e-07
4646,4.76837158203125e-07,7.152557373046875e-07,4.76837158203125e-07
4647,4.76837158203125e-07,4.76837158203125e-07,0.0
4648,7.152557373046875e-07,4.76837158203125e-07,0.0
4649,7.152557373046875e-07,4.76837158203125e-07,2.384185791015625e-07
4650,4.76837158203125e-07,4.76837158203125e-07,0.0
4651,7.152557373046875e-07,4.76837158203125e-07,2.384185791015625e-07
4652,4.76837158203125e-07,7.152557373046875e-07,2.384185791015625e-07
4653,9.5367431640625e-07,4.76837158203125e-07,2.384185791015625e-07
4654,4.76837158203125e-07,4.76837158203125e-07,0.0
4655,4.76837158203125e-07,4.76837158203125e-07,2.384185791015625e-07
4656,7.152557373046875e-07,4.76837158203125e-07,2.384185791015625e-07
4657,4.76837158203125e-07,7.152557373046875e-07,2.384185791015625e-07
4658,7.152557373046875e-07,4.76837158203125e-07,2.384185791015625e-07
4659,4.76837158203125e-07,4.76837158203125e-07,0.0
4660,7.152557373046875e-07,7.152557373046875e-07,2.384185791015625e-07
4661,4.76837158203125e-07,4.76837158203125e-07,2.384185791015625e-07
4662,4.76837158203125e-07,4.76837158203125e-07,0.0
4663,4.76837158203125e-07,4.76837158203125e-07,2.384185791015625e-07
4664,4.76837158203125e-07,4.76837158203125e-07,2.384185791015625e-07
4665,4.76837158203125e-07,4.76837158203125e-07,0.0
4666,4.76837158203125e-07,4.76837158203125e-07,2.384185791015625e-07
4667,4.76837158203125e-07,7.152557373046875e-07,2.384185791015625e-07
4668,4.76837158203125e-07,4.76837158203125e-07,2.384185791015625e-07
4669,4.76837158203125e-07,4.76837158203125e-07,2.384185791015625e-07
4670,7.152557373046875e-07,4.76837158203125e-07,0.0
4671,4.76837158203125e-07,7.152557373046875e-07,4.76837158203125e-07
4672,4.76837158203125e-07,9.5367431640625e-07,2.384185791015625e-07
4673,7.152557373046875e-07,7.152557373046875e-07,0.0
4674,9.5367431640625e-07,9.5367431640625e-07,2.384185791015625e-07
4675,4.76837158203125e-07,9.5367431640625e-07,2.384185791015625e-07
4676,4.76837158203125e-07,7.152557373046875e-07,0.0
4677,7.152557373046875e-07,7.152557373046875e-07,2.384185791015625e-07
4678,4.76837158203125e-07,4.76837158203125e-07,2.384185791015625e-07
4679,4.76837158203125e-07,4.76837158203125e-07,4.76837158203125e-07
4680,7.152557373046875e-07,4.76837158203125e-07,2.384185791015625e-07
4681,4.76837158203125e-07,4.76837158203125e-07,0.0
4682,4.76837158203125e-07,4.76837158203125e-07,2.384185791015625e-07
4683,4.76837158203125e-07,4.76837158203125e-07,2.384185791015625e-07
4684,7.152557373046875e-07,4.76837158203125e-07,2.384185791015625e-07
4685,4.76837158203125e-07,4.76837158203125e-07,2.384185791015625e-07
4686,4.76837158203125e-07,4.76837158203125e-07,2.384185791015625e-07
4687,4.76837158203125e-07,4.76837158203125e-07,2.384185791015625e-07
4688,4.76837158203125e-07,7.152557373046875e-07,2.384185791015625e-07
4689,4.76837158203125e-07,4.76837158203125e-07,0.0
4690,4.76837158203125e-07,4.76837158203125e-07,2.384185791015625e-07
4691,4.76837158203125e-07,4.76837158203125e-07,2.384185791015625e-07
4692,4.76837158203125e-07,4.76837158203125e-07,0.0
4693,4.76837158203125e-07,4.76837158203125e-07,2.384185791015625e-07
4694,9.5367431640625e-07,4.76837158203125e-07,4.76837158203125e-07
4695,4.76837158203125e-07,7.152557373046875e-07,0.0
4696,7.152557373046875e-07,4.76837158203125e-07,0.0
4697,4.76837158203125e-07,7.152557373046875e-07,0.0
4698,4.76837158203125e-07,4.76837158203125e-07,0.0
4699,4.76837158203125e-07,4.76837158203125e-07,0.0
4700,4.76837158203125e-07,4.76837158203125e-07,2.384185791015625e-07
4701,7.152557373046875e-07,4.76837158203125e-07,2.384185791015625e-07
4702,4.76837158203125e-07,7.152557373046875e-07,2.384185791015625e-07
4703,4.76837158203125e-07,7.152557373046875e-07,0.0
4704,4.76837158203125e-07,7.152557373046875e-07,2.384185791015625e-07
4705,4.76837158203125e-07,7.152557373046875e-07,2.384185791015625e-07
4706,4.76837158203125e-07,9.5367431640625e-07,2.384185791015625e-07
4707,4.76837158203125e-07,7.152557373046875e-07,2.384185791015625e-07
4708,7.152557373046875e-07,4.76837158203125e-07,0.0
4709,4.76837158203125e-07,4.76837158203125e-07,0.0
4710,4.76837158203125e-07,4.76837158203125e-07,2.384185791015625e-07
4711,4.76837158203125e-07,4.76837158203125e-07,2.384185791015625e-07
4712,7.152557373046875e-07,7.152557373046875e-07,0.0
4713,4.76837158203125e-07,4.76837158203125e-07,2.384185791015625e-07
4714,4.76837158203125e-07,4.76837158203125e-07,2.384185791015625e-07
4715,4.76837158203125e-07,4.76837158203125e-07,2.384185791015625e-07
4716,4.76837158203125e-07,4.76837158203125e-07,2.384185791015625e-07
4717,4.76837158203125e-07,7.152557373046875e-07,0.0
4718,7.152557373046875e-07,7.152557373046875e-07,0.0
4719,4.76837158203125e-07,7.152557373046875e-07,2.384185791015625e-07
4720,4.76837158203125e-07,4.76837158203125e-07,0.0
4721,7.152557373046875e-07,4.76837158203125e-07,2.384185791015625e-07
4722,4.76837158203125e-07,4.76837158203125e-07,2.384185791015625e-07
4723,4.76837158203125e-07,4.76837158203125e-07,0.0
4724,4.76837158203125e-07,7.152557373046875e-07,2.384185791015625e-07
4725,7.152557373046875e-07,4.76837158203125e-07,2.384185791015625e-07
4726,4.76837158203125e-07,4.76837158203125e-07,0.0
4727,4.76837158203125e-07,4.76837158203125e-07,2.384185791015625e-07
4728,7.152557373046875e-07,4.76837158203125e-07,2.384185791015625e-07
4729,4.76837158203125e-07,4.76837158203125e-07,0.0
4730,4.76837158203125e-07,4.76837158203125e-07,2.384185791015625e-07
4731,7.152557373046875e-07,7.152557373046875e-07,2.384185791015625e-07
4732,9.5367431640625e-07,7.152557373046875e-07,0.0
4733,4.76837158203125e-07,7.152557373046875e-07,2.384185791015625e-07
4734,7.152557373046875e-07,4.76837158203125e-07,4.76837158203125e-07
4735,4.76837158203125e-07,4.76837158203125e-07,0.0
4736,4.76837158203125e-07,4.76837158203125e-07,2.384185791015625e-07
4737,4.76837158203125e-07,7.152557373046875e-07,2.384185791015625e-07
4738,4.76837158203125e-07,9.5367431640625e-07,0.0
4739,4.76837158203125e-07,7.152557373046875e-07,2.384185791015625e-07
4740,4.76837158203125e-07,7.152557373046875e-07,2.384185791015625e-07
4741,4.76837158203125e-07,9.5367431640625e-07,0.0
4742,7.152557373046875e-07,4.76837158203125e-07,2.384185791015625e-07
4743,4.76837158203125e-07,4.76837158203125e-07,2.384185791015625e-07
4744,4.76837158203125e-07,7.152557373046875e-07,2.384185791015625e-07
4745,4.76837158203125e-07,4.76837158203125e-07,2.384185791015625e-07
4746,4.76837158203125e-07,7.152557373046875e-07,2.384185791015625e-07
4747,7.152557373046875e-07,4.76837158203125e-07,2.384185791015625e-07
4748,4.76837158203125e-07,4.76837158203125e-07,0.0
4749,9.5367431640625e-07,4.76837158203125e-07,2.384185791015625e-07
4750,4.76837158203125e-07,4.76837158203125e-07,4.76837158203125e-07
4751,4.76837158203125e-07,4.76837158203125e-07,0.0
4752,4.76837158203125e-07,4.76837158203125e-07,2.384185791015625e-07
4753,4.76837158203125e-07,4.76837158203125e-07,2.384185791015625e-07
4754,4.76837158203125e-07,7.152557373046875e-07,0.0
4755,4.76837158203125e-07,7.152557373046875e-07,2.384185791015625e-07
4756,7.152557373046875e-07,7.152557373046875e-07,2.384185791015625e-07
4757,4.76837158203125e-07,4.76837158203125e-07,0.0
4758,4.76837158203125e-07,4.76837158203125e-07,2.384185791015625e-07
4759,7.152557373046875e-07,4.76837158203125e-07,2.384185791015625e-07
4760,7.152557373046875e-07,4.76837158203125e-07,0.0
4761,4.76837158203125e-07,4.76837158203125e-07,2.384185791015625e-07
4762,4.76837158203125e-07,4.76837158203125e-07,2.384185791015625e-07
4763,4.76837158203125e-07,4.76837158203125e-07,0.0
4764,4.76837158203125e-07,4.76837158203125e-07,2.384185791015625e-07
4765,4.76837158203125e-07,7.152557373046875e-07,2.384185791015625e-07
4766,9.5367431640625e-07,7.152557373046875e-07,0.0
4767,4.76837158203125e-07,7.152557373046875e-07,2.384185791015625e-07
4768,4.76837158203125e-07,4.76837158203125e-07,2.384185791015625e-07
4769,4.76837158203125e-07,4.76837158203125e-07,2.384185791015625e-07
4770,4.76837158203125e-07,4.76837158203125e-07,2.384185791015625e-07
4771,4.76837158203125e-07,4.76837158203125e-07,0.0
4772,4.76837158203125e-07,4.76837158203125e-07,2.384185791015625e-07
4773,7.152557373046875e-07,4.76837158203125e-07,2.384185791015625e-07
4774,4.76837158203125e-07,7.152557373046875e-07,0.0
4775,4.76837158203125e-07,7.152557373046875e-07,0.0
4776,7.152557373046875e-07,9.5367431640625e-07,2.384185791015625e-07
4777,7.152557373046875e-07,9.5367431640625e-07,2.384185791015625e-07
4778,4.76837158203125e-07,9.5367431640625e-07,2.384185791015625e-07
4779,7.152557373046875e-07,7.152557373046875e-07,2.384185791015625e-07
4780,9.5367431640625e-07,9.5367431640625e-07,0.0
4781,4.76837158203125e-07,4.76837158203125e-07,2.384185791015625e-07
4782,7.152557373046875e-07,4.76837158203125e-07,2.384185791015625e-07
4783,7.152557373046875e-07,4.76837158203125e-07,2.384185791015625e-07
4784,4.76837158203125e-07,4.76837158203125e-07,2.384185791015625e-07
4785,4.76837158203125e-07,7.152557373046875e-07,0.0
4786,4.76837158203125e-07,4.76837158203125e-07,2.384185791015625e-07
4787,4.76837158203125e-07,4.76837158203125e-07,2.384185791015625e-07
4788,4.76837158203125e-07,4.76837158203125e-07,0.0
4789,4.76837158203125e-07,4.76837158203125e-07,2.384185791015625e-07
4790,7.152557373046875e-07,4.76837158203125e-07,2.384185791015625e-07
4791,4.76837158203125e-07,7.152557373046875e-07,0.0
4792,4.76837158203125e-07,7.152557373046875e-07,2.384185791015625e-07
4793,4.76837158203125e-07,7.152557373046875e-07,0.0
4794,4.76837158203125e-07,4.76837158203125e-07,2.384185791015625e-07
4795,7.152557373046875e-07,4.76837158203125e-07,2.384185791015625e-07
4796,7.152557373046875e-07,4.76837158203125e-07,0.0
4797,7.152557373046875e-07,4.76837158203125e-07,2.384185791015625e-07
4798,4.76837158203125e-07,7.152557373046875e-07,2.384185791015625e-07
4799,4.76837158203125e-07,4.76837158203125e-07,2.384185791015625e-07
4800,4.76837158203125e-07,4.76837158203125e-07,0.0
4801,4.76837158203125e-07,4.76837158203125e-07,2.384185791015625e-07
4802,4.76837158203125e-07,7.152557373046875e-07,2.384185791015625e-07
4803,4.76837158203125e-07,7.152557373046875e-07,2.384185791015625e-07
4804,7.152557373046875e-07,4.76837158203125e-07,2.384185791015625e-07
4805,4.76837158203125e-07,4.76837158203125e-07,0.0
4806,4.76837158203125e-07,7.152557373046875e-07,2.384185791015625e-07
4807,4.76837158203125e-07,4.76837158203125e-07,2.384185791015625e-07
4808,4.76837158203125e-07,7.152557373046875e-07,2.384185791015625e-07
4809,4.76837158203125e-07,7.152557373046875e-07,0.0
4810,4.76837158203125e-07,4.76837158203125e-07,1.0251998901367188e-05
4811,9.5367431640625e-07,4.76837158203125e-07,2.384185791015625e-07
4812,7.152557373046875e-07,4.76837158203125e-07,2.384185791015625e-07
4813,4.76837158203125e-07,4.76837158203125e-07,2.384185791015625e-07
4814,4.76837158203125e-07,4.76837158203125e-07,4.76837158203125e-07
4815,4.76837158203125e-07,4.76837158203125e-07,2.384185791015625e-07
4816,4.76837158203125e-07,4.76837158203125e-07,2.384185791015625e-07
4817,4.76837158203125e-07,4.76837158203125e-07,4.76837158203125e-07
4818,7.152557373046875e-07,7.152557373046875e-07,7.152557373046875e-07
4819,4.76837158203125e-07,7.152557373046875e-07,2.384185791015625e-07
4820,4.76837158203125e-07,7.152557373046875e-07,2.384185791015625e-07
4821,4.76837158203125e-07,4.76837158203125e-07,2.384185791015625e-07
4822,4.76837158203125e-07,4.76837158203125e-07,2.384185791015625e-07
4823,4.76837158203125e-07,4.76837158203125e-07,2.384185791015625e-07
4824,7.152557373046875e-07,7.152557373046875e-07,7.152557373046875e-07
4825,4.76837158203125e-07,7.152557373046875e-07,2.384185791015625e-07
4826,4.76837158203125e-07,7.152557373046875e-07,2.384185791015625e-07
4827,4.76837158203125e-07,7.152557373046875e-07,2.384185791015625e-07
4828,4.76837158203125e-07,4.76837158203125e-07,2.384185791015625e-07
4829,4.76837158203125e-07,4.76837158203125e-07,2.384185791015625e-07
4830,4.76837158203125e-07,4.76837158203125e-07,2.384185791015625e-07
4831,7.152557373046875e-07,4.76837158203125e-07,4.76837158203125e-07
4832,4.76837158203125e-07,7.152557373046875e-07,2.384185791015625e-07
4833,7.152557373046875e-07,4.76837158203125e-07,4.76837158203125e-07
4834,4.76837158203125e-07,7.152557373046875e-07,4.76837158203125e-07
4835,7.152557373046875e-07,4.76837158203125e-07,4.76837158203125e-07
4836,4.76837158203125e-07,7.152557373046875e-07,2.384185791015625e-07
4837,7.152557373046875e-07,4.76837158203125e-07,2.384185791015625e-07
4838,4.76837158203125e-07,4.76837158203125e-07,4.76837158203125e-07
4839,4.76837158203125e-07,7.152557373046875e-07,2.384185791015625e-07
4840,4.76837158203125e-07,4.76837158203125e-07,2.384185791015625e-07
4841,9.5367431640625e-07,4.76837158203125e-07,2.384185791015625e-07
4842,4.76837158203125e-07,4.76837158203125e-07,2.384185791015625e-07
4843,7.152557373046875e-07,4.76837158203125e-07,4.76837158203125e-07
4844,4.76837158203125e-07,7.152557373046875e-07,2.384185791015625e-07
4845,9.5367431640625e-07,7.152557373046875e-07,2.384185791015625e-07
4846,4.76837158203125e-07,7.152557373046875e-07,2.384185791015625e-07
4847,7.152557373046875e-07,7.152557373046875e-07,2.384185791015625e-07
4848,9.5367431640625e-07,4.76837158203125e-07,2.384185791015625e-07
4849,4.76837158203125e-07,4.76837158203125e-07,2.384185791015625e-07
4850,4.76837158203125e-07,4.76837158203125e-07,2.384185791015625e-07
4851,4.76837158203125e-07,4.76837158203125e-07,2.384185791015625e-07
4852,4.76837158203125e-07,7.152557373046875e-07,2.384185791015625e-07
4853,4.76837158203125e-07,7.152557373046875e-07,2.384185791015625e-07
4854,4.76837158203125e-07,9.5367431640625e-07,0.0
4855,7.152557373046875e-07,7.152557373046875e-07,0.0
4856,4.76837158203125e-07,7.152557373046875e-07,2.384185791015625e-07
4857,4.76837158203125e-07,7.152557373046875e-07,0.0
4858,4.76837158203125e-07,4.76837158203125e-07,0.0
4859,4.76837158203125e-07,4.76837158203125e-07,2.384185791015625e-07
4860,4.76837158203125e-07,4.76837158203125e-07,2.384185791015625e-07
4861,4.76837158203125e-07,7.152557373046875e-07,0.0
4862,4.76837158203125e-07,4.76837158203125e-07,2.384185791015625e-07
4863,7.152557373046875e-07,4.76837158203125e-07,2.384185791015625e-07
4864,7.152557373046875e-07,4.76837158203125e-07,2.384185791015625e-07
4865,7.152557373046875e-07,4.76837158203125e-07,2.384185791015625e-07
4866,4.76837158203125e-07,4.76837158203125e-07,2.384185791015625e-07
4867,4.76837158203125e-07,4.76837158203125e-07,0.0
4868,4.76837158203125e-07,4.76837158203125e-07,4.76837158203125e-07
4869,4.76837158203125e-07,4.76837158203125e-07,2.384185791015625e-07
4870,4.76837158203125e-07,7.152557373046875e-07,2.384185791015625e-07
4871,4.76837158203125e-07,4.76837158203125e-07,0.0
4872,7.152557373046875e-07,4.76837158203125e-07,2.384185791015625e-07
4873,4.76837158203125e-07,4.76837158203125e-07,2.384185791015625e-07
4874,7.152557373046875e-07,4.76837158203125e-07,0.0
4875,7.152557373046875e-07,4.76837158203125e-07,2.384185791015625e-07
4876,7.152557373046875e-07,4.76837158203125e-07,4.76837158203125e-07
4877,7.152557373046875e-07,4.76837158203125e-07,2.384185791015625e-07
4878,7.152557373046875e-07,4.76837158203125e-07,2.384185791015625e-07
4879,9.5367431640625e-07,4.76837158203125e-07,2.384185791015625e-07
4880,4.76837158203125e-07,4.76837158203125e-07,0.0
4881,7.152557373046875e-07,4.76837158203125e-07,2.384185791015625e-07
4882,9.5367431640625e-07,7.152557373046875e-07,2.384185791015625e-07
4883,4.76837158203125e-07,7.152557373046875e-07,2.384185791015625e-07
4884,4.76837158203125e-07,7.152557373046875e-07,0.0
4885,4.76837158203125e-07,4.76837158203125e-07,2.384185791015625e-07
4886,4.76837158203125e-07,4.76837158203125e-07,2.384185791015625e-07
4887,4.76837158203125e-07,4.76837158203125e-07,2.384185791015625e-07
4888,4.76837158203125e-07,7.152557373046875e-07,2.384185791015625e-07
4889,7.152557373046875e-07,7.152557373046875e-07,0.0
4890,4.76837158203125e-07,4.76837158203125e-07,0.0
4891,4.76837158203125e-07,4.76837158203125e-07,2.384185791015625e-07
4892,4.76837158203125e-07,4.76837158203125e-07,2.384185791015625e-07
4893,4.76837158203125e-07,4.76837158203125e-07,2.384185791015625e-07
4894,7.152557373046875e-07,4.76837158203125e-07,2.384185791015625e-07
4895,7.152557373046875e-07,4.76837158203125e-07,0.0
4896,7.152557373046875e-07,4.76837158203125e-07,0.0
4897,7.152557373046875e-07,4.76837158203125e-07,0.0
4898,7.152557373046875e-07,4.76837158203125e-07,2.384185791015625e-07
4899,4.76837158203125e-07,4.76837158203125e-07,0.0
4900,4.76837158203125e-07,4.76837158203125e-07,2.384185791015625e-07
4901,4.76837158203125e-07,4.76837158203125e-07,2.384185791015625e-07
4902,4.76837158203125e-07,7.152557373046875e-07,0.0
4903,7.152557373046875e-07,4.76837158203125e-07,0.0
4904,4.76837158203125e-07,7.152557373046875e-07,2.384185791015625e-07
4905,4.76837158203125e-07,4.76837158203125e-07,2.384185791015625e-07
4906,4.76837158203125e-07,4.76837158203125e-07,0.0
4907,4.76837158203125e-07,4.76837158203125e-07,4.76837158203125e-07
4908,4.76837158203125e-07,7.152557373046875e-07,2.384185791015625e-07
4909,4.76837158203125e-07,4.76837158203125e-07,2.384185791015625e-07
4910,4.76837158203125e-07,4.76837158203125e-07,2.384185791015625e-07
4911,4.76837158203125e-07,7.152557373046875e-07,0.0
4912,4.76837158203125e-07,7.152557373046875e-07,2.384185791015625e-07
4913,7.152557373046875e-07,7.152557373046875e-07,2.384185791015625e-07
4914,4.76837158203125e-07,7.152557373046875e-07,2.384185791015625e-07
4915,4.76837158203125e-07,9.5367431640625e-07,0.0
4916,4.76837158203125e-07,7.152557373046875e-07,2.384185791015625e-07
4917,4.76837158203125e-07,4.76837158203125e-07,2.384185791015625e-07
4918,4.76837158203125e-07,4.76837158203125e-07,0.0
4919,7.152557373046875e-07,4.76837158203125e-07,2.384185791015625e-07
4920,9.5367431640625e-07,4.76837158203125e-07,2.384185791015625e-07
4921,4.76837158203125e-07,4.76837158203125e-07,2.384185791015625e-07
4922,4.76837158203125e-07,4.76837158203125e-07,2.384185791015625e-07
4923,9.5367431640625e-07,4.76837158203125e-07,0.0
4924,4.76837158203125e-07,4.76837158203125e-07,0.0
4925,4.76837158203125e-07,4.76837158203125e-07,2.384185791015625e-07
4926,4.76837158203125e-07,4.76837158203125e-07,2.384185791015625e-07
4927,4.76837158203125e-07,4.76837158203125e-07,0.0
4928,4.76837158203125e-07,4.76837158203125e-07,0.0
4929,4.76837158203125e-07,4.76837158203125e-07,2.384185791015625e-07
4930,7.152557373046875e-07,4.76837158203125e-07,2.384185791015625e-07
4931,4.76837158203125e-07,4.76837158203125e-07,2.384185791015625e-07
4932,4.76837158203125e-07,4.76837158203125e-07,0.0
4933,4.76837158203125e-07,4.76837158203125e-07,2.384185791015625e-07
4934,4.76837158203125e-07,4.76837158203125e-07,2.384185791015625e-07
4935,4.76837158203125e-07,4.76837158203125e-07,0.0
4936,4.76837158203125e-07,7.152557373046875e-07,2.384185791015625e-07
4937,7.152557373046875e-07,7.152557373046875e-07,2.384185791015625e-07
4938,4.76837158203125e-07,4.76837158203125e-07,2.384185791015625e-07
4939,4.76837158203125e-07,4.76837158203125e-07,2.384185791015625e-07
4940,4.76837158203125e-07,4.76837158203125e-07,0.0
4941,4.76837158203125e-07,4.76837158203125e-07,2.384185791015625e-07
4942,4.76837158203125e-07,4.76837158203125e-07,2.384185791015625e-07
4943,4.76837158203125e-07,4.76837158203125e-07,0.0
4944,7.152557373046875e-07,7.152557373046875e-07,2.384185791015625e-07
4945,4.76837158203125e-07,7.152557373046875e-07,2.384185791015625e-07
4946,4.76837158203125e-07,7.152557373046875e-07,0.0
4947,7.152557373046875e-07,7.152557373046875e-07,4.76837158203125e-07
4948,7.152557373046875e-07,9.5367431640625e-07,2.384185791015625e-07
4949,4.76837158203125e-07,9.5367431640625e-07,0.0
4950,7.152557373046875e-07,4.76837158203125e-07,2.384185791015625e-07
4951,4.76837158203125e-07,7.152557373046875e-07,2.384185791015625e-07
4952,7.152557373046875e-07,7.152557373046875e-07,2.384185791015625e-07
4953,4.76837158203125e-07,4.76837158203125e-07,2.384185791015625e-07
4954,9.5367431640625e-07,7.152557373046875e-07,2.384185791015625e-07
4955,4.76837158203125e-07,7.152557373046875e-07,0.0
4956,4.76837158203125e-07,7.152557373046875e-07,0.0
4957,4.76837158203125e-07,4.76837158203125e-07,2.384185791015625e-07
4958,7.152557373046875e-07,7.152557373046875e-07,2.384185791015625e-07
4959,4.76837158203125e-07,4.76837158203125e-07,0.0
4960,4.76837158203125e-07,4.76837158203125e-07,2.384185791015625e-07
4961,7.152557373046875e-07,4.76837158203125e-07,2.384185791015625e-07
4962,4.76837158203125e-07,4.76837158203125e-07,0.0
4963,4.76837158203125e-07,4.76837158203125e-07,4.76837158203125e-07
4964,7.152557373046875e-07,4.76837158203125e-07,2.384185791015625e-07
4965,4.76837158203125e-07,4.76837158203125e-07,2.384185791015625e-07
4966,4.76837158203125e-07,4.76837158203125e-07,0.0
4967,4.76837158203125e-07,4.76837158203125e-07,2.384185791015625e-07
4968,7.152557373046875e-07,7.152557373046875e-07,2.384185791015625e-07
4969,4.76837158203125e-07,7.152557373046875e-07,0.0
4970,4.76837158203125e-07,9.5367431640625e-07,2.384185791015625e-07
4971,7.152557373046875e-07,4.76837158203125e-07,2.384185791015625e-07
4972,4.76837158203125e-07,7.152557373046875e-07,0.0
4973,4.76837158203125e-07,7.152557373046875e-07,2.384185791015625e-07
4974,4.76837158203125e-07,7.152557373046875e-07,2.384185791015625e-07
4975,4.76837158203125e-07,7.152557373046875e-07,2.384185791015625e-07
4976,4.76837158203125e-07,9.5367431640625e-07,0.0
4977,4.76837158203125e-07,4.76837158203125e-07,2.384185791015625e-07
4978,4.76837158203125e-07,4.76837158203125e-07,2.384185791015625e-07
4979,4.76837158203125e-07,4.76837158203125e-07,0.0
4980,4.76837158203125e-07,4.76837158203125e-07,2.384185791015625e-07
4981,7.152557373046875e-07,7.152557373046875e-07,2.384185791015625e-07
4982,4.76837158203125e-07,4.76837158203125e-07,0.0
4983,4.76837158203125e-07,7.152557373046875e-07,2.384185791015625e-07
4984,4.76837158203125e-07,4.76837158203125e-07,2.384185791015625e-07
4985,4.76837158203125e-07,4.76837158203125e-07,2.384185791015625e-07
4986,4.76837158203125e-07,4.76837158203125e-07,0.0
4987,7.152557373046875e-07,4.76837158203125e-07,2.384185791015625e-07
4988,7.152557373046875e-07,4.76837158203125e-07,2.384185791015625e-07
4989,4.76837158203125e-07,4.76837158203125e-07,2.384185791015625e-07
4990,7.152557373046875e-07,4.76837158203125e-07,2.384185791015625e-07
4991,4.76837158203125e-07,4.76837158203125e-07,0.0
4992,4.76837158203125e-07,4.76837158203125e-07,2.384185791015625e-07
4993,4.76837158203125e-07,7.152557373046875e-07,2.384185791015625e-07
4994,4.76837158203125e-07,4.76837158203125e-07,2.384185791015625e-07
4995,7.152557373046875e-07,4.76837158203125e-07,0.0
4996,4.76837158203125e-07,4.76837158203125e-07,2.384185791015625e-07
4997,7.152557373046875e-07,4.76837158203125e-07,2.384185791015625e-07
4998,4.76837158203125e-07,4.76837158203125e-07,2.384185791015625e-07
4999,4.76837158203125e-07,4.76837158203125e-07,2.384185791015625e-07
5000,4.76837158203125e-07,7.152557373046875e-07,0.0
5001,4.76837158203125e-07,7.152557373046875e-07,2.384185791015625e-07
5002,4.76837158203125e-07,4.76837158203125e-07,2.384185791015625e-07
5003,4.76837158203125e-07,4.76837158203125e-07,2.384185791015625e-07
5004,7.152557373046875e-07,4.76837158203125e-07,0.0
5005,4.76837158203125e-07,4.76837158203125e-07,2.384185791015625e-07
5006,4.76837158203125e-07,7.152557373046875e-07,2.384185791015625e-07
5007,7.152557373046875e-07,7.152557373046875e-07,0.0
5008,4.76837158203125e-07,4.76837158203125e-07,4.76837158203125e-07
5009,4.76837158203125e-07,4.76837158203125e-07,2.384185791015625e-07
5010,4.76837158203125e-07,7.152557373046875e-07,2.384185791015625e-07
5011,7.152557373046875e-07,7.152557373046875e-07,2.384185791015625e-07
5012,7.152557373046875e-07,7.152557373046875e-07,2.384185791015625e-07
5013,7.152557373046875e-07,7.152557373046875e-07,0.0
5014,4.76837158203125e-07,4.76837158203125e-07,2.384185791015625e-07
5015,4.76837158203125e-07,4.76837158203125e-07,2.384185791015625e-07
5016,4.76837158203125e-07,7.152557373046875e-07,0.0
5017,4.76837158203125e-07,9.5367431640625e-07,2.384185791015625e-07
5018,7.152557373046875e-07,7.152557373046875e-07,2.384185791015625e-07
5019,4.76837158203125e-07,7.152557373046875e-07,2.384185791015625e-07
5020,4.76837158203125e-07,9.5367431640625e-07,2.384185791015625e-07
5021,7.152557373046875e-07,7.152557373046875e-07,2.384185791015625e-07
5022,7.152557373046875e-07,7.152557373046875e-07,2.384185791015625e-07
5023,4.76837158203125e-07,4.76837158203125e-07,0.0
5024,4.76837158203125e-07,9.5367431640625e-07,2.384185791015625e-07
5025,7.152557373046875e-07,4.76837158203125e-07,2.384185791015625e-07
5026,4.76837158203125e-07,4.76837158203125e-07,2.384185791015625e-07
5027,7.152557373046875e-07,4.76837158203125e-07,2.384185791015625e-07
5028,4.76837158203125e-07,4.76837158203125e-07,2.384185791015625e-07
5029,4.76837158203125e-07,4.76837158203125e-07,2.384185791015625e-07
5030,7.152557373046875e-07,4.76837158203125e-07,2.384185791015625e-07
5031,4.76837158203125e-07,4.76837158203125e-07,0.0
5032,9.5367431640625e-07,4.76837158203125e-07,2.384185791015625e-07
5033,4.76837158203125e-07,7.152557373046875e-07,2.384185791015625e-07
5034,4.76837158203125e-07,4.76837158203125e-07,0.0
5035,4.76837158203125e-07,4.76837158203125e-07,2.384185791015625e-07
5036,4.76837158203125e-07,4.76837158203125e-07,0.0
5037,4.76837158203125e-07,4.76837158203125e-07,2.384185791015625e-07
5038,4.76837158203125e-07,4.76837158203125e-07,2.384185791015625e-07
5039,9.5367431640625e-07,4.76837158203125e-07,0.0
5040,7.152557373046875e-07,4.76837158203125e-07,2.384185791015625e-07
5041,4.76837158203125e-07,4.76837158203125e-07,2.384185791015625e-07
5042,9.5367431640625e-07,4.76837158203125e-07,0.0
5043,4.76837158203125e-07,4.76837158203125e-07,2.384185791015625e-07
5044,4.76837158203125e-07,4.76837158203125e-07,2.384185791015625e-07
5045,4.76837158203125e-07,7.152557373046875e-07,0.0
5046,7.152557373046875e-07,4.76837158203125e-07,2.384185791015625e-07
5047,4.76837158203125e-07,7.152557373046875e-07,2.384185791015625e-07
5048,4.76837158203125e-07,4.76837158203125e-07,0.0
5049,7.152557373046875e-07,4.76837158203125e-07,2.384185791015625e-07
5050,4.76837158203125e-07,4.76837158203125e-07,2.384185791015625e-07
5051,4.76837158203125e-07,7.152557373046875e-07,2.384185791015625e-07
5052,4.76837158203125e-07,4.76837158203125e-07,2.384185791015625e-07
5053,4.76837158203125e-07,4.76837158203125e-07,0.0
5054,4.76837158203125e-07,4.76837158203125e-07,2.384185791015625e-07
5055,4.76837158203125e-07,7.152557373046875e-07,2.384185791015625e-07
5056,9.5367431640625e-07,9.5367431640625e-07,2.384185791015625e-07
5057,7.152557373046875e-07,4.76837158203125e-07,2.384185791015625e-07
5058,7.152557373046875e-07,7.152557373046875e-07,0.0
5059,4.76837158203125e-07,9.5367431640625e-07,2.384185791015625e-07
5060,4.76837158203125e-07,7.152557373046875e-07,2.384185791015625e-07
5061,4.76837158203125e-07,7.152557373046875e-07,0.0
5062,4.76837158203125e-07,7.152557373046875e-07,2.384185791015625e-07
5063,7.152557373046875e-07,9.5367431640625e-07,2.384185791015625e-07
5064,4.76837158203125e-07,7.152557373046875e-07,0.0
5065,4.76837158203125e-07,4.76837158203125e-07,2.384185791015625e-07
5066,4.76837158203125e-07,4.76837158203125e-07,0.0
5067,7.152557373046875e-07,4.76837158203125e-07,2.384185791015625e-07
5068,7.152557373046875e-07,7.152557373046875e-07,2.384185791015625e-07
5069,4.76837158203125e-07,4.76837158203125e-07,0.0
5070,7.152557373046875e-07,4.76837158203125e-07,2.384185791015625e-07
5071,4.76837158203125e-07,7.152557373046875e-07,2.384185791015625e-07
5072,4.76837158203125e-07,4.76837158203125e-07,2.384185791015625e-07
5073,4.76837158203125e-07,4.76837158203125e-07,4.76837158203125e-07
5074,4.76837158203125e-07,4.76837158203125e-07,0.0
5075,4.76837158203125e-07,4.76837158203125e-07,2.384185791015625e-07
5076,4.76837158203125e-07,4.76837158203125e-07,2.384185791015625e-07
5077,7.152557373046875e-07,4.76837158203125e-07,2.384185791015625e-07
5078,4.76837158203125e-07,4.76837158203125e-07,2.384185791015625e-07
5079,4.76837158203125e-07,7.152557373046875e-07,0.0
5080,4.76837158203125e-07,4.76837158203125e-07,2.384185791015625e-07
5081,4.76837158203125e-07,4.76837158203125e-07,4.76837158203125e-07
5082,4.76837158203125e-07,7.152557373046875e-07,0.0
5083,4.76837158203125e-07,4.76837158203125e-07,2.384185791015625e-07
5084,7.152557373046875e-07,4.76837158203125e-07,2.384185791015625e-07
5085,4.76837158203125e-07,4.76837158203125e-07,2.384185791015625e-07
5086,4.76837158203125e-07,4.76837158203125e-07,2.384185791015625e-07
5087,4.76837158203125e-07,4.76837158203125e-07,0.0
5088,7.152557373046875e-07,4.76837158203125e-07,2.384185791015625e-07
5089,4.76837158203125e-07,4.76837158203125e-07,2.384185791015625e-07
5090,4.76837158203125e-07,4.76837158203125e-07,4.76837158203125e-07
5091,7.152557373046875e-07,4.76837158203125e-07,2.384185791015625e-07
5092,4.76837158203125e-07,4.76837158203125e-07,0.0
5093,4.76837158203125e-07,9.5367431640625e-07,2.384185791015625e-07
5094,7.152557373046875e-07,4.76837158203125e-07,2.384185791015625e-07
5095,7.152557373046875e-07,7.152557373046875e-07,0.0
5096,7.152557373046875e-07,7.152557373046875e-07,2.384185791015625e-07
5097,7.152557373046875e-07,7.152557373046875e-07,2.384185791015625e-07
5098,7.152557373046875e-07,9.5367431640625e-07,0.0
5099,4.76837158203125e-07,7.152557373046875e-07,2.384185791015625e-07
5100,4.76837158203125e-07,4.76837158203125e-07,2.384185791015625e-07
5101,4.76837158203125e-07,4.76837158203125e-07,2.384185791015625e-07
5102,4.76837158203125e-07,4.76837158203125e-07,0.0
5103,4.76837158203125e-07,4.76837158203125e-07,2.384185791015625e-07
5104,4.76837158203125e-07,7.152557373046875e-07,0.0
5105,9.5367431640625e-07,7.152557373046875e-07,2.384185791015625e-07
5106,4.76837158203125e-07,4.76837158203125e-07,4.76837158203125e-07
5107,4.76837158203125e-07,4.76837158203125e-07,0.0
5108,4.76837158203125e-07,4.76837158203125e-07,2.384185791015625e-07
5109,4.76837158203125e-07,7.152557373046875e-07,0.0
5110,4.76837158203125e-07,4.76837158203125e-07,2.384185791015625e-07
5111,4.76837158203125e-07,4.76837158203125e-07,2.384185791015625e-07
5112,4.76837158203125e-07,4.76837158203125e-07,0.0
5113,4.76837158203125e-07,4.76837158203125e-07,2.384185791015625e-07
5114,4.76837158203125e-07,4.76837158203125e-07,4.76837158203125e-07
5115,7.152557373046875e-07,4.76837158203125e-07,0.0
5116,4.76837158203125e-07,4.76837158203125e-07,2.384185791015625e-07
5117,7.152557373046875e-07,4.76837158203125e-07,2.384185791015625e-07
5118,4.76837158203125e-07,4.76837158203125e-07,0.0
5119,4.76837158203125e-07,4.76837158203125e-07,2.384185791015625e-07
5120,4.76837158203125e-07,4.76837158203125e-07,0.0
5121,4.76837158203125e-07,4.76837158203125e-07,2.384185791015625e-07
5122,7.152557373046875e-07,4.76837158203125e-07,2.384185791015625e-07
5123,4.76837158203125e-07,4.76837158203125e-07,4.76837158203125e-07
5124,4.76837158203125e-07,7.152557373046875e-07,2.384185791015625e-07
5125,4.76837158203125e-07,9.5367431640625e-07,0.0
5126,4.76837158203125e-07,7.152557373046875e-07,2.384185791015625e-07
5127,7.152557373046875e-07,7.152557373046875e-07,0.0
5128,7.152557373046875e-07,7.152557373046875e-07,2.384185791015625e-07
5129,7.152557373046875e-07,4.76837158203125e-07,2.384185791015625e-07
5130,4.76837158203125e-07,4.76837158203125e-07,0.0
5131,4.76837158203125e-07,4.76837158203125e-07,2.384185791015625e-07
5132,4.76837158203125e-07,4.76837158203125e-07,2.384185791015625e-07
5133,9.5367431640625e-07,4.76837158203125e-07,0.0
5134,7.152557373046875e-07,4.76837158203125e-07,2.384185791015625e-07
5135,4.76837158203125e-07,4.76837158203125e-07,2.384185791015625e-07
5136,7.152557373046875e-07,7.152557373046875e-07,2.384185791015625e-07
5137,4.76837158203125e-07,7.152557373046875e-07,2.384185791015625e-07
5138,4.76837158203125e-07,4.76837158203125e-07,0.0
5139,4.76837158203125e-07,4.76837158203125e-07,2.384185791015625e-07
5140,4.76837158203125e-07,7.152557373046875e-07,2.384185791015625e-07
5141,7.152557373046875e-07,4.76837158203125e-07,0.0
5142,4.76837158203125e-07,4.76837158203125e-07,2.384185791015625e-07
5143,7.152557373046875e-07,4.76837158203125e-07,0.0
5144,7.152557373046875e-07,4.76837158203125e-07,2.384185791015625e-07
5145,4.76837158203125e-07,4.76837158203125e-07,2.384185791015625e-07
5146,4.76837158203125e-07,4.76837158203125e-07,0.0
5147,4.76837158203125e-07,4.76837158203125e-07,2.384185791015625e-07
5148,4.76837158203125e-07,4.76837158203125e-07,0.0
5149,4.76837158203125e-07,7.152557373046875e-07,2.384185791015625e-07
5150,7.152557373046875e-07,7.152557373046875e-07,2.384185791015625e-07
5151,4.76837158203125e-07,7.152557373046875e-07,0.0
5152,4.76837158203125e-07,4.76837158203125e-07,2.384185791015625e-07
5153,4.76837158203125e-07,4.76837158203125e-07,0.0
5154,4.76837158203125e-07,4.76837158203125e-07,2.384185791015625e-07
5155,7.152557373046875e-07,4.76837158203125e-07,2.384185791015625e-07
5156,4.76837158203125e-07,4.76837158203125e-07,0.0
5157,9.5367431640625e-07,7.152557373046875e-07,2.384185791015625e-07
5158,7.152557373046875e-07,7.152557373046875e-07,0.0
5159,7.152557373046875e-07,7.152557373046875e-07,2.384185791015625e-07
5160,4.76837158203125e-07,7.152557373046875e-07,2.384185791015625e-07
5161,4.76837158203125e-07,4.76837158203125e-07,0.0
5162,4.76837158203125e-07,9.5367431640625e-07,2.384185791015625e-07
5163,4.76837158203125e-07,7.152557373046875e-07,2.384185791015625e-07
5164,7.152557373046875e-07,4.76837158203125e-07,0.0
5165,4.76837158203125e-07,4.76837158203125e-07,4.76837158203125e-07
5166,7.152557373046875e-07,4.76837158203125e-07,2.384185791015625e-07
5167,9.5367431640625e-07,7.152557373046875e-07,2.384185791015625e-07
5168,7.152557373046875e-07,4.76837158203125e-07,2.384185791015625e-07
5169,4.76837158203125e-07,4.76837158203125e-07,0.0
5170,4.76837158203125e-07,4.76837158203125e-07,2.384185791015625e-07
5171,7.152557373046875e-07,4.76837158203125e-07,2.384185791015625e-07
5172,4.76837158203125e-07,4.76837158203125e-07,0.0
5173,7.152557373046875e-07,4.76837158203125e-07,4.76837158203125e-07
5174,4.76837158203125e-07,4.76837158203125e-07,2.384185791015625e-07
5175,4.76837158203125e-07,4.76837158203125e-07,0.0
5176,7.152557373046875e-07,4.76837158203125e-07,2.384185791015625e-07
5177,4.76837158203125e-07,4.76837158203125e-07,2.384185791015625e-07
5178,7.152557373046875e-07,4.76837158203125e-07,0.0
5179,4.76837158203125e-07,7.152557373046875e-07,2.384185791015625e-07
5180,4.76837158203125e-07,4.76837158203125e-07,0.0
5181,4.76837158203125e-07,4.76837158203125e-07,2.384185791015625e-07
5182,4.76837158203125e-07,4.76837158203125e-07,2.384185791015625e-07
5183,4.76837158203125e-07,4.76837158203125e-07,0.0
5184,7.152557373046875e-07,4.76837158203125e-07,2.384185791015625e-07
5185,7.152557373046875e-07,4.76837158203125e-07,2.384185791015625e-07
5186,4.76837158203125e-07,4.76837158203125e-07,2.384185791015625e-07
5187,4.76837158203125e-07,7.152557373046875e-07,2.384185791015625e-07
5188,4.76837158203125e-07,7.152557373046875e-07,2.384185791015625e-07
5189,7.152557373046875e-07,7.152557373046875e-07,2.384185791015625e-07
5190,7.152557373046875e-07,4.76837158203125e-07,2.384185791015625e-07
5191,4.76837158203125e-07,4.76837158203125e-07,2.384185791015625e-07
5192,4.76837158203125e-07,4.76837158203125e-07,2.384185791015625e-07
5193,7.152557373046875e-07,4.76837158203125e-07,0.0
5194,4.76837158203125e-07,4.76837158203125e-07,2.384185791015625e-07
5195,9.5367431640625e-07,4.76837158203125e-07,2.384185791015625e-07
5196,7.152557373046875e-07,4.76837158203125e-07,0.0
5197,4.76837158203125e-07,7.152557373046875e-07,2.384185791015625e-07
5198,9.5367431640625e-07,4.76837158203125e-07,2.384185791015625e-07
5199,4.76837158203125e-07,4.76837158203125e-07,0.0
5200,4.76837158203125e-07,4.76837158203125e-07,2.384185791015625e-07
5201,4.76837158203125e-07,4.76837158203125e-07,2.384185791015625e-07
5202,7.152557373046875e-07,7.152557373046875e-07,0.0
5203,4.76837158203125e-07,4.76837158203125e-07,2.384185791015625e-07
5204,4.76837158203125e-07,4.76837158203125e-07,0.0
5205,9.5367431640625e-07,4.76837158203125e-07,4.76837158203125e-07
5206,7.152557373046875e-07,4.76837158203125e-07,2.384185791015625e-07
5207,4.76837158203125e-07,4.76837158203125e-07,0.0
5208,4.76837158203125e-07,7.152557373046875e-07,2.384185791015625e-07
5209,9.5367431640625e-07,7.152557373046875e-07,0.0
5210,7.152557373046875e-07,7.152557373046875e-07,2.384185791015625e-07
5211,4.76837158203125e-07,4.76837158203125e-07,2.384185791015625e-07
5212,4.76837158203125e-07,4.76837158203125e-07,0.0
5213,4.76837158203125e-07,4.76837158203125e-07,4.76837158203125e-07
5214,4.76837158203125e-07,7.152557373046875e-07,2.384185791015625e-07
5215,4.76837158203125e-07,4.76837158203125e-07,0.0
5216,4.76837158203125e-07,4.76837158203125e-07,0.0
5217,4.76837158203125e-07,7.152557373046875e-07,2.384185791015625e-07
5218,7.152557373046875e-07,9.5367431640625e-07,2.384185791015625e-07
5219,4.76837158203125e-07,9.5367431640625e-07,0.0
5220,4.76837158203125e-07,7.152557373046875e-07,2.384185791015625e-07
5221,4.76837158203125e-07,7.152557373046875e-07,4.76837158203125e-07
5222,4.76837158203125e-07,7.152557373046875e-07,0.0
5223,4.76837158203125e-07,4.76837158203125e-07,2.384185791015625e-07
5224,4.76837158203125e-07,7.152557373046875e-07,2.384185791015625e-07
5225,4.76837158203125e-07,4.76837158203125e-07,0.0
5226,7.152557373046875e-07,4.76837158203125e-07,2.384185791015625e-07
5227,4.76837158203125e-07,4.76837158203125e-07,2.384185791015625e-07
5228,4.76837158203125e-07,7.152557373046875e-07,0.0
5229,7.152557373046875e-07,9.5367431640625e-07,0.0
5230,4.76837158203125e-07,7.152557373046875e-07,2.384185791015625e-07
5231,4.76837158203125e-07,4.76837158203125e-07,2.384185791015625e-07
5232,4.76837158203125e-07,4.76837158203125e-07,0.0
5233,7.152557373046875e-07,4.76837158203125e-07,2.384185791015625e-07
5234,4.76837158203125e-07,7.152557373046875e-07,2.384185791015625e-07
5235,4.76837158203125e-07,7.152557373046875e-07,2.384185791015625e-07
5236,7.152557373046875e-07,4.76837158203125e-07,0.0
5237,4.76837158203125e-07,4.76837158203125e-07,2.384185791015625e-07
5238,4.76837158203125e-07,7.152557373046875e-07,2.384185791015625e-07
5239,4.76837158203125e-07,7.152557373046875e-07,0.0
5240,4.76837158203125e-07,4.76837158203125e-07,2.384185791015625e-07
5241,4.76837158203125e-07,4.76837158203125e-07,2.384185791015625e-07
5242,7.152557373046875e-07,4.76837158203125e-07,0.0
5243,4.76837158203125e-07,4.76837158203125e-07,2.384185791015625e-07
5244,7.152557373046875e-07,4.76837158203125e-07,4.76837158203125e-07
5245,4.76837158203125e-07,7.152557373046875e-07,2.384185791015625e-07
5246,7.152557373046875e-07,7.152557373046875e-07,2.384185791015625e-07
5247,4.76837158203125e-07,7.152557373046875e-07,0.0
5248,4.76837158203125e-07,4.76837158203125e-07,2.384185791015625e-07
5249,4.76837158203125e-07,4.76837158203125e-07,0.0
5250,7.152557373046875e-07,4.76837158203125e-07,2.384185791015625e-07
5251,4.76837158203125e-07,4.76837158203125e-07,2.384185791015625e-07
5252,4.76837158203125e-07,4.76837158203125e-07,4.76837158203125e-07
5253,4.76837158203125e-07,4.76837158203125e-07,2.384185791015625e-07
5254,4.76837158203125e-07,4.76837158203125e-07,0.0
5255,7.152557373046875e-07,4.76837158203125e-07,2.384185791015625e-07
5256,4.76837158203125e-07,4.76837158203125e-07,2.384185791015625e-07
5257,7.152557373046875e-07,4.76837158203125e-07,2.384185791015625e-07
5258,7.152557373046875e-07,7.152557373046875e-07,2.384185791015625e-07
5259,4.76837158203125e-07,4.76837158203125e-07,2.384185791015625e-07
5260,9.5367431640625e-07,7.152557373046875e-07,0.0
5261,7.152557373046875e-07,4.76837158203125e-07,2.384185791015625e-07
5262,7.152557373046875e-07,4.76837158203125e-07,2.384185791015625e-07
5263,4.76837158203125e-07,4.76837158203125e-07,0.0
5264,7.152557373046875e-07,9.5367431640625e-07,2.384185791015625e-07
5265,4.76837158203125e-07,7.152557373046875e-07,2.384185791015625e-07
5266,4.76837158203125e-07,7.152557373046875e-07,0.0
5267,4.76837158203125e-07,7.152557373046875e-07,2.384185791015625e-07
5268,4.76837158203125e-07,7.152557373046875e-07,4.76837158203125e-07
5269,4.76837158203125e-07,7.152557373046875e-07,0.0
5270,4.76837158203125e-07,7.152557373046875e-07,2.384185791015625e-07
5271,4.76837158203125e-07,4.76837158203125e-07,2.384185791015625e-07
5272,7.152557373046875e-07,9.5367431640625e-07,0.0
5273,4.76837158203125e-07,7.152557373046875e-07,2.384185791015625e-07
5274,7.152557373046875e-07,4.76837158203125e-07,2.384185791015625e-07
5275,7.152557373046875e-07,4.76837158203125e-07,2.384185791015625e-07
5276,4.76837158203125e-07,4.76837158203125e-07,2.384185791015625e-07
5277,9.5367431640625e-07,4.76837158203125e-07,2.384185791015625e-07
5278,7.152557373046875e-07,4.76837158203125e-07,0.0
5279,7.152557373046875e-07,4.76837158203125e-07,2.384185791015625e-07
5280,7.152557373046875e-07,4.76837158203125e-07,2.384185791015625e-07
5281,7.152557373046875e-07,4.76837158203125e-07,0.0
5282,4.76837158203125e-07,7.152557373046875e-07,0.0
5283,4.76837158203125e-07,4.76837158203125e-07,2.384185791015625e-07
5284,7.152557373046875e-07,4.76837158203125e-07,4.76837158203125e-07
5285,4.76837158203125e-07,4.76837158203125e-07,2.384185791015625e-07
5286,4.76837158203125e-07,7.152557373046875e-07,0.0
5287,4.76837158203125e-07,7.152557373046875e-07,2.384185791015625e-07
5288,4.76837158203125e-07,4.76837158203125e-07,2.384185791015625e-07
5289,4.76837158203125e-07,4.76837158203125e-07,2.384185791015625e-07
5290,7.152557373046875e-07,4.76837158203125e-07,2.384185791015625e-07
5291,7.152557373046875e-07,4.76837158203125e-07,2.384185791015625e-07
5292,7.152557373046875e-07,4.76837158203125e-07,2.384185791015625e-07
5293,4.76837158203125e-07,4.76837158203125e-07,0.0
5294,4.76837158203125e-07,4.76837158203125e-07,2.384185791015625e-07
5295,4.76837158203125e-07,4.76837158203125e-07,2.384185791015625e-07
5296,4.76837158203125e-07,4.76837158203125e-07,2.384185791015625e-07
5297,4.76837158203125e-07,9.5367431640625e-07,2.384185791015625e-07
5298,7.152557373046875e-07,7.152557373046875e-07,2.384185791015625e-07
5299,4.76837158203125e-07,7.152557373046875e-07,2.384185791015625e-07
5300,4.76837158203125e-07,7.152557373046875e-07,0.0
5301,7.152557373046875e-07,7.152557373046875e-07,2.384185791015625e-07
5302,4.76837158203125e-07,9.5367431640625e-07,2.384185791015625e-07
5303,7.152557373046875e-07,9.5367431640625e-07,0.0
5304,7.152557373046875e-07,4.76837158203125e-07,2.384185791015625e-07
5305,4.76837158203125e-07,4.76837158203125e-07,2.384185791015625e-07
5306,4.76837158203125e-07,4.76837158203125e-07,4.76837158203125e-07
5307,4.76837158203125e-07,4.76837158203125e-07,0.0
5308,4.76837158203125e-07,7.152557373046875e-07,0.0
5309,4.76837158203125e-07,7.152557373046875e-07,2.384185791015625e-07
5310,4.76837158203125e-07,4.76837158203125e-07,2.384185791015625e-07
5311,7.152557373046875e-07,4.76837158203125e-07,0.0
5312,4.76837158203125e-07,4.76837158203125e-07,2.384185791015625e-07
5313,4.76837158203125e-07,4.76837158203125e-07,2.384185791015625e-07
5314,4.76837158203125e-07,7.152557373046875e-07,0.0
5315,4.76837158203125e-07,7.152557373046875e-07,2.384185791015625e-07
5316,4.76837158203125e-07,4.76837158203125e-07,2.384185791015625e-07
5317,4.76837158203125e-07,4.76837158203125e-07,2.384185791015625e-07
5318,9.5367431640625e-07,4.76837158203125e-07,2.384185791015625e-07
5319,4.76837158203125e-07,4.76837158203125e-07,2.384185791015625e-07
5320,4.76837158203125e-07,4.76837158203125e-07,2.384185791015625e-07
5321,4.76837158203125e-07,4.76837158203125e-07,2.384185791015625e-07
5322,4.76837158203125e-07,7.152557373046875e-07,0.0
5323,4.76837158203125e-07,4.76837158203125e-07,2.384185791015625e-07
5324,4.76837158203125e-07,4.76837158203125e-07,2.384185791015625e-07
5325,7.152557373046875e-07,4.76837158203125e-07,0.0
5326,7.152557373046875e-07,4.76837158203125e-07,2.384185791015625e-07
5327,4.76837158203125e-07,4.76837158203125e-07,2.384185791015625e-07
5328,9.5367431640625e-07,7.152557373046875e-07,0.0
5329,4.76837158203125e-07,4.76837158203125e-07,2.384185791015625e-07
5330,4.76837158203125e-07,4.76837158203125e-07,2.384185791015625e-07
5331,4.76837158203125e-07,4.76837158203125e-07,0.0
5332,4.76837158203125e-07,7.152557373046875e-07,0.0
5333,4.76837158203125e-07,7.152557373046875e-07,2.384185791015625e-07
5334,4.76837158203125e-07,9.5367431640625e-07,2.384185791015625e-07
5335,4.76837158203125e-07,7.152557373046875e-07,0.0
5336,4.76837158203125e-07,7.152557373046875e-07,0.0
5337,4.76837158203125e-07,7.152557373046875e-07,2.384185791015625e-07
5338,7.152557373046875e-07,7.152557373046875e-07,4.76837158203125e-07
5339,4.76837158203125e-07,9.5367431640625e-07,2.384185791015625e-07
5340,4.76837158203125e-07,4.76837158203125e-07,2.384185791015625e-07
5341,7.152557373046875e-07,4.76837158203125e-07,2.384185791015625e-07
5342,4.76837158203125e-07,4.76837158203125e-07,2.384185791015625e-07
5343,7.152557373046875e-07,4.76837158203125e-07,2.384185791015625e-07
5344,4.76837158203125e-07,4.76837158203125e-07,0.0
5345,9.5367431640625e-07,4.76837158203125e-07,2.384185791015625e-07
5346,4.76837158203125e-07,4.76837158203125e-07,4.76837158203125e-07
5347,7.152557373046875e-07,4.76837158203125e-07,2.384185791015625e-07
5348,7.152557373046875e-07,4.76837158203125e-07,0.0
5349,4.76837158203125e-07,4.76837158203125e-07,2.384185791015625e-07
5350,4.76837158203125e-07,7.152557373046875e-07,2.384185791015625e-07
5351,4.76837158203125e-07,7.152557373046875e-07,0.0
5352,4.76837158203125e-07,4.76837158203125e-07,2.384185791015625e-07
5353,4.76837158203125e-07,4.76837158203125e-07,2.384185791015625e-07
5354,4.76837158203125e-07,7.152557373046875e-07,2.384185791015625e-07
5355,7.152557373046875e-07,7.152557373046875e-07,2.384185791015625e-07
5356,4.76837158203125e-07,4.76837158203125e-07,2.384185791015625e-07
5357,4.76837158203125e-07,4.76837158203125e-07,2.384185791015625e-07
5358,4.76837158203125e-07,7.152557373046875e-07,0.0
5359,4.76837158203125e-07,4.76837158203125e-07,2.384185791015625e-07
5360,4.76837158203125e-07,4.76837158203125e-07,2.384185791015625e-07
5361,4.76837158203125e-07,4.76837158203125e-07,0.0
5362,4.76837158203125e-07,4.76837158203125e-07,4.76837158203125e-07
5363,4.76837158203125e-07,4.76837158203125e-07,2.384185791015625e-07
5364,4.76837158203125e-07,7.152557373046875e-07,2.384185791015625e-07
5365,4.76837158203125e-07,4.76837158203125e-07,0.0
5366,4.76837158203125e-07,4.76837158203125e-07,2.384185791015625e-07
5367,4.76837158203125e-07,4.76837158203125e-07,2.384185791015625e-07
5368,4.76837158203125e-07,4.76837158203125e-07,0.0
5369,4.76837158203125e-07,4.76837158203125e-07,2.384185791015625e-07
5370,4.76837158203125e-07,7.152557373046875e-07,0.0
5371,7.152557373046875e-07,7.152557373046875e-07,2.384185791015625e-07
5372,7.152557373046875e-07,7.152557373046875e-07,2.384185791015625e-07
5373,4.76837158203125e-07,7.152557373046875e-07,0.0
5374,4.76837158203125e-07,4.76837158203125e-07,2.384185791015625e-07
5375,4.76837158203125e-07,4.76837158203125e-07,2.384185791015625e-07
5376,4.76837158203125e-07,4.76837158203125e-07,0.0
5377,7.152557373046875e-07,7.152557373046875e-07,2.384185791015625e-07
5378,4.76837158203125e-07,7.152557373046875e-07,4.76837158203125e-07
5379,9.5367431640625e-07,4.76837158203125e-07,0.0
5380,7.152557373046875e-07,4.76837158203125e-07,2.384185791015625e-07
5381,4.76837158203125e-07,4.76837158203125e-07,2.384185791015625e-07
5382,4.76837158203125e-07,7.152557373046875e-07,2.384185791015625e-07
5383,4.76837158203125e-07,4.76837158203125e-07,2.384185791015625e-07
5384,4.76837158203125e-07,7.152557373046875e-07,0.0
5385,4.76837158203125e-07,4.76837158203125e-07,2.384185791015625e-07
5386,7.152557373046875e-07,4.76837158203125e-07,2.384185791015625e-07
5387,4.76837158203125e-07,7.152557373046875e-07,0.0
5388,4.76837158203125e-07,4.76837158203125e-07,0.0
5389,4.76837158203125e-07,4.76837158203125e-07,2.384185791015625e-07
5390,4.76837158203125e-07,4.76837158203125e-07,2.384185791015625e-07
5391,4.76837158203125e-07,4.76837158203125e-07,0.0
5392,4.76837158203125e-07,4.76837158203125e-07,2.384185791015625e-07
5393,4.76837158203125e-07,4.76837158203125e-07,2.384185791015625e-07
5394,4.76837158203125e-07,4.76837158203125e-07,0.0
5395,4.76837158203125e-07,4.76837158203125e-07,0.0
5396,7.152557373046875e-07,7.152557373046875e-07,2.384185791015625e-07
5397,4.76837158203125e-07,4.76837158203125e-07,2.384185791015625e-07
5398,4.76837158203125e-07,4.76837158203125e-07,0.0
5399,4.76837158203125e-07,7.152557373046875e-07,2.384185791015625e-07
5400,4.76837158203125e-07,9.5367431640625e-07,2.384185791015625e-07
5401,4.76837158203125e-07,7.152557373046875e-07,0.0
5402,4.76837158203125e-07,7.152557373046875e-07,2.384185791015625e-07
5403,9.5367431640625e-07,7.152557373046875e-07,2.384185791015625e-07
5404,4.76837158203125e-07,7.152557373046875e-07,0.0
5405,4.76837158203125e-07,4.76837158203125e-07,0.0
5406,4.76837158203125e-07,4.76837158203125e-07,2.384185791015625e-07
5407,4.76837158203125e-07,4.76837158203125e-07,0.0
5408,4.76837158203125e-07,4.76837158203125e-07,2.384185791015625e-07
5409,4.76837158203125e-07,4.76837158203125e-07,2.384185791015625e-07
5410,9.5367431640625e-07,4.76837158203125e-07,4.76837158203125e-07
5411,4.76837158203125e-07,4.76837158203125e-07,2.384185791015625e-07
5412,7.152557373046875e-07,4.76837158203125e-07,0.0
5413,4.76837158203125e-07,4.76837158203125e-07,2.384185791015625e-07
5414,4.76837158203125e-07,4.76837158203125e-07,2.384185791015625e-07
5415,4.76837158203125e-07,4.76837158203125e-07,0.0
5416,7.152557373046875e-07,4.76837158203125e-07,2.384185791015625e-07
5417,4.76837158203125e-07,4.76837158203125e-07,2.384185791015625e-07
5418,7.152557373046875e-07,7.152557373046875e-07,0.0
5419,4.76837158203125e-07,7.152557373046875e-07,2.384185791015625e-07
5420,7.152557373046875e-07,4.76837158203125e-07,2.384185791015625e-07
5421,4.76837158203125e-07,4.76837158203125e-07,0.0
5422,4.76837158203125e-07,4.76837158203125e-07,2.384185791015625e-07
5423,7.152557373046875e-07,7.152557373046875e-07,0.0
5424,4.76837158203125e-07,4.76837158203125e-07,2.384185791015625e-07
5425,4.76837158203125e-07,4.76837158203125e-07,2.384185791015625e-07
5426,4.76837158203125e-07,4.76837158203125e-07,0.0
5427,4.76837158203125e-07,4.76837158203125e-07,0.0
5428,4.76837158203125e-07,4.76837158203125e-07,2.384185791015625e-07
5429,7.152557373046875e-07,7.152557373046875e-07,2.384185791015625e-07
5430,4.76837158203125e-07,7.152557373046875e-07,2.384185791015625e-07
5431,7.152557373046875e-07,7.152557373046875e-07,2.384185791015625e-07
5432,4.76837158203125e-07,7.152557373046875e-07,2.384185791015625e-07
5433,9.5367431640625e-07,4.76837158203125e-07,0.0
5434,7.152557373046875e-07,7.152557373046875e-07,2.384185791015625e-07
5435,4.76837158203125e-07,4.76837158203125e-07,2.384185791015625e-07
5436,4.76837158203125e-07,4.76837158203125e-07,0.0
5437,7.152557373046875e-07,7.152557373046875e-07,2.384185791015625e-07
5438,4.76837158203125e-07,4.76837158203125e-07,0.0
5439,4.76837158203125e-07,4.76837158203125e-07,2.384185791015625e-07
5440,7.152557373046875e-07,7.152557373046875e-07,2.384185791015625e-07
5441,7.152557373046875e-07,7.152557373046875e-07,2.384185791015625e-07
5442,4.76837158203125e-07,4.76837158203125e-07,2.384185791015625e-07
5443,4.76837158203125e-07,4.76837158203125e-07,2.384185791015625e-07
5444,7.152557373046875e-07,4.76837158203125e-07,0.0
5445,4.76837158203125e-07,4.76837158203125e-07,2.384185791015625e-07
5446,4.76837158203125e-07,4.76837158203125e-07,2.384185791015625e-07
5447,7.152557373046875e-07,4.76837158203125e-07,2.384185791015625e-07
5448,4.76837158203125e-07,7.152557373046875e-07,2.384185791015625e-07
5449,4.76837158203125e-07,7.152557373046875e-07,0.0
5450,4.76837158203125e-07,4.76837158203125e-07,0.0
5451,9.5367431640625e-07,4.76837158203125e-07,4.76837158203125e-07
5452,7.152557373046875e-07,4.76837158203125e-07,0.0
5453,4.76837158203125e-07,4.76837158203125e-07,2.384185791015625e-07
5454,7.152557373046875e-07,4.76837158203125e-07,2.384185791015625e-07
5455,4.76837158203125e-07,4.76837158203125e-07,0.0
5456,4.76837158203125e-07,4.76837158203125e-07,2.384185791015625e-07
5457,4.76837158203125e-07,4.76837158203125e-07,0.0
5458,4.76837158203125e-07,4.76837158203125e-07,2.384185791015625e-07
5459,4.76837158203125e-07,9.5367431640625e-07,2.384185791015625e-07
5460,4.76837158203125e-07,7.152557373046875e-07,2.384185791015625e-07
5461,9.5367431640625e-07,7.152557373046875e-07,0.0
5462,7.152557373046875e-07,9.5367431640625e-07,0.0
5463,4.76837158203125e-07,9.5367431640625e-07,2.384185791015625e-07
5464,4.76837158203125e-07,7.152557373046875e-07,0.0
5465,4.76837158203125e-07,4.76837158203125e-07,0.0
5466,4.76837158203125e-07,7.152557373046875e-07,2.384185791015625e-07
5467,4.76837158203125e-07,4.76837158203125e-07,4.76837158203125e-07
5468,7.152557373046875e-07,7.152557373046875e-07,2.384185791015625e-07
5469,4.76837158203125e-07,7.152557373046875e-07,0.0
5470,7.152557373046875e-07,4.76837158203125e-07,2.384185791015625e-07
5471,4.76837158203125e-07,4.76837158203125e-07,2.384185791015625e-07
5472,4.76837158203125e-07,4.76837158203125e-07,0.0
5473,4.76837158203125e-07,4.76837158203125e-07,2.384185791015625e-07
5474,4.76837158203125e-07,7.152557373046875e-07,2.384185791015625e-07
5475,7.152557373046875e-07,7.152557373046875e-07,0.0
5476,4.76837158203125e-07,4.76837158203125e-07,2.384185791015625e-07
5477,4.76837158203125e-07,4.76837158203125e-07,2.384185791015625e-07
5478,4.76837158203125e-07,4.76837158203125e-07,2.384185791015625e-07
5479,4.76837158203125e-07,4.76837158203125e-07,0.0
5480,4.76837158203125e-07,4.76837158203125e-07,2.384185791015625e-07
5481,4.76837158203125e-07,4.76837158203125e-07,2.384185791015625e-07
5482,7.152557373046875e-07,4.76837158203125e-07,0.0
5483,7.152557373046875e-07,4.76837158203125e-07,4.76837158203125e-07
5484,4.76837158203125e-07,4.76837158203125e-07,0.0
5485,4.76837158203125e-07,7.152557373046875e-07,2.384185791015625e-07
5486,4.76837158203125e-07,4.76837158203125e-07,2.384185791015625e-07
5487,4.76837158203125e-07,4.76837158203125e-07,0.0
5488,4.76837158203125e-07,7.152557373046875e-07,0.0
5489,7.152557373046875e-07,7.152557373046875e-07,2.384185791015625e-07
5490,4.76837158203125e-07,4.76837158203125e-07,2.384185791015625e-07
5491,7.152557373046875e-07,4.76837158203125e-07,2.384185791015625e-07
5492,4.76837158203125e-07,4.76837158203125e-07,2.384185791015625e-07
5493,7.152557373046875e-07,7.152557373046875e-07,2.384185791015625e-07
5494,4.76837158203125e-07,7.152557373046875e-07,2.384185791015625e-07
5495,4.76837158203125e-07,7.152557373046875e-07,2.384185791015625e-07
5496,7.152557373046875e-07,7.152557373046875e-07,0.0
5497,4.76837158203125e-07,4.76837158203125e-07,2.384185791015625e-07
5498,4.76837158203125e-07,4.76837158203125e-07,2.384185791015625e-07
5499,4.76837158203125e-07,4.76837158203125e-07,0.0
5500,4.76837158203125e-07,4.76837158203125e-07,2.384185791015625e-07
5501,4.76837158203125e-07,4.76837158203125e-07,2.384185791015625e-07
5502,4.76837158203125e-07,7.152557373046875e-07,0.0
5503,7.152557373046875e-07,7.152557373046875e-07,2.384185791015625e-07
5504,4.76837158203125e-07,7.152557373046875e-07,0.0
5505,4.76837158203125e-07,7.152557373046875e-07,2.384185791015625e-07
5506,4.76837158203125e-07,4.76837158203125e-07,2.384185791015625e-07
5507,4.76837158203125e-07,4.76837158203125e-07,0.0
5508,4.76837158203125e-07,4.76837158203125e-07,4.76837158203125e-07
5509,4.76837158203125e-07,4.76837158203125e-07,0.0
5510,4.76837158203125e-07,4.76837158203125e-07,0.0
5511,4.76837158203125e-07,7.152557373046875e-07,2.384185791015625e-07
5512,7.152557373046875e-07,4.76837158203125e-07,2.384185791015625e-07
5513,7.152557373046875e-07,4.76837158203125e-07,2.384185791015625e-07
5514,7.152557373046875e-07,4.76837158203125e-07,2.384185791015625e-07
5515,4.76837158203125e-07,4.76837158203125e-07,0.0
5516,7.152557373046875e-07,4.76837158203125e-07,4.76837158203125e-07
5517,4.76837158203125e-07,4.76837158203125e-07,2.384185791015625e-07
5518,4.76837158203125e-07,4.76837158203125e-07,2.384185791015625e-07
5519,4.76837158203125e-07,4.76837158203125e-07,2.384185791015625e-07
5520,4.76837158203125e-07,4.76837158203125e-07,0.0
5521,4.76837158203125e-07,7.152557373046875e-07,2.384185791015625e-07
5522,7.152557373046875e-07,7.152557373046875e-07,2.384185791015625e-07
5523,9.5367431640625e-07,7.152557373046875e-07,0.0
5524,7.152557373046875e-07,7.152557373046875e-07,2.384185791015625e-07
5525,4.76837158203125e-07,7.152557373046875e-07,2.384185791015625e-07
5526,4.76837158203125e-07,9.5367431640625e-07,2.384185791015625e-07
5527,4.76837158203125e-07,4.76837158203125e-07,2.384185791015625e-07
5528,4.76837158203125e-07,4.76837158203125e-07,0.0
5529,4.76837158203125e-07,4.76837158203125e-07,2.384185791015625e-07
5530,7.152557373046875e-07,4.76837158203125e-07,2.384185791015625e-07
5531,4.76837158203125e-07,4.76837158203125e-07,0.0
5532,7.152557373046875e-07,4.76837158203125e-07,2.384185791015625e-07
5533,4.76837158203125e-07,4.76837158203125e-07,4.76837158203125e-07
5534,4.76837158203125e-07,4.76837158203125e-07,0.0
5535,4.76837158203125e-07,4.76837158203125e-07,2.384185791015625e-07
5536,4.76837158203125e-07,4.76837158203125e-07,0.0
5537,7.152557373046875e-07,4.76837158203125e-07,2.384185791015625e-07
5538,4.76837158203125e-07,7.152557373046875e-07,2.384185791015625e-07
5539,4.76837158203125e-07,4.76837158203125e-07,2.384185791015625e-07
5540,4.76837158203125e-07,7.152557373046875e-07,0.0
5541,4.76837158203125e-07,4.76837158203125e-07,4.76837158203125e-07
5542,4.76837158203125e-07,4.76837158203125e-07,0.0
5543,4.76837158203125e-07,4.76837158203125e-07,2.384185791015625e-07
5544,7.152557373046875e-07,4.76837158203125e-07,2.384185791015625e-07
5545,4.76837158203125e-07,4.76837158203125e-07,0.0
5546,4.76837158203125e-07,4.76837158203125e-07,2.384185791015625e-07
5547,4.76837158203125e-07,7.152557373046875e-07,2.384185791015625e-07
5548,4.76837158203125e-07,7.152557373046875e-07,0.0
5549,7.152557373046875e-07,7.152557373046875e-07,2.384185791015625e-07
5550,4.76837158203125e-07,7.152557373046875e-07,2.384185791015625e-07
5551,4.76837158203125e-07,4.76837158203125e-07,2.384185791015625e-07
5552,4.76837158203125e-07,7.152557373046875e-07,2.384185791015625e-07
5553,4.76837158203125e-07,4.76837158203125e-07,0.0
5554,7.152557373046875e-07,7.152557373046875e-07,2.384185791015625e-07
5555,4.76837158203125e-07,7.152557373046875e-07,2.384185791015625e-07
5556,4.76837158203125e-07,7.152557373046875e-07,2.384185791015625e-07
5557,7.152557373046875e-07,9.5367431640625e-07,4.76837158203125e-07
5558,7.152557373046875e-07,7.152557373046875e-07,2.384185791015625e-07
5559,4.76837158203125e-07,7.152557373046875e-07,0.0
5560,7.152557373046875e-07,9.5367431640625e-07,2.384185791015625e-07
5561,7.152557373046875e-07,4.76837158203125e-07,2.384185791015625e-07
5562,7.152557373046875e-07,7.152557373046875e-07,2.384185791015625e-07
5563,4.76837158203125e-07,7.152557373046875e-07,2.384185791015625e-07
5564,4.76837158203125e-07,7.152557373046875e-07,0.0
5565,4.76837158203125e-07,4.76837158203125e-07,2.384185791015625e-07
5566,4.76837158203125e-07,4.76837158203125e-07,2.384185791015625e-07
5567,4.76837158203125e-07,4.76837158203125e-07,0.0
5568,7.152557373046875e-07,7.152557373046875e-07,2.384185791015625e-07
5569,7.152557373046875e-07,7.152557373046875e-07,2.384185791015625e-07
5570,7.152557373046875e-07,7.152557373046875e-07,0.0
5571,9.5367431640625e-07,4.76837158203125e-07,2.384185791015625e-07
5572,4.76837158203125e-07,7.152557373046875e-07,0.0
5573,7.152557373046875e-07,7.152557373046875e-07,2.384185791015625e-07
5574,7.152557373046875e-07,4.76837158203125e-07,2.384185791015625e-07
5575,7.152557373046875e-07,4.76837158203125e-07,0.0
5576,4.76837158203125e-07,4.76837158203125e-07,2.384185791015625e-07
5577,4.76837158203125e-07,7.152557373046875e-07,2.384185791015625e-07
5578,4.76837158203125e-07,4.76837158203125e-07,0.0
5579,4.76837158203125e-07,4.76837158203125e-07,2.384185791015625e-07
5580,4.76837158203125e-07,7.152557373046875e-07,2.384185791015625e-07
5581,4.76837158203125e-07,4.76837158203125e-07,2.384185791015625e-07
5582,4.76837158203125e-07,9.5367431640625e-07,4.76837158203125e-07
5583,4.76837158203125e-07,9.5367431640625e-07,0.0
5584,4.76837158203125e-07,7.152557373046875e-07,2.384185791015625e-07
5585,9.5367431640625e-07,7.152557373046875e-07,2.384185791015625e-07
5586,7.152557373046875e-07,7.152557373046875e-07,2.384185791015625e-07
5587,4.76837158203125e-07,4.76837158203125e-07,0.0
5588,7.152557373046875e-07,9.5367431640625e-07,2.384185791015625e-07
5589,7.152557373046875e-07,4.76837158203125e-07,2.384185791015625e-07
5590,7.152557373046875e-07,4.76837158203125e-07,0.0
5591,4.76837158203125e-07,4.76837158203125e-07,2.384185791015625e-07
5592,7.152557373046875e-07,4.76837158203125e-07,0.0
5593,4.76837158203125e-07,4.76837158203125e-07,2.384185791015625e-07
5594,4.76837158203125e-07,4.76837158203125e-07,2.384185791015625e-07
5595,4.76837158203125e-07,4.76837158203125e-07,0.0
5596,4.76837158203125e-07,4.76837158203125e-07,2.384185791015625e-07
5597,4.76837158203125e-07,4.76837158203125e-07,2.384185791015625e-07
5598,4.76837158203125e-07,7.152557373046875e-07,0.0
5599,7.152557373046875e-07,7.152557373046875e-07,0.0
5600,4.76837158203125e-07,7.152557373046875e-07,2.384185791015625e-07
5601,4.76837158203125e-07,4.76837158203125e-07,0.0
5602,7.152557373046875e-07,7.152557373046875e-07,2.384185791015625e-07
5603,4.76837158203125e-07,7.152557373046875e-07,2.384185791015625e-07
5604,4.76837158203125e-07,4.76837158203125e-07,0.0
5605,7.152557373046875e-07,4.76837158203125e-07,2.384185791015625e-07
5606,9.5367431640625e-07,4.76837158203125e-07,2.384185791015625e-07
5607,4.76837158203125e-07,7.152557373046875e-07,0.0
5608,7.152557373046875e-07,4.76837158203125e-07,2.384185791015625e-07
5609,4.76837158203125e-07,4.76837158203125e-07,2.384185791015625e-07
5610,4.76837158203125e-07,7.152557373046875e-07,0.0
5611,4.76837158203125e-07,7.152557373046875e-07,2.384185791015625e-07
5612,4.76837158203125e-07,7.152557373046875e-07,2.384185791015625e-07
5613,4.76837158203125e-07,4.76837158203125e-07,0.0
5614,4.76837158203125e-07,4.76837158203125e-07,2.384185791015625e-07
5615,7.152557373046875e-07,4.76837158203125e-07,2.384185791015625e-07
5616,7.152557373046875e-07,4.76837158203125e-07,0.0
5617,7.152557373046875e-07,4.76837158203125e-07,2.384185791015625e-07
5618,4.76837158203125e-07,4.76837158203125e-07,2.384185791015625e-07
5619,4.76837158203125e-07,4.76837158203125e-07,0.0
5620,4.76837158203125e-07,7.152557373046875e-07,2.384185791015625e-07
5621,4.76837158203125e-07,4.76837158203125e-07,2.384185791015625e-07
5622,7.152557373046875e-07,4.76837158203125e-07,0.0
5623,7.152557373046875e-07,4.76837158203125e-07,4.76837158203125e-07
5624,7.152557373046875e-07,4.76837158203125e-07,2.384185791015625e-07
5625,4.76837158203125e-07,4.76837158203125e-07,0.0
5626,4.76837158203125e-07,4.76837158203125e-07,2.384185791015625e-07
5627,4.76837158203125e-07,4.76837158203125e-07,2.384185791015625e-07
5628,4.76837158203125e-07,4.76837158203125e-07,0.0
5629,4.76837158203125e-07,4.76837158203125e-07,2.384185791015625e-07
5630,7.152557373046875e-07,4.76837158203125e-07,2.384185791015625e-07
5631,7.152557373046875e-07,4.76837158203125e-07,0.0
5632,4.76837158203125e-07,7.152557373046875e-07,2.384185791015625e-07
5633,4.76837158203125e-07,7.152557373046875e-07,0.0
5634,4.76837158203125e-07,4.76837158203125e-07,2.384185791015625e-07
5635,4.76837158203125e-07,7.152557373046875e-07,2.384185791015625e-07
5636,4.76837158203125e-07,4.76837158203125e-07,0.0
5637,7.152557373046875e-07,4.76837158203125e-07,2.384185791015625e-07
5638,4.76837158203125e-07,9.5367431640625e-07,2.384185791015625e-07
5639,4.76837158203125e-07,9.5367431640625e-07,0.0
5640,4.76837158203125e-07,7.152557373046875e-07,2.384185791015625e-07
5641,7.152557373046875e-07,4.76837158203125e-07,2.384185791015625e-07
5642,4.76837158203125e-07,9.5367431640625e-07,0.0
5643,4.76837158203125e-07,4.76837158203125e-07,2.384185791015625e-07
5644,4.76837158203125e-07,4.76837158203125e-07,2.384185791015625e-07
5645,4.76837158203125e-07,7.152557373046875e-07,2.384185791015625e-07
5646,4.76837158203125e-07,7.152557373046875e-07,2.384185791015625e-07
5647,7.152557373046875e-07,4.76837158203125e-07,0.0
5648,4.76837158203125e-07,4.76837158203125e-07,2.384185791015625e-07
5649,4.76837158203125e-07,7.152557373046875e-07,2.384185791015625e-07
5650,7.152557373046875e-07,7.152557373046875e-07,0.0
5651,4.76837158203125e-07,4.76837158203125e-07,2.384185791015625e-07
5652,7.152557373046875e-07,4.76837158203125e-07,0.0
5653,4.76837158203125e-07,4.76837158203125e-07,2.384185791015625e-07
5654,7.152557373046875e-07,4.76837158203125e-07,2.384185791015625e-07
5655,4.76837158203125e-07,4.76837158203125e-07,0.0
5656,4.76837158203125e-07,4.76837158203125e-07,4.76837158203125e-07
5657,7.152557373046875e-07,4.76837158203125e-07,2.384185791015625e-07
5658,4.76837158203125e-07,4.76837158203125e-07,2.384185791015625e-07
5659,4.76837158203125e-07,4.76837158203125e-07,2.384185791015625e-07
5660,4.76837158203125e-07,4.76837158203125e-07,0.0
5661,4.76837158203125e-07,4.76837158203125e-07,2.384185791015625e-07
5662,4.76837158203125e-07,4.76837158203125e-07,2.384185791015625e-07
5663,7.152557373046875e-07,4.76837158203125e-07,2.384185791015625e-07
5664,9.5367431640625e-07,7.152557373046875e-07,2.384185791015625e-07
5665,4.76837158203125e-07,7.152557373046875e-07,0.0
5666,7.152557373046875e-07,7.152557373046875e-07,2.384185791015625e-07
5667,4.76837158203125e-07,9.5367431640625e-07,2.384185791015625e-07
5668,4.76837158203125e-07,7.152557373046875e-07,0.0
5669,4.76837158203125e-07,7.152557373046875e-07,2.384185791015625e-07
5670,4.76837158203125e-07,4.76837158203125e-07,2.384185791015625e-07
5671,7.152557373046875e-07,4.76837158203125e-07,2.384185791015625e-07
5672,4.76837158203125e-07,4.76837158203125e-07,2.384185791015625e-07
5673,4.76837158203125e-07,4.76837158203125e-07,0.0
5674,4.76837158203125e-07,4.76837158203125e-07,2.384185791015625e-07
5675,4.76837158203125e-07,4.76837158203125e-07,2.384185791015625e-07
5676,4.76837158203125e-07,4.76837158203125e-07,0.0
5677,7.152557373046875e-07,4.76837158203125e-07,2.384185791015625e-07
5678,7.152557373046875e-07,7.152557373046875e-07,2.384185791015625e-07
5679,4.76837158203125e-07,4.76837158203125e-07,2.384185791015625e-07
5680,4.76837158203125e-07,7.152557373046875e-07,2.384185791015625e-07
5681,4.76837158203125e-07,7.152557373046875e-07,0.0
5682,7.152557373046875e-07,7.152557373046875e-07,2.384185791015625e-07
5683,7.152557373046875e-07,7.152557373046875e-07,2.384185791015625e-07
5684,4.76837158203125e-07,4.76837158203125e-07,0.0
5685,4.76837158203125e-07,4.76837158203125e-07,2.384185791015625e-07
5686,4.76837158203125e-07,7.152557373046875e-07,2.384185791015625e-07
5687,7.152557373046875e-07,4.76837158203125e-07,2.384185791015625e-07
5688,9.5367431640625e-07,7.152557373046875e-07,2.384185791015625e-07
5689,4.76837158203125e-07,4.76837158203125e-07,0.0
5690,4.76837158203125e-07,4.76837158203125e-07,2.384185791015625e-07
5691,4.76837158203125e-07,9.5367431640625e-07,2.384185791015625e-07
5692,4.76837158203125e-07,4.76837158203125e-07,2.384185791015625e-07
5693,4.76837158203125e-07,7.152557373046875e-07,2.384185791015625e-07
5694,4.76837158203125e-07,9.5367431640625e-07,2.384185791015625e-07
5695,7.152557373046875e-07,7.152557373046875e-07,2.384185791015625e-07
5696,4.76837158203125e-07,9.5367431640625e-07,2.384185791015625e-07
5697,4.76837158203125e-07,4.76837158203125e-07,4.76837158203125e-07
5698,4.76837158203125e-07,4.76837158203125e-07,2.384185791015625e-07
5699,4.76837158203125e-07,4.76837158203125e-07,0.0
5700,4.76837158203125e-07,7.152557373046875e-07,2.384185791015625e-07
5701,4.76837158203125e-07,4.76837158203125e-07,0.0
5702,7.152557373046875e-07,7.152557373046875e-07,2.384185791015625e-07
5703,4.76837158203125e-07,4.76837158203125e-07,2.384185791015625e-07
5704,4.76837158203125e-07,7.152557373046875e-07,4.76837158203125e-07
5705,4.76837158203125e-07,4.76837158203125e-07,2.384185791015625e-07
5706,4.76837158203125e-07,4.76837158203125e-07,2.384185791015625e-07
5707,7.152557373046875e-07,4.76837158203125e-07,2.384185791015625e-07
5708,4.76837158203125e-07,4.76837158203125e-07,2.384185791015625e-07
5709,7.152557373046875e-07,4.76837158203125e-07,2.384185791015625e-07
5710,7.152557373046875e-07,4.76837158203125e-07,2.384185791015625e-07
5711,4.76837158203125e-07,4.76837158203125e-07,0.0
5712,9.5367431640625e-07,7.152557373046875e-07,2.384185791015625e-07
5713,4.76837158203125e-07,4.76837158203125e-07,2.384185791015625e-07
5714,4.76837158203125e-07,4.76837158203125e-07,0.0
5715,4.76837158203125e-07,4.76837158203125e-07,2.384185791015625e-07
5716,9.5367431640625e-07,4.76837158203125e-07,2.384185791015625e-07
5717,4.76837158203125e-07,4.76837158203125e-07,0.0
5718,4.76837158203125e-07,4.76837158203125e-07,2.384185791015625e-07
5719,4.76837158203125e-07,4.76837158203125e-07,2.384185791015625e-07
5720,4.76837158203125e-07,4.76837158203125e-07,0.0
5721,4.76837158203125e-07,9.5367431640625e-07,2.384185791015625e-07
5722,4.76837158203125e-07,4.76837158203125e-07,0.0
5723,4.76837158203125e-07,7.152557373046875e-07,2.384185791015625e-07
5724,4.76837158203125e-07,7.152557373046875e-07,2.384185791015625e-07
5725,4.76837158203125e-07,7.152557373046875e-07,0.0
5726,7.152557373046875e-07,7.152557373046875e-07,0.0
5727,4.76837158203125e-07,7.152557373046875e-07,2.384185791015625e-07
5728,4.76837158203125e-07,4.76837158203125e-07,0.0
5729,9.5367431640625e-07,4.76837158203125e-07,2.384185791015625e-07
5730,4.76837158203125e-07,4.76837158203125e-07,2.384185791015625e-07
5731,7.152557373046875e-07,4.76837158203125e-07,0.0
5732,7.152557373046875e-07,4.76837158203125e-07,2.384185791015625e-07
5733,7.152557373046875e-07,4.76837158203125e-07,2.384185791015625e-07
5734,4.76837158203125e-07,4.76837158203125e-07,2.384185791015625e-07
5735,4.76837158203125e-07,4.76837158203125e-07,0.0
5736,7.152557373046875e-07,7.152557373046875e-07,4.76837158203125e-07
5737,4.76837158203125e-07,4.76837158203125e-07,2.384185791015625e-07
5738,4.76837158203125e-07,7.152557373046875e-07,0.0
5739,4.76837158203125e-07,7.152557373046875e-07,2.384185791015625e-07
5740,4.76837158203125e-07,4.76837158203125e-07,2.384185791015625e-07
5741,4.76837158203125e-07,4.76837158203125e-07,2.384185791015625e-07
5742,4.76837158203125e-07,4.76837158203125e-07,0.0
5743,9.5367431640625e-07,4.76837158203125e-07,2.384185791015625e-07
5744,4.76837158203125e-07,4.76837158203125e-07,2.384185791015625e-07
5745,4.76837158203125e-07,7.152557373046875e-07,2.384185791015625e-07
5746,9.5367431640625e-07,7.152557373046875e-07,2.384185791015625e-07
5747,4.76837158203125e-07,4.76837158203125e-07,0.0
5748,4.76837158203125e-07,7.152557373046875e-07,0.0
5749,4.76837158203125e-07,7.152557373046875e-07,2.384185791015625e-07
5750,7.152557373046875e-07,4.76837158203125e-07,2.384185791015625e-07
5751,4.76837158203125e-07,4.76837158203125e-07,2.384185791015625e-07
5752,4.76837158203125e-07,4.76837158203125e-07,0.0
5753,9.5367431640625e-07,4.76837158203125e-07,2.384185791015625e-07
5754,4.76837158203125e-07,9.5367431640625e-07,2.384185791015625e-07
5755,7.152557373046875e-07,7.152557373046875e-07,2.384185791015625e-07
5756,4.76837158203125e-07,7.152557373046875e-07,0.0
5757,4.76837158203125e-07,9.5367431640625e-07,2.384185791015625e-07
5758,4.76837158203125e-07,7.152557373046875e-07,2.384185791015625e-07
5759,7.152557373046875e-07,4.76837158203125e-07,0.0
5760,7.152557373046875e-07,4.76837158203125e-07,2.384185791015625e-07
5761,7.152557373046875e-07,4.76837158203125e-07,2.384185791015625e-07
5762,4.76837158203125e-07,4.76837158203125e-07,2.384185791015625e-07
5763,4.76837158203125e-07,4.76837158203125e-07,2.384185791015625e-07
5764,4.76837158203125e-07,7.152557373046875e-07,2.384185791015625e-07
5765,4.76837158203125e-07,7.152557373046875e-07,2.384185791015625e-07
5766,4.76837158203125e-07,7.152557373046875e-07,2.384185791015625e-07
5767,7.152557373046875e-07,4.76837158203125e-07,0.0
5768,4.76837158203125e-07,4.76837158203125e-07,2.384185791015625e-07
5769,4.76837158203125e-07,4.76837158203125e-07,2.384185791015625e-07
5770,4.76837158203125e-07,4.76837158203125e-07,0.0
5771,4.76837158203125e-07,7.152557373046875e-07,0.0
5772,4.76837158203125e-07,4.76837158203125e-07,2.384185791015625e-07
5773,4.76837158203125e-07,4.76837158203125e-07,2.384185791015625e-07
5774,7.152557373046875e-07,4.76837158203125e-07,0.0
5775,4.76837158203125e-07,4.76837158203125e-07,2.384185791015625e-07
5776,4.76837158203125e-07,4.76837158203125e-07,0.0
5777,7.152557373046875e-07,4.76837158203125e-07,2.384185791015625e-07
5778,4.76837158203125e-07,7.152557373046875e-07,2.384185791015625e-07
5779,7.152557373046875e-07,7.152557373046875e-07,2.384185791015625e-07
5780,7.152557373046875e-07,4.76837158203125e-07,0.0
5781,7.152557373046875e-07,4.76837158203125e-07,2.384185791015625e-07
5782,4.76837158203125e-07,4.76837158203125e-07,2.384185791015625e-07
5783,7.152557373046875e-07,7.152557373046875e-07,0.0
5784,7.152557373046875e-07,7.152557373046875e-07,2.384185791015625e-07
5785,4.76837158203125e-07,7.152557373046875e-07,2.384185791015625e-07
5786,4.76837158203125e-07,7.152557373046875e-07,0.0
5787,4.76837158203125e-07,9.5367431640625e-07,2.384185791015625e-07
5788,7.152557373046875e-07,7.152557373046875e-07,2.384185791015625e-07
5789,4.76837158203125e-07,4.76837158203125e-07,2.384185791015625e-07
5790,4.76837158203125e-07,4.76837158203125e-07,2.384185791015625e-07
5791,4.76837158203125e-07,4.76837158203125e-07,0.0
5792,4.76837158203125e-07,4.76837158203125e-07,2.384185791015625e-07
5793,7.152557373046875e-07,4.76837158203125e-07,2.384185791015625e-07
5794,7.152557373046875e-07,4.76837158203125e-07,0.0
5795,7.152557373046875e-07,4.76837158203125e-07,2.384185791015625e-07
5796,4.76837158203125e-07,4.76837158203125e-07,2.384185791015625e-07
5797,9.5367431640625e-07,4.76837158203125e-07,2.384185791015625e-07
5798,7.152557373046875e-07,4.76837158203125e-07,0.0
5799,4.76837158203125e-07,4.76837158203125e-07,4.76837158203125e-07
5800,7.152557373046875e-07,4.76837158203125e-07,0.0
5801,7.152557373046875e-07,4.76837158203125e-07,2.384185791015625e-07
5802,4.76837158203125e-07,7.152557373046875e-07,2.384185791015625e-07
5803,4.76837158203125e-07,7.152557373046875e-07,2.384185791015625e-07
5804,4.76837158203125e-07,7.152557373046875e-07,0.0
5805,7.152557373046875e-07,7.152557373046875e-07,2.384185791015625e-07
5806,4.76837158203125e-07,4.76837158203125e-07,0.0
5807,4.76837158203125e-07,4.76837158203125e-07,4.76837158203125e-07
5808,7.152557373046875e-07,4.76837158203125e-07,2.384185791015625e-07
5809,4.76837158203125e-07,4.76837158203125e-07,0.0
5810,4.76837158203125e-07,4.76837158203125e-07,2.384185791015625e-07
5811,7.152557373046875e-07,7.152557373046875e-07,2.384185791015625e-07
5812,4.76837158203125e-07,7.152557373046875e-07,2.384185791015625e-07
5813,4.76837158203125e-07,7.152557373046875e-07,2.384185791015625e-07
5814,7.152557373046875e-07,7.152557373046875e-07,2.384185791015625e-07
5815,4.76837158203125e-07,4.76837158203125e-07,0.0
5816,4.76837158203125e-07,4.76837158203125e-07,2.384185791015625e-07
5817,4.76837158203125e-07,4.76837158203125e-07,2.384185791015625e-07
5818,7.152557373046875e-07,4.76837158203125e-07,0.0
5819,4.76837158203125e-07,4.76837158203125e-07,2.384185791015625e-07
5820,4.76837158203125e-07,4.76837158203125e-07,0.0
5821,4.76837158203125e-07,4.76837158203125e-07,2.384185791015625e-07
5822,4.76837158203125e-07,4.76837158203125e-07,4.76837158203125e-07
5823,4.76837158203125e-07,4.76837158203125e-07,2.384185791015625e-07
5824,4.76837158203125e-07,4.76837158203125e-07,0.0
5825,7.152557373046875e-07,7.152557373046875e-07,2.384185791015625e-07
5826,7.152557373046875e-07,4.76837158203125e-07,2.384185791015625e-07
5827,7.152557373046875e-07,4.76837158203125e-07,0.0
5828,9.5367431640625e-07,4.76837158203125e-07,2.384185791015625e-07
5829,4.76837158203125e-07,4.76837158203125e-07,2.384185791015625e-07
5830,4.76837158203125e-07,4.76837158203125e-07,2.384185791015625e-07
5831,4.76837158203125e-07,4.76837158203125e-07,0.0
5832,4.76837158203125e-07,4.76837158203125e-07,2.384185791015625e-07
5833,4.76837158203125e-07,4.76837158203125e-07,2.384185791015625e-07
5834,7.152557373046875e-07,9.5367431640625e-07,2.384185791015625e-07
5835,7.152557373046875e-07,7.152557373046875e-07,2.384185791015625e-07
5836,7.152557373046875e-07,7.152557373046875e-07,0.0
5837,7.152557373046875e-07,7.152557373046875e-07,2.384185791015625e-07
5838,9.5367431640625e-07,4.76837158203125e-07,2.384185791015625e-07
5839,4.76837158203125e-07,4.76837158203125e-07,2.384185791015625e-07
5840,4.76837158203125e-07,4.76837158203125e-07,2.384185791015625e-07
5841,4.76837158203125e-07,4.76837158203125e-07,2.384185791015625e-07
5842,4.76837158203125e-07,7.152557373046875e-07,2.384185791015625e-07
5843,7.152557373046875e-07,4.76837158203125e-07,0.0
5844,7.152557373046875e-07,4.76837158203125e-07,2.384185791015625e-07
5845,7.152557373046875e-07,7.152557373046875e-07,0.0
5846,7.152557373046875e-07,4.76837158203125e-07,2.384185791015625e-07
5847,4.76837158203125e-07,4.76837158203125e-07,2.384185791015625e-07
5848,4.76837158203125e-07,7.152557373046875e-07,2.384185791015625e-07
5849,4.76837158203125e-07,4.76837158203125e-07,2.384185791015625e-07
5850,4.76837158203125e-07,4.76837158203125e-07,0.0
5851,4.76837158203125e-07,4.76837158203125e-07,2.384185791015625e-07
5852,4.76837158203125e-07,4.76837158203125e-07,2.384185791015625e-07
5853,4.76837158203125e-07,4.76837158203125e-07,0.0
5854,4.76837158203125e-07,4.76837158203125e-07,2.384185791015625e-07
5855,7.152557373046875e-07,4.76837158203125e-07,2.384185791015625e-07
5856,4.76837158203125e-07,7.152557373046875e-07,0.0
5857,4.76837158203125e-07,7.152557373046875e-07,0.0
5858,4.76837158203125e-07,7.152557373046875e-07,2.384185791015625e-07
5859,4.76837158203125e-07,7.152557373046875e-07,2.384185791015625e-07
5860,4.76837158203125e-07,4.76837158203125e-07,2.384185791015625e-07
5861,4.76837158203125e-07,4.76837158203125e-07,2.384185791015625e-07
5862,7.152557373046875e-07,7.152557373046875e-07,2.384185791015625e-07
5863,4.76837158203125e-07,4.76837158203125e-07,0.0
5864,7.152557373046875e-07,4.76837158203125e-07,2.384185791015625e-07
5865,4.76837158203125e-07,4.76837158203125e-07,2.384185791015625e-07
5866,7.152557373046875e-07,4.76837158203125e-07,2.384185791015625e-07
5867,4.76837158203125e-07,4.76837158203125e-07,2.384185791015625e-07
5868,4.76837158203125e-07,4.76837158203125e-07,0.0
5869,7.152557373046875e-07,4.76837158203125e-07,2.384185791015625e-07
5870,7.152557373046875e-07,7.152557373046875e-07,2.384185791015625e-07
5871,4.76837158203125e-07,4.76837158203125e-07,0.0
5872,4.76837158203125e-07,7.152557373046875e-07,2.384185791015625e-07
5873,4.76837158203125e-07,7.152557373046875e-07,2.384185791015625e-07
5874,4.76837158203125e-07,7.152557373046875e-07,2.384185791015625e-07
5875,7.152557373046875e-07,7.152557373046875e-07,2.384185791015625e-07
5876,4.76837158203125e-07,7.152557373046875e-07,2.384185791015625e-07
5877,4.76837158203125e-07,4.76837158203125e-07,2.384185791015625e-07
5878,7.152557373046875e-07,4.76837158203125e-07,0.0
5879,4.76837158203125e-07,4.76837158203125e-07,2.384185791015625e-07
5880,4.76837158203125e-07,4.76837158203125e-07,2.384185791015625e-07
5881,4.76837158203125e-07,7.152557373046875e-07,2.384185791015625e-07
5882,4.76837158203125e-07,4.76837158203125e-07,0.0
5883,4.76837158203125e-07,4.76837158203125e-07,2.384185791015625e-07
5884,4.76837158203125e-07,4.76837158203125e-07,4.76837158203125e-07
5885,4.76837158203125e-07,7.152557373046875e-07,2.384185791015625e-07
5886,7.152557373046875e-07,7.152557373046875e-07,2.384185791015625e-07
5887,4.76837158203125e-07,7.152557373046875e-07,2.384185791015625e-07
5888,4.76837158203125e-07,7.152557373046875e-07,0.0
5889,9.5367431640625e-07,7.152557373046875e-07,2.384185791015625e-07
5890,4.76837158203125e-07,7.152557373046875e-07,2.384185791015625e-07
5891,7.152557373046875e-07,4.76837158203125e-07,0.0
5892,7.152557373046875e-07,4.76837158203125e-07,4.76837158203125e-07
5893,4.76837158203125e-07,4.76837158203125e-07,2.384185791015625e-07
5894,4.76837158203125e-07,4.76837158203125e-07,2.384185791015625e-07
5895,4.76837158203125e-07,4.76837158203125e-07,2.384185791015625e-07
5896,7.152557373046875e-07,4.76837158203125e-07,2.384185791015625e-07
5897,4.76837158203125e-07,4.76837158203125e-07,0.0
5898,4.76837158203125e-07,4.76837158203125e-07,2.384185791015625e-07
5899,4.76837158203125e-07,4.76837158203125e-07,2.384185791015625e-07
5900,4.76837158203125e-07,4.76837158203125e-07,2.384185791015625e-07
5901,4.76837158203125e-07,4.76837158203125e-07,2.384185791015625e-07
5902,4.76837158203125e-07,4.76837158203125e-07,0.0
5903,7.152557373046875e-07,7.152557373046875e-07,2.384185791015625e-07
5904,4.76837158203125e-07,7.152557373046875e-07,2.384185791015625e-07
5905,4.76837158203125e-07,7.152557373046875e-07,0.0
5906,7.152557373046875e-07,7.152557373046875e-07,2.384185791015625e-07
5907,7.152557373046875e-07,7.152557373046875e-07,2.384185791015625e-07
5908,4.76837158203125e-07,4.76837158203125e-07,2.384185791015625e-07
5909,4.76837158203125e-07,4.76837158203125e-07,2.384185791015625e-07
5910,9.5367431640625e-07,4.76837158203125e-07,2.384185791015625e-07
5911,4.76837158203125e-07,4.76837158203125e-07,2.384185791015625e-07
5912,7.152557373046875e-07,4.76837158203125e-07,2.384185791015625e-07
5913,4.76837158203125e-07,7.152557373046875e-07,0.0
5914,4.76837158203125e-07,7.152557373046875e-07,2.384185791015625e-07
5915,4.76837158203125e-07,7.152557373046875e-07,2.384185791015625e-07
5916,4.76837158203125e-07,7.152557373046875e-07,0.0
5917,4.76837158203125e-07,4.76837158203125e-07,2.384185791015625e-07
5918,4.76837158203125e-07,4.76837158203125e-07,2.384185791015625e-07
5919,4.76837158203125e-07,4.76837158203125e-07,0.0
5920,7.152557373046875e-07,4.76837158203125e-07,2.384185791015625e-07
5921,4.76837158203125e-07,4.76837158203125e-07,2.384185791015625e-07
5922,7.152557373046875e-07,4.76837158203125e-07,0.0
5923,7.152557373046875e-07,4.76837158203125e-07,2.384185791015625e-07
5924,7.152557373046875e-07,4.76837158203125e-07,2.384185791015625e-07
5925,4.76837158203125e-07,4.76837158203125e-07,0.0
5926,7.152557373046875e-07,4.76837158203125e-07,0.0
5927,7.152557373046875e-07,7.152557373046875e-07,2.384185791015625e-07
5928,4.76837158203125e-07,4.76837158203125e-07,2.384185791015625e-07
5929,4.76837158203125e-07,4.76837158203125e-07,2.384185791015625e-07
5930,4.76837158203125e-07,4.76837158203125e-07,2.384185791015625e-07
5931,4.76837158203125e-07,4.76837158203125e-07,0.0
5932,4.76837158203125e-07,4.76837158203125e-07,4.76837158203125e-07
5933,4.76837158203125e-07,4.76837158203125e-07,2.384185791015625e-07
5934,7.152557373046875e-07,4.76837158203125e-07,2.384185791015625e-07
5935,4.76837158203125e-07,4.76837158203125e-07,2.384185791015625e-07
5936,4.76837158203125e-07,7.152557373046875e-07,2.384185791015625e-07
5937,7.152557373046875e-07,4.76837158203125e-07,0.0
5938,4.76837158203125e-07,4.76837158203125e-07,2.384185791015625e-07
5939,4.76837158203125e-07,7.152557373046875e-07,2.384185791015625e-07
5940,4.76837158203125e-07,7.152557373046875e-07,2.384185791015625e-07
5941,4.76837158203125e-07,7.152557373046875e-07,2.384185791015625e-07
5942,4.76837158203125e-07,4.76837158203125e-07,2.384185791015625e-07
5943,4.76837158203125e-07,9.5367431640625e-07,2.384185791015625e-07
5944,7.152557373046875e-07,9.5367431640625e-07,0.0
5945,7.152557373046875e-07,7.152557373046875e-07,0.0
5946,4.76837158203125e-07,9.5367431640625e-07,2.384185791015625e-07
5947,4.76837158203125e-07,7.152557373046875e-07,2.384185791015625e-07
5948,4.76837158203125e-07,4.76837158203125e-07,2.384185791015625e-07
5949,4.76837158203125e-07,7.152557373046875e-07,0.0
5950,4.76837158203125e-07,7.152557373046875e-07,2.384185791015625e-07
5951,7.152557373046875e-07,7.152557373046875e-07,2.384185791015625e-07
5952,4.76837158203125e-07,7.152557373046875e-07,2.384185791015625e-07
5953,4.76837158203125e-07,4.76837158203125e-07,0.0
5954,4.76837158203125e-07,4.76837158203125e-07,2.384185791015625e-07
5955,4.76837158203125e-07,7.152557373046875e-07,4.76837158203125e-07
5956,4.76837158203125e-07,4.76837158203125e-07,0.0
5957,4.76837158203125e-07,7.152557373046875e-07,2.384185791015625e-07
5958,7.152557373046875e-07,7.152557373046875e-07,2.384185791015625e-07
5959,4.76837158203125e-07,4.76837158203125e-07,0.0
5960,4.76837158203125e-07,4.76837158203125e-07,2.384185791015625e-07
5961,7.152557373046875e-07,4.76837158203125e-07,2.384185791015625e-07
5962,4.76837158203125e-07,7.152557373046875e-07,0.0
5963,4.76837158203125e-07,4.76837158203125e-07,2.384185791015625e-07
5964,4.76837158203125e-07,4.76837158203125e-07,2.384185791015625e-07
5965,4.76837158203125e-07,7.152557373046875e-07,0.0
5966,4.76837158203125e-07,7.152557373046875e-07,2.384185791015625e-07
5967,4.76837158203125e-07,7.152557373046875e-07,0.0
5968,7.152557373046875e-07,7.152557373046875e-07,2.384185791015625e-07
5969,4.76837158203125e-07,4.76837158203125e-07,2.384185791015625e-07
5970,4.76837158203125e-07,4.76837158203125e-07,0.0
5971,4.76837158203125e-07,4.76837158203125e-07,0.0
5972,4.76837158203125e-07,4.76837158203125e-07,2.384185791015625e-07
5973,4.76837158203125e-07,4.76837158203125e-07,0.0
5974,4.76837158203125e-07,4.76837158203125e-07,2.384185791015625e-07
5975,9.5367431640625e-07,4.76837158203125e-07,2.384185791015625e-07
5976,7.152557373046875e-07,7.152557373046875e-07,2.384185791015625e-07
5977,4.76837158203125e-07,7.152557373046875e-07,0.0
5978,4.76837158203125e-07,7.152557373046875e-07,2.384185791015625e-07
5979,4.76837158203125e-07,4.76837158203125e-07,2.384185791015625e-07
5980,4.76837158203125e-07,4.76837158203125e-07,0.0
5981,4.76837158203125e-07,4.76837158203125e-07,2.384185791015625e-07
5982,4.76837158203125e-07,4.76837158203125e-07,2.384185791015625e-07
5983,4.76837158203125e-07,4.76837158203125e-07,0.0
5984,4.76837158203125e-07,7.152557373046875e-07,2.384185791015625e-07
5985,9.5367431640625e-07,4.76837158203125e-07,2.384185791015625e-07
5986,7.152557373046875e-07,4.76837158203125e-07,0.0
5987,4.76837158203125e-07,4.76837158203125e-07,4.76837158203125e-07
5988,4.76837158203125e-07,4.76837158203125e-07,2.384185791015625e-07
5989,4.76837158203125e-07,7.152557373046875e-07,2.384185791015625e-07
5990,4.76837158203125e-07,9.5367431640625e-07,2.384185791015625e-07
5991,4.76837158203125e-07,4.76837158203125e-07,2.384185791015625e-07
5992,7.152557373046875e-07,4.76837158203125e-07,0.0
5993,4.76837158203125e-07,9.5367431640625e-07,2.384185791015625e-07
5994,4.76837158203125e-07,7.152557373046875e-07,2.384185791015625e-07
5995,7.152557373046875e-07,7.152557373046875e-07,0.0
5996,4.76837158203125e-07,9.5367431640625e-07,2.384185791015625e-07
5997,7.152557373046875e-07,4.76837158203125e-07,2.384185791015625e-07
5998,4.76837158203125e-07,7.152557373046875e-07,0.0
5999,9.5367431640625e-07,4.76837158203125e-07,0.0
6000,4.76837158203125e-07,9.5367431640625e-07,2.384185791015625e-07
6001,7.152557373046875e-07,7.152557373046875e-07,2.384185791015625e-07
6002,7.152557373046875e-07,4.76837158203125e-07,2.384185791015625e-07
6003,4.76837158203125e-07,4.76837158203125e-07,2.384185791015625e-07
6004,4.76837158203125e-07,7.152557373046875e-07,2.384185791015625e-07
6005,4.76837158203125e-07,4.76837158203125e-07,0.0
6006,4.76837158203125e-07,7.152557373046875e-07,2.384185791015625e-07
6007,4.76837158203125e-07,7.152557373046875e-07,2.384185791015625e-07
6008,7.152557373046875e-07,7.152557373046875e-07,4.76837158203125e-07
6009,4.76837158203125e-07,4.76837158203125e-07,2.384185791015625e-07
6010,7.152557373046875e-07,4.76837158203125e-07,2.384185791015625e-07
6011,4.76837158203125e-07,7.152557373046875e-07,0.0
6012,4.76837158203125e-07,4.76837158203125e-07,2.384185791015625e-07
6013,4.76837158203125e-07,4.76837158203125e-07,0.0
6014,4.76837158203125e-07,7.152557373046875e-07,2.384185791015625e-07
6015,4.76837158203125e-07,9.5367431640625e-07,2.384185791015625e-07
6016,4.76837158203125e-07,4.76837158203125e-07,0.0
6017,4.76837158203125e-07,9.5367431640625e-07,2.384185791015625e-07
6018,9.5367431640625e-07,4.76837158203125e-07,2.384185791015625e-07
6019,4.76837158203125e-07,7.152557373046875e-07,2.384185791015625e-07
6020,4.76837158203125e-07,7.152557373046875e-07,2.384185791015625e-07
6021,4.76837158203125e-07,9.5367431640625e-07,0.0
6022,4.76837158203125e-07,7.152557373046875e-07,2.384185791015625e-07
6023,4.76837158203125e-07,7.152557373046875e-07,2.384185791015625e-07
6024,4.76837158203125e-07,4.76837158203125e-07,0.0
6025,7.152557373046875e-07,4.76837158203125e-07,2.384185791015625e-07
6026,4.76837158203125e-07,7.152557373046875e-07,0.0
6027,7.152557373046875e-07,7.152557373046875e-07,2.384185791015625e-07
6028,7.152557373046875e-07,4.76837158203125e-07,2.384185791015625e-07
6029,7.152557373046875e-07,4.76837158203125e-07,0.0
6030,4.76837158203125e-07,4.76837158203125e-07,2.384185791015625e-07
6031,4.76837158203125e-07,4.76837158203125e-07,2.384185791015625e-07
6032,7.152557373046875e-07,7.152557373046875e-07,0.0
6033,4.76837158203125e-07,4.76837158203125e-07,4.76837158203125e-07
6034,4.76837158203125e-07,4.76837158203125e-07,2.384185791015625e-07
6035,4.76837158203125e-07,4.76837158203125e-07,2.384185791015625e-07
6036,7.152557373046875e-07,7.152557373046875e-07,2.384185791015625e-07
6037,4.76837158203125e-07,4.76837158203125e-07,0.0
6038,4.76837158203125e-07,4.76837158203125e-07,2.384185791015625e-07
6039,7.152557373046875e-07,7.152557373046875e-07,2.384185791015625e-07
6040,4.76837158203125e-07,4.76837158203125e-07,2.384185791015625e-07
6041,4.76837158203125e-07,7.152557373046875e-07,2.384185791015625e-07
6042,7.152557373046875e-07,4.76837158203125e-07,0.0
6043,7.152557373046875e-07,4.76837158203125e-07,2.384185791015625e-07
6044,4.76837158203125e-07,7.152557373046875e-07,2.384185791015625e-07
6045,4.76837158203125e-07,7.152557373046875e-07,0.0
6046,7.152557373046875e-07,4.76837158203125e-07,2.384185791015625e-07
6047,4.76837158203125e-07,4.76837158203125e-07,2.384185791015625e-07
6048,4.76837158203125e-07,4.76837158203125e-07,2.384185791015625e-07
6049,4.76837158203125e-07,4.76837158203125e-07,2.384185791015625e-07
6050,4.76837158203125e-07,7.152557373046875e-07,0.0
6051,7.152557373046875e-07,7.152557373046875e-07,2.384185791015625e-07
6052,4.76837158203125e-07,4.76837158203125e-07,2.384185791015625e-07
6053,9.5367431640625e-07,4.76837158203125e-07,2.384185791015625e-07
6054,4.76837158203125e-07,4.76837158203125e-07,2.384185791015625e-07
6055,4.76837158203125e-07,4.76837158203125e-07,2.384185791015625e-07
6056,4.76837158203125e-07,7.152557373046875e-07,0.0
6057,4.76837158203125e-07,7.152557373046875e-07,2.384185791015625e-07
6058,4.76837158203125e-07,4.76837158203125e-07,4.76837158203125e-07
6059,4.76837158203125e-07,4.76837158203125e-07,0.0
6060,9.5367431640625e-07,7.152557373046875e-07,2.384185791015625e-07
6061,7.152557373046875e-07,7.152557373046875e-07,2.384185791015625e-07
6062,4.76837158203125e-07,4.76837158203125e-07,0.0
6063,9.5367431640625e-07,4.76837158203125e-07,2.384185791015625e-07
6064,4.76837158203125e-07,7.152557373046875e-07,0.0
6065,7.152557373046875e-07,7.152557373046875e-07,0.0
6066,4.76837158203125e-07,7.152557373046875e-07,4.76837158203125e-07
6067,4.76837158203125e-07,7.152557373046875e-07,2.384185791015625e-07
6068,4.76837158203125e-07,9.5367431640625e-07,0.0
6069,7.152557373046875e-07,7.152557373046875e-07,2.384185791015625e-07
6070,9.5367431640625e-07,4.76837158203125e-07,2.384185791015625e-07
6071,4.76837158203125e-07,4.76837158203125e-07,2.384185791015625e-07
6072,7.152557373046875e-07,4.76837158203125e-07,2.384185791015625e-07
6073,4.76837158203125e-07,4.76837158203125e-07,0.0
6074,4.76837158203125e-07,7.152557373046875e-07,2.384185791015625e-07
6075,4.76837158203125e-07,4.76837158203125e-07,2.384185791015625e-07
6076,4.76837158203125e-07,4.76837158203125e-07,0.0
6077,9.5367431640625e-07,4.76837158203125e-07,2.384185791015625e-07
6078,4.76837158203125e-07,4.76837158203125e-07,0.0
6079,7.152557373046875e-07,7.152557373046875e-07,2.384185791015625e-07
6080,9.5367431640625e-07,4.76837158203125e-07,2.384185791015625e-07
6081,4.76837158203125e-07,4.76837158203125e-07,0.0
6082,4.76837158203125e-07,4.76837158203125e-07,2.384185791015625e-07
6083,4.76837158203125e-07,4.76837158203125e-07,2.384185791015625e-07
6084,7.152557373046875e-07,7.152557373046875e-07,0.0
6085,4.76837158203125e-07,4.76837158203125e-07,2.384185791015625e-07
6086,4.76837158203125e-07,7.152557373046875e-07,2.384185791015625e-07
6087,7.152557373046875e-07,4.76837158203125e-07,2.384185791015625e-07
6088,7.152557373046875e-07,4.76837158203125e-07,2.384185791015625e-07
6089,7.152557373046875e-07,4.76837158203125e-07,2.384185791015625e-07
6090,7.152557373046875e-07,4.76837158203125e-07,2.384185791015625e-07
6091,7.152557373046875e-07,4.76837158203125e-07,4.76837158203125e-07
6092,4.76837158203125e-07,4.76837158203125e-07,2.384185791015625e-07
6093,4.76837158203125e-07,4.76837158203125e-07,0.0
6094,7.152557373046875e-07,7.152557373046875e-07,2.384185791015625e-07
6095,4.76837158203125e-07,7.152557373046875e-07,0.0
6096,7.152557373046875e-07,7.152557373046875e-07,2.384185791015625e-07
6097,4.76837158203125e-07,4.76837158203125e-07,2.384185791015625e-07
6098,4.76837158203125e-07,9.5367431640625e-07,0.0
6099,7.152557373046875e-07,4.76837158203125e-07,4.76837158203125e-07
6100,7.152557373046875e-07,4.76837158203125e-07,2.384185791015625e-07
6101,7.152557373046875e-07,4.76837158203125e-07,0.0
6102,4.76837158203125e-07,7.152557373046875e-07,2.384185791015625e-07
6103,4.76837158203125e-07,7.152557373046875e-07,0.0
6104,4.76837158203125e-07,4.76837158203125e-07,2.384185791015625e-07
6105,4.76837158203125e-07,4.76837158203125e-07,2.384185791015625e-07
6106,4.76837158203125e-07,7.152557373046875e-07,0.0
6107,4.76837158203125e-07,4.76837158203125e-07,2.384185791015625e-07
6108,7.152557373046875e-07,4.76837158203125e-07,0.0
6109,4.76837158203125e-07,4.76837158203125e-07,2.384185791015625e-07
6110,4.76837158203125e-07,4.76837158203125e-07,2.384185791015625e-07
6111,7.152557373046875e-07,4.76837158203125e-07,0.0
6112,4.76837158203125e-07,7.152557373046875e-07,2.384185791015625e-07
6113,4.76837158203125e-07,7.152557373046875e-07,2.384185791015625e-07
6114,4.76837158203125e-07,4.76837158203125e-07,2.384185791015625e-07
6115,7.152557373046875e-07,4.76837158203125e-07,0.0
6116,4.76837158203125e-07,4.76837158203125e-07,4.76837158203125e-07
6117,7.152557373046875e-07,4.76837158203125e-07,2.384185791015625e-07
6118,7.152557373046875e-07,4.76837158203125e-07,0.0
6119,4.76837158203125e-07,4.76837158203125e-07,2.384185791015625e-07
6120,4.76837158203125e-07,4.76837158203125e-07,0.0
6121,4.76837158203125e-07,4.76837158203125e-07,2.384185791015625e-07
6122,7.152557373046875e-07,4.76837158203125e-07,2.384185791015625e-07
6123,4.76837158203125e-07,4.76837158203125e-07,0.0
6124,4.76837158203125e-07,4.76837158203125e-07,4.76837158203125e-07
6125,4.76837158203125e-07,9.5367431640625e-07,2.384185791015625e-07
6126,4.76837158203125e-07,9.5367431640625e-07,2.384185791015625e-07
6127,4.76837158203125e-07,9.5367431640625e-07,2.384185791015625e-07
6128,4.76837158203125e-07,7.152557373046875e-07,0.0
6129,7.152557373046875e-07,7.152557373046875e-07,2.384185791015625e-07
6130,7.152557373046875e-07,4.76837158203125e-07,2.384185791015625e-07
6131,4.76837158203125e-07,4.76837158203125e-07,0.0
6132,4.76837158203125e-07,7.152557373046875e-07,2.384185791015625e-07
6133,4.76837158203125e-07,4.76837158203125e-07,0.0
6134,4.76837158203125e-07,4.76837158203125e-07,2.384185791015625e-07
6135,4.76837158203125e-07,4.76837158203125e-07,2.384185791015625e-07
6136,7.152557373046875e-07,4.76837158203125e-07,0.0
6137,7.152557373046875e-07,4.76837158203125e-07,2.384185791015625e-07
6138,7.152557373046875e-07,7.152557373046875e-07,2.384185791015625e-07
6139,4.76837158203125e-07,7.152557373046875e-07,2.384185791015625e-07
6140,4.76837158203125e-07,4.76837158203125e-07,2.384185791015625e-07
6141,4.76837158203125e-07,4.76837158203125e-07,0.0
6142,4.76837158203125e-07,7.152557373046875e-07,2.384185791015625e-07
6143,7.152557373046875e-07,4.76837158203125e-07,2.384185791015625e-07
6144,4.76837158203125e-07,7.152557373046875e-07,2.384185791015625e-07
6145,4.76837158203125e-07,4.76837158203125e-07,2.384185791015625e-07
6146,7.152557373046875e-07,4.76837158203125e-07,2.384185791015625e-07
6147,4.76837158203125e-07,7.152557373046875e-07,0.0
6148,4.76837158203125e-07,4.76837158203125e-07,2.384185791015625e-07
6149,4.76837158203125e-07,4.76837158203125e-07,4.76837158203125e-07
6150,7.152557373046875e-07,4.76837158203125e-07,0.0
6151,4.76837158203125e-07,4.76837158203125e-07,2.384185791015625e-07
6152,4.76837158203125e-07,4.76837158203125e-07,2.384185791015625e-07
6153,7.152557373046875e-07,7.152557373046875e-07,2.384185791015625e-07
6154,4.76837158203125e-07,4.76837158203125e-07,2.384185791015625e-07
6155,4.76837158203125e-07,4.76837158203125e-07,2.384185791015625e-07
6156,4.76837158203125e-07,7.152557373046875e-07,0.0
6157,7.152557373046875e-07,7.152557373046875e-07,4.76837158203125e-07
6158,7.152557373046875e-07,4.76837158203125e-07,2.384185791015625e-07
6159,4.76837158203125e-07,7.152557373046875e-07,0.0
6160,4.76837158203125e-07,9.5367431640625e-07,2.384185791015625e-07
6161,4.76837158203125e-07,9.5367431640625e-07,2.384185791015625e-07
6162,4.76837158203125e-07,9.5367431640625e-07,0.0
6163,4.76837158203125e-07,7.152557373046875e-07,2.384185791015625e-07
6164,4.76837158203125e-07,7.152557373046875e-07,2.384185791015625e-07
6165,7.152557373046875e-07,4.76837158203125e-07,2.384185791015625e-07
6166,4.76837158203125e-07,9.5367431640625e-07,2.384185791015625e-07
6167,9.5367431640625e-07,4.76837158203125e-07,0.0
6168,7.152557373046875e-07,4.76837158203125e-07,2.384185791015625e-07
6169,4.76837158203125e-07,4.76837158203125e-07,2.384185791015625e-07
6170,7.152557373046875e-07,7.152557373046875e-07,2.384185791015625e-07
6171,7.152557373046875e-07,4.76837158203125e-07,0.0
6172,4.76837158203125e-07,7.152557373046875e-07,2.384185791015625e-07
6173,4.76837158203125e-07,7.152557373046875e-07,4.76837158203125e-07
6174,7.152557373046875e-07,7.152557373046875e-07,2.384185791015625e-07
6175,4.76837158203125e-07,7.152557373046875e-07,2.384185791015625e-07
6176,4.76837158203125e-07,4.76837158203125e-07,0.0
6177,4.76837158203125e-07,4.76837158203125e-07,2.384185791015625e-07
6178,4.76837158203125e-07,4.76837158203125e-07,2.384185791015625e-07
6179,7.152557373046875e-07,4.76837158203125e-07,0.0
6180,7.152557373046875e-07,7.152557373046875e-07,2.384185791015625e-07
6181,9.5367431640625e-07,4.76837158203125e-07,2.384185791015625e-07
6182,7.152557373046875e-07,4.76837158203125e-07,4.76837158203125e-07
6183,4.76837158203125e-07,7.152557373046875e-07,2.384185791015625e-07
6184,4.76837158203125e-07,4.76837158203125e-07,2.384185791015625e-07
6185,4.76837158203125e-07,4.76837158203125e-07,0.0
6186,4.76837158203125e-07,4.76837158203125e-07,2.384185791015625e-07
6187,4.76837158203125e-07,4.76837158203125e-07,2.384185791015625e-07
6188,7.152557373046875e-07,4.76837158203125e-07,0.0
6189,4.76837158203125e-07,9.5367431640625e-07,2.384185791015625e-07
6190,7.152557373046875e-07,7.152557373046875e-07,4.76837158203125e-07
6191,4.76837158203125e-07,7.152557373046875e-07,2.384185791015625e-07
6192,4.76837158203125e-07,7.152557373046875e-07,2.384185791015625e-07
6193,4.76837158203125e-07,4.76837158203125e-07,0.0
6194,4.76837158203125e-07,4.76837158203125e-07,2.384185791015625e-07
6195,7.152557373046875e-07,4.76837158203125e-07,2.384185791015625e-07
6196,4.76837158203125e-07,4.76837158203125e-07,0.0
6197,4.76837158203125e-07,7.152557373046875e-07,2.384185791015625e-07
6198,7.152557373046875e-07,7.152557373046875e-07,4.76837158203125e-07
6199,7.152557373046875e-07,7.152557373046875e-07,0.0
6200,4.76837158203125e-07,7.152557373046875e-07,2.384185791015625e-07
6201,4.76837158203125e-07,4.76837158203125e-07,2.384185791015625e-07
6202,9.5367431640625e-07,4.76837158203125e-07,2.384185791015625e-07
6203,4.76837158203125e-07,4.76837158203125e-07,2.384185791015625e-07
6204,4.76837158203125e-07,7.152557373046875e-07,2.384185791015625e-07
6205,4.76837158203125e-07,4.76837158203125e-07,0.0
6206,4.76837158203125e-07,7.152557373046875e-07,0.0
6207,4.76837158203125e-07,4.76837158203125e-07,2.384185791015625e-07
6208,4.76837158203125e-07,4.76837158203125e-07,2.384185791015625e-07
6209,7.152557373046875e-07,4.76837158203125e-07,2.384185791015625e-07
6210,4.76837158203125e-07,4.76837158203125e-07,2.384185791015625e-07
6211,4.76837158203125e-07,4.76837158203125e-07,2.384185791015625e-07
6212,7.152557373046875e-07,4.76837158203125e-07,2.384185791015625e-07
6213,4.76837158203125e-07,4.76837158203125e-07,4.76837158203125e-07
6214,7.152557373046875e-07,9.5367431640625e-07,2.384185791015625e-07
6215,4.76837158203125e-07,9.5367431640625e-07,2.384185791015625e-07
6216,7.152557373046875e-07,9.5367431640625e-07,2.384185791015625e-07
6217,4.76837158203125e-07,4.76837158203125e-07,0.0
6218,4.76837158203125e-07,4.76837158203125e-07,2.384185791015625e-07
6219,7.152557373046875e-07,7.152557373046875e-07,2.384185791015625e-07
6220,4.76837158203125e-07,4.76837158203125e-07,0.0
6221,4.76837158203125e-07,4.76837158203125e-07,2.384185791015625e-07
6222,4.76837158203125e-07,7.152557373046875e-07,2.384185791015625e-07
6223,7.152557373046875e-07,4.76837158203125e-07,2.384185791015625e-07
6224,7.152557373046875e-07,4.76837158203125e-07,2.384185791015625e-07
6225,4.76837158203125e-07,4.76837158203125e-07,0.0
6226,4.76837158203125e-07,7.152557373046875e-07,0.0
6227,4.76837158203125e-07,4.76837158203125e-07,2.384185791015625e-07
6228,4.76837158203125e-07,7.152557373046875e-07,4.76837158203125e-07
6229,7.152557373046875e-07,4.76837158203125e-07,0.0
6230,9.5367431640625e-07,4.76837158203125e-07,2.384185791015625e-07
6231,4.76837158203125e-07,4.76837158203125e-07,2.384185791015625e-07
6232,4.76837158203125e-07,4.76837158203125e-07,0.0
6233,4.76837158203125e-07,4.76837158203125e-07,2.384185791015625e-07
6234,4.76837158203125e-07,7.152557373046875e-07,2.384185791015625e-07
6235,4.76837158203125e-07,4.76837158203125e-07,2.384185791015625e-07
6236,4.76837158203125e-07,9.5367431640625e-07,4.76837158203125e-07
6237,7.152557373046875e-07,4.76837158203125e-07,0.0
6238,4.76837158203125e-07,7.152557373046875e-07,2.384185791015625e-07
6239,4.76837158203125e-07,7.152557373046875e-07,2.384185791015625e-07
6240,4.76837158203125e-07,7.152557373046875e-07,0.0
6241,4.76837158203125e-07,4.76837158203125e-07,2.384185791015625e-07
6242,4.76837158203125e-07,7.152557373046875e-07,2.384185791015625e-07
6243,7.152557373046875e-07,7.152557373046875e-07,2.384185791015625e-07
6244,4.76837158203125e-07,7.152557373046875e-07,2.384185791015625e-07
6245,7.152557373046875e-07,4.76837158203125e-07,2.384185791015625e-07
6246,7.152557373046875e-07,4.76837158203125e-07,2.384185791015625e-07
6247,4.76837158203125e-07,4.76837158203125e-07,2.384185791015625e-07
6248,4.76837158203125e-07,4.76837158203125e-07,2.384185791015625e-07
6249,4.76837158203125e-07,4.76837158203125e-07,0.0
6250,4.76837158203125e-07,7.152557373046875e-07,0.0
6251,4.76837158203125e-07,4.76837158203125e-07,0.0
6252,4.76837158203125e-07,7.152557373046875e-07,4.76837158203125e-07
6253,7.152557373046875e-07,7.152557373046875e-07,2.384185791015625e-07
6254,7.152557373046875e-07,7.152557373046875e-07,0.0
6255,4.76837158203125e-07,4.76837158203125e-07,2.384185791015625e-07
6256,7.152557373046875e-07,7.152557373046875e-07,2.384185791015625e-07
6257,4.76837158203125e-07,7.152557373046875e-07,0.0
6258,9.5367431640625e-07,7.152557373046875e-07,0.0
6259,4.76837158203125e-07,7.152557373046875e-07,0.0
6260,7.152557373046875e-07,9.5367431640625e-07,4.76837158203125e-07
6261,7.152557373046875e-07,9.5367431640625e-07,2.384185791015625e-07
6262,7.152557373046875e-07,7.152557373046875e-07,2.384185791015625e-07
6263,4.76837158203125e-07,7.152557373046875e-07,2.384185791015625e-07
6264,4.76837158203125e-07,9.5367431640625e-07,2.384185791015625e-07
6265,4.76837158203125e-07,9.5367431640625e-07,2.384185791015625e-07
6266,4.76837158203125e-07,4.76837158203125e-07,0.0
6267,4.76837158203125e-07,4.76837158203125e-07,2.384185791015625e-07
6268,7.152557373046875e-07,4.76837158203125e-07,0.0
6269,4.76837158203125e-07,7.152557373046875e-07,0.0
6270,4.76837158203125e-07,7.152557373046875e-07,2.384185791015625e-07
6271,4.76837158203125e-07,7.152557373046875e-07,0.0
6272,4.76837158203125e-07,7.152557373046875e-07,2.384185791015625e-07
6273,7.152557373046875e-07,7.152557373046875e-07,2.384185791015625e-07
6274,7.152557373046875e-07,4.76837158203125e-07,0.0
6275,7.152557373046875e-07,4.76837158203125e-07,2.384185791015625e-07
6276,4.76837158203125e-07,4.76837158203125e-07,0.0
6277,4.76837158203125e-07,4.76837158203125e-07,0.0
6278,4.76837158203125e-07,4.76837158203125e-07,2.384185791015625e-07
6279,7.152557373046875e-07,7.152557373046875e-07,2.384185791015625e-07
6280,7.152557373046875e-07,4.76837158203125e-07,0.0
6281,4.76837158203125e-07,4.76837158203125e-07,2.384185791015625e-07
6282,7.152557373046875e-07,4.76837158203125e-07,2.384185791015625e-07
6283,4.76837158203125e-07,4.76837158203125e-07,2.384185791015625e-07
6284,4.76837158203125e-07,7.152557373046875e-07,4.76837158203125e-07
6285,4.76837158203125e-07,4.76837158203125e-07,2.384185791015625e-07
6286,4.76837158203125e-07,4.76837158203125e-07,2.384185791015625e-07
6287,4.76837158203125e-07,4.76837158203125e-07,0.0
6288,4.76837158203125e-07,7.152557373046875e-07,2.384185791015625e-07
6289,9.5367431640625e-07,4.76837158203125e-07,0.0
6290,4.76837158203125e-07,4.76837158203125e-07,2.384185791015625e-07
6291,4.76837158203125e-07,7.152557373046875e-07,2.384185791015625e-07
6292,9.5367431640625e-07,7.152557373046875e-07,0.0
6293,4.76837158203125e-07,4.76837158203125e-07,2.384185791015625e-07
6294,4.76837158203125e-07,4.76837158203125e-07,2.384185791015625e-07
6295,4.76837158203125e-07,9.5367431640625e-07,0.0
6296,7.152557373046875e-07,7.152557373046875e-07,0.0
6297,4.76837158203125e-07,4.76837158203125e-07,2.384185791015625e-07
6298,7.152557373046875e-07,4.76837158203125e-07,2.384185791015625e-07
6299,4.76837158203125e-07,4.76837158203125e-07,0.0
6300,4.76837158203125e-07,4.76837158203125e-07,4.76837158203125e-07
6301,4.76837158203125e-07,4.76837158203125e-07,2.384185791015625e-07
6302,4.76837158203125e-07,4.76837158203125e-07,2.384185791015625e-07
6303,7.152557373046875e-07,7.152557373046875e-07,2.384185791015625e-07
6304,4.76837158203125e-07,4.76837158203125e-07,0.0
6305,7.152557373046875e-07,4.76837158203125e-07,0.0
6306,4.76837158203125e-07,4.76837158203125e-07,2.384185791015625e-07
6307,4.76837158203125e-07,4.76837158203125e-07,0.0
6308,4.76837158203125e-07,4.76837158203125e-07,4.76837158203125e-07
6309,4.76837158203125e-07,4.76837158203125e-07,2.384185791015625e-07
6310,7.152557373046875e-07,4.76837158203125e-07,0.0
6311,4.76837158203125e-07,4.76837158203125e-07,0.0
6312,4.76837158203125e-07,4.76837158203125e-07,2.384185791015625e-07
6313,4.76837158203125e-07,4.76837158203125e-07,0.0
6314,4.76837158203125e-07,4.76837158203125e-07,2.384185791015625e-07
6315,7.152557373046875e-07,7.152557373046875e-07,2.384185791015625e-07
6316,4.76837158203125e-07,7.152557373046875e-07,4.76837158203125e-07
6317,4.76837158203125e-07,4.76837158203125e-07,2.384185791015625e-07
6318,4.76837158203125e-07,4.76837158203125e-07,2.384185791015625e-07
6319,4.76837158203125e-07,9.5367431640625e-07,2.384185791015625e-07
6320,7.152557373046875e-07,7.152557373046875e-07,0.0
6321,4.76837158203125e-07,4.76837158203125e-07,2.384185791015625e-07
6322,4.76837158203125e-07,4.76837158203125e-07,2.384185791015625e-07
6323,4.76837158203125e-07,4.76837158203125e-07,2.384185791015625e-07
6324,4.76837158203125e-07,4.76837158203125e-07,4.76837158203125e-07
6325,4.76837158203125e-07,4.76837158203125e-07,2.384185791015625e-07
6326,4.76837158203125e-07,7.152557373046875e-07,0.0
6327,9.5367431640625e-07,4.76837158203125e-07,2.384185791015625e-07
6328,7.152557373046875e-07,7.152557373046875e-07,0.0
6329,4.76837158203125e-07,4.76837158203125e-07,0.0
6330,4.76837158203125e-07,4.76837158203125e-07,2.384185791015625e-07
6331,4.76837158203125e-07,7.152557373046875e-07,2.384185791015625e-07
6332,4.76837158203125e-07,7.152557373046875e-07,4.76837158203125e-07
6333,4.76837158203125e-07,4.76837158203125e-07,0.0
6334,7.152557373046875e-07,7.152557373046875e-07,2.384185791015625e-07
6335,4.76837158203125e-07,4.76837158203125e-07,2.384185791015625e-07
6336,4.76837158203125e-07,4.76837158203125e-07,2.384185791015625e-07
6337,7.152557373046875e-07,4.76837158203125e-07,2.384185791015625e-07
6338,4.76837158203125e-07,4.76837158203125e-07,0.0
6339,4.76837158203125e-07,7.152557373046875e-07,2.384185791015625e-07
6340,7.152557373046875e-07,9.5367431640625e-07,4.76837158203125e-07
6341,4.76837158203125e-07,7.152557373046875e-07,2.384185791015625e-07
6342,4.76837158203125e-07,7.152557373046875e-07,0.0
6343,4.76837158203125e-07,4.76837158203125e-07,2.384185791015625e-07
6344,7.152557373046875e-07,4.76837158203125e-07,2.384185791015625e-07
6345,4.76837158203125e-07,7.152557373046875e-07,0.0
6346,4.76837158203125e-07,4.76837158203125e-07,2.384185791015625e-07
6347,4.76837158203125e-07,7.152557373046875e-07,2.384185791015625e-07
6348,4.76837158203125e-07,7.152557373046875e-07,0.0
6349,4.76837158203125e-07,4.76837158203125e-07,2.384185791015625e-07
6350,4.76837158203125e-07,4.76837158203125e-07,0.0
6351,7.152557373046875e-07,4.76837158203125e-07,0.0
6352,4.76837158203125e-07,4.76837158203125e-07,2.384185791015625e-07
6353,4.76837158203125e-07,4.76837158203125e-07,2.384185791015625e-07
6354,7.152557373046875e-07,4.76837158203125e-07,0.0
6355,4.76837158203125e-07,4.76837158203125e-07,2.384185791015625e-07
6356,4.76837158203125e-07,4.76837158203125e-07,4.76837158203125e-07
6357,7.152557373046875e-07,4.76837158203125e-07,0.0
6358,4.76837158203125e-07,4.76837158203125e-07,2.384185791015625e-07
6359,7.152557373046875e-07,4.76837158203125e-07,2.384185791015625e-07
6360,7.152557373046875e-07,4.76837158203125e-07,2.384185791015625e-07
6361,9.5367431640625e-07,7.152557373046875e-07,0.0
6362,7.152557373046875e-07,7.152557373046875e-07,2.384185791015625e-07
6363,4.76837158203125e-07,7.152557373046875e-07,2.384185791015625e-07
6364,7.152557373046875e-07,9.5367431640625e-07,0.0
6365,4.76837158203125e-07,9.5367431640625e-07,2.384185791015625e-07
6366,4.76837158203125e-07,7.152557373046875e-07,2.384185791015625e-07
6367,4.76837158203125e-07,7.152557373046875e-07,0.0
6368,7.152557373046875e-07,7.152557373046875e-07,2.384185791015625e-07
6369,4.76837158203125e-07,4.76837158203125e-07,2.384185791015625e-07
6370,4.76837158203125e-07,4.76837158203125e-07,2.384185791015625e-07
6371,4.76837158203125e-07,4.76837158203125e-07,2.384185791015625e-07
6372,4.76837158203125e-07,4.76837158203125e-07,4.76837158203125e-07
6373,4.76837158203125e-07,4.76837158203125e-07,0.0
6374,4.76837158203125e-07,7.152557373046875e-07,2.384185791015625e-07
6375,9.5367431640625e-07,7.152557373046875e-07,2.384185791015625e-07
6376,7.152557373046875e-07,4.76837158203125e-07,0.0
6377,4.76837158203125e-07,4.76837158203125e-07,2.384185791015625e-07
6378,9.5367431640625e-07,4.76837158203125e-07,2.384185791015625e-07
6379,4.76837158203125e-07,4.76837158203125e-07,0.0
6380,7.152557373046875e-07,7.152557373046875e-07,2.384185791015625e-07
6381,4.76837158203125e-07,7.152557373046875e-07,2.384185791015625e-07
6382,7.152557373046875e-07,4.76837158203125e-07,0.0
6383,4.76837158203125e-07,4.76837158203125e-07,2.384185791015625e-07
6384,4.76837158203125e-07,7.152557373046875e-07,2.384185791015625e-07
6385,7.152557373046875e-07,7.152557373046875e-07,2.384185791015625e-07
6386,4.76837158203125e-07,4.76837158203125e-07,2.384185791015625e-07
6387,4.76837158203125e-07,4.76837158203125e-07,2.384185791015625e-07
6388,4.76837158203125e-07,4.76837158203125e-07,2.384185791015625e-07
6389,4.76837158203125e-07,4.76837158203125e-07,2.384185791015625e-07
6390,4.76837158203125e-07,4.76837158203125e-07,2.384185791015625e-07
6391,4.76837158203125e-07,4.76837158203125e-07,2.384185791015625e-07
6392,7.152557373046875e-07,4.76837158203125e-07,0.0
6393,4.76837158203125e-07,4.76837158203125e-07,2.384185791015625e-07
6394,7.152557373046875e-07,7.152557373046875e-07,2.384185791015625e-07
6395,4.76837158203125e-07,7.152557373046875e-07,0.0
6396,4.76837158203125e-07,7.152557373046875e-07,2.384185791015625e-07
6397,4.76837158203125e-07,4.76837158203125e-07,0.0
6398,4.76837158203125e-07,4.76837158203125e-07,2.384185791015625e-07
6399,7.152557373046875e-07,4.76837158203125e-07,2.384185791015625e-07
6400,4.76837158203125e-07,4.76837158203125e-07,0.0
6401,7.152557373046875e-07,4.76837158203125e-07,2.384185791015625e-07
6402,4.76837158203125e-07,4.76837158203125e-07,0.0
6403,4.76837158203125e-07,4.76837158203125e-07,2.384185791015625e-07
6404,4.76837158203125e-07,4.76837158203125e-07,2.384185791015625e-07
6405,4.76837158203125e-07,4.76837158203125e-07,0.0
6406,7.152557373046875e-07,4.76837158203125e-07,2.384185791015625e-07
6407,4.76837158203125e-07,4.76837158203125e-07,2.384185791015625e-07
6408,4.76837158203125e-07,7.152557373046875e-07,0.0
6409,4.76837158203125e-07,4.76837158203125e-07,0.0
6410,4.76837158203125e-07,4.76837158203125e-07,2.384185791015625e-07
6411,4.76837158203125e-07,4.76837158203125e-07,2.384185791015625e-07
6412,4.76837158203125e-07,7.152557373046875e-07,0.0
6413,7.152557373046875e-07,4.76837158203125e-07,4.76837158203125e-07
6414,4.76837158203125e-07,4.76837158203125e-07,2.384185791015625e-07
6415,4.76837158203125e-07,4.76837158203125e-07,2.384185791015625e-07
6416,9.5367431640625e-07,4.76837158203125e-07,0.0
6417,4.76837158203125e-07,4.76837158203125e-07,2.384185791015625e-07
6418,7.152557373046875e-07,4.76837158203125e-07,2.384185791015625e-07
6419,7.152557373046875e-07,4.76837158203125e-07,2.384185791015625e-07
6420,4.76837158203125e-07,7.152557373046875e-07,2.384185791015625e-07
6421,7.152557373046875e-07,7.152557373046875e-07,0.0
6422,7.152557373046875e-07,7.152557373046875e-07,2.384185791015625e-07
6423,7.152557373046875e-07,4.76837158203125e-07,2.384185791015625e-07
6424,4.76837158203125e-07,4.76837158203125e-07,0.0
6425,4.76837158203125e-07,4.76837158203125e-07,2.384185791015625e-07
6426,4.76837158203125e-07,4.76837158203125e-07,2.384185791015625e-07
6427,4.76837158203125e-07,4.76837158203125e-07,2.384185791015625e-07
6428,4.76837158203125e-07,4.76837158203125e-07,2.384185791015625e-07
6429,4.76837158203125e-07,4.76837158203125e-07,4.76837158203125e-07
6430,7.152557373046875e-07,4.76837158203125e-07,0.0
6431,4.76837158203125e-07,7.152557373046875e-07,2.384185791015625e-07
6432,7.152557373046875e-07,7.152557373046875e-07,2.384185791015625e-07
6433,7.152557373046875e-07,7.152557373046875e-07,2.384185791015625e-07
6434,7.152557373046875e-07,4.76837158203125e-07,0.0
6435,4.76837158203125e-07,7.152557373046875e-07,2.384185791015625e-07
6436,7.152557373046875e-07,4.76837158203125e-07,2.384185791015625e-07
6437,4.76837158203125e-07,4.76837158203125e-07,4.76837158203125e-07
6438,4.76837158203125e-07,4.76837158203125e-07,0.0
6439,4.76837158203125e-07,4.76837158203125e-07,2.384185791015625e-07
6440,9.5367431640625e-07,4.76837158203125e-07,2.384185791015625e-07
6441,7.152557373046875e-07,4.76837158203125e-07,2.384185791015625e-07
6442,7.152557373046875e-07,4.76837158203125e-07,0.0
6443,4.76837158203125e-07,4.76837158203125e-07,2.384185791015625e-07
6444,4.76837158203125e-07,4.76837158203125e-07,2.384185791015625e-07
6445,4.76837158203125e-07,4.76837158203125e-07,4.76837158203125e-07
6446,4.76837158203125e-07,7.152557373046875e-07,2.384185791015625e-07
6447,7.152557373046875e-07,7.152557373046875e-07,2.384185791015625e-07
6448,4.76837158203125e-07,7.152557373046875e-07,0.0
6449,4.76837158203125e-07,7.152557373046875e-07,2.384185791015625e-07
6450,7.152557373046875e-07,7.152557373046875e-07,2.384185791015625e-07
6451,4.76837158203125e-07,7.152557373046875e-07,0.0
6452,4.76837158203125e-07,4.76837158203125e-07,2.384185791015625e-07
6453,4.76837158203125e-07,4.76837158203125e-07,0.0
6454,4.76837158203125e-07,4.76837158203125e-07,2.384185791015625e-07
6455,4.76837158203125e-07,4.76837158203125e-07,2.384185791015625e-07
6456,4.76837158203125e-07,4.76837158203125e-07,0.0
6457,9.5367431640625e-07,4.76837158203125e-07,2.384185791015625e-07
6458,4.76837158203125e-07,4.76837158203125e-07,2.384185791015625e-07
6459,4.76837158203125e-07,4.76837158203125e-07,0.0
6460,4.76837158203125e-07,4.76837158203125e-07,2.384185791015625e-07
6461,4.76837158203125e-07,4.76837158203125e-07,4.76837158203125e-07
6462,4.76837158203125e-07,4.76837158203125e-07,0.0
6463,4.76837158203125e-07,4.76837158203125e-07,2.384185791015625e-07
6464,7.152557373046875e-07,4.76837158203125e-07,2.384185791015625e-07
6465,4.76837158203125e-07,4.76837158203125e-07,0.0
6466,4.76837158203125e-07,4.76837158203125e-07,2.384185791015625e-07
6467,7.152557373046875e-07,4.76837158203125e-07,2.384185791015625e-07
6468,4.76837158203125e-07,4.76837158203125e-07,0.0
6469,4.76837158203125e-07,4.76837158203125e-07,4.76837158203125e-07
6470,4.76837158203125e-07,7.152557373046875e-07,2.384185791015625e-07
6471,4.76837158203125e-07,7.152557373046875e-07,2.384185791015625e-07
6472,4.76837158203125e-07,7.152557373046875e-07,2.384185791015625e-07
6473,4.76837158203125e-07,4.76837158203125e-07,0.0
6474,7.152557373046875e-07,4.76837158203125e-07,2.384185791015625e-07
6475,4.76837158203125e-07,4.76837158203125e-07,2.384185791015625e-07
6476,4.76837158203125e-07,7.152557373046875e-07,0.0
6477,4.76837158203125e-07,7.152557373046875e-07,0.0
6478,7.152557373046875e-07,7.152557373046875e-07,2.384185791015625e-07
6479,7.152557373046875e-07,7.152557373046875e-07,2.384185791015625e-07
6480,7.152557373046875e-07,4.76837158203125e-07,0.0
6481,7.152557373046875e-07,7.152557373046875e-07,2.384185791015625e-07
6482,7.152557373046875e-07,7.152557373046875e-07,2.384185791015625e-07
6483,4.76837158203125e-07,7.152557373046875e-07,0.0
6484,9.5367431640625e-07,4.76837158203125e-07,2.384185791015625e-07
6485,4.76837158203125e-07,7.152557373046875e-07,2.384185791015625e-07
6486,4.76837158203125e-07,4.76837158203125e-07,0.0
6487,4.76837158203125e-07,4.76837158203125e-07,2.384185791015625e-07
6488,7.152557373046875e-07,4.76837158203125e-07,0.0
6489,4.76837158203125e-07,7.152557373046875e-07,2.384185791015625e-07
6490,7.152557373046875e-07,4.76837158203125e-07,2.384185791015625e-07
6491,7.152557373046875e-07,4.76837158203125e-07,0.0
6492,4.76837158203125e-07,7.152557373046875e-07,2.384185791015625e-07
6493,4.76837158203125e-07,4.76837158203125e-07,4.76837158203125e-07
6494,4.76837158203125e-07,7.152557373046875e-07,0.0
6495,4.76837158203125e-07,9.5367431640625e-07,2.384185791015625e-07
6496,4.76837158203125e-07,9.5367431640625e-07,0.0
6497,7.152557373046875e-07,4.76837158203125e-07,2.384185791015625e-07
6498,9.5367431640625e-07,9.5367431640625e-07,2.384185791015625e-07
6499,4.76837158203125e-07,7.152557373046875e-07,0.0
6500,7.152557373046875e-07,7.152557373046875e-07,0.0
6501,4.76837158203125e-07,4.76837158203125e-07,0.0
6502,4.76837158203125e-07,4.76837158203125e-07,2.384185791015625e-07
6503,4.76837158203125e-07,4.76837158203125e-07,2.384185791015625e-07
6504,4.76837158203125e-07,4.76837158203125e-07,0.0
6505,7.152557373046875e-07,4.76837158203125e-07,2.384185791015625e-07
6506,4.76837158203125e-07,4.76837158203125e-07,2.384185791015625e-07
6507,7.152557373046875e-07,4.76837158203125e-07,0.0
6508,4.76837158203125e-07,4.76837158203125e-07,0.0
6509,4.76837158203125e-07,4.76837158203125e-07,0.0
6510,4.76837158203125e-07,4.76837158203125e-07,0.0
6511,4.76837158203125e-07,7.152557373046875e-07,2.384185791015625e-07
6512,7.152557373046875e-07,7.152557373046875e-07,2.384185791015625e-07
6513,4.76837158203125e-07,4.76837158203125e-07,2.384185791015625e-07
6514,4.76837158203125e-07,4.76837158203125e-07,2.384185791015625e-07
6515,4.76837158203125e-07,4.76837158203125e-07,2.384185791015625e-07
6516,4.76837158203125e-07,4.76837158203125e-07,0.0
6517,4.76837158203125e-07,4.76837158203125e-07,4.76837158203125e-07
6518,4.76837158203125e-07,7.152557373046875e-07,2.384185791015625e-07
6519,4.76837158203125e-07,7.152557373046875e-07,0.0
6520,4.76837158203125e-07,9.5367431640625e-07,2.384185791015625e-07
6521,4.76837158203125e-07,9.5367431640625e-07,2.384185791015625e-07
6522,9.5367431640625e-07,7.152557373046875e-07,0.0
6523,4.76837158203125e-07,7.152557373046875e-07,2.384185791015625e-07
6524,7.152557373046875e-07,7.152557373046875e-07,2.384185791015625e-07
6525,4.76837158203125e-07,7.152557373046875e-07,4.76837158203125e-07
6526,4.76837158203125e-07,7.152557373046875e-07,2.384185791015625e-07
6527,4.76837158203125e-07,4.76837158203125e-07,0.0
6528,4.76837158203125e-07,7.152557373046875e-07,2.384185791015625e-07
6529,7.152557373046875e-07,4.76837158203125e-07,2.384185791015625e-07
6530,4.76837158203125e-07,4.76837158203125e-07,0.0
6531,4.76837158203125e-07,4.76837158203125e-07,2.384185791015625e-07
6532,4.76837158203125e-07,4.76837158203125e-07,0.0
6533,7.152557373046875e-07,4.76837158203125e-07,2.384185791015625e-07
6534,4.76837158203125e-07,4.76837158203125e-07,2.384185791015625e-07
6535,7.152557373046875e-07,7.152557373046875e-07,0.0
6536,4.76837158203125e-07,7.152557373046875e-07,2.384185791015625e-07
6537,7.152557373046875e-07,4.76837158203125e-07,2.384185791015625e-07
6538,7.152557373046875e-07,7.152557373046875e-07,0.0
6539,4.76837158203125e-07,7.152557373046875e-07,2.384185791015625e-07
6540,7.152557373046875e-07,9.5367431640625e-07,2.384185791015625e-07
6541,4.76837158203125e-07,7.152557373046875e-07,0.0
6542,4.76837158203125e-07,9.5367431640625e-07,2.384185791015625e-07
6543,4.76837158203125e-07,9.5367431640625e-07,0.0
6544,4.76837158203125e-07,7.152557373046875e-07,2.384185791015625e-07
6545,4.76837158203125e-07,9.5367431640625e-07,2.384185791015625e-07
6546,7.152557373046875e-07,7.152557373046875e-07,0.0
6547,4.76837158203125e-07,7.152557373046875e-07,2.384185791015625e-07
6548,4.76837158203125e-07,7.152557373046875e-07,2.384185791015625e-07
6549,4.76837158203125e-07,7.152557373046875e-07,2.384185791015625e-07
6550,4.76837158203125e-07,7.152557373046875e-07,4.76837158203125e-07
6551,4.76837158203125e-07,7.152557373046875e-07,0.0
6552,4.76837158203125e-07,4.76837158203125e-07,2.384185791015625e-07
6553,7.152557373046875e-07,4.76837158203125e-07,2.384185791015625e-07
6554,7.152557373046875e-07,4.76837158203125e-07,0.0
6555,7.152557373046875e-07,4.76837158203125e-07,2.384185791015625e-07
6556,7.152557373046875e-07,4.76837158203125e-07,2.384185791015625e-07
6557,7.152557373046875e-07,4.76837158203125e-07,0.0
6558,7.152557373046875e-07,4.76837158203125e-07,0.0
6559,4.76837158203125e-07,4.76837158203125e-07,2.384185791015625e-07
6560,7.152557373046875e-07,4.76837158203125e-07,2.384185791015625e-07
6561,4.76837158203125e-07,4.76837158203125e-07,0.0
6562,4.76837158203125e-07,4.76837158203125e-07,2.384185791015625e-07
6563,4.76837158203125e-07,4.76837158203125e-07,2.384185791015625e-07
6564,4.76837158203125e-07,4.76837158203125e-07,2.384185791015625e-07
6565,7.152557373046875e-07,4.76837158203125e-07,2.384185791015625e-07
6566,7.152557373046875e-07,9.5367431640625e-07,0.0
6567,7.152557373046875e-07,4.76837158203125e-07,2.384185791015625e-07
6568,4.76837158203125e-07,9.5367431640625e-07,2.384185791015625e-07
6569,4.76837158203125e-07,4.76837158203125e-07,0.0
6570,4.76837158203125e-07,7.152557373046875e-07,2.384185791015625e-07
6571,4.76837158203125e-07,7.152557373046875e-07,2.384185791015625e-07
6572,4.76837158203125e-07,7.152557373046875e-07,0.0
6573,7.152557373046875e-07,9.5367431640625e-07,2.384185791015625e-07
6574,4.76837158203125e-07,7.152557373046875e-07,0.0
6575,7.152557373046875e-07,7.152557373046875e-07,4.76837158203125e-07
6576,4.76837158203125e-07,7.152557373046875e-07,2.384185791015625e-07
6577,9.5367431640625e-07,4.76837158203125e-07,0.0
6578,7.152557373046875e-07,4.76837158203125e-07,2.384185791015625e-07
6579,7.152557373046875e-07,4.76837158203125e-07,2.384185791015625e-07
6580,7.152557373046875e-07,7.152557373046875e-07,2.384185791015625e-07
6581,7.152557373046875e-07,4.76837158203125e-07,2.384185791015625e-07
6582,7.152557373046875e-07,4.76837158203125e-07,0.0
6583,4.76837158203125e-07,4.76837158203125e-07,0.0
6584,9.5367431640625e-07,4.76837158203125e-07,2.384185791015625e-07
6585,4.76837158203125e-07,4.76837158203125e-07,2.384185791015625e-07
6586,4.76837158203125e-07,4.76837158203125e-07,2.384185791015625e-07
6587,4.76837158203125e-07,4.76837158203125e-07,2.384185791015625e-07
6588,4.76837158203125e-07,4.76837158203125e-07,0.0
6589,4.76837158203125e-07,4.76837158203125e-07,2.384185791015625e-07
6590,4.76837158203125e-07,4.76837158203125e-07,2.384185791015625e-07
6591,7.152557373046875e-07,4.76837158203125e-07,2.384185791015625e-07
6592,4.76837158203125e-07,4.76837158203125e-07,2.384185791015625e-07
6593,4.76837158203125e-07,4.76837158203125e-07,0.0
6594,4.76837158203125e-07,4.76837158203125e-07,2.384185791015625e-07
6595,4.76837158203125e-07,4.76837158203125e-07,2.384185791015625e-07
6596,4.76837158203125e-07,4.76837158203125e-07,0.0
6597,4.76837158203125e-07,4.76837158203125e-07,2.384185791015625e-07
6598,4.76837158203125e-07,7.152557373046875e-07,0.0
6599,4.76837158203125e-07,7.152557373046875e-07,2.384185791015625e-07
6600,4.76837158203125e-07,7.152557373046875e-07,2.384185791015625e-07
6601,7.152557373046875e-07,4.76837158203125e-07,0.0
6602,4.76837158203125e-07,4.76837158203125e-07,2.384185791015625e-07
6603,4.76837158203125e-07,4.76837158203125e-07,2.384185791015625e-07
6604,4.76837158203125e-07,4.76837158203125e-07,2.384185791015625e-07
6605,7.152557373046875e-07,4.76837158203125e-07,2.384185791015625e-07
6606,7.152557373046875e-07,4.76837158203125e-07,0.0
6607,4.76837158203125e-07,4.76837158203125e-07,2.384185791015625e-07
6608,7.152557373046875e-07,4.76837158203125e-07,4.76837158203125e-07
6609,4.76837158203125e-07,4.76837158203125e-07,0.0
6610,4.76837158203125e-07,4.76837158203125e-07,2.384185791015625e-07
6611,4.76837158203125e-07,4.76837158203125e-07,2.384185791015625e-07
6612,4.76837158203125e-07,4.76837158203125e-07,2.384185791015625e-07
6613,4.76837158203125e-07,4.76837158203125e-07,2.384185791015625e-07
6614,7.152557373046875e-07,4.76837158203125e-07,0.0
6615,7.152557373046875e-07,4.76837158203125e-07,2.384185791015625e-07
6616,4.76837158203125e-07,4.76837158203125e-07,4.76837158203125e-07
6617,4.76837158203125e-07,4.76837158203125e-07,0.0
6618,4.76837158203125e-07,4.76837158203125e-07,2.384185791015625e-07
6619,4.76837158203125e-07,7.152557373046875e-07,2.384185791015625e-07
6620,7.152557373046875e-07,7.152557373046875e-07,2.384185791015625e-07
6621,4.76837158203125e-07,7.152557373046875e-07,2.384185791015625e-07
6622,7.152557373046875e-07,7.152557373046875e-07,2.384185791015625e-07
6623,4.76837158203125e-07,7.152557373046875e-07,0.0
6624,7.152557373046875e-07,4.76837158203125e-07,2.384185791015625e-07
6625,7.152557373046875e-07,7.152557373046875e-07,2.384185791015625e-07
6626,7.152557373046875e-07,4.76837158203125e-07,2.384185791015625e-07
6627,4.76837158203125e-07,7.152557373046875e-07,0.0
6628,4.76837158203125e-07,7.152557373046875e-07,2.384185791015625e-07
6629,7.152557373046875e-07,9.5367431640625e-07,4.76837158203125e-07
6630,4.76837158203125e-07,9.5367431640625e-07,2.384185791015625e-07
6631,7.152557373046875e-07,9.5367431640625e-07,2.384185791015625e-07
6632,4.76837158203125e-07,9.5367431640625e-07,0.0
6633,4.76837158203125e-07,4.76837158203125e-07,2.384185791015625e-07
6634,4.76837158203125e-07,9.5367431640625e-07,2.384185791015625e-07
6635,4.76837158203125e-07,4.76837158203125e-07,2.384185791015625e-07
6636,7.152557373046875e-07,4.76837158203125e-07,0.0
6637,4.76837158203125e-07,7.152557373046875e-07,4.76837158203125e-07
6638,4.76837158203125e-07,4.76837158203125e-07,2.384185791015625e-07
6639,4.76837158203125e-07,4.76837158203125e-07,0.0
6640,4.76837158203125e-07,4.76837158203125e-07,2.384185791015625e-07
6641,4.76837158203125e-07,4.76837158203125e-07,0.0
6642,4.76837158203125e-07,4.76837158203125e-07,2.384185791015625e-07
6643,7.152557373046875e-07,4.76837158203125e-07,2.384185791015625e-07
6644,4.76837158203125e-07,7.152557373046875e-07,2.384185791015625e-07
6645,4.76837158203125e-07,4.76837158203125e-07,0.0
6646,4.76837158203125e-07,7.152557373046875e-07,2.384185791015625e-07
6647,4.76837158203125e-07,4.76837158203125e-07,2.384185791015625e-07
6648,4.76837158203125e-07,4.76837158203125e-07,2.384185791015625e-07
6649,4.76837158203125e-07,4.76837158203125e-07,0.0
6650,7.152557373046875e-07,4.76837158203125e-07,2.384185791015625e-07
6651,4.76837158203125e-07,4.76837158203125e-07,0.0
6652,4.76837158203125e-07,4.76837158203125e-07,2.384185791015625e-07
6653,7.152557373046875e-07,7.152557373046875e-07,4.76837158203125e-07
6654,4.76837158203125e-07,7.152557373046875e-07,0.0
6655,4.76837158203125e-07,4.76837158203125e-07,2.384185791015625e-07
6656,4.76837158203125e-07,4.76837158203125e-07,2.384185791015625e-07
6657,4.76837158203125e-07,7.152557373046875e-07,0.0
6658,4.76837158203125e-07,4.76837158203125e-07,2.384185791015625e-07
6659,7.152557373046875e-07,4.76837158203125e-07,2.384185791015625e-07
6660,4.76837158203125e-07,7.152557373046875e-07,2.384185791015625e-07
6661,4.76837158203125e-07,4.76837158203125e-07,4.76837158203125e-07
6662,4.76837158203125e-07,4.76837158203125e-07,2.384185791015625e-07
6663,4.76837158203125e-07,4.76837158203125e-07,2.384185791015625e-07
6664,4.76837158203125e-07,7.152557373046875e-07,2.384185791015625e-07
6665,4.76837158203125e-07,7.152557373046875e-07,0.0
6666,4.76837158203125e-07,4.76837158203125e-07,0.0
6667,7.152557373046875e-07,4.76837158203125e-07,2.384185791015625e-07
6668,4.76837158203125e-07,7.152557373046875e-07,2.384185791015625e-07
6669,4.76837158203125e-07,7.152557373046875e-07,0.0
6670,4.76837158203125e-07,9.5367431640625e-07,2.384185791015625e-07
6671,4.76837158203125e-07,9.5367431640625e-07,2.384185791015625e-07
6672,4.76837158203125e-07,4.76837158203125e-07,0.0
6673,4.76837158203125e-07,7.152557373046875e-07,2.384185791015625e-07
6674,7.152557373046875e-07,7.152557373046875e-07,2.384185791015625e-07
6675,4.76837158203125e-07,4.76837158203125e-07,0.0
6676,4.76837158203125e-07,4.76837158203125e-07,2.384185791015625e-07
6677,7.152557373046875e-07,4.76837158203125e-07,4.76837158203125e-07
6678,4.76837158203125e-07,4.76837158203125e-07,2.384185791015625e-07
6679,7.152557373046875e-07,4.76837158203125e-07,0.0
6680,4.76837158203125e-07,4.76837158203125e-07,2.384185791015625e-07
6681,9.5367431640625e-07,4.76837158203125e-07,0.0
6682,7.152557373046875e-07,4.76837158203125e-07,2.384185791015625e-07
6683,4.76837158203125e-07,4.76837158203125e-07,2.384185791015625e-07
6684,7.152557373046875e-07,7.152557373046875e-07,0.0
6685,7.152557373046875e-07,4.76837158203125e-07,4.76837158203125e-07
6686,4.76837158203125e-07,7.152557373046875e-07,2.384185791015625e-07
6687,7.152557373046875e-07,4.76837158203125e-07,0.0
6688,4.76837158203125e-07,4.76837158203125e-07,2.384185791015625e-07
6689,4.76837158203125e-07,4.76837158203125e-07,2.384185791015625e-07
6690,4.76837158203125e-07,4.76837158203125e-07,2.384185791015625e-07
6691,7.152557373046875e-07,4.76837158203125e-07,2.384185791015625e-07
6692,4.76837158203125e-07,7.152557373046875e-07,2.384185791015625e-07
6693,4.76837158203125e-07,4.76837158203125e-07,0.0
6694,7.152557373046875e-07,4.76837158203125e-07,2.384185791015625e-07
6695,4.76837158203125e-07,4.76837158203125e-07,2.384185791015625e-07
6696,4.76837158203125e-07,7.152557373046875e-07,0.0
6697,4.76837158203125e-07,9.5367431640625e-07,2.384185791015625e-07
6698,4.76837158203125e-07,9.5367431640625e-07,2.384185791015625e-07
6699,4.76837158203125e-07,9.5367431640625e-07,0.0
6700,4.76837158203125e-07,9.5367431640625e-07,2.384185791015625e-07
6701,9.5367431640625e-07,4.76837158203125e-07,4.76837158203125e-07
6702,4.76837158203125e-07,4.76837158203125e-07,0.0
6703,7.152557373046875e-07,7.152557373046875e-07,2.384185791015625e-07
6704,7.152557373046875e-07,4.76837158203125e-07,2.384185791015625e-07
6705,4.76837158203125e-07,4.76837158203125e-07,2.384185791015625e-07
6706,4.76837158203125e-07,4.76837158203125e-07,2.384185791015625e-07
6707,4.76837158203125e-07,4.76837158203125e-07,2.384185791015625e-07
6708,9.5367431640625e-07,4.76837158203125e-07,0.0
6709,4.76837158203125e-07,4.76837158203125e-07,4.76837158203125e-07
6710,4.76837158203125e-07,4.76837158203125e-07,2.384185791015625e-07
6711,4.76837158203125e-07,7.152557373046875e-07,2.384185791015625e-07
6712,7.152557373046875e-07,4.76837158203125e-07,4.76837158203125e-07
6713,4.76837158203125e-07,4.76837158203125e-07,2.384185791015625e-07
6714,7.152557373046875e-07,7.152557373046875e-07,2.384185791015625e-07
6715,7.152557373046875e-07,4.76837158203125e-07,4.76837158203125e-07
6716,7.152557373046875e-07,7.152557373046875e-07,0.0
6717,7.152557373046875e-07,4.76837158203125e-07,2.384185791015625e-07
6718,9.5367431640625e-07,4.76837158203125e-07,2.384185791015625e-07
6719,4.76837158203125e-07,7.152557373046875e-07,2.384185791015625e-07
6720,4.76837158203125e-07,4.76837158203125e-07,2.384185791015625e-07
6721,4.76837158203125e-07,4.76837158203125e-07,2.384185791015625e-07
6722,9.5367431640625e-07,4.76837158203125e-07,4.76837158203125e-07
6723,4.76837158203125e-07,9.5367431640625e-07,2.384185791015625e-07
6724,4.76837158203125e-07,7.152557373046875e-07,2.384185791015625e-07
6725,4.76837158203125e-07,9.5367431640625e-07,2.384185791015625e-07
6726,4.76837158203125e-07,9.5367431640625e-07,0.0
6727,4.76837158203125e-07,4.76837158203125e-07,0.0
6728,7.152557373046875e-07,4.76837158203125e-07,2.384185791015625e-07
6729,4.76837158203125e-07,7.152557373046875e-07,4.76837158203125e-07
6730,4.76837158203125e-07,4.76837158203125e-07,2.384185791015625e-07
6731,7.152557373046875e-07,7.152557373046875e-07,2.384185791015625e-07
6732,4.76837158203125e-07,7.152557373046875e-07,2.384185791015625e-07
6733,4.76837158203125e-07,4.76837158203125e-07,0.0
6734,4.76837158203125e-07,7.152557373046875e-07,2.384185791015625e-07
6735,4.76837158203125e-07,4.76837158203125e-07,2.384185791015625e-07
6736,4.76837158203125e-07,4.76837158203125e-07,0.0
6737,4.76837158203125e-07,4.76837158203125e-07,4.76837158203125e-07
6738,7.152557373046875e-07,4.76837158203125e-07,2.384185791015625e-07
6739,4.76837158203125e-07,7.152557373046875e-07,0.0
6740,7.152557373046875e-07,7.152557373046875e-07,2.384185791015625e-07
6741,4.76837158203125e-07,4.76837158203125e-07,2.384185791015625e-07
6742,4.76837158203125e-07,4.76837158203125e-07,2.384185791015625e-07
6743,4.76837158203125e-07,4.76837158203125e-07,0.0
6744,4.76837158203125e-07,4.76837158203125e-07,2.384185791015625e-07
6745,7.152557373046875e-07,9.5367431640625e-07,2.384185791015625e-07
6746,4.76837158203125e-07,7.152557373046875e-07,2.384185791015625e-07
6747,4.76837158203125e-07,9.5367431640625e-07,2.384185791015625e-07
6748,4.76837158203125e-07,7.152557373046875e-07,0.0
6749,4.76837158203125e-07,7.152557373046875e-07,2.384185791015625e-07
6750,4.76837158203125e-07,4.76837158203125e-07,2.384185791015625e-07
6751,4.76837158203125e-07,4.76837158203125e-07,0.0
6752,7.152557373046875e-07,4.76837158203125e-07,2.384185791015625e-07
6753,4.76837158203125e-07,4.76837158203125e-07,2.384185791015625e-07
6754,4.76837158203125e-07,4.76837158203125e-07,0.0
6755,7.152557373046875e-07,4.76837158203125e-07,2.384185791015625e-07
6756,4.76837158203125e-07,4.76837158203125e-07,2.384185791015625e-07
6757,4.76837158203125e-07,7.152557373046875e-07,0.0
6758,4.76837158203125e-07,4.76837158203125e-07,2.384185791015625e-07
6759,4.76837158203125e-07,4.76837158203125e-07,2.384185791015625e-07
6760,4.76837158203125e-07,4.76837158203125e-07,0.0
6761,4.76837158203125e-07,4.76837158203125e-07,4.76837158203125e-07
6762,7.152557373046875e-07,4.76837158203125e-07,0.0
6763,4.76837158203125e-07,4.76837158203125e-07,2.384185791015625e-07
6764,4.76837158203125e-07,7.152557373046875e-07,2.384185791015625e-07
6765,7.152557373046875e-07,4.76837158203125e-07,0.0
6766,4.76837158203125e-07,4.76837158203125e-07,0.0
6767,7.152557373046875e-07,4.76837158203125e-07,2.384185791015625e-07
6768,7.152557373046875e-07,7.152557373046875e-07,2.384185791015625e-07
6769,7.152557373046875e-07,4.76837158203125e-07,4.76837158203125e-07
6770,4.76837158203125e-07,4.76837158203125e-07,2.384185791015625e-07
6771,4.76837158203125e-07,4.76837158203125e-07,0.0
6772,4.76837158203125e-07,7.152557373046875e-07,2.384185791015625e-07
6773,4.76837158203125e-07,7.152557373046875e-07,2.384185791015625e-07
6774,4.76837158203125e-07,7.152557373046875e-07,2.384185791015625e-07
6775,4.76837158203125e-07,7.152557373046875e-07,2.384185791015625e-07
6776,7.152557373046875e-07,4.76837158203125e-07,0.0
6777,4.76837158203125e-07,4.76837158203125e-07,2.384185791015625e-07
6778,4.76837158203125e-07,4.76837158203125e-07,2.384185791015625e-07
6779,7.152557373046875e-07,4.76837158203125e-07,2.384185791015625e-07
6780,4.76837158203125e-07,4.76837158203125e-07,2.384185791015625e-07
6781,7.152557373046875e-07,4.76837158203125e-07,0.0
6782,7.152557373046875e-07,4.76837158203125e-07,2.384185791015625e-07
6783,7.152557373046875e-07,4.76837158203125e-07,2.384185791015625e-07
6784,7.152557373046875e-07,4.76837158203125e-07,0.0
6785,4.76837158203125e-07,4.76837158203125e-07,2.384185791015625e-07
6786,7.152557373046875e-07,4.76837158203125e-07,2.384185791015625e-07
6787,4.76837158203125e-07,4.76837158203125e-07,0.0
6788,4.76837158203125e-07,4.76837158203125e-07,2.384185791015625e-07
6789,4.76837158203125e-07,4.76837158203125e-07,0.0
6790,4.76837158203125e-07,7.152557373046875e-07,2.384185791015625e-07
6791,4.76837158203125e-07,4.76837158203125e-07,2.384185791015625e-07
6792,4.76837158203125e-07,4.76837158203125e-07,0.0
6793,7.152557373046875e-07,4.76837158203125e-07,2.384185791015625e-07
6794,4.76837158203125e-07,4.76837158203125e-07,4.76837158203125e-07
6795,4.76837158203125e-07,4.76837158203125e-07,0.0
6796,4.76837158203125e-07,7.152557373046875e-07,2.384185791015625e-07
6797,4.76837158203125e-07,7.152557373046875e-07,2.384185791015625e-07
6798,4.76837158203125e-07,7.152557373046875e-07,2.384185791015625e-07
6799,4.76837158203125e-07,7.152557373046875e-07,2.384185791015625e-07
6800,7.152557373046875e-07,4.76837158203125e-07,2.384185791015625e-07
6801,4.76837158203125e-07,4.76837158203125e-07,0.0
6802,4.76837158203125e-07,4.76837158203125e-07,4.76837158203125e-07
6803,7.152557373046875e-07,4.76837158203125e-07,2.384185791015625e-07
6804,7.152557373046875e-07,4.76837158203125e-07,0.0
6805,4.76837158203125e-07,4.76837158203125e-07,2.384185791015625e-07
6806,4.76837158203125e-07,4.76837158203125e-07,2.384185791015625e-07
6807,4.76837158203125e-07,4.76837158203125e-07,0.0
6808,4.76837158203125e-07,4.76837158203125e-07,2.384185791015625e-07
6809,4.76837158203125e-07,4.76837158203125e-07,2.384185791015625e-07
6810,7.152557373046875e-07,4.76837158203125e-07,4.76837158203125e-07
6811,7.152557373046875e-07,4.76837158203125e-07,2.384185791015625e-07
6812,7.152557373046875e-07,4.76837158203125e-07,2.384185791015625e-07
6813,4.76837158203125e-07,4.76837158203125e-07,2.384185791015625e-07
6814,4.76837158203125e-07,4.76837158203125e-07,2.384185791015625e-07
6815,4.76837158203125e-07,4.76837158203125e-07,2.384185791015625e-07
6816,4.76837158203125e-07,4.76837158203125e-07,2.384185791015625e-07
6817,7.152557373046875e-07,4.76837158203125e-07,0.0
6818,4.76837158203125e-07,4.76837158203125e-07,4.76837158203125e-07
6819,4.76837158203125e-07,9.5367431640625e-07,2.384185791015625e-07
6820,4.76837158203125e-07,7.152557373046875e-07,0.0
6821,4.76837158203125e-07,9.5367431640625e-07,2.384185791015625e-07
6822,4.76837158203125e-07,7.152557373046875e-07,2.384185791015625e-07
6823,4.76837158203125e-07,4.76837158203125e-07,2.384185791015625e-07
6824,7.152557373046875e-07,4.76837158203125e-07,2.384185791015625e-07
6825,4.76837158203125e-07,4.76837158203125e-07,0.0
6826,4.76837158203125e-07,4.76837158203125e-07,4.76837158203125e-07
6827,7.152557373046875e-07,4.76837158203125e-07,2.384185791015625e-07
6828,4.76837158203125e-07,4.76837158203125e-07,0.0
6829,4.76837158203125e-07,4.76837158203125e-07,2.384185791015625e-07
6830,4.76837158203125e-07,4.76837158203125e-07,2.384185791015625e-07
6831,4.76837158203125e-07,4.76837158203125e-07,2.384185791015625e-07
6832,4.76837158203125e-07,4.76837158203125e-07,2.384185791015625e-07
6833,4.76837158203125e-07,4.76837158203125e-07,0.0
6834,7.152557373046875e-07,4.76837158203125e-07,2.384185791015625e-07
6835,4.76837158203125e-07,4.76837158203125e-07,2.384185791015625e-07
6836,4.76837158203125e-07,4.76837158203125e-07,2.384185791015625e-07
6837,4.76837158203125e-07,4.76837158203125e-07,0.0
6838,4.76837158203125e-07,4.76837158203125e-07,2.384185791015625e-07
6839,4.76837158203125e-07,9.5367431640625e-07,2.384185791015625e-07
6840,4.76837158203125e-07,9.5367431640625e-07,2.384185791015625e-07
6841,4.76837158203125e-07,7.152557373046875e-07,2.384185791015625e-07
6842,4.76837158203125e-07,9.5367431640625e-07,0.0
6843,4.76837158203125e-07,9.5367431640625e-07,2.384185791015625e-07
6844,7.152557373046875e-07,7.152557373046875e-07,2.384185791015625e-07
6845,4.76837158203125e-07,7.152557373046875e-07,2.384185791015625e-07
6846,4.76837158203125e-07,7.152557373046875e-07,2.384185791015625e-07
6847,7.152557373046875e-07,4.76837158203125e-07,2.384185791015625e-07
6848,7.152557373046875e-07,4.76837158203125e-07,0.0
6849,7.152557373046875e-07,4.76837158203125e-07,2.384185791015625e-07
6850,7.152557373046875e-07,4.76837158203125e-07,2.384185791015625e-07
6851,4.76837158203125e-07,7.152557373046875e-07,0.0
6852,4.76837158203125e-07,4.76837158203125e-07,2.384185791015625e-07
6853,4.76837158203125e-07,7.152557373046875e-07,2.384185791015625e-07
6854,4.76837158203125e-07,7.152557373046875e-07,2.384185791015625e-07
6855,4.76837158203125e-07,7.152557373046875e-07,2.384185791015625e-07
6856,7.152557373046875e-07,7.152557373046875e-07,0.0
6857,4.76837158203125e-07,7.152557373046875e-07,2.384185791015625e-07
6858,4.76837158203125e-07,4.76837158203125e-07,2.384185791015625e-07
6859,7.152557373046875e-07,7.152557373046875e-07,0.0
6860,9.5367431640625e-07,4.76837158203125e-07,2.384185791015625e-07
6861,7.152557373046875e-07,4.76837158203125e-07,2.384185791015625e-07
6862,4.76837158203125e-07,4.76837158203125e-07,0.0
6863,4.76837158203125e-07,7.152557373046875e-07,2.384185791015625e-07
6864,7.152557373046875e-07,7.152557373046875e-07,0.0
6865,4.76837158203125e-07,7.152557373046875e-07,2.384185791015625e-07
6866,4.76837158203125e-07,7.152557373046875e-07,4.76837158203125e-07
6867,4.76837158203125e-07,7.152557373046875e-07,0.0
6868,7.152557373046875e-07,7.152557373046875e-07,0.0
6869,4.76837158203125e-07,7.152557373046875e-07,2.384185791015625e-07
6870,4.76837158203125e-07,7.152557373046875e-07,2.384185791015625e-07
6871,4.76837158203125e-07,4.76837158203125e-07,2.384185791015625e-07
6872,4.76837158203125e-07,4.76837158203125e-07,2.384185791015625e-07
6873,4.76837158203125e-07,4.76837158203125e-07,0.0
6874,4.76837158203125e-07,4.76837158203125e-07,4.76837158203125e-07
6875,4.76837158203125e-07,4.76837158203125e-07,2.384185791015625e-07
6876,4.76837158203125e-07,4.76837158203125e-07,2.384185791015625e-07
6877,4.76837158203125e-07,4.76837158203125e-07,0.0
6878,4.76837158203125e-07,7.152557373046875e-07,2.384185791015625e-07
6879,4.76837158203125e-07,4.76837158203125e-07,2.384185791015625e-07
6880,7.152557373046875e-07,4.76837158203125e-07,0.0
6881,7.152557373046875e-07,4.76837158203125e-07,2.384185791015625e-07
6882,4.76837158203125e-07,4.76837158203125e-07,4.76837158203125e-07
6883,4.76837158203125e-07,7.152557373046875e-07,0.0
6884,7.152557373046875e-07,4.76837158203125e-07,2.384185791015625e-07
6885,7.152557373046875e-07,4.76837158203125e-07,2.384185791015625e-07
6886,7.152557373046875e-07,4.76837158203125e-07,2.384185791015625e-07
6887,4.76837158203125e-07,4.76837158203125e-07,2.384185791015625e-07
6888,7.152557373046875e-07,7.152557373046875e-07,0.0
6889,4.76837158203125e-07,7.152557373046875e-07,2.384185791015625e-07
6890,7.152557373046875e-07,9.5367431640625e-07,2.384185791015625e-07
6891,7.152557373046875e-07,4.76837158203125e-07,0.0
6892,7.152557373046875e-07,4.76837158203125e-07,2.384185791015625e-07
6893,4.76837158203125e-07,4.76837158203125e-07,2.384185791015625e-07
6894,4.76837158203125e-07,4.76837158203125e-07,0.0
6895,4.76837158203125e-07,4.76837158203125e-07,2.384185791015625e-07
6896,4.76837158203125e-07,4.76837158203125e-07,2.384185791015625e-07
6897,4.76837158203125e-07,4.76837158203125e-07,0.0
6898,4.76837158203125e-07,7.152557373046875e-07,2.384185791015625e-07
6899,4.76837158203125e-07,4.76837158203125e-07,0.0
6900,4.76837158203125e-07,7.152557373046875e-07,2.384185791015625e-07
6901,7.152557373046875e-07,4.76837158203125e-07,2.384185791015625e-07
6902,4.76837158203125e-07,4.76837158203125e-07,0.0
6903,4.76837158203125e-07,4.76837158203125e-07,2.384185791015625e-07
6904,4.76837158203125e-07,4.76837158203125e-07,2.384185791015625e-07
6905,9.5367431640625e-07,4.76837158203125e-07,0.0
6906,4.76837158203125e-07,4.76837158203125e-07,2.384185791015625e-07
6907,4.76837158203125e-07,7.152557373046875e-07,4.76837158203125e-07
6908,7.152557373046875e-07,7.152557373046875e-07,0.0
6909,4.76837158203125e-07,7.152557373046875e-07,2.384185791015625e-07
6910,4.76837158203125e-07,7.152557373046875e-07,2.384185791015625e-07
6911,4.76837158203125e-07,7.152557373046875e-07,2.384185791015625e-07
6912,4.76837158203125e-07,9.5367431640625e-07,2.384185791015625e-07
6913,4.76837158203125e-07,4.76837158203125e-07,0.0
6914,4.76837158203125e-07,4.76837158203125e-07,0.0
6915,4.76837158203125e-07,7.152557373046875e-07,0.0
6916,4.76837158203125e-07,7.152557373046875e-07,2.384185791015625e-07
6917,4.76837158203125e-07,7.152557373046875e-07,0.0
6918,9.5367431640625e-07,4.76837158203125e-07,0.0
6919,4.76837158203125e-07,4.76837158203125e-07,0.0
6920,4.76837158203125e-07,4.76837158203125e-07,2.384185791015625e-07
6921,7.152557373046875e-07,4.76837158203125e-07,2.384185791015625e-07
6922,4.76837158203125e-07,4.76837158203125e-07,0.0
6923,7.152557373046875e-07,4.76837158203125e-07,0.0
6924,7.152557373046875e-07,7.152557373046875e-07,2.384185791015625e-07
6925,7.152557373046875e-07,4.76837158203125e-07,2.384185791015625e-07
6926,4.76837158203125e-07,7.152557373046875e-07,2.384185791015625e-07
6927,4.76837158203125e-07,4.76837158203125e-07,0.0
6928,7.152557373046875e-07,4.76837158203125e-07,2.384185791015625e-07
6929,4.76837158203125e-07,4.76837158203125e-07,0.0
6930,4.76837158203125e-07,4.76837158203125e-07,4.76837158203125e-07
6931,4.76837158203125e-07,4.76837158203125e-07,2.384185791015625e-07
6932,4.76837158203125e-07,7.152557373046875e-07,0.0
6933,4.76837158203125e-07,7.152557373046875e-07,2.384185791015625e-07
6934,4.76837158203125e-07,7.152557373046875e-07,2.384185791015625e-07
6935,7.152557373046875e-07,7.152557373046875e-07,2.384185791015625e-07
6936,4.76837158203125e-07,4.76837158203125e-07,2.384185791015625e-07
6937,4.76837158203125e-07,7.152557373046875e-07,0.0
6938,7.152557373046875e-07,4.76837158203125e-07,2.384185791015625e-07
6939,4.76837158203125e-07,4.76837158203125e-07,0.0
6940,4.76837158203125e-07,4.76837158203125e-07,2.384185791015625e-07
6941,4.76837158203125e-07,4.76837158203125e-07,2.384185791015625e-07
6942,7.152557373046875e-07,7.152557373046875e-07,0.0
6943,4.76837158203125e-07,4.76837158203125e-07,2.384185791015625e-07
6944,4.76837158203125e-07,7.152557373046875e-07,2.384185791015625e-07
6945,4.76837158203125e-07,4.76837158203125e-07,0.0
6946,4.76837158203125e-07,4.76837158203125e-07,2.384185791015625e-07
6947,4.76837158203125e-07,4.76837158203125e-07,2.384185791015625e-07
6948,4.76837158203125e-07,4.76837158203125e-07,0.0
6949,7.152557373046875e-07,4.76837158203125e-07,2.384185791015625e-07
6950,4.76837158203125e-07,4.76837158203125e-07,2.384185791015625e-07
6951,4.76837158203125e-07,4.76837158203125e-07,2.384185791015625e-07
6952,4.76837158203125e-07,4.76837158203125e-07,2.384185791015625e-07
6953,4.76837158203125e-07,4.76837158203125e-07,4.76837158203125e-07
6954,4.76837158203125e-07,4.76837158203125e-07,0.0
6955,4.76837158203125e-07,9.5367431640625e-07,2.384185791015625e-07
6956,7.152557373046875e-07,9.5367431640625e-07,2.384185791015625e-07
6957,4.76837158203125e-07,9.5367431640625e-07,0.0
6958,4.76837158203125e-07,9.5367431640625e-07,2.384185791015625e-07
6959,4.76837158203125e-07,9.5367431640625e-07,2.384185791015625e-07
6960,4.76837158203125e-07,4.76837158203125e-07,2.384185791015625e-07
6961,4.76837158203125e-07,4.76837158203125e-07,2.384185791015625e-07
6962,4.76837158203125e-07,4.76837158203125e-07,2.384185791015625e-07
6963,4.76837158203125e-07,4.76837158203125e-07,2.384185791015625e-07
6964,4.76837158203125e-07,4.76837158203125e-07,2.384185791015625e-07
6965,4.76837158203125e-07,4.76837158203125e-07,2.384185791015625e-07
6966,7.152557373046875e-07,4.76837158203125e-07,2.384185791015625e-07
6967,4.76837158203125e-07,4.76837158203125e-07,0.0
6968,7.152557373046875e-07,4.76837158203125e-07,2.384185791015625e-07
6969,7.152557373046875e-07,4.76837158203125e-07,0.0
6970,4.76837158203125e-07,4.76837158203125e-07,2.384185791015625e-07
6971,4.76837158203125e-07,4.76837158203125e-07,2.384185791015625e-07
6972,4.76837158203125e-07,7.152557373046875e-07,2.384185791015625e-07
6973,9.5367431640625e-07,7.152557373046875e-07,0.0
6974,7.152557373046875e-07,7.152557373046875e-07,2.384185791015625e-07
6975,4.76837158203125e-07,4.76837158203125e-07,2.384185791015625e-07
6976,9.5367431640625e-07,7.152557373046875e-07,0.0
6977,4.76837158203125e-07,7.152557373046875e-07,4.76837158203125e-07
6978,4.76837158203125e-07,7.152557373046875e-07,2.384185791015625e-07
6979,4.76837158203125e-07,7.152557373046875e-07,0.0
6980,7.152557373046875e-07,7.152557373046875e-07,2.384185791015625e-07
6981,4.76837158203125e-07,4.76837158203125e-07,2.384185791015625e-07
6982,4.76837158203125e-07,4.76837158203125e-07,2.384185791015625e-07
6983,7.152557373046875e-07,4.76837158203125e-07,2.384185791015625e-07
6984,4.76837158203125e-07,4.76837158203125e-07,2.384185791015625e-07
6985,4.76837158203125e-07,7.152557373046875e-07,2.384185791015625e-07
6986,4.76837158203125e-07,4.76837158203125e-07,0.0
6987,4.76837158203125e-07,4.76837158203125e-07,2.384185791015625e-07
6988,4.76837158203125e-07,4.76837158203125e-07,2.384185791015625e-07
6989,4.76837158203125e-07,4.76837158203125e-07,2.384185791015625e-07
6990,7.152557373046875e-07,4.76837158203125e-07,2.384185791015625e-07
6991,4.76837158203125e-07,4.76837158203125e-07,0.0
6992,4.76837158203125e-07,4.76837158203125e-07,2.384185791015625e-07
6993,4.76837158203125e-07,7.152557373046875e-07,4.76837158203125e-07
6994,4.76837158203125e-07,7.152557373046875e-07,0.0
6995,4.76837158203125e-07,7.152557373046875e-07,2.384185791015625e-07
6996,4.76837158203125e-07,4.76837158203125e-07,2.384185791015625e-07
6997,7.152557373046875e-07,4.76837158203125e-07,2.384185791015625e-07
6998,4.76837158203125e-07,4.76837158203125e-07,2.384185791015625e-07
6999,7.152557373046875e-07,4.76837158203125e-07,2.384185791015625e-07
7000,9.5367431640625e-07,7.152557373046875e-07,0.0
7001,7.152557373046875e-07,4.76837158203125e-07,2.384185791015625e-07
7002,7.152557373046875e-07,4.76837158203125e-07,2.384185791015625e-07
7003,7.152557373046875e-07,4.76837158203125e-07,2.384185791015625e-07
7004,4.76837158203125e-07,4.76837158203125e-07,0.0
7005,7.152557373046875e-07,4.76837158203125e-07,0.0
7006,7.152557373046875e-07,4.76837158203125e-07,2.384185791015625e-07
7007,4.76837158203125e-07,4.76837158203125e-07,2.384185791015625e-07
7008,7.152557373046875e-07,4.76837158203125e-07,0.0
7009,7.152557373046875e-07,4.76837158203125e-07,2.384185791015625e-07
7010,4.76837158203125e-07,7.152557373046875e-07,0.0
7011,4.76837158203125e-07,4.76837158203125e-07,2.384185791015625e-07
7012,4.76837158203125e-07,7.152557373046875e-07,2.384185791015625e-07
7013,7.152557373046875e-07,4.76837158203125e-07,2.384185791015625e-07
7014,7.152557373046875e-07,4.76837158203125e-07,0.0
7015,4.76837158203125e-07,4.76837158203125e-07,2.384185791015625e-07
7016,9.5367431640625e-07,7.152557373046875e-07,2.384185791015625e-07
7017,4.76837158203125e-07,7.152557373046875e-07,0.0
7018,4.76837158203125e-07,7.152557373046875e-07,2.384185791015625e-07
7019,4.76837158203125e-07,4.76837158203125e-07,0.0
7020,4.76837158203125e-07,4.76837158203125e-07,2.384185791015625e-07
7021,4.76837158203125e-07,4.76837158203125e-07,0.0
7022,4.76837158203125e-07,4.76837158203125e-07,2.384185791015625e-07
7023,7.152557373046875e-07,4.76837158203125e-07,2.384185791015625e-07
7024,4.76837158203125e-07,4.76837158203125e-07,2.384185791015625e-07
7025,4.76837158203125e-07,4.76837158203125e-07,2.384185791015625e-07
7026,4.76837158203125e-07,4.76837158203125e-07,0.0
7027,7.152557373046875e-07,4.76837158203125e-07,2.384185791015625e-07
7028,7.152557373046875e-07,4.76837158203125e-07,2.384185791015625e-07
7029,4.76837158203125e-07,4.76837158203125e-07,2.384185791015625e-07
7030,9.5367431640625e-07,4.76837158203125e-07,2.384185791015625e-07
7031,4.76837158203125e-07,7.152557373046875e-07,4.76837158203125e-07
7032,4.76837158203125e-07,7.152557373046875e-07,2.384185791015625e-07
7033,4.76837158203125e-07,4.76837158203125e-07,2.384185791015625e-07
7034,4.76837158203125e-07,4.76837158203125e-07,0.0
7035,4.76837158203125e-07,4.76837158203125e-07,2.384185791015625e-07
7036,4.76837158203125e-07,4.76837158203125e-07,0.0
7037,9.5367431640625e-07,4.76837158203125e-07,2.384185791015625e-07
7038,4.76837158203125e-07,4.76837158203125e-07,2.384185791015625e-07
7039,4.76837158203125e-07,4.76837158203125e-07,0.0
7040,4.76837158203125e-07,4.76837158203125e-07,0.0
7041,4.76837158203125e-07,4.76837158203125e-07,2.384185791015625e-07
7042,4.76837158203125e-07,4.76837158203125e-07,2.384185791015625e-07
7043,4.76837158203125e-07,7.152557373046875e-07,0.0
7044,7.152557373046875e-07,7.152557373046875e-07,2.384185791015625e-07
7045,7.152557373046875e-07,7.152557373046875e-07,2.384185791015625e-07
7046,4.76837158203125e-07,7.152557373046875e-07,2.384185791015625e-07
7047,9.5367431640625e-07,7.152557373046875e-07,2.384185791015625e-07
7048,4.76837158203125e-07,7.152557373046875e-07,2.384185791015625e-07
7049,4.76837158203125e-07,4.76837158203125e-07,2.384185791015625e-07
7050,4.76837158203125e-07,4.76837158203125e-07,2.384185791015625e-07
7051,7.152557373046875e-07,4.76837158203125e-07,0.0
7052,4.76837158203125e-07,4.76837158203125e-07,2.384185791015625e-07
7053,4.76837158203125e-07,4.76837158203125e-07,2.384185791015625e-07
7054,7.152557373046875e-07,4.76837158203125e-07,2.384185791015625e-07
7055,4.76837158203125e-07,7.152557373046875e-07,2.384185791015625e-07
7056,4.76837158203125e-07,7.152557373046875e-07,0.0
7057,4.76837158203125e-07,7.152557373046875e-07,2.384185791015625e-07
7058,7.152557373046875e-07,4.76837158203125e-07,2.384185791015625e-07
7059,4.76837158203125e-07,4.76837158203125e-07,2.384185791015625e-07
7060,4.76837158203125e-07,4.76837158203125e-07,0.0
7061,7.152557373046875e-07,4.76837158203125e-07,2.384185791015625e-07
7062,4.76837158203125e-07,7.152557373046875e-07,2.384185791015625e-07
7063,7.152557373046875e-07,4.76837158203125e-07,2.384185791015625e-07
7064,7.152557373046875e-07,7.152557373046875e-07,4.76837158203125e-07
7065,7.152557373046875e-07,4.76837158203125e-07,0.0
7066,4.76837158203125e-07,7.152557373046875e-07,0.0
7067,4.76837158203125e-07,4.76837158203125e-07,2.384185791015625e-07
7068,7.152557373046875e-07,4.76837158203125e-07,0.0
7069,4.76837158203125e-07,4.76837158203125e-07,2.384185791015625e-07
7070,7.152557373046875e-07,4.76837158203125e-07,2.384185791015625e-07
7071,4.76837158203125e-07,7.152557373046875e-07,0.0
7072,9.5367431640625e-07,4.76837158203125e-07,4.76837158203125e-07
7073,4.76837158203125e-07,4.76837158203125e-07,0.0
7074,4.76837158203125e-07,4.76837158203125e-07,2.384185791015625e-07
7075,4.76837158203125e-07,4.76837158203125e-07,2.384185791015625e-07
7076,4.76837158203125e-07,4.76837158203125e-07,2.384185791015625e-07
7077,4.76837158203125e-07,4.76837158203125e-07,2.384185791015625e-07
7078,4.76837158203125e-07,9.5367431640625e-07,0.0
7079,4.76837158203125e-07,7.152557373046875e-07,2.384185791015625e-07
7080,4.76837158203125e-07,7.152557373046875e-07,0.0
7081,4.76837158203125e-07,7.152557373046875e-07,4.76837158203125e-07
7082,7.152557373046875e-07,4.76837158203125e-07,2.384185791015625e-07
7083,7.152557373046875e-07,4.76837158203125e-07,2.384185791015625e-07
7084,7.152557373046875e-07,4.76837158203125e-07,2.384185791015625e-07
7085,4.76837158203125e-07,4.76837158203125e-07,0.0
7086,7.152557373046875e-07,4.76837158203125e-07,2.384185791015625e-07
7087,4.76837158203125e-07,4.76837158203125e-07,0.0
7088,4.76837158203125e-07,4.76837158203125e-07,2.384185791015625e-07
7089,7.152557373046875e-07,4.76837158203125e-07,2.384185791015625e-07
7090,7.152557373046875e-07,7.152557373046875e-07,4.76837158203125e-07
7091,4.76837158203125e-07,7.152557373046875e-07,2.384185791015625e-07
7092,4.76837158203125e-07,4.76837158203125e-07,0.0
7093,4.76837158203125e-07,4.76837158203125e-07,2.384185791015625e-07
7094,4.76837158203125e-07,4.76837158203125e-07,2.384185791015625e-07
7095,4.76837158203125e-07,4.76837158203125e-07,2.384185791015625e-07
7096,7.152557373046875e-07,4.76837158203125e-07,2.384185791015625e-07
7097,4.76837158203125e-07,4.76837158203125e-07,2.384185791015625e-07
7098,4.76837158203125e-07,4.76837158203125e-07,0.0
7099,4.76837158203125e-07,4.76837158203125e-07,2.384185791015625e-07
7100,4.76837158203125e-07,4.76837158203125e-07,0.0
7101,4.76837158203125e-07,4.76837158203125e-07,2.384185791015625e-07
7102,4.76837158203125e-07,4.76837158203125e-07,2.384185791015625e-07
7103,9.5367431640625e-07,7.152557373046875e-07,0.0
7104,4.76837158203125e-07,4.76837158203125e-07,2.384185791015625e-07
7105,4.76837158203125e-07,4.76837158203125e-07,2.384185791015625e-07
7106,7.152557373046875e-07,7.152557373046875e-07,2.384185791015625e-07
7107,4.76837158203125e-07,4.76837158203125e-07,2.384185791015625e-07
7108,4.76837158203125e-07,9.5367431640625e-07,2.384185791015625e-07
7109,4.76837158203125e-07,9.5367431640625e-07,0.0
7110,7.152557373046875e-07,9.5367431640625e-07,2.384185791015625e-07
7111,4.76837158203125e-07,4.76837158203125e-07,0.0
7112,4.76837158203125e-07,4.76837158203125e-07,2.384185791015625e-07
7113,7.152557373046875e-07,4.76837158203125e-07,2.384185791015625e-07
7114,4.76837158203125e-07,4.76837158203125e-07,2.384185791015625e-07
7115,4.76837158203125e-07,4.76837158203125e-07,2.384185791015625e-07
7116,4.76837158203125e-07,4.76837158203125e-07,0.0
7117,4.76837158203125e-07,4.76837158203125e-07,2.384185791015625e-07
7118,4.76837158203125e-07,4.76837158203125e-07,2.384185791015625e-07
7119,4.76837158203125e-07,7.152557373046875e-07,0.0
7120,7.152557373046875e-07,7.152557373046875e-07,2.384185791015625e-07
7121,4.76837158203125e-07,4.76837158203125e-07,2.384185791015625e-07
7122,4.76837158203125e-07,4.76837158203125e-07,2.384185791015625e-07
7123,7.152557373046875e-07,4.76837158203125e-07,4.76837158203125e-07
7124,4.76837158203125e-07,4.76837158203125e-07,0.0
7125,4.76837158203125e-07,4.76837158203125e-07,2.384185791015625e-07
7126,4.76837158203125e-07,4.76837158203125e-07,2.384185791015625e-07
7127,7.152557373046875e-07,4.76837158203125e-07,2.384185791015625e-07
7128,4.76837158203125e-07,4.76837158203125e-07,0.0
7129,4.76837158203125e-07,7.152557373046875e-07,2.384185791015625e-07
7130,4.76837158203125e-07,4.76837158203125e-07,2.384185791015625e-07
7131,4.76837158203125e-07,4.76837158203125e-07,4.76837158203125e-07
7132,4.76837158203125e-07,4.76837158203125e-07,2.384185791015625e-07
7133,4.76837158203125e-07,4.76837158203125e-07,0.0
7134,7.152557373046875e-07,7.152557373046875e-07,2.384185791015625e-07
7135,7.152557373046875e-07,7.152557373046875e-07,2.384185791015625e-07
7136,7.152557373046875e-07,7.152557373046875e-07,0.0
7137,4.76837158203125e-07,7.152557373046875e-07,2.384185791015625e-07
7138,7.152557373046875e-07,9.5367431640625e-07,2.384185791015625e-07
7139,4.76837158203125e-07,7.152557373046875e-07,2.384185791015625e-07
7140,4.76837158203125e-07,4.76837158203125e-07,2.384185791015625e-07
7141,4.76837158203125e-07,4.76837158203125e-07,0.0
7142,4.76837158203125e-07,4.76837158203125e-07,0.0
7143,4.76837158203125e-07,4.76837158203125e-07,2.384185791015625e-07
7144,7.152557373046875e-07,4.76837158203125e-07,2.384185791015625e-07
7145,7.152557373046875e-07,4.76837158203125e-07,0.0
7146,4.76837158203125e-07,4.76837158203125e-07,2.384185791015625e-07
7147,4.76837158203125e-07,4.76837158203125e-07,0.0
7148,4.76837158203125e-07,4.76837158203125e-07,2.384185791015625e-07
7149,7.152557373046875e-07,4.76837158203125e-07,2.384185791015625e-07
7150,7.152557373046875e-07,4.76837158203125e-07,0.0
7151,9.5367431640625e-07,4.76837158203125e-07,2.384185791015625e-07
7152,7.152557373046875e-07,4.76837158203125e-07,0.0
7153,4.76837158203125e-07,4.76837158203125e-07,2.384185791015625e-07
7154,9.5367431640625e-07,4.76837158203125e-07,2.384185791015625e-07
7155,7.152557373046875e-07,4.76837158203125e-07,2.384185791015625e-07
7156,4.76837158203125e-07,7.152557373046875e-07,2.384185791015625e-07
7157,4.76837158203125e-07,4.76837158203125e-07,2.384185791015625e-07
7158,9.5367431640625e-07,4.76837158203125e-07,2.384185791015625e-07
7159,4.76837158203125e-07,4.76837158203125e-07,2.384185791015625e-07
7160,4.76837158203125e-07,4.76837158203125e-07,2.384185791015625e-07
7161,4.76837158203125e-07,4.76837158203125e-07,2.384185791015625e-07
7162,4.76837158203125e-07,7.152557373046875e-07,0.0
7163,7.152557373046875e-07,9.5367431640625e-07,2.384185791015625e-07
7164,4.76837158203125e-07,9.5367431640625e-07,4.76837158203125e-07
7165,7.152557373046875e-07,9.5367431640625e-07,0.0
7166,4.76837158203125e-07,9.5367431640625e-07,2.384185791015625e-07
7167,4.76837158203125e-07,7.152557373046875e-07,0.0
7168,4.76837158203125e-07,7.152557373046875e-07,2.384185791015625e-07
7169,7.152557373046875e-07,7.152557373046875e-07,2.384185791015625e-07
7170,7.152557373046875e-07,4.76837158203125e-07,2.384185791015625e-07
7171,4.76837158203125e-07,4.76837158203125e-07,2.384185791015625e-07
7172,9.5367431640625e-07,4.76837158203125e-07,0.0
7173,7.152557373046875e-07,4.76837158203125e-07,2.384185791015625e-07
7174,4.76837158203125e-07,4.76837158203125e-07,0.0
7175,7.152557373046875e-07,4.76837158203125e-07,2.384185791015625e-07
7176,4.76837158203125e-07,4.76837158203125e-07,2.384185791015625e-07
7177,4.76837158203125e-07,4.76837158203125e-07,0.0
7178,4.76837158203125e-07,4.76837158203125e-07,2.384185791015625e-07
7179,4.76837158203125e-07,4.76837158203125e-07,0.0
7180,4.76837158203125e-07,7.152557373046875e-07,2.384185791015625e-07
7181,4.76837158203125e-07,4.76837158203125e-07,4.76837158203125e-07
7182,7.152557373046875e-07,4.76837158203125e-07,0.0
7183,4.76837158203125e-07,4.76837158203125e-07,2.384185791015625e-07
7184,4.76837158203125e-07,7.152557373046875e-07,0.0
7185,4.76837158203125e-07,4.76837158203125e-07,2.384185791015625e-07
7186,7.152557373046875e-07,4.76837158203125e-07,2.384185791015625e-07
7187,4.76837158203125e-07,4.76837158203125e-07,2.384185791015625e-07
7188,4.76837158203125e-07,4.76837158203125e-07,2.384185791015625e-07
7189,7.152557373046875e-07,4.76837158203125e-07,4.76837158203125e-07
7190,4.76837158203125e-07,7.152557373046875e-07,0.0
7191,4.76837158203125e-07,7.152557373046875e-07,2.384185791015625e-07
7192,4.76837158203125e-07,7.152557373046875e-07,2.384185791015625e-07
7193,9.5367431640625e-07,4.76837158203125e-07,2.384185791015625e-07
7194,4.76837158203125e-07,4.76837158203125e-07,2.384185791015625e-07
7195,4.76837158203125e-07,4.76837158203125e-07,0.0
7196,7.152557373046875e-07,4.76837158203125e-07,2.384185791015625e-07
7197,4.76837158203125e-07,4.76837158203125e-07,2.384185791015625e-07
7198,4.76837158203125e-07,4.76837158203125e-07,4.76837158203125e-07
7199,7.152557373046875e-07,7.152557373046875e-07,2.384185791015625e-07
7200,9.5367431640625e-07,9.5367431640625e-07,0.0
7201,4.76837158203125e-07,9.5367431640625e-07,2.384185791015625e-07
7202,4.76837158203125e-07,9.5367431640625e-07,2.384185791015625e-07
7203,7.152557373046875e-07,9.5367431640625e-07,2.384185791015625e-07
7204,4.76837158203125e-07,7.152557373046875e-07,2.384185791015625e-07
7205,4.76837158203125e-07,4.76837158203125e-07,0.0
7206,4.76837158203125e-07,4.76837158203125e-07,4.76837158203125e-07
7207,4.76837158203125e-07,4.76837158203125e-07,0.0
7208,4.76837158203125e-07,4.76837158203125e-07,2.384185791015625e-07
7209,7.152557373046875e-07,4.76837158203125e-07,2.384185791015625e-07
7210,7.152557373046875e-07,4.76837158203125e-07,2.384185791015625e-07
7211,7.152557373046875e-07,4.76837158203125e-07,2.384185791015625e-07
7212,7.152557373046875e-07,7.152557373046875e-07,0.0
7213,4.76837158203125e-07,4.76837158203125e-07,0.0
7214,4.76837158203125e-07,7.152557373046875e-07,0.0
7215,4.76837158203125e-07,7.152557373046875e-07,0.0
7216,4.76837158203125e-07,4.76837158203125e-07,2.384185791015625e-07
7217,7.152557373046875e-07,4.76837158203125e-07,2.384185791015625e-07
7218,4.76837158203125e-07,7.152557373046875e-07,2.384185791015625e-07
7219,4.76837158203125e-07,4.76837158203125e-07,0.0
7220,4.76837158203125e-07,4.76837158203125e-07,2.384185791015625e-07
7221,7.152557373046875e-07,4.76837158203125e-07,2.384185791015625e-07
7222,4.76837158203125e-07,4.76837158203125e-07,4.76837158203125e-07
7223,4.76837158203125e-07,4.76837158203125e-07,2.384185791015625e-07
7224,7.152557373046875e-07,4.76837158203125e-07,2.384185791015625e-07
7225,4.76837158203125e-07,4.76837158203125e-07,0.0
7226,4.76837158203125e-07,4.76837158203125e-07,2.384185791015625e-07
7227,4.76837158203125e-07,4.76837158203125e-07,2.384185791015625e-07
7228,4.76837158203125e-07,4.76837158203125e-07,2.384185791015625e-07
7229,4.76837158203125e-07,4.76837158203125e-07,2.384185791015625e-07
7230,4.76837158203125e-07,7.152557373046875e-07,4.76837158203125e-07
7231,7.152557373046875e-07,7.152557373046875e-07,0.0
7232,7.152557373046875e-07,7.152557373046875e-07,2.384185791015625e-07
7233,4.76837158203125e-07,9.5367431640625e-07,2.384185791015625e-07
7234,4.76837158203125e-07,7.152557373046875e-07,2.384185791015625e-07
7235,4.76837158203125e-07,4.76837158203125e-07,2.384185791015625e-07
7236,4.76837158203125e-07,4.76837158203125e-07,0.0
7237,4.76837158203125e-07,4.76837158203125e-07,2.384185791015625e-07
7238,7.152557373046875e-07,4.76837158203125e-07,2.384185791015625e-07
7239,4.76837158203125e-07,4.76837158203125e-07,0.0
7240,4.76837158203125e-07,4.76837158203125e-07,2.384185791015625e-07
7241,9.5367431640625e-07,4.76837158203125e-07,0.0
7242,7.152557373046875e-07,4.76837158203125e-07,2.384185791015625e-07
7243,4.76837158203125e-07,4.76837158203125e-07,2.384185791015625e-07
7244,4.76837158203125e-07,4.76837158203125e-07,2.384185791015625e-07
7245,7.152557373046875e-07,7.152557373046875e-07,2.384185791015625e-07
7246,4.76837158203125e-07,4.76837158203125e-07,2.384185791015625e-07
7247,4.76837158203125e-07,4.76837158203125e-07,0.0
7248,4.76837158203125e-07,4.76837158203125e-07,2.384185791015625e-07
7249,4.76837158203125e-07,4.76837158203125e-07,2.384185791015625e-07
7250,4.76837158203125e-07,7.152557373046875e-07,2.384185791015625e-07
7251,4.76837158203125e-07,7.152557373046875e-07,2.384185791015625e-07
7252,4.76837158203125e-07,4.76837158203125e-07,0.0
7253,4.76837158203125e-07,7.152557373046875e-07,2.384185791015625e-07
7254,4.76837158203125e-07,4.76837158203125e-07,2.384185791015625e-07
7255,4.76837158203125e-07,4.76837158203125e-07,0.0
7256,4.76837158203125e-07,7.152557373046875e-07,2.384185791015625e-07
7257,7.152557373046875e-07,7.152557373046875e-07,2.384185791015625e-07
7258,4.76837158203125e-07,7.152557373046875e-07,0.0
7259,9.5367431640625e-07,7.152557373046875e-07,2.384185791015625e-07
7260,4.76837158203125e-07,4.76837158203125e-07,2.384185791015625e-07
7261,7.152557373046875e-07,4.76837158203125e-07,2.384185791015625e-07
7262,7.152557373046875e-07,4.76837158203125e-07,2.384185791015625e-07
7263,7.152557373046875e-07,7.152557373046875e-07,4.76837158203125e-07
7264,4.76837158203125e-07,4.76837158203125e-07,0.0
7265,7.152557373046875e-07,4.76837158203125e-07,2.384185791015625e-07
7266,7.152557373046875e-07,4.76837158203125e-07,2.384185791015625e-07
7267,4.76837158203125e-07,4.76837158203125e-07,0.0
7268,4.76837158203125e-07,7.152557373046875e-07,2.384185791015625e-07
7269,7.152557373046875e-07,7.152557373046875e-07,2.384185791015625e-07
7270,4.76837158203125e-07,7.152557373046875e-07,2.384185791015625e-07
7271,4.76837158203125e-07,4.76837158203125e-07,4.76837158203125e-07
7272,4.76837158203125e-07,7.152557373046875e-07,0.0
7273,4.76837158203125e-07,7.152557373046875e-07,2.384185791015625e-07
7274,4.76837158203125e-07,4.76837158203125e-07,2.384185791015625e-07
7275,7.152557373046875e-07,4.76837158203125e-07,0.0
7276,9.5367431640625e-07,4.76837158203125e-07,2.384185791015625e-07
7277,4.76837158203125e-07,4.76837158203125e-07,0.0
7278,4.76837158203125e-07,4.76837158203125e-07,2.384185791015625e-07
7279,4.76837158203125e-07,4.76837158203125e-07,4.76837158203125e-07
7280,4.76837158203125e-07,4.76837158203125e-07,2.384185791015625e-07
7281,4.76837158203125e-07,4.76837158203125e-07,0.0
7282,4.76837158203125e-07,7.152557373046875e-07,2.384185791015625e-07
7283,7.152557373046875e-07,7.152557373046875e-07,2.384185791015625e-07
7284,4.76837158203125e-07,4.76837158203125e-07,0.0
7285,4.76837158203125e-07,4.76837158203125e-07,2.384185791015625e-07
7286,4.76837158203125e-07,7.152557373046875e-07,2.384185791015625e-07
7287,7.152557373046875e-07,7.152557373046875e-07,0.0
7288,4.76837158203125e-07,7.152557373046875e-07,2.384185791015625e-07
7289,7.152557373046875e-07,9.5367431640625e-07,2.384185791015625e-07
7290,9.5367431640625e-07,7.152557373046875e-07,0.0
7291,4.76837158203125e-07,4.76837158203125e-07,2.384185791015625e-07
7292,4.76837158203125e-07,9.5367431640625e-07,2.384185791015625e-07
7293,4.76837158203125e-07,7.152557373046875e-07,2.384185791015625e-07
7294,4.76837158203125e-07,4.76837158203125e-07,2.384185791015625e-07
7295,4.76837158203125e-07,4.76837158203125e-07,0.0
7296,4.76837158203125e-07,4.76837158203125e-07,4.76837158203125e-07
7297,4.76837158203125e-07,4.76837158203125e-07,2.384185791015625e-07
7298,4.76837158203125e-07,4.76837158203125e-07,0.0
7299,7.152557373046875e-07,7.152557373046875e-07,2.384185791015625e-07
7300,9.5367431640625e-07,4.76837158203125e-07,2.384185791015625e-07
7301,4.76837158203125e-07,7.152557373046875e-07,0.0
7302,4.76837158203125e-07,7.152557373046875e-07,2.384185791015625e-07
7303,4.76837158203125e-07,4.76837158203125e-07,2.384185791015625e-07
7304,7.152557373046875e-07,4.76837158203125e-07,4.76837158203125e-07
7305,4.76837158203125e-07,4.76837158203125e-07,2.384185791015625e-07
7306,4.76837158203125e-07,7.152557373046875e-07,0.0
7307,9.5367431640625e-07,4.76837158203125e-07,2.384185791015625e-07
7308,7.152557373046875e-07,4.76837158203125e-07,2.384185791015625e-07
7309,4.76837158203125e-07,4.76837158203125e-07,2.384185791015625e-07
7310,4.76837158203125e-07,4.76837158203125e-07,2.384185791015625e-07
7311,7.152557373046875e-07,4.76837158203125e-07,2.384185791015625e-07
7312,4.76837158203125e-07,7.152557373046875e-07,0.0
7313,4.76837158203125e-07,7.152557373046875e-07,2.384185791015625e-07
7314,7.152557373046875e-07,4.76837158203125e-07,2.384185791015625e-07
7315,4.76837158203125e-07,4.76837158203125e-07,2.384185791015625e-07
7316,4.76837158203125e-07,4.76837158203125e-07,2.384185791015625e-07
7317,4.76837158203125e-07,4.76837158203125e-07,2.384185791015625e-07
7318,7.152557373046875e-07,4.76837158203125e-07,2.384185791015625e-07
7319,4.76837158203125e-07,4.76837158203125e-07,2.384185791015625e-07
7320,4.76837158203125e-07,7.152557373046875e-07,0.0
7321,7.152557373046875e-07,4.76837158203125e-07,2.384185791015625e-07
7322,4.76837158203125e-07,4.76837158203125e-07,0.0
7323,4.76837158203125e-07,4.76837158203125e-07,0.0
7324,4.76837158203125e-07,9.5367431640625e-07,2.384185791015625e-07
7325,4.76837158203125e-07,9.5367431640625e-07,2.384185791015625e-07
7326,4.76837158203125e-07,7.152557373046875e-07,2.384185791015625e-07
7327,4.76837158203125e-07,7.152557373046875e-07,2.384185791015625e-07
7328,7.152557373046875e-07,7.152557373046875e-07,0.0
7329,7.152557373046875e-07,7.152557373046875e-07,2.384185791015625e-07
7330,4.76837158203125e-07,7.152557373046875e-07,2.384185791015625e-07
7331,4.76837158203125e-07,4.76837158203125e-07,2.384185791015625e-07
7332,4.76837158203125e-07,9.5367431640625e-07,0.0
7333,4.76837158203125e-07,7.152557373046875e-07,0.0
7334,4.76837158203125e-07,7.152557373046875e-07,2.384185791015625e-07
7335,7.152557373046875e-07,7.152557373046875e-07,2.384185791015625e-07
7336,4.76837158203125e-07,7.152557373046875e-07,0.0
7337,7.152557373046875e-07,4.76837158203125e-07,2.384185791015625e-07
7338,4.76837158203125e-07,4.76837158203125e-07,2.384185791015625e-07
7339,4.76837158203125e-07,4.76837158203125e-07,0.0
7340,4.76837158203125e-07,4.76837158203125e-07,2.384185791015625e-07
7341,4.76837158203125e-07,4.76837158203125e-07,2.384185791015625e-07
7342,7.152557373046875e-07,4.76837158203125e-07,2.384185791015625e-07
7343,4.76837158203125e-07,4.76837158203125e-07,2.384185791015625e-07
7344,4.76837158203125e-07,4.76837158203125e-07,4.76837158203125e-07
7345,4.76837158203125e-07,7.152557373046875e-07,2.384185791015625e-07
7346,4.76837158203125e-07,7.152557373046875e-07,2.384185791015625e-07
7347,4.76837158203125e-07,7.152557373046875e-07,0.0
7348,4.76837158203125e-07,4.76837158203125e-07,2.384185791015625e-07
7349,9.5367431640625e-07,4.76837158203125e-07,2.384185791015625e-07
7350,7.152557373046875e-07,4.76837158203125e-07,0.0
7351,4.76837158203125e-07,4.76837158203125e-07,2.384185791015625e-07
7352,4.76837158203125e-07,4.76837158203125e-07,4.76837158203125e-07
7353,4.76837158203125e-07,4.76837158203125e-07,2.384185791015625e-07
7354,4.76837158203125e-07,4.76837158203125e-07,2.384185791015625e-07
7355,4.76837158203125e-07,4.76837158203125e-07,0.0
7356,7.152557373046875e-07,4.76837158203125e-07,2.384185791015625e-07
7357,4.76837158203125e-07,7.152557373046875e-07,2.384185791015625e-07
7358,4.76837158203125e-07,7.152557373046875e-07,0.0
7359,4.76837158203125e-07,7.152557373046875e-07,2.384185791015625e-07
7360,7.152557373046875e-07,9.5367431640625e-07,2.384185791015625e-07
7361,4.76837158203125e-07,7.152557373046875e-07,2.384185791015625e-07
7362,4.76837158203125e-07,7.152557373046875e-07,0.0
7363,7.152557373046875e-07,4.76837158203125e-07,2.384185791015625e-07
7364,4.76837158203125e-07,4.76837158203125e-07,2.384185791015625e-07
7365,4.76837158203125e-07,7.152557373046875e-07,2.384185791015625e-07
7366,4.76837158203125e-07,4.76837158203125e-07,2.384185791015625e-07
7367,4.76837158203125e-07,7.152557373046875e-07,0.0
7368,4.76837158203125e-07,4.76837158203125e-07,2.384185791015625e-07
7369,4.76837158203125e-07,7.152557373046875e-07,4.76837158203125e-07
7370,9.5367431640625e-07,4.76837158203125e-07,0.0
7371,4.76837158203125e-07,4.76837158203125e-07,2.384185791015625e-07
7372,4.76837158203125e-07,4.76837158203125e-07,0.0
7373,4.76837158203125e-07,4.76837158203125e-07,0.0
7374,7.152557373046875e-07,4.76837158203125e-07,2.384185791015625e-07
7375,4.76837158203125e-07,4.76837158203125e-07,2.384185791015625e-07
7376,4.76837158203125e-07,4.76837158203125e-07,2.384185791015625e-07
7377,7.152557373046875e-07,4.76837158203125e-07,4.76837158203125e-07
7378,4.76837158203125e-07,4.76837158203125e-07,0.0
7379,4.76837158203125e-07,4.76837158203125e-07,2.384185791015625e-07
7380,4.76837158203125e-07,4.76837158203125e-07,2.384185791015625e-07
7381,4.76837158203125e-07,4.76837158203125e-07,0.0
7382,4.76837158203125e-07,4.76837158203125e-07,2.384185791015625e-07
7383,4.76837158203125e-07,4.76837158203125e-07,2.384185791015625e-07
7384,4.76837158203125e-07,4.76837158203125e-07,2.384185791015625e-07
7385,4.76837158203125e-07,7.152557373046875e-07,2.384185791015625e-07
7386,4.76837158203125e-07,7.152557373046875e-07,0.0
7387,9.5367431640625e-07,7.152557373046875e-07,2.384185791015625e-07
7388,7.152557373046875e-07,9.5367431640625e-07,2.384185791015625e-07
7389,4.76837158203125e-07,9.5367431640625e-07,2.384185791015625e-07
7390,4.76837158203125e-07,7.152557373046875e-07,2.384185791015625e-07
7391,4.76837158203125e-07,7.152557373046875e-07,2.384185791015625e-07
7392,4.76837158203125e-07,7.152557373046875e-07,0.0
7393,4.76837158203125e-07,4.76837158203125e-07,4.76837158203125e-07
7394,7.152557373046875e-07,4.76837158203125e-07,2.384185791015625e-07
7395,4.76837158203125e-07,4.76837158203125e-07,2.384185791015625e-07
7396,4.76837158203125e-07,4.76837158203125e-07,2.384185791015625e-07
7397,7.152557373046875e-07,4.76837158203125e-07,2.384185791015625e-07
7398,4.76837158203125e-07,7.152557373046875e-07,0.0
7399,4.76837158203125e-07,7.152557373046875e-07,2.384185791015625e-07
7400,7.152557373046875e-07,4.76837158203125e-07,2.384185791015625e-07
7401,7.152557373046875e-07,4.76837158203125e-07,0.0
7402,4.76837158203125e-07,4.76837158203125e-07,2.384185791015625e-07
7403,4.76837158203125e-07,4.76837158203125e-07,0.0
7404,4.76837158203125e-07,4.76837158203125e-07,2.384185791015625e-07
7405,4.76837158203125e-07,4.76837158203125e-07,2.384185791015625e-07
7406,4.76837158203125e-07,7.152557373046875e-07,0.0
7407,4.76837158203125e-07,4.76837158203125e-07,2.384185791015625e-07
7408,4.76837158203125e-07,4.76837158203125e-07,2.384185791015625e-07
7409,4.76837158203125e-07,4.76837158203125e-07,0.0
7410,4.76837158203125e-07,4.76837158203125e-07,2.384185791015625e-07
7411,7.152557373046875e-07,7.152557373046875e-07,2.384185791015625e-07
7412,4.76837158203125e-07,7.152557373046875e-07,0.0
7413,4.76837158203125e-07,7.152557373046875e-07,2.384185791015625e-07
7414,4.76837158203125e-07,7.152557373046875e-07,2.384185791015625e-07
7415,4.76837158203125e-07,4.76837158203125e-07,0.0
7416,4.76837158203125e-07,7.152557373046875e-07,2.384185791015625e-07
7417,4.76837158203125e-07,9.5367431640625e-07,0.0
7418,7.152557373046875e-07,7.152557373046875e-07,4.76837158203125e-07
7419,4.76837158203125e-07,7.152557373046875e-07,2.384185791015625e-07
7420,4.76837158203125e-07,4.76837158203125e-07,0.0
7421,7.152557373046875e-07,4.76837158203125e-07,2.384185791015625e-07
7422,7.152557373046875e-07,4.76837158203125e-07,2.384185791015625e-07
7423,4.76837158203125e-07,4.76837158203125e-07,0.0
7424,7.152557373046875e-07,4.76837158203125e-07,2.384185791015625e-07
7425,7.152557373046875e-07,4.76837158203125e-07,2.384185791015625e-07
7426,4.76837158203125e-07,4.76837158203125e-07,0.0
7427,4.76837158203125e-07,4.76837158203125e-07,2.384185791015625e-07
7428,4.76837158203125e-07,7.152557373046875e-07,2.384185791015625e-07
7429,4.76837158203125e-07,4.76837158203125e-07,2.384185791015625e-07
7430,4.76837158203125e-07,4.76837158203125e-07,0.0
7431,4.76837158203125e-07,4.76837158203125e-07,2.384185791015625e-07
7432,4.76837158203125e-07,7.152557373046875e-07,0.0
7433,7.152557373046875e-07,7.152557373046875e-07,2.384185791015625e-07
7434,7.152557373046875e-07,4.76837158203125e-07,4.76837158203125e-07
7435,4.76837158203125e-07,4.76837158203125e-07,0.0
7436,4.76837158203125e-07,7.152557373046875e-07,2.384185791015625e-07
7437,4.76837158203125e-07,4.76837158203125e-07,2.384185791015625e-07
7438,4.76837158203125e-07,4.76837158203125e-07,2.384185791015625e-07
7439,4.76837158203125e-07,7.152557373046875e-07,2.384185791015625e-07
7440,4.76837158203125e-07,7.152557373046875e-07,0.0
7441,4.76837158203125e-07,7.152557373046875e-07,2.384185791015625e-07
7442,7.152557373046875e-07,4.76837158203125e-07,2.384185791015625e-07
7443,4.76837158203125e-07,4.76837158203125e-07,0.0
7444,4.76837158203125e-07,4.76837158203125e-07,2.384185791015625e-07
7445,4.76837158203125e-07,4.76837158203125e-07,2.384185791015625e-07
7446,4.76837158203125e-07,7.152557373046875e-07,0.0
7447,4.76837158203125e-07,4.76837158203125e-07,2.384185791015625e-07
7448,4.76837158203125e-07,4.76837158203125e-07,2.384185791015625e-07
7449,9.5367431640625e-07,4.76837158203125e-07,2.384185791015625e-07
7450,4.76837158203125e-07,4.76837158203125e-07,2.384185791015625e-07
7451,4.76837158203125e-07,4.76837158203125e-07,0.0
7452,4.76837158203125e-07,4.76837158203125e-07,2.384185791015625e-07
7453,4.76837158203125e-07,4.76837158203125e-07,2.384185791015625e-07
7454,4.76837158203125e-07,4.76837158203125e-07,0.0
7455,4.76837158203125e-07,4.76837158203125e-07,2.384185791015625e-07
7456,7.152557373046875e-07,4.76837158203125e-07,2.384185791015625e-07
7457,7.152557373046875e-07,4.76837158203125e-07,0.0
7458,4.76837158203125e-07,7.152557373046875e-07,0.0
7459,4.76837158203125e-07,7.152557373046875e-07,4.76837158203125e-07
7460,4.76837158203125e-07,7.152557373046875e-07,2.384185791015625e-07
7461,4.76837158203125e-07,4.76837158203125e-07,0.0
7462,7.152557373046875e-07,4.76837158203125e-07,2.384185791015625e-07
7463,4.76837158203125e-07,7.152557373046875e-07,2.384185791015625e-07
7464,4.76837158203125e-07,9.5367431640625e-07,0.0
7465,4.76837158203125e-07,4.76837158203125e-07,2.384185791015625e-07
7466,4.76837158203125e-07,4.76837158203125e-07,4.76837158203125e-07
7467,4.76837158203125e-07,4.76837158203125e-07,0.0
7468,4.76837158203125e-07,4.76837158203125e-07,2.384185791015625e-07
7469,9.5367431640625e-07,4.76837158203125e-07,2.384185791015625e-07
7470,7.152557373046875e-07,4.76837158203125e-07,0.0
7471,4.76837158203125e-07,4.76837158203125e-07,2.384185791015625e-07
7472,4.76837158203125e-07,4.76837158203125e-07,2.384185791015625e-07
7473,4.76837158203125e-07,4.76837158203125e-07,0.0
7474,4.76837158203125e-07,4.76837158203125e-07,2.384185791015625e-07
7475,4.76837158203125e-07,4.76837158203125e-07,2.384185791015625e-07
7476,7.152557373046875e-07,4.76837158203125e-07,0.0
7477,7.152557373046875e-07,4.76837158203125e-07,2.384185791015625e-07
7478,4.76837158203125e-07,4.76837158203125e-07,2.384185791015625e-07
7479,9.5367431640625e-07,4.76837158203125e-07,2.384185791015625e-07
7480,4.76837158203125e-07,4.76837158203125e-07,2.384185791015625e-07
7481,4.76837158203125e-07,4.76837158203125e-07,2.384185791015625e-07
7482,4.76837158203125e-07,4.76837158203125e-07,2.384185791015625e-07
7483,7.152557373046875e-07,4.76837158203125e-07,2.384185791015625e-07
7484,4.76837158203125e-07,4.76837158203125e-07,0.0
7485,4.76837158203125e-07,7.152557373046875e-07,2.384185791015625e-07
7486,7.152557373046875e-07,9.5367431640625e-07,2.384185791015625e-07
7487,4.76837158203125e-07,7.152557373046875e-07,0.0
7488,4.76837158203125e-07,7.152557373046875e-07,2.384185791015625e-07
7489,4.76837158203125e-07,4.76837158203125e-07,2.384185791015625e-07
7490,4.76837158203125e-07,4.76837158203125e-07,0.0
7491,4.76837158203125e-07,4.76837158203125e-07,4.76837158203125e-07
7492,4.76837158203125e-07,4.76837158203125e-07,2.384185791015625e-07
7493,7.152557373046875e-07,4.76837158203125e-07,2.384185791015625e-07
7494,4.76837158203125e-07,4.76837158203125e-07,2.384185791015625e-07
7495,4.76837158203125e-07,4.76837158203125e-07,0.0
7496,4.76837158203125e-07,7.152557373046875e-07,2.384185791015625e-07
7497,4.76837158203125e-07,4.76837158203125e-07,2.384185791015625e-07
7498,4.76837158203125e-07,7.152557373046875e-07,0.0
7499,4.76837158203125e-07,4.76837158203125e-07,2.384185791015625e-07
7500,7.152557373046875e-07,4.76837158203125e-07,2.384185791015625e-07
7501,7.152557373046875e-07,4.76837158203125e-07,0.0
7502,7.152557373046875e-07,7.152557373046875e-07,2.384185791015625e-07
7503,4.76837158203125e-07,4.76837158203125e-07,2.384185791015625e-07
7504,4.76837158203125e-07,4.76837158203125e-07,0.0
7505,4.76837158203125e-07,4.76837158203125e-07,2.384185791015625e-07
7506,4.76837158203125e-07,7.152557373046875e-07,2.384185791015625e-07
7507,7.152557373046875e-07,7.152557373046875e-07,0.0
7508,4.76837158203125e-07,7.152557373046875e-07,2.384185791015625e-07
7509,4.76837158203125e-07,7.152557373046875e-07,2.384185791015625e-07
7510,4.76837158203125e-07,7.152557373046875e-07,0.0
7511,4.76837158203125e-07,7.152557373046875e-07,0.0
7512,4.76837158203125e-07,7.152557373046875e-07,2.384185791015625e-07
7513,4.76837158203125e-07,7.152557373046875e-07,2.384185791015625e-07
7514,7.152557373046875e-07,4.76837158203125e-07,2.384185791015625e-07
7515,4.76837158203125e-07,7.152557373046875e-07,0.0
7516,4.76837158203125e-07,7.152557373046875e-07,2.384185791015625e-07
7517,9.5367431640625e-07,7.152557373046875e-07,2.384185791015625e-07
7518,4.76837158203125e-07,4.76837158203125e-07,0.0
7519,7.152557373046875e-07,7.152557373046875e-07,2.384185791015625e-07
7520,4.76837158203125e-07,7.152557373046875e-07,2.384185791015625e-07
7521,9.5367431640625e-07,4.76837158203125e-07,2.384185791015625e-07
7522,4.76837158203125e-07,4.76837158203125e-07,2.384185791015625e-07
7523,4.76837158203125e-07,4.76837158203125e-07,4.76837158203125e-07
7524,7.152557373046875e-07,4.76837158203125e-07,0.0
7525,4.76837158203125e-07,4.76837158203125e-07,2.384185791015625e-07
7526,4.76837158203125e-07,4.76837158203125e-07,2.384185791015625e-07
7527,4.76837158203125e-07,4.76837158203125e-07,2.384185791015625e-07
7528,4.76837158203125e-07,9.5367431640625e-07,2.384185791015625e-07
7529,4.76837158203125e-07,9.5367431640625e-07,2.384185791015625e-07
7530,4.76837158203125e-07,7.152557373046875e-07,2.384185791015625e-07
7531,7.152557373046875e-07,7.152557373046875e-07,2.384185791015625e-07
7532,4.76837158203125e-07,9.5367431640625e-07,0.0
7533,7.152557373046875e-07,4.76837158203125e-07,2.384185791015625e-07
7534,4.76837158203125e-07,7.152557373046875e-07,2.384185791015625e-07
7535,4.76837158203125e-07,4.76837158203125e-07,0.0
7536,7.152557373046875e-07,4.76837158203125e-07,2.384185791015625e-07
7537,4.76837158203125e-07,4.76837158203125e-07,2.384185791015625e-07
7538,9.5367431640625e-07,4.76837158203125e-07,0.0
7539,4.76837158203125e-07,4.76837158203125e-07,2.384185791015625e-07
7540,4.76837158203125e-07,4.76837158203125e-07,0.0
7541,4.76837158203125e-07,4.76837158203125e-07,2.384185791015625e-07
7542,4.76837158203125e-07,4.76837158203125e-07,2.384185791015625e-07
7543,4.76837158203125e-07,4.76837158203125e-07,0.0
7544,4.76837158203125e-07,4.76837158203125e-07,2.384185791015625e-07
7545,7.152557373046875e-07,4.76837158203125e-07,2.384185791015625e-07
7546,4.76837158203125e-07,4.76837158203125e-07,2.384185791015625e-07
7547,7.152557373046875e-07,4.76837158203125e-07,2.384185791015625e-07
7548,7.152557373046875e-07,4.76837158203125e-07,0.0
7549,7.152557373046875e-07,4.76837158203125e-07,2.384185791015625e-07
7550,4.76837158203125e-07,4.76837158203125e-07,2.384185791015625e-07
7551,7.152557373046875e-07,4.76837158203125e-07,0.0
7552,4.76837158203125e-07,4.76837158203125e-07,2.384185791015625e-07
7553,4.76837158203125e-07,7.152557373046875e-07,2.384185791015625e-07
7554,4.76837158203125e-07,7.152557373046875e-07,0.0
7555,4.76837158203125e-07,7.152557373046875e-07,0.0
7556,4.76837158203125e-07,7.152557373046875e-07,4.76837158203125e-07
7557,4.76837158203125e-07,4.76837158203125e-07,2.384185791015625e-07
7558,4.76837158203125e-07,4.76837158203125e-07,0.0
7559,9.5367431640625e-07,4.76837158203125e-07,2.384185791015625e-07
7560,7.152557373046875e-07,4.76837158203125e-07,0.0
7561,4.76837158203125e-07,4.76837158203125e-07,2.384185791015625e-07
7562,4.76837158203125e-07,4.76837158203125e-07,2.384185791015625e-07
7563,4.76837158203125e-07,4.76837158203125e-07,0.0
7564,4.76837158203125e-07,4.76837158203125e-07,2.384185791015625e-07
7565,4.76837158203125e-07,4.76837158203125e-07,2.384185791015625e-07
7566,4.76837158203125e-07,7.152557373046875e-07,2.384185791015625e-07
7567,7.152557373046875e-07,4.76837158203125e-07,0.0
7568,7.152557373046875e-07,4.76837158203125e-07,2.384185791015625e-07
7569,4.76837158203125e-07,4.76837158203125e-07,2.384185791015625e-07
7570,4.76837158203125e-07,4.76837158203125e-07,2.384185791015625e-07
7571,4.76837158203125e-07,4.76837158203125e-07,0.0
7572,4.76837158203125e-07,4.76837158203125e-07,2.384185791015625e-07
7573,4.76837158203125e-07,7.152557373046875e-07,2.384185791015625e-07
7574,4.76837158203125e-07,7.152557373046875e-07,0.0
7575,4.76837158203125e-07,7.152557373046875e-07,2.384185791015625e-07
7576,7.152557373046875e-07,7.152557373046875e-07,2.384185791015625e-07
7577,4.76837158203125e-07,4.76837158203125e-07,0.0
7578,4.76837158203125e-07,4.76837158203125e-07,2.384185791015625e-07
7579,7.152557373046875e-07,4.76837158203125e-07,2.384185791015625e-07
7580,4.76837158203125e-07,7.152557373046875e-07,0.0
7581,4.76837158203125e-07,7.152557373046875e-07,2.384185791015625e-07
7582,4.76837158203125e-07,4.76837158203125e-07,2.384185791015625e-07
7583,7.152557373046875e-07,4.76837158203125e-07,0.0
7584,4.76837158203125e-07,7.152557373046875e-07,2.384185791015625e-07
7585,4.76837158203125e-07,4.76837158203125e-07,2.384185791015625e-07
7586,4.76837158203125e-07,4.76837158203125e-07,0.0
7587,4.76837158203125e-07,4.76837158203125e-07,2.384185791015625e-07
7588,4.76837158203125e-07,4.76837158203125e-07,2.384185791015625e-07
7589,4.76837158203125e-07,4.76837158203125e-07,0.0
7590,7.152557373046875e-07,4.76837158203125e-07,2.384185791015625e-07
7591,4.76837158203125e-07,4.76837158203125e-07,2.384185791015625e-07
7592,4.76837158203125e-07,7.152557373046875e-07,0.0
7593,7.152557373046875e-07,7.152557373046875e-07,2.384185791015625e-07
7594,4.76837158203125e-07,4.76837158203125e-07,2.384185791015625e-07
7595,4.76837158203125e-07,7.152557373046875e-07,0.0
7596,4.76837158203125e-07,4.76837158203125e-07,2.384185791015625e-07
7597,7.152557373046875e-07,7.152557373046875e-07,2.384185791015625e-07
7598,7.152557373046875e-07,7.152557373046875e-07,0.0
7599,4.76837158203125e-07,7.152557373046875e-07,2.384185791015625e-07
7600,4.76837158203125e-07,4.76837158203125e-07,2.384185791015625e-07
7601,4.76837158203125e-07,4.76837158203125e-07,0.0
7602,4.76837158203125e-07,4.76837158203125e-07,2.384185791015625e-07
7603,4.76837158203125e-07,4.76837158203125e-07,2.384185791015625e-07
7604,4.76837158203125e-07,4.76837158203125e-07,0.0
7605,4.76837158203125e-07,7.152557373046875e-07,4.76837158203125e-07
7606,4.76837158203125e-07,7.152557373046875e-07,2.384185791015625e-07
7607,9.5367431640625e-07,7.152557373046875e-07,0.0
7608,7.152557373046875e-07,4.76837158203125e-07,2.384185791015625e-07
7609,4.76837158203125e-07,4.76837158203125e-07,2.384185791015625e-07
7610,4.76837158203125e-07,4.76837158203125e-07,2.384185791015625e-07
7611,7.152557373046875e-07,4.76837158203125e-07,2.384185791015625e-07
7612,4.76837158203125e-07,7.152557373046875e-07,0.0
7613,4.76837158203125e-07,4.76837158203125e-07,4.76837158203125e-07
7614,7.152557373046875e-07,7.152557373046875e-07,2.384185791015625e-07
7615,4.76837158203125e-07,7.152557373046875e-07,0.0
7616,4.76837158203125e-07,7.152557373046875e-07,2.384185791015625e-07
7617,4.76837158203125e-07,4.76837158203125e-07,2.384185791015625e-07
7618,4.76837158203125e-07,7.152557373046875e-07,2.384185791015625e-07
7619,4.76837158203125e-07,7.152557373046875e-07,2.384185791015625e-07
7620,4.76837158203125e-07,7.152557373046875e-07,0.0
7621,9.5367431640625e-07,7.152557373046875e-07,2.384185791015625e-07
7622,4.76837158203125e-07,4.76837158203125e-07,2.384185791015625e-07
7623,7.152557373046875e-07,7.152557373046875e-07,0.0
7624,4.76837158203125e-07,7.152557373046875e-07,2.384185791015625e-07
7625,4.76837158203125e-07,4.76837158203125e-07,0.0
7626,7.152557373046875e-07,4.76837158203125e-07,2.384185791015625e-07
7627,4.76837158203125e-07,7.152557373046875e-07,2.384185791015625e-07
7628,7.152557373046875e-07,7.152557373046875e-07,0.0
7629,4.76837158203125e-07,7.152557373046875e-07,2.384185791015625e-07
7630,4.76837158203125e-07,7.152557373046875e-07,0.0
7631,7.152557373046875e-07,7.152557373046875e-07,2.384185791015625e-07
7632,7.152557373046875e-07,4.76837158203125e-07,2.384185791015625e-07
7633,7.152557373046875e-07,4.76837158203125e-07,0.0
7634,7.152557373046875e-07,4.76837158203125e-07,2.384185791015625e-07
7635,7.152557373046875e-07,4.76837158203125e-07,2.384185791015625e-07
7636,4.76837158203125e-07,7.152557373046875e-07,0.0
7637,4.76837158203125e-07,4.76837158203125e-07,2.384185791015625e-07
7638,4.76837158203125e-07,4.76837158203125e-07,0.0
7639,7.152557373046875e-07,4.76837158203125e-07,2.384185791015625e-07
7640,7.152557373046875e-07,4.76837158203125e-07,2.384185791015625e-07
7641,4.76837158203125e-07,4.76837158203125e-07,0.0
7642,7.152557373046875e-07,4.76837158203125e-07,2.384185791015625e-07
7643,4.76837158203125e-07,4.76837158203125e-07,2.384185791015625e-07
7644,4.76837158203125e-07,4.76837158203125e-07,0.0
7645,4.76837158203125e-07,7.152557373046875e-07,2.384185791015625e-07
7646,4.76837158203125e-07,7.152557373046875e-07,2.384185791015625e-07
7647,4.76837158203125e-07,7.152557373046875e-07,4.76837158203125e-07
7648,4.76837158203125e-07,4.76837158203125e-07,2.384185791015625e-07
7649,9.5367431640625e-07,4.76837158203125e-07,0.0
7650,7.152557373046875e-07,4.76837158203125e-07,2.384185791015625e-07
7651,4.76837158203125e-07,7.152557373046875e-07,2.384185791015625e-07
7652,4.76837158203125e-07,7.152557373046875e-07,2.384185791015625e-07
7653,4.76837158203125e-07,7.152557373046875e-07,0.0
7654,4.76837158203125e-07,7.152557373046875e-07,2.384185791015625e-07
7655,4.76837158203125e-07,4.76837158203125e-07,0.0
7656,7.152557373046875e-07,1.1920928955078125e-06,2.384185791015625e-07
7657,4.76837158203125e-07,7.152557373046875e-07,2.384185791015625e-07
7658,4.76837158203125e-07,7.152557373046875e-07,0.0
7659,7.152557373046875e-07,4.76837158203125e-07,2.384185791015625e-07
7660,4.76837158203125e-07,4.76837158203125e-07,2.384185791015625e-07
7661,4.76837158203125e-07,4.76837158203125e-07,0.0
7662,4.76837158203125e-07,7.152557373046875e-07,2.384185791015625e-07
7663,4.76837158203125e-07,7.152557373046875e-07,4.76837158203125e-07
7664,4.76837158203125e-07,4.76837158203125e-07,2.384185791015625e-07
7665,7.152557373046875e-07,4.76837158203125e-07,2.384185791015625e-07
7666,7.152557373046875e-07,4.76837158203125e-07,0.0
7667,4.76837158203125e-07,4.76837158203125e-07,2.384185791015625e-07
7668,4.76837158203125e-07,4.76837158203125e-07,2.384185791015625e-07
7669,7.152557373046875e-07,4.76837158203125e-07,0.0
7670,7.152557373046875e-07,4.76837158203125e-07,2.384185791015625e-07
7671,4.76837158203125e-07,4.76837158203125e-07,4.76837158203125e-07
7672,4.76837158203125e-07,7.152557373046875e-07,0.0
7673,7.152557373046875e-07,7.152557373046875e-07,2.384185791015625e-07
7674,4.76837158203125e-07,4.76837158203125e-07,0.0
7675,4.76837158203125e-07,4.76837158203125e-07,0.0
7676,7.152557373046875e-07,4.76837158203125e-07,2.384185791015625e-07
7677,4.76837158203125e-07,7.152557373046875e-07,2.384185791015625e-07
7678,4.76837158203125e-07,7.152557373046875e-07,2.384185791015625e-07
7679,7.152557373046875e-07,7.152557373046875e-07,2.384185791015625e-07
7680,9.5367431640625e-07,9.5367431640625e-07,0.0
7681,4.76837158203125e-07,4.76837158203125e-07,2.384185791015625e-07
7682,4.76837158203125e-07,4.76837158203125e-07,2.384185791015625e-07
7683,4.76837158203125e-07,4.76837158203125e-07,2.384185791015625e-07
7684,4.76837158203125e-07,4.76837158203125e-07,2.384185791015625e-07
7685,4.76837158203125e-07,4.76837158203125e-07,0.0
7686,4.76837158203125e-07,4.76837158203125e-07,0.0
7687,9.5367431640625e-07,7.152557373046875e-07,2.384185791015625e-07
7688,7.152557373046875e-07,4.76837158203125e-07,0.0
7689,4.76837158203125e-07,4.76837158203125e-07,0.0
7690,4.76837158203125e-07,7.152557373046875e-07,2.384185791015625e-07
7691,4.76837158203125e-07,7.152557373046875e-07,2.384185791015625e-07
7692,4.76837158203125e-07,7.152557373046875e-07,0.0
7693,4.76837158203125e-07,4.76837158203125e-07,0.0
7694,7.152557373046875e-07,4.76837158203125e-07,2.384185791015625e-07
7695,7.152557373046875e-07,4.76837158203125e-07,2.384185791015625e-07
7696,4.76837158203125e-07,4.76837158203125e-07,4.76837158203125e-07
7697,4.76837158203125e-07,7.152557373046875e-07,2.384185791015625e-07
7698,4.76837158203125e-07,9.5367431640625e-07,2.384185791015625e-07
7699,4.76837158203125e-07,9.5367431640625e-07,2.384185791015625e-07
7700,4.76837158203125e-07,9.5367431640625e-07,2.384185791015625e-07
7701,7.152557373046875e-07,4.76837158203125e-07,2.384185791015625e-07
7702,4.76837158203125e-07,4.76837158203125e-07,2.384185791015625e-07
7703,7.152557373046875e-07,4.76837158203125e-07,0.0
7704,7.152557373046875e-07,4.76837158203125e-07,4.76837158203125e-07
7705,4.76837158203125e-07,4.76837158203125e-07,2.384185791015625e-07
7706,7.152557373046875e-07,4.76837158203125e-07,0.0
7707,7.152557373046875e-07,7.152557373046875e-07,2.384185791015625e-07
7708,9.5367431640625e-07,4.76837158203125e-07,2.384185791015625e-07
7709,4.76837158203125e-07,4.76837158203125e-07,0.0
7710,4.76837158203125e-07,4.76837158203125e-07,2.384185791015625e-07
7711,4.76837158203125e-07,4.76837158203125e-07,2.384185791015625e-07
7712,7.152557373046875e-07,4.76837158203125e-07,0.0
7713,4.76837158203125e-07,4.76837158203125e-07,2.384185791015625e-07
7714,4.76837158203125e-07,4.76837158203125e-07,2.384185791015625e-07
7715,4.76837158203125e-07,4.76837158203125e-07,0.0
7716,4.76837158203125e-07,4.76837158203125e-07,2.384185791015625e-07
7717,4.76837158203125e-07,4.76837158203125e-07,0.0
7718,7.152557373046875e-07,4.76837158203125e-07,2.384185791015625e-07
7719,4.76837158203125e-07,4.76837158203125e-07,2.384185791015625e-07
7720,4.76837158203125e-07,4.76837158203125e-07,4.76837158203125e-07
7721,4.76837158203125e-07,4.76837158203125e-07,2.384185791015625e-07
7722,4.76837158203125e-07,7.152557373046875e-07,2.384185791015625e-07
7723,4.76837158203125e-07,7.152557373046875e-07,2.384185791015625e-07
7724,4.76837158203125e-07,7.152557373046875e-07,0.0
7725,9.5367431640625e-07,4.76837158203125e-07,2.384185791015625e-07
7726,7.152557373046875e-07,7.152557373046875e-07,2.384185791015625e-07
7727,4.76837158203125e-07,7.152557373046875e-07,4.76837158203125e-07
7728,7.152557373046875e-07,4.76837158203125e-07,2.384185791015625e-07
7729,4.76837158203125e-07,7.152557373046875e-07,2.384185791015625e-07
7730,7.152557373046875e-07,7.152557373046875e-07,2.384185791015625e-07
7731,4.76837158203125e-07,7.152557373046875e-07,2.384185791015625e-07
7732,7.152557373046875e-07,4.76837158203125e-07,0.0
7733,4.76837158203125e-07,4.76837158203125e-07,0.0
7734,4.76837158203125e-07,4.76837158203125e-07,2.384185791015625e-07
7735,4.76837158203125e-07,4.76837158203125e-07,4.76837158203125e-07
7736,4.76837158203125e-07,4.76837158203125e-07,2.384185791015625e-07
7737,7.152557373046875e-07,7.152557373046875e-07,2.384185791015625e-07
7738,7.152557373046875e-07,7.152557373046875e-07,0.0
7739,7.152557373046875e-07,4.76837158203125e-07,0.0
7740,4.76837158203125e-07,4.76837158203125e-07,2.384185791015625e-07
7741,4.76837158203125e-07,4.76837158203125e-07,0.0
7742,9.5367431640625e-07,4.76837158203125e-07,2.384185791015625e-07
7743,4.76837158203125e-07,4.76837158203125e-07,4.76837158203125e-07
7744,4.76837158203125e-07,4.76837158203125e-07,2.384185791015625e-07
7745,4.76837158203125e-07,4.76837158203125e-07,2.384185791015625e-07
7746,4.76837158203125e-07,4.76837158203125e-07,2.384185791015625e-07
7747,4.76837158203125e-07,4.76837158203125e-07,0.0
7748,4.76837158203125e-07,4.76837158203125e-07,2.384185791015625e-07
7749,7.152557373046875e-07,4.76837158203125e-07,2.384185791015625e-07
7750,4.76837158203125e-07,7.152557373046875e-07,2.384185791015625e-07
7751,4.76837158203125e-07,9.5367431640625e-07,0.0
7752,4.76837158203125e-07,7.152557373046875e-07,2.384185791015625e-07
7753,4.76837158203125e-07,9.5367431640625e-07,2.384185791015625e-07
7754,7.152557373046875e-07,9.5367431640625e-07,2.384185791015625e-07
7755,4.76837158203125e-07,7.152557373046875e-07,2.384185791015625e-07
7756,7.152557373046875e-07,4.76837158203125e-07,0.0
7757,4.76837158203125e-07,4.76837158203125e-07,2.384185791015625e-07
7758,4.76837158203125e-07,4.76837158203125e-07,2.384185791015625e-07
7759,4.76837158203125e-07,4.76837158203125e-07,2.384185791015625e-07
7760,4.76837158203125e-07,4.76837158203125e-07,4.76837158203125e-07
7761,7.152557373046875e-07,4.76837158203125e-07,0.0
7762,4.76837158203125e-07,4.76837158203125e-07,2.384185791015625e-07
7763,7.152557373046875e-07,4.76837158203125e-07,2.384185791015625e-07
7764,4.76837158203125e-07,4.76837158203125e-07,0.0
7765,7.152557373046875e-07,4.76837158203125e-07,2.384185791015625e-07
7766,4.76837158203125e-07,4.76837158203125e-07,2.384185791015625e-07
7767,4.76837158203125e-07,4.76837158203125e-07,0.0
7768,4.76837158203125e-07,4.76837158203125e-07,4.76837158203125e-07
7769,4.76837158203125e-07,4.76837158203125e-07,2.384185791015625e-07
7770,7.152557373046875e-07,4.76837158203125e-07,0.0
7771,4.76837158203125e-07,4.76837158203125e-07,0.0
7772,4.76837158203125e-07,4.76837158203125e-07,2.384185791015625e-07
7773,4.76837158203125e-07,4.76837158203125e-07,2.384185791015625e-07
7774,4.76837158203125e-07,4.76837158203125e-07,0.0
7775,4.76837158203125e-07,7.152557373046875e-07,2.384185791015625e-07
7776,7.152557373046875e-07,9.5367431640625e-07,0.0
7777,7.152557373046875e-07,7.152557373046875e-07,2.384185791015625e-07
7778,4.76837158203125e-07,7.152557373046875e-07,2.384185791015625e-07
7779,4.76837158203125e-07,4.76837158203125e-07,0.0
7780,4.76837158203125e-07,4.76837158203125e-07,2.384185791015625e-07
7781,4.76837158203125e-07,4.76837158203125e-07,2.384185791015625e-07
7782,4.76837158203125e-07,4.76837158203125e-07,0.0
7783,7.152557373046875e-07,4.76837158203125e-07,2.384185791015625e-07
7784,7.152557373046875e-07,7.152557373046875e-07,4.76837158203125e-07
7785,4.76837158203125e-07,7.152557373046875e-07,0.0
7786,4.76837158203125e-07,4.76837158203125e-07,2.384185791015625e-07
7787,4.76837158203125e-07,7.152557373046875e-07,2.384185791015625e-07
7788,4.76837158203125e-07,4.76837158203125e-07,2.384185791015625e-07
7789,4.76837158203125e-07,4.76837158203125e-07,2.384185791015625e-07
7790,4.76837158203125e-07,7.152557373046875e-07,0.0
7791,9.5367431640625e-07,7.152557373046875e-07,2.384185791015625e-07
7792,7.152557373046875e-07,7.152557373046875e-07,4.76837158203125e-07
7793,4.76837158203125e-07,7.152557373046875e-07,0.0
7794,7.152557373046875e-07,7.152557373046875e-07,2.384185791015625e-07
7795,7.152557373046875e-07,7.152557373046875e-07,0.0
7796,7.152557373046875e-07,4.76837158203125e-07,2.384185791015625e-07
7797,4.76837158203125e-07,4.76837158203125e-07,2.384185791015625e-07
7798,7.152557373046875e-07,4.76837158203125e-07,0.0
7799,4.76837158203125e-07,7.152557373046875e-07,2.384185791015625e-07
7800,4.76837158203125e-07,4.76837158203125e-07,4.76837158203125e-07
7801,7.152557373046875e-07,4.76837158203125e-07,0.0
7802,4.76837158203125e-07,4.76837158203125e-07,2.384185791015625e-07
7803,4.76837158203125e-07,9.5367431640625e-07,2.384185791015625e-07
7804,4.76837158203125e-07,7.152557373046875e-07,2.384185791015625e-07
7805,4.76837158203125e-07,9.5367431640625e-07,2.384185791015625e-07
7806,4.76837158203125e-07,7.152557373046875e-07,0.0
7807,7.152557373046875e-07,7.152557373046875e-07,2.384185791015625e-07
7808,9.5367431640625e-07,7.152557373046875e-07,2.384185791015625e-07
7809,4.76837158203125e-07,4.76837158203125e-07,2.384185791015625e-07
7810,4.76837158203125e-07,4.76837158203125e-07,2.384185791015625e-07
7811,4.76837158203125e-07,4.76837158203125e-07,2.384185791015625e-07
7812,4.76837158203125e-07,4.76837158203125e-07,0.0
7813,4.76837158203125e-07,4.76837158203125e-07,0.0
7814,4.76837158203125e-07,4.76837158203125e-07,2.384185791015625e-07
7815,9.5367431640625e-07,4.76837158203125e-07,2.384185791015625e-07
7816,4.76837158203125e-07,4.76837158203125e-07,0.0
7817,4.76837158203125e-07,7.152557373046875e-07,2.384185791015625e-07
7818,4.76837158203125e-07,4.76837158203125e-07,2.384185791015625e-07
7819,4.76837158203125e-07,4.76837158203125e-07,2.384185791015625e-07
7820,4.76837158203125e-07,4.76837158203125e-07,2.384185791015625e-07
7821,7.152557373046875e-07,4.76837158203125e-07,2.384185791015625e-07
7822,9.5367431640625e-07,4.76837158203125e-07,0.0
7823,4.76837158203125e-07,4.76837158203125e-07,2.384185791015625e-07
7824,4.76837158203125e-07,4.76837158203125e-07,0.0
7825,4.76837158203125e-07,4.76837158203125e-07,4.76837158203125e-07
7826,4.76837158203125e-07,4.76837158203125e-07,2.384185791015625e-07
7827,7.152557373046875e-07,4.76837158203125e-07,0.0
7828,7.152557373046875e-07,4.76837158203125e-07,2.384185791015625e-07
7829,7.152557373046875e-07,7.152557373046875e-07,2.384185791015625e-07
7830,4.76837158203125e-07,7.152557373046875e-07,2.384185791015625e-07
7831,4.76837158203125e-07,7.152557373046875e-07,0.0
7832,4.76837158203125e-07,7.152557373046875e-07,2.384185791015625e-07
7833,4.76837158203125e-07,4.76837158203125e-07,4.76837158203125e-07
7834,4.76837158203125e-07,4.76837158203125e-07,2.384185791015625e-07
7835,4.76837158203125e-07,4.76837158203125e-07,2.384185791015625e-07
7836,9.5367431640625e-07,4.76837158203125e-07,0.0
7837,4.76837158203125e-07,4.76837158203125e-07,2.384185791015625e-07
7838,4.76837158203125e-07,4.76837158203125e-07,2.384185791015625e-07
7839,4.76837158203125e-07,4.76837158203125e-07,2.384185791015625e-07
7840,4.76837158203125e-07,4.76837158203125e-07,2.384185791015625e-07
7841,4.76837158203125e-07,4.76837158203125e-07,4.76837158203125e-07
7842,7.152557373046875e-07,7.152557373046875e-07,0.0
7843,7.152557373046875e-07,7.152557373046875e-07,2.384185791015625e-07
7844,4.76837158203125e-07,4.76837158203125e-07,2.384185791015625e-07
7845,7.152557373046875e-07,4.76837158203125e-07,2.384185791015625e-07
7846,7.152557373046875e-07,4.76837158203125e-07,0.0
7847,4.76837158203125e-07,4.76837158203125e-07,2.384185791015625e-07
7848,4.76837158203125e-07,4.76837158203125e-07,2.384185791015625e-07
7849,4.76837158203125e-07,4.76837158203125e-07,4.76837158203125e-07
7850,4.76837158203125e-07,4.76837158203125e-07,0.0
7851,4.76837158203125e-07,4.76837158203125e-07,2.384185791015625e-07
7852,4.76837158203125e-07,4.76837158203125e-07,2.384185791015625e-07
7853,7.152557373046875e-07,7.152557373046875e-07,2.384185791015625e-07
7854,4.76837158203125e-07,4.76837158203125e-07,0.0
7855,4.76837158203125e-07,4.76837158203125e-07,2.384185791015625e-07
7856,4.76837158203125e-07,4.76837158203125e-07,2.384185791015625e-07
7857,4.76837158203125e-07,9.5367431640625e-07,0.0
7858,4.76837158203125e-07,9.5367431640625e-07,2.384185791015625e-07
7859,4.76837158203125e-07,9.5367431640625e-07,2.384185791015625e-07
7860,7.152557373046875e-07,7.152557373046875e-07,0.0
7861,4.76837158203125e-07,9.5367431640625e-07,2.384185791015625e-07
7862,4.76837158203125e-07,4.76837158203125e-07,0.0
7863,4.76837158203125e-07,4.76837158203125e-07,2.384185791015625e-07
7864,4.76837158203125e-07,4.76837158203125e-07,2.384185791015625e-07
7865,4.76837158203125e-07,4.76837158203125e-07,4.76837158203125e-07
7866,4.76837158203125e-07,7.152557373046875e-07,0.0
7867,7.152557373046875e-07,4.76837158203125e-07,2.384185791015625e-07
7868,4.76837158203125e-07,4.76837158203125e-07,2.384185791015625e-07
7869,4.76837158203125e-07,4.76837158203125e-07,0.0
7870,4.76837158203125e-07,4.76837158203125e-07,2.384185791015625e-07
7871,7.152557373046875e-07,4.76837158203125e-07,2.384185791015625e-07
7872,4.76837158203125e-07,4.76837158203125e-07,2.384185791015625e-07
7873,4.76837158203125e-07,4.76837158203125e-07,0.0
7874,7.152557373046875e-07,7.152557373046875e-07,2.384185791015625e-07
7875,4.76837158203125e-07,4.76837158203125e-07,2.384185791015625e-07
7876,4.76837158203125e-07,4.76837158203125e-07,0.0
7877,4.76837158203125e-07,4.76837158203125e-07,2.384185791015625e-07
7878,4.76837158203125e-07,7.152557373046875e-07,2.384185791015625e-07
7879,4.76837158203125e-07,7.152557373046875e-07,0.0
7880,4.76837158203125e-07,7.152557373046875e-07,2.384185791015625e-07
7881,7.152557373046875e-07,7.152557373046875e-07,4.76837158203125e-07
7882,4.76837158203125e-07,7.152557373046875e-07,2.384185791015625e-07
7883,4.76837158203125e-07,9.5367431640625e-07,0.0
7884,4.76837158203125e-07,4.76837158203125e-07,2.384185791015625e-07
7885,4.76837158203125e-07,7.152557373046875e-07,2.384185791015625e-07
7886,4.76837158203125e-07,7.152557373046875e-07,2.384185791015625e-07
7887,4.76837158203125e-07,7.152557373046875e-07,2.384185791015625e-07
7888,4.76837158203125e-07,4.76837158203125e-07,2.384185791015625e-07
7889,4.76837158203125e-07,4.76837158203125e-07,0.0
7890,4.76837158203125e-07,4.76837158203125e-07,2.384185791015625e-07
7891,9.5367431640625e-07,4.76837158203125e-07,2.384185791015625e-07
7892,4.76837158203125e-07,4.76837158203125e-07,0.0
7893,4.76837158203125e-07,4.76837158203125e-07,2.384185791015625e-07
7894,4.76837158203125e-07,4.76837158203125e-07,2.384185791015625e-07
7895,4.76837158203125e-07,4.76837158203125e-07,2.384185791015625e-07
7896,4.76837158203125e-07,7.152557373046875e-07,2.384185791015625e-07
7897,4.76837158203125e-07,4.76837158203125e-07,4.76837158203125e-07
7898,7.152557373046875e-07,4.76837158203125e-07,0.0
7899,4.76837158203125e-07,4.76837158203125e-07,2.384185791015625e-07
7900,4.76837158203125e-07,4.76837158203125e-07,2.384185791015625e-07
7901,4.76837158203125e-07,4.76837158203125e-07,0.0
7902,4.76837158203125e-07,4.76837158203125e-07,2.384185791015625e-07
7903,4.76837158203125e-07,4.76837158203125e-07,2.384185791015625e-07
7904,4.76837158203125e-07,4.76837158203125e-07,0.0
7905,9.5367431640625e-07,4.76837158203125e-07,2.384185791015625e-07
7906,7.152557373046875e-07,4.76837158203125e-07,0.0
7907,4.76837158203125e-07,4.76837158203125e-07,2.384185791015625e-07
7908,4.76837158203125e-07,4.76837158203125e-07,2.384185791015625e-07
7909,4.76837158203125e-07,4.76837158203125e-07,0.0
7910,4.76837158203125e-07,4.76837158203125e-07,2.384185791015625e-07
7911,4.76837158203125e-07,7.152557373046875e-07,2.384185791015625e-07
7912,4.76837158203125e-07,7.152557373046875e-07,0.0
7913,4.76837158203125e-07,7.152557373046875e-07,2.384185791015625e-07
7914,4.76837158203125e-07,9.5367431640625e-07,2.384185791015625e-07
7915,7.152557373046875e-07,4.76837158203125e-07,0.0
7916,4.76837158203125e-07,7.152557373046875e-07,2.384185791015625e-07
7917,4.76837158203125e-07,7.152557373046875e-07,2.384185791015625e-07
7918,7.152557373046875e-07,4.76837158203125e-07,2.384185791015625e-07
7919,4.76837158203125e-07,4.76837158203125e-07,2.384185791015625e-07
7920,4.76837158203125e-07,4.76837158203125e-07,2.384185791015625e-07
7921,4.76837158203125e-07,4.76837158203125e-07,2.384185791015625e-07
7922,4.76837158203125e-07,4.76837158203125e-07,2.384185791015625e-07
7923,4.76837158203125e-07,4.76837158203125e-07,2.384185791015625e-07
7924,4.76837158203125e-07,4.76837158203125e-07,0.0
7925,9.5367431640625e-07,4.76837158203125e-07,2.384185791015625e-07
7926,7.152557373046875e-07,4.76837158203125e-07,2.384185791015625e-07
7927,4.76837158203125e-07,4.76837158203125e-07,2.384185791015625e-07
7928,7.152557373046875e-07,4.76837158203125e-07,0.0
7929,4.76837158203125e-07,4.76837158203125e-07,4.76837158203125e-07
7930,7.152557373046875e-07,4.76837158203125e-07,2.384185791015625e-07
7931,4.76837158203125e-07,4.76837158203125e-07,2.384185791015625e-07
7932,7.152557373046875e-07,4.76837158203125e-07,0.0
7933,4.76837158203125e-07,4.76837158203125e-07,2.384185791015625e-07
7934,4.76837158203125e-07,4.76837158203125e-07,2.384185791015625e-07
7935,4.76837158203125e-07,4.76837158203125e-07,0.0
7936,4.76837158203125e-07,4.76837158203125e-07,2.384185791015625e-07
7937,4.76837158203125e-07,7.152557373046875e-07,4.76837158203125e-07
7938,4.76837158203125e-07,7.152557373046875e-07,2.384185791015625e-07
7939,9.5367431640625e-07,7.152557373046875e-07,2.384185791015625e-07
7940,4.76837158203125e-07,9.5367431640625e-07,0.0
7941,7.152557373046875e-07,9.5367431640625e-07,2.384185791015625e-07
7942,4.76837158203125e-07,4.76837158203125e-07,2.384185791015625e-07
7943,4.76837158203125e-07,4.76837158203125e-07,2.384185791015625e-07
7944,4.76837158203125e-07,4.76837158203125e-07,2.384185791015625e-07
7945,4.76837158203125e-07,4.76837158203125e-07,4.76837158203125e-07
7946,9.5367431640625e-07,4.76837158203125e-07,2.384185791015625e-07
7947,4.76837158203125e-07,4.76837158203125e-07,0.0
7948,4.76837158203125e-07,4.76837158203125e-07,2.384185791015625e-07
7949,7.152557373046875e-07,4.76837158203125e-07,0.0
7950,4.76837158203125e-07,4.76837158203125e-07,2.384185791015625e-07
7951,4.76837158203125e-07,4.76837158203125e-07,2.384185791015625e-07
7952,4.76837158203125e-07,4.76837158203125e-07,0.0
7953,4.76837158203125e-07,4.76837158203125e-07,2.384185791015625e-07
7954,4.76837158203125e-07,4.76837158203125e-07,2.384185791015625e-07
7955,4.76837158203125e-07,4.76837158203125e-07,0.0
7956,7.152557373046875e-07,4.76837158203125e-07,2.384185791015625e-07
7957,7.152557373046875e-07,4.76837158203125e-07,2.384185791015625e-07
7958,7.152557373046875e-07,4.76837158203125e-07,0.0
7959,4.76837158203125e-07,4.76837158203125e-07,2.384185791015625e-07
7960,4.76837158203125e-07,4.76837158203125e-07,2.384185791015625e-07
7961,4.76837158203125e-07,7.152557373046875e-07,4.76837158203125e-07
7962,4.76837158203125e-07,4.76837158203125e-07,2.384185791015625e-07
7963,7.152557373046875e-07,7.152557373046875e-07,0.0
7964,4.76837158203125e-07,9.5367431640625e-07,2.384185791015625e-07
7965,4.76837158203125e-07,4.76837158203125e-07,2.384185791015625e-07
7966,4.76837158203125e-07,7.152557373046875e-07,0.0
7967,4.76837158203125e-07,7.152557373046875e-07,2.384185791015625e-07
7968,4.76837158203125e-07,9.5367431640625e-07,2.384185791015625e-07
7969,4.76837158203125e-07,7.152557373046875e-07,0.0
7970,7.152557373046875e-07,7.152557373046875e-07,2.384185791015625e-07
7971,4.76837158203125e-07,7.152557373046875e-07,0.0
7972,4.76837158203125e-07,4.76837158203125e-07,2.384185791015625e-07
7973,7.152557373046875e-07,4.76837158203125e-07,2.384185791015625e-07
7974,4.76837158203125e-07,4.76837158203125e-07,0.0
7975,7.152557373046875e-07,4.76837158203125e-07,2.384185791015625e-07
7976,4.76837158203125e-07,4.76837158203125e-07,2.384185791015625e-07
7977,9.5367431640625e-07,4.76837158203125e-07,0.0
7978,7.152557373046875e-07,4.76837158203125e-07,2.384185791015625e-07
7979,4.76837158203125e-07,4.76837158203125e-07,2.384185791015625e-07
7980,4.76837158203125e-07,4.76837158203125e-07,0.0
7981,4.76837158203125e-07,4.76837158203125e-07,2.384185791015625e-07
7982,4.76837158203125e-07,4.76837158203125e-07,2.384185791015625e-07
7983,4.76837158203125e-07,7.152557373046875e-07,2.384185791015625e-07
7984,4.76837158203125e-07,4.76837158203125e-07,2.384185791015625e-07
7985,4.76837158203125e-07,4.76837158203125e-07,4.76837158203125e-07
7986,4.76837158203125e-07,4.76837158203125e-07,2.384185791015625e-07
7987,9.5367431640625e-07,4.76837158203125e-07,2.384185791015625e-07
7988,7.152557373046875e-07,4.76837158203125e-07,2.384185791015625e-07
7989,4.76837158203125e-07,4.76837158203125e-07,0.0
7990,4.76837158203125e-07,4.76837158203125e-07,2.384185791015625e-07
7991,4.76837158203125e-07,4.76837158203125e-07,2.384185791015625e-07
7992,4.76837158203125e-07,4.76837158203125e-07,2.384185791015625e-07
7993,4.76837158203125e-07,4.76837158203125e-07,4.76837158203125e-07
7994,7.152557373046875e-07,9.5367431640625e-07,0.0
7995,4.76837158203125e-07,9.5367431640625e-07,2.384185791015625e-07
7996,4.76837158203125e-07,7.152557373046875e-07,2.384185791015625e-07
7997,7.152557373046875e-07,7.152557373046875e-07,2.384185791015625e-07
7998,7.152557373046875e-07,7.152557373046875e-07,2.384185791015625e-07
7999,4.76837158203125e-07,4.76837158203125e-07,0.0
8000,4.76837158203125e-07,9.5367431640625e-07,2.384185791015625e-07
8001,4.76837158203125e-07,7.152557373046875e-07,0.0
8002,4.76837158203125e-07,7.152557373046875e-07,2.384185791015625e-07
8003,4.76837158203125e-07,7.152557373046875e-07,2.384185791015625e-07
8004,4.76837158203125e-07,4.76837158203125e-07,2.384185791015625e-07
8005,7.152557373046875e-07,7.152557373046875e-07,0.0
8006,4.76837158203125e-07,7.152557373046875e-07,2.384185791015625e-07
8007,7.152557373046875e-07,9.5367431640625e-07,2.384185791015625e-07
8008,4.76837158203125e-07,7.152557373046875e-07,0.0
8009,4.76837158203125e-07,7.152557373046875e-07,2.384185791015625e-07
8010,4.76837158203125e-07,4.76837158203125e-07,2.384185791015625e-07
8011,4.76837158203125e-07,7.152557373046875e-07,2.384185791015625e-07
8012,4.76837158203125e-07,7.152557373046875e-07,2.384185791015625e-07
8013,4.76837158203125e-07,7.152557373046875e-07,4.76837158203125e-07
8014,7.152557373046875e-07,4.76837158203125e-07,0.0
8015,4.76837158203125e-07,7.152557373046875e-07,2.384185791015625e-07
8016,4.76837158203125e-07,7.152557373046875e-07,2.384185791015625e-07
8017,4.76837158203125e-07,7.152557373046875e-07,2.384185791015625e-07
8018,4.76837158203125e-07,7.152557373046875e-07,2.384185791015625e-07
8019,7.152557373046875e-07,4.76837158203125e-07,0.0
8020,7.152557373046875e-07,4.76837158203125e-07,2.384185791015625e-07
8021,7.152557373046875e-07,4.76837158203125e-07,4.76837158203125e-07
8022,4.76837158203125e-07,4.76837158203125e-07,2.384185791015625e-07
8023,4.76837158203125e-07,4.76837158203125e-07,2.384185791015625e-07
8024,4.76837158203125e-07,7.152557373046875e-07,0.0
8025,4.76837158203125e-07,9.5367431640625e-07,0.0
8026,4.76837158203125e-07,9.5367431640625e-07,2.384185791015625e-07
8027,4.76837158203125e-07,9.5367431640625e-07,2.384185791015625e-07
8028,4.76837158203125e-07,7.152557373046875e-07,2.384185791015625e-07
8029,7.152557373046875e-07,9.5367431640625e-07,2.384185791015625e-07
8030,7.152557373046875e-07,7.152557373046875e-07,0.0
8031,4.76837158203125e-07,7.152557373046875e-07,2.384185791015625e-07
8032,4.76837158203125e-07,7.152557373046875e-07,2.384185791015625e-07
8033,4.76837158203125e-07,7.152557373046875e-07,2.384185791015625e-07
8034,4.76837158203125e-07,4.76837158203125e-07,2.384185791015625e-07
8035,4.76837158203125e-07,4.76837158203125e-07,2.384185791015625e-07
8036,4.76837158203125e-07,4.76837158203125e-07,2.384185791015625e-07
8037,7.152557373046875e-07,4.76837158203125e-07,2.384185791015625e-07
8038,9.5367431640625e-07,4.76837158203125e-07,0.0
8039,4.76837158203125e-07,4.76837158203125e-07,2.384185791015625e-07
8040,4.76837158203125e-07,4.76837158203125e-07,2.384185791015625e-07
8041,4.76837158203125e-07,4.76837158203125e-07,0.0
8042,7.152557373046875e-07,4.76837158203125e-07,0.0
8043,7.152557373046875e-07,4.76837158203125e-07,2.384185791015625e-07
8044,7.152557373046875e-07,7.152557373046875e-07,2.384185791015625e-07
8045,4.76837158203125e-07,4.76837158203125e-07,0.0
8046,7.152557373046875e-07,7.152557373046875e-07,4.76837158203125e-07
8047,4.76837158203125e-07,7.152557373046875e-07,0.0
8048,4.76837158203125e-07,7.152557373046875e-07,2.384185791015625e-07
8049,7.152557373046875e-07,7.152557373046875e-07,2.384185791015625e-07
8050,4.76837158203125e-07,7.152557373046875e-07,0.0
8051,4.76837158203125e-07,7.152557373046875e-07,2.384185791015625e-07
8052,7.152557373046875e-07,7.152557373046875e-07,2.384185791015625e-07
8053,7.152557373046875e-07,4.76837158203125e-07,0.0
8054,7.152557373046875e-07,4.76837158203125e-07,4.76837158203125e-07
8055,4.76837158203125e-07,4.76837158203125e-07,2.384185791015625e-07
8056,7.152557373046875e-07,4.76837158203125e-07,0.0
8057,4.76837158203125e-07,4.76837158203125e-07,2.384185791015625e-07
8058,4.76837158203125e-07,4.76837158203125e-07,2.384185791015625e-07
8059,4.76837158203125e-07,4.76837158203125e-07,2.384185791015625e-07
8060,4.76837158203125e-07,4.76837158203125e-07,2.384185791015625e-07
8061,4.76837158203125e-07,4.76837158203125e-07,0.0
8062,4.76837158203125e-07,4.76837158203125e-07,2.384185791015625e-07
8063,7.152557373046875e-07,4.76837158203125e-07,2.384185791015625e-07
8064,4.76837158203125e-07,7.152557373046875e-07,2.384185791015625e-07
8065,4.76837158203125e-07,4.76837158203125e-07,2.384185791015625e-07
8066,7.152557373046875e-07,7.152557373046875e-07,0.0
8067,4.76837158203125e-07,4.76837158203125e-07,2.384185791015625e-07
8068,4.76837158203125e-07,4.76837158203125e-07,2.384185791015625e-07
8069,4.76837158203125e-07,4.76837158203125e-07,0.0
8070,7.152557373046875e-07,7.152557373046875e-07,2.384185791015625e-07
8071,7.152557373046875e-07,7.152557373046875e-07,2.384185791015625e-07
8072,4.76837158203125e-07,7.152557373046875e-07,0.0
8073,7.152557373046875e-07,7.152557373046875e-07,2.384185791015625e-07
8074,4.76837158203125e-07,4.76837158203125e-07,2.384185791015625e-07
8075,4.76837158203125e-07,4.76837158203125e-07,0.0
8076,7.152557373046875e-07,7.152557373046875e-07,2.384185791015625e-07
8077,7.152557373046875e-07,7.152557373046875e-07,2.384185791015625e-07
8078,4.76837158203125e-07,4.76837158203125e-07,0.0
8079,4.76837158203125e-07,4.76837158203125e-07,4.76837158203125e-07
8080,4.76837158203125e-07,4.76837158203125e-07,2.384185791015625e-07
8081,4.76837158203125e-07,4.76837158203125e-07,2.384185791015625e-07
8082,4.76837158203125e-07,4.76837158203125e-07,0.0
8083,4.76837158203125e-07,7.152557373046875e-07,2.384185791015625e-07
8084,7.152557373046875e-07,7.152557373046875e-07,2.384185791015625e-07
8085,4.76837158203125e-07,4.76837158203125e-07,2.384185791015625e-07
8086,4.76837158203125e-07,4.76837158203125e-07,2.384185791015625e-07
8087,4.76837158203125e-07,4.76837158203125e-07,0.0
8088,4.76837158203125e-07,4.76837158203125e-07,2.384185791015625e-07
8089,4.76837158203125e-07,4.76837158203125e-07,2.384185791015625e-07
8090,7.152557373046875e-07,4.76837158203125e-07,0.0
8091,9.5367431640625e-07,4.76837158203125e-07,2.384185791015625e-07
8092,7.152557373046875e-07,4.76837158203125e-07,0.0
8093,4.76837158203125e-07,4.76837158203125e-07,2.384185791015625e-07
8094,4.76837158203125e-07,4.76837158203125e-07,2.384185791015625e-07
8095,4.76837158203125e-07,4.76837158203125e-07,0.0
8096,4.76837158203125e-07,4.76837158203125e-07,2.384185791015625e-07
8097,4.76837158203125e-07,4.76837158203125e-07,2.384185791015625e-07
8098,7.152557373046875e-07,4.76837158203125e-07,0.0
8099,4.76837158203125e-07,4.76837158203125e-07,2.384185791015625e-07
8100,4.76837158203125e-07,7.152557373046875e-07,0.0
8101,4.76837158203125e-07,9.5367431640625e-07,2.384185791015625e-07
8102,4.76837158203125e-07,7.152557373046875e-07,2.384185791015625e-07
8103,4.76837158203125e-07,7.152557373046875e-07,0.0
8104,4.76837158203125e-07,7.152557373046875e-07,4.76837158203125e-07
8105,7.152557373046875e-07,7.152557373046875e-07,0.0
8106,4.76837158203125e-07,7.152557373046875e-07,2.384185791015625e-07
8107,4.76837158203125e-07,4.76837158203125e-07,2.384185791015625e-07
8108,4.76837158203125e-07,4.76837158203125e-07,0.0
8109,4.76837158203125e-07,7.152557373046875e-07,2.384185791015625e-07
8110,4.76837158203125e-07,7.152557373046875e-07,2.384185791015625e-07
8111,7.152557373046875e-07,4.76837158203125e-07,0.0
8112,7.152557373046875e-07,4.76837158203125e-07,4.76837158203125e-07
8113,4.76837158203125e-07,4.76837158203125e-07,2.384185791015625e-07
8114,4.76837158203125e-07,4.76837158203125e-07,0.0
8115,7.152557373046875e-07,4.76837158203125e-07,2.384185791015625e-07
8116,4.76837158203125e-07,4.76837158203125e-07,2.384185791015625e-07
8117,7.152557373046875e-07,4.76837158203125e-07,0.0
8118,7.152557373046875e-07,7.152557373046875e-07,2.384185791015625e-07
8119,4.76837158203125e-07,4.76837158203125e-07,2.384185791015625e-07
8120,4.76837158203125e-07,4.76837158203125e-07,0.0
8121,4.76837158203125e-07,7.152557373046875e-07,2.384185791015625e-07
8122,9.5367431640625e-07,9.5367431640625e-07,2.384185791015625e-07
8123,4.76837158203125e-07,7.152557373046875e-07,0.0
8124,4.76837158203125e-07,7.152557373046875e-07,2.384185791015625e-07
8125,4.76837158203125e-07,7.152557373046875e-07,2.384185791015625e-07
8126,4.76837158203125e-07,4.76837158203125e-07,2.384185791015625e-07
8127,4.76837158203125e-07,7.152557373046875e-07,2.384185791015625e-07
8128,4.76837158203125e-07,7.152557373046875e-07,0.0
8129,9.5367431640625e-07,4.76837158203125e-07,2.384185791015625e-07
8130,4.76837158203125e-07,4.76837158203125e-07,2.384185791015625e-07
8131,7.152557373046875e-07,4.76837158203125e-07,2.384185791015625e-07
8132,9.5367431640625e-07,4.76837158203125e-07,2.384185791015625e-07
8133,4.76837158203125e-07,4.76837158203125e-07,2.384185791015625e-07
8134,4.76837158203125e-07,4.76837158203125e-07,0.0
8135,4.76837158203125e-07,7.152557373046875e-07,2.384185791015625e-07
8136,7.152557373046875e-07,7.152557373046875e-07,0.0
8137,4.76837158203125e-07,4.76837158203125e-07,4.76837158203125e-07
8138,4.76837158203125e-07,4.76837158203125e-07,2.384185791015625e-07
8139,9.5367431640625e-07,4.76837158203125e-07,0.0
8140,4.76837158203125e-07,4.76837158203125e-07,2.384185791015625e-07
8141,4.76837158203125e-07,9.5367431640625e-07,2.384185791015625e-07
8142,4.76837158203125e-07,7.152557373046875e-07,0.0
8143,7.152557373046875e-07,7.152557373046875e-07,2.384185791015625e-07
8144,4.76837158203125e-07,4.76837158203125e-07,0.0
8145,4.76837158203125e-07,4.76837158203125e-07,4.76837158203125e-07
8146,7.152557373046875e-07,4.76837158203125e-07,2.384185791015625e-07
8147,4.76837158203125e-07,4.76837158203125e-07,0.0
8148,4.76837158203125e-07,4.76837158203125e-07,2.384185791015625e-07
8149,4.76837158203125e-07,4.76837158203125e-07,0.0
8150,4.76837158203125e-07,4.76837158203125e-07,2.384185791015625e-07
8151,7.152557373046875e-07,4.76837158203125e-07,2.384185791015625e-07
8152,7.152557373046875e-07,4.76837158203125e-07,2.384185791015625e-07
8153,4.76837158203125e-07,4.76837158203125e-07,2.384185791015625e-07
8154,4.76837158203125e-07,4.76837158203125e-07,2.384185791015625e-07
8155,4.76837158203125e-07,4.76837158203125e-07,0.0
8156,4.76837158203125e-07,4.76837158203125e-07,2.384185791015625e-07
8157,9.5367431640625e-07,4.76837158203125e-07,0.0
8158,7.152557373046875e-07,7.152557373046875e-07,2.384185791015625e-07
8159,4.76837158203125e-07,4.76837158203125e-07,2.384185791015625e-07
8160,4.76837158203125e-07,7.152557373046875e-07,0.0
8161,4.76837158203125e-07,4.76837158203125e-07,2.384185791015625e-07
8162,4.76837158203125e-07,4.76837158203125e-07,4.76837158203125e-07
8163,4.76837158203125e-07,4.76837158203125e-07,2.384185791015625e-07
8164,4.76837158203125e-07,7.152557373046875e-07,2.384185791015625e-07
8165,4.76837158203125e-07,7.152557373046875e-07,2.384185791015625e-07
8166,4.76837158203125e-07,7.152557373046875e-07,0.0
8167,4.76837158203125e-07,7.152557373046875e-07,2.384185791015625e-07
8168,4.76837158203125e-07,7.152557373046875e-07,0.0
8169,4.76837158203125e-07,4.76837158203125e-07,2.384185791015625e-07
8170,4.76837158203125e-07,7.152557373046875e-07,4.76837158203125e-07
8171,4.76837158203125e-07,4.76837158203125e-07,2.384185791015625e-07
8172,4.76837158203125e-07,7.152557373046875e-07,2.384185791015625e-07
8173,4.76837158203125e-07,4.76837158203125e-07,0.0
8174,4.76837158203125e-07,7.152557373046875e-07,2.384185791015625e-07
8175,4.76837158203125e-07,7.152557373046875e-07,2.384185791015625e-07
8176,4.76837158203125e-07,4.76837158203125e-07,2.384185791015625e-07
8177,9.5367431640625e-07,4.76837158203125e-07,0.0
8178,7.152557373046875e-07,7.152557373046875e-07,2.384185791015625e-07
8179,4.76837158203125e-07,7.152557373046875e-07,0.0
8180,4.76837158203125e-07,4.76837158203125e-07,2.384185791015625e-07
8181,7.152557373046875e-07,4.76837158203125e-07,2.384185791015625e-07
8182,4.76837158203125e-07,4.76837158203125e-07,0.0
8183,4.76837158203125e-07,4.76837158203125e-07,2.384185791015625e-07
8184,7.152557373046875e-07,4.76837158203125e-07,2.384185791015625e-07
8185,4.76837158203125e-07,4.76837158203125e-07,2.384185791015625e-07
8186,4.76837158203125e-07,4.76837158203125e-07,2.384185791015625e-07
8187,4.76837158203125e-07,4.76837158203125e-07,2.384185791015625e-07
8188,7.152557373046875e-07,4.76837158203125e-07,0.0
8189,4.76837158203125e-07,4.76837158203125e-07,2.384185791015625e-07
8190,4.76837158203125e-07,4.76837158203125e-07,2.384185791015625e-07
8191,7.152557373046875e-07,7.152557373046875e-07,2.384185791015625e-07
8192,7.152557373046875e-07,7.152557373046875e-07,2.384185791015625e-07
8193,4.76837158203125e-07,7.152557373046875e-07,2.384185791015625e-07
8194,4.76837158203125e-07,7.152557373046875e-07,2.384185791015625e-07
8195,7.152557373046875e-07,7.152557373046875e-07,4.76837158203125e-07
8196,4.76837158203125e-07,4.76837158203125e-07,0.0
8197,4.76837158203125e-07,4.76837158203125e-07,2.384185791015625e-07
8198,4.76837158203125e-07,7.152557373046875e-07,2.384185791015625e-07
8199,4.76837158203125e-07,7.152557373046875e-07,2.384185791015625e-07
8200,4.76837158203125e-07,7.152557373046875e-07,2.384185791015625e-07
8201,4.76837158203125e-07,7.152557373046875e-07,0.0
8202,4.76837158203125e-07,4.76837158203125e-07,2.384185791015625e-07
8203,7.152557373046875e-07,4.76837158203125e-07,4.76837158203125e-07
8204,4.76837158203125e-07,4.76837158203125e-07,0.0
8205,9.5367431640625e-07,4.76837158203125e-07,2.384185791015625e-07
8206,7.152557373046875e-07,4.76837158203125e-07,0.0
8207,4.76837158203125e-07,4.76837158203125e-07,2.384185791015625e-07
8208,4.76837158203125e-07,7.152557373046875e-07,2.384185791015625e-07
8209,7.152557373046875e-07,4.76837158203125e-07,0.0
8210,4.76837158203125e-07,4.76837158203125e-07,2.384185791015625e-07
8211,4.76837158203125e-07,9.5367431640625e-07,0.0
8212,7.152557373046875e-07,7.152557373046875e-07,4.76837158203125e-07
8213,7.152557373046875e-07,4.76837158203125e-07,2.384185791015625e-07
8214,7.152557373046875e-07,9.5367431640625e-07,0.0
8215,4.76837158203125e-07,4.76837158203125e-07,2.384185791015625e-07
8216,7.152557373046875e-07,7.152557373046875e-07,2.384185791015625e-07
8217,4.76837158203125e-07,4.76837158203125e-07,0.0
8218,4.76837158203125e-07,4.76837158203125e-07,2.384185791015625e-07
8219,7.152557373046875e-07,4.76837158203125e-07,0.0
8220,7.152557373046875e-07,4.76837158203125e-07,4.76837158203125e-07
8221,4.76837158203125e-07,7.152557373046875e-07,2.384185791015625e-07
8222,4.76837158203125e-07,4.76837158203125e-07,0.0
8223,4.76837158203125e-07,7.152557373046875e-07,2.384185791015625e-07
8224,4.76837158203125e-07,4.76837158203125e-07,2.384185791015625e-07
8225,4.76837158203125e-07,4.76837158203125e-07,2.384185791015625e-07
8226,4.76837158203125e-07,4.76837158203125e-07,2.384185791015625e-07
8227,4.76837158203125e-07,7.152557373046875e-07,2.384185791015625e-07
8228,4.76837158203125e-07,7.152557373046875e-07,4.76837158203125e-07
8229,7.152557373046875e-07,4.76837158203125e-07,0.0
8230,4.76837158203125e-07,4.76837158203125e-07,2.384185791015625e-07
8231,4.76837158203125e-07,4.76837158203125e-07,2.384185791015625e-07
8232,4.76837158203125e-07,4.76837158203125e-07,0.0
8233,4.76837158203125e-07,4.76837158203125e-07,2.384185791015625e-07
8234,4.76837158203125e-07,7.152557373046875e-07,0.0
8235,4.76837158203125e-07,9.5367431640625e-07,2.384185791015625e-07
8236,7.152557373046875e-07,9.5367431640625e-07,4.76837158203125e-07
8237,4.76837158203125e-07,9.5367431640625e-07,2.384185791015625e-07
8238,7.152557373046875e-07,9.5367431640625e-07,2.384185791015625e-07
8239,4.76837158203125e-07,4.76837158203125e-07,0.0
8240,7.152557373046875e-07,4.76837158203125e-07,2.384185791015625e-07
8241,4.76837158203125e-07,4.76837158203125e-07,2.384185791015625e-07
8242,7.152557373046875e-07,7.152557373046875e-07,0.0
8243,7.152557373046875e-07,7.152557373046875e-07,4.76837158203125e-07
8244,4.76837158203125e-07,4.76837158203125e-07,0.0
8245,4.76837158203125e-07,4.76837158203125e-07,2.384185791015625e-07
8246,4.76837158203125e-07,4.76837158203125e-07,2.384185791015625e-07
8247,4.76837158203125e-07,4.76837158203125e-07,2.384185791015625e-07
8248,4.76837158203125e-07,4.76837158203125e-07,2.384185791015625e-07
8249,4.76837158203125e-07,4.76837158203125e-07,0.0
8250,7.152557373046875e-07,4.76837158203125e-07,2.384185791015625e-07
8251,4.76837158203125e-07,4.76837158203125e-07,2.384185791015625e-07
8252,4.76837158203125e-07,4.76837158203125e-07,4.76837158203125e-07
8253,4.76837158203125e-07,4.76837158203125e-07,2.384185791015625e-07
8254,7.152557373046875e-07,4.76837158203125e-07,0.0
8255,4.76837158203125e-07,4.76837158203125e-07,2.384185791015625e-07
8256,4.76837158203125e-07,4.76837158203125e-07,2.384185791015625e-07
8257,7.152557373046875e-07,4.76837158203125e-07,2.384185791015625e-07
8258,4.76837158203125e-07,4.76837158203125e-07,2.384185791015625e-07
8259,4.76837158203125e-07,4.76837158203125e-07,2.384185791015625e-07
8260,4.76837158203125e-07,7.152557373046875e-07,2.384185791015625e-07
8261,4.76837158203125e-07,4.76837158203125e-07,2.384185791015625e-07
8262,4.76837158203125e-07,7.152557373046875e-07,2.384185791015625e-07
8263,7.152557373046875e-07,7.152557373046875e-07,0.0
8264,4.76837158203125e-07,9.5367431640625e-07,2.384185791015625e-07
8265,7.152557373046875e-07,4.76837158203125e-07,2.384185791015625e-07
8266,7.152557373046875e-07,4.76837158203125e-07,0.0
8267,7.152557373046875e-07,4.76837158203125e-07,2.384185791015625e-07
8268,4.76837158203125e-07,7.152557373046875e-07,0.0
8269,4.76837158203125e-07,7.152557373046875e-07,2.384185791015625e-07
8270,4.76837158203125e-07,4.76837158203125e-07,2.384185791015625e-07
8271,4.76837158203125e-07,4.76837158203125e-07,0.0
8272,4.76837158203125e-07,7.152557373046875e-07,2.384185791015625e-07
8273,4.76837158203125e-07,7.152557373046875e-07,2.384185791015625e-07
8274,7.152557373046875e-07,7.152557373046875e-07,0.0
8275,4.76837158203125e-07,7.152557373046875e-07,0.0
8276,4.76837158203125e-07,7.152557373046875e-07,4.76837158203125e-07
8277,4.76837158203125e-07,4.76837158203125e-07,0.0
8278,4.76837158203125e-07,4.76837158203125e-07,2.384185791015625e-07
8279,4.76837158203125e-07,4.76837158203125e-07,2.384185791015625e-07
8280,4.76837158203125e-07,4.76837158203125e-07,2.384185791015625e-07
8281,7.152557373046875e-07,4.76837158203125e-07,0.0
8282,4.76837158203125e-07,7.152557373046875e-07,2.384185791015625e-07
8283,4.76837158203125e-07,7.152557373046875e-07,2.384185791015625e-07
8284,4.76837158203125e-07,7.152557373046875e-07,2.384185791015625e-07
8285,4.76837158203125e-07,7.152557373046875e-07,2.384185791015625e-07
8286,4.76837158203125e-07,4.76837158203125e-07,0.0
8287,7.152557373046875e-07,4.76837158203125e-07,2.384185791015625e-07
8288,9.5367431640625e-07,7.152557373046875e-07,2.384185791015625e-07
8289,4.76837158203125e-07,7.152557373046875e-07,0.0
8290,4.76837158203125e-07,7.152557373046875e-07,2.384185791015625e-07
8291,4.76837158203125e-07,4.76837158203125e-07,2.384185791015625e-07
8292,4.76837158203125e-07,4.76837158203125e-07,2.384185791015625e-07
8293,4.76837158203125e-07,4.76837158203125e-07,0.0
8294,7.152557373046875e-07,4.76837158203125e-07,2.384185791015625e-07
8295,7.152557373046875e-07,4.76837158203125e-07,2.384185791015625e-07
8296,4.76837158203125e-07,4.76837158203125e-07,0.0
8297,4.76837158203125e-07,4.76837158203125e-07,0.0
8298,7.152557373046875e-07,4.76837158203125e-07,2.384185791015625e-07
8299,4.76837158203125e-07,7.152557373046875e-07,2.384185791015625e-07
8300,4.76837158203125e-07,4.76837158203125e-07,0.0
8301,4.76837158203125e-07,7.152557373046875e-07,2.384185791015625e-07
8302,7.152557373046875e-07,7.152557373046875e-07,2.384185791015625e-07
8303,4.76837158203125e-07,7.152557373046875e-07,0.0
8304,4.76837158203125e-07,4.76837158203125e-07,2.384185791015625e-07
8305,9.5367431640625e-07,4.76837158203125e-07,2.384185791015625e-07
8306,7.152557373046875e-07,4.76837158203125e-07,0.0
8307,4.76837158203125e-07,4.76837158203125e-07,0.0
8308,4.76837158203125e-07,7.152557373046875e-07,2.384185791015625e-07
8309,7.152557373046875e-07,9.5367431640625e-07,0.0
8310,4.76837158203125e-07,9.5367431640625e-07,0.0
8311,4.76837158203125e-07,7.152557373046875e-07,2.384185791015625e-07
8312,7.152557373046875e-07,4.76837158203125e-07,2.384185791015625e-07
8313,4.76837158203125e-07,7.152557373046875e-07,0.0
8314,7.152557373046875e-07,7.152557373046875e-07,2.384185791015625e-07
8315,4.76837158203125e-07,4.76837158203125e-07,2.384185791015625e-07
8316,7.152557373046875e-07,4.76837158203125e-07,0.0
8317,4.76837158203125e-07,7.152557373046875e-07,2.384185791015625e-07
8318,4.76837158203125e-07,4.76837158203125e-07,2.384185791015625e-07
8319,7.152557373046875e-07,4.76837158203125e-07,0.0
8320,4.76837158203125e-07,7.152557373046875e-07,0.0
8321,7.152557373046875e-07,7.152557373046875e-07,2.384185791015625e-07
8322,7.152557373046875e-07,7.152557373046875e-07,0.0
8323,7.152557373046875e-07,4.76837158203125e-07,0.0
8324,7.152557373046875e-07,4.76837158203125e-07,4.76837158203125e-07
8325,4.76837158203125e-07,4.76837158203125e-07,0.0
8326,4.76837158203125e-07,4.76837158203125e-07,2.384185791015625e-07
8327,4.76837158203125e-07,4.76837158203125e-07,2.384185791015625e-07
8328,4.76837158203125e-07,4.76837158203125e-07,2.384185791015625e-07
8329,4.76837158203125e-07,4.76837158203125e-07,0.0
8330,4.76837158203125e-07,4.76837158203125e-07,2.384185791015625e-07
8331,7.152557373046875e-07,9.5367431640625e-07,2.384185791015625e-07
8332,4.76837158203125e-07,9.5367431640625e-07,2.384185791015625e-07
8333,4.76837158203125e-07,7.152557373046875e-07,0.0
8334,4.76837158203125e-07,7.152557373046875e-07,0.0
8335,4.76837158203125e-07,9.5367431640625e-07,2.384185791015625e-07
8336,4.76837158203125e-07,7.152557373046875e-07,2.384185791015625e-07
8337,4.76837158203125e-07,7.152557373046875e-07,2.384185791015625e-07
8338,4.76837158203125e-07,4.76837158203125e-07,0.0
8339,4.76837158203125e-07,7.152557373046875e-07,0.0
8340,7.152557373046875e-07,4.76837158203125e-07,2.384185791015625e-07
8341,4.76837158203125e-07,4.76837158203125e-07,2.384185791015625e-07
8342,4.76837158203125e-07,7.152557373046875e-07,2.384185791015625e-07
8343,7.152557373046875e-07,4.76837158203125e-07,2.384185791015625e-07
8344,7.152557373046875e-07,4.76837158203125e-07,2.384185791015625e-07
8345,4.76837158203125e-07,4.76837158203125e-07,2.384185791015625e-07
8346,4.76837158203125e-07,4.76837158203125e-07,0.0
8347,7.152557373046875e-07,4.76837158203125e-07,4.76837158203125e-07
8348,4.76837158203125e-07,4.76837158203125e-07,2.384185791015625e-07
8349,4.76837158203125e-07,4.76837158203125e-07,0.0
8350,4.76837158203125e-07,7.152557373046875e-07,2.384185791015625e-07
8351,9.5367431640625e-07,4.76837158203125e-07,2.384185791015625e-07
8352,4.76837158203125e-07,4.76837158203125e-07,2.384185791015625e-07
8353,4.76837158203125e-07,7.152557373046875e-07,2.384185791015625e-07
8354,7.152557373046875e-07,7.152557373046875e-07,2.384185791015625e-07
8355,4.76837158203125e-07,9.5367431640625e-07,4.76837158203125e-07
8356,7.152557373046875e-07,7.152557373046875e-07,2.384185791015625e-07
8357,4.76837158203125e-07,7.152557373046875e-07,2.384185791015625e-07
8358,4.76837158203125e-07,4.76837158203125e-07,0.0
8359,4.76837158203125e-07,4.76837158203125e-07,2.384185791015625e-07
8360,4.76837158203125e-07,4.76837158203125e-07,0.0
8361,7.152557373046875e-07,4.76837158203125e-07,2.384185791015625e-07
8362,4.76837158203125e-07,4.76837158203125e-07,2.384185791015625e-07
8363,7.152557373046875e-07,4.76837158203125e-07,0.0
8364,7.152557373046875e-07,4.76837158203125e-07,2.384185791015625e-07
8365,4.76837158203125e-07,7.152557373046875e-07,2.384185791015625e-07
8366,4.76837158203125e-07,7.152557373046875e-07,2.384185791015625e-07
8367,4.76837158203125e-07,4.76837158203125e-07,2.384185791015625e-07
8368,7.152557373046875e-07,7.152557373046875e-07,2.384185791015625e-07
8369,4.76837158203125e-07,4.76837158203125e-07,0.0
8370,4.76837158203125e-07,4.76837158203125e-07,2.384185791015625e-07
8371,4.76837158203125e-07,4.76837158203125e-07,4.76837158203125e-07
8372,4.76837158203125e-07,4.76837158203125e-07,2.384185791015625e-07
8373,4.76837158203125e-07,4.76837158203125e-07,0.0
8374,4.76837158203125e-07,4.76837158203125e-07,2.384185791015625e-07
8375,7.152557373046875e-07,4.76837158203125e-07,2.384185791015625e-07
8376,4.76837158203125e-07,4.76837158203125e-07,0.0
8377,4.76837158203125e-07,4.76837158203125e-07,2.384185791015625e-07
8378,4.76837158203125e-07,4.76837158203125e-07,2.384185791015625e-07
8379,4.76837158203125e-07,7.152557373046875e-07,0.0
8380,4.76837158203125e-07,7.152557373046875e-07,2.384185791015625e-07
8381,7.152557373046875e-07,4.76837158203125e-07,2.384185791015625e-07
8382,7.152557373046875e-07,4.76837158203125e-07,0.0
8383,4.76837158203125e-07,4.76837158203125e-07,2.384185791015625e-07
8384,7.152557373046875e-07,4.76837158203125e-07,2.384185791015625e-07
8385,4.76837158203125e-07,4.76837158203125e-07,0.0
8386,4.76837158203125e-07,7.152557373046875e-07,2.384185791015625e-07
8387,4.76837158203125e-07,7.152557373046875e-07,4.76837158203125e-07
8388,4.76837158203125e-07,4.76837158203125e-07,2.384185791015625e-07
8389,7.152557373046875e-07,4.76837158203125e-07,0.0
8390,4.76837158203125e-07,7.152557373046875e-07,2.384185791015625e-07
8391,4.76837158203125e-07,7.152557373046875e-07,2.384185791015625e-07
8392,7.152557373046875e-07,7.152557373046875e-07,0.0
8393,7.152557373046875e-07,4.76837158203125e-07,2.384185791015625e-07
8394,4.76837158203125e-07,4.76837158203125e-07,0.0
8395,4.76837158203125e-07,4.76837158203125e-07,2.384185791015625e-07
8396,9.5367431640625e-07,4.76837158203125e-07,2.384185791015625e-07
8397,7.152557373046875e-07,7.152557373046875e-07,2.384185791015625e-07
8398,4.76837158203125e-07,9.5367431640625e-07,0.0
8399,4.76837158203125e-07,4.76837158203125e-07,2.384185791015625e-07
8400,4.76837158203125e-07,7.152557373046875e-07,2.384185791015625e-07
8401,7.152557373046875e-07,4.76837158203125e-07,0.0
8402,4.76837158203125e-07,4.76837158203125e-07,2.384185791015625e-07
8403,4.76837158203125e-07,4.76837158203125e-07,2.384185791015625e-07
8404,4.76837158203125e-07,4.76837158203125e-07,0.0
8405,4.76837158203125e-07,4.76837158203125e-07,2.384185791015625e-07
8406,4.76837158203125e-07,4.76837158203125e-07,2.384185791015625e-07
8407,4.76837158203125e-07,4.76837158203125e-07,0.0
8408,7.152557373046875e-07,4.76837158203125e-07,2.384185791015625e-07
8409,4.76837158203125e-07,7.152557373046875e-07,2.384185791015625e-07
8410,4.76837158203125e-07,4.76837158203125e-07,2.384185791015625e-07
8411,7.152557373046875e-07,4.76837158203125e-07,2.384185791015625e-07
8412,4.76837158203125e-07,7.152557373046875e-07,2.384185791015625e-07
8413,4.76837158203125e-07,7.152557373046875e-07,2.384185791015625e-07
8414,4.76837158203125e-07,4.76837158203125e-07,0.0
8415,4.76837158203125e-07,4.76837158203125e-07,2.384185791015625e-07
8416,7.152557373046875e-07,7.152557373046875e-07,2.384185791015625e-07
8417,7.152557373046875e-07,7.152557373046875e-07,0.0
8418,9.5367431640625e-07,4.76837158203125e-07,2.384185791015625e-07
8419,4.76837158203125e-07,4.76837158203125e-07,2.384185791015625e-07
8420,4.76837158203125e-07,4.76837158203125e-07,0.0
8421,4.76837158203125e-07,4.76837158203125e-07,2.384185791015625e-07
8422,4.76837158203125e-07,4.76837158203125e-07,2.384185791015625e-07
8423,4.76837158203125e-07,4.76837158203125e-07,0.0
8424,4.76837158203125e-07,4.76837158203125e-07,2.384185791015625e-07
8425,7.152557373046875e-07,4.76837158203125e-07,2.384185791015625e-07
8426,4.76837158203125e-07,7.152557373046875e-07,0.0
8427,7.152557373046875e-07,4.76837158203125e-07,2.384185791015625e-07
8428,4.76837158203125e-07,7.152557373046875e-07,2.384185791015625e-07
8429,7.152557373046875e-07,4.76837158203125e-07,0.0
8430,4.76837158203125e-07,7.152557373046875e-07,2.384185791015625e-07
8431,4.76837158203125e-07,7.152557373046875e-07,2.384185791015625e-07
8432,9.5367431640625e-07,9.5367431640625e-07,2.384185791015625e-07
8433,4.76837158203125e-07,7.152557373046875e-07,2.384185791015625e-07
8434,7.152557373046875e-07,7.152557373046875e-07,2.384185791015625e-07
8435,4.76837158203125e-07,4.76837158203125e-07,0.0
8436,4.76837158203125e-07,9.5367431640625e-07,4.76837158203125e-07
8437,4.76837158203125e-07,7.152557373046875e-07,2.384185791015625e-07
8438,7.152557373046875e-07,4.76837158203125e-07,2.384185791015625e-07
8439,7.152557373046875e-07,4.76837158203125e-07,2.384185791015625e-07
8440,4.76837158203125e-07,4.76837158203125e-07,2.384185791015625e-07
8441,4.76837158203125e-07,4.76837158203125e-07,0.0
8442,7.152557373046875e-07,4.76837158203125e-07,2.384185791015625e-07
8443,7.152557373046875e-07,4.76837158203125e-07,2.384185791015625e-07
8444,4.76837158203125e-07,7.152557373046875e-07,4.76837158203125e-07
8445,4.76837158203125e-07,7.152557373046875e-07,2.384185791015625e-07
8446,4.76837158203125e-07,4.76837158203125e-07,0.0
8447,4.76837158203125e-07,4.76837158203125e-07,2.384185791015625e-07
8448,7.152557373046875e-07,4.76837158203125e-07,0.0
8449,7.152557373046875e-07,4.76837158203125e-07,0.0
8450,4.76837158203125e-07,4.76837158203125e-07,2.384185791015625e-07
8451,4.76837158203125e-07,4.76837158203125e-07,2.384185791015625e-07
8452,7.152557373046875e-07,4.76837158203125e-07,2.384185791015625e-07
8453,4.76837158203125e-07,4.76837158203125e-07,0.0
8454,4.76837158203125e-07,7.152557373046875e-07,2.384185791015625e-07
8455,4.76837158203125e-07,4.76837158203125e-07,2.384185791015625e-07
8456,4.76837158203125e-07,7.152557373046875e-07,0.0
8457,4.76837158203125e-07,7.152557373046875e-07,2.384185791015625e-07
8458,4.76837158203125e-07,4.76837158203125e-07,0.0
8459,9.5367431640625e-07,7.152557373046875e-07,4.76837158203125e-07
8460,7.152557373046875e-07,4.76837158203125e-07,2.384185791015625e-07
8461,4.76837158203125e-07,4.76837158203125e-07,0.0
8462,4.76837158203125e-07,4.76837158203125e-07,2.384185791015625e-07
8463,4.76837158203125e-07,4.76837158203125e-07,2.384185791015625e-07
8464,4.76837158203125e-07,7.152557373046875e-07,0.0
8465,4.76837158203125e-07,4.76837158203125e-07,2.384185791015625e-07
8466,4.76837158203125e-07,7.152557373046875e-07,2.384185791015625e-07
8467,4.76837158203125e-07,7.152557373046875e-07,0.0
8468,4.76837158203125e-07,4.76837158203125e-07,2.384185791015625e-07
8469,7.152557373046875e-07,4.76837158203125e-07,2.384185791015625e-07
8470,4.76837158203125e-07,7.152557373046875e-07,2.384185791015625e-07
8471,4.76837158203125e-07,7.152557373046875e-07,2.384185791015625e-07
8472,7.152557373046875e-07,7.152557373046875e-07,0.0
8473,7.152557373046875e-07,4.76837158203125e-07,0.0
8474,4.76837158203125e-07,4.76837158203125e-07,2.384185791015625e-07
8475,7.152557373046875e-07,7.152557373046875e-07,4.76837158203125e-07
8476,9.5367431640625e-07,4.76837158203125e-07,2.384185791015625e-07
8477,4.76837158203125e-07,4.76837158203125e-07,2.384185791015625e-07
8478,4.76837158203125e-07,7.152557373046875e-07,2.384185791015625e-07
8479,4.76837158203125e-07,7.152557373046875e-07,0.0
8480,4.76837158203125e-07,4.76837158203125e-07,2.384185791015625e-07
8481,4.76837158203125e-07,4.76837158203125e-07,2.384185791015625e-07
8482,4.76837158203125e-07,4.76837158203125e-07,2.384185791015625e-07
8483,4.76837158203125e-07,4.76837158203125e-07,2.384185791015625e-07
8484,4.76837158203125e-07,7.152557373046875e-07,0.0
8485,4.76837158203125e-07,7.152557373046875e-07,2.384185791015625e-07
8486,7.152557373046875e-07,4.76837158203125e-07,2.384185791015625e-07
8487,4.76837158203125e-07,4.76837158203125e-07,4.76837158203125e-07
8488,4.76837158203125e-07,7.152557373046875e-07,2.384185791015625e-07
8489,7.152557373046875e-07,7.152557373046875e-07,2.384185791015625e-07
8490,7.152557373046875e-07,4.76837158203125e-07,2.384185791015625e-07
8491,4.76837158203125e-07,4.76837158203125e-07,2.384185791015625e-07
8492,4.76837158203125e-07,4.76837158203125e-07,2.384185791015625e-07
8493,7.152557373046875e-07,4.76837158203125e-07,0.0
8494,4.76837158203125e-07,7.152557373046875e-07,0.0
8495,4.76837158203125e-07,7.152557373046875e-07,4.76837158203125e-07
8496,4.76837158203125e-07,7.152557373046875e-07,2.384185791015625e-07
8497,4.76837158203125e-07,4.76837158203125e-07,0.0
8498,4.76837158203125e-07,4.76837158203125e-07,2.384185791015625e-07
8499,4.76837158203125e-07,9.5367431640625e-07,2.384185791015625e-07
8500,7.152557373046875e-07,9.5367431640625e-07,0.0
8501,4.76837158203125e-07,7.152557373046875e-07,2.384185791015625e-07
8502,7.152557373046875e-07,9.5367431640625e-07,0.0
8503,4.76837158203125e-07,4.76837158203125e-07,4.76837158203125e-07
8504,7.152557373046875e-07,4.76837158203125e-07,2.384185791015625e-07
8505,7.152557373046875e-07,4.76837158203125e-07,0.0
8506,4.76837158203125e-07,4.76837158203125e-07,2.384185791015625e-07
8507,4.76837158203125e-07,7.152557373046875e-07,2.384185791015625e-07
8508,4.76837158203125e-07,4.76837158203125e-07,2.384185791015625e-07
8509,4.76837158203125e-07,4.76837158203125e-07,0.0
8510,7.152557373046875e-07,7.152557373046875e-07,2.384185791015625e-07
8511,7.152557373046875e-07,7.152557373046875e-07,4.76837158203125e-07
8512,4.76837158203125e-07,4.76837158203125e-07,2.384185791015625e-07
8513,4.76837158203125e-07,4.76837158203125e-07,2.384185791015625e-07
8514,4.76837158203125e-07,4.76837158203125e-07,2.384185791015625e-07
8515,4.76837158203125e-07,7.152557373046875e-07,2.384185791015625e-07
8516,4.76837158203125e-07,4.76837158203125e-07,2.384185791015625e-07
8517,9.5367431640625e-07,4.76837158203125e-07,2.384185791015625e-07
8518,4.76837158203125e-07,4.76837158203125e-07,2.384185791015625e-07
8519,7.152557373046875e-07,4.76837158203125e-07,0.0
8520,9.5367431640625e-07,4.76837158203125e-07,2.384185791015625e-07
8521,7.152557373046875e-07,4.76837158203125e-07,2.384185791015625e-07
8522,4.76837158203125e-07,4.76837158203125e-07,0.0
8523,4.76837158203125e-07,4.76837158203125e-07,2.384185791015625e-07
8524,7.152557373046875e-07,7.152557373046875e-07,2.384185791015625e-07
8525,4.76837158203125e-07,9.5367431640625e-07,0.0
8526,4.76837158203125e-07,9.5367431640625e-07,2.384185791015625e-07
8527,7.152557373046875e-07,9.5367431640625e-07,4.76837158203125e-07
8528,4.76837158203125e-07,7.152557373046875e-07,0.0
8529,7.152557373046875e-07,7.152557373046875e-07,2.384185791015625e-07
8530,4.76837158203125e-07,7.152557373046875e-07,2.384185791015625e-07
8531,9.5367431640625e-07,4.76837158203125e-07,0.0
8532,4.76837158203125e-07,4.76837158203125e-07,2.384185791015625e-07
8533,4.76837158203125e-07,4.76837158203125e-07,2.384185791015625e-07
8534,7.152557373046875e-07,4.76837158203125e-07,2.384185791015625e-07
8535,7.152557373046875e-07,4.76837158203125e-07,4.76837158203125e-07
8536,4.76837158203125e-07,4.76837158203125e-07,2.384185791015625e-07
8537,4.76837158203125e-07,4.76837158203125e-07,0.0
8538,4.76837158203125e-07,4.76837158203125e-07,2.384185791015625e-07
8539,4.76837158203125e-07,4.76837158203125e-07,2.384185791015625e-07
8540,4.76837158203125e-07,7.152557373046875e-07,0.0
8541,7.152557373046875e-07,4.76837158203125e-07,2.384185791015625e-07
8542,7.152557373046875e-07,7.152557373046875e-07,0.0
8543,4.76837158203125e-07,7.152557373046875e-07,4.76837158203125e-07
8544,4.76837158203125e-07,4.76837158203125e-07,2.384185791015625e-07
8545,4.76837158203125e-07,4.76837158203125e-07,2.384185791015625e-07
8546,4.76837158203125e-07,4.76837158203125e-07,0.0
8547,7.152557373046875e-07,4.76837158203125e-07,2.384185791015625e-07
8548,9.5367431640625e-07,4.76837158203125e-07,2.384185791015625e-07
8549,4.76837158203125e-07,7.152557373046875e-07,2.384185791015625e-07
8550,4.76837158203125e-07,7.152557373046875e-07,2.384185791015625e-07
8551,4.76837158203125e-07,7.152557373046875e-07,4.76837158203125e-07
8552,4.76837158203125e-07,4.76837158203125e-07,2.384185791015625e-07
8553,4.76837158203125e-07,4.76837158203125e-07,0.0
8554,4.76837158203125e-07,4.76837158203125e-07,2.384185791015625e-07
8555,9.5367431640625e-07,7.152557373046875e-07,2.384185791015625e-07
8556,4.76837158203125e-07,4.76837158203125e-07,2.384185791015625e-07
8557,7.152557373046875e-07,9.5367431640625e-07,2.384185791015625e-07
8558,7.152557373046875e-07,7.152557373046875e-07,0.0
8559,7.152557373046875e-07,9.5367431640625e-07,2.384185791015625e-07
8560,7.152557373046875e-07,7.152557373046875e-07,2.384185791015625e-07
8561,4.76837158203125e-07,7.152557373046875e-07,0.0
8562,7.152557373046875e-07,4.76837158203125e-07,2.384185791015625e-07
8563,4.76837158203125e-07,4.76837158203125e-07,0.0
8564,4.76837158203125e-07,4.76837158203125e-07,2.384185791015625e-07
8565,4.76837158203125e-07,4.76837158203125e-07,2.384185791015625e-07
8566,4.76837158203125e-07,4.76837158203125e-07,0.0
8567,4.76837158203125e-07,4.76837158203125e-07,2.384185791015625e-07
8568,4.76837158203125e-07,4.76837158203125e-07,4.76837158203125e-07
8569,7.152557373046875e-07,7.152557373046875e-07,0.0
8570,4.76837158203125e-07,4.76837158203125e-07,2.384185791015625e-07
8571,4.76837158203125e-07,4.76837158203125e-07,2.384185791015625e-07
8572,7.152557373046875e-07,7.152557373046875e-07,0.0
8573,7.152557373046875e-07,4.76837158203125e-07,2.384185791015625e-07
8574,7.152557373046875e-07,4.76837158203125e-07,2.384185791015625e-07
8575,4.76837158203125e-07,4.76837158203125e-07,2.384185791015625e-07
8576,4.76837158203125e-07,7.152557373046875e-07,4.76837158203125e-07
8577,4.76837158203125e-07,4.76837158203125e-07,0.0
8578,4.76837158203125e-07,7.152557373046875e-07,2.384185791015625e-07
8579,7.152557373046875e-07,7.152557373046875e-07,2.384185791015625e-07
8580,4.76837158203125e-07,7.152557373046875e-07,0.0
8581,7.152557373046875e-07,4.76837158203125e-07,2.384185791015625e-07
8582,7.152557373046875e-07,4.76837158203125e-07,2.384185791015625e-07
8583,7.152557373046875e-07,4.76837158203125e-07,0.0
8584,7.152557373046875e-07,7.152557373046875e-07,2.384185791015625e-07
8585,7.152557373046875e-07,7.152557373046875e-07,2.384185791015625e-07
8586,7.152557373046875e-07,4.76837158203125e-07,0.0
8587,7.152557373046875e-07,4.76837158203125e-07,2.384185791015625e-07
8588,4.76837158203125e-07,9.5367431640625e-07,2.384185791015625e-07
8589,4.76837158203125e-07,9.5367431640625e-07,2.384185791015625e-07
8590,4.76837158203125e-07,4.76837158203125e-07,2.384185791015625e-07
8591,4.76837158203125e-07,4.76837158203125e-07,0.0
8592,4.76837158203125e-07,4.76837158203125e-07,2.384185791015625e-07
8593,7.152557373046875e-07,4.76837158203125e-07,2.384185791015625e-07
8594,4.76837158203125e-07,4.76837158203125e-07,0.0
8595,4.76837158203125e-07,7.152557373046875e-07,2.384185791015625e-07
8596,4.76837158203125e-07,4.76837158203125e-07,2.384185791015625e-07
8597,4.76837158203125e-07,4.76837158203125e-07,0.0
8598,4.76837158203125e-07,7.152557373046875e-07,2.384185791015625e-07
8599,7.152557373046875e-07,4.76837158203125e-07,2.384185791015625e-07
8600,4.76837158203125e-07,4.76837158203125e-07,2.384185791015625e-07
8601,7.152557373046875e-07,4.76837158203125e-07,4.76837158203125e-07
8602,4.76837158203125e-07,4.76837158203125e-07,0.0
8603,4.76837158203125e-07,4.76837158203125e-07,2.384185791015625e-07
8604,7.152557373046875e-07,4.76837158203125e-07,2.384185791015625e-07
8605,4.76837158203125e-07,4.76837158203125e-07,0.0
8606,4.76837158203125e-07,7.152557373046875e-07,0.0
8607,4.76837158203125e-07,7.152557373046875e-07,2.384185791015625e-07
8608,4.76837158203125e-07,4.76837158203125e-07,2.384185791015625e-07
8609,4.76837158203125e-07,7.152557373046875e-07,4.76837158203125e-07
8610,7.152557373046875e-07,4.76837158203125e-07,2.384185791015625e-07
8611,4.76837158203125e-07,4.76837158203125e-07,0.0
8612,4.76837158203125e-07,4.76837158203125e-07,2.384185791015625e-07
8613,4.76837158203125e-07,4.76837158203125e-07,2.384185791015625e-07
8614,4.76837158203125e-07,9.5367431640625e-07,0.0
8615,4.76837158203125e-07,7.152557373046875e-07,2.384185791015625e-07
8616,4.76837158203125e-07,4.76837158203125e-07,2.384185791015625e-07
8617,7.152557373046875e-07,4.76837158203125e-07,2.384185791015625e-07
8618,4.76837158203125e-07,4.76837158203125e-07,2.384185791015625e-07
8619,4.76837158203125e-07,4.76837158203125e-07,2.384185791015625e-07
8620,4.76837158203125e-07,4.76837158203125e-07,2.384185791015625e-07
8621,4.76837158203125e-07,4.76837158203125e-07,2.384185791015625e-07
8622,4.76837158203125e-07,4.76837158203125e-07,0.0
8623,4.76837158203125e-07,4.76837158203125e-07,2.384185791015625e-07
8624,7.152557373046875e-07,4.76837158203125e-07,2.384185791015625e-07
8625,4.76837158203125e-07,4.76837158203125e-07,0.0
8626,4.76837158203125e-07,7.152557373046875e-07,2.384185791015625e-07
8627,4.76837158203125e-07,4.76837158203125e-07,2.384185791015625e-07
8628,4.76837158203125e-07,4.76837158203125e-07,0.0
8629,4.76837158203125e-07,4.76837158203125e-07,2.384185791015625e-07
8630,4.76837158203125e-07,7.152557373046875e-07,2.384185791015625e-07
8631,4.76837158203125e-07,7.152557373046875e-07,2.384185791015625e-07
8632,4.76837158203125e-07,7.152557373046875e-07,2.384185791015625e-07
8633,7.152557373046875e-07,7.152557373046875e-07,2.384185791015625e-07
8634,7.152557373046875e-07,4.76837158203125e-07,2.384185791015625e-07
8635,4.76837158203125e-07,4.76837158203125e-07,0.0
8636,7.152557373046875e-07,4.76837158203125e-07,2.384185791015625e-07
8637,4.76837158203125e-07,4.76837158203125e-07,2.384185791015625e-07
8638,4.76837158203125e-07,7.152557373046875e-07,0.0
8639,4.76837158203125e-07,7.152557373046875e-07,2.384185791015625e-07
8640,4.76837158203125e-07,7.152557373046875e-07,2.384185791015625e-07
8641,7.152557373046875e-07,7.152557373046875e-07,0.0
8642,4.76837158203125e-07,7.152557373046875e-07,4.76837158203125e-07
8643,4.76837158203125e-07,7.152557373046875e-07,2.384185791015625e-07
8644,4.76837158203125e-07,4.76837158203125e-07,0.0
8645,4.76837158203125e-07,4.76837158203125e-07,2.384185791015625e-07
8646,4.76837158203125e-07,7.152557373046875e-07,2.384185791015625e-07
8647,7.152557373046875e-07,7.152557373046875e-07,0.0
8648,7.152557373046875e-07,7.152557373046875e-07,2.384185791015625e-07
8649,7.152557373046875e-07,7.152557373046875e-07,2.384185791015625e-07
8650,4.76837158203125e-07,4.76837158203125e-07,4.76837158203125e-07
8651,7.152557373046875e-07,7.152557373046875e-07,2.384185791015625e-07
8652,4.76837158203125e-07,4.76837158203125e-07,0.0
8653,4.76837158203125e-07,4.76837158203125e-07,2.384185791015625e-07
8654,7.152557373046875e-07,4.76837158203125e-07,2.384185791015625e-07
8655,7.152557373046875e-07,4.76837158203125e-07,0.0
8656,4.76837158203125e-07,4.76837158203125e-07,2.384185791015625e-07
8657,4.76837158203125e-07,7.152557373046875e-07,2.384185791015625e-07
8658,4.76837158203125e-07,7.152557373046875e-07,0.0
8659,4.76837158203125e-07,4.76837158203125e-07,2.384185791015625e-07
8660,4.76837158203125e-07,7.152557373046875e-07,0.0
8661,4.76837158203125e-07,7.152557373046875e-07,2.384185791015625e-07
8662,4.76837158203125e-07,7.152557373046875e-07,2.384185791015625e-07
8663,4.76837158203125e-07,7.152557373046875e-07,2.384185791015625e-07
8664,4.76837158203125e-07,4.76837158203125e-07,0.0
8665,9.5367431640625e-07,4.76837158203125e-07,2.384185791015625e-07
8666,7.152557373046875e-07,7.152557373046875e-07,4.76837158203125e-07
8667,4.76837158203125e-07,4.76837158203125e-07,0.0
8668,4.76837158203125e-07,4.76837158203125e-07,2.384185791015625e-07
8669,4.76837158203125e-07,4.76837158203125e-07,2.384185791015625e-07
8670,4.76837158203125e-07,4.76837158203125e-07,0.0
8671,4.76837158203125e-07,4.76837158203125e-07,0.0
8672,7.152557373046875e-07,4.76837158203125e-07,2.384185791015625e-07
8673,4.76837158203125e-07,4.76837158203125e-07,0.0
8674,4.76837158203125e-07,4.76837158203125e-07,2.384185791015625e-07
8675,7.152557373046875e-07,4.76837158203125e-07,2.384185791015625e-07
8676,4.76837158203125e-07,4.76837158203125e-07,2.384185791015625e-07
8677,4.76837158203125e-07,4.76837158203125e-07,2.384185791015625e-07
8678,4.76837158203125e-07,4.76837158203125e-07,2.384185791015625e-07
8679,4.76837158203125e-07,4.76837158203125e-07,2.384185791015625e-07
8680,9.5367431640625e-07,7.152557373046875e-07,0.0
8681,4.76837158203125e-07,4.76837158203125e-07,2.384185791015625e-07
8682,4.76837158203125e-07,4.76837158203125e-07,4.76837158203125e-07
8683,4.76837158203125e-07,7.152557373046875e-07,0.0
8684,4.76837158203125e-07,7.152557373046875e-07,2.384185791015625e-07
8685,9.5367431640625e-07,9.5367431640625e-07,2.384185791015625e-07
8686,4.76837158203125e-07,4.76837158203125e-07,2.384185791015625e-07
8687,4.76837158203125e-07,7.152557373046875e-07,2.384185791015625e-07
8688,4.76837158203125e-07,4.76837158203125e-07,2.384185791015625e-07
8689,4.76837158203125e-07,4.76837158203125e-07,0.0
8690,4.76837158203125e-07,7.152557373046875e-07,2.384185791015625e-07
8691,4.76837158203125e-07,7.152557373046875e-07,2.384185791015625e-07
8692,7.152557373046875e-07,7.152557373046875e-07,0.0
8693,4.76837158203125e-07,4.76837158203125e-07,2.384185791015625e-07
8694,4.76837158203125e-07,7.152557373046875e-07,2.384185791015625e-07
8695,7.152557373046875e-07,7.152557373046875e-07,0.0
8696,7.152557373046875e-07,4.76837158203125e-07,2.384185791015625e-07
8697,4.76837158203125e-07,4.76837158203125e-07,2.384185791015625e-07
8698,4.76837158203125e-07,4.76837158203125e-07,0.0
8699,4.76837158203125e-07,4.76837158203125e-07,4.76837158203125e-07
8700,4.76837158203125e-07,7.152557373046875e-07,2.384185791015625e-07
8701,4.76837158203125e-07,7.152557373046875e-07,0.0
8702,7.152557373046875e-07,4.76837158203125e-07,2.384185791015625e-07
8703,7.152557373046875e-07,4.76837158203125e-07,2.384185791015625e-07
8704,4.76837158203125e-07,4.76837158203125e-07,0.0
8705,7.152557373046875e-07,4.76837158203125e-07,0.0
8706,9.5367431640625e-07,4.76837158203125e-07,2.384185791015625e-07
8707,7.152557373046875e-07,4.76837158203125e-07,2.384185791015625e-07
8708,4.76837158203125e-07,4.76837158203125e-07,0.0
8709,9.5367431640625e-07,7.152557373046875e-07,2.384185791015625e-07
8710,4.76837158203125e-07,7.152557373046875e-07,0.0
8711,4.76837158203125e-07,7.152557373046875e-07,2.384185791015625e-07
8712,7.152557373046875e-07,4.76837158203125e-07,2.384185791015625e-07
8713,7.152557373046875e-07,4.76837158203125e-07,0.0
8714,7.152557373046875e-07,7.152557373046875e-07,2.384185791015625e-07
8715,4.76837158203125e-07,4.76837158203125e-07,4.76837158203125e-07
8716,7.152557373046875e-07,4.76837158203125e-07,0.0
8717,4.76837158203125e-07,4.76837158203125e-07,2.384185791015625e-07
8718,4.76837158203125e-07,4.76837158203125e-07,2.384185791015625e-07
8719,4.76837158203125e-07,4.76837158203125e-07,0.0
8720,4.76837158203125e-07,4.76837158203125e-07,2.384185791015625e-07
8721,4.76837158203125e-07,7.152557373046875e-07,2.384185791015625e-07
8722,4.76837158203125e-07,4.76837158203125e-07,0.0
8723,9.5367431640625e-07,4.76837158203125e-07,4.76837158203125e-07
8724,7.152557373046875e-07,4.76837158203125e-07,0.0
8725,4.76837158203125e-07,4.76837158203125e-07,2.384185791015625e-07
8726,4.76837158203125e-07,4.76837158203125e-07,2.384185791015625e-07
8727,4.76837158203125e-07,4.76837158203125e-07,0.0
8728,4.76837158203125e-07,7.152557373046875e-07,2.384185791015625e-07
8729,4.76837158203125e-07,4.76837158203125e-07,2.384185791015625e-07
8730,4.76837158203125e-07,7.152557373046875e-07,0.0
8731,4.76837158203125e-07,7.152557373046875e-07,2.384185791015625e-07
8732,4.76837158203125e-07,7.152557373046875e-07,2.384185791015625e-07
8733,7.152557373046875e-07,7.152557373046875e-07,0.0
8734,4.76837158203125e-07,7.152557373046875e-07,2.384185791015625e-07
8735,7.152557373046875e-07,7.152557373046875e-07,2.384185791015625e-07
8736,4.76837158203125e-07,7.152557373046875e-07,2.384185791015625e-07
8737,4.76837158203125e-07,4.76837158203125e-07,2.384185791015625e-07
8738,4.76837158203125e-07,4.76837158203125e-07,4.76837158203125e-07
8739,7.152557373046875e-07,4.76837158203125e-07,0.0
8740,9.5367431640625e-07,7.152557373046875e-07,2.384185791015625e-07
8741,4.76837158203125e-07,4.76837158203125e-07,2.384185791015625e-07
8742,4.76837158203125e-07,4.76837158203125e-07,0.0
8743,4.76837158203125e-07,4.76837158203125e-07,2.384185791015625e-07
8744,7.152557373046875e-07,7.152557373046875e-07,2.384185791015625e-07
8745,7.152557373046875e-07,4.76837158203125e-07,0.0
8746,4.76837158203125e-07,4.76837158203125e-07,2.384185791015625e-07
8747,7.152557373046875e-07,4.76837158203125e-07,2.384185791015625e-07
8748,7.152557373046875e-07,4.76837158203125e-07,2.384185791015625e-07
8749,4.76837158203125e-07,7.152557373046875e-07,0.0
8750,9.5367431640625e-07,7.152557373046875e-07,0.0
8751,4.76837158203125e-07,4.76837158203125e-07,2.384185791015625e-07
8752,4.76837158203125e-07,7.152557373046875e-07,2.384185791015625e-07
8753,4.76837158203125e-07,4.76837158203125e-07,0.0
8754,4.76837158203125e-07,4.76837158203125e-07,2.384185791015625e-07
8755,7.152557373046875e-07,4.76837158203125e-07,2.384185791015625e-07
8756,4.76837158203125e-07,4.76837158203125e-07,0.0
8757,9.5367431640625e-07,4.76837158203125e-07,2.384185791015625e-07
8758,7.152557373046875e-07,7.152557373046875e-07,2.384185791015625e-07
8759,4.76837158203125e-07,4.76837158203125e-07,2.384185791015625e-07
8760,7.152557373046875e-07,4.76837158203125e-07,2.384185791015625e-07
8761,4.76837158203125e-07,7.152557373046875e-07,0.0
8762,7.152557373046875e-07,7.152557373046875e-07,4.76837158203125e-07
8763,4.76837158203125e-07,7.152557373046875e-07,2.384185791015625e-07
8764,7.152557373046875e-07,4.76837158203125e-07,0.0
8765,4.76837158203125e-07,4.76837158203125e-07,2.384185791015625e-07
8766,4.76837158203125e-07,4.76837158203125e-07,0.0
8767,4.76837158203125e-07,7.152557373046875e-07,2.384185791015625e-07
8768,4.76837158203125e-07,7.152557373046875e-07,2.384185791015625e-07
8769,4.76837158203125e-07,7.152557373046875e-07,2.384185791015625e-07
8770,4.76837158203125e-07,4.76837158203125e-07,0.0
8771,9.5367431640625e-07,4.76837158203125e-07,2.384185791015625e-07
8772,7.152557373046875e-07,4.76837158203125e-07,2.384185791015625e-07
8773,4.76837158203125e-07,4.76837158203125e-07,0.0
8774,4.76837158203125e-07,4.76837158203125e-07,2.384185791015625e-07
8775,4.76837158203125e-07,4.76837158203125e-07,2.384185791015625e-07
8776,7.152557373046875e-07,4.76837158203125e-07,0.0
8777,4.76837158203125e-07,4.76837158203125e-07,2.384185791015625e-07
8778,4.76837158203125e-07,4.76837158203125e-07,4.76837158203125e-07
8779,7.152557373046875e-07,4.76837158203125e-07,0.0
8780,4.76837158203125e-07,4.76837158203125e-07,2.384185791015625e-07
8781,9.5367431640625e-07,4.76837158203125e-07,2.384185791015625e-07
8782,4.76837158203125e-07,4.76837158203125e-07,2.384185791015625e-07
8783,4.76837158203125e-07,4.76837158203125e-07,2.384185791015625e-07
8784,4.76837158203125e-07,7.152557373046875e-07,0.0
8785,4.76837158203125e-07,7.152557373046875e-07,2.384185791015625e-07
8786,4.76837158203125e-07,4.76837158203125e-07,2.384185791015625e-07
8787,4.76837158203125e-07,4.76837158203125e-07,0.0
8788,7.152557373046875e-07,4.76837158203125e-07,2.384185791015625e-07
8789,7.152557373046875e-07,9.5367431640625e-07,2.384185791015625e-07
8790,4.76837158203125e-07,9.5367431640625e-07,2.384185791015625e-07
8791,4.76837158203125e-07,7.152557373046875e-07,2.384185791015625e-07
8792,7.152557373046875e-07,9.5367431640625e-07,0.0
8793,4.76837158203125e-07,9.5367431640625e-07,2.384185791015625e-07
8794,7.152557373046875e-07,4.76837158203125e-07,2.384185791015625e-07
8795,7.152557373046875e-07,4.76837158203125e-07,0.0
8796,7.152557373046875e-07,4.76837158203125e-07,0.0
8797,4.76837158203125e-07,4.76837158203125e-07,2.384185791015625e-07
8798,4.76837158203125e-07,4.76837158203125e-07,2.384185791015625e-07
8799,4.76837158203125e-07,4.76837158203125e-07,2.384185791015625e-07
8800,4.76837158203125e-07,4.76837158203125e-07,2.384185791015625e-07
8801,4.76837158203125e-07,4.76837158203125e-07,0.0
8802,4.76837158203125e-07,4.76837158203125e-07,2.384185791015625e-07
8803,4.76837158203125e-07,4.76837158203125e-07,2.384185791015625e-07
8804,7.152557373046875e-07,4.76837158203125e-07,0.0
8805,4.76837158203125e-07,4.76837158203125e-07,2.384185791015625e-07
8806,4.76837158203125e-07,7.152557373046875e-07,2.384185791015625e-07
8807,4.76837158203125e-07,7.152557373046875e-07,2.384185791015625e-07
8808,4.76837158203125e-07,7.152557373046875e-07,2.384185791015625e-07
8809,4.76837158203125e-07,7.152557373046875e-07,2.384185791015625e-07
8810,4.76837158203125e-07,7.152557373046875e-07,0.0
8811,4.76837158203125e-07,4.76837158203125e-07,2.384185791015625e-07
8812,7.152557373046875e-07,7.152557373046875e-07,2.384185791015625e-07
8813,4.76837158203125e-07,7.152557373046875e-07,0.0
8814,4.76837158203125e-07,4.76837158203125e-07,2.384185791015625e-07
8815,7.152557373046875e-07,4.76837158203125e-07,2.384185791015625e-07
8816,4.76837158203125e-07,7.152557373046875e-07,2.384185791015625e-07
8817,7.152557373046875e-07,7.152557373046875e-07,0.0
8818,7.152557373046875e-07,7.152557373046875e-07,2.384185791015625e-07
8819,7.152557373046875e-07,7.152557373046875e-07,2.384185791015625e-07
8820,4.76837158203125e-07,4.76837158203125e-07,2.384185791015625e-07
8821,4.76837158203125e-07,4.76837158203125e-07,2.384185791015625e-07
8822,4.76837158203125e-07,4.76837158203125e-07,0.0
8823,4.76837158203125e-07,4.76837158203125e-07,2.384185791015625e-07
8824,4.76837158203125e-07,4.76837158203125e-07,2.384185791015625e-07
8825,4.76837158203125e-07,7.152557373046875e-07,0.0
8826,7.152557373046875e-07,7.152557373046875e-07,2.384185791015625e-07
8827,7.152557373046875e-07,4.76837158203125e-07,4.76837158203125e-07
8828,4.76837158203125e-07,4.76837158203125e-07,0.0
8829,4.76837158203125e-07,7.152557373046875e-07,2.384185791015625e-07
8830,4.76837158203125e-07,7.152557373046875e-07,2.384185791015625e-07
8831,4.76837158203125e-07,7.152557373046875e-07,2.384185791015625e-07
8832,4.76837158203125e-07,7.152557373046875e-07,2.384185791015625e-07
8833,7.152557373046875e-07,7.152557373046875e-07,0.0
8834,4.76837158203125e-07,7.152557373046875e-07,2.384185791015625e-07
8835,4.76837158203125e-07,7.152557373046875e-07,2.384185791015625e-07
8836,4.76837158203125e-07,4.76837158203125e-07,0.0
8837,4.76837158203125e-07,7.152557373046875e-07,2.384185791015625e-07
8838,4.76837158203125e-07,4.76837158203125e-07,2.384185791015625e-07
8839,4.76837158203125e-07,7.152557373046875e-07,0.0
8840,4.76837158203125e-07,7.152557373046875e-07,2.384185791015625e-07
8841,4.76837158203125e-07,4.76837158203125e-07,2.384185791015625e-07
8842,4.76837158203125e-07,7.152557373046875e-07,0.0
8843,7.152557373046875e-07,7.152557373046875e-07,4.76837158203125e-07
8844,4.76837158203125e-07,9.5367431640625e-07,0.0
8845,7.152557373046875e-07,4.76837158203125e-07,2.384185791015625e-07
8846,7.152557373046875e-07,7.152557373046875e-07,2.384185791015625e-07
8847,9.5367431640625e-07,9.5367431640625e-07,0.0
8848,4.76837158203125e-07,7.152557373046875e-07,2.384185791015625e-07
8849,4.76837158203125e-07,7.152557373046875e-07,2.384185791015625e-07
8850,7.152557373046875e-07,7.152557373046875e-07,0.0
8851,4.76837158203125e-07,4.76837158203125e-07,4.76837158203125e-07
8852,4.76837158203125e-07,9.5367431640625e-07,2.384185791015625e-07
8853,4.76837158203125e-07,7.152557373046875e-07,0.0
8854,7.152557373046875e-07,7.152557373046875e-07,2.384185791015625e-07
8855,4.76837158203125e-07,7.152557373046875e-07,0.0
8856,4.76837158203125e-07,7.152557373046875e-07,2.384185791015625e-07
8857,7.152557373046875e-07,7.152557373046875e-07,2.384185791015625e-07
8858,4.76837158203125e-07,4.76837158203125e-07,0.0
8859,7.152557373046875e-07,4.76837158203125e-07,2.384185791015625e-07
8860,7.152557373046875e-07,4.76837158203125e-07,2.384185791015625e-07
8861,4.76837158203125e-07,4.76837158203125e-07,0.0
8862,4.76837158203125e-07,4.76837158203125e-07,2.384185791015625e-07
8863,4.76837158203125e-07,4.76837158203125e-07,2.384185791015625e-07
8864,7.152557373046875e-07,7.152557373046875e-07,0.0
8865,4.76837158203125e-07,7.152557373046875e-07,2.384185791015625e-07
8866,4.76837158203125e-07,7.152557373046875e-07,2.384185791015625e-07
8867,4.76837158203125e-07,7.152557373046875e-07,0.0
8868,4.76837158203125e-07,4.76837158203125e-07,2.384185791015625e-07
8869,7.152557373046875e-07,4.76837158203125e-07,2.384185791015625e-07
8870,7.152557373046875e-07,4.76837158203125e-07,0.0
8871,7.152557373046875e-07,4.76837158203125e-07,2.384185791015625e-07
8872,7.152557373046875e-07,4.76837158203125e-07,2.384185791015625e-07
8873,4.76837158203125e-07,4.76837158203125e-07,0.0
8874,4.76837158203125e-07,7.152557373046875e-07,2.384185791015625e-07
8875,4.76837158203125e-07,4.76837158203125e-07,2.384185791015625e-07
8876,4.76837158203125e-07,4.76837158203125e-07,4.76837158203125e-07
8877,4.76837158203125e-07,7.152557373046875e-07,2.384185791015625e-07
8878,9.5367431640625e-07,4.76837158203125e-07,2.384185791015625e-07
8879,4.76837158203125e-07,7.152557373046875e-07,2.384185791015625e-07
8880,7.152557373046875e-07,7.152557373046875e-07,2.384185791015625e-07
8881,4.76837158203125e-07,9.5367431640625e-07,2.384185791015625e-07
8882,4.76837158203125e-07,4.76837158203125e-07,0.0
8883,4.76837158203125e-07,4.76837158203125e-07,2.384185791015625e-07
8884,4.76837158203125e-07,4.76837158203125e-07,2.384185791015625e-07
8885,7.152557373046875e-07,4.76837158203125e-07,0.0
8886,4.76837158203125e-07,4.76837158203125e-07,2.384185791015625e-07
8887,4.76837158203125e-07,7.152557373046875e-07,2.384185791015625e-07
8888,7.152557373046875e-07,7.152557373046875e-07,0.0
8889,4.76837158203125e-07,7.152557373046875e-07,2.384185791015625e-07
8890,7.152557373046875e-07,7.152557373046875e-07,2.384185791015625e-07
8891,4.76837158203125e-07,7.152557373046875e-07,0.0
8892,9.5367431640625e-07,7.152557373046875e-07,4.76837158203125e-07
8893,4.76837158203125e-07,4.76837158203125e-07,0.0
8894,4.76837158203125e-07,4.76837158203125e-07,2.384185791015625e-07
8895,7.152557373046875e-07,4.76837158203125e-07,2.384185791015625e-07
8896,4.76837158203125e-07,7.152557373046875e-07,2.384185791015625e-07
8897,4.76837158203125e-07,7.152557373046875e-07,0.0
8898,4.76837158203125e-07,7.152557373046875e-07,2.384185791015625e-07
8899,9.5367431640625e-07,4.76837158203125e-07,2.384185791015625e-07
8900,4.76837158203125e-07,4.76837158203125e-07,0.0
8901,7.152557373046875e-07,7.152557373046875e-07,2.384185791015625e-07
8902,7.152557373046875e-07,9.5367431640625e-07,2.384185791015625e-07
8903,4.76837158203125e-07,7.152557373046875e-07,2.384185791015625e-07
8904,7.152557373046875e-07,7.152557373046875e-07,0.0
8905,4.76837158203125e-07,4.76837158203125e-07,2.384185791015625e-07
8906,4.76837158203125e-07,4.76837158203125e-07,2.384185791015625e-07
8907,4.76837158203125e-07,4.76837158203125e-07,2.384185791015625e-07
8908,4.76837158203125e-07,7.152557373046875e-07,0.0
8909,9.5367431640625e-07,4.76837158203125e-07,2.384185791015625e-07
8910,4.76837158203125e-07,4.76837158203125e-07,2.384185791015625e-07
8911,4.76837158203125e-07,7.152557373046875e-07,0.0
8912,7.152557373046875e-07,4.76837158203125e-07,2.384185791015625e-07
8913,4.76837158203125e-07,4.76837158203125e-07,2.384185791015625e-07
8914,7.152557373046875e-07,4.76837158203125e-07,0.0
8915,4.76837158203125e-07,4.76837158203125e-07,2.384185791015625e-07
8916,7.152557373046875e-07,7.152557373046875e-07,4.76837158203125e-07
8917,4.76837158203125e-07,4.76837158203125e-07,0.0
8918,7.152557373046875e-07,4.76837158203125e-07,2.384185791015625e-07
8919,7.152557373046875e-07,7.152557373046875e-07,2.384185791015625e-07
8920,4.76837158203125e-07,7.152557373046875e-07,0.0
8921,4.76837158203125e-07,4.76837158203125e-07,2.384185791015625e-07
8922,4.76837158203125e-07,4.76837158203125e-07,2.384185791015625e-07
8923,4.76837158203125e-07,4.76837158203125e-07,0.0
8924,4.76837158203125e-07,4.76837158203125e-07,4.76837158203125e-07
8925,7.152557373046875e-07,7.152557373046875e-07,2.384185791015625e-07
8926,4.76837158203125e-07,9.5367431640625e-07,0.0
8927,7.152557373046875e-07,9.5367431640625e-07,2.384185791015625e-07
8928,4.76837158203125e-07,9.5367431640625e-07,2.384185791015625e-07
8929,9.5367431640625e-07,9.5367431640625e-07,0.0
8930,4.76837158203125e-07,4.76837158203125e-07,2.384185791015625e-07
8931,7.152557373046875e-07,4.76837158203125e-07,2.384185791015625e-07
8932,7.152557373046875e-07,4.76837158203125e-07,4.76837158203125e-07
8933,7.152557373046875e-07,4.76837158203125e-07,0.0
8934,4.76837158203125e-07,4.76837158203125e-07,2.384185791015625e-07
8935,4.76837158203125e-07,4.76837158203125e-07,0.0
8936,7.152557373046875e-07,4.76837158203125e-07,0.0
8937,4.76837158203125e-07,4.76837158203125e-07,2.384185791015625e-07
8938,4.76837158203125e-07,4.76837158203125e-07,2.384185791015625e-07
8939,4.76837158203125e-07,4.76837158203125e-07,2.384185791015625e-07
8940,4.76837158203125e-07,4.76837158203125e-07,4.76837158203125e-07
8941,4.76837158203125e-07,4.76837158203125e-07,2.384185791015625e-07
8942,4.76837158203125e-07,4.76837158203125e-07,2.384185791015625e-07
8943,7.152557373046875e-07,7.152557373046875e-07,0.0
8944,7.152557373046875e-07,7.152557373046875e-07,2.384185791015625e-07
8945,4.76837158203125e-07,4.76837158203125e-07,2.384185791015625e-07
8946,4.76837158203125e-07,4.76837158203125e-07,0.0
8947,4.76837158203125e-07,7.152557373046875e-07,2.384185791015625e-07
8948,4.76837158203125e-07,9.5367431640625e-07,4.76837158203125e-07
8949,4.76837158203125e-07,7.152557373046875e-07,0.0
8950,7.152557373046875e-07,9.5367431640625e-07,2.384185791015625e-07
8951,4.76837158203125e-07,4.76837158203125e-07,0.0
8952,4.76837158203125e-07,4.76837158203125e-07,2.384185791015625e-07
8953,4.76837158203125e-07,4.76837158203125e-07,2.384185791015625e-07
8954,4.76837158203125e-07,4.76837158203125e-07,0.0
8955,4.76837158203125e-07,4.76837158203125e-07,2.384185791015625e-07
8956,4.76837158203125e-07,4.76837158203125e-07,4.76837158203125e-07
8957,4.76837158203125e-07,4.76837158203125e-07,0.0
8958,4.76837158203125e-07,4.76837158203125e-07,2.384185791015625e-07
8959,4.76837158203125e-07,4.76837158203125e-07,2.384185791015625e-07
8960,7.152557373046875e-07,4.76837158203125e-07,0.0
8961,7.152557373046875e-07,4.76837158203125e-07,2.384185791015625e-07
8962,4.76837158203125e-07,4.76837158203125e-07,2.384185791015625e-07
8963,7.152557373046875e-07,7.152557373046875e-07,2.384185791015625e-07
8964,4.76837158203125e-07,4.76837158203125e-07,0.0
8965,7.152557373046875e-07,4.76837158203125e-07,2.384185791015625e-07
8966,7.152557373046875e-07,4.76837158203125e-07,2.384185791015625e-07
8967,9.5367431640625e-07,7.152557373046875e-07,0.0
8968,4.76837158203125e-07,7.152557373046875e-07,2.384185791015625e-07
8969,4.76837158203125e-07,4.76837158203125e-07,2.384185791015625e-07
8970,4.76837158203125e-07,7.152557373046875e-07,2.384185791015625e-07
8971,4.76837158203125e-07,9.5367431640625e-07,0.0
8972,7.152557373046875e-07,9.5367431640625e-07,2.384185791015625e-07
8973,4.76837158203125e-07,7.152557373046875e-07,2.384185791015625e-07
8974,7.152557373046875e-07,7.152557373046875e-07,2.384185791015625e-07
8975,4.76837158203125e-07,9.5367431640625e-07,0.0
8976,4.76837158203125e-07,9.5367431640625e-07,2.384185791015625e-07
8977,4.76837158203125e-07,7.152557373046875e-07,2.384185791015625e-07
8978,4.76837158203125e-07,4.76837158203125e-07,0.0
8979,4.76837158203125e-07,4.76837158203125e-07,2.384185791015625e-07
8980,4.76837158203125e-07,4.76837158203125e-07,4.76837158203125e-07
8981,4.76837158203125e-07,4.76837158203125e-07,0.0
8982,4.76837158203125e-07,4.76837158203125e-07,2.384185791015625e-07
8983,4.76837158203125e-07,4.76837158203125e-07,2.384185791015625e-07
8984,7.152557373046875e-07,4.76837158203125e-07,2.384185791015625e-07
8985,4.76837158203125e-07,4.76837158203125e-07,2.384185791015625e-07
8986,4.76837158203125e-07,4.76837158203125e-07,0.0
8987,4.76837158203125e-07,7.152557373046875e-07,2.384185791015625e-07
8988,4.76837158203125e-07,4.76837158203125e-07,2.384185791015625e-07
8989,4.76837158203125e-07,4.76837158203125e-07,0.0
8990,4.76837158203125e-07,4.76837158203125e-07,2.384185791015625e-07
8991,7.152557373046875e-07,7.152557373046875e-07,2.384185791015625e-07
8992,4.76837158203125e-07,7.152557373046875e-07,0.0
8993,4.76837158203125e-07,4.76837158203125e-07,2.384185791015625e-07
8994,7.152557373046875e-07,7.152557373046875e-07,2.384185791015625e-07
8995,4.76837158203125e-07,4.76837158203125e-07,0.0
8996,4.76837158203125e-07,4.76837158203125e-07,2.384185791015625e-07
8997,4.76837158203125e-07,4.76837158203125e-07,2.384185791015625e-07
8998,7.152557373046875e-07,4.76837158203125e-07,2.384185791015625e-07
8999,4.76837158203125e-07,4.76837158203125e-07,2.384185791015625e-07
9000,4.76837158203125e-07,7.152557373046875e-07,0.0
9001,7.152557373046875e-07,7.152557373046875e-07,2.384185791015625e-07
9002,4.76837158203125e-07,4.76837158203125e-07,2.384185791015625e-07
9003,7.152557373046875e-07,7.152557373046875e-07,2.384185791015625e-07
9004,7.152557373046875e-07,4.76837158203125e-07,0.0
9005,7.152557373046875e-07,4.76837158203125e-07,2.384185791015625e-07
9006,7.152557373046875e-07,4.76837158203125e-07,2.384185791015625e-07
9007,9.5367431640625e-07,7.152557373046875e-07,0.0
9008,4.76837158203125e-07,7.152557373046875e-07,2.384185791015625e-07
9009,7.152557373046875e-07,4.76837158203125e-07,2.384185791015625e-07
9010,7.152557373046875e-07,7.152557373046875e-07,0.0
9011,4.76837158203125e-07,7.152557373046875e-07,2.384185791015625e-07
9012,7.152557373046875e-07,4.76837158203125e-07,0.0
9013,4.76837158203125e-07,4.76837158203125e-07,2.384185791015625e-07
9014,9.5367431640625e-07,4.76837158203125e-07,2.384185791015625e-07
9015,4.76837158203125e-07,4.76837158203125e-07,2.384185791015625e-07
9016,4.76837158203125e-07,4.76837158203125e-07,2.384185791015625e-07
9017,4.76837158203125e-07,4.76837158203125e-07,0.0
9018,4.76837158203125e-07,4.76837158203125e-07,2.384185791015625e-07
9019,4.76837158203125e-07,4.76837158203125e-07,4.76837158203125e-07
9020,4.76837158203125e-07,9.5367431640625e-07,0.0
9021,4.76837158203125e-07,7.152557373046875e-07,2.384185791015625e-07
9022,4.76837158203125e-07,7.152557373046875e-07,2.384185791015625e-07
9023,4.76837158203125e-07,4.76837158203125e-07,0.0
9024,9.5367431640625e-07,4.76837158203125e-07,2.384185791015625e-07
9025,4.76837158203125e-07,4.76837158203125e-07,0.0
9026,4.76837158203125e-07,7.152557373046875e-07,2.384185791015625e-07
9027,7.152557373046875e-07,4.76837158203125e-07,2.384185791015625e-07
9028,4.76837158203125e-07,4.76837158203125e-07,0.0
9029,4.76837158203125e-07,4.76837158203125e-07,2.384185791015625e-07
9030,4.76837158203125e-07,4.76837158203125e-07,2.384185791015625e-07
9031,9.5367431640625e-07,4.76837158203125e-07,0.0
9032,4.76837158203125e-07,4.76837158203125e-07,2.384185791015625e-07
9033,4.76837158203125e-07,4.76837158203125e-07,2.384185791015625e-07
9034,4.76837158203125e-07,4.76837158203125e-07,2.384185791015625e-07
9035,4.76837158203125e-07,4.76837158203125e-07,2.384185791015625e-07
9036,4.76837158203125e-07,4.76837158203125e-07,2.384185791015625e-07
9037,4.76837158203125e-07,7.152557373046875e-07,2.384185791015625e-07
9038,4.76837158203125e-07,4.76837158203125e-07,0.0
9039,4.76837158203125e-07,7.152557373046875e-07,2.384185791015625e-07
9040,4.76837158203125e-07,9.5367431640625e-07,2.384185791015625e-07
9041,4.76837158203125e-07,4.76837158203125e-07,2.384185791015625e-07
9042,7.152557373046875e-07,7.152557373046875e-07,2.384185791015625e-07
9043,7.152557373046875e-07,7.152557373046875e-07,0.0
9044,4.76837158203125e-07,7.152557373046875e-07,4.76837158203125e-07
9045,4.76837158203125e-07,4.76837158203125e-07,2.384185791015625e-07
9046,4.76837158203125e-07,7.152557373046875e-07,2.384185791015625e-07
9047,4.76837158203125e-07,7.152557373046875e-07,2.384185791015625e-07
9048,7.152557373046875e-07,4.76837158203125e-07,0.0
9049,4.76837158203125e-07,4.76837158203125e-07,2.384185791015625e-07
9050,7.152557373046875e-07,4.76837158203125e-07,2.384185791015625e-07
9051,4.76837158203125e-07,4.76837158203125e-07,0.0
9052,4.76837158203125e-07,4.76837158203125e-07,4.76837158203125e-07
9053,4.76837158203125e-07,7.152557373046875e-07,2.384185791015625e-07
9054,4.76837158203125e-07,4.76837158203125e-07,2.384185791015625e-07
9055,9.5367431640625e-07,7.152557373046875e-07,2.384185791015625e-07
9056,4.76837158203125e-07,4.76837158203125e-07,0.0
9057,4.76837158203125e-07,7.152557373046875e-07,2.384185791015625e-07
9058,4.76837158203125e-07,7.152557373046875e-07,2.384185791015625e-07
9059,7.152557373046875e-07,7.152557373046875e-07,0.0
9060,4.76837158203125e-07,7.152557373046875e-07,2.384185791015625e-07
9061,7.152557373046875e-07,4.76837158203125e-07,2.384185791015625e-07
9062,4.76837158203125e-07,4.76837158203125e-07,0.0
9063,7.152557373046875e-07,4.76837158203125e-07,2.384185791015625e-07
9064,7.152557373046875e-07,7.152557373046875e-07,2.384185791015625e-07
9065,4.76837158203125e-07,9.5367431640625e-07,2.384185791015625e-07
9066,4.76837158203125e-07,9.5367431640625e-07,2.384185791015625e-07
9067,4.76837158203125e-07,4.76837158203125e-07,0.0
9068,4.76837158203125e-07,7.152557373046875e-07,2.384185791015625e-07
9069,9.5367431640625e-07,4.76837158203125e-07,2.384185791015625e-07
9070,4.76837158203125e-07,7.152557373046875e-07,0.0
9071,4.76837158203125e-07,4.76837158203125e-07,2.384185791015625e-07
9072,4.76837158203125e-07,4.76837158203125e-07,0.0
9073,4.76837158203125e-07,4.76837158203125e-07,2.384185791015625e-07
9074,4.76837158203125e-07,7.152557373046875e-07,2.384185791015625e-07
9075,4.76837158203125e-07,7.152557373046875e-07,2.384185791015625e-07
9076,4.76837158203125e-07,4.76837158203125e-07,2.384185791015625e-07
9077,7.152557373046875e-07,4.76837158203125e-07,4.76837158203125e-07
9078,7.152557373046875e-07,7.152557373046875e-07,0.0
9079,4.76837158203125e-07,4.76837158203125e-07,2.384185791015625e-07
9080,4.76837158203125e-07,7.152557373046875e-07,0.0
9081,4.76837158203125e-07,4.76837158203125e-07,2.384185791015625e-07
9082,4.76837158203125e-07,4.76837158203125e-07,2.384185791015625e-07
9083,4.76837158203125e-07,9.5367431640625e-07,2.384185791015625e-07
9084,4.76837158203125e-07,4.76837158203125e-07,0.0
9085,4.76837158203125e-07,7.152557373046875e-07,4.76837158203125e-07
9086,7.152557373046875e-07,7.152557373046875e-07,0.0
9087,7.152557373046875e-07,7.152557373046875e-07,2.384185791015625e-07
9088,4.76837158203125e-07,7.152557373046875e-07,2.384185791015625e-07
9089,4.76837158203125e-07,7.152557373046875e-07,0.0
9090,4.76837158203125e-07,9.5367431640625e-07,2.384185791015625e-07
9091,4.76837158203125e-07,4.76837158203125e-07,2.384185791015625e-07
9092,4.76837158203125e-07,4.76837158203125e-07,0.0
9093,7.152557373046875e-07,7.152557373046875e-07,2.384185791015625e-07
9094,4.76837158203125e-07,4.76837158203125e-07,2.384185791015625e-07
9095,4.76837158203125e-07,7.152557373046875e-07,2.384185791015625e-07
9096,7.152557373046875e-07,7.152557373046875e-07,2.384185791015625e-07
9097,7.152557373046875e-07,4.76837158203125e-07,0.0
9098,4.76837158203125e-07,4.76837158203125e-07,0.0
9099,4.76837158203125e-07,4.76837158203125e-07,2.384185791015625e-07
9100,7.152557373046875e-07,7.152557373046875e-07,2.384185791015625e-07
9101,4.76837158203125e-07,4.76837158203125e-07,2.384185791015625e-07
9102,4.76837158203125e-07,7.152557373046875e-07,4.76837158203125e-07
9103,4.76837158203125e-07,4.76837158203125e-07,0.0
9104,4.76837158203125e-07,4.76837158203125e-07,2.384185791015625e-07
9105,4.76837158203125e-07,4.76837158203125e-07,2.384185791015625e-07
9106,4.76837158203125e-07,7.152557373046875e-07,2.384185791015625e-07
9107,7.152557373046875e-07,4.76837158203125e-07,2.384185791015625e-07
9108,4.76837158203125e-07,4.76837158203125e-07,0.0
9109,7.152557373046875e-07,7.152557373046875e-07,2.384185791015625e-07
9110,4.76837158203125e-07,4.76837158203125e-07,4.76837158203125e-07
9111,4.76837158203125e-07,7.152557373046875e-07,0.0
9112,7.152557373046875e-07,7.152557373046875e-07,2.384185791015625e-07
9113,4.76837158203125e-07,7.152557373046875e-07,2.384185791015625e-07
9114,7.152557373046875e-07,4.76837158203125e-07,2.384185791015625e-07
9115,4.76837158203125e-07,4.76837158203125e-07,2.384185791015625e-07
9116,4.76837158203125e-07,4.76837158203125e-07,0.0
9117,7.152557373046875e-07,4.76837158203125e-07,2.384185791015625e-07
9118,4.76837158203125e-07,4.76837158203125e-07,2.384185791015625e-07
9119,4.76837158203125e-07,7.152557373046875e-07,0.0
9120,4.76837158203125e-07,4.76837158203125e-07,2.384185791015625e-07
9121,7.152557373046875e-07,4.76837158203125e-07,2.384185791015625e-07
9122,4.76837158203125e-07,4.76837158203125e-07,2.384185791015625e-07
9123,4.76837158203125e-07,7.152557373046875e-07,2.384185791015625e-07
9124,4.76837158203125e-07,4.76837158203125e-07,0.0
9125,4.76837158203125e-07,4.76837158203125e-07,0.0
9126,4.76837158203125e-07,4.76837158203125e-07,2.384185791015625e-07
9127,4.76837158203125e-07,4.76837158203125e-07,2.384185791015625e-07
9128,9.5367431640625e-07,4.76837158203125e-07,0.0
9129,4.76837158203125e-07,4.76837158203125e-07,2.384185791015625e-07
9130,4.76837158203125e-07,7.152557373046875e-07,2.384185791015625e-07
9131,4.76837158203125e-07,4.76837158203125e-07,0.0
9132,4.76837158203125e-07,4.76837158203125e-07,2.384185791015625e-07
9133,4.76837158203125e-07,9.5367431640625e-07,2.384185791015625e-07
9134,4.76837158203125e-07,4.76837158203125e-07,2.384185791015625e-07
9135,9.5367431640625e-07,9.5367431640625e-07,4.76837158203125e-07
9136,4.76837158203125e-07,7.152557373046875e-07,0.0
9137,4.76837158203125e-07,9.5367431640625e-07,2.384185791015625e-07
9138,4.76837158203125e-07,4.76837158203125e-07,2.384185791015625e-07
9139,4.76837158203125e-07,4.76837158203125e-07,0.0
9140,4.76837158203125e-07,4.76837158203125e-07,2.384185791015625e-07
9141,4.76837158203125e-07,4.76837158203125e-07,2.384185791015625e-07
9142,9.5367431640625e-07,4.76837158203125e-07,0.0
9143,4.76837158203125e-07,4.76837158203125e-07,4.76837158203125e-07
9144,4.76837158203125e-07,4.76837158203125e-07,0.0
9145,4.76837158203125e-07,4.76837158203125e-07,2.384185791015625e-07
9146,4.76837158203125e-07,7.152557373046875e-07,2.384185791015625e-07
9147,4.76837158203125e-07,4.76837158203125e-07,0.0
9148,4.76837158203125e-07,4.76837158203125e-07,2.384185791015625e-07
9149,7.152557373046875e-07,4.76837158203125e-07,2.384185791015625e-07
9150,4.76837158203125e-07,7.152557373046875e-07,0.0
9151,4.76837158203125e-07,4.76837158203125e-07,2.384185791015625e-07
9152,4.76837158203125e-07,4.76837158203125e-07,0.0
9153,9.5367431640625e-07,4.76837158203125e-07,2.384185791015625e-07
9154,7.152557373046875e-07,7.152557373046875e-07,2.384185791015625e-07
9155,4.76837158203125e-07,7.152557373046875e-07,2.384185791015625e-07
9156,7.152557373046875e-07,7.152557373046875e-07,0.0
9157,4.76837158203125e-07,4.76837158203125e-07,2.384185791015625e-07
9158,4.76837158203125e-07,4.76837158203125e-07,2.384185791015625e-07
9159,4.76837158203125e-07,4.76837158203125e-07,2.384185791015625e-07
9160,4.76837158203125e-07,4.76837158203125e-07,4.76837158203125e-07
9161,4.76837158203125e-07,4.76837158203125e-07,0.0
9162,4.76837158203125e-07,7.152557373046875e-07,2.384185791015625e-07
9163,9.5367431640625e-07,4.76837158203125e-07,0.0
9164,7.152557373046875e-07,4.76837158203125e-07,2.384185791015625e-07
9165,7.152557373046875e-07,4.76837158203125e-07,2.384185791015625e-07
9166,4.76837158203125e-07,4.76837158203125e-07,2.384185791015625e-07
9167,4.76837158203125e-07,7.152557373046875e-07,2.384185791015625e-07
9168,4.76837158203125e-07,7.152557373046875e-07,4.76837158203125e-07
9169,4.76837158203125e-07,4.76837158203125e-07,2.384185791015625e-07
9170,7.152557373046875e-07,4.76837158203125e-07,2.384185791015625e-07
9171,4.76837158203125e-07,7.152557373046875e-07,2.384185791015625e-07
9172,4.76837158203125e-07,7.152557373046875e-07,2.384185791015625e-07
9173,7.152557373046875e-07,7.152557373046875e-07,0.0
9174,7.152557373046875e-07,7.152557373046875e-07,2.384185791015625e-07
9175,4.76837158203125e-07,7.152557373046875e-07,2.384185791015625e-07
9176,4.76837158203125e-07,4.76837158203125e-07,2.384185791015625e-07
9177,7.152557373046875e-07,4.76837158203125e-07,2.384185791015625e-07
9178,4.76837158203125e-07,7.152557373046875e-07,0.0
9179,4.76837158203125e-07,4.76837158203125e-07,2.384185791015625e-07
9180,4.76837158203125e-07,4.76837158203125e-07,2.384185791015625e-07
9181,4.76837158203125e-07,4.76837158203125e-07,2.384185791015625e-07
9182,4.76837158203125e-07,4.76837158203125e-07,0.0
9183,7.152557373046875e-07,4.76837158203125e-07,2.384185791015625e-07
9184,7.152557373046875e-07,4.76837158203125e-07,4.76837158203125e-07
9185,4.76837158203125e-07,4.76837158203125e-07,2.384185791015625e-07
9186,4.76837158203125e-07,7.152557373046875e-07,2.384185791015625e-07
9187,9.5367431640625e-07,4.76837158203125e-07,2.384185791015625e-07
9188,4.76837158203125e-07,4.76837158203125e-07,2.384185791015625e-07
9189,4.76837158203125e-07,7.152557373046875e-07,2.384185791015625e-07
9190,4.76837158203125e-07,7.152557373046875e-07,0.0
9191,7.152557373046875e-07,9.5367431640625e-07,2.384185791015625e-07
9192,4.76837158203125e-07,7.152557373046875e-07,2.384185791015625e-07
9193,4.76837158203125e-07,7.152557373046875e-07,0.0
9194,7.152557373046875e-07,7.152557373046875e-07,2.384185791015625e-07
9195,4.76837158203125e-07,4.76837158203125e-07,0.0
9196,4.76837158203125e-07,9.5367431640625e-07,2.384185791015625e-07
9197,4.76837158203125e-07,4.76837158203125e-07,0.0
9198,9.5367431640625e-07,4.76837158203125e-07,2.384185791015625e-07
9199,4.76837158203125e-07,4.76837158203125e-07,2.384185791015625e-07
9200,4.76837158203125e-07,7.152557373046875e-07,0.0
9201,7.152557373046875e-07,4.76837158203125e-07,2.384185791015625e-07
9202,4.76837158203125e-07,4.76837158203125e-07,2.384185791015625e-07
9203,4.76837158203125e-07,4.76837158203125e-07,2.384185791015625e-07
9204,4.76837158203125e-07,7.152557373046875e-07,2.384185791015625e-07
9205,4.76837158203125e-07,4.76837158203125e-07,2.384185791015625e-07
9206,7.152557373046875e-07,4.76837158203125e-07,2.384185791015625e-07
9207,4.76837158203125e-07,4.76837158203125e-07,2.384185791015625e-07
9208,4.76837158203125e-07,4.76837158203125e-07,0.0
9209,4.76837158203125e-07,4.76837158203125e-07,4.76837158203125e-07
9210,4.76837158203125e-07,7.152557373046875e-07,2.384185791015625e-07
9211,4.76837158203125e-07,4.76837158203125e-07,0.0
9212,4.76837158203125e-07,7.152557373046875e-07,2.384185791015625e-07
9213,7.152557373046875e-07,7.152557373046875e-07,2.384185791015625e-07
9214,7.152557373046875e-07,7.152557373046875e-07,2.384185791015625e-07
9215,4.76837158203125e-07,9.5367431640625e-07,2.384185791015625e-07
9216,7.152557373046875e-07,4.76837158203125e-07,0.0
9217,4.76837158203125e-07,4.76837158203125e-07,4.76837158203125e-07
9218,4.76837158203125e-07,4.76837158203125e-07,2.384185791015625e-07
9219,4.76837158203125e-07,4.76837158203125e-07,0.0
9220,4.76837158203125e-07,4.76837158203125e-07,2.384185791015625e-07
9221,4.76837158203125e-07,4.76837158203125e-07,0.0
9222,9.5367431640625e-07,7.152557373046875e-07,2.384185791015625e-07
9223,4.76837158203125e-07,7.152557373046875e-07,2.384185791015625e-07
9224,4.76837158203125e-07,7.152557373046875e-07,0.0
9225,4.76837158203125e-07,4.76837158203125e-07,2.384185791015625e-07
9226,4.76837158203125e-07,7.152557373046875e-07,2.384185791015625e-07
9227,7.152557373046875e-07,4.76837158203125e-07,0.0
9228,7.152557373046875e-07,4.76837158203125e-07,2.384185791015625e-07
9229,4.76837158203125e-07,7.152557373046875e-07,2.384185791015625e-07
9230,4.76837158203125e-07,7.152557373046875e-07,2.384185791015625e-07
9231,4.76837158203125e-07,4.76837158203125e-07,2.384185791015625e-07
9232,4.76837158203125e-07,4.76837158203125e-07,0.0
9233,4.76837158203125e-07,7.152557373046875e-07,2.384185791015625e-07
9234,4.76837158203125e-07,9.5367431640625e-07,4.76837158203125e-07
9235,4.76837158203125e-07,7.152557373046875e-07,0.0
9236,9.5367431640625e-07,9.5367431640625e-07,2.384185791015625e-07
9237,7.152557373046875e-07,9.5367431640625e-07,2.384185791015625e-07
9238,4.76837158203125e-07,9.5367431640625e-07,2.384185791015625e-07
9239,4.76837158203125e-07,4.76837158203125e-07,2.384185791015625e-07
9240,7.152557373046875e-07,7.152557373046875e-07,0.0
9241,4.76837158203125e-07,4.76837158203125e-07,2.384185791015625e-07
9242,4.76837158203125e-07,4.76837158203125e-07,0.0
9243,9.5367431640625e-07,4.76837158203125e-07,0.0
9244,7.152557373046875e-07,4.76837158203125e-07,2.384185791015625e-07
9245,7.152557373046875e-07,7.152557373046875e-07,0.0
9246,7.152557373046875e-07,7.152557373046875e-07,2.384185791015625e-07
9247,7.152557373046875e-07,4.76837158203125e-07,0.0
9248,4.76837158203125e-07,7.152557373046875e-07,2.384185791015625e-07
9249,4.76837158203125e-07,4.76837158203125e-07,0.0
9250,7.152557373046875e-07,4.76837158203125e-07,2.384185791015625e-07
9251,4.76837158203125e-07,7.152557373046875e-07,2.384185791015625e-07
9252,7.152557373046875e-07,4.76837158203125e-07,0.0
9253,7.152557373046875e-07,4.76837158203125e-07,2.384185791015625e-07
9254,9.5367431640625e-07,4.76837158203125e-07,2.384185791015625e-07
9255,7.152557373046875e-07,4.76837158203125e-07,2.384185791015625e-07
9256,4.76837158203125e-07,4.76837158203125e-07,2.384185791015625e-07
9257,7.152557373046875e-07,9.5367431640625e-07,0.0
9258,7.152557373046875e-07,4.76837158203125e-07,2.384185791015625e-07
9259,4.76837158203125e-07,7.152557373046875e-07,2.384185791015625e-07
9260,4.76837158203125e-07,9.5367431640625e-07,0.0
9261,4.76837158203125e-07,7.152557373046875e-07,2.384185791015625e-07
9262,7.152557373046875e-07,9.5367431640625e-07,2.384185791015625e-07
9263,4.76837158203125e-07,7.152557373046875e-07,0.0
9264,7.152557373046875e-07,4.76837158203125e-07,2.384185791015625e-07
9265,4.76837158203125e-07,4.76837158203125e-07,2.384185791015625e-07
9266,4.76837158203125e-07,4.76837158203125e-07,0.0
9267,4.76837158203125e-07,4.76837158203125e-07,2.384185791015625e-07
9268,4.76837158203125e-07,4.76837158203125e-07,0.0
9269,4.76837158203125e-07,7.152557373046875e-07,2.384185791015625e-07
9270,4.76837158203125e-07,4.76837158203125e-07,2.384185791015625e-07
9271,7.152557373046875e-07,4.76837158203125e-07,0.0
9272,4.76837158203125e-07,4.76837158203125e-07,2.384185791015625e-07
9273,7.152557373046875e-07,4.76837158203125e-07,2.384185791015625e-07
9274,9.5367431640625e-07,4.76837158203125e-07,0.0
9275,4.76837158203125e-07,7.152557373046875e-07,2.384185791015625e-07
9276,4.76837158203125e-07,7.152557373046875e-07,2.384185791015625e-07
9277,4.76837158203125e-07,7.152557373046875e-07,2.384185791015625e-07
9278,7.152557373046875e-07,4.76837158203125e-07,2.384185791015625e-07
9279,7.152557373046875e-07,4.76837158203125e-07,0.0
9280,7.152557373046875e-07,4.76837158203125e-07,2.384185791015625e-07
9281,4.76837158203125e-07,4.76837158203125e-07,2.384185791015625e-07
9282,4.76837158203125e-07,4.76837158203125e-07,0.0
9283,4.76837158203125e-07,9.5367431640625e-07,2.384185791015625e-07
9284,4.76837158203125e-07,7.152557373046875e-07,2.384185791015625e-07
9285,7.152557373046875e-07,7.152557373046875e-07,0.0
9286,4.76837158203125e-07,4.76837158203125e-07,2.384185791015625e-07
9287,4.76837158203125e-07,7.152557373046875e-07,0.0
9288,7.152557373046875e-07,4.76837158203125e-07,2.384185791015625e-07
9289,7.152557373046875e-07,4.76837158203125e-07,2.384185791015625e-07
9290,4.76837158203125e-07,4.76837158203125e-07,0.0
9291,7.152557373046875e-07,4.76837158203125e-07,2.384185791015625e-07
9292,7.152557373046875e-07,4.76837158203125e-07,2.384185791015625e-07
9293,4.76837158203125e-07,4.76837158203125e-07,0.0
9294,4.76837158203125e-07,4.76837158203125e-07,2.384185791015625e-07
9295,4.76837158203125e-07,7.152557373046875e-07,2.384185791015625e-07
9296,4.76837158203125e-07,4.76837158203125e-07,2.384185791015625e-07
9297,4.76837158203125e-07,7.152557373046875e-07,2.384185791015625e-07
9298,4.76837158203125e-07,7.152557373046875e-07,0.0
9299,7.152557373046875e-07,7.152557373046875e-07,4.76837158203125e-07
9300,4.76837158203125e-07,7.152557373046875e-07,2.384185791015625e-07
9301,4.76837158203125e-07,4.76837158203125e-07,0.0
9302,4.76837158203125e-07,4.76837158203125e-07,2.384185791015625e-07
9303,4.76837158203125e-07,7.152557373046875e-07,2.384185791015625e-07
9304,4.76837158203125e-07,4.76837158203125e-07,0.0
9305,7.152557373046875e-07,7.152557373046875e-07,2.384185791015625e-07
9306,9.5367431640625e-07,4.76837158203125e-07,0.0
9307,4.76837158203125e-07,9.5367431640625e-07,2.384185791015625e-07
9308,4.76837158203125e-07,7.152557373046875e-07,2.384185791015625e-07
9309,9.5367431640625e-07,9.5367431640625e-07,2.384185791015625e-07
9310,7.152557373046875e-07,9.5367431640625e-07,0.0
9311,7.152557373046875e-07,4.76837158203125e-07,2.384185791015625e-07
9312,4.76837158203125e-07,4.76837158203125e-07,0.0
9313,4.76837158203125e-07,4.76837158203125e-07,2.384185791015625e-07
9314,7.152557373046875e-07,4.76837158203125e-07,2.384185791015625e-07
9315,4.76837158203125e-07,4.76837158203125e-07,0.0
9316,7.152557373046875e-07,7.152557373046875e-07,2.384185791015625e-07
9317,4.76837158203125e-07,4.76837158203125e-07,2.384185791015625e-07
9318,4.76837158203125e-07,7.152557373046875e-07,2.384185791015625e-07
9319,4.76837158203125e-07,7.152557373046875e-07,2.384185791015625e-07
9320,4.76837158203125e-07,4.76837158203125e-07,2.384185791015625e-07
9321,4.76837158203125e-07,7.152557373046875e-07,0.0
9322,4.76837158203125e-07,4.76837158203125e-07,2.384185791015625e-07
9323,7.152557373046875e-07,7.152557373046875e-07,4.76837158203125e-07
9324,4.76837158203125e-07,7.152557373046875e-07,2.384185791015625e-07
9325,4.76837158203125e-07,7.152557373046875e-07,2.384185791015625e-07
9326,4.76837158203125e-07,7.152557373046875e-07,0.0
9327,4.76837158203125e-07,7.152557373046875e-07,2.384185791015625e-07
9328,4.76837158203125e-07,7.152557373046875e-07,2.384185791015625e-07
9329,4.76837158203125e-07,7.152557373046875e-07,2.384185791015625e-07
9330,7.152557373046875e-07,7.152557373046875e-07,2.384185791015625e-07
9331,7.152557373046875e-07,9.5367431640625e-07,4.76837158203125e-07
9332,7.152557373046875e-07,9.5367431640625e-07,0.0
9333,4.76837158203125e-07,9.5367431640625e-07,2.384185791015625e-07
9334,7.152557373046875e-07,7.152557373046875e-07,2.384185791015625e-07
9335,4.76837158203125e-07,7.152557373046875e-07,2.384185791015625e-07
9336,4.76837158203125e-07,7.152557373046875e-07,2.384185791015625e-07
9337,7.152557373046875e-07,7.152557373046875e-07,2.384185791015625e-07
9338,4.76837158203125e-07,4.76837158203125e-07,2.384185791015625e-07
9339,4.76837158203125e-07,4.76837158203125e-07,4.76837158203125e-07
9340,4.76837158203125e-07,7.152557373046875e-07,0.0
9341,7.152557373046875e-07,7.152557373046875e-07,2.384185791015625e-07
9342,7.152557373046875e-07,7.152557373046875e-07,2.384185791015625e-07
9343,4.76837158203125e-07,4.76837158203125e-07,0.0
9344,7.152557373046875e-07,4.76837158203125e-07,2.384185791015625e-07
9345,4.76837158203125e-07,4.76837158203125e-07,2.384185791015625e-07
9346,4.76837158203125e-07,4.76837158203125e-07,2.384185791015625e-07
9347,4.76837158203125e-07,4.76837158203125e-07,4.76837158203125e-07
9348,4.76837158203125e-07,4.76837158203125e-07,0.0
9349,7.152557373046875e-07,4.76837158203125e-07,2.384185791015625e-07
9350,7.152557373046875e-07,4.76837158203125e-07,2.384185791015625e-07
9351,7.152557373046875e-07,4.76837158203125e-07,0.0
9352,7.152557373046875e-07,4.76837158203125e-07,2.384185791015625e-07
9353,4.76837158203125e-07,4.76837158203125e-07,2.384185791015625e-07
9354,9.5367431640625e-07,4.76837158203125e-07,0.0
9355,4.76837158203125e-07,9.5367431640625e-07,2.384185791015625e-07
9356,7.152557373046875e-07,4.76837158203125e-07,2.384185791015625e-07
9357,4.76837158203125e-07,7.152557373046875e-07,2.384185791015625e-07
9358,9.5367431640625e-07,7.152557373046875e-07,2.384185791015625e-07
9359,4.76837158203125e-07,9.5367431640625e-07,0.0
9360,4.76837158203125e-07,9.5367431640625e-07,2.384185791015625e-07
9361,7.152557373046875e-07,7.152557373046875e-07,2.384185791015625e-07
9362,4.76837158203125e-07,7.152557373046875e-07,0.0
9363,7.152557373046875e-07,4.76837158203125e-07,2.384185791015625e-07
9364,7.152557373046875e-07,4.76837158203125e-07,4.76837158203125e-07
9365,7.152557373046875e-07,4.76837158203125e-07,2.384185791015625e-07
9366,4.76837158203125e-07,4.76837158203125e-07,2.384185791015625e-07
9367,4.76837158203125e-07,4.76837158203125e-07,0.0
9368,7.152557373046875e-07,7.152557373046875e-07,2.384185791015625e-07
9369,4.76837158203125e-07,4.76837158203125e-07,2.384185791015625e-07
9370,4.76837158203125e-07,4.76837158203125e-07,0.0
9371,4.76837158203125e-07,4.76837158203125e-07,2.384185791015625e-07
9372,7.152557373046875e-07,4.76837158203125e-07,0.0
9373,4.76837158203125e-07,4.76837158203125e-07,2.384185791015625e-07
9374,4.76837158203125e-07,4.76837158203125e-07,2.384185791015625e-07
9375,7.152557373046875e-07,4.76837158203125e-07,0.0
9376,4.76837158203125e-07,7.152557373046875e-07,2.384185791015625e-07
9377,4.76837158203125e-07,7.152557373046875e-07,2.384185791015625e-07
9378,4.76837158203125e-07,4.76837158203125e-07,2.384185791015625e-07
9379,9.5367431640625e-07,4.76837158203125e-07,2.384185791015625e-07
9380,7.152557373046875e-07,4.76837158203125e-07,0.0
9381,7.152557373046875e-07,4.76837158203125e-07,4.76837158203125e-07
9382,4.76837158203125e-07,4.76837158203125e-07,2.384185791015625e-07
9383,4.76837158203125e-07,7.152557373046875e-07,2.384185791015625e-07
9384,4.76837158203125e-07,9.5367431640625e-07,2.384185791015625e-07
9385,4.76837158203125e-07,7.152557373046875e-07,2.384185791015625e-07
9386,4.76837158203125e-07,7.152557373046875e-07,2.384185791015625e-07
9387,4.76837158203125e-07,4.76837158203125e-07,2.384185791015625e-07
9388,4.76837158203125e-07,4.76837158203125e-07,4.76837158203125e-07
9389,9.5367431640625e-07,4.76837158203125e-07,2.384185791015625e-07
9390,4.76837158203125e-07,7.152557373046875e-07,2.384185791015625e-07
9391,4.76837158203125e-07,4.76837158203125e-07,0.0
9392,4.76837158203125e-07,4.76837158203125e-07,2.384185791015625e-07
9393,4.76837158203125e-07,4.76837158203125e-07,2.384185791015625e-07
9394,4.76837158203125e-07,4.76837158203125e-07,0.0
9395,4.76837158203125e-07,4.76837158203125e-07,2.384185791015625e-07
9396,9.5367431640625e-07,4.76837158203125e-07,0.0
9397,4.76837158203125e-07,4.76837158203125e-07,2.384185791015625e-07
9398,7.152557373046875e-07,4.76837158203125e-07,2.384185791015625e-07
9399,7.152557373046875e-07,4.76837158203125e-07,0.0
9400,7.152557373046875e-07,4.76837158203125e-07,2.384185791015625e-07
9401,4.76837158203125e-07,4.76837158203125e-07,0.0
9402,4.76837158203125e-07,4.76837158203125e-07,2.384185791015625e-07
9403,7.152557373046875e-07,4.76837158203125e-07,2.384185791015625e-07
9404,4.76837158203125e-07,4.76837158203125e-07,4.76837158203125e-07
9405,4.76837158203125e-07,7.152557373046875e-07,0.0
9406,4.76837158203125e-07,7.152557373046875e-07,2.384185791015625e-07
9407,4.76837158203125e-07,7.152557373046875e-07,2.384185791015625e-07
9408,4.76837158203125e-07,9.5367431640625e-07,0.0
9409,4.76837158203125e-07,4.76837158203125e-07,2.384185791015625e-07
9410,7.152557373046875e-07,9.5367431640625e-07,2.384185791015625e-07
9411,4.76837158203125e-07,7.152557373046875e-07,0.0
9412,7.152557373046875e-07,4.76837158203125e-07,2.384185791015625e-07
9413,7.152557373046875e-07,4.76837158203125e-07,0.0
9414,4.76837158203125e-07,4.76837158203125e-07,0.0
9415,4.76837158203125e-07,4.76837158203125e-07,2.384185791015625e-07
9416,4.76837158203125e-07,4.76837158203125e-07,2.384185791015625e-07
9417,4.76837158203125e-07,4.76837158203125e-07,2.384185791015625e-07
9418,4.76837158203125e-07,7.152557373046875e-07,2.384185791015625e-07
9419,4.76837158203125e-07,4.76837158203125e-07,0.0
9420,7.152557373046875e-07,4.76837158203125e-07,2.384185791015625e-07
9421,7.152557373046875e-07,4.76837158203125e-07,2.384185791015625e-07
9422,4.76837158203125e-07,4.76837158203125e-07,0.0
9423,4.76837158203125e-07,4.76837158203125e-07,2.384185791015625e-07
9424,4.76837158203125e-07,4.76837158203125e-07,0.0
9425,4.76837158203125e-07,4.76837158203125e-07,2.384185791015625e-07
9426,4.76837158203125e-07,4.76837158203125e-07,2.384185791015625e-07
9427,7.152557373046875e-07,4.76837158203125e-07,0.0
9428,4.76837158203125e-07,4.76837158203125e-07,2.384185791015625e-07
9429,7.152557373046875e-07,4.76837158203125e-07,4.76837158203125e-07
9430,7.152557373046875e-07,4.76837158203125e-07,2.384185791015625e-07
9431,4.76837158203125e-07,7.152557373046875e-07,2.384185791015625e-07
9432,4.76837158203125e-07,7.152557373046875e-07,2.384185791015625e-07
9433,4.76837158203125e-07,9.5367431640625e-07,2.384185791015625e-07
9434,7.152557373046875e-07,9.5367431640625e-07,2.384185791015625e-07
9435,4.76837158203125e-07,4.76837158203125e-07,0.0
9436,4.76837158203125e-07,4.76837158203125e-07,2.384185791015625e-07
9437,4.76837158203125e-07,4.76837158203125e-07,2.384185791015625e-07
9438,4.76837158203125e-07,4.76837158203125e-07,0.0
9439,4.76837158203125e-07,4.76837158203125e-07,2.384185791015625e-07
9440,4.76837158203125e-07,4.76837158203125e-07,2.384185791015625e-07
9441,7.152557373046875e-07,4.76837158203125e-07,0.0
9442,7.152557373046875e-07,4.76837158203125e-07,2.384185791015625e-07
9443,4.76837158203125e-07,4.76837158203125e-07,2.384185791015625e-07
9444,7.152557373046875e-07,4.76837158203125e-07,2.384185791015625e-07
9445,4.76837158203125e-07,4.76837158203125e-07,2.384185791015625e-07
9446,4.76837158203125e-07,4.76837158203125e-07,0.0
9447,4.76837158203125e-07,4.76837158203125e-07,2.384185791015625e-07
9448,9.5367431640625e-07,7.152557373046875e-07,2.384185791015625e-07
9449,4.76837158203125e-07,4.76837158203125e-07,0.0
9450,4.76837158203125e-07,7.152557373046875e-07,2.384185791015625e-07
9451,4.76837158203125e-07,7.152557373046875e-07,2.384185791015625e-07
9452,4.76837158203125e-07,7.152557373046875e-07,0.0
9453,7.152557373046875e-07,4.76837158203125e-07,2.384185791015625e-07
9454,7.152557373046875e-07,4.76837158203125e-07,2.384185791015625e-07
9455,4.76837158203125e-07,4.76837158203125e-07,2.384185791015625e-07
9456,7.152557373046875e-07,4.76837158203125e-07,2.384185791015625e-07
9457,4.76837158203125e-07,9.5367431640625e-07,2.384185791015625e-07
9458,7.152557373046875e-07,7.152557373046875e-07,2.384185791015625e-07
9459,4.76837158203125e-07,4.76837158203125e-07,4.76837158203125e-07
9460,4.76837158203125e-07,4.76837158203125e-07,2.384185791015625e-07
9461,4.76837158203125e-07,4.76837158203125e-07,2.384185791015625e-07
9462,4.76837158203125e-07,4.76837158203125e-07,0.0
9463,7.152557373046875e-07,4.76837158203125e-07,2.384185791015625e-07
9464,4.76837158203125e-07,4.76837158203125e-07,2.384185791015625e-07
9465,9.5367431640625e-07,7.152557373046875e-07,2.384185791015625e-07
9466,4.76837158203125e-07,4.76837158203125e-07,2.384185791015625e-07
9467,4.76837158203125e-07,4.76837158203125e-07,2.384185791015625e-07
9468,4.76837158203125e-07,4.76837158203125e-07,0.0
9469,4.76837158203125e-07,4.76837158203125e-07,2.384185791015625e-07
9470,4.76837158203125e-07,4.76837158203125e-07,0.0
9471,4.76837158203125e-07,4.76837158203125e-07,2.384185791015625e-07
9472,7.152557373046875e-07,4.76837158203125e-07,2.384185791015625e-07
9473,4.76837158203125e-07,4.76837158203125e-07,2.384185791015625e-07
9474,4.76837158203125e-07,7.152557373046875e-07,2.384185791015625e-07
9475,4.76837158203125e-07,4.76837158203125e-07,4.76837158203125e-07
9476,4.76837158203125e-07,4.76837158203125e-07,0.0
9477,4.76837158203125e-07,4.76837158203125e-07,0.0
9478,4.76837158203125e-07,4.76837158203125e-07,2.384185791015625e-07
9479,7.152557373046875e-07,7.152557373046875e-07,2.384185791015625e-07
9480,4.76837158203125e-07,7.152557373046875e-07,2.384185791015625e-07
9481,4.76837158203125e-07,9.5367431640625e-07,2.384185791015625e-07
9482,4.76837158203125e-07,7.152557373046875e-07,0.0
9483,4.76837158203125e-07,7.152557373046875e-07,2.384185791015625e-07
9484,4.76837158203125e-07,7.152557373046875e-07,2.384185791015625e-07
9485,4.76837158203125e-07,7.152557373046875e-07,2.384185791015625e-07
9486,4.76837158203125e-07,7.152557373046875e-07,2.384185791015625e-07
9487,7.152557373046875e-07,7.152557373046875e-07,2.384185791015625e-07
9488,7.152557373046875e-07,4.76837158203125e-07,0.0
9489,4.76837158203125e-07,4.76837158203125e-07,2.384185791015625e-07
9490,4.76837158203125e-07,4.76837158203125e-07,0.0
9491,4.76837158203125e-07,4.76837158203125e-07,0.0
9492,4.76837158203125e-07,7.152557373046875e-07,2.384185791015625e-07
9493,7.152557373046875e-07,4.76837158203125e-07,2.384185791015625e-07
9494,4.76837158203125e-07,4.76837158203125e-07,0.0
9495,4.76837158203125e-07,7.152557373046875e-07,2.384185791015625e-07
9496,7.152557373046875e-07,7.152557373046875e-07,2.384185791015625e-07
9497,4.76837158203125e-07,4.76837158203125e-07,2.384185791015625e-07
9498,4.76837158203125e-07,7.152557373046875e-07,0.0
9499,4.76837158203125e-07,4.76837158203125e-07,2.384185791015625e-07
9500,9.5367431640625e-07,4.76837158203125e-07,2.384185791015625e-07
9501,7.152557373046875e-07,7.152557373046875e-07,2.384185791015625e-07
9502,7.152557373046875e-07,9.5367431640625e-07,2.384185791015625e-07
9503,7.152557373046875e-07,4.76837158203125e-07,2.384185791015625e-07
9504,4.76837158203125e-07,7.152557373046875e-07,2.384185791015625e-07
9505,4.76837158203125e-07,7.152557373046875e-07,2.384185791015625e-07
9506,4.76837158203125e-07,7.152557373046875e-07,2.384185791015625e-07
9507,4.76837158203125e-07,7.152557373046875e-07,2.384185791015625e-07
9508,4.76837158203125e-07,4.76837158203125e-07,2.384185791015625e-07
9509,7.152557373046875e-07,7.152557373046875e-07,4.76837158203125e-07
9510,9.5367431640625e-07,7.152557373046875e-07,2.384185791015625e-07
9511,4.76837158203125e-07,4.76837158203125e-07,2.384185791015625e-07
9512,7.152557373046875e-07,4.76837158203125e-07,2.384185791015625e-07
9513,4.76837158203125e-07,4.76837158203125e-07,2.384185791015625e-07
9514,4.76837158203125e-07,4.76837158203125e-07,2.384185791015625e-07
9515,4.76837158203125e-07,4.76837158203125e-07,2.384185791015625e-07
9516,4.76837158203125e-07,4.76837158203125e-07,2.384185791015625e-07
9517,7.152557373046875e-07,4.76837158203125e-07,4.76837158203125e-07
9518,4.76837158203125e-07,7.152557373046875e-07,2.384185791015625e-07
9519,4.76837158203125e-07,4.76837158203125e-07,2.384185791015625e-07
9520,7.152557373046875e-07,4.76837158203125e-07,2.384185791015625e-07
9521,4.76837158203125e-07,4.76837158203125e-07,2.384185791015625e-07
9522,4.76837158203125e-07,4.76837158203125e-07,0.0
9523,4.76837158203125e-07,4.76837158203125e-07,2.384185791015625e-07
9524,7.152557373046875e-07,4.76837158203125e-07,0.0
9525,4.76837158203125e-07,7.152557373046875e-07,2.384185791015625e-07
9526,4.76837158203125e-07,7.152557373046875e-07,2.384185791015625e-07
9527,4.76837158203125e-07,4.76837158203125e-07,0.0
9528,4.76837158203125e-07,4.76837158203125e-07,2.384185791015625e-07
9529,4.76837158203125e-07,4.76837158203125e-07,2.384185791015625e-07
9530,4.76837158203125e-07,4.76837158203125e-07,0.0
9531,7.152557373046875e-07,4.76837158203125e-07,2.384185791015625e-07
9532,4.76837158203125e-07,7.152557373046875e-07,2.384185791015625e-07
9533,4.76837158203125e-07,4.76837158203125e-07,0.0
9534,4.76837158203125e-07,4.76837158203125e-07,2.384185791015625e-07
9535,4.76837158203125e-07,7.152557373046875e-07,2.384185791015625e-07
9536,4.76837158203125e-07,7.152557373046875e-07,2.384185791015625e-07
9537,4.76837158203125e-07,4.76837158203125e-07,2.384185791015625e-07
9538,7.152557373046875e-07,7.152557373046875e-07,0.0
9539,7.152557373046875e-07,7.152557373046875e-07,2.384185791015625e-07
9540,7.152557373046875e-07,4.76837158203125e-07,2.384185791015625e-07
9541,4.76837158203125e-07,7.152557373046875e-07,4.76837158203125e-07
9542,7.152557373046875e-07,4.76837158203125e-07,0.0
9543,4.76837158203125e-07,4.76837158203125e-07,2.384185791015625e-07
9544,4.76837158203125e-07,4.76837158203125e-07,2.384185791015625e-07
9545,7.152557373046875e-07,7.152557373046875e-07,0.0
9546,4.76837158203125e-07,7.152557373046875e-07,2.384185791015625e-07
9547,4.76837158203125e-07,1.1920928955078125e-06,2.384185791015625e-07
9548,7.152557373046875e-07,9.5367431640625e-07,0.0
9549,4.76837158203125e-07,9.5367431640625e-07,2.384185791015625e-07
9550,4.76837158203125e-07,7.152557373046875e-07,2.384185791015625e-07
9551,4.76837158203125e-07,4.76837158203125e-07,0.0
9552,4.76837158203125e-07,4.76837158203125e-07,2.384185791015625e-07
9553,4.76837158203125e-07,4.76837158203125e-07,0.0
9554,4.76837158203125e-07,7.152557373046875e-07,2.384185791015625e-07
9555,7.152557373046875e-07,7.152557373046875e-07,2.384185791015625e-07
9556,4.76837158203125e-07,7.152557373046875e-07,0.0
9557,4.76837158203125e-07,4.76837158203125e-07,2.384185791015625e-07
9558,7.152557373046875e-07,4.76837158203125e-07,2.384185791015625e-07
9559,4.76837158203125e-07,4.76837158203125e-07,0.0
9560,4.76837158203125e-07,4.76837158203125e-07,2.384185791015625e-07
9561,4.76837158203125e-07,4.76837158203125e-07,0.0
9562,4.76837158203125e-07,4.76837158203125e-07,2.384185791015625e-07
9563,4.76837158203125e-07,4.76837158203125e-07,2.384185791015625e-07
9564,4.76837158203125e-07,7.152557373046875e-07,0.0
9565,7.152557373046875e-07,4.76837158203125e-07,2.384185791015625e-07
9566,4.76837158203125e-07,4.76837158203125e-07,4.76837158203125e-07
9567,7.152557373046875e-07,4.76837158203125e-07,0.0
9568,7.152557373046875e-07,4.76837158203125e-07,2.384185791015625e-07
9569,4.76837158203125e-07,4.76837158203125e-07,2.384185791015625e-07
9570,4.76837158203125e-07,4.76837158203125e-07,0.0
9571,4.76837158203125e-07,7.152557373046875e-07,2.384185791015625e-07
9572,7.152557373046875e-07,9.5367431640625e-07,2.384185791015625e-07
9573,4.76837158203125e-07,4.76837158203125e-07,0.0
9574,4.76837158203125e-07,7.152557373046875e-07,4.76837158203125e-07
9575,4.76837158203125e-07,4.76837158203125e-07,2.384185791015625e-07
9576,4.76837158203125e-07,7.152557373046875e-07,0.0
9577,4.76837158203125e-07,4.76837158203125e-07,2.384185791015625e-07
9578,7.152557373046875e-07,7.152557373046875e-07,2.384185791015625e-07
9579,9.5367431640625e-07,7.152557373046875e-07,2.384185791015625e-07
9580,7.152557373046875e-07,7.152557373046875e-07,2.384185791015625e-07
9581,4.76837158203125e-07,7.152557373046875e-07,0.0
9582,4.76837158203125e-07,7.152557373046875e-07,2.384185791015625e-07
9583,4.76837158203125e-07,4.76837158203125e-07,2.384185791015625e-07
9584,4.76837158203125e-07,4.76837158203125e-07,0.0
9585,4.76837158203125e-07,7.152557373046875e-07,2.384185791015625e-07
9586,7.152557373046875e-07,7.152557373046875e-07,2.384185791015625e-07
9587,7.152557373046875e-07,4.76837158203125e-07,2.384185791015625e-07
9588,7.152557373046875e-07,4.76837158203125e-07,2.384185791015625e-07
9589,4.76837158203125e-07,4.76837158203125e-07,2.384185791015625e-07
9590,4.76837158203125e-07,7.152557373046875e-07,0.0
9591,4.76837158203125e-07,7.152557373046875e-07,2.384185791015625e-07
9592,4.76837158203125e-07,4.76837158203125e-07,2.384185791015625e-07
9593,7.152557373046875e-07,4.76837158203125e-07,0.0
9594,4.76837158203125e-07,4.76837158203125e-07,2.384185791015625e-07
9595,4.76837158203125e-07,7.152557373046875e-07,2.384185791015625e-07
9596,7.152557373046875e-07,4.76837158203125e-07,2.384185791015625e-07
9597,7.152557373046875e-07,4.76837158203125e-07,2.384185791015625e-07
9598,7.152557373046875e-07,4.76837158203125e-07,0.0
9599,7.152557373046875e-07,4.76837158203125e-07,4.76837158203125e-07
9600,9.5367431640625e-07,4.76837158203125e-07,2.384185791015625e-07
9601,4.76837158203125e-07,7.152557373046875e-07,0.0
9602,4.76837158203125e-07,4.76837158203125e-07,2.384185791015625e-07
9603,7.152557373046875e-07,4.76837158203125e-07,2.384185791015625e-07
9604,4.76837158203125e-07,4.76837158203125e-07,0.0
9605,7.152557373046875e-07,4.76837158203125e-07,2.384185791015625e-07
9606,4.76837158203125e-07,7.152557373046875e-07,2.384185791015625e-07
9607,4.76837158203125e-07,4.76837158203125e-07,4.76837158203125e-07
9608,4.76837158203125e-07,4.76837158203125e-07,2.384185791015625e-07
9609,4.76837158203125e-07,4.76837158203125e-07,0.0
9610,7.152557373046875e-07,7.152557373046875e-07,2.384185791015625e-07
9611,7.152557373046875e-07,9.5367431640625e-07,2.384185791015625e-07
9612,7.152557373046875e-07,9.5367431640625e-07,0.0
9613,4.76837158203125e-07,4.76837158203125e-07,2.384185791015625e-07
9614,4.76837158203125e-07,4.76837158203125e-07,2.384185791015625e-07
9615,4.76837158203125e-07,4.76837158203125e-07,0.0
9616,4.76837158203125e-07,4.76837158203125e-07,2.384185791015625e-07
9617,7.152557373046875e-07,4.76837158203125e-07,2.384185791015625e-07
9618,4.76837158203125e-07,4.76837158203125e-07,2.384185791015625e-07
9619,4.76837158203125e-07,4.76837158203125e-07,2.384185791015625e-07
9620,9.5367431640625e-07,4.76837158203125e-07,0.0
9621,4.76837158203125e-07,4.76837158203125e-07,2.384185791015625e-07
9622,4.76837158203125e-07,4.76837158203125e-07,2.384185791015625e-07
9623,4.76837158203125e-07,4.76837158203125e-07,0.0
9624,7.152557373046875e-07,4.76837158203125e-07,4.76837158203125e-07
9625,4.76837158203125e-07,4.76837158203125e-07,0.0
9626,4.76837158203125e-07,4.76837158203125e-07,2.384185791015625e-07
9627,7.152557373046875e-07,4.76837158203125e-07,2.384185791015625e-07
9628,4.76837158203125e-07,4.76837158203125e-07,0.0
9629,4.76837158203125e-07,4.76837158203125e-07,2.384185791015625e-07
9630,4.76837158203125e-07,7.152557373046875e-07,2.384185791015625e-07
9631,9.5367431640625e-07,9.5367431640625e-07,0.0
9632,7.152557373046875e-07,7.152557373046875e-07,4.76837158203125e-07
9633,4.76837158203125e-07,7.152557373046875e-07,2.384185791015625e-07
9634,4.76837158203125e-07,9.5367431640625e-07,2.384185791015625e-07
9635,4.76837158203125e-07,4.76837158203125e-07,2.384185791015625e-07
9636,4.76837158203125e-07,4.76837158203125e-07,2.384185791015625e-07
9637,4.76837158203125e-07,4.76837158203125e-07,0.0
9638,7.152557373046875e-07,7.152557373046875e-07,2.384185791015625e-07
9639,4.76837158203125e-07,4.76837158203125e-07,2.384185791015625e-07
9640,7.152557373046875e-07,7.152557373046875e-07,0.0
9641,7.152557373046875e-07,7.152557373046875e-07,2.384185791015625e-07
9642,4.76837158203125e-07,4.76837158203125e-07,2.384185791015625e-07
9643,4.76837158203125e-07,4.76837158203125e-07,0.0
9644,4.76837158203125e-07,7.152557373046875e-07,2.384185791015625e-07
9645,7.152557373046875e-07,4.76837158203125e-07,2.384185791015625e-07
9646,4.76837158203125e-07,7.152557373046875e-07,2.384185791015625e-07
9647,7.152557373046875e-07,4.76837158203125e-07,2.384185791015625e-07
9648,9.5367431640625e-07,4.76837158203125e-07,0.0
9649,4.76837158203125e-07,4.76837158203125e-07,2.384185791015625e-07
9650,4.76837158203125e-07,4.76837158203125e-07,2.384185791015625e-07
9651,4.76837158203125e-07,4.76837158203125e-07,0.0
9652,4.76837158203125e-07,4.76837158203125e-07,0.0
9653,4.76837158203125e-07,7.152557373046875e-07,2.384185791015625e-07
9654,4.76837158203125e-07,9.5367431640625e-07,0.0
9655,7.152557373046875e-07,4.76837158203125e-07,2.384185791015625e-07
9656,4.76837158203125e-07,4.76837158203125e-07,2.384185791015625e-07
9657,4.76837158203125e-07,4.76837158203125e-07,0.0
9658,4.76837158203125e-07,4.76837158203125e-07,2.384185791015625e-07
9659,4.76837158203125e-07,4.76837158203125e-07,2.384185791015625e-07
9660,4.76837158203125e-07,4.76837158203125e-07,0.0
9661,4.76837158203125e-07,4.76837158203125e-07,2.384185791015625e-07
9662,7.152557373046875e-07,4.76837158203125e-07,2.384185791015625e-07
9663,7.152557373046875e-07,4.76837158203125e-07,0.0
9664,7.152557373046875e-07,4.76837158203125e-07,2.384185791015625e-07
9665,4.76837158203125e-07,4.76837158203125e-07,2.384185791015625e-07
9666,4.76837158203125e-07,4.76837158203125e-07,2.384185791015625e-07
9667,4.76837158203125e-07,4.76837158203125e-07,2.384185791015625e-07
9668,4.76837158203125e-07,4.76837158203125e-07,0.0
9669,7.152557373046875e-07,4.76837158203125e-07,2.384185791015625e-07
9670,4.76837158203125e-07,4.76837158203125e-07,2.384185791015625e-07
9671,4.76837158203125e-07,4.76837158203125e-07,0.0
9672,4.76837158203125e-07,4.76837158203125e-07,2.384185791015625e-07
9673,4.76837158203125e-07,4.76837158203125e-07,0.0
9674,4.76837158203125e-07,7.152557373046875e-07,2.384185791015625e-07
9675,7.152557373046875e-07,4.76837158203125e-07,2.384185791015625e-07
9676,9.5367431640625e-07,4.76837158203125e-07,0.0
9677,4.76837158203125e-07,4.76837158203125e-07,2.384185791015625e-07
9678,4.76837158203125e-07,9.5367431640625e-07,2.384185791015625e-07
9679,4.76837158203125e-07,7.152557373046875e-07,0.0
9680,4.76837158203125e-07,7.152557373046875e-07,2.384185791015625e-07
9681,4.76837158203125e-07,4.76837158203125e-07,2.384185791015625e-07
9682,4.76837158203125e-07,4.76837158203125e-07,4.76837158203125e-07
9683,9.5367431640625e-07,7.152557373046875e-07,2.384185791015625e-07
9684,4.76837158203125e-07,4.76837158203125e-07,0.0
9685,4.76837158203125e-07,7.152557373046875e-07,2.384185791015625e-07
9686,4.76837158203125e-07,4.76837158203125e-07,2.384185791015625e-07
9687,4.76837158203125e-07,4.76837158203125e-07,0.0
9688,4.76837158203125e-07,4.76837158203125e-07,2.384185791015625e-07
9689,4.76837158203125e-07,7.152557373046875e-07,2.384185791015625e-07
9690,4.76837158203125e-07,4.76837158203125e-07,0.0
9691,4.76837158203125e-07,7.152557373046875e-07,2.384185791015625e-07
9692,4.76837158203125e-07,4.76837158203125e-07,0.0
9693,7.152557373046875e-07,4.76837158203125e-07,2.384185791015625e-07
9694,4.76837158203125e-07,7.152557373046875e-07,2.384185791015625e-07
9695,4.76837158203125e-07,7.152557373046875e-07,2.384185791015625e-07
9696,4.76837158203125e-07,7.152557373046875e-07,2.384185791015625e-07
9697,7.152557373046875e-07,4.76837158203125e-07,0.0
9698,7.152557373046875e-07,7.152557373046875e-07,2.384185791015625e-07
9699,4.76837158203125e-07,4.76837158203125e-07,2.384185791015625e-07
9700,9.5367431640625e-07,7.152557373046875e-07,0.0
9701,4.76837158203125e-07,9.5367431640625e-07,2.384185791015625e-07
9702,4.76837158203125e-07,9.5367431640625e-07,2.384185791015625e-07
9703,4.76837158203125e-07,4.76837158203125e-07,0.0
9704,4.76837158203125e-07,4.76837158203125e-07,2.384185791015625e-07
9705,4.76837158203125e-07,4.76837158203125e-07,2.384185791015625e-07
9706,4.76837158203125e-07,4.76837158203125e-07,2.384185791015625e-07
9707,4.76837158203125e-07,4.76837158203125e-07,2.384185791015625e-07
9708,4.76837158203125e-07,7.152557373046875e-07,2.384185791015625e-07
9709,7.152557373046875e-07,4.76837158203125e-07,2.384185791015625e-07
9710,7.152557373046875e-07,7.152557373046875e-07,2.384185791015625e-07
9711,4.76837158203125e-07,4.76837158203125e-07,0.0
9712,4.76837158203125e-07,4.76837158203125e-07,2.384185791015625e-07
9713,4.76837158203125e-07,4.76837158203125e-07,2.384185791015625e-07
9714,4.76837158203125e-07,4.76837158203125e-07,0.0
9715,4.76837158203125e-07,4.76837158203125e-07,4.76837158203125e-07
9716,4.76837158203125e-07,4.76837158203125e-07,2.384185791015625e-07
9717,9.5367431640625e-07,4.76837158203125e-07,2.384185791015625e-07
9718,7.152557373046875e-07,4.76837158203125e-07,2.384185791015625e-07
9719,4.76837158203125e-07,9.5367431640625e-07,2.384185791015625e-07
9720,4.76837158203125e-07,9.5367431640625e-07,2.384185791015625e-07
9721,7.152557373046875e-07,9.5367431640625e-07,2.384185791015625e-07
9722,4.76837158203125e-07,7.152557373046875e-07,0.0
9723,4.76837158203125e-07,4.76837158203125e-07,4.76837158203125e-07
9724,7.152557373046875e-07,7.152557373046875e-07,2.384185791015625e-07
9725,4.76837158203125e-07,4.76837158203125e-07,0.0
9726,4.76837158203125e-07,7.152557373046875e-07,2.384185791015625e-07
9727,4.76837158203125e-07,7.152557373046875e-07,2.384185791015625e-07
9728,7.152557373046875e-07,7.152557373046875e-07,0.0
9729,4.76837158203125e-07,4.76837158203125e-07,2.384185791015625e-07
9730,4.76837158203125e-07,4.76837158203125e-07,2.384185791015625e-07
9731,7.152557373046875e-07,4.76837158203125e-07,0.0
9732,4.76837158203125e-07,4.76837158203125e-07,2.384185791015625e-07
9733,7.152557373046875e-07,4.76837158203125e-07,0.0
9734,4.76837158203125e-07,4.76837158203125e-07,0.0
9735,7.152557373046875e-07,4.76837158203125e-07,2.384185791015625e-07
9736,4.76837158203125e-07,4.76837158203125e-07,2.384185791015625e-07
9737,4.76837158203125e-07,4.76837158203125e-07,2.384185791015625e-07
9738,7.152557373046875e-07,4.76837158203125e-07,2.384185791015625e-07
9739,4.76837158203125e-07,7.152557373046875e-07,4.76837158203125e-07
9740,4.76837158203125e-07,4.76837158203125e-07,2.384185791015625e-07
9741,4.76837158203125e-07,9.5367431640625e-07,0.0
9742,4.76837158203125e-07,9.5367431640625e-07,2.384185791015625e-07
9743,4.76837158203125e-07,7.152557373046875e-07,2.384185791015625e-07
9744,4.76837158203125e-07,7.152557373046875e-07,0.0
9745,7.152557373046875e-07,4.76837158203125e-07,2.384185791015625e-07
9746,4.76837158203125e-07,4.76837158203125e-07,0.0
9747,4.76837158203125e-07,4.76837158203125e-07,4.76837158203125e-07
9748,4.76837158203125e-07,4.76837158203125e-07,2.384185791015625e-07
9749,4.76837158203125e-07,4.76837158203125e-07,0.0
9750,4.76837158203125e-07,4.76837158203125e-07,0.0
9751,7.152557373046875e-07,4.76837158203125e-07,0.0
9752,7.152557373046875e-07,7.152557373046875e-07,0.0
9753,7.152557373046875e-07,4.76837158203125e-07,2.384185791015625e-07
9754,4.76837158203125e-07,4.76837158203125e-07,4.76837158203125e-07
9755,4.76837158203125e-07,4.76837158203125e-07,2.384185791015625e-07
9756,4.76837158203125e-07,4.76837158203125e-07,2.384185791015625e-07
9757,4.76837158203125e-07,4.76837158203125e-07,2.384185791015625e-07
9758,4.76837158203125e-07,4.76837158203125e-07,2.384185791015625e-07
9759,7.152557373046875e-07,4.76837158203125e-07,2.384185791015625e-07
9760,4.76837158203125e-07,4.76837158203125e-07,2.384185791015625e-07
9761,4.76837158203125e-07,4.76837158203125e-07,4.76837158203125e-07
9762,4.76837158203125e-07,4.76837158203125e-07,2.384185791015625e-07
9763,7.152557373046875e-07,7.152557373046875e-07,2.384185791015625e-07
9764,7.152557373046875e-07,4.76837158203125e-07,2.384185791015625e-07
9765,7.152557373046875e-07,7.152557373046875e-07,2.384185791015625e-07
9766,7.152557373046875e-07,7.152557373046875e-07,2.384185791015625e-07
9767,4.76837158203125e-07,9.5367431640625e-07,2.384185791015625e-07
9768,4.76837158203125e-07,9.5367431640625e-07,2.384185791015625e-07
9769,4.76837158203125e-07,7.152557373046875e-07,0.0
9770,4.76837158203125e-07,7.152557373046875e-07,2.384185791015625e-07
9771,4.76837158203125e-07,7.152557373046875e-07,2.384185791015625e-07
9772,4.76837158203125e-07,7.152557373046875e-07,0.0
9773,9.5367431640625e-07,4.76837158203125e-07,2.384185791015625e-07
9774,7.152557373046875e-07,4.76837158203125e-07,2.384185791015625e-07
9775,4.76837158203125e-07,4.76837158203125e-07,2.384185791015625e-07
9776,7.152557373046875e-07,7.152557373046875e-07,2.384185791015625e-07
9777,4.76837158203125e-07,4.76837158203125e-07,4.76837158203125e-07
9778,4.76837158203125e-07,4.76837158203125e-07,2.384185791015625e-07
9779,4.76837158203125e-07,4.76837158203125e-07,0.0
9780,7.152557373046875e-07,4.76837158203125e-07,2.384185791015625e-07
9781,4.76837158203125e-07,4.76837158203125e-07,0.0
9782,4.76837158203125e-07,4.76837158203125e-07,2.384185791015625e-07
9783,7.152557373046875e-07,4.76837158203125e-07,2.384185791015625e-07
9784,7.152557373046875e-07,7.152557373046875e-07,2.384185791015625e-07
9785,4.76837158203125e-07,4.76837158203125e-07,0.0
9786,4.76837158203125e-07,4.76837158203125e-07,2.384185791015625e-07
9787,7.152557373046875e-07,4.76837158203125e-07,2.384185791015625e-07
9788,4.76837158203125e-07,4.76837158203125e-07,0.0
9789,4.76837158203125e-07,7.152557373046875e-07,2.384185791015625e-07
9790,4.76837158203125e-07,4.76837158203125e-07,2.384185791015625e-07
9791,4.76837158203125e-07,7.152557373046875e-07,0.0
9792,4.76837158203125e-07,9.5367431640625e-07,2.384185791015625e-07
9793,4.76837158203125e-07,7.152557373046875e-07,4.76837158203125e-07
9794,7.152557373046875e-07,7.152557373046875e-07,0.0
9795,4.76837158203125e-07,4.76837158203125e-07,2.384185791015625e-07
9796,4.76837158203125e-07,4.76837158203125e-07,2.384185791015625e-07
9797,4.76837158203125e-07,4.76837158203125e-07,0.0
9798,7.152557373046875e-07,4.76837158203125e-07,2.384185791015625e-07
9799,4.76837158203125e-07,4.76837158203125e-07,2.384185791015625e-07
9800,4.76837158203125e-07,7.152557373046875e-07,2.384185791015625e-07
9801,7.152557373046875e-07,7.152557373046875e-07,0.0
9802,4.76837158203125e-07,4.76837158203125e-07,2.384185791015625e-07
9803,4.76837158203125e-07,4.76837158203125e-07,2.384185791015625e-07
9804,7.152557373046875e-07,4.76837158203125e-07,0.0
9805,4.76837158203125e-07,4.76837158203125e-07,2.384185791015625e-07
9806,4.76837158203125e-07,4.76837158203125e-07,2.384185791015625e-07
9807,4.76837158203125e-07,4.76837158203125e-07,0.0
9808,7.152557373046875e-07,4.76837158203125e-07,0.0
9809,4.76837158203125e-07,4.76837158203125e-07,2.384185791015625e-07
9810,4.76837158203125e-07,7.152557373046875e-07,2.384185791015625e-07
9811,4.76837158203125e-07,4.76837158203125e-07,0.0
9812,4.76837158203125e-07,4.76837158203125e-07,2.384185791015625e-07
9813,4.76837158203125e-07,4.76837158203125e-07,2.384185791015625e-07
9814,4.76837158203125e-07,7.152557373046875e-07,0.0
9815,7.152557373046875e-07,7.152557373046875e-07,0.0
9816,4.76837158203125e-07,7.152557373046875e-07,2.384185791015625e-07
9817,4.76837158203125e-07,4.76837158203125e-07,4.76837158203125e-07
9818,4.76837158203125e-07,4.76837158203125e-07,2.384185791015625e-07
9819,4.76837158203125e-07,7.152557373046875e-07,2.384185791015625e-07
9820,4.76837158203125e-07,4.76837158203125e-07,2.384185791015625e-07
9821,4.76837158203125e-07,7.152557373046875e-07,0.0
9822,7.152557373046875e-07,7.152557373046875e-07,2.384185791015625e-07
9823,4.76837158203125e-07,7.152557373046875e-07,2.384185791015625e-07
9824,4.76837158203125e-07,4.76837158203125e-07,0.0
9825,4.76837158203125e-07,4.76837158203125e-07,0.0
9826,4.76837158203125e-07,7.152557373046875e-07,2.384185791015625e-07
9827,4.76837158203125e-07,4.76837158203125e-07,0.0
9828,7.152557373046875e-07,4.76837158203125e-07,2.384185791015625e-07
9829,7.152557373046875e-07,7.152557373046875e-07,2.384185791015625e-07
9830,4.76837158203125e-07,4.76837158203125e-07,0.0
9831,4.76837158203125e-07,7.152557373046875e-07,2.384185791015625e-07
9832,4.76837158203125e-07,7.152557373046875e-07,2.384185791015625e-07
9833,4.76837158203125e-07,4.76837158203125e-07,2.384185791015625e-07
9834,4.76837158203125e-07,7.152557373046875e-07,2.384185791015625e-07
9835,7.152557373046875e-07,4.76837158203125e-07,0.0
9836,9.5367431640625e-07,4.76837158203125e-07,2.384185791015625e-07
9837,4.76837158203125e-07,4.76837158203125e-07,0.0
9838,4.76837158203125e-07,7.152557373046875e-07,2.384185791015625e-07
9839,4.76837158203125e-07,7.152557373046875e-07,2.384185791015625e-07
9840,4.76837158203125e-07,9.5367431640625e-07,2.384185791015625e-07
9841,4.76837158203125e-07,4.76837158203125e-07,0.0
9842,4.76837158203125e-07,4.76837158203125e-07,4.76837158203125e-07
9843,7.152557373046875e-07,4.76837158203125e-07,2.384185791015625e-07
9844,4.76837158203125e-07,4.76837158203125e-07,0.0
9845,4.76837158203125e-07,7.152557373046875e-07,2.384185791015625e-07
9846,7.152557373046875e-07,4.76837158203125e-07,2.384185791015625e-07
9847,4.76837158203125e-07,7.152557373046875e-07,2.384185791015625e-07
9848,4.76837158203125e-07,4.76837158203125e-07,2.384185791015625e-07
9849,4.76837158203125e-07,7.152557373046875e-07,2.384185791015625e-07
9850,7.152557373046875e-07,7.152557373046875e-07,0.0
9851,4.76837158203125e-07,4.76837158203125e-07,2.384185791015625e-07
9852,4.76837158203125e-07,7.152557373046875e-07,2.384185791015625e-07
9853,7.152557373046875e-07,4.76837158203125e-07,0.0
9854,7.152557373046875e-07,7.152557373046875e-07,2.384185791015625e-07
9855,4.76837158203125e-07,7.152557373046875e-07,2.384185791015625e-07
9856,4.76837158203125e-07,7.152557373046875e-07,0.0
9857,7.152557373046875e-07,4.76837158203125e-07,2.384185791015625e-07
9858,4.76837158203125e-07,7.152557373046875e-07,0.0
9859,4.76837158203125e-07,4.76837158203125e-07,2.384185791015625e-07
9860,4.76837158203125e-07,4.76837158203125e-07,2.384185791015625e-07
9861,4.76837158203125e-07,9.5367431640625e-07,0.0
9862,4.76837158203125e-07,9.5367431640625e-07,2.384185791015625e-07
9863,4.76837158203125e-07,7.152557373046875e-07,2.384185791015625e-07
9864,7.152557373046875e-07,7.152557373046875e-07,0.0
9865,4.76837158203125e-07,7.152557373046875e-07,2.384185791015625e-07
9866,4.76837158203125e-07,4.76837158203125e-07,0.0
9867,4.76837158203125e-07,4.76837158203125e-07,2.384185791015625e-07
9868,4.76837158203125e-07,4.76837158203125e-07,2.384185791015625e-07
9869,4.76837158203125e-07,4.76837158203125e-07,2.384185791015625e-07
9870,4.76837158203125e-07,4.76837158203125e-07,0.0
9871,9.5367431640625e-07,4.76837158203125e-07,2.384185791015625e-07
9872,7.152557373046875e-07,4.76837158203125e-07,2.384185791015625e-07
9873,4.76837158203125e-07,4.76837158203125e-07,0.0
9874,4.76837158203125e-07,4.76837158203125e-07,2.384185791015625e-07
9875,4.76837158203125e-07,4.76837158203125e-07,2.384185791015625e-07
9876,4.76837158203125e-07,4.76837158203125e-07,2.384185791015625e-07
9877,4.76837158203125e-07,7.152557373046875e-07,2.384185791015625e-07
9878,7.152557373046875e-07,4.76837158203125e-07,2.384185791015625e-07
9879,4.76837158203125e-07,7.152557373046875e-07,2.384185791015625e-07
9880,4.76837158203125e-07,7.152557373046875e-07,0.0
9881,4.76837158203125e-07,4.76837158203125e-07,2.384185791015625e-07
9882,4.76837158203125e-07,7.152557373046875e-07,2.384185791015625e-07
9883,4.76837158203125e-07,7.152557373046875e-07,2.384185791015625e-07
9884,4.76837158203125e-07,4.76837158203125e-07,2.384185791015625e-07
9885,7.152557373046875e-07,9.5367431640625e-07,2.384185791015625e-07
9886,4.76837158203125e-07,7.152557373046875e-07,2.384185791015625e-07
9887,7.152557373046875e-07,7.152557373046875e-07,0.0
9888,9.5367431640625e-07,7.152557373046875e-07,2.384185791015625e-07
9889,7.152557373046875e-07,4.76837158203125e-07,2.384185791015625e-07
9890,4.76837158203125e-07,4.76837158203125e-07,0.0
9891,7.152557373046875e-07,4.76837158203125e-07,2.384185791015625e-07
9892,9.5367431640625e-07,4.76837158203125e-07,2.384185791015625e-07
9893,4.76837158203125e-07,4.76837158203125e-07,0.0
9894,4.76837158203125e-07,4.76837158203125e-07,2.384185791015625e-07
9895,4.76837158203125e-07,4.76837158203125e-07,2.384185791015625e-07
9896,4.76837158203125e-07,4.76837158203125e-07,0.0
9897,7.152557373046875e-07,4.76837158203125e-07,2.384185791015625e-07
9898,4.76837158203125e-07,7.152557373046875e-07,4.76837158203125e-07
9899,9.5367431640625e-07,4.76837158203125e-07,0.0
9900,4.76837158203125e-07,7.152557373046875e-07,2.384185791015625e-07
9901,4.76837158203125e-07,4.76837158203125e-07,2.384185791015625e-07
9902,4.76837158203125e-07,7.152557373046875e-07,2.384185791015625e-07
9903,4.76837158203125e-07,4.76837158203125e-07,2.384185791015625e-07
9904,4.76837158203125e-07,7.152557373046875e-07,0.0
9905,7.152557373046875e-07,4.76837158203125e-07,2.384185791015625e-07
9906,4.76837158203125e-07,4.76837158203125e-07,2.384185791015625e-07
9907,7.152557373046875e-07,4.76837158203125e-07,0.0
9908,4.76837158203125e-07,7.152557373046875e-07,2.384185791015625e-07
9909,4.76837158203125e-07,4.76837158203125e-07,2.384185791015625e-07
9910,7.152557373046875e-07,4.76837158203125e-07,0.0
9911,4.76837158203125e-07,4.76837158203125e-07,2.384185791015625e-07
9912,4.76837158203125e-07,4.76837158203125e-07,2.384185791015625e-07
9913,4.76837158203125e-07,4.76837158203125e-07,0.0
9914,4.76837158203125e-07,7.152557373046875e-07,4.76837158203125e-07
9915,4.76837158203125e-07,7.152557373046875e-07,2.384185791015625e-07
9916,7.152557373046875e-07,7.152557373046875e-07,0.0
9917,4.76837158203125e-07,7.152557373046875e-07,0.0
9918,7.152557373046875e-07,4.76837158203125e-07,2.384185791015625e-07
9919,4.76837158203125e-07,4.76837158203125e-07,2.384185791015625e-07
9920,4.76837158203125e-07,4.76837158203125e-07,0.0
9921,4.76837158203125e-07,4.76837158203125e-07,2.384185791015625e-07
9922,4.76837158203125e-07,4.76837158203125e-07,2.384185791015625e-07
9923,7.152557373046875e-07,7.152557373046875e-07,0.0
9924,4.76837158203125e-07,7.152557373046875e-07,2.384185791015625e-07
9925,4.76837158203125e-07,4.76837158203125e-07,0.0
9926,4.76837158203125e-07,4.76837158203125e-07,2.384185791015625e-07
9927,4.76837158203125e-07,4.76837158203125e-07,2.384185791015625e-07
9928,4.76837158203125e-07,4.76837158203125e-07,0.0
9929,7.152557373046875e-07,4.76837158203125e-07,2.384185791015625e-07
9930,4.76837158203125e-07,7.152557373046875e-07,4.76837158203125e-07
9931,4.76837158203125e-07,4.76837158203125e-07,0.0
9932,4.76837158203125e-07,4.76837158203125e-07,2.384185791015625e-07
9933,4.76837158203125e-07,7.152557373046875e-07,2.384185791015625e-07
9934,4.76837158203125e-07,4.76837158203125e-07,2.384185791015625e-07
9935,4.76837158203125e-07,4.76837158203125e-07,2.384185791015625e-07
9936,4.76837158203125e-07,4.76837158203125e-07,0.0
9937,4.76837158203125e-07,9.5367431640625e-07,2.384185791015625e-07
9938,4.76837158203125e-07,7.152557373046875e-07,4.76837158203125e-07
9939,4.76837158203125e-07,9.5367431640625e-07,2.384185791015625e-07
9940,7.152557373046875e-07,7.152557373046875e-07,2.384185791015625e-07
9941,4.76837158203125e-07,7.152557373046875e-07,2.384185791015625e-07
9942,4.76837158203125e-07,4.76837158203125e-07,2.384185791015625e-07
9943,7.152557373046875e-07,4.76837158203125e-07,0.0
9944,4.76837158203125e-07,7.152557373046875e-07,2.384185791015625e-07
9945,4.76837158203125e-07,4.76837158203125e-07,2.384185791015625e-07
9946,4.76837158203125e-07,7.152557373046875e-07,0.0
9947,9.5367431640625e-07,4.76837158203125e-07,0.0
9948,7.152557373046875e-07,4.76837158203125e-07,0.0
9949,4.76837158203125e-07,4.76837158203125e-07,0.0
9950,7.152557373046875e-07,7.152557373046875e-07,2.384185791015625e-07
9951,4.76837158203125e-07,4.76837158203125e-07,2.384185791015625e-07
9952,4.76837158203125e-07,4.76837158203125e-07,0.0
9953,4.76837158203125e-07,4.76837158203125e-07,2.384185791015625e-07
9954,7.152557373046875e-07,4.76837158203125e-07,4.76837158203125e-07
9955,4.76837158203125e-07,4.76837158203125e-07,0.0
9956,4.76837158203125e-07,4.76837158203125e-07,2.384185791015625e-07
9957,4.76837158203125e-07,4.76837158203125e-07,2.384185791015625e-07
9958,4.76837158203125e-07,4.76837158203125e-07,0.0
9959,4.76837158203125e-07,7.152557373046875e-07,2.384185791015625e-07
9960,4.76837158203125e-07,4.76837158203125e-07,2.384185791015625e-07
9961,4.76837158203125e-07,4.76837158203125e-07,0.0
9962,4.76837158203125e-07,7.152557373046875e-07,4.76837158203125e-07
9963,7.152557373046875e-07,7.152557373046875e-07,2.384185791015625e-07
9964,9.5367431640625e-07,4.76837158203125e-07,0.0
9965,7.152557373046875e-07,4.76837158203125e-07,2.384185791015625e-07
9966,4.76837158203125e-07,4.76837158203125e-07,2.384185791015625e-07
9967,4.76837158203125e-07,4.76837158203125e-07,0.0
9968,7.152557373046875e-07,4.76837158203125e-07,2.384185791015625e-07
9969,4.76837158203125e-07,4.76837158203125e-07,2.384185791015625e-07
9970,4.76837158203125e-07,7.152557373046875e-07,0.0
9971,7.152557373046875e-07,4.76837158203125e-07,2.384185791015625e-07
9972,4.76837158203125e-07,7.152557373046875e-07,2.384185791015625e-07
9973,4.76837158203125e-07,7.152557373046875e-07,2.384185791015625e-07
9974,7.152557373046875e-07,4.76837158203125e-07,2.384185791015625e-07
average,5.524379567693648e-07,5.795423847093319e-07,1.8411411677386825e-07
